u,v,distance_km,delay_ms
13,16,4775.263123466467,15.928563231121935
17,23,3745.696385072448,12.494298255736801
18,39,3882.13260692428,12.949400504679408
21,23,3837.5787224115916,12.80078474292903
27,31,1009.4059703239564,3.3670158917872324
27,35,1711.8711007388104,5.710187348138059
28,29,2361.711303659907,7.877820941245652
31,35,2039.9746136403842,6.804622862261546
34,35,4523.815481982933,15.089824180910293
