id,name,kind,shell_id,plane_id,inclination_deg,raan_deg,argp_deg,true_anomaly_deg,arg_of_lat_deg,semi_major_axis_km,altitude_km,eci_x_km,eci_y_km,eci_z_km,ecef_x_km,ecef_y_km,ecef_z_km,lat_deg,lon_deg,degree
0,STARLINK-5372,satellite,0,64,42.9812,63.8029,84.7641,5.7114,90.4755,6861.1472,489.3755,-4526.476242116647,2163.586284700137,4675.028552897038,4555.751588512167,2101.2425480076918,4675.028552897038,43.1576,24.7605,11
1,STARLINK-5368,satellite,0,64,42.9858,63.7414,77.8931,30.2056,108.0987,6862.0004,488.9074,-5219.077565532884,199.10775141791845,4444.579009809955,3486.4574949030293,3888.8338442208933,4444.579009809955,40.5737,48.1228,3
2,STARLINK-4659,satellite,0,64,42.9899,63.8903,98.2562,324.3557,62.6119,6863.0222,488.0015,-2611.3380690582703,4793.2764351610995,4152.2740864951265,5356.122757526773,-1051.9194365955361,4152.2740864951265,37.4329,-11.1112,13
3,STARLINK-5387,satellite,0,64,43.0064,63.9492,73.2129,325.5026,38.7155,6864.0832,482.9226,-467.9756983156632,6184.173354951134,2925.3285586656325,5057.503206506732,-3589.5212291440366,2925.3285586656325,25.3909,-35.3649,3
4,STARLINK-5304,satellite,0,64,43.0201,64.0015,43.3686,325.4676,8.8362,6869.8991,484.7798,2279.8071540147694,6432.8526563460355,719.2178666686012,3493.9425679605997,-5862.719444894839,719.2178666686012,6.0531,-59.2068,9
5,STARLINK-5082,satellite,0,64,43.014,63.6303,117.1771,35.0885,152.2656,6868.1677,485.1949,-4789.1106061094215,-4404.031077793961,2178.1994316659807,-330.18989842289176,6497.849241303176,2178.1994316659807,18.6178,92.909,4
6,STARLINK-5360,satellite,0,64,42.9872,63.7351,77.7003,32.9033,110.6036,6862.2404,488.6204,-5278.95354097922,-86.18465787318131,4376.951504708732,3305.17027090209,4117.114009037734,4376.951504708732,39.8352,51.2429,4
7,STARLINK-5432,satellite,0,74,43.0157,52.6904,53.3088,326.8554,20.1642,6878.4994,494.1499,2532.0279860772944,6179.80234915739,1615.8222362715956,3138.139517857918,-5895.1847437877905,1615.8222362715956,13.683,-61.9726,8
8,STARLINK-5087,satellite,0,74,43.0014,52.3677,96.9995,37.5261,134.5256,6865.5469,486.5423,-5769.493976264633,-1625.5432224639778,3335.377053145829,2433.9498191635817,5477.713007090279,3335.377053145829,29.2455,66.0427,5
9,STARLINK-5084,satellite,0,74,43.0163,52.3175,126.3475,33.655,160.0024,6869.0343,484.551,-5299.252537772532,-4054.1090190458585,1600.8015635723036,264.8798537776115,6666.912033352499,1600.8015635723036,13.5729,87.7248,4
10,STARLINK-5418,satellite,0,74,43.0184,52.2686,160.0302,33.5573,193.5875,6869.6461,486.649,-3150.590191110702,-5998.425268601164,-1100.1759049884918,-2603.518106793833,6255.319154360756,-1100.1759049884918,-9.2797,112.5975,3
11,STARLINK-5427,satellite,0,74,42.9848,52.561,100.5967,332.1549,72.7517,6869.8894,496.7381,-2570.9809233496726,4532.408015566494,4470.607440517163,5129.613921440061,-916.3658356615324,4470.607440517163,40.8043,-10.1286,15
12,STARLINK-5416,satellite,0,74,42.9921,52.4291,81.301,31.0513,112.3523,6871.7662,497.935,-5274.754359944886,762.6976710729526,4331.097951678886,3955.689849560329,3571.730548250116,4331.097951678886,39.2738,42.08,5
13,STARLINK-5078,satellite,0,74,43.0202,52.6867,56.056,324.849,20.905,6869.0276,485.0955,2461.9901407264156,6183.408635408395,1670.4947968042563,3185.645286359012,-5843.594947887455,1670.4947968042563,14.1745,-61.4029,6
14,STARLINK-5407,satellite,0,74,43.0207,52.2867,146.8267,31.8668,178.6935,6870.1591,484.965,-4287.64778379017,-5357.870441393422,106.76369825394256,-1384.4213610509237,6721.166318405163,106.76369825394256,0.8969,101.639,4
15,STARLINK-5409,satellite,0,74,42.9865,52.5655,103.8403,324.5466,68.3869,6876.3716,503.035,-2172.581702945,4851.127552250478,4356.429300975478,5120.419511094183,-1426.4830228857,4356.429300975478,39.5125,-15.5672,14
16,STARLINK-5406,satellite,0,74,43.0108,52.6624,64.1527,325.9697,30.1224,6870.7387,488.5996,1598.2661690207235,6248.310224818756,2349.8268537976123,3787.217137266016,-5220.423523796646,2349.8268537976123,20.1341,-54.0406,8
17,STARLINK-5400,satellite,0,74,42.991,52.1719,85.1346,154.1744,239.3091,6867.745,499.5214,1262.7195658966364,-5420.060717157997,-4028.557856752431,-4977.106547803234,2489.9657209671814,-4028.557856752431,-36.0698,153.4219,18
18,STARLINK-5403,satellite,0,74,42.9807,52.5079,82.5763,10.0977,92.6739,6866.116,494.6025,-4174.149675966193,2798.5070627459386,4673.630633222414,4819.29404148858,1424.630562384594,4673.630633222414,43.1007,16.4682,16
19,STARLINK-5405,satellite,0,74,42.9961,52.6139,91.5896,320.2525,51.8421,6878.5774,501.6356,-562.4166119179226,5774.521410528789,3685.7860978665594,4802.598747686842,-3255.2196907019047,3685.7860978665594,32.5886,-34.1296,4
20,STARLINK-5359,satellite,1,100,42.9946,53.0266,82.9453,153.58,236.5253,6877.6623,508.3145,1070.9859798872644,-5555.866109563252,-3913.184607023935,-4959.152920521026,2724.235949288601,-3913.184607023935,-34.8347,151.2185,14
21,STARLINK-5411,satellite,0,74,42.9936,52.6043,96.7174,320.1611,56.8786,6863.9209,488.1024,-1061.981314530998,5529.489050100006,3917.417387309482,4933.105219375047,-2714.318765761221,3917.417387309482,34.9958,-28.8207,4
22,STARLINK-5398,satellite,0,74,43.0123,52.3334,110.4539,36.1255,146.5794,6867.4708,485.447,-5686.185822428389,-2844.3451095566297,2577.6316633879314,1442.8950661058643,6192.0159994667065,2577.6316633879314,22.1935,76.8827,3
23,STARLINK-5379,satellite,0,74,42.981,52.5019,92.9059,353.1179,86.0239,6867.3224,495.7242,-3684.628504864868,3427.0253725602206,4668.27120995575,4990.288371247794,646.5385485980421,4668.27120995575,43.0307,7.3821,20
24,STARLINK-5401,satellite,0,74,42.9826,52.111,84.196,173.2042,257.4001,6861.6254,497.5189,2948.8644012280215,-4192.574215351093,-4568.450519738839,-5109.458535127427,408.5502244158102,-4568.450519738839,-41.8871,175.4284,9
25,STARLINK-5397,satellite,1,100,42.991,53.0102,78.0889,164.2361,242.325,6877.736,510.2254,1637.285848421224,-5234.24614003222,-4154.974936943551,-5073.347924558266,2083.069475620758,-4154.974936943551,-37.3194,157.6774,17
26,STARLINK-5491,satellite,1,99,43.0207,220.0584,25.7718,330.859,356.6308,6886.4181,501.8435,-5446.973701117829,-4193.8093045313335,-275.8578086239489,251.72718607112512,6869.8029380205335,-275.8578086239489,-2.3123,87.9015,2
27,STARLINK-5655,satellite,0,66,42.9879,219.6749,77.7784,38.7232,116.5015,6873.8902,499.7491,5230.64843387825,-1504.3422779214422,4191.99356296613,-4498.2046263153,-3064.12856580309,4191.99356296613,37.7764,-145.7377,4
28,STARLINK-5653,satellite,1,99,43.0015,220.1192,27.1933,289.0959,316.2892,6877.6116,503.759,-6040.908487692848,-545.5175326941844,-3241.1023073209403,3438.355624999917,4996.786500460838,-3241.1023073209403,-28.2664,55.4676,2
29,STARLINK-5547,satellite,0,94,42.9942,231.0367,88.7538,38.2567,127.0105,6864.3491,487.4269,5711.39529433338,691.3016538793058,3735.067191903195,-3115.728198158048,-4836.338695748318,3735.067191903195,33.1563,-122.791,65
30,STARLINK-5608,satellite,0,94,43.0176,230.9585,133.3021,31.7194,165.0215,6869.5078,484.7536,5182.706944039272,4331.927060642078,1209.982891456049,23.3304161119255,-6754.664981936561,1209.982891456049,10.218,-89.8021,13
31,STARLINK-5665,satellite,1,99,43.007,219.6925,112.2267,33.6279,145.8546,6882.6751,500.9889,6181.388274633517,1462.724745253056,2632.4828521311447,-2822.2989205850413,-5690.6724984852935,2632.4828521311447,22.6369,-116.3792,29
32,STARLINK-5574,satellite,0,66,42.9817,219.3838,94.8223,187.9035,282.7258,6870.6833,506.0308,-4283.274250074368,2830.8424326621875,-4571.783754124439,4913.869746618642,1487.9486863386614,-4571.783754124439,-41.8608,16.8466,4
33,STARLINK-5654,satellite,0,66,42.9899,219.3269,89.2143,211.0379,300.2521,6867.6193,499.051,-5428.146902066769,1164.3243027179462,-4046.3554818179696,4362.701752724122,3433.258406979376,-4046.3554818179696,-36.2569,38.2012,4
34,STARLINK-5635,satellite,0,66,43.0116,220.0113,65.1509,324.2386,29.3895,6881.1272,498.4876,-3001.531155377887,-5740.220490900613,2301.208219913837,-2500.03257042519,5975.713991455131,2301.208219913837,19.6707,112.7028,5
35,STARLINK-5625,satellite,1,99,43.003,219.5698,170.9848,49.8706,220.8554,6878.1007,503.167,1913.8577899763088,5849.504752072933,-3068.2256168432828,3278.78503866492,-5208.562772493377,-3068.2256168432828,-26.64,-57.8096,12
36,STARLINK-5586,satellite,0,66,42.9958,219.7252,86.5473,40.756,127.3033,6871.1018,494.6638,5753.67575126041,-412.96674190485976,3724.6923928846736,-3992.448257106319,-4163.614186604022,3724.6923928846736,33.0132,-133.7977,28
37,STARLINK-5689,satellite,0,41,43.0078,271.1971,76.5644,324.7652,41.3296,6875.2816,495.1975,3424.18899020845,-5087.643536211139,3094.138630735255,-6101.77378426084,614.4458299336816,3094.138630735255,26.9165,174.2497,4
38,STARLINK-5690,satellite,0,41,42.9929,270.4283,93.9701,211.4948,305.4649,6864.2464,494.3488,-4060.346335394141,-4014.0664453771,-3813.267592488807,-495.5552565669173,5688.019583206432,-3813.267592488807,-33.903,94.9792,4
39,STARLINK-5694,satellite,0,41,43.0124,270.8033,171.6172,32.6476,204.2648,6869.3672,489.3207,-2150.662938330398,6229.680460499512,-1924.7151036310786,6167.1952823198935,-2323.783996839767,-1924.7151036310786,-16.3766,-20.6463,4
40,STARLINK-5692,satellite,0,41,43.0072,270.4649,8.7429,317.3474,326.0903,6867.3289,490.2394,-2754.454547738779,-5720.146505130841,-2612.432814715351,-2642.385379388637,5772.771899400893,-2612.432814715351,-22.4925,114.5951,8
41,STARLINK-5696,satellite,0,41,42.9987,271.1819,86.5355,319.4185,45.954,6875.9644,497.6564,3709.6131710932505,-4701.197805843548,3367.9612214911713,-5986.700652158534,148.00672370301274,3367.9612214911713,29.5062,178.5838,4
42,STARLINK-5695,satellite,0,41,43.0048,270.8965,106.9337,36.1159,143.0496,6873.5626,492.8738,2932.66444410186,5534.691159301866,2815.650458996243,2385.8638433068654,-5791.457561940215,2815.650458996243,24.3388,-67.6102,30
43,STARLINK-5704,satellite,0,41,42.9885,271.0893,100.0097,322.8042,62.8138,6863.0296,488.5492,4521.649046612994,-3048.260714315873,4160.034661157904,-5233.411527977014,-1532.516643307671,4160.034661157904,37.5112,-163.6782,5
44,STARLINK-5701,satellite,0,41,43.0016,270.9081,100.7385,37.6894,138.4279,6868.6466,489.2569,3248.7266000374916,5186.493862582779,3105.929914802469,1916.0734166767932,-5812.280599756391,3105.929914802469,27.0526,-71.7547,53
45,STARLINK-5706,satellite,0,41,43.0161,270.8504,132.7099,32.2244,164.9343,6878.3226,493.7102,1207.2414585956394,6653.648423655481,1218.4142150867244,4348.852612116415,-5178.411942193613,1218.4142150867244,10.2764,-49.9763,5
46,STARLINK-5371,satellite,0,41,43.0151,270.8124,165.7126,31.9194,197.632,6873.7262,492.0719,-1614.043956380944,6524.353453184433,-1419.4521051599572,6051.221180407681,-2924.9013831230213,-1419.4521051599572,-11.9978,-25.7971,8
47,STARLINK-5373,satellite,0,41,43.0087,270.4513,11.0426,314.2709,325.3135,6867.173,490.3942,-2812.3985317138486,-5667.509080109191,-2664.9671240244547,-2564.874867056929,5783.741141393349,-2664.9671240244547,-22.9694,113.9155,8
48,STARLINK-5013,satellite,0,41,43.0002,270.8998,99.4815,37.2295,136.711,6866.2447,486.9487,3361.4566512518318,5047.115343488305,3208.1493055251553,1736.8270149768855,-5810.008264087645,3208.1493055251553,28.0288,-73.3566,58
49,STARLINK-5362,satellite,0,41,43.0192,270.4154,20.8514,330.814,351.6654,6870.0987,486.0838,-678.1792317769282,-6796.612456150194,-678.8040647506348,-4796.7552029805875,4862.613234896251,-678.8040647506348,-5.7107,134.6094,4
50,STARLINK-5344,satellite,0,41,43.0182,270.8123,159.0142,32.4513,191.4655,6879.6955,496.4671,-1094.4660464995459,6722.1901332719335,-932.2306653710941,5871.616628756918,-3451.0598777338137,-932.2306653710941,-7.8422,-30.445,8
51,STARLINK-5363,satellite,0,41,42.9829,271.0867,103.5516,331.6049,75.1565,6862.487,490.6404,4883.088733052254,-1664.943415922703,4520.583663283154,-4399.81009386484,-2694.1164212059,4520.583663283154,41.403,-148.5198,4
52,STARLINK-5365,satellite,0,41,43.0096,270.8636,114.2627,37.0116,151.2744,6881.8614,499.6717,2325.2124506657046,6065.076612999413,2254.0510436281065,3181.945933276395,-5662.772054390769,2254.0510436281065,19.2484,-60.6681,8
53,STARLINK-5366,satellite,0,41,42.9805,270.5813,99.4594,178.3223,277.7817,6867.12,503.5559,-4971.397247092505,-980.9377875994451,-4641.782153633699,2420.2462270805145,4451.902709161776,-4641.782153633699,-42.6685,61.4696,4
54,STARLINK-5141,satellite,0,41,43.0098,270.8827,108.3696,36.3609,144.7305,6879.844,498.6767,2815.412204235715,5655.866359773,2707.2871963942866,2553.991248817081,-5778.62430517308,2707.2871963942866,23.3253,-66.1559,21
55,STARLINK-5367,satellite,0,41,42.991,270.9213,81.1581,41.7268,122.8849,6879.2966,503.9749,4162.472374994738,3800.2699752354624,3936.8105433354713,265.81784635923987,-5630.059416189798,3936.8105433354713,35.1007,-87.2968,104
56,STARLINK-5737,satellite,0,3,43.0199,296.5356,25.2225,328.524,353.7466,6867.6048,483.5872,2558.329934658156,-6346.381494448876,-509.9217282715086,-6517.357910571257,2084.6237054119383,-509.9217282715086,-4.2885,162.2628,4
57,STARLINK-5751,satellite,0,41,43.0191,270.549,18.372,330.2847,348.6567,6869.8931,486.609,-922.5920874938543,-6739.420807788145,-921.1181757976358,-4596.648964987147,5014.158680879243,-921.1181757976358,-7.7594,132.5125,4
58,STARLINK-5752,satellite,0,3,43.0269,296.4557,35.3176,326.8438,2.1614,6877.8912,492.7749,3228.4389621999194,-6062.602811221843,176.8155995025653,-6726.970560088747,1387.7456766226144,176.8155995025653,1.4838,168.3436,4
59,STARLINK-5754,satellite,0,3,43.008,296.4473,79.7877,323.5023,43.29,6863.459,483.9011,5301.5915956914205,-2937.6579054109334,3207.2497738047628,-5646.427191634416,-2203.3082821749513,3207.2497738047628,28.0339,-158.6836,9
60,STARLINK-5757,satellite,0,41,42.9856,270.7807,81.4338,177.5497,258.9834,6861.611,497.7274,-4947.698780233873,1244.7959846305964,-4595.249385709456,4117.777565504928,3012.1666926490825,-4595.249385709456,-42.1868,36.1856,4
61,STARLINK-5742,satellite,0,3,43.0081,296.039,166.079,48.0832,214.1622,6867.2791,490.4334,-5026.752984509663,3866.6261158132666,-2629.631206187226,6185.723387774103,1398.5239564306592,-2629.631206187226,-22.6479,12.7398,4
62,STARLINK-5736,satellite,0,3,42.9871,296.8224,81.8001,161.4819,243.282,6872.8327,505.7032,-5404.2776478481055,731.5521898058498,-4187.6503008240825,4014.446013589008,3691.2882176036737,-4187.6503008240825,-37.6921,42.5986,4
63,STARLINK-5767,satellite,0,3,42.9862,296.309,91.8342,358.8973,90.7315,6867.3271,495.7338,4461.766863349813,2303.768155422208,4679.584019062172,-1076.865711060143,-4904.596976018193,4679.584019062172,43.16,-102.3835,116
64,STARLINK-5727,satellite,0,3,42.9824,296.3025,103.5647,328.9004,72.465,6862.0277,489.3368,5204.520587485047,267.5136514668479,4458.612174017762,-3118.102699337868,-4175.647692952402,4458.612174017762,40.7253,-126.75,62
65,STARLINK-5728,satellite,0,3,43.0082,296.1432,111.4101,37.7061,149.1163,6871.2879,489.358,-282.76045154969046,6424.126810310132,2403.536166693174,5123.852898912283,-3885.2915229380415,2403.536166693174,20.6122,-37.1721,4
66,STARLINK-5697,satellite,0,3,42.9883,296.3932,98.0989,325.2243,63.3232,6863.013,488.458,5384.513439446384,-765.4418055117756,4178.752818585775,-4027.900806571625,-3654.4358291839667,4178.752818585775,37.7095,-137.7832,29
67,STARLINK-5762,satellite,0,3,43.0103,296.1361,116.4985,35.865,152.3635,6873.3684,490.485,-588.7329004379988,6487.023664697378,2172.638643721076,5367.665219625422,-3690.0206699184655,2172.638643721076,18.5536,-34.5067,4
68,STARLINK-5760,satellite,0,3,42.986,296.3004,79.4613,13.4805,92.9418,6866.7803,494.9872,4338.850683999923,2537.3324471601136,4673.2885970082125,-818.6393216820035,-4959.184496109633,4673.2885970082125,43.0938,-99.3736,105
69,STARLINK-5759,satellite,0,3,43.0174,296.1125,132.9687,33.6442,166.6129,6869.6596,484.6982,-1895.178169993985,6505.733156158097,1083.9219329042066,6216.444013766304,-2696.6809264103936,1083.9219329042066,9.144,-23.4511,4
70,STARLINK-5703,satellite,0,3,42.9927,295.9784,74.8819,164.277,239.1589,6863.4969,495.0686,-5417.9554169652065,1275.4681993845368,-4019.811099255561,4441.716258994228,3354.4323964644414,-4019.811099255561,-36.0065,37.0605,4
71,STARLINK-5750,satellite,0,3,43.0129,296.0607,166.4805,37.2154,203.6959,6868.673,488.6712,-4574.03564341849,4760.971118884202,-1882.0849281898254,6584.772484529081,478.97744111909,-1882.0849281898254,-16.0058,4.1604,4
72,STARLINK-5729,satellite,0,3,43.0022,296.1628,101.8597,36.1203,137.98,6866.1736,486.3768,767.0931828729739,6054.996291189118,3131.8913810199647,4169.307042657626,-4457.386097430834,3131.8913810199647,27.3096,-46.9126,4
73,STARLINK-5743,satellite,1,98,43.0149,284.8046,171.9009,32.783,204.684,6879.0046,498.8768,-3625.927245153806,5503.225989318778,-1958.6997634689938,6550.401231780534,-724.6298222888581,-1958.6997634689938,-16.65,-6.3126,1
74,STARLINK-5744,satellite,0,3,43.0199,296.4936,51.6072,326.1185,17.7257,6882.2222,497.9663,4291.07241731936,-5178.345581664551,1428.1063139013104,-6725.216512456338,5.321128489762029,1428.1063139013104,12.0614,179.9547,4
75,STARLINK-5748,satellite,0,41,43.0193,270.5241,42.7439,328.3115,11.0553,6876.2509,491.4348,1024.678715949897,-6732.637280014685,898.6625115607658,-5835.084748737553,3511.4323559218196,898.6625115607658,7.5637,148.9613,5
76,STARLINK-5714,satellite,0,41,42.9849,270.3504,100.233,329.4208,69.6538,6862.5729,489.2862,4718.796800121585,-2355.8854342805485,4384.5165274536785,-4826.551322180005,-2126.415235709011,4384.5165274536785,39.913,-156.2233,4
77,STARLINK-5948,satellite,0,39,43.0236,347.2439,22.5135,327.953,350.4665,6869.8566,486.4265,6418.889221559849,-2305.344963881968,-775.7010298666497,-5873.45241281963,-3466.887796784951,-775.7010298666497,-6.5288,-149.4482,4
78,STARLINK-5940,satellite,0,79,42.9996,335.8512,83.2995,322.7252,46.0247,6875.6543,497.0097,5831.939589354856,1347.8310364837919,3371.710023176805,-2687.5268181155093,-5348.398590111192,3371.710023176805,29.5453,-116.6792,64
79,STARLINK-5939,satellite,1,101,43.0213,335.9116,48.9572,325.0383,13.9955,6883.4467,498.949,6587.564994078932,-1613.3266977494245,1134.651238098552,-5448.682838128944,-4038.649639961893,1134.651238098552,9.5557,-143.4536,4
80,STARLINK-5774,satellite,1,101,42.9964,336.0106,83.204,225.4635,308.6676,6880.7337,509.8875,2330.606756992326,-5338.725092613017,-3664.3433359888045,-5596.5432890877255,1616.2972138815624,-3664.3433359888045,-32.3325,163.8911,13
81,STARLINK-5758,satellite,0,26,42.9792,321.8245,98.1129,344.0984,82.2113,6864.6354,493.0271,3804.9573881272154,3335.039445404992,4634.4792459936825,136.163008630445,-5057.830410655523,4634.4792459936825,42.6666,-88.4579,106
82,STARLINK-5795,satellite,0,26,43.014,321.961,66.9929,325.1668,32.1597,6875.5903,493.4388,6227.01065687646,-1477.637815244577,2494.109788212617,-5113.998614605527,-3847.8686832721464,2494.109788212617,21.4124,-143.0415,9
83,STARLINK-5798,satellite,0,26,42.9978,322.0894,79.1352,233.2236,312.3589,6875.3146,503.3159,1371.8997751929503,-5778.467182976977,-3465.059407584268,-5322.624308156576,2634.855300037759,-3465.059407584268,-30.4162,153.6632,16
84,STARLINK-6076,satellite,0,78,42.9939,91.5891,87.9888,36.7819,124.7707,6866.8565,490.73,-4012.825935354285,-4026.2561765806013,3843.878115069859,-535.2847233626356,5659.238557601192,3843.878115069859,34.2327,95.4033,4
85,STARLINK-6101,satellite,0,52,42.9885,89.4808,98.9049,194.5769,293.4818,6862.6073,496.8333,4631.484618689242,2694.1871840826198,-4294.260573881073,-884.8374323656412,-5284.539438240067,-4294.260573881073,-38.8848,-99.5054,4
86,STARLINK-6107,satellite,0,84,42.9956,78.1771,95.5975,212.4173,308.0149,6873.4102,502.9806,4745.0586703596655,3332.5259425497347,-3693.681035688158,-466.18179107362823,-5779.618108542623,-3693.681035688158,-32.6597,-94.6115,4
87,STARLINK-6091,satellite,0,84,42.9813,78.2683,98.12,180.2244,278.3444,6868.5738,505.2138,5074.221244776821,-34.94965352516597,-4636.527399292944,-3267.625646212643,-3882.211400148034,-4636.527399292944,-42.5962,-130.087,4
88,STARLINK-6079,satellite,0,84,43.0024,78.4384,134.2234,87.9951,222.2185,6873.6093,499.9183,2289.029639105401,-5664.162191929988,-3150.121715871684,-5820.40807130928,1856.135746283099,-3150.121715871684,-27.4228,162.3124,13
89,STARLINK-6092,satellite,0,84,43.0111,78.128,12.5577,317.5052,330.0629,6867.9866,489.7792,3675.655596640847,5306.735762752175,-2337.1376810608817,1735.932624093815,-6217.590083416311,-2337.1376810608817,-20.0172,-74.4004,8
90,STARLINK-6094,satellite,0,52,42.9975,89.678,93.3736,138.9793,232.3529,6861.9827,491.4048,3950.90806320296,-4214.343138533555,-3705.9869438175706,-5766.180564730591,-348.6033678985701,-3705.9869438175706,-32.8444,-176.5403,9
91,STARLINK-6115,satellite,0,84,43.0116,78.543,118.7115,34.2198,152.9314,6868.5094,485.8312,-3451.4652525786796,-5534.976768114672,2130.0420580573,-2054.743192108105,6190.848942415938,2130.0420580573,18.1901,108.361,5
92,STARLINK-6126,satellite,0,84,43.0226,78.0679,45.5585,326.6567,12.2152,6869.6531,484.7864,348.1164777002737,6781.662717349341,990.6763263244402,4996.051466377771,-4599.0873050244445,990.6763263244402,8.3515,-42.6309,5
93,STARLINK-6119,satellite,0,84,43.0242,78.5064,148.8138,32.8352,181.6491,6881.7011,496.9814,-1227.6213260642755,-6763.272969021578,-134.993585797429,-4420.191028594485,5264.107392943138,-134.993585797429,-1.1321,130.0197,4
94,STARLINK-6124,satellite,0,84,42.9899,77.9622,93.7674,326.8075,60.5749,6868.3567,493.2656,-3573.6001606236205,4209.975273280162,4076.4879341687283,5521.845843521231,61.06054394492616,4076.4879341687283,36.6056,0.6336,17
95,STARLINK-6122,satellite,0,84,42.9835,78.3489,78.4823,175.1072,253.5895,6861.9003,497.5015,4327.487407981042,-2873.034148200231,-4490.75785564659,-4974.573040238752,-1495.023595228145,-4490.75785564659,-41.0215,-163.2727,2
96,STARLINK-6121,satellite,1,103,43.0216,26.633,131.2221,33.6321,164.8542,6884.5065,499.4714,-6522.587750509814,-1801.4286698265157,1225.8928583488848,2779.5841318141643,6169.53874043599,1225.8928583488848,10.3313,65.7468,3
97,STARLINK-6117,satellite,0,84,43.0257,78.0951,22.0418,327.9426,349.9845,6878.1622,494.6042,2251.060619070062,6441.898195316364,-815.5287511687762,3519.262400033852,-5846.3765213383485,-815.5287511687762,-6.8574,-58.9539,5
98,STARLINK-6120,satellite,0,84,42.9815,78.2585,95.143,182.9744,278.1174,6861.5181,497.9537,5066.140984581765,-62.71644551927396,-4634.296406089174,-3283.831163856394,-3858.2600632258095,-4634.296406089174,-42.6266,-130.4017,4
99,STARLINK-6071,satellite,0,84,43.0218,77.643,152.4109,34.4761,186.8869,6869.9598,485.9379,-870.5066473173232,-6785.30967181497,-561.5530892585444,-4665.224914383143,5003.387418906137,-561.5530892585444,-4.722,132.9969,4
100,STARLINK-5566,satellite,0,84,42.9982,77.7534,88.2544,36.0864,124.3408,6872.4794,496.1135,-4874.592004293503,-2906.162540473038,3867.0947578469745,876.9901813164677,5606.988152461655,3867.0947578469745,34.4371,81.1104,4
101,STARLINK-5564,satellite,0,84,42.9851,77.8008,79.7962,28.8449,108.6411,6862.143,488.8773,-5109.5735675376445,-1138.0955592425573,4430.581929046534,2387.564335026246,4658.598511372028,4430.581929046534,40.42,62.8645,4
102,STARLINK-5489,satellite,0,84,43.0059,78.0154,72.9658,325.077,38.0428,6873.1545,492.5229,-1904.157531413126,5932.715853977905,2886.3363082216542,5781.251124787639,-2323.8047983038014,2886.3363082216542,24.9918,-21.8979,4
103,STARLINK-5090,satellite,0,84,43.0099,78.0201,69.6149,322.048,31.6629,6879.7153,498.0577,-1366.4962664099844,6270.549637436263,2461.117906358416,5697.822894287549,-2953.2895332149756,2461.117906358416,21.1008,-27.3986,4
104,STARLINK-4774,satellite,0,84,42.9835,78.3356,82.6864,171.6478,254.3341,6870.6917,506.1248,4367.249851820009,-2797.1758104810688,-4513.188438619119,-4941.596175552893,-1574.0683024326888,-4513.188438619119,-41.2072,-162.3315,4
105,STARLINK-5375,satellite,1,107,42.9963,78.402,83.6517,147.8855,231.5373,6880.2019,509.9594,3000.206072050434,-4985.593591104207,-3674.8139077124533,-5752.464511808083,875.5181156413765,-3674.8139077124533,-32.4356,171.3461,10
106,STARLINK-5377,satellite,0,84,42.9861,77.9327,101.0353,325.7628,66.7982,6874.3902,500.6335,-3951.3763486687217,3612.6239754629773,4305.492810432532,5303.46631563391,733.2612602919659,4305.492810432532,38.9798,7.8719,16
107,STARLINK-5376,satellite,0,84,43.0162,77.6228,162.2627,35.5085,197.7712,6874.6,492.8195,95.20297780729229,-6718.773426218523,-1430.4779807778511,-5230.7922079289865,4217.794783688861,-1430.4779807778511,-12.091,141.1194,6
108,STARLINK-5374,satellite,0,84,42.9941,77.9676,92.0233,323.1043,55.1276,6864.1651,487.5208,-3207.9782801481,4693.46942352222,3837.3589781450028,5660.376649631515,-529.070940183128,3837.3589781450028,34.185,-5.3399,12
109,STARLINK-5111,satellite,0,84,42.9808,77.8275,77.0169,20.1457,97.1626,6871.9922,500.4905,-5054.384015044463,214.11291478135237,4646.291660396118,3392.8195629796587,3752.5214889292333,4646.291660396118,42.7433,47.8819,5
110,STARLINK-30107,satellite,0,93,42.9967,122.4351,83.4962,150.1689,233.6651,6861.8059,492.1457,5594.4069492233075,-1263.401096394603,-3770.71505947335,-4545.124404508333,-3497.9158925611528,-3770.71505947335,-33.4874,-142.4182,4
111,STARLINK-30106,satellite,0,25,42.9979,139.9127,86.2626,322.9684,49.231,6864.9043,486.8607,-5873.5060561534465,-22.404489227936654,3542.748145554714,3733.968556434139,4533.8784911342655,3542.748145554714,31.2555,50.5261,5
112,STARLINK-30095,satellite,0,33,43.02,114.2847,139.7774,33.2878,173.0653,6867.4832,482.7768,2248.9594733804806,-6457.005829421374,565.1499258420984,-6404.897190748239,2393.3313539990086,565.1499258420984,4.7545,159.5107,4
113,STARLINK-30103,satellite,0,25,43.0162,140.0146,22.2563,325.9426,348.1989,6869.7228,486.371,-4488.596346903242,5104.0241263044445,-957.6897542296873,6794.179146948293,194.13697871330848,-957.6897542296873,-8.0697,1.6367,5
114,STARLINK-30113,satellite,0,25,42.9983,139.9149,80.224,324.2782,44.5022,6865.6778,485.5125,-6006.787635755395,459.8254058599424,3278.636337962892,4190.159201590124,4328.452722424927,3278.636337962892,28.7067,45.9301,5
115,STARLINK-30098,satellite,0,25,43.0136,140.025,7.136,326.7803,333.9163,6868.285,488.2277,-3306.815147003147,5652.103460912424,-2058.9166708128755,6461.154040280796,-1065.264482215944,-2058.9166708128755,-17.5565,-9.3623,4
116,STARLINK-30049,satellite,0,25,43.0217,140.3607,145.3277,30.5014,175.8291,6867.5947,482.3188,5036.318720440282,-4645.93644027224,340.43504905854655,-6791.499599428028,-908.1656522219253,340.43504905854655,2.8622,-172.3835,4
117,STARLINK-30083,satellite,0,33,43.0188,114.6911,24.0132,326.8851,350.8983,6869.8553,486.0166,-2109.8568833859863,6489.4485187014525,-740.7643368178985,6341.021233375037,-2521.0886265926138,-740.7643368178985,-6.234,-21.682,6
118,STARLINK-30089,satellite,0,6,43.0187,100.383,133.3956,36.1467,169.5423,6867.2682,482.2095,320.3545933236412,-6799.674234451374,849.4923659483968,-5436.840768710631,4096.212789371595,849.4923659483968,7.1574,143.005,5
119,STARLINK-30086,satellite,0,25,42.9941,140.0169,84.2829,221.4238,305.7067,6864.1289,494.0038,-450.15621946576465,5699.168550420626,-3801.68307043994,4672.919027472884,-3293.4769698161126,-3801.68307043994,-33.7883,-35.1762,9
120,STARLINK-30109,satellite,0,25,43.0202,139.9425,20.71,324.9308,345.6408,6867.8827,485.1152,-4287.78439978059,5230.90993414343,-1161.1529040380078,6763.564000861953,-41.42226896815026,-1161.1529040380078,-9.8011,-0.3509,5
121,STARLINK-30108,satellite,1,104,43.0123,128.6793,7.5258,326.5663,334.092,6881.3428,501.4157,-2150.9351187927177,6202.693446007547,-2049.8962691201405,6146.603036231326,-2306.3388704595577,-2049.8962691201405,-17.4424,-20.5672,0
122,STARLINK-30104,satellite,0,25,42.9845,140.1945,91.567,182.8093,274.3763,6861.1766,497.764,2803.60821458308,4182.73344603428,-4667.589808334571,1427.9777048512342,-4828.701458559985,-4667.589808334571,-43.007,-73.5256,12
123,STARLINK-30101,satellite,0,25,42.9832,139.7443,78.9477,19.7872,98.7349,6858.8384,487.2075,-2408.71618968414,-4455.853487745534,4619.830647181767,-1890.3433325625124,4699.270802128451,4619.830647181767,42.545,111.9131,4
124,STARLINK-30111,satellite,0,25,42.9805,139.7239,93.1508,352.1107,85.2615,6861.2735,489.5321,-3664.5036214125785,-3448.379726877488,4659.307564564315,-313.0795942641066,5022.140051784795,4659.307564564315,42.9765,93.5672,3
125,STARLINK-30099,satellite,0,25,43.0178,139.8885,45.4021,328.4017,13.8039,6867.1671,482.0695,-5865.659843841812,3376.6649762826614,1116.5990789751074,6344.487347319114,2356.970951331394,1116.5990789751074,9.4258,20.38,5
126,STARLINK-30094,satellite,0,25,42.9792,139.67,86.7786,7.516,94.2946,6861.0632,489.3644,-2846.3695155650494,-4146.236645314044,4661.920216365564,-1372.5838092335969,4838.296334941966,4661.920216365564,43.0077,105.8382,4
127,STARLINK-30112,satellite,0,25,42.989,139.808,93.2412,324.649,57.8902,6863.6784,487.4914,-5527.189450795911,-893.4125060873147,3961.142401577252,2842.5611073529226,4823.676552380699,3961.142401577252,35.4474,59.4894,5
128,STARLINK-6156,satellite,0,28,43.0015,129.4472,99.319,39.5932,138.9121,6869.994,490.3569,739.3977301212783,-6091.296585829128,3076.74959175055,-5159.384025423449,3321.349059952508,3076.74959175055,26.7738,147.2286,7
129,STARLINK-6158,satellite,0,28,43.0217,128.9375,41.1133,329.5477,10.6611,6869.7856,484.9304,-4960.568788821659,4662.556028067552,866.213322676784,6755.909204233229,839.2629192674904,866.213322676784,7.2961,7.0814,5
130,STARLINK-6188,satellite,0,28,43.0089,128.5758,109.619,37.5732,147.1922,6867.4417,485.6817,1470.5633978563044,-6203.191413898643,2535.669409589504,-5712.455948107691,2830.1921251939034,2535.669409589504,21.813,153.6442,5
131,STARLINK-6189,satellite,0,28,42.9983,129.2962,100.9405,126.0059,226.9465,6868.935,496.9474,5811.438727305444,-1304.2005403521277,-3423.4170248819564,-4715.1297393280365,-3638.861177894071,-3423.4170248819564,-30.0442,-142.3411,4
132,STARLINK-6191,satellite,0,28,43.0031,128.5889,99.8968,38.6112,138.508,6866.1665,486.3451,607.0519142033617,-6089.632917064162,3099.811311693375,-5073.579089597496,3422.1245320309986,3099.811311693375,27.0075,146.0004,8
133,STARLINK-6157,satellite,0,28,42.9799,128.7513,95.8668,349.9123,85.7791,6861.1165,489.3719,-4217.904949473951,-2738.1903183092863,4662.430962667058,586.8384588888623,4994.399764260817,4662.430962667058,43.0135,83.2985,4
134,STARLINK-6159,satellite,0,28,43.0181,129.3902,135.4692,33.7826,169.2517,6875.5156,490.7633,3558.4952988053683,-5809.511662929303,873.8993698609731,-6743.016697327109,972.1318701180982,873.8993698609731,7.3549,171.7963,4
135,STARLINK-6160,satellite,0,28,43.0187,129.339,170.1435,34.3151,204.4586,6876.7835,496.8129,5575.176869842615,-3519.8586086717683,-1941.4885424455545,-6269.150979343953,-2041.996021852052,-1941.4885424455545,-16.5047,-161.9585,4
136,STARLINK-6166,satellite,0,28,42.997,129.0364,86.8988,223.0814,309.9802,6865.6134,494.388,210.4581814576685,5850.739807875046,-3588.266215691527,4367.6387612023345,-3898.6126503205123,-3588.266215691527,-31.6637,-41.7525,11
137,STARLINK-6153,satellite,0,28,43.0209,128.9518,24.5999,331.2088,355.8087,6873.7426,489.2919,-4020.366415497747,5556.998608420168,-342.4410579806419,6843.693283191385,-455.4578953613747,-342.4410579806419,-2.8761,-3.8075,5
138,STARLINK-6173,satellite,0,28,43.0181,128.9688,14.2051,330.6945,344.8996,6870.2439,487.9981,-3151.8915389734348,5975.886804671651,-1220.1849145322071,6611.355737595887,-1391.2651388786492,-1220.1849145322071,-10.3002,-11.8837,4
139,STARLINK-5836,satellite,0,28,43.0216,128.9769,10.3724,327.7272,338.0996,6875.2317,494.1888,-2553.384739339783,6134.538855254336,-1748.5443132988776,6351.1900405830675,-1953.1322694884054,-1748.5443132988776,-14.8311,-17.0938,4
140,STARLINK-6178,satellite,0,28,42.9853,128.805,101.2755,326.8711,68.1466,6862.3876,488.8982,-5228.677826102854,-928.7034188840245,4340.132362480632,2624.7560942245354,4616.515709413075,4340.132362480632,39.4334,60.3793,5
141,STARLINK-6176,satellite,0,28,42.9921,129.4637,84.6897,40.2931,124.9828,6870.3017,494.1629,-674.6638754669141,-5654.035463277365,3835.782633905773,-3919.805515354715,4130.183178341231,3835.782633905773,34.1313,133.503,7
142,STARLINK-6145,satellite,0,28,43.001,129.2948,124.6447,98.735,223.3797,6875.0441,501.8375,5837.349044510811,-1680.0782894725178,-3220.5542201915077,-5020.909727769636,-3418.7384269341833,-3220.5542201915077,-28.0801,-145.749,3
143,STARLINK-6298,satellite,0,28,42.9814,128.7057,81.5022,14.5606,96.0628,6861.2297,489.2446,-3440.1407406862622,-3684.7650022336243,4649.047009307276,-638.2672418198258,5000.467614677141,4649.047009307276,42.8616,97.274,4
144,STARLINK-6303,satellite,0,28,42.9997,128.8624,84.5136,320.1554,44.669,6870.2136,491.6305,-5811.618300284612,1586.8635243832057,3291.338615486036,4932.749097617321,3458.4721269913957,3291.338615486036,28.8,35.0352,5
145,STARLINK-6305,satellite,0,83,42.9989,117.5711,86.9806,323.0473,50.0279,6873.1178,495.3562,-5454.125156633592,2129.2323421481206,3589.3264837069737,5121.774571732102,2836.994329820103,3589.3264837069737,31.6691,28.9824,7
146,STARLINK-5775,satellite,1,105,43.0234,143.1221,143.9936,32.2966,176.2902,6885.1069,500.3066,5295.355824227648,-4379.43015937098,303.6586580970301,-6751.865438098422,-1277.6990771702872,303.6586580970301,2.546,-169.2843,1
147,STARLINK-5335,satellite,0,4,43.01,143.1516,112.5042,37.1729,149.6771,6879.0594,496.8338,3225.5908257108135,-5587.860038779279,2366.770159442699,-6359.844538475192,1086.7352181296988,2366.770159442699,20.26,170.3033,4
148,STARLINK-5334,satellite,0,4,42.9881,143.2509,79.3589,32.8659,112.2248,6873.8386,500.2947,-701.2464379721366,-5282.131942697588,4336.208775360936,-3616.654292376707,3913.1159139831193,4336.208775360936,39.3128,132.7453,7
149,STARLINK-5339,satellite,0,4,42.9849,142.9701,74.368,173.5423,247.9102,6875.9888,510.2684,4873.891350811047,2164.7848124105085,-4346.399110299114,-1447.0210696961176,-5132.956283411095,-4346.399110299114,-39.3545,-105.7436,4
150,STARLINK-5349,satellite,1,105,42.9991,143.0139,98.5061,131.356,229.862,6879.7923,508.3229,5857.475839890118,404.5396382213619,-3587.389052489819,-3429.68368257106,-4765.600211022166,-3587.389052489819,-31.5833,-125.7416,2
151,STARLINK-6280,satellite,0,28,42.9988,129.5688,91.0787,323.6104,54.6891,6870.8289,494.3608,-5686.706859264094,448.97954482023624,3820.9595355842903,3977.3887837498924,4089.082537412132,3820.9595355842903,33.9805,45.7933,6
152,STARLINK-6319,satellite,0,28,42.9798,129.4827,94.8328,347.8915,82.7243,6861.6128,489.9566,-4393.662043929669,-2494.2909507549216,4637.929011884016,886.7652191625524,4973.871826793461,4637.929011884016,42.7295,79.8913,4
153,STARLINK-6310,satellite,0,28,43.0195,129.2449,142.6496,35.5817,178.2314,6870.5308,486.1688,4220.582944946544,-5411.501865039865,144.53621265397948,-6859.607337333345,208.4706408732909,144.53621265397948,1.2141,178.2593,4
154,STARLINK-6308,satellite,0,28,43.0103,129.2024,172.4522,36.6862,209.1385,6868.0039,489.2855,5684.146474379527,-3101.642315964793,-2280.1878255233737,-6016.935371232544,-2392.9469147466134,-2280.1878255233737,-19.5112,-158.3122,4
155,STARLINK-6314,satellite,0,28,42.9873,129.1083,69.2983,174.9507,244.2489,6863.0448,496.3274,5392.153661778987,538.8614679203081,-4216.803442538868,-3029.139729490185,-4493.328976724261,-4216.803442538868,-38.0614,-123.9855,4
156,STARLINK-6249,satellite,0,87,42.9811,155.0355,93.4354,184.6681,278.1035,6861.4665,497.9763,1221.4774711359555,4916.982025611338,-4634.436859235436,3003.4233795305,-4080.216594246837,-4634.436859235436,-42.628,-53.6434,14
157,STARLINK-6226,satellite,0,87,43.0196,154.4332,147.7352,31.3871,179.1223,6870.0737,485.2836,6157.471098942742,-3030.992322421273,71.73167038081426,-6264.867656153459,-2802.2844330606595,71.73167038081426,0.6026,-155.901,4
158,STARLINK-6086,satellite,0,87,42.9835,154.5765,76.0879,31.3052,107.393,6861.9308,489.2117,-203.84567768522513,-5204.236050673405,4462.093571353428,-3874.3875822701307,3480.624483306218,4462.093571353428,40.7646,138.0645,7
159,STARLINK-6187,satellite,0,87,43.0006,154.7765,77.973,325.5416,43.5146,6865.8094,486.2905,-5972.3617732894845,-1004.9746401947526,3221.2324025506005,3041.032233352629,5237.48051396799,3221.2324025506005,28.1561,59.8593,5
160,STARLINK-6291,satellite,0,87,42.9973,154.7429,91.502,325.5097,57.0116,6870.7072,494.5795,-5177.945501190084,-2214.267877372773,3927.3026030960173,1603.1336776196615,5398.524266662253,3927.3026030960173,35.0588,73.4608,4
161,STARLINK-6244,satellite,0,87,42.9804,155.0558,91.6405,179.8381,271.4787,6865.1535,501.9694,1958.238926115798,4630.517154792811,-4682.154124624869,2312.448746166932,-4464.187452262354,-4682.154124624869,-43.1406,-62.6158,13
162,STARLINK-6263,satellite,0,87,42.9911,154.5289,86.7189,36.3305,123.0493,6863.8145,487.8382,1568.5150610802693,-5405.23346120454,3920.2871881662513,-5160.998387314163,2245.191286528044,3920.2871881662513,35.0267,156.4895,6
163,STARLINK-6255,satellite,0,87,43.0148,154.8776,8.7508,328.9702,337.721,6872.8522,491.9599,-4946.301654785142,4422.314412976886,-1776.4376546344179,6561.935168857604,981.7187311358861,-1776.4376546344179,-15.0782,8.5088,4
164,STARLINK-6199,satellite,0,87,43.0056,154.7839,72.435,324.3001,36.7351,6867.5477,486.838,-6253.385594857114,-372.47857505515424,2799.1555105790126,3707.2082493175326,5049.7701614067155,2799.1555105790126,24.21,53.7163,5
165,STARLINK-6074,satellite,0,87,42.9796,154.6385,91.7726,354.8366,86.6092,6861.1037,489.2705,-2511.6195210085316,-4351.732189868185,4666.82060261235,-1744.5027935184287,4711.9545492345815,4666.82060261235,43.0645,110.316,4
166,STARLINK-6295,satellite,0,87,42.9931,154.9431,104.5719,200.2603,304.8322,6872.095,502.5731,-1808.8683744189786,5401.459806030688,-3847.591025565402,5311.600102164035,-2057.8331290046935,-3847.591025565402,-34.2029,-21.1775,4
167,STARLINK-6252,satellite,0,87,42.9831,154.2612,76.7032,176.759,253.4622,6861.8531,496.9008,3851.450790540831,3488.541387952961,-4487.39379851249,224.5865582967482,-5191.642811793853,-4487.39379851249,-40.9886,-87.523,10
168,STARLINK-5302,satellite,0,87,43.0139,154.4478,124.5611,33.3557,157.9167,6868.9845,485.1322,4922.944590122851,-4444.398367235282,1759.8341882196135,-6564.011058060919,-949.6415712032963,1759.8341882196135,14.9494,-171.7679,9
169,STARLINK-6265,satellite,0,87,43.0104,154.7791,73.2061,324.9824,38.1886,6875.1146,494.2903,-6207.103067393378,-508.7893993937695,2896.6884725777822,3572.760162293448,5101.21357766058,2896.6884725777822,25.0806,54.9936,5
170,STARLINK-30126,satellite,0,18,42.9961,205.4496,89.5455,324.6754,54.2209,6864.1873,487.4893,-1872.1647774089427,-5398.282999309873,3794.765431939251,-2958.204983907278,4888.300683018058,3794.765431939251,33.7551,121.1807,6
171,STARLINK-30130,satellite,0,37,43.015,202.0991,62.8342,324.8829,27.7171,6865.6197,482.6988,-4748.1170151963215,-4445.330945457493,2176.1956874570574,-388.15070140277425,6492.6821451261085,2176.1956874570574,18.6071,93.4212,3
172,STARLINK-30068,satellite,0,20,42.9922,191.1645,76.8759,162.2533,239.1293,6860.9779,492.6966,2620.6837691379947,4909.379463123188,-4017.1444528465836,2103.947878205608,-5152.028091592006,-4017.1444528465836,-35.9933,-67.7862,13
173,STARLINK-30053,satellite,0,37,42.982,202.3649,88.712,178.7474,267.4594,6858.6682,495.0829,-1627.2687038331162,4754.465929204436,-4674.569430426964,4697.767072689532,-1784.3582143713563,-4674.569430426964,-43.1077,-20.7983,4
174,STARLINK-30125,satellite,0,37,42.9834,202.3189,98.9859,182.645,281.6309,6858.9796,495.073,-3147.765384482873,4024.0774496661734,-4583.455058489793,5106.834243277228,-147.8859302013739,-4583.455058489793,-42.074,-1.6587,4
175,STARLINK-30132,satellite,0,18,43.0141,205.0823,169.885,35.5746,205.4596,6868.3913,488.6559,4699.052721235905,4581.876640694996,-2013.1556899280874,524.5561374520743,-6542.135040349013,-2013.1556899280874,-17.1532,-85.4158,5
176,STARLINK-30066,satellite,0,37,43.0248,202.1212,28.0531,338.5529,6.606,6867.3957,482.9485,-6096.426887788868,-3101.003746820503,538.5476210008406,1507.4073350457827,6671.609113414846,538.5476210008406,4.5301,77.2682,2
177,STARLINK-30080,satellite,0,17,43.0155,194.2857,52.5286,329.0081,21.5367,6873.0016,489.372,-5734.5265502324,-3361.945862868565,1719.507809785652,1075.4830955374034,6559.787409008973,1719.507809785652,14.59,80.6891,4
178,STARLINK-30070,satellite,0,37,42.9828,202.3867,82.7054,177.6951,260.4004,6858.8864,494.9148,-827.1960771045372,5013.445404607632,-4613.77040523628,4386.068498719475,-2565.4027558064245,-4613.77040523628,-42.4173,-30.3233,4
179,STARLINK-30071,satellite,0,18,42.9853,205.6961,103.2185,185.2403,288.4588,6861.9947,496.5738,-4024.5674449424064,3350.377879128266,-4440.2981791511465,5148.416777542776,957.0683029744162,-4440.2981791511465,-40.4719,10.5308,4
180,STARLINK-30085,satellite,0,37,43.0004,202.0545,86.2027,322.6671,48.8698,6862.4814,484.3943,-2761.932082700483,-5194.367274796154,3522.3480408277264,-2233.0309757635864,5442.728440424322,3522.3480408277264,31.0682,112.3073,5
181,STARLINK-30119,satellite,0,2,42.9969,38.3112,90.7036,142.9714,233.675,6864.2493,494.0856,-683.1451814836158,-5695.763973049603,-3772.275265019269,-3946.498218481733,4163.35998770159,-3772.275265019269,-33.4923,133.4682,17
182,STARLINK-30120,satellite,0,2,43.0186,38.432,131.2252,32.9986,164.2238,6869.4364,484.9518,-6021.008668521179,-3036.296402941047,1272.872093412559,1509.0315568288447,6572.249614356916,1272.872093412559,10.7549,77.0686,4
183,STARLINK-30084,satellite,0,2,43.0048,37.6226,102.6274,38.4471,141.0745,6866.5592,486.1522,-6151.525471286029,-761.3828973444055,2939.965024231542,3342.8979630703466,5219.770373182089,2939.965024231542,25.5139,57.3633,5
184,STARLINK-30114,satellite,0,2,43.0028,38.1445,127.3437,98.9212,226.2649,6865.399,492.6979,-1492.0707413185844,-5784.743778341426,-3383.3787802577685,-3498.3335346685053,4842.643715820171,-3383.3787802577685,-29.6782,125.8444,11
185,STARLINK-30151,satellite,0,2,43.0072,38.3378,136.3034,83.1625,219.4659,6866.0854,491.5309,-2177.8781518910537,-5790.824135950115,-2976.5962925277668,-3065.0104166530054,5374.244929643173,-2976.5962925277668,-25.8329,119.6967,9
186,STARLINK-30152,satellite,0,2,43.0118,38.0332,2.5867,323.943,326.5297,6867.3384,490.0511,6216.385814951814,1347.7137304761966,-2582.7300938056737,-2933.1498055888806,-5644.148927661468,-2582.7300938056737,-22.2239,-117.46,3
187,STARLINK-30128,satellite,0,90,43.0148,12.4605,23.1564,305.9058,329.0621,6865.1298,487.4773,6304.525569104427,-1248.9365602526264,-2406.972733377795,-4987.522772597084,-4053.5788848686107,-2406.972733377795,-20.649,-140.8977,3
188,STARLINK-30069,satellite,0,32,43.0087,34.9346,157.2958,59.0888,216.3845,6864.4218,488.3413,-2824.7239031834097,-5604.440766255494,-2776.9497556154297,-2508.473007145833,5752.945732761863,-2776.9497556154297,-24.0004,113.5588,8
189,STARLINK-30144,satellite,0,32,43.015,34.9758,158.5634,32.3206,190.8839,6867.4183,483.2992,-4977.80990959013,-4638.399567921069,-883.7841020035951,-390.01690042958245,6792.733534085034,-883.7841020035951,-7.4467,93.2861,4
190,STARLINK-30142,satellite,0,32,43.0154,35.0379,117.8162,34.9077,152.7239,6865.7272,482.5635,-6310.64957185169,-1618.128523795068,2144.2434068555685,2785.2729763540706,5889.388116385509,2144.2434068555685,18.3246,64.6891,5
191,STARLINK-30133,satellite,0,2,42.9933,37.6496,87.4613,35.0576,122.5189,6863.6749,487.4705,-5503.041740101348,1097.0353052116973,3943.63810987582,4358.756723746237,3533.863986824559,3943.63810987582,35.2679,39.0334,5
192,STARLINK-30123,satellite,0,75,43.012,325.1697,112.2757,36.2898,148.5655,6865.1004,482.9643,-3309.6686708259926,5489.104350112008,2439.929850902486,6337.551265194164,-958.9667554725299,2439.929850902486,20.9592,-8.6044,5
193,STARLINK-30076,satellite,0,2,42.9833,38.1864,87.1234,181.5432,268.6666,6861.1525,498.0968,2978.9293943605794,-4045.8351201532887,-4680.056187804823,-5015.746622967807,291.69842344159207,-4680.056187804823,-43.1469,176.6716,9
194,STARLINK-30073,satellite,0,38,42.9948,223.6572,95.8906,321.05,56.9406,6861.4293,485.6879,195.53492917647628,-5623.1737533766045,3918.88224396291,-4451.824285798344,3440.8687126316872,3918.88224396291,35.0249,142.2991,7
195,STARLINK-30078,satellite,0,56,43.0004,350.6507,112.0306,117.4531,229.4838,6862.343,490.567,-5019.243913036377,-3040.711355574569,-3558.2522528249365,865.8412596746193,5804.227245682057,-3558.2522528249365,-31.3886,81.5155,4
196,STARLINK-30135,satellite,0,2,43.0214,38.3326,132.8675,34.084,166.9514,6869.6058,484.8165,-5946.625842564874,-3257.809083309579,1057.0978288654364,1291.0752920688103,6656.485823988828,1057.0978288654364,8.9158,79.0233,4
197,STARLINK-30137,satellite,0,2,43.0012,37.9618,62.6004,251.4499,314.0503,6865.4501,492.9464,5983.779378116597,91.152220696926,-3365.5657005683133,-3751.496088696934,-4662.638895497166,-3365.5657005683133,-29.5055,-128.8197,4
198,STARLINK-30136,satellite,0,2,43.0115,38.2683,156.5585,48.4469,205.0054,6866.0212,486.2925,-3569.2300690552,-5517.317283953827,-1978.8104548617798,-1965.942118891417,6270.1885843116515,-1978.8104548617798,-16.8579,107.4082,5
199,STARLINK-6205,satellite,0,90,43.0134,12.9337,9.7804,324.6345,334.4148,6868.6011,488.7878,6520.009297519693,-726.8743058142595,-2022.4234302776647,-4723.4262948154665,-4552.813584328051,-2022.4234302776647,-17.2342,-136.0537,3
200,STARLINK-6203,satellite,0,90,43.0171,12.5004,120.4801,35.559,156.0391,6868.6446,484.9431,-6562.476551372733,631.9116734475722,1901.0087221816543,4677.476449322936,4646.140862736037,1901.0087221816543,16.1801,44.8074,5
201,STARLINK-6185,satellite,0,90,43.0204,12.8873,39.6114,325.8284,5.4398,6870.0131,485.2032,6554.145733175641,1987.5436610300794,443.9015009032615,-2656.526615468397,-6312.687418010917,443.9015009032615,3.7315,-112.8225,4
202,STARLINK-6192,satellite,0,90,42.9914,12.7757,95.6117,324.1005,59.7122,6863.4507,487.8695,2415.4919511841604,4989.651268302993,4038.4112726451513,2296.764787628831,-5045.403121240305,4038.4112726451513,36.2431,-65.5241,57
203,STARLINK-6183,satellite,0,9,42.9806,1.3855,81.6777,12.4246,94.1023,6870.5116,499.0412,-612.2834511069465,4997.7680097760995,4669.770930114369,4236.747611522509,-2720.7619852348525,4669.770930114369,43.022,-32.7078,5
204,STARLINK-6098,satellite,0,9,43.0062,1.5384,80.041,322.5359,42.5769,6879.9951,500.3455,4968.612674699286,3535.665205767223,3172.1642968929004,-452.64569395229637,-6081.377494795222,3172.1642968929004,27.6289,-94.2568,79
205,STARLINK-6110,satellite,0,9,42.9873,1.3537,78.7093,24.4018,103.1111,6874.2046,501.9293,-1673.7354598548,4856.685827813877,4562.512844710835,4806.100395010116,-1813.8871554612012,4562.512844710835,41.7876,-20.6772,13
206,STARLINK-6116,satellite,0,9,42.9949,1.5068,88.7961,324.63,53.4261,6876.3416,499.4508,3986.69020691143,4142.320222871169,3763.008862612999,641.2861616749246,-5713.253687132682,3763.008862612999,33.3699,-83.5956,93
207,STARLINK-5950,satellite,0,9,42.9829,1.4409,101.6296,334.3893,76.0189,6874.3275,502.1904,1536.8574899760513,4917.782824326645,4545.695421102249,2802.6170951142863,-4323.407946274651,4545.695421102249,41.5977,-57.047,29
208,STARLINK-5961,satellite,0,9,43.0024,1.5282,77.7409,323.5886,41.3295,6875.7821,495.8738,5068.276472412131,3454.15079945097,3094.123650179016,-579.0216095653168,-6106.0067246778,3094.123650179016,26.9135,-95.4171,77
209,STARLINK-5965,satellite,0,9,42.9813,1.4162,99.3558,342.9474,82.3032,6877.2146,505.511,797.1727709515912,5004.68141267602,4644.100343740677,3341.895637011446,-3809.7314892857394,4644.100343740677,42.6797,-48.7428,12
210,STARLINK-5966,satellite,1,102,43.0157,1.1438,163.2808,37.2842,200.565,6880.4842,499.3251,-6401.500370016866,-1894.2279470230126,-1647.791353446844,2630.8421741967636,6135.631667324623,-1647.791353446844,-13.9483,66.7913,4
211,STARLINK-5808,satellite,0,41,43.0107,270.8279,171.0282,37.7938,208.822,6868.1261,489.2632,-2506.7114860377324,5979.046895974565,-2257.586062926292,6201.732831954186,-1889.7391723616472,-2257.586062926292,-19.3103,-16.9466,4
212,STARLINK-5828,satellite,0,97,43.0172,27.217,52.461,326.446,18.907,6879.6143,495.4956,5037.214133502854,4421.6198902608285,1519.2594848960098,185.26892942045694,-6699.994336154507,1519.2594848960098,12.8485,-88.4161,21
213,STARLINK-5834,satellite,1,103,43.0033,27.306,24.6289,294.8908,319.5197,6880.3465,505.7868,6148.1543657061475,-501.6900550347534,-3046.1448037864493,-4312.659503371115,-4410.494646165568,-3046.1448037864493,-26.4227,-134.3574,2
214,STARLINK-5843,satellite,0,97,43.0024,27.1662,80.6698,322.7215,43.3913,6875.955,496.6928,2865.7488687227933,5350.196270715595,3218.9147408087183,2286.634661480288,-5622.136483462667,3218.9147408087183,28.0875,-67.8674,53
215,STARLINK-5838,satellite,1,103,43.0006,27.3171,57.152,258.3732,315.5252,6879.3784,506.3994,5979.2369708571905,-879.0453216882153,-3287.1585921371593,-4495.146587959563,-4039.5114288739064,-3287.1585921371593,-28.6923,-138.0559,2
216,STARLINK-5542,satellite,0,97,42.9976,26.8968,90.3903,39.7684,130.1586,6868.4644,490.5616,-5682.526619934676,1418.9301128349086,3576.9420237866334,4721.080544495023,3466.3914873779727,3576.9420237866334,31.5721,36.2875,5
217,STARLINK-6155,satellite,0,97,42.9805,27.4656,90.082,176.1895,266.2715,6877.099,513.9939,1920.1750317000597,-4664.384038265358,-4682.01430378088,-4815.519794749699,1501.4392146080347,-4682.01430378088,-43.0452,162.683,15
218,STARLINK-6194,satellite,1,103,43.0199,27.2203,44.9647,325.535,10.4997,6885.08,500.4757,5594.951276550111,3908.4490858573704,855.1553787116412,-565.8155784266124,-6801.4194676492925,855.1553787116412,7.186,-94.7555,7
219,STARLINK-6245,satellite,0,97,43.0241,26.7961,158.1917,33.115,191.3067,6880.9364,497.5072,-5573.60261150935,-3918.9604454057226,-919.7284257304786,544.0925885021073,6791.705257062878,-919.7284257304786,-7.7352,85.4197,3
220,STARLINK-6184,satellite,0,97,42.9999,26.9025,91.9239,36.6352,128.5591,6878.9641,501.5131,-5599.408731541281,1566.9290156297257,3665.654290880818,4781.878779645317,3307.9117309355292,3665.654290880818,32.3898,34.6739,5
221,STARLINK-6248,satellite,0,97,43.0203,26.8204,140.1649,31.9594,172.1242,6869.9781,484.6291,-6376.767018009223,-2453.614149954174,641.561415920485,2184.607036429778,6473.860679317024,641.561415920485,5.3976,71.353,4
222,STARLINK-6240,satellite,0,97,43.0148,26.7742,164.8918,38.0906,202.9824,6878.4671,497.977,-4766.284097003695,-4603.213334576146,-1831.1078121750177,-498.0359921289224,6607.4955351868475,-1831.1078121750177,-15.5396,94.3105,4
223,STARLINK-6232,satellite,0,97,42.9835,26.6438,85.8141,168.4103,254.2245,6870.6979,506.298,499.84475693906876,-5164.361800618362,-4510.872925477557,-4293.128116397604,2913.679557693669,-4510.872925477557,-41.1803,145.8359,13
224,STARLINK-6247,satellite,0,97,43.0172,26.8298,127.9255,35.1398,163.0653,6881.3928,496.8774,-6528.937524418024,-1661.6657139353194,1366.0171504245393,2891.1848883045564,6085.162946401789,1366.0171504245393,11.5317,64.5867,4
225,STARLINK-6251,satellite,1,103,43.0157,26.7735,164.5003,36.8767,201.3769,6881.4493,500.4288,-4891.904367002744,-4521.192787617433,-1710.113635576031,-354.69309373721404,6651.774602913085,-1710.113635576031,-14.4846,93.0523,3
226,STARLINK-6259,satellite,1,103,43.0199,26.7863,155.7164,34.0168,189.7332,6885.4268,501.7527,-5669.757559550145,-3814.8584002778957,-793.5074873245212,685.6083500921206,6799.2085266250515,-793.5074873245212,-6.6643,84.242,3
227,STARLINK-6254,satellite,0,97,42.9909,26.9165,84.7621,35.5996,120.3617,6869.3261,493.8382,-5055.141622117115,2292.4426157891166,4038.849004807194,4992.545074934714,2425.7459968207777,4038.849004807194,36.211,25.9139,8
228,STARLINK-6225,satellite,1,103,43.0106,26.7538,164.7518,46.0853,210.8371,6879.7714,501.7061,-4112.435366985216,-4959.983720455229,-2404.6964906426265,-1190.1560652102091,6332.226440617476,-2404.6964906426265,-20.5837,100.6447,3
229,STARLINK-6100,satellite,0,17,42.9963,194.3763,86.5279,42.4048,128.9327,6875.5514,498.6148,5152.976909440894,-2714.623459991779,3644.7720729181165,-5379.890589657174,-2231.396155344662,3644.7720729181165,32.1986,-157.473,9
230,STARLINK-6170,satellite,1,106,43.0195,194.7003,40.1225,329.5855,9.7079,6886.0597,501.0708,-6343.260526154785,-2540.9345275786745,791.3827789551082,2096.015938278314,6503.8465205290795,791.3827789551082,6.6471,72.1373,2
231,STARLINK-6162,satellite,0,17,42.9852,194.1468,69.5287,178.7624,248.2911,6862.8508,497.117,1322.26266687438,5146.127181118984,-4349.698216408094,3115.3788576888687,-4304.116413101133,-4349.698216408094,-39.4804,-54.1025,13
232,STARLINK-6143,satellite,0,17,42.9828,194.1251,80.7305,173.3777,254.1082,6870.8449,506.0842,645.1219288724138,5150.399002230855,-4508.089203618349,3551.132703741825,-3785.7956502838247,-4508.089203618349,-41.151,-46.8319,7
233,STARLINK-6133,satellite,0,17,43.0085,194.2348,170.5773,42.1469,212.7242,6873.1474,495.7416,4935.04040845471,4054.158861759792,-2533.6249808903867,-32.23160700423215,-6386.688424604429,-2533.6249808903867,-21.7608,-90.2892,4
234,STARLINK-6127,satellite,0,17,43.0033,193.9224,15.0079,305.1121,320.1199,6874.4962,499.492,-5895.193218789203,1859.2246165770769,-3005.8803686109113,5195.703083377825,3348.833936032441,-3005.8803686109113,-26.0732,32.8034,4
235,STARLINK-6112,satellite,0,17,42.9805,194.0852,87.1242,179.3058,266.4299,6861.7263,498.6073,-805.4681610327525,4967.233404012727,-4672.3679291138915,4336.63221851398,-2552.6080094138747,-4672.3679291138915,-43.055,-30.4817,4
236,STARLINK-5347,satellite,0,17,42.9811,194.1042,85.2605,174.7926,260.0531,6866.8309,502.7496,-55.43730034671918,5091.247090005651,-4614.086003466793,3953.0395890504137,-3208.9481505878025,-4614.086003466793,-42.3612,-39.0686,5
237,STARLINK-5336,satellite,0,17,42.9802,194.0607,97.1556,176.1363,273.2919,6866.1581,502.6878,-1601.9344552463203,4772.166050563022,-4676.475780206564,4695.206912097709,-1815.1569809913092,-4676.475780206564,-43.0701,-21.1364,4
238,STARLINK-5355,satellite,0,17,42.9805,194.09,87.7132,176.0726,263.7857,6872.5564,509.0185,-495.6168847755457,5032.52756781985,-4661.051769908503,4188.983572680121,-2832.7347996516514,-4661.051769908503,-42.8452,-34.0679,4
239,STARLINK-5357,satellite,0,17,43.0152,193.8822,9.4227,330.4889,339.9116,6875.3861,493.9241,-6678.400142147359,126.90683681596047,-1609.933422487663,4362.919711204292,5057.871627221231,-1609.933422487663,-13.6327,49.2189,4
240,STARLINK-5361,satellite,0,17,42.989,194.1548,85.7539,156.362,242.1159,6873.2478,505.4447,2030.935076413807,5096.988689430231,-4143.97363435983,2624.9626164709744,-4818.045479955281,-4143.97363435983,-37.2344,-61.4176,14
241,STARLINK-5358,satellite,0,17,42.9848,193.9958,105.8005,185.0884,290.8889,6872.0124,506.1839,-3515.2731102997946,3966.7528122362746,-4379.712778073639,5297.438525324371,171.5167157752805,-4379.712778073639,-39.743,1.8544,4
242,STARLINK-5150,satellite,0,17,42.9827,194.0161,102.5156,182.4576,284.9731,6870.6149,505.9281,-2900.036524722109,4283.703850172619,-4527.919941974008,5148.396636714207,-504.32389570181215,-4527.919941974008,-41.3722,-5.5947,4
243,STARLINK-5791,satellite,1,106,43.0015,194.2096,142.8311,79.4971,222.3282,6881.3557,507.5637,4099.767427217199,4533.817955474112,-3160.2150749148173,870.3188682628602,-6050.301089879431,-3160.2150749148173,-27.4847,-81.8143,10
244,STARLINK-6164,satellite,1,106,43.0171,194.2537,163.1355,33.5478,196.6833,6885.3749,503.4072,6032.579372632427,3022.6265540959294,-1347.6007581442236,-1526.9401031174802,-6572.422619866107,-1347.6007581442236,-11.3632,-103.0792,3
245,STARLINK-5525,satellite,0,26,42.9912,321.5475,106.2465,191.8908,298.1373,6863.1329,495.5964,-218.35151530548737,-5481.728045072112,-4128.5163882341485,-4078.648874234226,3669.0111890091307,-4128.5163882341485,-37.1348,138.0265,15
246,STARLINK-5870,satellite,0,26,42.986,321.5737,105.3611,182.8421,288.2032,6862.0134,496.8172,-1285.067403859953,-5070.859771447205,-4447.064239116075,-3081.217131701492,4227.42451635203,-4447.064239116075,-40.5445,126.087,13
247,STARLINK-5983,satellite,0,26,42.9813,321.6707,82.2454,176.9456,259.1909,6861.4347,497.5953,-4070.0558225407976,-3071.9267659991565,-4597.987751049538,235.6073632985874,5093.778325037297,-4597.987751049538,-42.2187,87.3517,4
248,STARLINK-6294,satellite,0,26,43.0131,322.3064,8.1007,326.5703,334.671,6868.6224,488.6132,3596.8966284954317,-5493.234141624529,-2003.461385244999,-6524.171796869189,740.5869670253721,-2003.461385244999,-17.0682,173.5238,5
249,STARLINK-6350,satellite,0,26,42.9824,322.1079,98.19,335.2625,73.4525,6862.1663,489.6935,4495.60634214851,2595.958017118047,4482.401241044208,-873.6423826812787,-5117.2476388570785,4482.401241044208,40.9857,-99.6884,112
250,STARLINK-6230,satellite,0,26,43.0185,321.4406,13.2318,327.3775,340.6093,6869.1082,487.6485,4024.755293433823,-5339.242235469889,-1554.901255608957,-6678.93624408994,313.007137987031,-1554.901255608957,-13.1706,177.3168,5
251,STARLINK-6233,satellite,0,26,43.0038,321.9073,105.9887,35.6381,141.6268,6866.6669,485.8007,-2311.3554153487335,5769.047587999935,2904.5751703825485,5915.374429221393,-1905.94314993482,2904.5751703825485,25.187,-17.859,5
252,STARLINK-6250,satellite,0,26,43.0099,321.881,118.508,33.6811,152.1892,6868.3992,485.301,-3329.4956787093925,5587.786441842923,2183.583012130361,6426.148400742519,-1006.7350822448104,2183.583012130361,18.6651,-8.9037,4
253,STARLINK-5840,satellite,0,26,42.9937,321.9298,88.744,38.9281,127.6721,6873.4523,496.5803,-852.6162054818595,5718.830010719461,3707.272579943517,4945.085706678756,-2996.3475163867934,3707.272579943517,32.8292,-31.2127,4
254,STARLINK-5872,satellite,0,26,42.984,321.9801,81.1991,28.5681,109.7672,6868.8556,495.7371,1081.9275885126294,5153.304740872615,4404.74214257408,3274.395712213459,-4123.766455429191,4404.74214257408,40.0884,-51.5494,15
255,STARLINK-5866,satellite,0,26,42.9933,321.7415,88.798,145.0228,233.8208,6864.6111,494.5499,-5692.8012282165255,-673.3343238085987,-3779.3076551318823,3117.6783756097493,4810.555735240754,-3779.3076551318823,-33.5603,57.0531,4
256,STARLINK-6368,satellite,0,26,42.9992,321.4945,67.5584,244.3754,311.9338,6865.1562,493.1733,1264.8162196128228,-5779.776444107782,-3483.3115912086487,-5255.241140662561,2718.090573683397,-3483.3115912086487,-30.6434,152.6513,16
257,STARLINK-6360,satellite,0,26,42.9949,321.7467,103.8371,127.4283,231.2654,6864.8338,493.805,-5798.9550222296375,-416.2917323323593,-3652.260750970922,3383.2653781459953,4728.07503507392,-3652.260750970922,-32.298,54.4137,4
258,STARLINK-6365,satellite,0,26,42.9805,321.6042,97.6036,179.4103,277.0139,6861.3196,497.8265,-2439.391475316791,-4428.139504359338,-4645.959817693702,-1849.4266019549646,4705.1749684679435,-4645.959817693702,-42.7601,111.4579,8
259,STARLINK-6330,satellite,0,26,43.0145,321.3799,56.3187,325.2712,21.5898,6868.8741,485.0648,6137.3226903830855,-2539.972229226229,1722.4335489236578,-5874.167399994044,-3100.3783781949483,1722.4335489236578,14.6248,-152.175,9
260,STARLINK-5485,satellite,0,26,42.9801,321.6122,93.6374,181.5546,275.192,6861.2779,497.6807,-2619.408298417159,-4306.877302653705,-4661.607275631885,-1641.1466468177018,4766.249009186295,-4661.607275631885,-42.9394,109.0,8
261,STARLINK-5509,satellite,0,26,43.001,321.7694,151.8413,70.7642,222.6055,6866.0416,491.9343,-6072.819332201798,457.1019876748456,-3169.6953296242277,4230.235772202149,4381.002417287792,-3169.6953296242277,-27.6424,46.003,3
262,STARLINK-30239,satellite,0,87,42.9957,154.3705,92.114,139.156,231.2699,6864.5147,493.7633,5567.462683914143,1673.9268033788157,-3652.5237006209964,-2267.6889113634534,-5353.154087183156,-3652.5237006209964,-32.3008,-112.9584,4
263,STARLINK-30235,satellite,0,87,42.9979,154.3787,96.4354,131.2538,227.6892,6865.4211,493.7601,5773.578374809038,1349.8815854567847,-3462.889812546564,-2648.675631472797,-5304.800179465771,-3462.889812546564,-30.4421,-116.5329,4
264,STARLINK-30236,satellite,0,87,43.0195,154.4469,150.0255,34.5776,184.603,6870.1047,485.804,6346.236184370962,-2587.828725553627,-375.80764187795364,-6044.41815258463,-3230.569673807582,-375.80764187795364,-3.1582,-151.8768,4
265,STARLINK-30201,satellite,0,87,43.0185,154.4459,159.7607,28.7565,188.5171,6870.0923,486.2451,6445.028462143185,-2257.7189017943074,-693.5735821927361,-5853.499158916386,-3517.4186719695736,-693.5735821927361,-5.8353,-148.998,4
266,STARLINK-30233,satellite,0,87,43.0083,154.3848,166.0755,47.0421,213.1176,6875.6516,498.7304,6378.6930487612735,-12.593921832442147,-2561.7222532930828,-4083.5450188728937,-4900.259553944147,-2561.7222532930828,-22.0043,-129.8055,4
267,STARLINK-30184,satellite,0,69,42.9998,125.6909,48.8377,265.3125,314.1502,6862.8979,490.0203,136.0748973358501,5983.631886121927,-3358.371680129688,4517.4031745417005,-3926.2495444050132,-3358.371680129688,-29.4502,-40.9952,11
268,STARLINK-6316,satellite,0,67,43.0074,180.2534,110.5661,36.0288,146.595,6867.4191,485.5924,5739.470144176856,-2736.7714925373043,2576.3917013882656,-5771.506420344331,-2668.5481779774054,2576.3917013882656,22.1817,-155.1858,6
269,STARLINK-6320,satellite,0,67,43.011,180.2221,115.8373,35.7972,151.6346,6868.042,485.439,6046.711214656471,-2360.2012960010293,2223.6134928329316,-5677.966059478492,-3145.467866392465,2223.6134928329316,19.0197,-151.0145,7
270,STARLINK-6375,satellite,0,67,43.0163,180.1704,166.7292,31.2509,197.9801,6869.3104,487.4967,6524.798916422281,1568.7687384176309,-1445.6180402408027,-2960.024445564308,-6022.648216195557,-1445.6180402408027,-12.2306,-116.1733,2
271,STARLINK-6359,satellite,0,67,43.0197,180.1992,144.016,31.4771,175.4931,6870.0131,485.0864,6843.26932548759,-370.50447863057735,367.93953959034735,-4655.660559983467,-5029.158317259373,367.93953959034735,3.0923,-132.7915,2
272,STARLINK-6372,satellite,0,67,43.0047,180.2519,102.469,40.0055,142.4746,6869.5197,489.1445,5456.7764836319675,-3033.367443929487,2851.4830198466498,-5819.185466796428,-2261.5941601523923,2851.4830198466498,24.6831,-158.7617,7
273,STARLINK-6376,satellite,0,67,42.9901,180.0744,71.3602,169.3135,240.6737,6863.2558,495.3435,3357.111070718,4382.951332784682,-4081.6826566214495,1228.5387450849837,-5382.485455486283,-4081.6826566214495,-36.6468,-77.1426,9
274,STARLINK-6331,satellite,0,67,43.0205,179.7764,19.803,330.0223,349.8253,6869.8126,485.9032,-6752.275277751342,912.8170966247718,-827.228881272527,5014.846693407207,4612.783229249479,-827.228881272527,-6.9651,42.6086,2
275,STARLINK-6324,satellite,0,67,42.982,180.0157,80.9662,177.8753,258.8414,6861.4499,497.2053,1327.3462495930105,4928.174692803208,-4592.360897516118,2944.421172640818,-4168.829311353379,-4592.360897516118,-42.1582,-54.7666,13
276,STARLINK-6215,satellite,0,87,43.0099,154.1769,114.1456,36.5888,150.7344,6867.8973,485.1679,4319.216058796268,-4814.793857572036,2287.8635725652207,-6463.443628322094,-248.52307132236734,2287.8635725652207,19.5918,-177.798,4
277,STARLINK-6369,satellite,0,87,43.0098,154.9572,169.4059,41.2915,210.6974,6873.3156,495.217,6438.277786907899,-177.09038989595197,-2392.578088765882,-4248.177179834511,-4841.05076572416,-2392.578088765882,-20.4957,-131.268,4
278,STARLINK-6371,satellite,0,87,42.9866,154.7067,101.0121,191.8228,292.8349,6862.4782,495.9181,-431.34281961603244,5323.279661706577,-4314.270415480475,4371.663026912499,-3067.886139331028,-4314.270415480475,-39.1061,-35.0599,5
279,STARLINK-30240,satellite,0,67,43.0165,179.6866,344.7207,351.5483,336.269,6868.1141,487.1136,-6272.133921382263,2053.9602987790436,-1884.4163159963966,5586.288294251349,3514.512758580469,-1884.4163159963966,-16.0299,32.1753,2
280,STARLINK-30207,satellite,0,43,42.9931,165.3481,86.3014,149.8049,236.1064,6861.3576,492.2876,4757.080934478484,3063.5177967931713,-3885.020284319828,-680.8574923062008,-5617.062700702003,-3885.020284319828,-34.6412,-96.9112,4
281,STARLINK-30205,satellite,0,67,43.0031,180.0192,149.1543,70.1299,219.2842,6866.5263,491.661,5313.164740257663,3180.957511623725,-2964.9508928312403,-945.6413036906582,-6119.965095703316,-2964.9508928312403,-25.724,-98.7837,2
282,STARLINK-30222,satellite,0,67,42.9849,179.4172,71.1495,25.8891,97.0387,6861.2359,490.0699,789.7315088508004,-4987.6242682886605,4640.846664031588,-4342.272200044368,2577.7400641677573,4640.846664031588,42.7618,149.305,5
283,STARLINK-30172,satellite,0,67,42.9956,180.1533,92.3547,37.8247,130.1794,6867.6613,490.3363,4437.9043321211775,-3823.0917847452365,3575.6011457498284,-5776.146815366848,-973.2181785056453,3575.6011457498284,31.5601,-170.4361,7
284,STARLINK-30214,satellite,0,67,42.992,179.5534,94.729,321.4959,56.225,6863.9698,488.153,-3845.7589835146773,-4140.662434803934,3887.9812241357026,-730.0184969010555,5603.750579073145,3887.9812241357026,34.6952,97.4223,1
285,STARLINK-30182,satellite,0,67,43.0172,179.6332,50.0819,325.6999,15.7818,6869.4806,484.9767,-6612.293152969163,-1322.3078975571177,1273.2874806627924,3205.5517348720987,5932.567487336598,1273.2874806627924,10.7584,61.6163,3
286,STARLINK-30191,satellite,0,83,43.0186,117.9233,172.9377,30.8486,203.7863,6866.1244,485.4907,4728.358154988586,-4600.488174651517,-1888.1751861643131,-6559.843947895477,-700.2211552178205,-1888.1751861643131,-16.0666,-173.9071,5
287,STARLINK-30208,satellite,0,67,42.9784,179.427,63.0281,29.9773,93.0053,6861.1088,490.4751,309.4606292676313,-5014.3273628752195,4669.282774998097,-4056.087138531326,2964.3552263159404,4669.282774998097,43.0832,143.8391,6
288,STARLINK-30224,satellite,0,67,43.0041,179.719,12.9318,307.2886,320.2204,6867.2428,492.1088,-5260.898467957073,3238.6214280727568,-2996.3987343976096,5852.024520243188,1979.7804067617162,-2996.3987343976096,-26.015,18.691,2
289,STARLINK-30043,satellite,0,67,43.0126,179.608,62.7257,323.2701,25.9958,6868.3274,485.1083,-6182.0424684853,-2156.737430848638,2051.4929641197155,2288.6850069716097,6134.418176701256,2051.4929641197155,17.4995,69.54,3
290,STARLINK-30105,satellite,0,26,42.9952,322.0643,87.9068,36.3262,124.233,6861.4782,484.9574,-493.21641179944777,5641.172786960694,3865.543184284733,4655.793289366189,-3223.3029159399466,3865.543184284733,34.4855,-34.6957,4
291,STARLINK-30102,satellite,0,20,43.014,191.129,23.1427,308.0141,331.1569,6861.4196,483.739,-6362.61748889279,1214.3275568785816,-2257.419269456584,4997.993027292598,4120.383286114737,-2257.419269456584,-19.3251,39.5024,4
292,STARLINK-30158,satellite,0,20,43.0045,191.1597,42.9126,273.7647,316.6773,6863.3071,489.7702,-5565.075537819807,2412.1342336381363,-3211.7222167022637,5410.323311408428,2741.689072225367,-3211.7222167022637,-28.0501,26.8737,3
293,STARLINK-30146,satellite,0,20,42.9903,191.2042,101.4584,196.2526,297.7109,6863.0091,495.4473,-3995.710627583956,3740.995710449845,-4144.638634305086,5430.561119600925,685.3891239801359,-4144.638634305086,-37.305,7.1932,3
294,STARLINK-30197,satellite,0,20,42.9958,190.9886,89.7359,322.8719,52.6078,6864.3943,487.3823,-3329.247633062713,-4706.777325313689,3716.352727903054,-1495.513126157978,5567.861625600079,3716.352727903054,32.9695,105.0346,4
295,STARLINK-30215,satellite,0,20,42.989,191.3542,80.456,172.4041,252.8601,6859.6621,494.0051,1038.5396409422049,5101.552673371668,-4471.790030856583,3262.283724973121,-4057.327835259245,-4471.790030856583,-40.8371,-51.1991,11
296,STARLINK-30162,satellite,0,67,42.996,179.9499,88.03,324.032,52.062,6864.5325,487.3581,-4220.604199809292,-3953.019046764614,3689.171788847476,-346.22900939351564,5772.346565183525,3689.171788847476,32.6987,93.4325,2
297,STARLINK-30178,satellite,0,20,42.9833,191.2472,100.479,184.0981,284.5771,6861.6322,496.7495,-2642.8228846630195,4430.460352772302,-4530.15580260374,5097.049832207025,-795.9740857491333,-4530.15580260374,-41.4646,-8.8758,4
298,STARLINK-30217,satellite,0,67,43.0171,180.0751,46.1948,328.2315,14.4263,6872.5552,487.6087,-6647.014472286431,-1259.2316125191205,1166.8238491013396,3276.2632582845476,5919.000313496146,1166.8238491013396,9.8458,61.0348,3
299,STARLINK-30216,satellite,0,20,43.0215,190.6782,143.4191,32.541,175.9602,6867.7376,483.1411,6791.142757005078,920.9092444710083,329.79098099551794,-3628.646771352757,-5813.829752523367,329.79098099551794,2.7723,-121.97,3
300,STARLINK-30165,satellite,0,68,42.984,267.5469,78.0208,22.8285,100.8493,6858.9294,487.3694,4976.464017194508,1078.449722802196,4590.75523053512,-2348.4483172867267,-4518.079063061754,4590.75523053512,42.2146,-117.4649,75
301,STARLINK-30140,satellite,0,41,42.9804,270.5704,86.0995,181.4386,267.5381,6861.3221,498.41,-5021.563483006113,244.97536329693185,-4676.976571237476,3395.606369322518,3707.555815776654,-4676.976571237476,-43.1092,47.5146,4
302,STARLINK-30077,satellite,0,68,43.0148,266.9735,12.0629,322.2173,334.2802,6865.899,486.2679,-2500.9378231929622,-6059.038389480643,-2031.64544969903,-3065.0698004458013,5794.133526168728,-2031.64544969903,-17.3218,117.8786,8
303,STARLINK-30088,satellite,0,68,42.9871,267.637,107.3415,325.1575,72.499,6859.4553,487.2085,4694.184334590534,-2257.3059811578532,4458.448909954362,-4734.976856448285,-2170.4356771361145,4458.448909954362,40.7388,-155.3741,3
304,STARLINK-30091,satellite,0,68,42.9854,267.0734,102.9036,188.943,291.8466,6859.8692,494.0714,-4784.6679060076485,-2312.83696052935,-4343.618851847405,1276.1133180278196,5158.856130609021,-4343.618851847405,-39.4356,76.106,4
305,STARLINK-30116,satellite,0,68,42.998,267.4564,93.0625,36.1344,129.1969,6862.1944,484.7963,4075.0218655337,4156.745926879537,3623.9882348636665,595.9720868878493,-5790.436700013041,3623.9882348636665,32.0658,-84.1236,90
306,STARLINK-30092,satellite,0,68,42.9868,267.5125,84.3491,23.634,107.9831,6859.4712,486.3563,4857.23367467921,1907.5238141438215,4445.917109418446,-1634.34062582723,-4955.834621003222,4445.917109418446,40.6067,-108.2516,106
307,STARLINK-30039,satellite,0,68,42.9838,267.5881,95.5805,351.0486,86.6291,6858.7576,487.1941,4984.969736025892,-613.4143997108102,4665.86750470935,-3655.743167722051,-3444.088034083939,4665.86750470935,43.0698,-136.7076,27
308,STARLINK-30171,satellite,0,41,42.9806,270.5251,94.7124,185.0352,279.7477,6873.4404,509.8559,-4948.541418809558,-1209.9622576456884,-4621.594937893164,2229.4182996754944,4580.5856485467875,-4621.594937893164,-42.3919,64.0473,3
309,STARLINK-30204,satellite,0,68,43.0205,267.3485,152.7536,33.0827,185.8362,6867.4958,483.3793,-193.77984111710055,6842.13737078608,-476.0176802909131,5388.676489693227,-4220.729808570823,-476.0176802909131,-4.003,-38.0701,8
310,STARLINK-30155,satellite,0,68,43.0099,266.9805,10.986,316.1958,327.1818,6864.9403,487.5545,-3019.818556727612,-5616.149601682498,-2537.1237331351253,-2392.882453261485,5910.546000912962,-2537.1237331351253,-21.8198,112.0405,8
311,STARLINK-30161,satellite,0,68,42.9933,267.0278,96.3948,209.588,305.9828,6861.69,491.7416,-4265.840142018676,-3816.4569821089403,-3787.1878735921373,-212.2560153296147,5719.9373595785455,-3787.1878735921373,-33.6551,92.1252,4
312,STARLINK-30176,satellite,0,68,42.9833,267.0941,100.6686,184.123,284.7916,6859.3027,494.8486,-4937.333221262688,-1503.9552929702177,-4524.468614056486,1996.0370398633354,4759.724466450862,-4524.468614056486,-41.4153,67.2488,4
313,STARLINK-30154,satellite,0,77,43.0195,307.1528,151.9568,33.0406,184.9973,6867.6802,483.4182,-4476.4854820740675,5184.080570726158,-407.77996688989754,6848.046510567576,133.68853392714811,-407.77996688989754,-3.4284,1.1184,5
314,STARLINK-30145,satellite,0,77,42.9912,307.2695,83.5206,39.6278,123.1484,6863.8106,487.9139,1071.6014552378888,5528.454478193321,3915.936066408871,3569.6624191740534,-4355.41603173109,3915.936066408871,34.9817,-50.6622,8
315,STARLINK-30226,satellite,0,77,43.0168,307.2092,124.1866,33.7517,157.9382,6868.8749,484.9724,-2344.8281240537376,6204.28953458971,1758.263255992058,6271.664065689136,-2158.160653778209,1758.263255992058,14.9361,-18.989,4
316,STARLINK-30203,satellite,0,77,42.9845,306.9026,101.8544,182.8749,284.7293,6861.6862,497.2314,-2836.2883583131725,-4312.817995508929,-4527.434459719561,-1507.2040012289306,4936.928884698258,-4527.434459719561,-41.4308,106.977,8
317,STARLINK-30169,satellite,0,55,43.0198,293.1572,44.1684,328.0795,12.248,6867.1457,482.3796,3614.6366859758646,-5745.353004182673,992.8920618230775,-6729.503223319135,887.9560133310721,992.8920618230775,8.3733,172.4833,4
318,STARLINK-30164,satellite,0,77,43.0111,307.2037,115.4759,35.5292,151.0051,6868.0015,485.5335,-1691.6727503956527,6250.507566159138,2268.733428664629,5890.07999438824,-2690.2712110029447,2268.733428664629,19.4204,-24.5484,4
319,STARLINK-30072,satellite,0,77,43.0173,307.5673,40.9131,326.7071,7.6202,6869.8884,484.8743,4674.679304062604,-4986.022307031198,620.8588511422191,-6822.223476265535,-412.6886016542401,620.8588511422191,5.2228,-176.5383,4
320,STARLINK-30230,satellite,0,77,43.0113,307.1095,177.565,34.2157,211.7806,6867.6251,489.6975,-5629.357974525942,3058.8349479557596,-2466.36432752129,5949.004231782354,2378.127644688144,-2466.36432752129,-21.175,21.7892,2
321,STARLINK-30213,satellite,0,77,42.9884,307.4578,96.475,324.3202,60.7951,6863.2063,488.1752,5511.638161146991,6.863397415945778,4082.127593793455,-3514.814468527344,-4245.501334055462,4082.127593793455,36.6961,-129.6211,54
322,STARLINK-30212,satellite,0,77,42.9833,307.7227,98.8891,191.5454,290.4345,6859.6764,494.911,-2255.712391108678,-4774.716207552892,-4385.476498695024,-2233.421444452966,4785.183581172945,-4385.476498695024,-39.8841,115.0202,8
323,STARLINK-30219,satellite,0,77,42.9959,308.1186,91.9461,36.5184,128.4645,6867.1289,489.829,456.8435604906448,5783.749819228422,3663.946660747392,4158.733072657909,-4045.4180551047966,3663.946660747392,32.4349,-44.2087,5
324,STARLINK-30074,satellite,0,77,42.9813,307.3702,90.5473,359.337,89.8844,6861.1341,490.1679,3995.876372850214,3034.366542983086,4675.728301994241,-217.1334672629326,-5012.709981803464,4675.728301994241,43.1594,-92.4803,112
325,STARLINK-30082,satellite,0,77,43.019,307.1905,134.6616,29.2744,163.936,6866.9584,482.5892,-2879.101545650684,6090.375989784191,1295.0501495226727,6525.231658618419,-1674.2930473700962,1295.0501495226727,10.9483,-14.3909,4
326,STARLINK-30153,satellite,0,77,42.9826,306.9892,96.2313,166.6886,262.9199,6859.5626,494.8404,-4488.767576231868,-2322.12575252119,-4643.460105607365,1079.9842685642911,4937.097967795076,-4643.460105607365,-42.7547,77.661,4
327,STARLINK-30147,satellite,0,77,43.0126,307.1324,171.5174,34.7817,206.2991,6865.827,486.2362,-5486.188903461236,3562.681254334771,-2074.060787309974,6245.268738142235,1946.17183024338,-2074.060787309974,-17.6952,17.3083,4
328,STARLINK-30157,satellite,0,29,43.0179,281.5089,114.5698,39.2681,153.8378,6868.177,485.4089,938.7304722950577,6476.134545562606,2063.991520507321,4383.747335922295,-4858.424934753944,2063.991520507321,17.6087,-47.9401,4
329,STARLINK-30168,satellite,0,77,43.0015,307.0588,117.5834,110.0596,227.6429,6862.6729,490.4388,-5746.461364965026,1454.8659902940944,-3458.9073527879973,4789.5655768079,3492.63723484231,-3458.9073527879973,-30.4197,36.1002,4
330,STARLINK-30231,satellite,0,77,43.0052,307.0831,133.1559,89.7904,222.9464,6866.0657,492.5563,-5759.573181749226,1946.73748765805,-3190.6573272847777,5176.426943209675,3188.5849813657182,-3190.6573272847777,-27.838,31.6323,4
331,STARLINK-30081,satellite,0,77,42.9864,307.0325,76.573,172.255,248.8281,6859.7651,494.0159,-5230.4375647548995,-840.8597433362636,-4363.817330295858,2693.4742908132,4561.767033890597,-4363.817330295858,-39.6549,59.4405,4
332,STARLINK-30149,satellite,0,77,42.9995,307.0753,109.2981,121.252,230.5501,6864.7425,493.3351,-5723.354098936385,1143.0471524037912,-3615.5293315977106,4534.868115259612,3674.0046422986547,-3615.5293315977106,-31.9376,39.0133,3
333,STARLINK-30259,satellite,0,55,43.0033,292.8599,28.7681,287.2333,316.0014,6863.2983,489.583,-1294.6557729056888,-5903.501794884815,-3251.4566681036813,-3715.798162534082,4766.582741108624,-3251.4566681036813,-28.4288,127.9383,13
334,STARLINK-30256,satellite,0,55,43.0185,293.1867,162.3539,33.4607,195.8146,6866.943,484.6014,-3856.3358799159682,5530.635164363116,-1275.8277770061834,6718.646310785832,-564.839349356097,-1275.8277770061834,-10.7807,-4.8056,4
335,STARLINK-30261,satellite,0,55,42.9926,293.0937,79.6341,158.6383,238.2724,6861.0997,492.4115,-5343.433429026135,1645.2622749924972,-3980.7247876627716,4678.672261625417,3060.9140190871726,-3980.7247876627716,-35.6194,33.1938,4
336,STARLINK-30260,satellite,0,55,43.0151,292.8349,10.7489,326.4987,337.2476,6866.2623,485.781,667.4460533016018,-6585.5323526441125,-1810.5608099389106,-5493.7375007425835,3692.3662974743997,-1810.5608099389106,-15.3891,146.0948,7
337,STARLINK-30253,satellite,0,55,42.9826,292.9851,91.0568,182.5052,273.562,6858.7154,495.3725,-4447.03589599702,-2349.4925311187203,-4670.3894224989135,1032.2733635143527,4922.46433375067,-4670.3894224989135,-43.0576,78.1563,4
338,STARLINK-30257,satellite,0,55,42.9881,292.9407,103.7468,191.0954,294.8422,6860.1999,493.5892,-3071.785944194948,-4431.299876487488,-4246.829731629341,-1447.969629873962,5193.8108776961,-4246.829731629341,-38.399,105.5778,8
339,STARLINK-30250,satellite,0,55,42.9844,293.0525,77.4939,174.9279,252.4218,6859.4225,494.4996,-5215.978964550138,33.0398841344692,-4461.074605234189,3356.691940929248,3992.5114159227874,-4461.074605234189,-40.7153,49.9447,4
340,STARLINK-30269,satellite,0,55,43.0169,293.2692,119.3254,34.1344,153.4597,6865.8195,482.5584,-365.5470522495911,6522.032941030831,2090.748139744415,5252.063094348136,-3884.1178643658495,2090.748139744415,17.8521,-36.4845,4
341,STARLINK-30266,satellite,0,55,42.9974,292.6903,92.4193,322.7376,55.1569,6861.4854,485.2972,5308.426373388367,-2026.5856386141913,3837.7190872534675,-4949.736710685721,-2790.4383897897765,3837.7190872534675,34.2013,-150.5877,9
342,STARLINK-30270,satellite,0,55,42.9825,292.5677,83.7039,13.8776,97.5814,6858.7491,486.3131,4243.070830673508,2742.7807373534247,4632.478060699517,-599.3787964123835,-5016.696254082024,4632.478060699517,42.6956,-96.8132,112
343,STARLINK-30268,satellite,0,55,43.0176,293.2307,144.543,29.9416,174.4847,6867.6157,482.5964,-2250.5191640729277,6465.384071294901,449.85249846701635,6412.340236006327,-2397.482094804393,449.85249846701635,3.7831,-20.5,4
344,STARLINK-30251,satellite,0,55,42.9862,292.6328,100.0227,336.3024,76.3252,6859.0765,486.7832,5121.210827525715,379.2536194979632,4541.738703542142,-2978.9134620685586,-4182.9066728024945,4541.738703542142,41.6679,-125.4571,67
345,STARLINK-30254,satellite,0,32,42.9856,34.4001,97.5673,189.8382,287.4056,6859.4103,494.8424,4401.018336619322,-2793.2775223114045,-4465.626090205359,-4960.163286967717,-1602.542318482497,-4465.626090205359,-40.763,-162.0953,4
346,STARLINK-30264,satellite,0,25,43.0198,140.1389,139.1016,30.0567,169.1583,6867.2058,481.8571,4566.860302122237,-5042.176052398273,880.2914487830855,-6796.572562657368,-293.8601078943952,880.2914487830855,7.4187,-177.5243,4
347,STARLINK-30166,satellite,0,90,42.9904,12.6395,77.7088,169.7916,247.5004,6862.4585,496.1729,-1548.440742970115,-5102.31032010587,-4325.270679983444,-2937.2102391182657,4450.172507708833,-4325.270679983444,-39.2229,123.4257,10
348,STARLINK-30218,satellite,0,90,43.0109,12.7229,168.4811,45.6034,214.0845,6867.2915,490.401,-4926.79389844773,-3996.5481521402985,-2624.505903005537,71.2953665673578,6343.548866436187,-2624.505903005537,-22.6015,89.3561,4
349,STARLINK-30138,satellite,0,90,43.0021,12.6995,142.9583,82.4967,225.4551,6865.6258,492.3822,-3911.416448087087,-4549.572703414366,-3337.1543241054846,-1002.7352574314091,5915.430028114884,-3337.1543241054846,-29.2352,99.6209,7
350,STARLINK-30255,satellite,0,90,42.984,12.5211,100.5833,182.2809,282.8642,6862.1538,498.3791,2554.2895683728157,-4449.518744656369,-4564.393168510809,-5055.171745178049,876.2710111033545,-4564.393168510809,-41.8352,170.166,10
351,STARLINK-30252,satellite,0,21,43.0224,357.897,40.4867,328.0033,8.49,6867.3606,482.2925,6807.6366477647,490.9823016420365,691.0298465306215,-3970.0028036818044,-5551.941830321471,691.0298465306215,5.8172,-125.5673,4
352,STARLINK-30258,satellite,0,90,43.0271,13.2221,19.4639,324.7075,344.1714,6870.0859,487.9368,6743.024918010756,178.1175768638907,-1277.7490551393387,-4169.481920850573,-5302.4080782039055,-1277.7490551393387,-10.7918,-128.1793,2
353,STARLINK-30174,satellite,0,90,43.0118,12.3879,9.6553,320.8957,330.551,6867.9306,489.4763,6368.452629407648,-1128.0779873469967,-2302.4331730436174,-4935.352060818581,-4179.957999109538,-2302.4331730436174,-19.7087,-139.7373,3
354,STARLINK-30248,satellite,0,90,43.0063,12.4131,22.3529,297.3478,319.7008,6866.3088,491.6079,5811.830186533345,-2045.7720047150297,-3028.7732501644336,-5286.007199935645,-3165.5459394241125,-3028.7732501644336,-26.3192,-149.0846,4
355,STARLINK-30052,satellite,0,90,43.0194,12.315,52.5435,327.3211,19.8646,6869.1023,484.9919,5941.572457824287,3042.00665318197,1590.7883312629424,-1453.9044053567377,-6514.7716559879345,1590.7883312629424,13.4855,-102.5806,17
356,STARLINK-30245,satellite,0,90,42.9991,12.4371,111.1309,197.5773,308.7083,6866.2076,498.1012,5039.903993687809,-2903.595789477378,-3656.176192022807,-5453.085968396359,-2023.6981483264306,-3656.176192022807,-32.314,-159.6396,2
357,STARLINK-30041,satellite,0,90,42.9867,12.6174,78.6463,172.6006,251.2469,6859.5615,494.497,-1114.7921267149136,-5121.528490431881,-4431.423190382728,-3228.9549305876026,4128.760785069176,-4431.423190382728,-40.3892,128.0277,13
358,STARLINK-30244,satellite,0,90,43.0053,12.7068,160.3396,58.6211,218.9607,6866.5745,491.2189,-4513.242723671191,-4253.820676710968,-2944.39722215293,-390.7928128147487,6189.639020963747,-2944.39722215293,-25.5348,93.6127,4
359,STARLINK-30246,satellite,0,90,43.0198,12.7405,160.4644,30.8123,191.2767,6869.6361,486.1211,-6349.215940419213,-2441.6573321530313,-915.7278309270257,2176.21168183374,6445.024150581629,-915.7278309270257,-7.7143,71.3424,4
360,STARLINK-30075,satellite,0,90,43.0307,12.3613,22.4504,327.0076,349.458,6869.7325,486.8422,6788.857006934768,547.9565918346333,-857.033370139026,-3914.1680758523416,-5573.87873577464,-857.033370139026,-7.2164,-125.0778,3
361,STARLINK-30148,satellite,0,90,43.0029,12.4545,70.9022,237.2874,308.1896,6864.531,493.3911,4995.780632302484,-2937.8980134453386,-3680.236626394814,-5451.300894756853,-1967.8382602027543,-3680.236626394814,-32.5776,-160.1512,2
362,STARLINK-30249,satellite,0,90,43.0208,12.3263,53.3465,324.2987,17.6452,6869.3489,485.121,6064.074306488441,2881.7690872047597,1419.1937204159728,-1655.442426436826,-6506.696599606837,1419.1937204159728,12.008,-104.2744,14
363,STARLINK-30141,satellite,0,90,43.0023,12.4323,78.6746,234.3049,312.9795,6865.2932,493.0737,5361.805031585309,-2579.6630016944364,-3425.8623163474235,-5409.412078835951,-2478.28072671124,-3425.8623163474235,-30.0866,-155.3855,3
364,STARLINK-30150,satellite,0,90,43.0197,12.3704,20.0576,326.3462,346.4038,6869.5443,487.0104,6770.069766810346,276.9743498401388,-1100.9556356931846,-4110.685830771336,-5386.355116277113,-1100.9556356931846,-9.2858,-127.3497,2
365,STARLINK-30056,satellite,0,90,42.9871,12.5974,70.6028,181.519,252.1218,6861.982,496.8691,-1014.5671309654891,-5124.6217893549765,-4455.396065338872,-3295.3454692499463,4053.6148294406557,-4455.396065338872,-40.6358,129.109,15
366,STARLINK-30100,satellite,0,90,43.0173,12.7911,135.0932,35.5379,170.6312,6869.8426,484.8863,-6784.021409852964,-702.5753110702328,762.1639483359907,3792.1030989282335,5668.907535334098,762.1639483359907,6.4159,56.2202,4
367,STARLINK-30309,satellite,0,45,42.9914,23.9082,68.7169,40.544,109.2609,6861.1237,486.3277,-3985.9185793308425,3411.1793629141803,4413.080662594091,5170.518837091035,888.4967767601435,4413.080662594091,40.2461,9.7504,17
368,STARLINK-30306,satellite,0,45,42.9827,23.9668,99.6773,349.3154,88.9927,6858.5735,487.1465,-1926.721261972611,4630.930255247855,4673.079607750413,4793.958495239753,-1475.036201666216,4673.079607750413,43.1528,-17.1024,14
369,STARLINK-30323,satellite,0,90,43.0231,12.3245,9.1803,324.0446,333.2249,6868.2507,489.3431,6470.71933379652,-900.6903927431603,-2110.206461145101,-4825.695186988237,-4403.875320967485,-2110.206461145101,-18.0054,-137.6168,2
370,STARLINK-30329,satellite,0,45,42.9946,24.0801,87.5233,325.2423,52.7656,6861.9536,484.5143,2158.521769858373,5337.8808190510745,3722.5041591637673,2728.8399998176396,-5070.071017721661,3722.5041591637673,33.0466,-61.7097,37
371,STARLINK-30330,satellite,0,45,43.0113,24.1299,66.7085,325.5369,32.2454,6865.0375,483.022,4199.865051457402,4813.211351892575,2496.1201422376676,1021.3786972441181,-6305.763675024362,2496.1201422376676,21.4648,-80.7994,45
372,STARLINK-30311,satellite,0,45,42.9992,23.3983,48.3468,266.7381,315.085,6863.1597,490.1136,5868.014323900444,-1322.527464147226,-3304.825429982617,-4765.36492413558,-3670.6904171753263,-3304.825429982617,-28.936,-142.3935,4
373,STARLINK-30328,satellite,0,90,43.016,12.2673,13.1615,323.1359,336.2974,6868.8506,488.6527,6571.259011841325,-636.1159466673064,-1882.6932243698948,-4686.320629358714,-4650.213700160158,-1882.6932243698948,-16.0111,-135.2216,3
374,STARLINK-30326,satellite,0,45,43.0259,23.7516,140.4307,33.4896,173.9203,6867.4883,482.3412,-6457.917988777118,-2261.44323357448,495.7735690236984,2384.307864195449,6413.572035705737,495.7735690236984,4.17,69.6069,4
375,STARLINK-30324,satellite,0,45,42.9855,24.0144,102.9216,331.8386,74.7602,6859.2157,486.6698,-323.1011305427705,5153.193421675507,4509.820035901452,4171.654086453893,-3042.5481039303672,4509.820035901452,41.3123,-36.1047,5
376,STARLINK-30312,satellite,0,45,43.0216,23.334,21.4159,329.0461,350.4619,6867.393,483.867,6542.673516141264,1917.019912363399,-775.7504024723103,-2703.466603913398,-6258.818610947199,-775.7504024723103,-6.5317,-113.3617,4
377,STARLINK-30263,satellite,0,45,42.988,23.4551,100.5235,192.8119,293.3353,6860.3551,494.5122,4329.437275376563,-3147.25201146917,-4297.513442754528,-5186.824639205083,-1321.3903689870872,-4297.513442754528,-38.9354,-165.7074,6
378,STARLINK-30280,satellite,0,45,42.9924,23.5919,79.2022,172.5577,251.76,6859.5001,494.3596,-60.4574012011288,-5229.283890431565,-4445.066144834007,-3985.238709617587,3386.2866877233864,-4445.066144834007,-40.5401,139.6452,14
379,STARLINK-30247,satellite,0,45,42.9846,23.5277,92.0672,180.8664,272.9336,6858.6034,495.3549,2323.7686010735256,-4457.281139744622,-4673.446645860821,-4913.918887101656,1058.610807163779,-4673.446645860821,-43.0927,167.8425,12
380,STARLINK-30277,satellite,0,35,43.0241,241.6577,153.1353,29.58,182.7153,6867.5541,482.9854,3044.427714540491,6144.6699518123705,-221.77256738397193,2783.853426147761,-6267.030319656467,-221.77256738397193,-1.8639,-66.0489,7
381,STARLINK-30265,satellite,0,45,43.011,23.3698,10.2496,319.1841,329.4337,6865.5052,487.4741,6436.87057218734,1.3551671878480236,-2380.7230085349106,-4109.967421247929,-4953.935041545269,-2380.7230085349106,-20.4138,-129.6804,2
382,STARLINK-30286,satellite,0,45,42.9983,23.6577,94.2549,136.1112,230.3661,6862.3715,491.2562,-2458.849195554947,-5297.8096682714395,-3604.7966825457916,-2506.19697926663,5275.576115347628,-3604.7966825457916,-31.8426,115.4104,8
383,STARLINK-30243,satellite,0,45,43.0029,23.8354,94.444,37.0284,131.4724,6862.4729,484.4885,-5672.201672961633,1601.7908313152031,3504.160918518433,4855.194767111587,3341.6596863604273,3504.160918518433,30.8899,34.5383,5
384,STARLINK-30299,satellite,0,45,43.0194,23.7009,186.7808,22.3229,209.1037,6865.5582,486.0775,-4508.950112863028,-4644.296064436046,-2277.030983493945,-693.9989585530419,6435.719268267608,-2277.030983493945,-19.4926,96.1547,4
385,STARLINK-30294,satellite,0,90,42.995,12.4174,107.1142,193.6502,300.7645,6860.9934,492.5499,4356.076086682155,-3457.6929645987098,-4021.710122129191,-5442.71731813899,-1143.620437570719,-4021.710122129191,-36.0414,-168.1337,5
386,STARLINK-30276,satellite,0,45,43.0054,23.6697,144.4565,77.4813,221.9378,6866.0573,491.9797,-3330.4128965568407,-5123.560857532946,-3129.652010292246,-1815.477212120354,5834.943737061016,-3129.652010292246,-27.2643,107.2829,8
387,STARLINK-30289,satellite,0,90,42.9831,12.9386,102.7707,333.6991,76.4697,6861.6737,489.2938,471.5899086820234,5113.186698375383,4545.90310716878,3633.32742405116,-3628.4992881426097,4545.90310716878,41.6958,-44.9619,7
388,STARLINK-30288,satellite,0,58,43.0069,49.5592,152.9143,66.3316,219.2459,6863.9953,488.9574,-1031.1473251775392,-6104.74472241258,-2961.5763611490506,-4038.945273890345,4692.344190973621,-2961.5763611490506,-25.7036,130.7203,14
389,STARLINK-30347,satellite,0,2,43.0139,37.7246,124.2023,35.6048,159.807,6869.0512,484.8257,-6153.471259020714,-2570.5952801015974,1615.7795788021526,1951.9805141187946,6376.750010951903,1615.7795788021526,13.7017,72.9802,5
390,STARLINK-30345,satellite,0,58,42.9943,49.1034,95.2048,322.0364,57.2412,6861.2382,485.0578,-758.8823211893053,5565.233524768838,3931.785401342011,4767.031010997595,-2970.3774007374714,3931.785401342011,35.1607,-31.9274,4
391,STARLINK-30333,satellite,0,58,43.0231,48.808,129.3126,34.2115,163.524,6866.8552,482.2641,-5402.410456001927,-4013.239132135447,1327.3812442980502,362.21203393712784,6720.18820490121,1327.3812442980502,11.2256,86.9148,4
392,STARLINK-30336,satellite,0,58,43.0135,49.1799,57.8435,323.8416,21.6851,6866.4502,482.3859,2763.9743829623126,6034.8320498039,1728.9596292731928,2878.4509068822904,-5981.076210489276,1728.9596292731928,14.6873,-64.3004,9
393,STARLINK-30346,satellite,0,58,42.9954,48.8976,90.2887,30.7665,121.0552,6860.9764,485.2122,-5562.158548160237,159.00947828170897,4005.276628476392,3674.716660647524,4178.438607065435,4005.276628476392,35.916,48.6701,6
394,STARLINK-30315,satellite,0,58,43.0036,49.1305,79.2512,323.8178,43.069,6863.3932,483.863,688.2787886276498,6029.003252566262,3193.8323707781888,4199.641884505034,-4380.138805133955,3193.8323707781888,27.9067,-46.2052,4
395,STARLINK-30287,satellite,0,58,42.9844,48.9633,90.8946,8.837,99.7316,6858.9962,487.2759,-4489.336118678661,2371.229636227194,4606.97236457297,4691.8097124078595,1940.0490707067722,4606.97236457297,42.3987,22.4649,12
396,STARLINK-30335,satellite,0,58,42.9845,49.0302,100.2223,338.3289,78.5512,6858.9415,486.7569,-2819.0283974963786,4250.090735310294,4580.963783061938,5070.794745045936,-545.1908086862045,4580.963783061938,42.1088,-6.1366,18
397,STARLINK-30318,satellite,0,58,43.0089,48.8267,106.9302,35.3185,142.2488,6864.2458,483.232,-5880.567597666502,-2060.202470279164,2863.8290624739325,2170.425382558235,5840.784463410414,2863.8290624739325,24.8199,69.615,5
398,STARLINK-30348,satellite,0,58,43.0161,49.2321,6.2861,333.1094,339.3954,6866.3969,484.7462,5531.171661425687,3711.415999525214,-1647.3336764989704,-676.6955351331085,-6626.503740466857,-1647.3336764989704,-13.9747,-95.8308,4
399,STARLINK-30349,satellite,0,58,42.9899,49.325,104.5993,192.1894,296.7887,6862.7798,496.3344,5417.525049722675,-575.1601689285905,-4179.567882148924,-3902.565505357511,-3801.3641447102004,-4179.567882148924,-37.6672,-135.7526,4
400,STARLINK-30341,satellite,0,74,42.99,52.4784,96.7831,324.6058,61.3889,6867.1845,493.0414,-1493.840097837013,5291.117053219848,4108.535076954396,5025.495268130125,-2229.7702165876417,4108.535076954396,36.9416,-23.9265,6
401,STARLINK-30300,satellite,0,58,43.0255,49.2001,34.2987,326.3427,0.6413,6867.579,482.8412,4440.3175774757665,5230.089727612762,52.39810076906312,1188.5911316566114,-6757.034103026864,52.39810076906312,0.4403,-80.0235,6
402,STARLINK-30281,satellite,0,58,42.9891,49.5061,80.0457,160.414,240.4597,6860.7547,493.5854,1124.3781965751652,-5410.319316200144,-4071.991026287286,-4881.2567695693615,2590.1957033620647,-4071.991026287286,-36.5568,152.0477,18
403,STARLINK-30325,satellite,0,58,43.0046,49.2691,33.3955,284.8725,318.2679,6863.5817,489.4485,5873.653223516237,1701.2003862741828,-3115.943166952607,-2442.2558016489465,-5606.181547514687,-3115.943166952607,-27.1461,-113.5397,4
404,STARLINK-30338,satellite,0,58,42.9812,49.4357,87.1023,174.653,261.7553,6858.7376,495.1045,3134.995459501735,-3979.2214862998076,-4630.873399170299,-5064.1625762419735,129.0642069545232,-4630.873399170299,-42.6097,178.5401,9
405,STARLINK-30334,satellite,0,58,42.9831,49.3698,104.3077,178.5786,282.8863,6859.2246,495.2535,4711.657417688394,-2025.669096001403,-4561.837014234044,-4567.89542054826,-2331.819533130179,-4561.837014234044,-41.8299,-152.9566,4
406,STARLINK-30375,satellite,0,52,43.0212,88.7397,43.9636,326.6015,10.565,6869.7789,484.7792,-771.3212988643673,6764.842182919645,858.4745875144744,5698.055148326352,-3726.9550349477518,858.4745875144744,7.2308,-33.1877,6
407,STARLINK-30365,satellite,0,27,43.0011,103.5484,135.5326,88.7397,224.2723,6865.708,492.4065,4559.235084219698,-3958.099909721361,-3268.695875834031,-5957.523243283655,-980.3551674016159,-3268.695875834031,-28.5803,-170.6553,7
408,STARLINK-30351,satellite,0,27,42.984,103.5147,76.7663,173.3809,250.1471,6859.8111,494.6635,5136.859395264628,-1162.7836010282585,-4401.689465647779,-4175.480788601671,-3210.10129646357,-4401.689465647779,-40.0626,-142.447,4
409,STARLINK-30242,satellite,0,34,43.0206,74.9135,43.999,326.7735,10.7725,6867.2925,482.3075,848.9312482040847,6750.920798971651,874.8083049896717,4652.542696849096,-4964.822489491595,874.8083049896717,7.3718,-46.8598,6
410,STARLINK-30331,satellite,0,91,42.9859,30.6516,88.122,6.3243,94.4464,6858.678,487.1834,-3006.1916598259604,4030.28235349942,4660.08002357838,5021.190497630265,-260.78752087382395,4660.08002357838,43.0037,-2.9731,18
411,STARLINK-30364,satellite,0,27,43.0073,103.2929,16.254,306.2431,322.4972,6866.7544,490.8791,1722.2330087792259,6003.247156341322,-2850.8738233350637,3519.4716009960125,-5159.300592757848,-2850.8738233350637,-24.6708,-55.6997,14
412,STARLINK-30308,satellite,0,27,42.9935,103.561,75.5352,157.6122,233.1474,6864.5495,494.5245,4872.252739817675,-3060.999188454102,-3746.6194291661022,-5467.132229771196,-1794.164979753687,-3746.6194291661022,-33.233,-161.8316,4
413,STARLINK-30361,satellite,0,27,42.9871,103.3781,101.2705,188.9524,290.223,6862.2071,496.5225,4035.807928589773,3399.3979966700517,-4392.799416182258,38.24950554188722,-5276.5698471221085,-4392.799416182258,-39.9526,-89.5847,9
414,STARLINK-30363,satellite,0,52,42.9906,88.8848,103.6824,193.696,297.3784,6863.0241,495.8077,4520.355954273536,3070.069512710443,-4157.419120121644,-524.6278615096059,-5439.090950989715,-4157.419120121644,-37.4371,-95.5094,4
415,STARLINK-30362,satellite,0,27,43.0181,104.0584,48.1451,327.7899,15.935,6869.9283,485.4646,-2939.3360248350314,6066.846902675302,1285.4396825886406,6545.596112459867,-1612.9163462325566,1285.4396825886406,10.8615,-13.8426,4
416,STARLINK-30350,satellite,0,6,43.0113,100.2893,112.5714,35.8483,148.4197,6865.104,482.9896,-1540.4574992902615,-6217.857114301691,2450.0433342225106,-3800.7043832519507,5156.491306316841,2450.0433342225106,21.05,126.3929,6
417,STARLINK-30307,satellite,0,27,43.0189,103.6675,138.3112,32.7677,171.0789,6869.9393,485.0173,845.9209555610521,-6771.765650713854,726.0810015117917,-5751.026908950567,3673.973568736148,726.0810015117917,6.1109,147.428,5
418,STARLINK-30356,satellite,0,27,42.9936,103.1282,92.7584,322.1533,54.9117,6864.1208,487.7479,-4893.537914057679,2907.4450160683177,3827.369132909676,5362.568852525508,1908.6134076087105,3827.369132909676,34.0826,19.5914,10
419,STARLINK-30370,satellite,0,52,43.0194,88.7979,28.9896,323.9651,352.9547,6867.5188,483.5617,758.042731337844,6795.331824342976,-574.178804152372,4744.763677593122,-4923.249031813803,-574.178804152372,-4.8301,-46.0576,10
420,STARLINK-30368,satellite,0,27,43.0194,103.604,158.369,35.2989,193.668,6869.5901,486.7908,2721.4648909555394,-6203.91875465754,-1106.6120946472988,-6511.923843265081,1868.1078466220686,-1106.6120946472988,-9.3342,163.9931,5
421,STARLINK-30397,satellite,0,69,42.9858,125.9729,98.2332,342.7401,80.9733,6858.8256,486.8747,-4639.977469024023,-2038.7711864535952,4616.171140509996,1394.5937142428197,4872.482656301446,4616.171140509996,42.506,74.0279,4
422,STARLINK-30354,satellite,0,28,43.0135,128.6636,59.1906,325.2114,24.4021,6868.6549,485.2142,-5522.335945972927,3584.1777598614985,1933.818774053831,6284.8958433368225,1960.2573180269028,1933.818774053831,16.4664,17.3227,5
423,STARLINK-30383,satellite,0,28,42.9969,128.7969,76.6491,233.322,309.9711,6862.396,490.8917,235.72878813039554,5846.501148849775,-3586.9115621267206,4348.237703913504,-3915.3508930005464,-3586.9115621267206,-31.6684,-42.0013,11
424,STARLINK-30384,satellite,0,28,42.9933,128.6019,89.6804,325.1876,54.868,6864.2129,487.5663,-5669.105327210474,524.7926040015217,3825.1992733135025,4024.4842275874657,4027.1192172718934,3825.1992733135025,34.0617,45.0188,6
425,STARLINK-30305,satellite,0,69,42.9945,126.0357,95.6487,324.0104,59.6591,6860.9094,485.6967,-5537.396400932002,254.59826330460453,4035.1834667214553,3732.4559697840673,4098.335224253341,4035.1834667214553,36.2229,47.6751,6
426,STARLINK-30360,satellite,0,69,42.9964,126.0565,88.4816,324.1197,52.6013,6861.9184,484.7947,-5671.917878245113,1021.768869106193,3714.6705718079306,4408.695841015498,3711.8816011348927,3714.6705718079306,32.9668,40.0956,5
427,STARLINK-30355,satellite,0,28,42.9947,129.0107,95.3418,136.4229,231.7647,6864.6611,493.8929,5739.748812118829,-818.8377385764941,-3677.637892951936,-4295.864872520219,-3893.6816337989694,-3677.637892951936,-32.5491,-137.8115,3
428,STARLINK-30385,satellite,0,33,43.0016,114.2258,47.0459,267.4057,314.4516,6863.8768,490.8952,1295.389533891577,5853.930874019101,-3341.7377943821307,3677.185499060718,-4735.488098159201,-3341.7377943821307,-29.2862,-52.1701,14
429,STARLINK-30359,satellite,0,33,42.9958,114.5027,91.7586,144.583,236.3416,6861.434,492.1103,5379.663548122467,-1728.4572116895229,-3895.7717207223063,-4765.8283866282945,-3035.6587444650413,-3895.7717207223063,-34.7516,-147.5044,4
430,STARLINK-30380,satellite,0,69,43.0199,125.68,171.4988,29.8979,201.3967,6866.2903,485.3916,5213.336731721585,-4122.325650611818,-1708.014806573348,-6501.644803795381,-1378.790590804185,-1708.014806573348,-14.499,-168.0268,5
431,STARLINK-30369,satellite,0,69,43.0019,125.632,134.7487,87.747,222.4957,6863.5121,489.8701,5704.168008208838,-2137.734883404834,-3162.202070059705,-5288.011002868365,-3023.9680440014845,-3162.202070059705,-27.5806,-150.2368,4
432,STARLINK-30376,satellite,0,69,42.9838,125.4755,96.1909,182.8789,279.0698,6858.8461,495.094,3409.8654864155146,3758.6214063122766,-4620.973854924523,714.4343449475651,-5024.340860072685,-4620.973854924523,-42.4975,-81.9071,10
433,STARLINK-30389,satellite,0,28,43.017,128.6764,51.5016,325.8812,17.3829,6869.3543,484.8541,-5262.619937901493,4175.780082083087,1398.603972053407,6574.252645528428,1382.5737077937704,1398.603972053407,11.8317,11.8763,5
434,STARLINK-30388,satellite,0,69,42.9838,125.545,79.8477,177.9511,257.7988,6859.0064,494.8892,4836.354859829921,1672.6941543803152,-4573.781455881368,-1801.7037260344798,-4789.79099208849,-4573.781455881368,-41.9666,-110.614,4
435,STARLINK-30381,satellite,0,69,43.0177,125.6525,125.6921,33.3127,159.0047,6866.4177,482.2679,2272.494243553106,-6250.784637206585,1676.6072583082253,-6261.244119659219,2243.515264434969,1676.6072583082253,14.2334,160.2865,5
436,STARLINK-30382,satellite,0,69,42.9895,125.4073,103.0973,197.1518,300.2491,6860.9028,492.7788,1531.5675538181938,5330.827761114098,-4042.75354242554,3123.8271077056593,-4583.135170572289,-4042.75354242554,-36.258,-55.722,15
437,STARLINK-30378,satellite,0,69,42.9833,125.8897,81.2878,20.9159,102.2037,6859.1119,486.9622,-3121.69112460695,-4047.665907948993,4568.414300681927,-1120.8966513004102,4987.198158979235,4568.414300681927,41.9659,102.667,4
438,STARLINK-30387,satellite,0,33,43.0088,114.2324,11.8498,316.723,328.5728,6867.6273,489.8361,-17.450326706818608,6416.345246412741,-2441.713804848175,4948.420560466822,-4084.47362481566,-2441.713804848175,-20.9531,-39.5366,13
439,STARLINK-30372,satellite,0,15,43.0058,9.6635,134.294,92.7459,227.0399,6862.7709,490.031,-3994.04746004066,-4405.776859492263,-3425.6437372110076,-839.3130266903432,5887.175765332869,-3425.6437372110076,-30.0992,98.1138,6
440,STARLINK-30367,satellite,0,69,43.0212,125.7127,146.6676,33.3907,180.0583,6867.6082,483.0879,4009.1891060745984,-5568.014630739176,-4.764897856167222,-6845.03136999509,471.09421581662957,-4.764897856167222,-0.04,176.063,4
441,STARLINK-30374,satellite,0,43,43.0132,165.1534,12.5485,321.3838,333.9324,6867.8809,488.2587,-5395.176526783534,3711.9683705365105,-2057.7308967426306,6302.01629198941,1780.7946525412635,-2057.7308967426306,-17.546,15.779,4
442,STARLINK-30394,satellite,0,43,42.9815,165.3532,86.2004,178.081,264.2814,6858.7308,495.5413,1925.093205520079,4661.092784571139,-4656.19613899155,2357.1452509126693,-4458.20996167975,-4656.19613899155,-42.8943,-62.1337,13
443,STARLINK-30379,satellite,0,43,42.9915,165.4228,75.2755,167.7636,243.0391,6860.5134,493.3891,4137.901063108003,3547.5284329367514,-4171.555680656313,87.03010959615439,-5449.734759654702,-4171.555680656313,-37.6016,-89.0851,9
444,STARLINK-30395,satellite,0,43,43.005,165.4752,146.3261,76.1498,222.4759,6864.4372,490.3643,5750.889267382577,2011.5912392027712,-3161.417777412126,-2125.0098149643427,-5709.9527113312115,-3161.417777412126,-27.5711,-110.4132,4
445,STARLINK-30403,satellite,0,43,43.015,165.5057,169.9369,37.7522,207.6891,6865.6907,486.4963,6466.751986022417,736.5011812867494,-2175.374859236448,-3563.3684963382125,-5446.441057981441,-2175.374859236448,-18.5891,-123.195,4
446,STARLINK-30413,satellite,0,43,43.0135,165.9416,58.7212,324.8142,23.5354,6866.5232,482.6842,-6586.766152894106,-415.16643321931633,1868.4626724442294,3887.2794394639777,5333.564481629906,1868.4626724442294,15.9012,53.9142,5
447,STARLINK-30398,satellite,0,43,43.0084,165.6019,107.6956,36.4716,144.1672,6864.4766,484.2691,4655.989674062921,-4226.78368684009,2738.924690351106,-6226.065001179262,-883.2070999537556,2738.924690351106,23.6668,-171.9261,9
448,STARLINK-30386,satellite,0,43,42.994,165.6576,88.5049,34.286,122.7909,6861.2564,485.437,2553.240888042453,-5004.35221062354,3930.566626676616,-5481.437517507374,1231.4312088002011,3930.566626676616,35.146,167.3384,4
449,STARLINK-30391,satellite,0,43,42.9826,165.7209,81.5513,20.2402,101.7915,6858.6345,487.2604,146.7816459894347,-5103.500386119367,4575.521436205441,-4020.8068308505467,3146.4858925006292,4575.521436205441,42.0436,141.955,7
450,STARLINK-30401,satellite,0,43,42.9783,165.7274,86.8375,9.6367,96.4742,6861.2044,489.3101,-479.641252033628,-5021.873949400931,4645.164520694728,-3557.9215967968116,3576.3763232315077,4645.164520694728,42.8169,134.8518,7
451,STARLINK-30390,satellite,0,43,43.0088,165.6041,107.5447,35.7818,143.3264,6866.8864,485.8834,4584.7376488161335,-4270.19075585298,2794.9116443301496,-6213.959806536113,-800.6571816938921,2794.9116443301496,24.1746,-172.658,9
452,STARLINK-30409,satellite,0,43,43.0182,165.0933,30.5297,329.0812,359.6109,6870.0435,485.0034,-6623.247700655905,1798.4071632000293,-31.79938740459844,5613.888643514993,3947.9023198537075,-31.79938740459844,-0.2671,35.1164,4
453,STARLINK-30415,satellite,0,43,42.9845,165.8125,101.4304,331.4185,72.8489,6861.8968,489.0247,-3135.6529638703905,-4151.94118523447,4467.893732182789,-1192.2178672798846,5064.538643589758,4467.893732182789,40.83,103.2465,4
454,STARLINK-30407,satellite,0,19,43.019,60.022,128.8996,34.7624,163.662,6866.8557,481.9936,-4511.004790110246,-4996.840392665425,1316.4194642217506,-963.9639603158566,6662.4583758086255,1316.4194642217506,11.1322,98.2328,4
455,STARLINK-30408,satellite,0,43,43.0115,165.0683,63.5309,326.3025,29.8334,6867.8548,485.4638,-6393.986314009195,-877.9656640568201,2328.3461180342038,3408.04086785141,5480.79758192676,2328.3461180342038,19.9519,58.126,5
456,STARLINK-30377,satellite,0,43,43.0086,165.1638,14.3502,313.5127,327.8628,6865.1199,487.7728,-4934.174124748378,4068.7258206493693,-2490.2422223504486,6282.108929277153,1198.2117916510244,-2490.2422223504486,-21.3962,10.7986,4
457,STARLINK-30422,satellite,0,43,42.9823,165.3671,80.6274,176.4787,257.1061,6861.6274,498.2416,2719.706381856919,4350.981188826736,-4563.617837518891,1611.0269129084882,-4871.594440726969,-4563.617837518891,-41.8275,-71.701,12
458,STARLINK-30402,satellite,0,43,42.982,165.3716,80.6478,176.6115,257.2592,6859.2732,495.0556,2701.5476776191103,4356.586539673028,-4564.245730142758,1626.937487738039,-4861.201553433271,-4564.245730142758,-41.8584,-71.4957,13
459,STARLINK-30411,satellite,0,43,42.9837,165.2766,92.3774,186.1373,278.5148,6858.7824,495.0661,279.15497352484164,5060.829403248566,-4627.862686634917,3715.9409629833604,-3446.984842968009,-4627.862686634917,-42.5758,-42.8496,5
460,STARLINK-30418,satellite,0,43,43.0123,165.15,8.5851,324.7411,333.3263,6868.2634,488.6421,-5351.811719673131,3750.199463999065,-2102.170228311886,6303.738883750122,1723.009224614398,-2102.170228311886,-17.9364,15.2873,4
461,STARLINK-30432,satellite,0,24,42.9815,216.3202,80.0787,176.8321,256.9109,6859.048,494.9854,-1644.4201896766813,4861.290939803825,-4557.815155657331,4790.921289929395,-1839.385917999891,-4557.815155657331,-41.7868,-21.0034,4
462,STARLINK-30427,satellite,0,24,42.9935,216.3799,81.7258,153.8947,235.6205,6861.4898,491.9046,662.7386988610249,5634.2876842321475,-3862.607967639616,3912.226117928968,-4108.394710084767,-3862.607967639616,-34.4158,-46.4011,12
463,STARLINK-30393,satellite,0,24,42.9911,216.1674,98.9073,203.5891,302.4964,6863.673,494.9427,-5477.660813304269,1242.6923983509023,-3948.7587684287323,4454.627606307627,3421.3075383031974,-3948.7587684287323,-35.2761,37.5255,4
464,STARLINK-30439,satellite,0,24,43.006,216.4347,160.1873,54.3025,214.4898,6864.4966,487.9746,2863.1053101526745,5645.892309329885,-2650.6696665966083,2515.856411764538,-5808.953305110831,-2650.6696665966083,-22.8478,-66.5826,13
465,STARLINK-30442,satellite,0,24,43.0228,216.4283,161.3564,32.002,193.3583,6867.0667,483.5478,4682.93930950573,4896.497106787383,-1081.5677235292458,776.9426705949172,-6730.673412066586,-1081.5677235292458,-9.1256,-83.4153,4
466,STARLINK-30441,satellite,0,24,42.9806,216.202,93.9775,184.0517,278.0292,6858.8358,495.5368,-3710.450322938346,3446.0810235551803,-4633.601896180408,5021.44290819379,654.237831106311,-4633.601896180408,-42.6373,7.4232,4
467,STARLINK-30460,satellite,0,24,43.0224,216.4904,148.6604,30.4787,179.1391,6867.5631,482.739,5560.040256341591,4019.0289100985433,70.33410781259397,-458.4296815225833,-6845.179563710952,70.33410781259397,0.5911,-93.8314,5
468,STARLINK-30444,satellite,0,24,43.0038,216.5667,99.0358,37.5782,136.614,6863.5338,484.4808,6055.314859064428,202.30703280228522,3212.962000804345,-3711.6515059059357,-4788.675106606619,3212.962000804345,28.0856,-127.7789,30
469,STARLINK-30446,satellite,0,37,43.0077,202.3613,72.4249,329.1736,41.5985,6863.594,483.8537,-3475.970952401537,-5029.9451872523205,3105.4482510648427,-1650.4784653476088,5887.159203225765,3105.4482510648427,27.0712,105.661,4
470,STARLINK-30445,satellite,0,24,43.017,216.525,121.8699,35.963,157.8329,6866.2946,482.9659,6231.276928485619,2260.223591467867,1765.7252970320833,-2240.4984263269466,-6238.396400080035,1765.7252970320833,15.0054,-109.7556,13
471,STARLINK-30447,satellite,0,20,43.0085,190.7352,69.5373,325.1773,34.7146,6864.6465,482.8433,-5006.439956468444,-3855.8748540287197,2663.906716490833,230.40845945878655,6314.99199282664,2663.906716490833,22.9866,87.9104,4
472,STARLINK-30434,satellite,0,24,42.9819,216.6897,75.9092,18.1257,94.0349,6858.7709,487.8082,3376.1766415141683,-3723.772979934358,4662.6279281583265,-5021.63322693344,-219.66714582100013,4662.6279281583265,43.0279,-177.4952,4
473,STARLINK-30429,satellite,0,24,42.9918,216.6027,86.3409,34.5123,120.8532,6863.5065,487.9059,5391.75382718851,-1360.1792602014823,4015.042723376947,-4490.166009363894,-3280.1686178056934,4015.042723376947,36.0007,-143.851,5
474,STARLINK-30284,satellite,0,67,42.9954,179.8487,60.6717,172.5028,233.1745,6864.2399,494.0747,4125.840676140282,4008.82621828934,-3747.829509944543,449.6939783606624,-5735.069682154164,-3747.829509944543,-33.2475,-85.5165,8
475,STARLINK-30433,satellite,0,24,43.0137,216.0851,17.1953,324.4868,341.6821,6866.6665,484.9059,-6193.31223777667,-2562.45930046269,-1471.2216933979394,1983.686098491766,6402.21083718527,-1471.2216933979394,-12.4554,72.7847,4
476,STARLINK-30358,satellite,0,24,43.0059,216.1215,22.1173,298.3422,320.4595,6863.9176,488.8883,-6158.657220809583,-539.0796749611083,-2980.0680078387227,3518.5115632387656,5083.280637417266,-2980.0680078387227,-25.876,55.31,4
477,STARLINK-30436,satellite,0,24,42.9827,216.2149,99.091,186.0058,285.0968,6859.2477,494.6515,-4306.382712191994,2855.074505770702,-4517.879250262789,4947.274529943472,1490.2540799274773,-4517.879250262789,-41.3434,16.7637,4
478,STARLINK-30339,satellite,0,24,43.0007,216.5694,95.8086,36.2469,132.0556,6865.1449,486.9077,5909.569264477483,-253.96993326485477,3473.587817071239,-3969.66662347181,-4385.117617254229,3473.587817071239,30.5799,-132.1532,26
479,STARLINK-30282,satellite,0,24,43.0212,216.0649,26.3126,329.4912,355.8038,6867.4413,482.9701,-5747.3444066919565,-3731.590035613109,-342.5251784508723,799.2341116658409,6805.729700610367,-342.5251784508723,-2.8795,83.3021,4
480,STARLINK-30340,satellite,0,24,42.9934,216.1359,94.7762,211.9904,306.7666,6864.2388,494.9321,-5692.0184932238635,825.6691699523236,-3751.0419922265737,4270.637819813874,3852.590909685016,-3751.0419922265737,-33.275,42.054,4
481,STARLINK-30279,satellite,0,24,43.0117,216.0939,12.0208,322.6181,334.6389,6865.8549,486.0199,-6276.8568390111795,-1916.360161567888,-2005.0233002601478,2534.206205176447,6053.855544686469,-2005.0233002601478,-17.0886,67.2853,4
482,STARLINK-30465,satellite,0,42,42.9939,245.0692,95.9995,208.3068,304.3063,6863.9528,494.4467,-5392.8156897508115,-1760.5206787492912,-3867.4285350568202,2089.5152090426022,5274.070564099994,-3867.4285350568202,-34.4501,68.3872,3
483,STARLINK-30470,satellite,0,42,42.9823,245.1188,103.1331,183.8845,287.0176,6861.804,496.8751,-5202.560149969823,197.8734802567154,-4476.024285728002,3474.958631606508,3876.9122426057515,-4476.024285728002,-40.8631,48.1295,4
484,STARLINK-30473,satellite,0,42,42.9981,245.4161,91.7054,40.1523,131.8577,6865.43,487.626,5302.6856460064655,2608.0749402122287,3484.563963335576,-1379.7726911584032,-5746.020994989448,3484.563963335576,30.6832,-103.5026,96
485,STARLINK-30443,satellite,0,42,43.0132,245.3569,161.5405,40.8783,202.4188,6868.7606,488.4801,906.1332110314493,6566.539625681547,-1786.0431357673854,4474.131368949371,-4891.08050896357,-1786.0431357673854,-15.1696,-47.5492,11
486,STARLINK-30467,satellite,0,42,42.9994,245.0445,45.8245,268.2556,314.0801,6865.4076,492.4652,-5285.3244398269735,-2808.2866762330887,-3363.524514730898,1214.6249325554477,5860.530245921035,-3363.524514730898,-29.4882,78.2909,2
487,STARLINK-30474,satellite,0,42,42.9786,245.1428,93.6921,186.5209,280.213,6861.426,497.5177,-4997.388047919235,973.4857295142318,-4606.566670867117,3940.7434831749674,3223.678421751757,-4606.566670867117,-42.3161,39.2845,4
488,STARLINK-30479,satellite,0,42,43.0195,245.3901,147.9923,32.983,180.9753,6870.2411,485.5977,2780.246591674653,6274.925440621537,-79.70744583023284,3052.8064470149657,-6146.936895148817,-79.70744583023284,-0.6695,-63.5892,6
489,STARLINK-30481,satellite,0,42,42.9846,245.2395,77.9392,173.7835,251.7227,6862.1356,496.9012,-3429.0440693334117,3952.881366740065,-4445.115167855426,5231.693114340542,114.02406023821351,-4445.115167855426,-40.5225,1.2486,2
490,STARLINK-30457,satellite,0,42,42.9936,245.7017,92.9406,326.684,59.6246,6863.5422,488.1014,2517.5543894415478,-4941.974515680458,4035.11449234515,-5410.647120898197,1219.0528907916805,4035.11449234515,36.2074,167.3029,4
491,STARLINK-30472,satellite,0,35,43.0058,241.9096,161.1667,56.6032,217.7699,6864.1821,488.5633,-157.42593921682098,6233.3871469483065,-2867.09594870869,4897.034873061695,-3859.915504528081,-2867.09594870869,-24.8294,-38.2457,11
492,STARLINK-30462,satellite,0,42,43.0095,245.4357,114.2072,35.3181,149.5253,6868.0218,485.9294,4772.68612763663,4320.558720530067,2373.6846914529788,276.4490024441007,-6431.8999121201505,2373.6846914529788,20.3557,-87.5389,49
493,STARLINK-30449,satellite,0,42,42.9979,245.0419,54.1695,257.8315,312.0009,6865.2791,493.0123,-5321.595797330107,-2590.52760418718,-3479.478850498605,1405.3523573580037,5749.365169293522,-3479.478850498605,-30.6069,76.2642,1
494,STARLINK-30466,satellite,0,42,43.0166,245.368,160.8078,34.728,195.5359,6869.4675,487.3565,1534.6006787416538,6572.421884832729,-1254.3626408396908,4077.2768876656473,-5378.433029863817,-1254.3626408396908,-10.5929,-52.835,11
495,STARLINK-30428,satellite,0,42,43.0001,245.4645,96.7502,38.8315,135.5817,6865.907,487.0902,5229.255713099295,2999.3368219133245,3274.6140150110796,-1031.8056957906101,-5939.403479340394,3274.6140150110796,28.6611,-99.8552,90
496,STARLINK-30482,satellite,0,42,43.0157,245.8493,9.4327,326.1838,335.6165,6868.8365,488.3464,-4448.925703533406,-4857.390745360403,-1933.3958777002708,-896.3074744970269,6525.627761360118,-1933.3958777002708,-16.4549,97.8207,3
497,STARLINK-30463,satellite,0,42,43.0086,245.7557,66.5116,327.8982,34.4098,6867.675,485.8609,260.8090663744972,-6325.247992733409,2644.5990442925277,-5033.747618465997,3839.0322286051537,2644.5990442925277,22.8,142.6687,6
498,STARLINK-30453,satellite,0,35,42.9995,242.3225,85.1552,322.3333,47.4885,6865.2247,486.9788,1121.9074155500743,-5822.7388176707445,3448.5389982173665,-5197.029013647122,2855.495231861885,3448.5389982173665,30.336,151.2135,6
499,STARLINK-30478,satellite,0,42,43.0208,244.9491,34.5571,328.4835,3.0406,6870.1603,485.1354,-2660.8436290632612,-6321.577389462407,248.37806470815997,-3164.9629889411785,6084.853226489642,248.37806470815997,2.0869,117.4807,5
500,STARLINK-30477,satellite,0,35,42.9926,241.8594,77.622,161.3153,238.9373,6861.0076,492.4399,-2121.6968538049905,5150.808922632201,-4008.9759915180825,5318.521138254705,-1657.0343988135437,-4008.9759915180825,-35.9105,-17.3049,4
501,STARLINK-30450,satellite,0,23,43.022,256.1276,22.9773,327.8719,350.8492,6869.8706,486.2797,-2399.610340487236,-6387.792602402969,-744.7959156591367,-3382.755354481728,5926.127768552798,-744.7959156591367,-6.2678,119.7186,4
502,STARLINK-30483,satellite,0,71,42.9852,110.8979,80.415,174.6605,255.0755,6859.2234,494.6487,5162.857152120569,79.15747905675818,-4521.72532026966,-3236.430760210833,-4023.291664054976,-4521.72532026966,-41.3862,-128.814,4
503,STARLINK-30454,satellite,0,23,43.0209,256.1214,27.8021,327.4328,355.2349,6870.024,485.6646,-2045.3750087014876,-6540.331418895735,-389.0121812424837,-3726.3696005144684,5750.970665511774,-389.0121812424837,-3.2694,122.9414,4
504,STARLINK-30501,satellite,0,23,42.9833,256.3037,96.8704,180.53,277.4004,6860.3879,496.8728,-5048.1730731439875,320.1358804853278,-4641.613302114764,3470.435831802853,3680.029007457545,-4641.613302114764,-42.718,46.679,4
505,STARLINK-30499,satellite,0,71,43.0225,111.468,29.2946,323.9367,353.2313,6867.4189,483.3079,-1943.414979060926,6557.1508371383325,-551.7521702320226,6286.816310156823,-2692.4021921266626,-551.7521702320226,-4.6412,-23.1836,6
506,STARLINK-30496,satellite,0,23,43.009,256.4936,175.8487,37.738,213.5867,6865.0705,487.4607,-1364.098209227042,6207.092506813465,-2589.537769280205,5647.462083884382,-2914.606890070177,-2589.537769280205,-22.2944,-27.2979,9
507,STARLINK-30485,satellite,0,23,43.0049,256.4791,156.1177,63.6032,219.7209,6866.4886,491.5736,-1884.9623997804808,5884.6110792933905,-2992.521296259685,5731.975988255978,-2307.8522641593872,-2992.521296259685,-25.9811,-21.9311,4
508,STARLINK-30492,satellite,0,23,43.0149,256.5754,123.4509,33.5454,156.9963,6866.2036,482.4519,3372.1425151456124,5686.097183710227,1828.5768236637334,2221.688681909826,-6226.326824518909,1828.5768236637334,15.5538,-70.3625,16
509,STARLINK-30440,satellite,0,23,42.9803,256.7906,99.0947,339.6342,78.7289,6861.4408,489.3229,4483.897548514729,-2429.279839368162,4585.164164056352,-4733.00499087595,-1898.7894880371412,4585.164164056352,42.1367,-158.1403,3
510,STARLINK-30452,satellite,0,23,42.9864,256.8212,99.3308,328.5214,67.8521,6862.4185,488.7595,3934.9385887542576,-3576.9121001344333,4331.148708545677,-5265.488357566109,-743.4206250106546,4331.148708545677,39.3371,-171.9637,4
511,STARLINK-30471,satellite,0,23,42.9869,255.849,75.7498,28.6777,104.4274,6861.7058,489.5297,5129.035062988582,469.06777791405364,4528.741969750914,-2914.7999683925555,-4246.288544352852,4528.741969750914,41.5022,-124.4671,65
512,STARLINK-30461,satellite,0,23,43.0177,256.0785,58.5519,324.4456,22.9975,6868.6565,484.5738,382.7836456066224,-6601.888147412221,1828.7730021027114,-5324.518831404839,3921.8553828897248,1828.7730021027114,15.5505,143.6259,5
513,STARLINK-30396,satellite,0,68,43.0095,267.5942,65.8829,324.2746,30.1575,6865.2159,482.9878,2268.418887368384,-6030.811722858144,2350.3247354294704,-6089.375668888352,2106.161971046711,2350.3247354294704,20.1558,160.9208,4
514,STARLINK-30524,satellite,0,68,42.9893,267.5121,100.7371,324.8615,65.5986,6860.1478,486.2784,4439.902438995554,-3028.0354118242913,4257.348377936894,-5165.639702729921,-1482.5311412044286,4257.348377936894,38.5599,-163.9866,3
515,STARLINK-30521,satellite,0,68,42.9861,267.0555,76.8601,172.7024,249.5625,6859.6924,494.1592,-4575.444624389699,2635.1622236641338,-4385.140267268523,4949.896213728912,1837.7434339959634,-4385.140267268523,-39.8857,20.3684,4
516,STARLINK-30528,satellite,0,68,42.9975,267.1145,107.0875,121.2871,228.3746,6862.5628,490.7864,-3518.0064492719425,4742.14603170373,-3498.745468269281,5895.836967534632,-321.5972875732093,-3498.745468269281,-30.8056,-3.1222,2
517,STARLINK-30495,satellite,0,68,43.0137,267.2517,113.9822,36.6216,150.6038,6865.4371,482.8005,2745.225758594036,5850.569253581168,2296.5213601335327,2748.637723851326,-5848.967064330154,2296.5213601335327,19.676,-64.8295,14
518,STARLINK-30494,satellite,0,93,42.9837,121.7977,86.229,6.8281,93.0571,6858.6641,487.2999,-4063.7112395064432,-2949.5583390395727,4667.359456470479,325.71585257810955,5010.7437189371585,4667.359456470479,43.086,86.2808,4
519,STARLINK-30498,satellite,0,68,43.0223,267.2047,140.7651,31.0667,171.8318,6867.4016,482.2874,1042.9112185222687,6747.79497444803,665.0206293789411,4526.249018288333,-5112.090634109454,665.0206293789411,5.5975,-48.4783,6
520,STARLINK-30505,satellite,0,68,43.0009,267.5437,81.8169,322.5295,44.3464,6863.1114,484.2352,3292.1893246211016,-5049.712043024742,3269.1186391390265,-5988.282408732329,691.7919194997862,3269.1186391390265,28.6217,173.4102,3
521,STARLINK-30502,satellite,0,68,43.02,267.1752,159.4831,33.5683,193.0514,6867.1277,484.2947,-802.1152749133014,6732.375590829541,-1057.213525835515,5692.739686662071,-3682.52425248623,-1057.213525835515,-8.9174,-32.8981,10
522,STARLINK-30489,satellite,0,68,43.0196,267.2155,131.4869,33.2753,164.7622,6866.974,482.2001,1638.1023779176162,6546.634103908727,1230.02098444067,3991.330587025699,-5441.606163264047,1230.02098444067,10.393,-53.7406,8
523,STARLINK-30503,satellite,0,68,43.0224,267.5814,41.1884,327.9792,9.1677,6867.2835,482.4334,512.5709620303228,-6800.373266866382,745.746448405425,-5560.140716998608,3948.7517986069784,745.746448405425,6.2794,144.618,5
524,STARLINK-30512,satellite,0,68,43.0126,267.0938,164.355,42.8624,207.2174,6865.7245,486.662,-1982.711548250275,6211.368068312096,-2141.1523690245804,6045.839349946046,-2441.324418887442,-2141.1523690245804,-18.2859,-21.989,5
525,STARLINK-30509,satellite,0,29,42.9959,281.9466,91.3525,323.1211,54.4736,6861.6992,485.2795,4817.8742659493855,-3053.1741819486397,3805.527580575773,-5426.3813308322615,-1757.319174256675,3805.527580575773,33.876,-162.0556,9
526,STARLINK-30511,satellite,0,29,42.9917,281.9406,94.9696,323.1452,58.1148,6863.609,487.9171,4917.328373012191,-2663.2265419793475,3971.2859592891987,-5189.840777013974,-2082.8938165871523,3971.2859592891987,35.5492,-158.1324,9
527,STARLINK-30508,satellite,0,29,43.0191,282.0323,41.5189,326.8366,8.3555,6869.9215,484.902,2128.5749412819455,-6488.810558058214,680.3772507163608,-6352.4849194460185,2506.2779349529646,680.3772507163608,5.725,158.469,5
528,STARLINK-30510,satellite,0,31,43.0079,285.0883,107.9397,37.6147,145.5544,6879.5594,498.3676,1269.4543879611151,6212.793812430353,2651.8026354121566,3969.888718503065,-4944.724963189428,2651.8026354121566,22.8214,-51.2406,6
529,STARLINK-30515,satellite,1,98,43.0159,285.0043,166.4968,33.7926,200.2894,6881.0725,500.163,-3354.127633388598,5779.06938047283,-1626.8569246324691,6589.069171402143,-1109.9470887648158,-1626.8569246324691,-13.7659,-9.5619,1
530,STARLINK-30519,satellite,0,29,43.0175,282.0802,6.8628,329.5453,336.4081,6868.6647,488.2213,-647.687677194052,-6572.080124338181,-1874.3418027589619,-4643.455062643683,4695.749308589497,-1874.3418027589619,-15.9393,134.6792,6
531,STARLINK-30537,satellite,0,21,43.0254,358.2445,158.6638,33.1267,191.7905,6867.1709,483.8802,-6745.074867975941,-818.7317853949897,-956.6571029332837,3677.8487080989917,5713.123978293425,-956.6571029332837,-8.0639,57.2284,4
532,STARLINK-30534,satellite,0,21,42.9836,358.0393,91.5104,178.0821,269.5925,6858.5573,495.5346,-220.57133719106474,-5016.404172070504,-4679.4784461990885,-3719.171829112583,3373.5327829875864,-4679.4784461990885,-43.1603,137.7899,13
533,STARLINK-30536,satellite,0,21,42.9895,358.1379,81.6628,158.2504,239.9132,6863.3505,495.6978,-3581.5838379663287,-4231.745001089414,-4051.1248530191974,-968.8247593279772,5458.643341375212,-4051.1248530191974,-36.3269,100.0643,7
534,STARLINK-30538,satellite,0,21,43.0019,358.3479,91.1281,37.0367,128.1648,6862.002,484.7966,-4121.542022649374,4063.1532114601714,3676.8054145903197,5758.820423731239,576.4633479066562,3676.8054145903197,32.5895,5.7163,12
535,STARLINK-30517,satellite,0,21,42.991,358.5627,83.4487,336.455,59.9037,6863.4259,488.4987,3547.369679974197,4253.166092040133,4046.5997719689476,1007.1593666350977,-5445.997012768126,4046.5997719689476,36.3242,-79.5223,92
536,STARLINK-30523,satellite,0,21,43.0186,358.3019,122.0775,28.3935,150.4709,6866.7624,482.4897,-5891.50500155113,2647.093214681264,2306.0704410495396,5799.599901619226,2842.8110474760397,2306.0704410495396,19.7621,26.1129,4
537,STARLINK-30531,satellite,0,21,43.0082,358.1919,163.1349,54.3186,217.4535,6866.773,490.9331,-5543.6701039505515,-2879.4854448445203,-2847.7507425222366,1324.8351970523363,6104.79535686151,-2847.7507425222366,-24.6418,77.7558,2
538,STARLINK-30552,satellite,0,21,42.9878,358.539,97.3525,331.4664,68.8189,6862.2105,488.6416,2596.4151031598,4613.087421617182,4360.24550068456,1891.4554352249413,-4944.12209436185,4360.24550068456,39.6533,-69.0648,70
539,STARLINK-30545,satellite,0,21,43.0078,357.8704,2.3689,323.6024,325.9713,6864.907,486.9883,5578.655797750289,-3017.450670803606,-2619.274485926191,-5884.777933616315,-2365.5438555496144,-2619.274485926191,-22.5659,-158.101,3
540,STARLINK-30535,satellite,0,21,42.9938,357.9193,104.7336,200.0385,304.7721,6861.6687,492.088,3762.0457251336725,-4263.085163646827,-3844.56378027871,-5683.066829206959,-172.1469293069215,-3844.56378027871,-34.2319,-178.265,10
541,STARLINK-30540,satellite,0,21,42.9932,358.0926,78.3843,169.427,247.8114,6860.0998,494.1742,-2745.4375073728124,-4559.760297087911,-4333.86548246607,-1755.2455222974666,5024.734244738061,-4333.86548246607,-39.3294,109.2554,8
542,STARLINK-30539,satellite,0,21,43.0074,357.8793,6.431,315.7272,322.1582,6866.7031,490.8969,5303.879336910808,-3278.40317403891,-2872.793347928342,-5910.086359580532,-1987.446254457706,-2872.793347928342,-24.873,-161.4132,3
543,STARLINK-30530,satellite,0,21,42.9955,358.1337,89.3598,147.723,237.0827,6863.7226,494.7618,-3866.40882938431,-4091.790842068533,-3930.431621761919,-679.2242295914339,5588.427683804523,-3930.431621761919,-35.0897,96.9298,3
544,STARLINK-30526,satellite,0,30,43.0135,333.1168,112.8924,34.6493,147.5417,6869.9786,487.8457,-3947.3353070998432,5020.687807445897,2512.657538441512,6384.368166739453,-169.1307128726883,2512.657538441512,21.598,-1.5175,6
545,STARLINK-30527,satellite,0,28,42.9817,129.6289,94.1547,179.9052,274.0598,6858.6621,495.6267,3547.79275838559,3568.9474697011624,-4667.784527676307,480.39381180953563,-5009.335413357211,-4667.784527676307,-43.0259,-84.5221,10
546,STARLINK-30522,satellite,0,21,43.0108,358.6172,68.0934,325.1041,33.1974,6867.5328,485.5666,5805.579099521722,2607.4425365262696,2562.385902302866,-1701.4402520571566,-6132.58561544555,2562.385902302866,22.055,-105.5063,38
547,STARLINK-30486,satellite,0,21,42.9931,358.1234,73.2758,167.9835,241.2593,6860.7939,492.7971,-3442.5391368622777,-4291.166108734362,-4103.565714313249,-1103.3514758980816,5389.60089452015,-4103.565714313249,-36.8912,101.5697,7
548,STARLINK-30520,satellite,0,21,42.998,357.8916,69.9447,242.1521,312.0968,6862.5387,490.7501,4460.970843617954,-3891.4619837800083,-3473.099602981919,-5843.488392247312,-947.3017726603532,-3473.099602981919,-30.5561,-170.7918,7
549,STARLINK-30497,satellite,0,21,42.9869,357.9524,108.6059,182.1586,290.7645,6859.7755,494.0278,2263.9917835184415,-4778.508397581047,-4375.7437945238535,-5122.920734372013,1309.7650365362929,-4375.7437945238535,-39.7844,165.6585,14
550,STARLINK-30525,satellite,0,21,43.0028,358.1534,113.0365,114.0702,227.1066,6862.7634,490.6563,-4787.570411853922,-3524.857872075791,-3429.474958120086,345.3362325837266,5935.166076299693,-3429.474958120086,-30.1333,86.67,4
551,STARLINK-30568,satellite,0,57,42.9939,318.6878,82.7122,31.7357,114.4479,6860.1143,485.9015,882.3473801504664,5301.913908733627,4255.915308383426,3516.213191384174,-4065.104277582237,4255.915308383426,38.5471,-49.141,10
552,STARLINK-30575,satellite,0,57,43.0047,318.6324,97.8667,37.8331,135.6998,6863.2226,483.9719,-1368.4707465399044,5871.868721652075,3266.5231634379347,5392.305302922731,-2697.146267543315,3266.5231634379347,28.5981,-26.5735,4
553,STARLINK-30577,satellite,0,57,42.9979,318.1936,68.2585,244.1161,312.3746,6862.7526,490.8825,976.0244839123399,-5847.969800283915,-3457.9272196222105,-5123.27338919225,2983.863997876511,-3457.9272196222105,-30.408,149.7829,16
554,STARLINK-30566,satellite,0,57,43.0193,318.1403,0.2087,354.5133,354.722,6867.7785,482.4721,4780.030306772173,-4902.318660061344,-430.5550981777238,-6825.098951577474,-547.2131939401708,-430.5550981777238,-3.6206,-175.416,5
555,STARLINK-30544,satellite,0,57,42.9951,318.0159,99.2365,319.2483,58.4848,6861.0924,485.6071,5523.94317054585,780.4505100414049,3986.0344027712945,-2927.4102781903875,-4749.033608344892,3986.0344027712945,35.715,-121.6506,67
556,STARLINK-30553,satellite,0,57,43.0172,318.1555,21.4644,319.1152,340.5796,6866.6803,485.6359,3708.5531800169265,-5560.533565337289,-1556.6982531730598,-6647.268873192455,697.6508781209833,-1556.6982531730598,-13.1901,174.0086,5
557,STARLINK-30541,satellite,0,57,43.0172,318.1071,48.2601,327.8293,16.0894,6866.8921,482.055,5834.213848553275,-3366.261652282099,1296.8929464190671,-6316.398667792935,-2339.418007064889,1296.8929464190671,10.965,-159.6768,9
558,STARLINK-30573,satellite,0,57,43.0065,318.1933,1.7921,317.61,319.402,6863.8202,488.6667,1707.0493440492544,-5907.840495480818,-3046.0368854821086,-5636.223639928025,2459.589368935092,-3046.0368854821086,-26.493,156.424,14
559,STARLINK-30582,satellite,0,57,42.9869,317.9527,100.9247,338.9333,79.858,6858.8296,486.7564,4202.47444228998,2857.1949439801847,4601.0765279720745,-485.4113520473941,-5058.530439298545,4601.0765279720745,42.3359,-95.4813,118
560,STARLINK-30558,satellite,0,57,43.0223,318.5399,145.2927,32.7503,178.043,6867.5902,482.7063,-5025.214738199375,4668.262621835671,159.85107639553473,6801.5875054856,885.3623420196043,159.85107639553473,1.3434,7.4165,5
561,STARLINK-30579,satellite,0,55,43.0018,292.4739,96.0204,36.9561,132.9766,6862.7653,484.5569,1603.5393065045823,5722.20303320342,3421.7419315455963,3379.0182463088804,-4888.474358306411,3421.7419315455963,30.088,-55.3469,7
562,STARLINK-30588,satellite,0,57,42.9877,318.2449,105.1557,193.1782,298.3339,6860.6209,493.9196,-512.9250047113864,-5466.660620847363,-4119.657740184135,-3878.920666957267,3886.05775348659,-4119.657740184135,-37.0525,134.9473,17
563,STARLINK-30585,satellite,0,57,42.9821,318.3824,83.6635,172.1802,255.8437,6859.1315,494.9729,-4488.590145491518,-2525.0072935490584,-4537.381632974695,923.7568301093287,5066.53497427047,-4537.381632974695,-41.5584,79.667,4
564,STARLINK-30587,satellite,0,57,43.0078,318.0707,74.6724,322.5925,37.2649,6864.3379,483.5436,6089.612834903068,-1387.9230528571784,2832.4388614628842,-4957.213218119524,-3799.441010171054,2832.4388614628842,24.5289,-142.5317,9
565,STARLINK-30576,satellite,0,57,42.9869,318.2717,105.0982,186.066,291.1642,6859.8673,494.1862,-1267.0450019281398,-5143.749043105685,-4364.1940039079955,-3148.8145619625757,4260.108462203065,-4364.1940039079955,-39.6578,126.4696,13
566,STARLINK-30571,satellite,0,57,43.0163,318.5152,166.9392,32.3587,199.2979,6866.6429,485.0564,-5950.152444308641,3048.0500288506205,-1547.0993963845774,6145.58591990627,2631.861848566176,-1547.0993963845774,-13.1084,23.1831,4
567,STARLINK-30567,satellite,0,57,43.0162,318.5739,120.4306,36.5772,157.0079,6866.1703,482.3798,-3438.2730999607857,5646.542148714171,1827.7334790279378,6540.832420290912,-960.5578570762585,1827.7334790279378,15.5466,-8.3545,5
568,STARLINK-30569,satellite,0,26,43.0189,321.519,42.6843,327.4095,10.0938,6869.8701,485.0396,5836.41033344718,-3515.9531583086764,820.5887125025804,-6432.986721357365,-2245.5052960591283,820.5887125025804,6.9098,-160.7579,9
569,STARLINK-30480,satellite,0,82,43.0113,176.0599,11.843,316.5287,328.3717,6865.0896,487.372,-5648.788612312891,3026.8660431022813,-2454.9473809167725,5936.814355055489,2413.4966631608445,-2454.9473809167725,-21.0799,22.1232,4
570,STARLINK-30532,satellite,0,57,42.9781,318.3067,94.7115,182.4446,277.1561,6858.7315,495.2508,-2675.5452299884823,-4289.127377129409,-4642.582066447655,-1591.6356134275175,4798.109211869227,-4642.582066447655,-42.7415,108.3518,8
571,STARLINK-30506,satellite,0,57,42.9992,318.4665,141.5092,79.0872,220.5964,6863.7316,489.3983,-6066.875317135482,1010.3493977197021,-3045.852450035402,4652.154616004078,4023.088297307463,-3045.852450035402,-26.4882,40.8526,4
572,STARLINK-30604,satellite,0,15,43.0187,9.0032,171.6992,34.8357,206.5349,6865.7566,486.0313,-5712.93856702975,-3174.499428645794,-2091.485681612914,1205.9326355113935,6423.4601401220625,-2091.485681612914,-17.8493,79.3671,4
573,STARLINK-30500,satellite,0,15,43.0036,9.0965,94.7052,42.6335,137.3387,6865.9552,486.004,-5518.339524986532,2559.2225255870203,3170.4608258734784,5493.656711912902,2611.7861666214,3170.4608258734784,27.6757,25.4273,7
574,STARLINK-30613,satellite,0,15,43.0203,9.0484,135.0961,36.0701,171.1663,6867.3513,482.4884,-6815.790045427447,-305.4594482020468,718.7811828119642,4117.966986753419,5439.72860663588,718.7811828119642,6.0515,52.8737,4
575,STARLINK-30597,satellite,0,15,42.988,8.8771,73.082,175.8032,248.8853,6859.7893,493.9622,-1720.0997787774036,-5008.936727743602,-4365.592428394367,-2755.727959715161,4522.626869810616,-4365.592428394367,-39.6745,121.3548,10
576,STARLINK-30598,satellite,0,15,43.0101,9.0812,108.798,41.1537,149.9518,6865.3214,482.5217,-6258.376668067397,1542.6602137138311,2342.476235135034,5184.064720229102,3830.476736760313,2342.476235135034,20.0871,36.4605,4
577,STARLINK-30603,satellite,0,15,42.994,9.1258,90.3962,38.2878,128.6841,6862.0888,484.6619,-4852.287773149778,3185.6043653027964,3649.9085349321836,5550.262986967465,1699.221169004805,3649.9085349321836,32.3231,17.022,9
578,STARLINK-30602,satellite,0,15,43.022,9.9014,137.0585,31.7889,168.8473,6880.3644,494.6941,-6809.352064217661,-202.0662393428332,906.9503445699803,4193.4146972233475,5368.740958237666,906.9503445699803,7.6302,52.0073,4
579,STARLINK-30610,satellite,0,15,42.9843,9.2695,99.4193,344.3576,83.7769,6861.2517,489.6129,-69.64953572798781,5041.88688336585,4648.15476933007,3924.1345661208466,-3166.4873771198395,4648.15476933007,42.8486,-38.901,5
580,STARLINK-30551,satellite,0,90,43.0202,12.4335,153.7514,33.1597,186.9111,6870.1776,485.9661,-6524.258795943308,-2056.8031935718363,-563.499201146523,2584.144736764925,6333.923601763843,-563.499201146523,-4.7384,67.8053,4
581,STARLINK-30586,satellite,0,90,43.0168,12.4678,129.2092,32.8108,162.02,6869.3969,484.7619,-6707.273599464202,103.1003477476749,1445.0464951914055,4363.0414911343805,5095.293687945283,1445.0464951914055,12.2307,49.4269,5
582,STARLINK-30609,satellite,0,90,43.0114,12.3967,176.7745,32.3782,209.1527,6867.9868,488.7128,-5330.22210202428,-3675.130444875286,-2281.0566034474837,576.2770467168143,6448.701901094878,-2281.0566034474837,-19.5206,84.8934,4
583,STARLINK-30583,satellite,0,90,43.0186,12.4215,166.4134,26.9601,193.3735,6869.676,486.1089,-6271.601464212956,-2569.9129183066175,-1083.0934557199216,2027.9513229944862,6467.213524011886,-1083.0934557199216,-9.1351,72.5899,3
584,STARLINK-30557,satellite,0,90,42.9846,12.7157,102.6293,328.5722,71.2015,6862.1136,488.9214,1110.3709829715592,5119.316541869972,4426.462417310067,3230.0765054112817,-4123.946088987924,4426.462417310067,40.3744,-51.9302,18
585,STARLINK-30591,satellite,0,15,42.984,8.843,87.0676,175.9435,263.0111,6858.7581,495.1111,-59.07268590266876,-5052.741863988073,-4644.673234156963,-3850.276798287103,3272.4697863982547,-4644.673234156963,-42.7664,139.6378,13
586,STARLINK-30584,satellite,0,15,43.0226,9.0185,152.641,32.6758,185.3167,6867.4775,482.654,-6673.885863659497,-1529.8330606849645,-433.74351716287737,3085.2015904763825,6112.501358759831,-433.74351716287737,-3.6474,63.2183,4
587,STARLINK-30590,satellite,0,90,42.9813,12.6766,97.8431,344.6654,82.5085,6861.2889,489.4336,-219.25022635989495,5049.127715941494,4635.442654933869,4025.2511421393096,-3055.9964980924983,4635.442654933869,42.7052,-37.206,5
588,STARLINK-30608,satellite,0,15,43.0214,9.0136,158.1236,32.4657,190.5893,6869.7953,486.464,-6519.555626448855,-1967.9441484960068,-860.6400823931741,2649.5166045448764,6273.553339233004,-860.6400823931741,-7.2473,67.1042,4
589,STARLINK-30615,satellite,0,15,43.0226,9.4458,44.3286,326.2166,10.5452,6869.9241,485.1943,6504.906560164583,2013.0906802455365,856.9571886565099,-2605.4212061526114,-6291.1146692691855,856.9571886565099,7.2175,-112.4965,5
590,STARLINK-30578,satellite,0,15,43.0197,9.0031,157.0916,35.3004,192.392,6867.1523,484.0837,-6450.853736244711,-2112.0981145747514,-1004.6299191358783,2494.714860581036,6312.754560127355,-1004.6299191358783,-8.4709,68.4367,4
591,STARLINK-30574,satellite,0,15,43.0115,8.9735,157.249,56.3286,213.5777,6864.7363,488.0617,-5215.027919946919,-3633.44074862796,-2589.2708475729332,534.7860007357361,6333.436019494716,-2589.2708475729332,-22.29,85.1735,4
592,STARLINK-30570,satellite,0,15,43.0173,9.0595,120.962,36.2905,157.2525,6868.3399,485.1926,-6554.6282324336435,919.3050418833595,1810.1130091788089,4893.608621790911,4456.553341112615,1810.1130091788089,15.3865,42.3238,4
593,STARLINK-30581,satellite,0,15,42.9895,9.2224,89.4727,3.8545,93.3272,6858.5854,486.9745,-1195.0106465800038,4877.49174430607,4666.421649931564,4516.36496867554,-2195.546317191651,4666.421649931564,43.0778,-25.9258,9
594,STARLINK-30795,satellite,0,64,43.0219,63.3388,22.8427,326.5176,349.3603,6869.7781,486.4348,3855.159271396139,5613.174631181491,-864.6867875808092,1857.0895712566703,-6551.427384341583,-864.6867875808092,-7.2816,-74.1739,5
595,STARLINK-30765,satellite,0,64,43.025,63.3049,35.2836,327.9776,3.2612,6870.0336,485.2389,2823.30519658396,6250.076785119594,266.40557953583925,3006.1857360053687,-6164.199816163225,266.40557953583925,2.2384,-64.0022,8
596,STARLINK-30768,satellite,0,64,42.9993,63.2388,84.6663,323.3658,48.0321,6865.1465,486.5184,-1265.0633171087695,5774.977653311078,3478.0778643724884,5251.706360220142,-2714.8356117009876,3478.0778643724884,30.6255,-27.3364,3
597,STARLINK-30799,satellite,0,64,42.9949,63.4243,104.6011,197.1894,301.7905,6863.6367,495.1497,5435.80183877415,1325.3146776226918,-3979.781293627798,-2451.853096656362,-5029.196458437389,-3979.781293627798,-35.5933,-115.9903,3
598,STARLINK-30759,satellite,0,64,43.0209,63.3031,48.2419,325.873,14.1149,6869.555,484.7395,1896.875591139111,6495.317350749585,1141.7653331110453,3786.573515780415,-5607.953771635274,1141.7653331110453,9.6364,-55.9722,7
599,STARLINK-30781,satellite,0,64,42.9951,63.6434,88.3107,149.9839,238.2946,6863.5348,494.5784,2226.1352808554616,-5129.728000367378,-3983.119884603666,-5369.000973343192,1563.2070223301776,-3983.119884603666,-35.6311,163.7669,17
600,STARLINK-30754,satellite,0,64,43.0143,63.6982,162.8188,45.4927,208.3115,6865.6204,486.5753,-543.6560819650609,-6470.576499449859,-2220.2476641583617,-4631.79107735204,4550.871739178376,-2220.2476641583617,-18.9866,135.5049,8
601,STARLINK-30766,satellite,0,19,42.984,60.5747,92.165,353.2285,85.3936,6858.6912,486.9611,-4083.3550795598,2935.3206724053643,4658.737566920583,4866.5825192611865,1267.3873673185078,4658.737566920583,42.99,14.5971,17
602,STARLINK-30767,satellite,0,19,42.9815,60.5216,87.5943,11.8229,99.4172,6858.8618,486.5221,-4858.793395770579,1458.1371038793875,4610.472722201232,4225.159320302861,2807.5016998305505,4610.472722201232,42.4441,33.6029,9
603,STARLINK-30787,satellite,0,19,42.9802,60.5465,91.0382,1.4134,92.4516,6858.6683,487.0927,-4507.247017915569,2208.4893948306085,4669.2851665164335,4578.022766515897,2057.7678773005923,4669.2851665164335,43.1097,24.2034,11
604,STARLINK-30756,satellite,0,64,43.0197,63.7105,166.7056,34.5297,201.2352,6868.9444,487.9302,-1204.1700667142861,-6541.961410597398,-1696.3452477735484,-4264.872825162551,5104.717860225596,-1696.3452477735484,-14.3923,129.878,3
605,STARLINK-30783,satellite,0,19,42.997,60.4341,89.8302,38.0893,127.9194,6862.009,484.7154,-5520.159975645477,-1713.0476921236539,3688.74723120162,2207.37537944152,5341.740585843144,3688.74723120162,32.7087,67.548,5
606,STARLINK-30757,satellite,0,19,43.0116,60.3839,111.9212,37.1984,149.1196,6865.248,483.0059,-5146.592624766701,-3845.2362444335654,2401.232434505596,328.1054404927764,6416.042724353352,2401.232434505596,20.6116,87.0725,4
607,STARLINK-30770,satellite,0,64,43.0147,63.7716,116.8581,34.7868,151.6449,6865.7345,483.0174,-4804.199418066028,-4361.862240004407,2222.237837011418,-288.10493758250766,6482.528040376131,2222.237837011418,19.0145,92.5447,3
608,STARLINK-30758,satellite,0,19,42.9928,60.4508,84.9057,35.9913,120.897,6860.9324,485.2004,-5479.635467726698,-940.4482005429791,4011.7078328496705,2775.99677763769,4817.1246161603585,4011.7078328496705,35.9826,60.0462,5
609,STARLINK-30761,satellite,0,64,42.9966,63.8215,93.3111,37.3249,130.636,6862.3983,484.4096,-5385.374966242889,-2328.4827993399626,3548.46645952242,1647.7252524057485,5631.083125513428,3548.46645952242,31.324,73.6899,5
610,STARLINK-30772,satellite,0,64,43.0058,63.6741,147.52,75.3068,222.8268,6865.9339,491.9942,825.9703917711431,-6026.592502177453,-3183.282079974922,-5164.886275120337,3213.4084770625773,-3183.282079974922,-27.7707,148.1116,14
611,STARLINK-30776,satellite,0,64,42.9869,63.869,92.3769,15.3274,107.7043,6858.4163,485.1031,-5206.260907180995,232.3259991478245,4452.0611841232085,3503.832844710426,3857.7562649614806,4452.0611841232085,40.6835,47.7525,5
612,STARLINK-30782,satellite,0,64,43.0062,63.6856,164.7634,52.1524,216.9158,6866.8258,490.8122,269.78913336416434,-6256.945962332097,-2812.6183181758975,-4986.925555464358,3788.5000272247353,-2812.6183181758975,-24.3187,142.7766,15
613,STARLINK-30769,satellite,0,64,42.9954,63.4019,87.6157,221.9501,309.5659,6864.7001,493.9215,5419.805422182156,2177.303309007086,-3609.541312435522,-1786.0450266812975,-5561.023617680049,-3609.541312435522,-31.8755,-107.8056,2
614,STARLINK-30775,satellite,0,64,43.0121,63.2658,60.48,328.3728,28.8528,6867.9324,485.0294,541.1367254780928,6455.824886252256,2258.454851956927,4622.048972845013,-4539.5117810440215,2258.454851956927,19.3305,-44.4838,3
615,STARLINK-30780,satellite,0,64,42.9859,63.4959,100.3384,178.3626,278.7009,6861.3521,497.5366,4906.505104256741,-1286.093739800036,-4627.44464015691,-4123.246532256867,-2954.0933431227286,-4627.44464015691,-42.5521,-144.3804,2
616,STARLINK-30753,satellite,0,34,42.986,74.7555,98.9563,339.7693,78.7256,6861.4595,489.0088,-4394.005830634417,2587.092561037815,4585.389829853566,4797.028589191619,1728.8296253548865,4585.389829853566,42.1416,19.819,14
617,STARLINK-30824,satellite,0,34,42.9999,74.845,83.7729,322.4721,46.245,6862.8674,483.9129,-2256.5074839235017,5524.067867962187,3377.741677997877,5691.8369230269245,-1791.6875499155722,3377.741677997877,29.6658,-17.4731,8
618,STARLINK-30791,satellite,0,34,42.9818,74.2884,83.8254,179.3839,263.2093,6861.2655,498.0723,4581.775420478365,-2132.292251169292,-4648.429658052432,-4566.98903086752,-2163.7808207006665,-4648.429658052432,-42.7863,-154.649,4
619,STARLINK-30810,satellite,0,34,42.9843,74.2432,95.2596,184.4112,279.6708,6858.9046,495.3883,5076.936855608872,-234.43852482419302,-4613.24887075368,-3422.863528518969,-3756.8942655997275,-4613.24887075368,-42.4078,-132.3363,4
620,STARLINK-30819,satellite,0,34,42.9876,74.6606,88.7048,14.0866,102.7915,6859.0717,486.6652,-5117.523750836605,-170.08092556042723,4558.232659779967,3137.5137132480054,4046.4780440275417,4558.232659779967,41.8537,52.2111,5
621,STARLINK-30806,satellite,0,34,43.0018,74.5736,95.976,35.1926,131.1686,6862.4774,484.2731,-4839.4756241117775,-3346.9208828965125,3520.3233855444264,515.4060089382954,5861.464011549601,3520.3233855444264,31.049,84.9748,4
622,STARLINK-30821,satellite,0,34,43.0221,74.5008,131.8787,34.6664,166.5451,6867.1159,482.255,-2907.302613043649,-6117.12114789003,1089.0233317308891,-2850.232195864743,6143.9202510636405,1089.0233317308891,9.1908,114.8871,5
623,STARLINK-30778,satellite,0,34,43.0166,74.5253,117.4269,35.0547,152.4816,6865.6422,482.6885,-3855.9438331300453,-5244.005961408442,2161.887034602693,-1572.5190777223913,6316.2556247938555,2161.887034602693,18.4804,103.9804,5
624,STARLINK-30809,satellite,0,34,43.0059,74.9757,17.0707,304.2851,321.3558,6864.0524,488.6168,4416.456833000939,4364.484725904974,-2923.187166042846,537.7608937685585,-6185.841179787251,-2923.187166042846,-25.3484,-85.0315,9
625,STARLINK-30801,satellite,0,34,42.9907,75.0238,99.7081,200.4912,300.1993,6860.8286,492.72,5083.754222255436,2213.822128916634,-4044.8485043011283,-1543.3199092501056,-5325.760891036434,-4044.8485043011283,-36.2801,-106.1607,4
626,STARLINK-30793,satellite,0,34,42.9882,74.6314,80.9451,29.0459,109.991,6859.6343,486.5179,-5165.490436900908,-1010.9812687139461,4392.985454841607,2521.08896186643,4620.442081203966,4392.985454841607,40.0248,61.3814,5
627,STARLINK-30755,satellite,0,34,43.007,74.4337,159.3318,56.7652,216.097,6864.4514,488.4358,1360.2185134972215,-6135.603645376455,-2757.97038322919,-5589.974712222267,2871.934751057728,-2757.97038322919,-23.826,152.8075,16
628,STARLINK-30760,satellite,0,34,43.0234,74.4695,152.94,33.6442,186.5842,6869.9506,485.8273,-1271.3066993979749,-6723.661566302644,-536.9875368511073,-4361.810322702344,5272.424137991629,-536.9875368511073,-4.5151,129.6005,4
629,STARLINK-30826,satellite,0,34,42.9933,74.6147,83.27,33.7889,117.0589,6860.4726,485.6802,-5133.139365902088,-1822.2295897999875,4163.392604806164,1876.1847515354139,5113.665144084262,4163.392604806164,37.5651,69.8521,4
630,STARLINK-30796,satellite,0,34,42.9945,74.374,80.6806,156.6055,237.2861,6861.2556,492.4632,3068.579089992999,-4709.985573476679,-3938.0228400221317,-5584.056045090615,646.8847031640626,-3938.0228400221317,-35.1809,173.392,9
631,STARLINK-30820,satellite,0,34,42.9839,74.3018,80.8563,177.6155,258.4718,6859.0133,495.4357,4365.3625795704575,-2651.8143656670245,-4585.417896419252,-4828.537518826385,-1665.4534848977244,-4585.417896419252,-42.0934,-160.9697,4
632,STARLINK-30785,satellite,0,34,42.9971,74.8141,91.5319,321.572,53.1039,6861.9143,484.8502,-2792.1406164968,5023.283128533343,3739.468503450451,5648.581685080464,-1059.6921999677093,3739.468503450451,33.2144,-10.6254,9
633,STARLINK-30807,satellite,0,34,42.9877,74.6824,74.9376,20.8827,95.8204,6858.5862,488.0947,-4996.009679734077,647.4911939516169,4650.851813383314,3689.015555360616,3430.8194062860384,4650.851813383314,42.8912,42.9231,5
634,STARLINK-30822,satellite,0,34,43.0215,74.9113,31.7834,327.7017,359.4851,6870.0686,485.3488,1830.1353903099357,6614.851400250097,-42.084607572735365,3921.177761206283,-5632.9405783548655,-42.084607572735365,-0.3535,-55.1576,5
635,STARLINK-30830,satellite,0,34,42.9846,74.3101,77.9691,173.4646,251.4337,6859.5177,494.7059,3991.487730552116,-3391.25296108832,-4436.2555056846495,-5158.742615145604,-905.5084648522469,-4436.2555056846495,-40.4408,-170.0444,9
636,STARLINK-30827,satellite,0,34,42.9837,74.2557,89.9804,182.729,272.7094,6858.6104,495.5022,4915.371947096189,-1048.6534040108597,-4674.374579818767,-3946.202920584658,-3112.561300538972,-4674.374579818767,-43.1022,-141.7354,4
637,STARLINK-30798,satellite,0,34,43.0133,74.8612,65.8094,326.0821,31.8914,6865.117,483.4756,-1036.75130667421,6313.343386049915,2471.9036856720536,5520.15511808103,-3234.3539469876664,2471.9036856720536,21.2451,-30.3668,4
638,STARLINK-30762,satellite,0,34,43.0167,74.9438,14.7049,320.7683,335.4732,6866.0327,486.1109,3633.1808861396994,5487.915035147989,-1943.4614616739188,1902.4743452515795,-6300.619505260874,-1943.4614616739188,-16.5486,-73.1983,5
639,STARLINK-30800,satellite,0,69,42.9874,125.8356,78.524,30.7943,109.3183,6859.624,486.354,-2508.8773271183823,-4609.343505184118,4411.227077923949,-1944.4819498929285,4874.372055747518,4411.227077923949,40.2256,111.748,5
640,STARLINK-30841,satellite,0,69,43.0217,125.669,147.5761,33.8997,181.4758,6870.0784,485.5169,4105.865667589271,-5498.815766453105,-120.60622248545967,-6853.527974500971,352.5081792159703,-120.60622248545967,-1.0131,177.0556,4
641,STARLINK-30839,satellite,0,69,43.0034,124.9103,98.3262,37.3668,135.693,6865.7293,486.7384,-64.2311400719897,-6031.141995482544,3268.1592792472616,-4599.845611228398,3901.310005868663,3268.1592792472616,28.601,139.6974,8
642,STARLINK-30846,satellite,0,69,42.9892,125.9762,101.3659,325.4276,66.7935,6860.0373,485.7794,-5316.759844585207,-521.3939835175014,4296.279400538431,2994.429215416398,4424.15874544559,4296.279400538431,38.9812,55.9084,5
643,STARLINK-30838,satellite,0,69,43.015,125.2831,23.3128,319.2519,342.5646,6866.8589,485.2629,-2554.4946188683716,6212.9584802810805,-1402.7275838929813,6412.241537253864,-2002.3621808854284,-1402.7275838929813,-11.8664,-17.3421,4
644,STARLINK-30837,satellite,0,69,42.9865,125.842,77.2984,24.6601,101.9585,6861.51,489.1575,-3146.2973196919597,-4025.5702196933303,4574.320941473458,-1088.1792310643323,4992.020470577305,4574.320941473458,42.0158,102.2972,4
645,STARLINK-30813,satellite,0,69,43.0206,125.247,44.4684,327.512,11.9805,6869.7294,484.7201,-4724.589385662318,4881.25040237123,971.8762716131519,6773.4790325536915,518.0078660771854,971.8762716131519,8.192,4.3732,4
646,STARLINK-30805,satellite,0,69,43.0149,125.2241,60.8137,324.2907,25.1043,6865.9941,482.7388,-5320.633171042066,3846.643913849994,1985.2275897994843,6358.038676125646,1637.4220389511045,1985.2275897994843,16.9232,14.4419,5
647,STARLINK-30851,satellite,0,69,43.0203,125.253,37.2062,326.7304,3.9366,6867.5498,482.5481,-4231.737787363861,5390.499617938453,321.3442217026657,6850.570660454312,-186.47374646412737,321.3442217026657,2.7014,-1.5592,5
648,STARLINK-30818,satellite,0,69,43.0049,125.1854,86.5076,318.47,44.9776,6865.5906,486.7845,-5694.231484406063,1922.7528688371196,3307.180323287056,5116.239641796485,3153.623744255618,3307.180323287056,28.974,31.6495,5
649,STARLINK-30794,satellite,0,69,42.9829,124.9431,85.3487,31.9281,117.2767,6862.9872,486.1128,-1854.6556028519683,-5129.154532300162,4154.744323197908,-2762.2974223712895,4702.944457652718,4154.744323197908,37.471,120.4281,7
650,STARLINK-30835,satellite,0,69,43.0151,125.2906,15.4512,323.4484,338.8996,6868.7845,487.7971,-2225.064877235143,6271.37172463522,-1685.8967163882187,6246.794033705059,-2293.1596797707866,-1685.8967163882187,-14.3021,-20.1579,4
651,STARLINK-30836,satellite,0,69,42.9885,125.3629,97.44,204.8601,302.3001,6863.9661,495.8089,1338.8092460098505,5449.576828512495,-3957.642111772361,3338.310798675036,-4510.65170662859,-3957.642111772361,-35.3621,-53.495,13
652,STARLINK-30855,satellite,0,69,43.0102,125.7218,108.741,36.0529,144.7939,6864.5976,483.1717,924.4470404952859,-6237.286908654296,2696.9721792345385,-5389.90595489736,3272.1956098180813,2696.9721792345385,23.2871,148.7382,5
653,STARLINK-30840,satellite,0,69,43.0192,125.6862,128.9142,35.547,164.4612,6869.4711,484.9997,2765.148038561321,-6154.158820510512,1254.2263017833677,-6501.533305178027,1802.7143825042642,1254.2263017833677,10.5954,164.5026,4
654,STARLINK-30875,satellite,0,69,43.0203,125.2575,22.063,327.7435,349.8065,6867.2646,483.7138,-3173.371896855663,6026.943556196352,-828.4693711048443,6664.361869605998,-1407.3445549230908,-828.4693711048443,-6.9779,-11.9242,4
655,STARLINK-30872,satellite,0,1,43.0023,343.5955,141.2157,82.9769,224.1926,6863.2122,489.7432,-5708.5695310580695,-1966.54948064467,-3262.8350708470334,2132.640556358174,5648.621708711309,-3262.8350708470334,-28.5365,69.3159,4
656,STARLINK-30865,satellite,0,33,43.0158,114.1767,55.5754,325.3576,20.9329,6868.9518,484.7131,-4259.905797340865,5112.485323615633,1672.392891215875,6654.63303159286,12.759358792082827,1672.392891215875,14.1917,0.1099,5
657,STARLINK-30874,satellite,0,69,42.9899,125.3696,104.2308,193.8514,298.0822,6863.1112,495.572,1742.3191097120753,5200.417158331355,-4130.522296534419,2888.878375428045,-4662.016326946878,-4130.522296534419,-37.156,-58.215,14
658,STARLINK-30871,satellite,0,69,43.0201,125.6585,154.4462,32.6714,187.1176,6867.4929,483.5213,4474.150502667319,-5169.697769757425,-580.0430555027382,-6835.48790205345,-141.07760996715803,-580.0430555027382,-4.8796,-178.8176,5
659,STARLINK-30861,satellite,0,24,43.0164,216.6805,46.5352,332.5301,19.0653,6880.1756,495.3857,-4228.772059184573,-5196.419094264751,1531.459903696411,-1297.7890388146927,6572.748903047481,1531.459903696411,12.9537,101.1694,4
660,STARLINK-30867,satellite,0,24,43.0034,216.2068,155.9473,65.6557,221.6031,6863.8519,489.4297,2172.439759144651,5720.478652409494,-3108.0006288486147,3014.354002133663,-5325.132906285624,-3108.0006288486147,-27.0714,-60.4875,15
661,STARLINK-30880,satellite,0,24,43.005,215.9005,21.3362,304.7024,326.0385,6867.3496,490.5371,-6257.31484208866,-1067.114706138192,-2615.9425688169185,3175.206269466155,5496.434114534827,-2615.9425688169185,-22.5233,59.9856,4
662,STARLINK-30777,satellite,0,24,43.0081,216.7522,17.3276,308.9882,326.3158,6867.324,490.3078,-6243.250490406063,-1187.3217258376314,-2597.1963819974317,3073.726456572141,5562.383952656457,-2597.1963819974317,-22.3541,61.0753,4
663,STARLINK-30860,satellite,0,24,42.9845,216.0154,96.843,185.9829,282.8259,6861.564,497.4601,-4112.608795122178,3065.1558175670148,-4564.526688276311,4985.171951433099,1206.9763470449277,-4564.526688276311,-41.8435,13.6102,4
664,STARLINK-30853,satellite,0,24,42.9839,216.5389,104.2017,329.5706,73.7723,6861.8251,489.2374,1328.139212632438,-5011.439392560181,4489.570270656594,-4704.460238935845,2178.6538076774723,4489.570270656594,41.0685,155.151,6
665,STARLINK-30866,satellite,0,24,43.0167,216.2342,165.98,33.6129,199.5929,6869.0217,487.4733,4221.52089624493,5180.1368773116465,-1570.3870868678762,1289.891202825951,-6556.7703505604695,-1570.3870868678762,-13.3045,-78.8705,4
666,STARLINK-30817,satellite,0,24,42.9815,216.5156,100.0182,338.76,78.7782,6861.4719,489.4332,1855.7022847891922,-4749.292527894621,4586.122558551755,-4839.678977678822,1605.2781311352821,4586.122558551755,42.1467,161.6498,6
667,STARLINK-30847,satellite,0,24,42.989,216.5645,99.8951,325.6389,65.534,6862.6762,489.7675,438.98596445848545,-5360.713235835715,4257.318995370391,-4405.348983444248,3085.912410928493,4257.318995370391,38.5364,144.9891,7
668,STARLINK-30848,satellite,0,24,42.9893,216.3821,82.2871,33.3788,115.6658,6860.2773,485.9984,5071.946819902495,-1877.7554142219083,4213.62164147619,-4684.182775908683,-2703.5239339497525,4213.62164147619,38.0953,-150.0082,4
669,STARLINK-30843,satellite,0,24,43.0094,216.6338,71.1068,318.8438,29.9506,6866.5466,484.7764,-3275.5926777780155,-5556.754844426789,2336.316931264446,-2183.8249044417626,6069.426709213438,2336.316931264446,20.0252,109.7891,5
670,STARLINK-30877,satellite,0,24,43.0116,216.3199,110.0235,35.0186,145.0421,6867.1019,485.7863,6232.899887031375,1014.3873654961887,2681.4942685041347,-3200.186118584979,-5443.972036615364,2681.4942685041347,23.1364,-120.4487,28
671,STARLINK-30864,satellite,0,24,42.9864,216.5499,100.5593,328.5141,69.0734,6862.2137,489.0033,822.8067031555877,-5223.36412117672,4367.803283830678,-4544.794269088096,2702.848250423618,4367.803283830678,39.733,149.2595,7
672,STARLINK-30854,satellite,0,24,43.0007,216.615,81.987,322.742,44.7291,6863.1332,484.1517,-1805.306333183271,-5738.591813970073,3291.293607693219,-3262.7674182664177,5054.197833315892,3291.293607693219,28.834,122.8445,6
673,STARLINK-30849,satellite,0,24,43.0224,216.2734,144.7676,30.8271,175.5947,6870.0122,484.9543,5744.664177612366,3737.737981662802,359.6676250291538,-792.7915938384831,-6807.593790896055,359.6676250291538,3.0228,-96.6426,8
674,STARLINK-30886,satellite,0,24,42.9985,216.359,91.2397,38.4124,129.6521,6862.2976,484.8748,5812.94843000615,-515.4710543437047,3600.51255783583,-4109.179138430075,-4143.757553968167,3600.51255783583,31.8335,-134.7599,23
675,STARLINK-30850,satellite,0,24,42.9926,216.3852,84.2326,35.7375,119.9701,6865.8169,490.5503,5338.294458987369,-1466.7283781154026,4053.075925968414,-4538.011181835028,-3170.983188155455,4053.075925968414,36.3789,-145.0557,4
676,STARLINK-30823,satellite,0,24,43.0202,216.2846,133.1009,32.3615,165.4623,6871.9909,487.1452,6101.891284529803,2916.8964057912062,1175.622266202277,-1652.5649304401531,-6558.230785891707,1175.622266202277,9.9214,-104.1431,12
677,STARLINK-30873,satellite,0,24,43.004,216.1925,161.6993,60.0652,221.7645,6866.025,491.3849,2157.8871393831614,5722.439510544093,-3118.7663557056476,3025.157114331136,-5315.187230170079,-3118.7663557056476,-27.1643,-60.3535,13
678,STARLINK-30808,satellite,0,24,43.0219,216.6642,34.1147,328.2304,2.3451,6867.5408,482.7322,-5376.256861456893,-4257.989057728168,191.5398938834055,157.17744746926672,6856.376878942856,191.5398938834055,1.6098,88.6868,4
679,STARLINK-30881,satellite,0,24,43.0182,216.6038,30.568,330.1189,0.6869,6872.8637,487.5541,-5475.34645569983,-4141.874252152664,56.15463337882533,309.8110958590167,6858.46617076096,56.15463337882533,0.4716,87.4136,4
680,STARLINK-30883,satellite,0,24,43.0205,216.2399,161.1747,30.065,191.2397,6869.72,486.2079,4851.697869568028,4768.8435769761145,-912.7843071732577,570.9349596256801,-6779.00247463552,-912.7843071732577,-7.6892,-85.1858,4
681,STARLINK-30907,satellite,0,29,42.9884,281.5874,105.7554,188.9973,294.7527,6860.1217,493.4494,-3889.0871063673226,-3730.922813235235,-4249.821759517413,-387.05817632756896,5375.404126888475,-4249.821759517413,-38.4318,94.1185,4
682,STARLINK-30896,satellite,0,25,42.9819,140.0686,99.2675,338.0972,77.3647,6858.9888,486.6347,-4290.974510845109,-2790.0041636740784,4560.518245283052,593.6355712943307,5083.717369655316,4560.518245283052,41.8796,83.3396,4
683,STARLINK-30832,satellite,0,29,43.02,282.318,24.4288,327.9536,352.3824,6869.8753,485.7963,801.469790716241,-6788.480829861782,-620.7596213009111,-5735.499527086544,3718.853449333768,-620.7596213009111,-5.2212,147.0409,5
684,STARLINK-30903,satellite,0,29,42.9841,281.6433,100.669,179.9853,280.6543,6858.9272,494.9303,-4576.715911393386,-2238.660249564409,-4598.794778683911,1200.3792547365247,4951.466236518165,-4598.794778683911,-42.248,76.3727,4
685,STARLINK-30905,satellite,0,29,43.0148,281.4597,9.4334,328.3187,337.7522,6868.7524,488.2214,-600.1781367944415,-6604.776912369591,-1773.1085469595141,-4698.957447870439,4680.073798687298,-1773.1085469595141,-15.0578,135.1154,6
686,STARLINK-30842,satellite,0,68,42.9816,267.4013,82.9911,19.5544,102.5455,6867.592,496.0426,4964.676388625148,1267.3122761192144,4568.348358893505,-2195.593228655049,-4629.628756526662,4568.348358893505,41.897,-115.3726,84
687,STARLINK-30858,satellite,0,29,43.0023,281.5353,40.3301,277.243,317.5731,6866.0283,492.2092,-2305.6481575683315,-5642.956969550315,-3159.155794096203,-2869.6266287067056,5378.124189576892,-3159.155794096203,-27.5416,118.0832,9
688,STARLINK-30885,satellite,0,29,42.9847,281.6526,99.1219,178.8157,277.9376,6861.2813,497.281,-4680.325118945878,-1933.268546856674,-4636.1706362642135,1501.5449887039504,4836.148585413719,-4636.1706362642135,-42.6531,72.7513,4
689,STARLINK-30890,satellite,0,29,42.9897,281.584,103.2914,194.8152,298.1067,6863.12,495.6983,-3690.315929480562,-4058.408931052929,-4129.636561284783,-766.0019230092714,5431.607107014853,-4129.636561284783,-37.1459,98.0273,6
690,STARLINK-30909,satellite,0,29,42.9905,281.5802,109.1742,189.969,299.1433,6863.2495,495.4453,-3625.946505032017,-4156.164864008301,-4089.0610344711745,-882.3341198805296,5444.5092464854615,-4089.0610344711745,-36.7231,99.2053,7
691,STARLINK-30918,satellite,0,29,43.0219,281.8881,152.9331,30.639,183.5721,6870.0668,485.753,-1717.165050961235,6639.176437583845,-291.77679255484173,6205.435575027446,-2918.884873679501,-291.77679255484173,-2.4516,-25.1911,7
692,STARLINK-30892,satellite,0,29,42.9845,281.7175,84.1826,173.2486,257.4311,6861.5478,497.0097,-5103.392494676914,467.36318174637904,-4568.823004640622,3618.9916643561533,3628.490406725286,-4568.823004640622,-41.8951,45.0751,4
693,STARLINK-30891,satellite,0,29,43.0215,281.8912,147.2541,31.1163,178.3703,6870.0584,485.5193,-1274.0589954042273,6743.048610306739,133.17656865727713,6002.366800414171,-3326.1875590555337,133.17656865727713,1.1187,-28.9929,7
694,STARLINK-30889,satellite,0,29,42.9896,282.0119,79.6645,38.4496,118.1141,6860.7295,486.4745,3654.5369945903226,4081.066524243819,4123.797364851954,806.2873688852611,-5418.546419373823,4123.797364851954,37.1431,-81.5364,96
695,STARLINK-30870,satellite,0,29,42.9834,282.1459,100.5897,334.9032,75.493,6859.1824,486.6661,5107.862072444067,-657.3017047312264,4524.938274009399,-3768.0009045075276,-3510.6224043302677,4524.938274009399,41.4809,-137.0252,31
696,STARLINK-30888,satellite,0,29,43.0067,281.5131,21.316,298.6328,319.9488,6866.384,491.5303,-2116.674212961129,-5794.418399392267,-3013.2946707523274,-3106.865018362678,5329.445005692856,-3013.2946707523274,-26.175,120.2406,9
697,STARLINK-30859,satellite,0,29,43.0032,282.2144,77.456,323.4136,40.8696,6866.2777,486.1046,4305.909925450102,-4375.555139555974,3061.5030687276912,-6116.95824525501,-518.8110361115467,3061.5030687276912,26.6487,-175.152,6
698,STARLINK-30884,satellite,0,29,42.9802,282.1257,94.3247,347.9486,82.2733,6861.3491,489.4068,5054.269045562613,142.85951575206178,4632.7993059365745,-3118.0615273749972,-3980.4191660775155,4632.7993059365745,42.6754,-128.0734,56
699,STARLINK-30852,satellite,0,29,42.9868,281.6322,87.8724,185.7446,273.617,6858.6965,494.5846,-4820.0139031679455,-1434.2561293434221,-4669.9396118928325,1974.7415815473987,4624.934632770408,-4669.9396118928325,-43.0586,66.8786,4
700,STARLINK-30964,satellite,0,1,43.0091,343.7489,119.4512,34.0618,153.513,6865.7052,482.3414,-5267.36329485709,3865.275431522962,2086.4873100384807,6338.353675431732,1584.5324000107473,2086.4873100384807,17.8151,14.0358,5
701,STARLINK-30844,satellite,0,1,43.0212,344.1266,51.8663,326.9769,18.8432,6866.733,482.2548,6687.198347497416,-217.62491078941196,1511.5175138711772,-4438.344940846462,-5006.703159428455,1511.5175138711772,12.8072,-131.5564,4
702,STARLINK-30876,satellite,0,1,43.0074,344.0833,80.368,319.7895,40.1575,6863.7925,483.8156,5927.204820554934,1672.7049374230023,3016.573784922795,-2498.3841791651876,-5629.189576287693,3016.573784922795,26.2375,-113.9329,64
703,STARLINK-30952,satellite,0,1,42.9842,343.9138,81.8088,15.0487,96.8575,6858.7333,486.7134,593.1067902092244,5010.710631745846,4640.30196238043,3476.865023155531,-3656.556619340226,4640.30196238043,42.7816,-46.443,10
704,STARLINK-30925,satellite,0,1,42.9833,343.9602,96.9054,345.7752,82.6807,6858.7475,486.7989,2213.68939538688,4539.077447644916,4635.644603728773,2078.939823381156,-4602.3530965938435,4635.644603728773,42.7279,-65.6907,49
705,STARLINK-30954,satellite,0,1,43.0234,343.6924,158.6912,30.1639,188.8551,6867.374,483.5435,-6723.724384244028,1162.5793355382816,-720.657791448462,5188.800280230025,4431.299127635504,-720.657791448462,-6.0664,40.4977,4
706,STARLINK-30906,satellite,0,39,42.9925,347.2688,96.3096,322.3089,58.6185,6863.5251,487.7205,4427.524069604565,3390.4555410866756,3992.7527949138357,-218.80734178424186,-5572.277946243746,3992.7527949138357,35.7715,-92.2487,122
707,STARLINK-30940,satellite,0,8,43.0169,198.7024,14.6622,327.9392,342.6014,6866.7755,484.7485,-6683.332582665332,-678.6378414037204,-1399.8023028053897,3746.2160734799827,5576.141036693869,-1399.8023028053897,-11.8422,56.1056,4
708,STARLINK-30933,satellite,0,8,42.977,197.9881,96.0978,183.7108,279.8086,6858.8192,495.1875,-2640.2304329845347,4345.268363589982,-4610.588805562428,5029.840240633426,-743.5597115083223,-4610.588805562428,-42.3792,-8.4091,4
709,STARLINK-30919,satellite,0,1,42.9934,343.3229,103.2311,198.7117,301.9428,6861.2164,492.5311,2256.0125786404315,-5122.914157761391,-3971.598641998117,-5382.8394432472505,1535.8651473998552,-3971.598641998117,-35.5248,164.0752,17
710,STARLINK-30931,satellite,0,30,43.0233,332.56,157.032,31.436,188.468,6867.4962,483.6758,-6363.640793505446,2471.9025044255695,-689.4008343240226,5966.33050056467,3318.0003764592543,-689.4008343240226,-5.8022,29.0793,4
711,STARLINK-30922,satellite,0,1,42.9943,344.012,99.4827,322.0002,61.4828,6860.6218,485.9231,4360.458713520193,3334.4019752599693,4108.264183178387,-219.10730845745576,-5484.8727161450415,4108.264183178387,36.9836,-92.2876,122
712,STARLINK-30949,satellite,0,1,42.992,343.8128,80.73,37.3844,118.1145,6860.6153,485.626,-1869.6444618378587,5148.430249050412,4123.457352552402,5155.713500841205,-1849.4655282708006,4123.457352552402,37.1449,-19.734,11
713,STARLINK-30967,satellite,0,1,43.0077,343.7711,103.7996,35.4958,139.2955,6863.7779,483.6906,-4077.4790407860187,4592.938567463396,3050.490300700483,6138.340303073196,204.20170471678873,3050.490300700483,26.5555,1.9053,9
714,STARLINK-30955,satellite,0,1,43.005,343.3483,43.1092,272.8603,315.9695,6863.3473,489.9695,3727.9260687047554,-4756.17578126971,-3253.616604927793,-6040.701154510515,169.02780232954245,-3253.616604927793,-28.4477,178.3972,8
715,STARLINK-30895,satellite,0,1,43.0206,343.7185,141.6214,33.1175,174.739,6867.5185,482.5933,-6428.822463282121,2356.799053189985,429.1929785749347,5919.389539768807,3441.6692923628852,429.1929785749347,3.6091,30.1747,4
716,STARLINK-30917,satellite,0,96,43.0202,235.0027,139.6141,30.4407,170.0548,6867.2927,482.2187,4584.955021404035,5038.372548015418,808.3178209161103,948.6927970373362,-6745.887077156192,808.3178209161103,6.8088,-81.9948,10
717,STARLINK-30899,satellite,0,1,42.9826,343.4859,93.1956,180.5185,273.7141,6858.6699,495.3755,-997.9961626427915,-4930.278506166844,-4669.606555729995,-3156.3847169898636,3916.7432909718914,-4669.606555729995,-43.0487,128.8643,13
718,STARLINK-30902,satellite,0,1,43.017,343.7344,126.3975,34.193,160.5906,6866.5687,482.2915,-5743.73601812638,3411.9693569127344,1555.087225049393,6293.7849081180675,2240.6047997759506,1555.087225049393,13.1827,19.5959,4
719,STARLINK-30912,satellite,0,37,43.0126,201.5718,163.6921,41.0849,204.777,6865.9994,486.2946,5021.311329931122,4246.598207875012,-1961.928909459556,60.74910762407989,-6575.97698879374,-1961.928909459556,-16.7099,-89.4707,4
720,STARLINK-30900,satellite,0,1,43.0179,343.6291,160.6682,35.3315,195.9996,6866.884,484.7019,-6718.607081265592,532.3652378107433,-1290.3643600213402,4700.5923067850135,4829.8577436871765,-1290.3643600213402,-10.9048,45.7771,4
721,STARLINK-30908,satellite,0,1,43.0187,343.6089,147.2132,34.7394,181.9526,6867.5386,483.0185,-6626.702518703451,1771.0652779900768,-159.4919747969854,5595.055972379301,3968.0230790956134,-159.4919747969854,-1.3403,35.3443,4
722,STARLINK-30869,satellite,0,30,43.0007,332.7396,93.3392,36.384,129.7233,6864.8606,487.2592,-2129.544349934696,5437.881022861706,3598.2116819988714,5544.430482934734,-1834.3390572744108,3598.2116819988714,31.7985,-18.3065,8
723,STARLINK-30969,satellite,0,30,43.0001,332.7447,93.4713,35.0752,128.5465,6864.6025,487.1801,-2003.0042770771117,5445.270639275874,3658.6618021738304,5469.299836618441,-1936.429127573375,3658.6618021738304,32.3966,-19.4967,8
724,STARLINK-30951,satellite,0,30,42.9991,332.9917,85.4331,319.3527,44.7858,6865.7239,486.1804,5942.340466517962,937.7876514798769,3295.45452381278,-3073.557965650512,-5171.469552368199,3295.45452381278,28.8645,-120.7243,47
725,STARLINK-30950,satellite,0,5,43.004,136.4153,75.7729,323.6029,39.3758,6864.0126,483.1365,-6032.89761932072,1349.9635076467644,2967.101138419072,4891.781873446181,3780.043023539142,2967.101138419072,25.7785,37.6945,5
726,STARLINK-30942,satellite,0,30,42.9823,332.4079,93.7101,182.8431,276.5532,6861.2188,497.917,-1616.8748460910133,-4785.653772936688,-4650.613126249179,-2649.8415287412045,4300.593700281796,-4650.613126249179,-42.8123,121.6396,10
727,STARLINK-30959,satellite,0,30,42.9861,332.4101,94.4201,180.4829,274.903,6861.3672,498.4217,-1797.7366941999608,-4707.419307971653,-4664.702115787111,-2474.131044054821,4389.798325616055,-4664.702115787111,-42.9689,119.406,8
728,STARLINK-30971,satellite,0,30,43.0047,333.0085,72.2185,322.2162,34.4347,6867.3029,485.39,6329.435529104405,-40.115144610104764,2645.9052816524386,-4073.2630604698684,-4844.779807393509,2645.9052816524386,22.8136,-130.0555,17
729,STARLINK-30963,satellite,0,30,43.0252,332.6354,148.5772,32.8869,181.464,6867.5951,483.1256,-6150.3945092707145,3038.943070645066,-119.61261551578932,6266.466053452591,2791.761237501395,-119.61261551578932,-1.0051,24.0134,4
730,STARLINK-30961,satellite,0,30,43.0209,332.6165,162.6933,32.1531,194.8464,6869.6335,486.7434,-6483.025903039193,1909.9747899969416,-1199.97582648584,5610.183267445496,3768.749429661724,-1199.97582648584,-10.1297,33.892,3
731,STARLINK-30975,satellite,0,30,43.0254,332.6379,149.6837,28.0389,177.7227,6870.1428,485.0232,-5998.846432388523,3328.9587948337244,186.08192571969923,6392.83994138225,2489.9242279533532,186.08192571969923,1.5634,21.2802,4
732,STARLINK-30976,satellite,0,30,42.9974,332.7683,91.4933,35.9885,127.4818,6864.4848,487.2026,-1889.5597896330278,5449.572972866195,3711.923364100734,5400.157280052474,-2026.4706106647552,3711.923364100734,32.9263,-20.5692,7
733,STARLINK-30926,satellite,0,30,43.0237,332.1767,23.5435,328.2817,351.8252,6869.9684,486.1545,5675.810452850211,-3802.290615088889,-665.9457703453521,-6550.749161992042,-1939.0522517295194,-665.9457703453521,-5.6022,-163.511,4
734,STARLINK-30943,satellite,0,77,43.0185,307.013,43.3807,325.2629,8.6436,6867.3964,482.1124,4684.697050755292,-4961.734767582944,703.367080353272,-6809.932594824003,-435.90872341618467,703.367080353272,5.9215,-176.3375,2
735,STARLINK-30946,satellite,0,30,42.9823,332.8612,88.5201,1.0112,89.5313,6858.5749,487.0484,2337.424436848176,4437.175468542071,4673.541340768656,1921.5025104374006,-4632.483916754522,4673.541340768656,43.1588,-67.4719,58
736,STARLINK-30944,satellite,0,30,43.0255,332.6616,136.7794,29.3036,166.0829,6869.7922,484.2371,-5362.387709235615,4130.490550218977,1126.0927654484883,6603.121351636766,1488.2683041602747,1126.0927654484883,9.5036,12.7016,5
737,STARLINK-30928,satellite,0,30,43.0159,332.6844,118.7798,33.9126,152.6924,6868.1929,485.0055,-4360.514992590064,4842.398477699,2147.311129339394,6511.061168220215,262.67181257058803,2147.311129339394,18.345,2.3102,4
738,STARLINK-30957,satellite,0,30,43.0005,332.5521,104.3156,126.2188,230.5344,6864.6789,493.5007,-5659.484451897193,-1428.512356148573,-3614.870325966954,2515.30259767872,5267.2255177698535,-3614.870325966954,-31.9302,64.4737,3
739,STARLINK-30966,satellite,0,30,42.994,332.7452,87.1708,37.6642,124.835,6861.5521,485.5378,-1596.7611069185566,5453.258231000672,3837.9876433039694,5215.992472275449,-2254.128189724401,3837.9876433039694,34.2026,-23.3719,6
740,STARLINK-30935,satellite,0,30,42.9984,332.9698,89.1582,322.2658,51.4239,6864.6247,486.9218,5592.031735317133,1549.69035953134,3656.9078902455403,-2378.9782963189546,-5292.713992354176,3656.9078902455403,32.3805,-114.203,82
741,STARLINK-30958,satellite,0,30,43.004,332.5716,149.1208,74.7327,223.8535,6863.3982,489.6109,-5994.378078260151,-806.6196848241535,-3242.9865123595673,3207.724281967216,5127.739150146932,-3242.9865123595673,-28.348,57.9714,4
742,STARLINK-30962,satellite,0,30,43.0193,332.2259,25.798,321.1144,346.9124,6869.6393,487.0056,5386.414200780599,-4121.288762497593,-1060.5024984282225,-6611.385624894594,-1512.6331760201992,-1060.5024984282225,-8.9418,-167.113,5
743,STARLINK-30977,satellite,0,30,42.9993,333.1323,39.2145,276.8964,316.1108,6865.8389,492.3239,2840.6327065498826,-5341.451099139231,-3246.0812031515306,-5924.377126596234,1225.581364039106,-3246.0812031515306,-28.3652,168.312,13
744,STARLINK-30947,satellite,0,21,43.0176,358.2875,119.2504,32.8155,152.0659,6868.1745,485.1416,-5988.746583854982,2530.076992967265,2192.7422950663986,5771.662669555752,2992.3711776505224,2192.7422950663986,18.7468,27.4049,4
745,STARLINK-30941,satellite,0,21,42.9828,358.4428,82.5487,10.9653,93.514,6861.1566,489.8272,-284.11277143220246,5017.193488650715,4666.875228185656,4042.1037624732785,-2985.690496828059,4666.875228185656,43.0607,-36.4513,5
746,STARLINK-30980,satellite,0,21,42.9932,358.5576,89.6934,327.5459,57.2394,6862.4527,486.6752,3815.9422705280995,4123.4051096717085,3932.5521606727934,735.7821796304529,-5569.7854262626815,3932.5521606727934,35.159,-82.4747,97
747,STARLINK-30965,satellite,0,1,42.999,343.4413,111.5249,117.2593,228.7842,6864.8864,492.9093,-5412.439263685065,-2331.192980322911,-3522.0374373580494,1662.9248570716172,5653.639572374585,-3522.0374373580494,-31.0222,73.6096,4
748,STARLINK-30990,satellite,0,21,43.0205,358.2542,134.2959,32.9724,167.2683,6869.6207,484.1513,-6656.301452154915,1309.0052647750629,1031.7420589890005,5258.411971765883,4285.900995165158,1031.7420589890005,8.7011,39.182,4
749,STARLINK-30984,satellite,0,36,42.9929,354.5154,95.3341,206.6394,301.9735,6861.2671,492.459,3210.6990570445673,-4586.443632463724,-3970.196777824278,-5579.759673020692,458.62361474953076,-3970.196777824278,-35.5109,175.3012,9
750,STARLINK-30956,satellite,0,30,42.9831,332.3082,79.9257,15.8165,95.7422,6861.3078,489.7817,1712.2202710498325,4738.975696816765,4652.237376889161,2553.0296129588955,-4344.148789690433,4652.237376889161,42.8939,-59.5575,34
751,STARLINK-30997,satellite,0,36,43.0189,354.8335,128.4587,32.25,160.7088,6866.6028,482.3509,-6298.75060780681,2233.1148756642037,1546.047485409928,5741.144064050136,3420.5739435190244,1546.047485409928,13.1047,30.7865,4
752,STARLINK-30994,satellite,0,20,42.982,191.4361,100.5538,335.8485,76.4022,6859.0912,486.2861,-613.1822667529584,-5097.115159490573,4542.528876907752,-3530.530409458339,3727.1880109888257,4542.528876907752,41.6804,133.4479,7
753,STARLINK-30991,satellite,0,36,43.0007,354.4919,77.5946,231.4965,309.0911,6862.3088,491.1634,3933.7530180080253,-4293.21811049856,-3632.98764988332,-5815.917257726492,-285.02807279149243,-3632.98764988332,-32.1213,-177.1943,9
754,STARLINK-30979,satellite,0,36,42.989,355.1103,99.2963,329.4653,68.7615,6859.7554,485.7868,2872.67944721193,4445.25315384008,4356.840844463371,1585.8689993376195,-5049.513078020386,4356.840844463371,39.6361,-72.5644,78
755,STARLINK-31005,satellite,0,36,42.9863,354.996,79.4911,24.6442,104.1353,6859.1523,486.4313,-1243.5765806379638,4990.343397628376,4532.515759506037,4634.219930756235,-2230.250114123079,4532.515759506037,41.5673,-25.6995,9
756,STARLINK-30987,satellite,0,36,42.9821,355.0633,95.6023,347.3316,82.934,6858.7294,486.7247,1268.4172758770694,4885.810387951562,4638.066335484524,2949.458444039009,-4096.4277632646945,4638.066335484524,42.756,-54.2458,22
757,STARLINK-31000,satellite,0,36,43.0143,354.8843,110.1616,36.5299,146.6915,6864.8477,483.2545,-5463.348069315623,3253.9283222605163,2569.2674978957207,5993.100603341105,2125.786163078585,2569.2674978957207,22.1252,19.5299,5
758,STARLINK-30993,satellite,0,36,42.9954,354.9286,99.9797,25.4942,125.4738,6861.6262,483.0551,-3601.433225713967,4418.544748564594,3806.750573338319,5700.112769528105,-50.72858175523417,3806.750573338319,33.9008,-0.5099,13
759,STARLINK-30978,satellite,0,36,43.023,354.8285,151.2734,30.7804,182.0538,6867.5167,482.7603,-6844.769908178986,438.9952647284726,-167.76126580708595,4709.321501808035,4986.570257298607,-167.76126580708595,-1.4099,46.6379,4
760,STARLINK-30953,satellite,0,8,42.9867,198.7324,104.503,188.8017,293.3047,6859.9585,493.7312,-4052.341713211416,3494.7983229777656,-4297.904918738719,5277.284492467249,886.2037375717416,-4297.904918738719,-38.9449,9.5326,4
761,STARLINK-30986,satellite,0,36,43.0217,354.8014,167.9909,35.273,203.2639,6866.1641,485.9783,-6458.217038390935,-1402.2198236376807,-1849.2928920889062,3045.6576070753576,5865.045395325553,-1849.2928920889062,-15.7261,62.5576,4
762,STARLINK-30985,satellite,0,36,42.9893,354.6987,80.347,165.2006,245.5476,6860.1452,493.413,-3251.0580969072075,-4288.0322378347755,-4260.061452974717,-1223.23243658666,5240.257782615135,-4260.061452974717,-38.5414,103.1393,8
763,STARLINK-30981,satellite,0,36,42.9828,354.6274,89.6347,177.0165,266.6511,6858.7962,495.7934,-868.5656827865531,-4953.277147648824,-4671.737942913587,-3256.744649100567,3831.8370447201123,-4671.737942913587,-43.0698,130.3618,14
764,STARLINK-31002,satellite,0,36,43.0018,355.164,85.9574,321.2222,47.1796,6862.9562,484.582,4954.47372313162,3272.4104986739435,3430.41634266487,-646.1859373820349,-5902.365973011403,3430.41634266487,30.1719,-96.2478,105
765,STARLINK-30989,satellite,0,32,43.0014,34.9823,139.054,84.4051,223.4591,6863.328,489.7772,-2102.320225837564,-5684.859689768762,-3219.6296601293225,-3031.728736713624,5248.428421090289,-3219.6296601293225,-28.1252,120.0127,9
766,STARLINK-30968,satellite,0,32,43.0163,35.023,163.959,38.2625,202.2216,6866.2785,485.5177,-4113.247884366976,-5199.687027818709,-1770.4745445435094,-1374.0850211192517,6485.942005618866,-1770.4745445435094,-15.041,101.9616,4
767,STARLINK-30982,satellite,0,32,43.0245,35.0543,147.2036,33.8257,181.0293,6867.5713,482.8483,-5563.801615906944,-4013.7406699908274,-84.09388757727429,464.90115055172794,6844.696451072378,-84.09388757727429,-0.7067,86.1144,4
768,STARLINK-30998,satellite,0,32,42.999,34.971,105.9498,122.408,228.3579,6865.0807,493.4047,-1587.653225816096,-5689.987525859768,-3499.274171257669,-3364.374824882723,4855.675323534241,-3499.274171257669,-30.7977,124.7171,11
769,STARLINK-30983,satellite,0,32,43.016,34.6756,9.8797,320.4205,330.3002,6867.8648,489.4476,6319.022888390171,1347.4471622398987,-2320.424109285089,-2998.9057318819027,-5722.9562754151,-2320.424109285089,-19.8691,-117.6551,4
770,STARLINK-31017,satellite,0,76,42.9858,162.434,76.121,178.0129,254.1339,6859.3092,495.0724,3246.721633711079,4038.307747778687,-4501.687649148487,1033.84296423736,-5077.4304089641455,-4501.687649148487,-41.1604,-78.491,12
771,STARLINK-31028,satellite,0,32,42.9904,34.3146,83.0794,35.0662,118.1456,6860.6071,485.3102,-5163.77465860432,1829.073357085127,4121.949241101016,4705.370022977147,2805.2755688721318,4121.949241101016,37.131,30.8028,8
772,STARLINK-31011,satellite,0,32,43.0057,34.2671,101.6555,37.7339,139.3894,6863.7652,483.5182,-6140.09576308953,-233.56827654940764,3044.4936471802876,3741.743154456491,4873.878156642639,3044.4936471802876,26.5,52.4861,5
773,STARLINK-31021,satellite,0,32,42.9819,34.8323,88.8261,177.2189,266.045,6861.1271,498.3156,2473.632683628435,-4383.997068729826,-4670.227711376498,-4953.24104982044,896.4887364157039,-4670.227711376498,-43.0328,169.7411,10
774,STARLINK-31010,satellite,0,32,42.9811,34.7994,85.3424,180.5218,265.8642,6858.6959,495.6629,2451.8257439985937,-4395.187684151256,-4667.315451828104,-4947.924700131649,920.4158949498126,-4667.315451828104,-43.0202,169.4623,10
775,STARLINK-31003,satellite,0,32,43.0079,34.2501,109.0746,37.3773,146.4519,6864.8534,482.7818,-6284.133469581572,-925.9050789172411,2585.096249452517,3300.992976810083,5426.884838075208,2585.096249452517,22.2703,58.6892,5
776,STARLINK-31015,satellite,0,32,42.992,34.3026,89.107,36.0843,125.1913,6861.5824,484.99,-5573.967639407237,1158.8116470841535,3820.8839648994967,4451.590594835811,3548.985891004121,3820.8839648994967,34.0327,38.5633,5
777,STARLINK-30932,satellite,0,32,42.9821,34.4361,97.012,345.6708,82.6827,6858.7583,486.6845,-2092.6828070695174,4596.111578783009,4635.484698700767,4873.160068926951,-1325.0939280833886,4635.484698700767,42.7269,-15.2119,14
778,STARLINK-30992,satellite,0,32,42.9937,34.5054,96.3824,324.9924,61.3747,6860.7017,485.0822,213.19622996770372,5487.632402021766,4103.510384894398,4086.4846883337823,-3668.815190794594,4103.510384894398,36.9391,-41.9173,5
779,STARLINK-30948,satellite,0,32,43.0026,34.5398,86.0189,321.2522,47.2711,6862.7185,484.1212,1743.9860313349034,5672.205229258463,3435.301614669244,3250.847187235017,-4964.613983540362,3435.301614669244,30.2216,-56.7831,9
780,STARLINK-31001,satellite,0,32,43.0229,34.5512,18.4589,329.2909,347.7499,6869.614,486.7238,6128.832234497939,2927.4574086418215,-993.7512786535323,-1661.6446746928577,-6585.70637161252,-993.7512786535323,-8.3752,-104.1608,4
781,STARLINK-31004,satellite,0,32,43.0183,34.5832,61.4391,324.5677,26.0068,6865.8806,482.8521,3827.160733075559,5309.384224235359,2051.8496040888217,1641.209397858382,-6335.862358806107,2051.8496040888217,17.5086,-75.4776,25
782,STARLINK-30988,satellite,0,32,43.0267,34.6146,38.592,326.2303,4.8223,6867.5299,482.9962,5387.095449463346,4230.661188373005,393.556600449573,-185.1280456987526,-6847.26361980683,393.556600449573,3.3089,-91.5487,7
783,STARLINK-31009,satellite,0,32,43.0196,34.6499,22.541,321.0708,343.6118,6866.8531,484.8133,6220.558055849053,2578.5687469331565,-1320.9103831878592,-1988.6911124977678,-6433.464616201862,-1320.9103831878592,-11.166,-107.1773,4
784,STARLINK-31044,satellite,0,6,43.0017,100.0612,39.953,276.2456,316.1986,6865.7718,492.247,2556.248597226559,5486.147821527255,-3241.0276729505435,2588.9145095880863,-5470.808575751419,-3241.0276729505435,-28.3175,-64.6754,15
785,STARLINK-31062,satellite,0,27,42.9938,103.0934,87.8317,35.4903,123.322,6863.815,487.6569,-3229.4196131943895,-4619.538070213779,3908.2291862822644,-1492.140666034332,5435.328808177631,3908.2291862822644,34.9045,105.351,4
786,STARLINK-31096,satellite,0,6,42.9807,101.0776,92.2957,178.1866,270.4823,6867.6783,506.2386,4924.205958272424,1023.0619006516364,-4686.479678900141,-2357.6929216235562,-4442.493000487087,-4686.479678900141,-43.1567,-117.9555,4
787,STARLINK-31094,satellite,0,6,43.0109,99.9599,68.8462,324.6701,33.5163,6867.4136,485.429,-3717.567002989851,5154.511925104631,2584.0744404441602,6340.598499840396,-431.4026791601012,2584.0744404441602,22.2519,-3.8923,6
788,STARLINK-31075,satellite,0,6,43.0068,99.6438,101.1023,37.6511,138.7534,6866.2091,486.2746,-2396.6244653939225,-5639.124889963808,3084.9698601140867,-2808.574432335315,5445.681592855608,3084.9698601140867,26.8683,117.2821,6
789,STARLINK-30857,satellite,0,6,43.0087,100.0555,11.1222,317.0346,328.1569,6867.5921,489.8807,1589.6709538755656,6204.8642785996,-2470.6449951060645,3759.275643989034,-5186.062194955611,-2470.6449951060645,-21.2129,-54.0624,13
790,STARLINK-31059,satellite,0,89,43.0082,303.359,15.1094,308.797,323.9063,6864.3485,488.1599,580.0768575739223,-6257.557759632002,-2757.7031947389128,-5185.566534750367,3550.1292919414327,-2757.7031947389128,-23.8245,145.6038,14
791,STARLINK-31087,satellite,0,6,43.0215,99.5748,148.588,32.2286,180.8166,6870.1292,485.4574,1212.0605977445853,-6755.3945731446665,-66.73934381178877,-5972.270555579259,3381.779286476038,-66.73934381178877,-0.5606,150.4794,5
792,STARLINK-31052,satellite,0,6,42.9837,99.7499,82.7198,20.2749,102.9947,6861.5712,488.1621,-4555.943915107929,-2347.2777644379576,4555.203527873318,1103.5334371425247,5004.852826421794,4555.203527873318,41.8085,77.5657,4
793,STARLINK-31074,satellite,0,6,42.9988,99.9171,85.7449,323.9682,49.7132,6863.1975,485.3156,-4532.390728364521,3709.096180653762,3567.5406038024853,5748.774256944786,1118.7290711311293,3567.5406038024853,31.5067,11.0123,11
794,STARLINK-31071,satellite,0,14,42.9933,299.9135,102.1145,197.9993,300.1138,6860.8688,492.6607,-2046.7784160121355,-5150.298341189065,-4048.516797596681,-2655.864943852947,4864.283738385432,-4048.516797596681,-36.3185,118.6342,9
795,STARLINK-31080,satellite,0,6,43.0008,99.6538,93.284,37.6503,130.9344,6865.014,486.4577,-2982.289263620239,-5065.758539546773,3533.9120320311763,-1993.3339660543797,5530.151763981665,3533.9120320311763,31.1709,109.8216,4
796,STARLINK-31088,satellite,0,6,43.0091,99.9298,72.6037,324.1228,36.7265,6866.891,485.7277,-3903.1158683589997,4898.845832164618,2798.3240656042053,6262.371253537393,-125.34054420244392,2798.3240656042053,24.2065,-1.1466,7
797,STARLINK-31038,satellite,0,6,43.0195,99.9915,43.0717,324.4207,7.4924,6872.567,487.7109,-1825.6432891696197,6590.258655012792,610.7789088989007,6237.075478708509,-2804.170471307711,610.7789088989007,5.1356,-24.2085,5
798,STARLINK-31082,satellite,0,6,42.9947,99.8886,94.7471,324.6001,59.3472,6863.4339,488.105,-4852.12948567016,2703.788946995219,4023.721036760251,5179.4125918664495,2006.8184817811887,4023.721036760251,36.0893,21.1794,9
799,STARLINK-31069,satellite,0,6,43.0132,100.037,13.2319,321.5836,334.8154,6868.449,488.5777,1020.61551540135,6489.535494664013,-1992.7861181449346,4341.761962495418,-4929.992903423898,-1992.7861181449346,-16.9746,-48.6302,14
800,STARLINK-31067,satellite,0,6,43.0162,100.0205,18.6647,325.2201,343.8849,6869.386,487.0776,224.37942658731555,6736.516999356028,-1299.8422532152224,5040.3391983415995,-4475.040578067371,-1299.8422532152224,-10.982,-41.6001,11
801,STARLINK-31085,satellite,0,6,42.9808,100.1777,95.2094,183.515,278.7245,6861.3788,497.7284,4702.861587768865,1902.4096688026395,-4626.843434872259,-1539.6836803974686,-4833.78152443647,-4626.843434872259,-42.5438,-107.668,4
802,STARLINK-31089,satellite,0,6,42.9845,100.1109,99.8973,184.4161,284.3135,6861.6281,497.8487,4493.654620755078,2525.7187152068354,-4536.342386106591,-926.4439104741649,-5070.88636825209,-4536.342386106591,-41.5255,-100.3537,4
803,STARLINK-31061,satellite,0,6,42.9841,100.2584,78.7141,175.6343,254.3484,6859.2448,494.732,5087.341731874811,-961.091667431277,-4506.067781897753,-3988.656806501438,-3300.8120167665675,-4506.067781897753,-41.2115,-140.3906,4
804,STARLINK-31054,satellite,0,21,42.9859,358.4889,94.131,181.9884,276.1193,6858.7738,495.702,599.7889787147097,-5010.101181926421,-4653.326774298176,-4238.257997007336,2738.253060425848,-4653.326774298176,-42.8604,147.1343,16
805,STARLINK-31134,satellite,0,21,43.0174,358.7594,117.4925,38.308,155.8005,6866.1944,483.7675,-6211.3914370330285,2191.0606776264663,1918.4778988344963,5652.99069771243,3380.211036113708,1918.4778988344963,16.3357,30.8774,4
806,STARLINK-31133,satellite,0,21,42.9991,358.4192,115.5586,181.8345,297.3931,6860.5491,492.1064,3033.201811731082,-4541.536214181309,-4155.285215013226,-5431.842678085057,566.5240824031899,-4155.285215013226,-37.4383,174.0458,9
807,STARLINK-31068,satellite,0,21,43.0031,358.3641,40.5535,277.9364,318.4899,6863.6881,489.6276,5042.504108536693,-3471.920165796664,-3102.4019387628828,-5892.063143021112,-1662.7294551210477,-3102.4019387628828,-27.0179,-164.241,2
808,STARLINK-31129,satellite,0,21,43.0173,358.3327,6.8171,325.8788,332.6959,6865.5243,486.1117,6028.05116314773,-2477.9167732274504,-2147.457190040133,-5756.628707288045,-3055.9283838133083,-2147.457190040133,-18.3432,-152.0382,2
809,STARLINK-30774,satellite,0,21,43.025,358.3001,27.1809,326.8212,354.002,6867.4499,483.2016,6805.117692129401,-726.3171441789698,-489.1886371455519,-4905.086597776119,-4772.555800195319,-489.1886371455519,-4.114,-135.7846,3
810,STARLINK-31086,satellite,0,21,43.0023,357.9409,97.8938,37.7411,135.6349,6863.1773,483.4647,-4772.709463808196,3680.143493187162,3269.9253826047566,5879.979023132306,1322.141612648273,3269.9253826047566,28.6329,12.6725,7
811,STARLINK-31065,satellite,0,21,42.9858,358.1476,98.0083,333.8222,71.8305,6859.4813,486.2376,2290.6121552939517,4693.225803133527,4441.0485565884865,2148.42658234369,-4759.993246366821,4441.0485565884865,40.554,-65.7079,57
812,STARLINK-31092,satellite,0,21,43.0239,358.2713,48.8231,326.3984,15.2216,6866.9335,482.1886,6655.692871185796,1116.3882142761659,1228.836555802254,-3391.7215797210833,-5834.448985652584,1228.836555802254,10.3829,-120.1706,5
813,STARLINK-31091,satellite,0,9,42.9815,2.009,78.4884,172.091,250.5794,6859.6278,495.504,-2115.099244970583,-4813.456644337584,-4413.858814650317,-2353.0364261446116,4701.726200049228,-4413.858814650317,-40.1897,116.5862,8
814,STARLINK-31084,satellite,0,9,42.9793,1.9355,88.1903,183.6279,271.8182,6858.6286,496.0319,387.18737845991615,-5009.113339460962,-4677.213936105432,-4101.716460256535,2901.2157095371263,-4677.213936105432,-43.1305,144.7276,13
815,STARLINK-31064,satellite,0,9,43.0251,2.1463,154.5754,32.4606,187.036,6867.4217,483.3297,-6781.859523979872,-869.0162231071807,-573.4614389378659,3662.648741015041,5773.5441454067795,-573.4614389378659,-4.8242,57.6096,4
816,STARLINK-31081,satellite,0,9,43.007,1.7906,16.9144,304.343,321.2575,6864.0856,488.5372,5448.243688769686,-2971.9211321586226,-2929.478212639838,-5766.453901319441,-2294.271978634509,-2929.478212639838,-25.4071,-158.3041,4
817,STARLINK-31022,satellite,0,9,43.0124,2.216,111.9693,32.5888,144.5581,6864.5579,482.7014,-5695.068509622613,2689.43695143096,2712.590409001959,5706.725430612342,2664.61278699547,2712.590409001959,23.4316,25.029,4
818,STARLINK-31025,satellite,0,21,42.9878,357.9405,77.1438,30.0913,107.2351,6859.4263,486.6596,-1857.862537359042,4859.659527083815,4464.608489751812,4925.984308240985,-1674.1034979541282,4464.608489751812,40.8108,-18.7704,14
819,STARLINK-31018,satellite,0,21,43.0139,358.6738,168.6061,43.8763,212.4823,6865.0566,487.2295,-5849.71470461285,-2560.04029062704,-2514.106554691646,1766.1034355849388,6136.273060238817,-2514.106554691646,-21.6131,73.9435,4
820,STARLINK-31008,satellite,0,21,43.0216,358.6989,168.6573,29.7352,198.3925,6866.7167,484.7184,-6545.599647264607,-1434.6341654982143,-1477.18413140829,3076.52358532095,5952.986860396151,-1477.18413140829,-12.507,62.6699,4
821,STARLINK-31077,satellite,0,21,42.9998,358.624,97.0941,136.6394,233.7335,6861.7885,491.0349,-4155.568857915565,-3948.0955315035085,-3773.6241330736257,-383.9763025439199,5719.1584221667035,-3773.6241330736257,-33.5228,93.841,4
822,STARLINK-31078,satellite,0,21,42.988,358.5618,71.1918,183.4729,254.6647,6859.4457,494.8835,-1936.1907400278055,-4794.960322797231,-4513.378331928343,-2453.0665750733265,4552.245979428964,-4513.378331928343,-41.2916,118.3189,8
823,STARLINK-31070,satellite,0,21,43.0255,358.7253,145.7313,31.5742,177.3056,6867.5364,482.4394,-6846.028713389535,388.16356937884694,220.05766390821282,4671.011276645573,5020.003362010507,220.05766390821282,1.8496,47.0624,4
824,STARLINK-31090,satellite,0,56,42.9947,350.6325,105.5602,194.2992,299.8595,6860.8916,492.7088,2662.901569733505,-4851.691450521291,-4059.00700933421,-5434.00403617659,1049.5498253856674,-4059.00700933421,-36.4272,169.0682,13
825,STARLINK-31113,satellite,0,51,43.0096,16.2633,152.5362,66.031,218.5671,6864.0303,488.8287,-4275.165307944849,-4506.315902485049,-2918.561350550912,-737.1358178539156,6167.702344413327,-2918.561350550912,-25.3046,96.8154,4
826,STARLINK-31128,satellite,0,51,42.9962,16.4234,90.0247,36.5943,126.619,6861.788,484.5605,-5060.799414780661,2704.360618526317,3752.757149957969,5313.122867128364,2167.0215666850195,3752.757149957969,33.3492,22.1887,8
827,STARLINK-31083,satellite,0,51,42.9947,16.2094,77.4675,162.1913,239.6588,6860.9336,492.7445,-2119.843473647146,-5128.06333806205,-4039.33285523079,-2592.091296484634,4906.305398426509,-4039.33285523079,-36.2227,117.8483,9
828,STARLINK-30828,satellite,0,51,42.9913,16.6053,98.7065,331.2227,69.9292,6859.6546,486.053,908.5412751572371,5185.810097493774,4390.71251103417,3410.144005570693,-4011.1085097766922,4390.71251103417,40.0033,-49.6296,10
829,STARLINK-31131,satellite,0,46,43.0142,5.7601,164.6153,46.1078,210.7231,6865.2234,487.3736,-5612.583448554311,-3142.835981752728,-2391.8448396445738,1166.203755074967,6326.016106273717,-2391.8448396445738,-20.5137,79.5548,4
830,STARLINK-31124,satellite,0,51,43.0203,16.3054,164.8999,32.4447,197.3446,6866.7478,484.6491,-5866.537709966551,-3274.3698241383127,-1395.6629802271825,1227.182500305433,6605.436061202262,-1395.6629802271825,-11.8069,79.4754,4
831,STARLINK-31126,satellite,0,51,42.9846,16.06,104.9545,177.2183,282.1728,6859.008,495.2182,2748.6589328553264,-4316.305745986893,-4574.557210461214,-5076.803560234776,641.6282668277213,-4574.557210461214,-41.9729,172.7969,9
832,STARLINK-31066,satellite,0,76,43.0033,162.281,39.9645,277.7528,317.7173,6863.4886,489.6536,-3809.055705396923,4762.060714659461,-3149.3442602042355,6097.044255447072,-110.35834377010283,-3149.3442602042355,-27.4601,-1.037,4
833,STARLINK-31058,satellite,0,51,43.0243,16.3236,152.09,31.1139,183.204,6867.5349,483.1201,-6495.558496654347,-2194.465493717587,-261.65154717500445,2459.8858814469977,6399.759404605253,-261.65154717500445,-2.1992,68.9747,4
834,STARLINK-31125,satellite,0,51,42.9998,16.6474,90.9451,324.7242,55.6693,6861.4743,485.0706,2518.432035548703,5075.130613605541,3861.453078260624,2296.7954554540192,-5179.206628301279,3861.453078260624,34.4433,-66.0844,60
835,STARLINK-31110,satellite,0,51,43.0171,16.3542,126.4637,35.5294,161.9931,6866.6882,482.3954,-6696.197714362561,-349.19740410520905,1446.6497853309993,4007.9317728653104,5375.638153831127,1446.6497853309993,12.2488,53.2928,5
836,STARLINK-31112,satellite,0,51,42.993,16.4472,85.8171,33.7102,119.5273,6860.7689,485.3438,-4476.013200180482,3228.174566442649,4067.9195285331857,5342.706313870651,1382.4957299549937,4067.9195285331857,36.5656,14.5078,13
837,STARLINK-31147,satellite,0,51,43.0085,16.6988,70.5938,323.922,34.5157,6864.6827,482.8502,4595.827344419287,4345.350923328956,2650.555704616205,408.4798949339745,-6311.643827246795,2650.555704616205,22.8649,-86.2971,55
838,STARLINK-31144,satellite,0,51,42.9834,16.1107,91.1734,176.6772,267.8506,6858.7664,495.5524,1145.0507704102079,-4892.020670653999,-4676.312974493855,-4495.637073575971,2243.2687782814373,-4676.312974493855,-43.124,153.4814,16
839,STARLINK-31095,satellite,0,51,43.0097,16.816,8.4255,315.1284,323.5539,6864.5825,487.8581,6146.654146516975,-1256.5926990541311,-2780.847770307968,-4892.586944089062,-3927.209620422587,-2780.847770307968,-24.038,-141.2465,4
840,STARLINK-31107,satellite,0,51,42.9883,16.9064,104.6077,183.7548,288.3625,6859.5554,494.4253,3454.4807555916504,-3930.2887081068516,-4441.640087871405,-5230.553968758564,-148.02634809153355,-4441.640087871405,-40.5019,-178.3789,9
841,STARLINK-31121,satellite,0,51,42.9887,16.1872,65.4483,181.2935,246.7418,6860.0537,493.6106,-1316.871315915792,-5185.131711376683,-4299.487136352235,-3148.8354958496107,4324.878720505745,-4299.487136352235,-38.9627,126.0574,13
842,STARLINK-31137,satellite,0,51,43.0011,16.6651,84.7192,323.8226,48.5418,6862.5802,484.2082,3271.2414854133035,4902.161877831672,3504.663529014023,1682.9049848723787,-5648.012282586404,3504.663529014023,30.8963,-73.4078,69
843,STARLINK-31106,satellite,0,51,42.9844,16.5339,90.823,0.3679,91.1909,6858.5266,486.6411,-1563.322834941868,4765.645443491745,4672.597533818786,4665.5294806373295,-1840.7035189373328,4672.597533818786,43.1512,-21.5309,14
844,STARLINK-31115,satellite,0,10,42.9905,151.4281,81.5938,165.0124,246.6062,6860.0701,494.542,4597.495011660501,2743.5701002367455,-4295.83597206716,-825.1300582892839,-5289.92416430177,-4295.83597206716,-38.9172,-98.8656,4
845,STARLINK-31180,satellite,0,10,42.9866,151.0051,103.3844,327.1673,70.5518,6859.6184,486.6673,-4288.936205800195,-3029.8222899935236,4407.849049442655,407.7975407483623,5235.312603094963,4407.849049442655,40.1863,85.546,4
846,STARLINK-31164,satellite,0,10,43.0133,150.6803,166.9892,38.093,205.0822,6865.9075,486.034,6460.694956419158,-1188.8710754841056,-1984.4895038969887,-5041.043410816009,-4212.11052612478,-1984.4895038969887,-16.9083,-140.1191,4
847,STARLINK-31152,satellite,0,10,43.0197,150.7089,153.9836,29.8203,183.8039,6867.5491,483.1081,6133.598703196987,-3059.183644333626,-310.55187652190926,-6271.313943216181,-2765.910166155156,-310.55187652190926,-2.6104,-156.2005,4
848,STARLINK-31157,satellite,0,10,43.0185,150.7371,128.5668,34.0855,162.6524,6866.7943,482.3538,4981.040473458244,-4505.139395135338,1395.3832670764828,-6647.8541768918885,-955.5522019286075,1395.3832670764828,11.8085,-171.8204,6
849,STARLINK-31076,satellite,0,10,43.0044,150.7801,101.8156,39.4621,141.2778,6864.1695,483.214,3137.936508327063,-5349.55577465329,2925.7718031182703,-6120.491367070629,1001.9869969376412,2925.7718031182703,25.3938,170.7026,4
850,STARLINK-31101,satellite,0,10,42.9826,150.9481,92.0441,352.7827,84.8268,6858.8392,487.3078,-2965.863288808836,-4066.2151111746584,4654.919095798578,-1234.691904422245,4879.137862307569,4654.919095798578,42.9437,104.2009,4
851,STARLINK-31108,satellite,0,10,42.9905,150.8305,81.9045,38.3451,120.2496,6861.0537,485.8774,904.4554750089563,-5466.543487136443,4038.7437610699094,-4784.063216253205,2795.331205048979,4038.7437610699094,36.2587,149.7022,7
852,STARLINK-31042,satellite,0,10,42.9823,150.9398,93.0843,352.5152,85.5995,6861.1536,489.1383,-2889.4313030571307,-4116.576415069323,4661.3843373519785,-1322.2586353686181,4852.488715843092,4661.3843373519785,43.0033,105.2425,4
853,STARLINK-31159,satellite,0,10,43.0083,150.6584,159.8108,52.3331,212.1439,6865.055,487.865,6374.100281816013,-519.8970486954352,-2490.7257458682966,-4470.973463594233,-4572.728248182411,-2490.7257458682966,-21.4003,-134.3554,4
854,STARLINK-31148,satellite,0,10,43.0205,150.7396,136.305,33.4649,169.7699,6867.2817,482.8442,5454.724011077694,-4077.210746596358,831.308452707232,-6621.095444006175,-1593.3476176117447,831.308452707232,7.0028,-166.4692,9
855,STARLINK-31151,satellite,0,10,42.998,150.8236,92.1457,35.1611,127.3069,6861.8729,484.6804,1683.8754361206766,-5508.483127411125,3719.2519435269955,-5314.124109582365,2222.36536089345,3719.2519435269955,33.0132,157.3053,6
856,STARLINK-31156,satellite,0,10,43.0135,150.6875,159.9411,47.4868,207.4278,6868.2396,489.3324,6445.462788744623,-967.0176857114067,-2157.291256328904,-4860.602488255657,-4342.079826158562,-2157.291256328904,-18.4211,-138.2249,4
857,STARLINK-31167,satellite,0,46,43.0001,5.5914,91.3052,324.1773,55.4825,6861.468,485.0258,3464.1778378504505,4490.554370941377,3852.851301607244,1242.9576708761467,-5533.594029113906,3852.851301607244,34.3562,-77.3403,86
858,STARLINK-31176,satellite,0,10,43.0074,151.0891,79.55,320.1813,39.7314,6866.4822,486.6683,-6169.007564372323,-256.36121954438323,2991.1832991764113,3742.6693309582674,4910.6824050506075,2991.1832991764113,25.9886,52.6872,5
859,STARLINK-31181,satellite,0,21,43.0244,358.7771,32.8057,327.7321,0.5378,6867.5615,482.7208,6859.996874266457,-99.34484357189952,43.94260986000598,-4457.690849147291,-5215.210331934694,43.94260986000598,0.3693,-130.5221,4
860,STARLINK-31183,satellite,0,10,43.0172,151.1126,63.0549,324.4034,27.4583,6868.0981,485.2942,-6448.265613678585,915.8647434291984,2158.3760424031375,4823.031181544727,4376.906198978174,2158.3760424031375,18.442,42.2238,5
861,STARLINK-31165,satellite,0,10,43.0216,151.1411,39.8124,327.0479,6.8603,6867.4307,482.5451,-6254.684115882951,2762.846085193525,559.1148710926626,6120.620036785292,3048.344180903807,559.1148710926626,4.7038,26.4754,4
862,STARLINK-31160,satellite,0,10,43.008,151.0117,82.3364,320.8789,43.2153,6865.8734,486.5378,-6037.8138374908585,-581.7213985330535,3204.045805487435,3408.5208781928286,5017.527393510764,3204.045805487435,27.9917,55.8108,5
863,STARLINK-31179,satellite,0,10,42.9864,150.9637,97.0892,344.3108,81.4,6861.3371,489.1045,-3303.945368028758,-3838.84722136771,4623.037793578733,-843.8144092018903,4994.0745115330965,4623.037793578733,42.5668,99.5903,4
864,STARLINK-31189,satellite,0,13,42.9891,96.1213,100.9024,193.6926,294.595,6860.1943,493.9912,4234.635771662105,3327.2839756530925,-4255.57961246255,-144.22566449423323,-5383.5079391581985,-4255.57961246255,-38.4897,-91.5346,8
865,STARLINK-31185,satellite,0,13,43.0192,96.8681,18.6942,324.5786,343.2727,6866.8647,484.726,647.7417203406295,6697.191540427128,-1347.4341253860784,4739.6917922096645,-4775.6952981004615,-1347.4341253860784,-11.3933,-45.2168,13
866,STARLINK-31166,satellite,0,13,43.0175,96.3785,163.272,39.4307,202.7026,6866.2666,486.0028,2627.8923396553932,-6076.601840651511,-1806.950325101856,-6354.193898174411,1858.7974561613541,-1806.950325101856,-15.3571,163.6942,8
867,STARLINK-31187,satellite,0,13,43.0208,96.8576,26.3513,323.8583,350.2096,6867.3869,484.005,39.584609028167684,6815.402714794509,-796.0800686183832,5219.062663667624,-4383.225526802251,-796.0800686183832,-6.7035,-40.0252,10
868,STARLINK-31162,satellite,0,13,43.0121,96.3776,162.1248,47.5084,209.6332,6865.4464,487.239,3128.518177896312,-5652.787629334251,-2314.7829651636935,-6347.808289915862,1202.898119649979,-2314.7829651636935,-19.8255,169.2698,7
869,STARLINK-31184,satellite,0,13,42.9953,96.3017,77.1246,160.9019,238.0264,6861.1342,492.5211,4631.6350837257,-3145.026251330907,-3970.4062851746517,-5378.115409190135,-1555.3482940457193,-3970.4062851746517,-35.5126,-163.8702,4
870,STARLINK-31192,satellite,0,13,43.0202,96.829,37.3855,327.1141,4.4995,6867.5532,482.4739,-1203.9583644753493,6744.092569310818,367.20243757143214,5958.399222673712,-3380.7956208657247,367.20243757143214,3.0873,-29.5706,6
871,STARLINK-31161,satellite,0,13,43.0051,96.3376,135.8838,88.0944,223.9781,6863.2428,489.866,4008.9884401873564,-4523.894197230976,-3250.5014250681124,-6041.46914215716,-195.59556656216972,-3250.5014250681124,-28.4184,-178.1457,7
872,STARLINK-31195,satellite,0,13,43.0066,96.9052,24.747,297.19,321.937,6864.2689,488.8022,2422.1547819960674,5736.399769959969,-2886.1081571559125,2867.1205611006317,-5527.4529212700845,-2886.1081571559125,-25.0042,-62.584,14
873,STARLINK-31193,satellite,0,13,43.0241,96.4197,142.102,32.3257,174.4276,6867.5471,482.4902,279.4868092758625,-6839.751231440324,454.5353770050853,-5441.5785175417395,4153.255713530877,454.5353770050853,3.8226,142.6475,5
874,STARLINK-31168,satellite,0,13,43.017,96.4491,118.315,34.8931,153.2081,6865.781,482.617,-1558.4344116449083,-6337.585281655918,2109.118981754599,-3881.352061839747,5246.790560877485,2109.118981754599,18.0141,126.4925,6
875,STARLINK-31191,satellite,0,13,42.9849,96.2348,81.416,177.8084,259.2245,6858.9882,495.3618,5042.817252414448,-739.9982041052687,-4597.3105161628355,-3790.0926324771726,-3407.7560095420686,-4597.3105161628355,-42.228,-138.0406,4
876,STARLINK-31170,satellite,0,13,42.9914,96.5317,86.0971,31.6623,117.7595,6860.6507,485.5858,-4045.6068769134654,-3677.280672130279,4136.934535169053,-245.8175503978355,5461.58419106296,4136.934535169053,37.2868,92.5771,4
877,STARLINK-31141,satellite,0,13,42.9912,96.7143,97.239,324.018,61.257,6860.3638,485.9075,-4752.5507307402995,2760.3730477786844,4099.210154524849,5159.355595274199,1894.0558736943185,4099.210154524849,36.8889,20.1587,10
878,STARLINK-31188,satellite,0,13,42.9832,96.599,82.158,14.3948,96.5527,6858.7547,487.0559,-4859.388206865301,-1349.7011639387958,4643.337674812263,2064.952310727264,4601.230154141546,4643.337674812263,42.8135,65.8303,4
879,STARLINK-31138,satellite,0,13,42.9828,96.6427,97.4478,344.9307,82.3785,6858.7919,486.9911,-5042.585308663436,328.10212368005716,4632.531826634307,3472.9970142238144,3670.6415430962684,4632.531826634307,42.691,46.5848,5
880,STARLINK-31163,satellite,0,13,42.9917,96.0934,96.6653,205.0098,301.6751,6861.1115,492.5634,3865.7757246666743,4037.1834102207195,-3982.9942684469656,637.6090216241023,-5553.064611250899,-3982.9942684469656,-35.6418,-83.4499,11
881,STARLINK-31174,satellite,0,13,42.9952,96.0727,80.9908,227.7502,308.741,6862.1397,491.4115,3439.167844095466,4685.295869601593,-3650.680227433897,1408.781189172826,-5638.724005180498,-3650.680227433897,-32.295,-75.9724,12
882,STARLINK-31169,satellite,0,13,42.984,96.5713,82.3799,21.2598,103.6396,6859.1118,486.5892,-4656.515677027906,-2163.685532970291,4542.098924457131,1309.036501750541,4964.987086899249,4542.098924457131,41.6734,75.2299,4
883,STARLINK-31238,satellite,0,67,42.9821,179.9395,76.0943,28.7145,104.8088,6859.2245,486.5731,1747.0843730404576,-4850.443819935414,4518.555154043206,-4848.142724149154,1753.459775173481,4518.555154043206,41.4104,160.1161,4
884,STARLINK-31158,satellite,0,67,42.9899,180.0615,98.6958,330.8971,69.5929,6859.6288,486.2154,-2385.4171721789353,-4702.522025045745,4381.238777505462,-2095.031139008499,4838.881379818195,4381.238777505462,39.8987,113.4106,3
885,STARLINK-31237,satellite,0,67,43.0022,179.8835,95.0433,37.9981,133.0413,6862.9017,484.5495,4672.858461737543,-3674.758069540859,3418.166486058855,-5812.063587982563,-1248.747341272471,3418.166486058855,30.0534,-167.8741,8
886,STARLINK-31244,satellite,0,67,43.0067,180.1463,76.1777,325.0822,41.2599,6863.5477,483.8442,-5146.604844383007,-3320.298477833002,3084.6852910727116,732.044508274257,6080.7922381900435,3084.6852910727116,26.8759,83.1354,2
887,STARLINK-31226,satellite,0,67,43.0022,180.2847,67.4325,248.7074,316.1399,6863.3604,490.6304,-4966.379641799139,3453.596036811271,-3243.747232332266,5829.344910623415,1615.855886192932,-3243.747232332266,-28.3507,15.493,2
888,STARLINK-31197,satellite,0,67,42.9842,180.4838,75.7895,176.8933,252.6828,6859.3831,494.4987,2002.4748841134433,4810.458667419893,-4467.429710171267,2422.6588774836746,-4613.148839546569,-4467.429710171267,-40.7854,-62.2932,12
889,STARLINK-31213,satellite,0,67,43.013,180.1583,70.8852,323.1369,34.0221,6864.7984,483.9683,-5677.093368358856,-2821.8118253240973,2617.9315166113774,1454.4270289686876,6170.628258776275,2617.9315166113774,22.5642,76.7374,3
890,STARLINK-31199,satellite,0,67,42.9923,180.1114,90.7185,324.6679,55.3864,6861.4327,484.0711,-3886.1366563888064,-4134.4130775535405,3847.309633883736,-699.421870183193,5630.8293044172415,3847.309633883736,34.3054,97.0806,2
891,STARLINK-31200,satellite,0,67,42.9998,180.1264,83.8213,324.5516,48.3729,6862.4783,483.9406,-4546.355712926384,-3758.3298037228187,3495.3138212373733,11.627673830414265,5898.6657795819265,3495.3138212373733,30.8063,89.8871,2
892,STARLINK-31149,satellite,0,67,43.022,179.7608,161.6548,35.1724,196.8273,6866.8132,484.6865,6574.173662582049,1424.8489414532044,-1355.3201440787118,-3102.3024108808177,-5968.724621155749,-1355.3201440787118,-11.4609,-117.4636,2
893,STARLINK-31242,satellite,0,67,43.0216,180.1955,46.9459,325.9154,12.8612,6867.1098,482.4081,-6684.09697291635,-1139.1852961782893,1041.8190170370544,3392.320320971596,5870.865210708001,1041.8190170370544,8.789,59.9797,3
894,STARLINK-31223,satellite,0,67,43.0215,180.2113,40.0493,325.7083,5.7576,6867.4418,482.4256,-6823.951038823162,-528.3347664396035,469.5668297822752,3951.6801224445685,5588.351243037698,469.5668297822752,3.9492,54.7348,2
895,STARLINK-31219,satellite,0,67,43.0035,179.8479,101.002,39.1756,140.1776,6863.9936,483.815,5258.511678286457,-3225.7840333563377,2995.42584662348,-5840.621987811719,-1986.1426172412746,2995.42584662348,26.0399,-161.2191,7
896,STARLINK-31198,satellite,0,67,42.9817,179.9786,86.1445,4.683,90.8275,6858.5544,486.7771,97.12681051844676,-5014.403917992128,4672.974417531149,-3920.535661729051,3127.7916163336463,4672.974417531149,43.1544,141.4172,5
897,STARLINK-31196,satellite,0,67,42.9977,180.5432,93.9392,137.4991,231.4383,6862.0811,491.0817,4240.763273205546,3965.363378544045,-3659.8096243097266,342.8528621849849,-5795.742556235467,-3659.8096243097266,-32.3872,-86.6146,8
898,STARLINK-31203,satellite,0,82,42.9862,176.5719,100.0852,333.8796,73.9648,6859.2168,486.3738,-2178.435159885023,-4697.806442293476,4492.241019496797,-2223.594941146026,4676.600330666196,4492.241019496797,41.119,115.4298,5
899,STARLINK-31201,satellite,0,67,43.0184,179.7767,151.0353,31.6875,182.7229,6867.5677,483.2941,6854.538749593194,211.60197221744528,-222.37484014135825,-4214.936300757592,-5409.601542154176,-222.37484014135825,-1.8689,-127.9242,2
900,STARLINK-31214,satellite,0,67,42.995,179.9062,74.1444,37.8658,112.0102,6859.8507,486.0556,2561.6769200779645,-4653.0387653273565,4334.349420818484,-5216.495214746188,1000.5678732746595,4334.349420818484,39.3903,169.1421,3
901,STARLINK-31215,satellite,0,67,42.9837,179.9683,79.7827,18.0937,97.8763,6858.7295,486.7533,936.6470143331483,-4968.050208941627,4629.658186818643,-4421.040206770962,2452.1896333967948,4629.658186818643,42.6601,150.9845,4
902,STARLINK-31177,satellite,0,67,42.9957,179.8765,85.6639,40.265,125.929,6861.7941,484.8533,4014.480572203131,-4069.3984729761623,3786.1369355448505,-5695.249547835246,-490.0926283260442,3786.1369355448505,33.683,-175.0816,2
903,STARLINK-30945,satellite,0,67,42.9935,180.3092,102.057,200.1055,302.1626,6861.1316,492.281,-3676.3623586855924,4229.862571189123,-3961.9563751657224,5602.779522116288,127.43308071820044,-3961.9563751657224,-35.4273,1.3029,2
904,STARLINK-31212,satellite,0,67,43.017,179.8076,125.0284,36.2746,161.303,6866.8335,482.5436,6492.2125569771115,-1629.5795200644372,1500.1636921817742,-5400.290769510832,-3954.8973314007562,1500.1636921817742,12.7089,-143.7829,6
905,STARLINK-30996,satellite,0,57,43.0161,318.3354,167.5859,39.0179,206.6038,6865.7701,486.4682,-6077.647265932058,2400.4131731637726,-2096.547834573881,5728.666262741014,3143.59070827016,-2096.547834573881,-17.8927,28.7557,4
906,STARLINK-31006,satellite,0,68,42.9987,267.8374,62.5137,249.791,312.3047,6862.6459,490.5311,-3884.007318569246,-4476.060668162607,-3461.6486966569696,-963.6741936831756,5847.389503376769,-3461.6486966569696,-30.4459,99.3585,7
907,STARLINK-31178,satellite,0,57,43.0136,318.4186,114.3071,35.7404,150.0475,6865.3447,482.7607,-2783.2621023620914,5816.746764898039,2335.948365875368,6253.468930275081,-1573.2822999961213,2335.948365875368,20.028,-14.1217,4
908,STARLINK-30863,satellite,0,57,43.0144,318.7422,66.0076,323.5771,29.5847,6865.4037,482.849,6116.436318007751,-2071.957687119187,2309.9592618353827,-5500.698237171304,-3383.2116092607944,2309.9592618353827,19.7957,-148.4064,9
909,STARLINK-31206,satellite,0,85,43.0021,253.2437,102.5747,37.5453,140.12,6863.905,483.724,4596.370002290654,4112.024752693797,2998.9094980218056,228.59254000406042,-6163.043908279282,2998.9094980218056,26.0728,-87.8758,72
910,STARLINK-31224,satellite,0,57,42.9963,318.0471,93.1499,212.2658,305.4157,6861.7055,491.9226,223.00853097093582,-5701.463356492163,-3814.4857516567886,-4529.613344983558,3469.7291184263304,-3814.4857516567886,-33.929,142.5475,16
911,STARLINK-31186,satellite,0,57,42.9962,318.4642,91.0507,37.7611,128.8118,6862.1367,484.5336,-625.71736062832,5774.6614008302295,3643.4734552178493,4843.134502203249,-3206.6001782571366,3643.4734552178493,32.26,-33.5082,4
912,STARLINK-31211,satellite,0,57,43.0101,317.9777,15.226,318.6543,333.8804,6865.8355,486.303,3098.5330543464775,-5765.933699936248,-2060.838433046771,-6415.721913849838,1298.2337405433543,-2060.838433046771,-17.5785,168.5606,5
913,STARLINK-30862,satellite,0,77,42.9854,307.4505,98.982,332.839,71.821,6859.5116,486.5093,5083.255612797693,1199.3340118232666,4440.949859641355,-2323.6339374695167,-4677.458179566681,4440.949859641355,40.5509,-116.4169,79
914,STARLINK-31210,satellite,0,47,43.0206,314.9131,154.7534,34.9961,189.7495,6867.3297,483.8574,-5376.241529014263,4189.341542992561,-792.7647326432376,6657.254217968076,1461.342471663355,-792.7647326432376,-6.6756,12.3807,5
915,STARLINK-31231,satellite,0,47,43.0115,314.8799,166.089,44.8282,210.9171,6865.2463,487.3665,-5981.513453818317,2352.616282712435,-2405.3324727690497,5630.489921074092,3100.143516125709,-2405.3324727690497,-20.6346,28.8371,4
916,STARLINK-31207,satellite,0,47,42.9987,314.829,87.6797,144.352,232.0316,6862.1247,491.4862,-5783.431842664037,204.8423470529055,-3690.056010568477,3851.304048025192,4319.432994682432,-3690.056010568477,-32.6854,48.2791,4
917,STARLINK-31217,satellite,0,66,43.0091,220.3728,19.0276,315.0151,334.0427,6866.8358,487.6291,-6124.733637459367,-2323.906866224051,-2049.282526444014,2123.4495846040877,6197.08537252427,-2049.282526444014,-17.4733,71.0858,4
918,STARLINK-31208,satellite,0,57,43.0231,318.7551,42.4198,325.9373,8.3572,6867.4197,482.581,5584.229504762479,-3926.8407064190546,680.3350153253122,-6588.09884137108,-1789.0362634039966,680.3350153253122,5.7266,-164.8074,4
919,STARLINK-31235,satellite,0,47,42.9874,314.7879,75.5201,170.8622,246.3823,6860.0348,493.8825,-5202.069620012352,-1289.2125764245286,-4287.901295547809,2330.3562747200294,4826.286049493919,-4287.901295547809,-38.8364,64.2266,4
920,STARLINK-31220,satellite,0,57,42.9972,318.2642,81.6377,153.2465,234.8842,6861.5783,491.9758,-5679.598513535361,-435.9118181766575,-3828.6959440135865,3291.9390934551034,4648.76278090861,-3828.6959440135865,-34.0721,54.6965,4
921,STARLINK-31225,satellite,0,47,43.0048,314.5127,18.4194,305.7212,324.1406,6864.5009,488.2488,1802.9032118830994,-6027.495910974142,-2742.08621796717,-5789.515182992362,2462.2511842071094,-2742.08621796717,-23.6812,156.9602,14
922,STARLINK-31240,satellite,0,47,42.988,315.0679,81.7275,30.2135,111.941,6859.8649,485.8932,1471.7772849768683,5102.156762929532,4335.793098724928,2986.0544212318378,-4391.083124187384,4335.793098724928,39.4071,-55.7832,27
923,STARLINK-31202,satellite,0,47,42.986,314.2662,82.3119,15.8198,98.1317,6857.6088,485.8887,2877.752902615573,4158.85164205721,4626.376565386585,1362.2473472199574,-4870.502121357355,4626.376565386585,42.6295,-74.374,81
924,STARLINK-31234,satellite,0,47,43.0116,314.9748,111.7096,35.6411,147.3507,6864.9754,482.912,-2167.4896782721007,5997.168769583878,2523.89721925448,5999.027899919759,-2162.3387829553044,2523.89721925448,21.7159,-19.8216,4
925,STARLINK-31153,satellite,0,47,42.9837,314.7142,86.5369,180.9753,267.5122,6858.6267,495.2978,-3774.2712158576737,-3317.5656020151346,-4675.052349237517,-142.3153780618947,5023.057939910001,-4675.052349237517,-43.1115,91.6229,4
926,STARLINK-31241,satellite,0,47,42.9994,315.0227,93.6122,32.7506,126.3627,6861.595,484.6411,-21.39892291017576,5729.742633221819,3765.44092344479,4422.612602409565,-3642.9255174748664,3765.44092344479,33.476,-39.4784,4
927,STARLINK-31205,satellite,0,47,43.0223,314.9393,133.7231,34.9632,168.6862,6867.1177,482.0725,-4054.882580805668,5456.375546719491,918.1978582149565,6788.30973764744,-364.6337295432182,918.1978582149565,7.7398,-3.0747,5
928,STARLINK-31265,satellite,0,35,43.0133,241.946,11.2516,326.3976,337.6491,6866.2172,485.4354,-4668.696516546181,-4703.53143418363,-1780.1274181247993,-637.5550413905638,6596.473200518701,-1780.1274181247993,-15.1251,95.5205,4
929,STARLINK-31276,satellite,0,35,43.0153,241.5287,120.2793,34.3345,154.6138,6865.9202,482.4399,4843.919810429012,4422.087751162597,2005.965049770431,309.0794476789333,-6551.556235267419,2005.965049770431,17.1061,-87.299,35
930,STARLINK-31259,satellite,0,35,43.004,241.5766,94.5753,38.734,133.3093,6862.8613,484.7046,5448.259342916165,2399.863154702894,3403.410491056358,-1632.9613156404348,-5725.0598573810275,3403.410491056358,29.9099,-105.9198,78
931,STARLINK-31281,satellite,0,35,42.9881,241.6323,81.7305,30.3948,112.1253,6859.8931,486.1937,5314.64030356869,64.743935939621,4330.365416138106,-3344.4604863849054,-4130.880945823505,4330.365416138106,39.3462,-128.9945,57
932,STARLINK-31274,satellite,0,35,42.9931,242.0054,75.2374,234.059,309.2964,6862.2012,491.066,-5470.612684103605,-2014.5863738730006,-3621.841832834883,1943.7019899675433,5496.197228217545,-3621.841832834883,-32.0117,70.5241,4
933,STARLINK-31257,satellite,0,35,43.0022,241.8458,79.8499,321.4119,41.2618,6863.6754,483.5925,483.83010462235177,-6105.404170883177,3084.429925981578,-5007.01724181548,3527.014318108034,3084.429925981578,26.8746,144.8386,8
934,STARLINK-31292,satellite,0,35,42.9821,241.7009,95.1217,355.7076,90.8293,6858.6252,486.8634,4462.138006735197,-2289.8318469909827,4673.065985303943,-4611.804899424489,-1971.1065542707665,4673.065985303943,43.1548,-156.8579,4
935,STARLINK-31286,satellite,0,35,42.9881,241.7713,102.8033,326.7202,69.5235,6859.7263,486.5547,3005.0396452264586,-4335.337897007913,4379.330156154187,-5255.190134662418,456.5025730075829,4379.330156154187,39.8755,175.0354,4
936,STARLINK-31252,satellite,0,44,42.9858,158.76,77.3744,25.8737,103.2481,6859.1751,486.3224,-304.08801413303496,-5118.693802060667,4549.478261248985,-3744.542813059569,3503.1264437295986,4549.478261248985,41.758,136.9078,7
937,STARLINK-31261,satellite,0,35,42.9791,242.1105,92.5495,181.4687,274.0182,6858.6656,495.532,-4652.364749712379,1918.0482512158114,-4667.732253293005,4447.214682508622,2354.928539475901,-4667.732253293005,-43.026,27.9025,4
938,STARLINK-31290,satellite,0,54,43.0154,227.6696,122.2824,35.84,158.1224,6866.3213,482.6157,5668.060232860665,3447.2599977816117,1743.668225297822,-967.3854502458435,-6563.129869680655,1743.668225297822,14.8145,-98.3848,20
939,STARLINK-31279,satellite,0,35,43.0197,242.3206,164.3084,31.8847,196.1931,6866.8727,484.6941,1822.1266113055049,6485.604706207937,-1305.5901683819995,3826.8394201258748,-5544.232484788574,-1305.5901683819995,-11.0351,-55.3851,10
940,STARLINK-31266,satellite,0,35,42.9958,241.8274,85.0768,323.2401,48.3169,6862.569,484.2982,1148.895594626539,-5788.025203193903,3492.200287553275,-5187.553870966938,2812.5578529118343,3492.200287553275,30.7742,151.5346,5
941,STARLINK-31313,satellite,0,35,43.0066,241.8589,72.5432,321.6312,34.1743,6864.7768,483.4026,-192.0210483347104,-6332.131895152488,2627.6840953126516,-4749.837486528199,4191.874314931505,2627.6840953126516,22.6548,138.5706,6
942,STARLINK-31307,satellite,0,35,42.9947,241.8144,91.8038,323.6472,55.451,6861.4946,485.1442,1804.1437812644212,-5378.2939812756995,3851.078041159936,-5290.756931532192,2046.6734043187182,3851.078041159936,34.3375,158.8516,6
943,STARLINK-31316,satellite,0,17,43.0062,195.169,70.5344,326.0219,36.5563,6864.3723,482.9167,-4534.9589778491045,-4324.165287453782,2785.892421197222,-431.052439536255,6251.2760424064045,2785.892421197222,24.1028,93.9445,4
944,STARLINK-31310,satellite,0,35,43.0189,242.3688,127.2841,33.5933,160.8774,6866.6167,482.4435,4461.294352480422,4979.900421113066,1533.065618746643,982.677286564889,-6613.388001179522,1533.065618746643,12.9925,-81.5483,20
945,STARLINK-31343,satellite,0,35,42.9977,242.2449,90.0511,141.5566,231.6076,6862.0382,491.4234,-1496.7112772477421,5604.289107768244,-3668.580411829515,5268.309908447155,-2427.5732243225702,-3668.580411829515,-32.4724,-24.7397,4
946,STARLINK-31295,satellite,0,35,43.0178,241.9194,24.2463,327.5071,351.7534,6867.3918,483.4548,-3831.2052399853083,-5652.405677341885,-671.4135199069506,-1902.5758621569498,6558.050672332091,-671.4135199069506,-5.6505,106.1781,4
947,STARLINK-31291,satellite,0,35,43.0167,241.8995,38.6593,327.2284,5.8877,6867.4603,482.1588,-2760.3614525360454,-6261.959867393076,480.08141806349676,-3055.529606318884,6123.354926377956,480.08141806349676,4.0379,116.519,5
948,STARLINK-31312,satellite,0,39,43.0021,347.554,73.1209,237.903,311.0239,6862.4303,490.5981,3582.7764770692947,-4668.493645554148,-3531.344726889476,-5880.529040418244,224.71850840152348,-3531.344726889476,-31.1249,177.8116,8
949,STARLINK-31308,satellite,0,56,43.0211,351.4498,146.524,32.766,179.29,6867.5549,482.8995,-6775.019152836275,1081.458264897582,58.004385011446196,5159.139129650509,4522.578903780743,58.004385011446196,0.4874,41.2383,4
950,STARLINK-31270,satellite,0,2,42.9873,38.3649,86.8386,5.1204,91.9591,6858.6202,486.7029,-3294.1849515567733,3783.899761916149,4671.177945339374,5015.534527131369,118.17491461939693,4671.177945339374,43.1344,1.3497,19
951,STARLINK-31341,satellite,0,80,43.0181,42.0101,51.5924,325.1379,16.7302,6866.8437,482.0178,3914.722371635249,5469.058973285192,1347.1085003359267,1708.1539390062626,-6505.21847603216,1347.1085003359267,11.3951,-75.2873,16
952,STARLINK-31338,satellite,0,80,43.0067,41.9722,75.9849,322.001,37.9859,6864.1874,483.0745,1954.2203752363457,5909.156086153262,2878.7538846661637,3298.9075818800047,-5277.718417244864,2878.7538846661637,24.9586,-57.992,8
953,STARLINK-31334,satellite,0,80,42.9831,41.8497,97.6285,342.7857,80.4142,6858.9203,486.5676,-2448.745947372234,4444.97450569318,4608.371515321766,4984.267906262639,-954.5828982516462,4608.371515321766,42.4199,-10.842,15
954,STARLINK-31297,satellite,0,2,42.9877,38.4373,99.3589,331.3712,70.7301,6859.5947,485.9462,-1170.6307721593466,5114.206326010882,4412.288470191586,4682.94247872718,-2365.4877912744846,4412.288470191586,40.2401,-26.7996,6
955,STARLINK-31182,satellite,0,2,42.9871,37.9263,94.3497,181.574,275.9237,6858.7304,495.2582,3628.2373164965247,-3503.8338302146617,-4654.799544319044,-5013.376124825908,-554.0914776462574,-4654.799544319044,-42.8806,-173.6931,9
956,STARLINK-31327,satellite,0,2,42.9958,38.48,93.4762,323.0679,56.5441,6861.3471,484.7631,355.5854492387231,5626.905528238777,3900.721827710661,4102.713995021159,-3867.3304371997933,3900.721827710661,34.8448,-43.3083,5
957,STARLINK-31256,satellite,0,2,42.9875,37.9966,76.0575,178.5257,254.5832,6859.3543,494.5252,1541.704432945567,-4937.324908265992,-4511.343190035659,-4783.827160907937,1966.984367733335,-4511.343190035659,-41.2716,157.6488,18
958,STARLINK-31272,satellite,0,2,42.9973,38.0584,92.4387,141.1033,233.5421,6861.7632,491.7706,-722.4113601704801,-5693.234865391909,-3764.597233493938,-3919.474138179364,4191.959432766557,-3764.597233493938,-33.4281,133.076,17
959,STARLINK-31278,satellite,0,2,43.0153,38.1081,169.0318,43.2965,212.3283,6865.0604,487.4298,-2906.867551428818,-5690.231590174133,-2503.6305255210464,-2522.0253289016728,5870.9456437395,-2503.6305255210464,-21.518,113.2473,8
960,STARLINK-31309,satellite,0,2,43.0196,38.1454,158.4886,32.5758,191.0644,6867.2853,483.9348,-4701.38985092894,-4916.5804716835455,-898.4131634414829,-780.6127675323465,6757.697372043463,-898.4131634414829,-7.57,96.5893,4
961,STARLINK-31325,satellite,0,2,43.021,38.1665,143.2884,33.6102,176.8986,6867.5995,482.6908,-5553.885408184121,-4020.0469370168694,253.25092564989322,453.71543391698,6841.093685083163,253.25092564989322,2.1287,86.2056,4
962,STARLINK-31342,satellite,0,2,43.0155,38.1964,118.9115,36.7621,155.6736,6866.1081,482.5169,-6189.281462440802,-2241.1660878350735,1927.5046723708112,2228.3417971661215,6193.910177713088,1927.5046723708112,16.4178,70.2131,5
963,STARLINK-31298,satellite,0,2,43.0015,38.236,96.5437,37.8087,134.3523,6863.0858,484.098,-5984.546447517499,-150.16546921582255,3344.0849975843976,3706.5762335497625,4700.918896931022,3344.0849975843976,29.3407,51.745,5
964,STARLINK-31322,satellite,0,2,43.02,38.5912,30.8163,322.0771,352.8934,6867.4373,483.8435,5709.251446634391,3762.137777514884,-579.1745625456078,-751.3994326978324,-6795.927576898012,-579.1745625456078,-4.872,-96.3093,4
965,STARLINK-31329,satellite,0,2,43.009,38.5263,72.3962,322.9176,35.3138,6864.5971,482.873,2572.2147246195714,5753.254161216858,2703.9692915651885,2784.251568025183,-5653.685986952064,2703.9692915651885,23.3521,-63.7813,15
966,STARLINK-31340,satellite,0,21,43.0062,358.7575,70.7813,325.1145,35.8958,6864.2731,482.9511,5617.73164215837,2819.131735568023,2742.447661554004,-1418.5770008501165,-6123.238672341071,2742.447661554004,23.704,-103.0437,50
967,STARLINK-31344,satellite,0,2,43.0214,38.5647,49.6225,324.4587,14.0812,6867.0659,482.1261,4441.795218002461,5101.860265941815,1138.668520895306,1088.976881358244,-6676.2753301322655,1138.668520895306,9.6137,-80.736,16
968,STARLINK-31348,satellite,0,56,43.0206,351.4599,140.2447,31.9166,172.1613,6867.1856,482.2124,-6619.125776993763,1685.686761883227,638.3384795941946,5524.519554865857,4016.721249820107,638.3384795941946,5.3723,36.0198,4
969,STARLINK-31289,satellite,0,2,42.9903,38.292,81.6219,31.6376,113.2595,6860.023,485.5153,-4979.433115781238,1938.2369495870432,4294.502635689088,4671.63700078987,2593.7086112619427,4294.502635689088,38.9638,29.0392,10
970,STARLINK-31283,satellite,0,56,43.0091,351.3995,168.358,46.2234,214.5815,6864.9071,487.9785,-6012.7781369321265,-1971.3609196572154,-2656.990939957969,2323.2259155242787,5885.778295600089,-2656.990939957969,-22.9053,68.4599,4
971,STARLINK-31439,satellite,0,73,42.9842,20.5058,82.7917,186.8758,269.6675,6858.6592,494.8112,1721.3769660185726,-4716.316878096319,-4679.077094353237,-4728.515729275787,1687.5789023767113,-4679.077094353237,-43.1614,160.3588,15
972,STARLINK-31410,satellite,0,45,42.984,23.9283,96.0569,183.5883,279.6452,6858.8335,495.3941,3058.9507842901603,-4058.338212449526,-4613.576339251019,-5076.474492441146,238.1085360330589,-4613.576339251019,-42.4115,177.3145,9
973,STARLINK-31395,satellite,0,45,43.0232,24.2045,125.5902,33.7874,159.3776,6866.4706,482.4214,-6579.5473355574995,-1021.1382562035153,1648.356528587955,3416.3833452086724,5715.023299839201,1648.356528587955,13.9885,59.1294,5
974,STARLINK-31486,satellite,0,73,42.9917,20.5708,82.5622,165.963,248.5252,6859.9156,493.0168,-710.855271042114,-5256.0369605844135,-4354.645242221511,-3590.4377839056983,3903.8437811085796,-4354.645242221511,-39.5623,132.6053,16
975,STARLINK-31411,satellite,0,45,42.9864,23.5056,93.1373,3.1721,96.3095,6858.8108,487.0752,-2678.8624119137294,4270.342355646425,4645.8501598915245,4996.858799412987,-665.9803263769204,4645.8501598915245,42.842,-7.5916,17
976,STARLINK-31382,satellite,0,45,42.9985,23.4168,87.7725,36.9844,124.7568,6861.5338,485.1552,-5224.287811815074,2227.183230893406,3841.7257281222637,5050.356931710226,2597.5802484194396,3841.7257281222637,34.2427,27.2184,8
977,STARLINK-31394,satellite,0,90,43.0133,13.3265,67.9437,323.8095,31.7533,6865.0986,482.6831,5066.240016175189,3912.093395869932,2462.0375019825706,-225.34144879281877,-6396.912057466467,2462.0375019825706,21.1589,-92.0175,48
978,STARLINK-31403,satellite,0,9,43.0214,2.3596,132.4468,33.1962,165.643,6866.9446,482.3494,-6691.200545367518,968.9281756743708,1160.539396501232,5019.016923099633,4529.950957083502,1160.539396501232,9.7999,42.0681,4
979,STARLINK-31514,satellite,0,45,42.9916,23.8599,99.1404,201.5838,300.7242,6860.9729,493.064,4952.854502067638,-2528.5213487180067,-4023.430029947863,-5108.876602706842,-2196.262231130198,-4023.430029947863,-36.0561,-156.7375,4
980,STARLINK-31478,satellite,0,45,43.0211,23.737,26.7128,330.602,357.3148,6867.5759,482.8855,6368.278805098383,2543.670638993111,-219.30058499475,-2109.8888674963177,-6524.845149576809,-219.30058499475,-1.8431,-107.9193,4
981,STARLINK-31498,satellite,0,45,43.013,24.1154,162.9989,52.9026,215.9015,6864.5187,488.2162,-3871.6864900730784,-4957.126539103651,-2745.284559952954,-1341.7156250861376,6145.1492238594055,-2745.284559952954,-23.7106,102.3165,7
982,STARLINK-31563,satellite,0,45,42.9925,23.6225,95.5255,325.4101,60.9356,6860.7858,485.4837,1295.0833366506238,5350.587035038676,4086.4080595912465,3290.0659771951814,-4413.783902061449,4086.4080595912465,36.7576,-53.2989,18
983,STARLINK-31551,satellite,0,73,42.9913,19.9945,84.5881,37.5299,122.1181,6861.1778,485.0937,-4877.749790588588,2745.022908580725,3959.5693621038918,5227.504286524212,2000.1981708298272,3959.5693621038918,35.4456,20.9383,9
984,STARLINK-31536,satellite,0,45,43.0159,23.7689,12.1619,323.9386,336.1005,6866.3661,486.029,6561.259113472445,668.3835991053398,-1896.6810700199048,-3676.1423789978253,-5475.65840780946,-1896.6810700199048,-16.1396,-123.8759,2
985,STARLINK-31548,satellite,0,45,43.0254,24.1712,148.0642,32.5056,180.5698,6867.5502,482.7269,-6238.613570237626,-2854.6407376791035,-46.55363042896561,1787.7895485263762,6623.675833715748,-46.55363042896561,-0.3912,74.8953,4
986,STARLINK-31542,satellite,0,45,43.0063,23.3825,101.4524,37.4731,138.9255,6863.7114,483.7485,-6052.717762314839,972.6781520981622,3073.2455014273164,4614.125243057565,4036.25362671743,3073.2455014273164,26.7688,41.1781,6
987,STARLINK-31554,satellite,0,45,42.9813,23.9972,82.5359,175.8283,258.3642,6858.9779,495.6877,735.5376623386505,-5056.449899457325,-4583.605482933326,-4360.620663061783,2663.3979558675073,-4583.605482933326,-42.0711,148.5841,16
988,STARLINK-31558,satellite,0,45,42.9918,23.4343,79.3604,38.3941,117.7545,6860.5218,485.5915,-4694.259524216881,2802.0519032995962,4137.155538085873,5154.198201720373,1822.582850481222,4137.155538085873,37.2891,19.4742,12
989,STARLINK-31275,satellite,0,45,42.996,24.0621,79.1021,158.0464,237.1485,6861.2363,492.4602,-1680.2285843837499,-5368.808355419302,-3932.0664299122254,-3058.1078294437957,4721.7843826772605,-3932.0664299122254,-35.1199,122.9295,11
990,STARLINK-31590,satellite,0,45,43.0233,24.1498,156.5676,38.1616,194.7292,6866.9862,484.5329,-5533.854207020052,-3879.0202152597903,-1190.3892485142062,549.440007056254,6735.61102600155,-1190.3892485142062,-10.0512,85.3366,4
991,STARLINK-31567,satellite,0,45,43.0039,23.6784,76.516,323.2125,39.7285,6863.9042,483.4759,3542.7403203414374,5053.531376034019,2989.411993669512,1625.984339256118,-5953.600866234407,2989.411993669512,25.9851,-74.7245,55
992,STARLINK-31503,satellite,0,45,43.0143,23.7175,54.421,324.0554,18.4764,6866.696,481.9732,5316.7822629148195,4071.8789270862603,1482.8917531277873,-262.4018310756103,-6691.749913673026,1482.8917531277873,12.5613,-92.2456,15
993,STARLINK-31305,satellite,0,34,42.9991,74.6027,98.2696,131.7402,230.0097,6862.3367,491.2638,2536.7179329191235,-5273.719279961479,-3586.2475945550395,-5678.158544533766,1416.1809411826841,-3586.2475945550395,-31.6599,165.9957,15
994,STARLINK-31459,satellite,0,34,43.0108,74.7645,108.9315,36.245,145.1765,6864.6707,482.9518,-4242.366184394312,-4679.321135890236,2671.354484756197,-891.208277851975,6252.956495992081,2671.354484756197,23.0541,98.1115,4
995,STARLINK-31438,satellite,0,64,43.0065,63.8153,81.9577,323.9264,45.8841,6862.9834,483.9128,-1124.2487207775844,5871.860294995225,3357.7455522872797,5236.322521268488,-2885.0658507853614,3357.7455522872797,29.473,-28.8535,4
996,STARLINK-31467,satellite,0,34,43.0196,74.7392,123.2823,36.0312,159.3135,6866.4832,482.2543,-3398.0662243393967,-5724.354785622159,1653.1069495631207,-2234.5707072550526,6270.708535002179,1653.1069495631207,14.0299,109.6136,5
997,STARLINK-31444,satellite,0,46,42.9901,5.2539,79.6083,28.2041,107.8123,6857.9445,485.1088,-2524.9876836359185,4561.273499103692,4449.652922034306,5122.451134837132,-970.1923043111105,4449.652922034306,40.6569,-10.7248,15
998,STARLINK-31505,satellite,0,34,42.9973,74.8258,88.8066,35.1239,123.9306,6861.4204,484.9437,-5017.316755571418,-2604.560858946287,3879.490656493618,1200.2213210113514,5524.189847777001,3879.490656493618,34.6274,77.7421,4
999,STARLINK-31494,satellite,0,34,42.9888,74.5815,77.2139,166.9397,244.1536,6860.3519,493.723,3560.335196238227,-4085.9676911435527,-4211.937589956353,-5417.952099735807,-130.05278778263792,-4211.937589956353,-38.0268,-178.6249,9
1000,STARLINK-31303,satellite,0,64,43.0055,63.9142,57.5267,256.4478,313.9745,6862.961,490.3705,5339.505698615566,2691.8069470801775,-3368.8654524710932,-1338.8579581193676,-5827.830223494645,-3368.8654524710932,-29.5495,-102.9384,4
1001,STARLINK-31408,satellite,0,34,43.0146,75.1012,59.2929,325.4369,24.7298,6866.035,482.4994,-425.69638151288586,6559.848426536327,1957.4237327919027,5319.576838921586,-3861.985375836282,1957.4237327919027,16.68,-35.9795,4
1002,STARLINK-31427,satellite,0,34,43.0224,75.1049,34.94,328.5754,3.5153,6867.5813,482.5138,1463.0003435003102,6696.660921342699,287.01204497886846,4218.605548242374,-5402.684955543782,287.01204497886846,2.4127,-52.016,6
1003,STARLINK-31423,satellite,0,34,43.0069,75.0689,74.819,324.2238,39.0428,6863.9668,483.6091,-1679.8757781766158,5960.351607078779,2946.4258445836913,5659.275273378205,-2514.0360558753146,2946.4258445836913,25.5842,-23.9524,4
1004,STARLINK-31433,satellite,0,34,43.0214,74.7073,145.2516,35.2039,180.4554,6867.6142,483.1634,-1771.150942338862,-6628.655537129462,-37.21074508164846,-3969.471184811789,5596.369216144856,-37.21074508164846,-0.3127,125.3478,5
1005,STARLINK-31285,satellite,0,34,42.9813,74.5078,84.3278,180.9778,265.3056,6858.7417,495.5967,4672.694937419745,-1878.090771452576,-4663.791282223036,-4429.452236352058,-2396.0917782671,-4663.791282223036,-42.9805,-151.589,4
1006,STARLINK-31284,satellite,0,34,43.0185,74.6798,164.3775,37.3492,201.7267,6866.3881,485.7091,106.98218643692964,-6639.160839054745,-1733.1124996936526,-5177.054567882147,4157.885019601134,-1733.1124996936526,-14.716,141.2308,7
1007,STARLINK-31424,satellite,0,0,43.0136,71.2886,114.6389,34.9236,149.5624,6865.308,482.7189,-4303.11000171536,-4785.585923969267,2370.1425309943393,-934.1823332588383,6367.565601608092,2370.1425309943393,20.334,98.3463,4
1008,STARLINK-31405,satellite,0,34,42.9845,74.948,100.6173,340.7726,81.3899,6858.8422,486.8281,-4521.701168486049,2278.74274678351,4621.215540369648,4641.312977757342,2024.0216909924236,4621.215540369648,42.5636,23.5614,11
1009,STARLINK-31426,satellite,0,34,42.9929,75.0079,96.0442,324.0684,60.1126,6860.8724,485.5328,-3316.1495702435855,4424.864921095057,4053.495761888476,5522.775078656539,-274.28629702290186,4053.495761888476,36.4142,-2.8432,16
1010,STARLINK-31407,satellite,0,64,43.0031,63.5316,100.7193,37.2558,137.9751,6863.5821,483.5814,-5275.674034391926,-3063.6749337418796,3130.9672153095403,1011.9443441698197,6016.21220213335,3130.9672153095403,27.313,80.4521,4
1011,STARLINK-31393,satellite,0,19,42.9852,60.2419,98.1599,340.4619,78.6218,6858.9936,486.4386,-3596.544628772194,3614.0882043524475,4581.945306877708,5077.9740711828235,459.288741408447,4581.945306877708,42.1222,5.1682,19
1012,STARLINK-31425,satellite,0,34,43.0041,74.6351,141.523,81.4085,222.9315,6863.466,489.7281,1964.9809350522844,-5751.260071253244,-3188.3898842236167,-5680.469623805839,2161.1125225980177,-3188.3898842236167,-27.8291,159.1709,16
1013,STARLINK-31463,satellite,0,44,42.9868,158.002,102.1136,185.3764,287.49,6859.502,494.256,-118.89009970210022,5212.511333219624,-4463.275713443892,4086.8756395664973,-3237.569576313092,-4463.275713443892,-40.7413,-38.3858,5
1014,STARLINK-31487,satellite,0,76,43.0214,162.1737,29.2364,323.699,352.9354,6867.5418,483.4633,-6293.562952357756,2671.901321592402,-575.7529315567551,6075.4700773404,3136.344153143709,-575.7529315567551,-4.8434,27.3042,4
1015,STARLINK-31386,satellite,0,76,42.9858,161.9427,88.5584,3.5333,92.0917,6858.6934,487.1144,-1315.4974656223567,-4842.194834664204,4670.946703935339,-2885.8284542374495,4104.799450840568,4670.946703935339,43.1286,125.1087,7
1016,STARLINK-31409,satellite,0,87,42.986,155.0889,99.971,332.617,72.588,6859.4685,486.438,-3876.1357274536626,-3475.851297329304,4460.034832300223,-199.0563061391173,5202.532749130445,4460.034832300223,40.7619,92.1911,4
1017,STARLINK-31489,satellite,0,76,43.0208,161.7349,143.2068,34.043,177.2499,6867.5168,482.6619,6432.1741638506055,-2376.3292579343197,224.58924635218787,-5936.558338840248,-3431.77509545253,224.58924635218787,1.8877,-149.9689,4
1018,STARLINK-31502,satellite,0,87,43.0083,154.7455,155.8595,58.2673,214.1267,6864.8315,488.4696,6339.842420073325,122.6470428810026,-2626.495309835308,-3954.6666726725393,-4956.73841518208,-2626.495309835308,-22.6263,-128.5841,4
1019,STARLINK-31447,satellite,0,76,42.9796,161.9866,99.8752,338.0156,77.8907,6859.0935,486.7441,-2884.0396374197003,-4218.680505562452,4569.56778406581,-1404.2695826586719,4913.55032308007,4569.56778406581,41.9805,105.9497,4
1020,STARLINK-31504,satellite,0,76,43.0109,162.1053,66.1645,329.2979,35.4624,6864.6208,482.7608,-6209.132744705886,-1052.225768526662,2713.905957392445,3155.8908041258915,5449.849699006753,2713.905957392445,23.4434,59.9258,5
1021,STARLINK-31474,satellite,0,87,43.0036,155.1669,80.6764,323.5825,44.2589,6863.2785,484.0241,-5926.897018669607,-1113.6658800545063,3264.0749561421358,2928.3592610502897,5271.913504652106,3264.0749561421358,28.5745,60.9494,5
1022,STARLINK-31500,satellite,0,76,42.9938,162.0528,92.0934,324.5872,56.6807,6861.3821,484.6878,-4873.8993342787,-2825.9436794949174,3906.6557923958458,938.2749343830641,5555.222097078395,3906.6557923958458,34.9058,80.4132,4
1023,STARLINK-31480,satellite,0,76,42.9994,161.8076,94.4995,40.2467,134.7462,6863.042,484.837,3474.2678543485117,-4891.469892340273,3321.7940099732864,-5982.80495141591,450.6215094112173,3321.7940099732864,29.1231,175.6926,4
1024,STARLINK-31282,satellite,0,76,43.0178,162.139,49.9248,324.2399,14.1648,6867.1472,482.0053,-6706.855260127746,871.765815957334,1145.1882611838394,4954.250166049941,4604.051304054843,1145.1882611838394,9.6695,42.9017,4
1025,STARLINK-31485,satellite,0,76,43.0121,162.2031,20.9958,310.7504,331.7462,6865.6688,487.0826,-5029.955961850762,4109.576839908431,-2216.17317227693,6374.715739056211,1245.824236198195,-2216.17317227693,-18.9489,11.0581,4
1026,STARLINK-31455,satellite,0,44,43.0117,158.7556,22.0454,306.9798,329.0252,6865.2846,487.5105,-4548.566136220422,4539.380705061292,-2409.4303486362,6397.995677382246,600.9013173991464,-2409.4303486362,-20.6709,5.3655,2
1027,STARLINK-31475,satellite,0,44,43.0209,158.7347,14.4248,328.8405,343.2653,6866.8767,484.5276,-5599.886197934782,3729.463414509782,-1348.0231287040017,6446.2195512210465,1927.141999812925,-1348.0231287040017,-11.3987,16.6444,3
1028,STARLINK-31445,satellite,0,7,43.0181,169.0608,44.674,327.7733,12.4473,6867.2511,482.2959,-6782.152092526111,209.77141665335986,1008.7495361907804,4492.945527866776,5084.784315683705,1008.7495361907804,8.5081,48.536,4
1029,STARLINK-31495,satellite,0,87,42.993,154.6936,74.4212,160.9041,235.3253,6861.6079,493.4681,5295.891747040263,2063.6891739006533,-3849.8055630333283,-1794.3298491036342,-5393.112533172255,-3849.8055630333283,-34.2771,-108.4027,4
1030,STARLINK-31477,satellite,0,87,43.0115,154.4276,7.0638,320.2814,327.3452,6864.9752,487.2592,-4043.0605890151846,4936.333149553142,-2525.8687113104156,6380.595079171397,-41.59718114013087,-2525.8687113104156,-21.7192,-0.3735,4
1031,STARLINK-31446,satellite,0,76,43.018,161.7031,162.4294,35.9879,198.4173,6866.6622,485.0708,6679.200614253524,-539.0020758313393,-1479.0812025530647,-4680.531678540219,-4795.296371380669,-1479.0812025530647,-12.5227,-134.3061,4
1032,STARLINK-31479,satellite,0,43,43.0248,166.0419,157.2282,28.7861,186.0143,6867.5607,483.0497,6748.603518302148,-1135.8388930745114,-490.5069096088109,-5184.113391333095,-4467.521436329291,-490.5069096088109,-4.1252,-139.2462,4
1033,STARLINK-31349,satellite,0,76,42.9833,161.8631,74.3287,39.0056,113.3343,6860.1122,486.6531,1147.1944114341545,-5222.124392181248,4292.247914439467,-4751.01570836486,2452.4452947844675,4292.247914439467,38.9319,152.6975,6
1034,STARLINK-31464,satellite,0,76,43.0142,161.7626,121.3764,34.5858,155.9621,6866.0906,482.677,5310.286432509847,-3900.766241170727,1906.0163694099156,-6393.076836491627,-1594.8942994034346,1906.0163694099156,16.2294,-165.9922,9
1035,STARLINK-31402,satellite,0,0,42.9914,70.6973,100.1397,198.0872,298.2269,6860.6615,493.2497,5247.847100062316,1601.5709329475867,-4123.675168492044,-2119.238005476245,-5061.003745803803,-4123.675168492044,-37.0989,-112.7209,4
1036,STARLINK-31578,satellite,0,83,42.9822,117.898,99.9421,336.7576,76.6998,6859.1134,486.6342,-5051.317295589289,-889.824637378429,4548.406462649836,2541.3985626986614,4455.209046893121,4548.406462649836,41.7437,60.2981,3
1037,STARLINK-31565,satellite,0,69,42.995,125.9587,91.0779,215.7334,306.8113,6861.8428,491.567,838.3531234959177,5688.687944935361,-3747.1331824949243,3841.927296222198,-4278.270812497854,-3747.1331824949243,-33.2543,-48.0759,12
1038,STARLINK-31570,satellite,0,83,42.9801,118.719,89.1804,0.8585,90.0388,6858.6475,486.8435,-4395.914889498735,-2413.8887942478214,4673.3642862370925,950.07221579734,4924.255234193472,4673.3642862370925,43.1584,79.0797,3
1039,STARLINK-31611,satellite,0,83,42.9807,118.7454,94.4473,348.4926,82.9399,6858.7902,486.6923,-4768.855875057762,-1654.804021596084,4637.982435211215,1772.3605939916013,4726.425777670612,4637.982435211215,42.7553,69.4445,3
1040,STARLINK-31632,satellite,0,28,42.985,129.5918,75.649,177.2439,252.8929,6859.3934,494.5277,4984.676960642954,1502.487743847218,-4472.581423634228,-2027.40313090671,-4795.217447328688,-4472.581423634228,-40.8421,-112.9185,4
1041,STARLINK-31599,satellite,0,83,43.0193,118.0991,17.6574,327.0366,344.6941,6866.9772,484.3675,-1949.0494349722546,6462.080243532473,-1235.772057819287,6217.259535507408,-2627.3482148281323,-1235.772057819287,-10.4388,-22.9084,7
1042,STARLINK-31614,satellite,0,83,43.0151,118.4625,164.1665,46.1815,210.348,6865.3502,487.4959,5051.584093520075,-3998.4466007172455,-2365.5484809759228,-6303.0159389932505,-1333.441841809892,-2365.5484809759228,-20.278,-168.0549,5
1043,STARLINK-31493,satellite,0,83,42.993,118.1907,100.7761,201.5759,302.3519,6861.1813,492.3416,2002.8090516555878,5240.47694793507,-3953.71660077158,2753.3376844969953,-4888.044019274084,-3953.71660077158,-35.3424,-60.6083,15
1044,STARLINK-31634,satellite,0,83,43.0179,118.5318,127.2454,33.6713,160.9168,6866.6286,482.3385,1655.7826638079696,-6478.350303595291,1529.975550778035,-6042.479580518481,2863.4034652625196,1529.975550778035,12.9661,154.6447,5
1045,STARLINK-31633,satellite,0,83,43.0233,118.5099,140.5176,34.418,174.9356,6867.6841,482.663,2872.8391820515944,-6216.554636588146,413.21973441040984,-6618.324562231359,1759.6978446828718,413.21973441040984,3.4746,165.1105,4
1046,STARLINK-31594,satellite,0,28,42.9952,129.6507,86.5408,145.1492,231.69,6862.0844,491.2972,5747.713736131301,-762.4109844167709,-3672.5036739259203,-4257.5323084625325,-3935.848363957824,-3672.5036739259203,-32.512,-137.2484,3
1047,STARLINK-31572,satellite,0,28,43.0038,129.686,154.5038,63.0448,217.5485,6864.2669,488.7707,5828.694644428453,-2234.1673103166263,-2852.773396106586,-5441.745147016939,-3058.2012006069763,-2852.773396106586,-24.6964,-150.6645,4
1048,STARLINK-31573,satellite,0,83,42.9853,117.9184,100.4021,329.2172,69.6193,6859.7235,486.1773,-5271.809781844942,-91.49615169344895,4381.585239277533,3296.520685002434,4115.009270351868,4381.585239277533,39.9028,51.3019,4
1049,STARLINK-31588,satellite,0,83,43.0068,118.0161,71.3859,322.8184,34.2043,6864.7729,482.7727,-5152.817996791787,3682.8134953716217,2629.4741967085265,6124.795933049985,1612.9238445280102,2629.4741967085265,22.6733,14.7535,5
1050,STARLINK-31596,satellite,0,83,43.0199,118.0554,47.94,325.0121,12.952,6867.1278,482.648,-4136.560712052307,5371.38994266513,1049.0538316654372,6775.079709905562,-247.50629302052744,1049.0538316654372,8.8502,-2.0922,5
1051,STARLINK-31612,satellite,0,83,42.9893,118.3696,75.9248,169.7911,245.7159,6860.1641,493.8424,5368.057159519333,-309.2458436421736,-4265.986834049372,-3666.3552025952295,-3933.1298209034017,-4265.986834049372,-38.6019,-132.9895,2
1052,STARLINK-31550,satellite,0,83,42.9841,118.6679,78.5213,25.7685,104.2898,6859.1646,486.6249,-3452.3585679832463,-3816.0975448021763,4529.367519286572,-731.5224342517912,5093.746664446403,4529.367519286572,41.5307,98.1725,4
1053,STARLINK-31473,satellite,0,83,42.9958,118.1679,76.4552,232.8843,309.3395,6862.2451,491.1264,1368.7695745498247,5668.1716508723675,-3619.8234312092136,3487.3813959073655,-4673.314777697484,-3619.8234312092136,-31.9915,-53.2685,16
1054,STARLINK-31562,satellite,0,61,43.0052,133.2853,104.4713,37.9388,142.4101,6864.2852,483.2524,1498.8183029374325,-6053.125747513295,2853.2261174349887,-5615.028250675522,2712.6085903691337,2853.2261174349887,24.7219,154.2149,5
1055,STARLINK-31600,satellite,0,69,42.9814,126.0178,100.1376,185.4542,285.5917,6859.2984,494.9021,2827.1703247209352,4336.282137540083,-4507.2640370726795,1531.0826631684738,-4944.898451927684,-4507.2640370726795,-41.2235,-72.796,12
1056,STARLINK-31628,satellite,0,83,43.0208,118.4788,162.6214,33.6124,196.2339,6866.9054,484.7008,4374.397367939761,-5122.446830549443,-1308.8182014313147,-6735.420122990989,-94.49672614646161,-1308.8182014313147,-11.0627,-179.1962,5
1057,STARLINK-31605,satellite,0,67,43.0084,180.4218,108.8125,37.8996,146.7121,6864.9537,483.2387,5753.176336231517,-2710.3007376223004,2567.572262849368,-5759.891273862319,-2696.0008452177826,2567.572262849368,22.1099,-154.9174,6
1058,STARLINK-31532,satellite,0,20,43.0128,191.1405,64.0738,323.2974,27.3711,6865.6453,482.5233,-5530.454598326925,-3439.0263208741417,2151.0121155368647,885.8370973523846,6451.985952927585,2151.0121155368647,18.3846,82.1823,4
1059,STARLINK-31593,satellite,0,20,43.0202,190.7359,154.4277,35.8455,190.2732,6867.215,483.9845,6466.951422384974,2136.776924755585,-834.907896762375,-2486.0059529702,-6340.902989910167,-834.907896762375,-7.0321,-111.4081,2
1060,STARLINK-31555,satellite,0,20,43.0154,191.1978,19.0273,325.9052,344.9325,6866.9542,484.1686,-6752.865112516222,-7.316142314042324,-1216.850850570676,4307.195505940113,5200.894887169551,-1216.850850570676,-10.2775,50.3697,4
1061,STARLINK-31561,satellite,0,20,43.0167,190.7155,165.6282,38.7345,204.3627,6866.0336,485.9262,5757.445794736373,3195.978298901344,-1931.2067129146278,-1217.830238265269,-6471.425567612026,-1931.2067129146278,-16.4418,-100.6576,2
1062,STARLINK-31413,satellite,0,20,42.9976,190.8515,88.4991,38.0206,126.5197,6861.7289,485.373,4766.446636170901,-3190.120121656464,3758.121246678626,-5498.913976480197,-1630.2837192749926,3758.121246678626,33.3985,-163.4863,7
1063,STARLINK-31422,satellite,0,20,43.0011,191.537,140.646,84.1989,224.8449,6863.0412,489.6717,4059.6867313790003,4441.074631248343,-3300.672525980765,824.5525316976502,-5960.227626502474,-3300.672525980765,-28.8983,-82.1236,9
1064,STARLINK-31416,satellite,0,20,43.02,191.1712,38.2182,327.6219,5.8401,6867.6374,482.3491,-6596.586303475506,-1822.9325227424742,476.2517537125486,2810.2976167213224,6240.2132292994065,476.2517537125486,4.0056,65.7554,4
1065,STARLINK-31552,satellite,0,20,42.9895,191.4892,82.7185,163.2453,245.9639,6860.0832,493.8,1826.3188306735724,5050.216349811215,-4274.244392418939,2719.653478415346,-4630.724631039585,-4274.244392418939,-38.6906,-59.574,15
1066,STARLINK-31557,satellite,0,63,42.9851,187.0117,94.1379,185.3628,279.5007,6858.836,495.0261,-1728.9051580057583,4776.640688833093,-4615.386882578852,4779.741942385986,-1720.3128435813785,-4615.386882578852,-42.4347,-19.7947,4
1067,STARLINK-31559,satellite,0,20,42.9791,190.9845,87.8981,356.0616,83.9597,6858.6935,487.0023,242.18304535187784,-5033.573996357029,4647.518847396566,-4027.929213396523,3028.416427132247,4647.518847396566,42.8616,143.0622,7
1068,STARLINK-31501,satellite,0,20,42.9865,191.3382,98.6812,189.7003,288.3815,6859.4891,494.4596,-3058.88064745394,4246.154037446296,-4441.025187734461,5220.9509890071695,-358.1140816482551,-4441.025187734461,-40.4949,-3.9239,4
1069,STARLINK-31549,satellite,0,20,43.0106,190.8003,115.0142,32.838,147.8522,6864.9503,482.9237,6203.895756465686,-1533.0930082503799,2489.30747452547,-5141.907803402885,-3794.664790247441,2489.30747452547,21.4037,-143.5731,8
1070,STARLINK-31560,satellite,0,20,43.0058,191.2364,12.7646,310.8511,323.6157,6864.4758,488.1335,-5999.099321022071,1843.408101953881,-2776.702868177861,5249.893818681749,3438.889499010379,-2776.702868177861,-23.9989,33.2264,4
1071,STARLINK-31571,satellite,0,20,42.9966,191.2682,72.7152,236.9449,309.6601,6862.1975,490.9733,-5050.978266701479,2933.9795182941416,-3603.1724339271764,5483.5385258796905,2012.814571602011,-3603.1724339271764,-31.8281,20.1564,3
1072,STARLINK-31553,satellite,0,95,43.0224,184.2356,40.8321,326.9914,7.8235,6867.4364,482.2308,-6727.345021369452,-1182.794118934471,637.1276286634793,3386.38508225791,5931.995367411493,637.1276286634793,5.3621,60.2793,4
1073,STARLINK-31547,satellite,0,67,42.9845,179.7685,97.0611,339.7731,76.8342,6859.0359,486.7363,-1581.1683693439622,-4876.83518423915,4551.178661105674,-2742.8086863973217,4331.352598931441,4551.178661105674,41.774,122.3438,5
1074,STARLINK-31537,satellite,0,20,42.9813,191.4039,85.7913,181.3602,267.1515,6858.6175,495.6434,-657.269419602761,4983.653394100564,-4673.7043836408875,4254.617646516456,-2677.131473130482,-4673.7043836408875,-43.0934,-32.1793,4
1075,STARLINK-31451,satellite,0,20,43.0237,190.7669,136.153,32.8892,169.0422,6867.2194,482.2113,6794.43745770701,321.65126012628735,889.708875889183,-4091.8704737775533,-5433.639289248081,889.708875889183,7.4981,-126.982,3
1076,STARLINK-31428,satellite,0,20,42.9837,190.9123,77.7626,27.5098,105.2724,6859.2162,486.496,2688.9539196316864,-4408.5894423606915,4508.858328995443,-5109.682836738677,746.5087816864237,4508.858328995443,41.3029,171.6881,4
1077,STARLINK-31419,satellite,0,20,42.9852,191.0285,100.3462,329.5013,69.8475,6859.6602,486.1832,-1417.6184161363785,-5072.875736395945,4388.01297545401,-2998.1125635707585,4330.707940607735,4388.01297545401,39.9729,124.6945,7
1078,STARLINK-31583,satellite,0,67,42.9839,180.112,96.2638,184.9281,281.1919,6858.9446,494.7365,-1341.7610449330207,4922.709147869728,-4590.3454130242935,4644.88352745451,-2111.503036370492,-4590.3454130242935,-42.1542,-24.4459,2
1079,STARLINK-31461,satellite,0,67,43.005,180.3003,158.9713,58.6609,217.6322,6864.1867,488.5719,5418.984397409133,3092.9122453215637,-2858.1598872919203,-1080.9741501573167,-6145.160123488676,-2858.1598872919203,-24.7469,-99.9766,2
1080,STARLINK-31534,satellite,0,39,42.9891,347.0424,105.5525,184.6826,290.2351,6859.7203,494.1807,1257.1872958497465,-5123.050743063562,-4391.130623641095,-4745.028823338751,2304.5325509817767,-4391.130623641095,-39.9508,154.0954,19
1081,STARLINK-31544,satellite,0,39,43.0248,347.7438,39.9662,327.3469,7.3131,6867.4471,482.5398,6785.14147673929,-820.6560269018985,595.853138706264,-4964.920738779011,-4696.9333858913005,595.853138706264,5.0136,-136.5888,4
1082,STARLINK-31545,satellite,0,39,42.9934,347.2422,97.535,129.0457,226.5807,6862.9187,491.4379,-5406.909760836722,-2514.884969719909,-3399.917788215109,1518.0452870977597,5766.7025308294515,-3399.917788215109,-29.8437,75.2519,4
1083,STARLINK-31507,satellite,0,39,43.0196,347.2991,159.056,32.2613,191.3173,6867.2717,484.2799,-6780.423863525984,518.9060919439985,-918.7328443436564,4729.715983406249,4886.020673067265,-918.7328443436564,-7.7418,45.9313,4
1084,STARLINK-31543,satellite,0,39,43.0013,347.6607,89.4396,320.3637,49.8032,6862.3394,484.5191,5141.818757522781,2796.1419667859195,3572.0376663922343,-1132.3178972613675,-5742.348492836023,3572.0376663922343,31.555,-101.1549,101
1085,STARLINK-31366,satellite,0,39,42.9989,347.4144,88.6853,39.0865,127.7718,6861.9504,484.7372,-3235.174469242246,4783.80218429117,3696.2669249869537,5747.255553061699,-565.8363656281542,3696.2669249869537,32.7835,-5.6228,10
1086,STARLINK-31374,satellite,0,3,42.9925,296.3923,74.0223,167.0731,241.0954,6860.7143,492.9193,-5411.398086954831,1018.1189265016214,-4097.151249294399,4239.5021424861125,3513.7468588182164,-4097.151249294399,-36.8234,39.6523,4
1087,STARLINK-31400,satellite,0,39,42.9823,347.1119,86.5071,182.4973,269.0044,6858.6777,495.5655,-1236.071179294233,-4867.432624342059,-4678.800378488135,-2955.9753984111703,4059.8007040714674,-4678.800378488135,-43.1523,126.0587,12
1088,STARLINK-31391,satellite,0,39,42.9858,347.1759,80.2611,167.7287,247.9898,6859.8483,494.3115,-3541.471947177099,-3968.0518851234915,-4338.823876888057,-791.5351997171189,5259.366059068643,-4338.823876888057,-39.382,98.5588,5
1089,STARLINK-31387,satellite,0,39,43.0156,347.7082,64.7993,323.6779,28.4771,6865.5518,482.9109,6399.762695459921,1052.8379456329574,2231.004004941692,-3277.168606375074,-5596.92739128843,2231.004004941692,19.0927,-120.3503,17
1090,STARLINK-31396,satellite,0,79,43.0244,336.9238,150.3069,33.1374,183.4443,6867.5096,482.9532,-6418.774484452565,2407.1347626350757,-281.2460048898013,5951.704765552423,3401.789827641632,-281.2460048898013,-2.364,29.7508,4
1091,STARLINK-31412,satellite,0,39,43.0143,347.3667,112.3041,36.7184,149.0225,6865.1889,482.8198,-5173.246909627273,3804.610237086115,2408.084499273272,6231.56384038917,1550.856133644505,2408.084499273272,20.6737,13.9754,3
1092,STARLINK-31483,satellite,0,39,42.9829,347.5514,94.0294,351.191,85.2205,6858.6748,486.9,1635.0272245264052,4756.869873442335,4657.450160844328,2616.099469400707,-4296.178369668461,4657.450160844328,42.9758,-58.6612,30
1093,STARLINK-31568,satellite,0,39,42.9868,347.5994,100.6159,330.4087,71.0246,6859.4956,486.2349,3195.5267084878305,4152.989773285682,4420.247352690493,1154.7854158045632,-5111.280235432177,4420.247352690493,40.3253,-77.269,86
1094,STARLINK-31615,satellite,0,88,42.9883,340.5338,80.8076,27.3513,108.159,6859.5163,486.4484,-426.49100807036774,5204.684757990086,4441.66753063698,4277.307447532005,-2995.877001698573,4441.66753063698,40.5593,-35.0079,5
1095,STARLINK-31457,satellite,0,88,42.9837,340.5719,87.5983,6.469,94.0673,6858.6651,487.1271,1205.3646319167096,4879.2831798862335,4662.1355582221495,2984.7054393765698,-4043.74105075391,4662.1355582221495,43.0276,-53.5688,22
1096,STARLINK-31398,satellite,0,39,43.0242,347.3285,136.5466,33.7083,170.2549,6867.2869,482.3747,-6410.338415726452,2311.3893489785924,792.2944768089922,5872.642362310829,3456.4477445930347,792.2944768089922,6.6731,30.4797,3
1097,STARLINK-31399,satellite,0,39,43.0084,347.272,156.9111,48.7531,205.6642,6865.8601,486.4535,-6512.552894609149,-757.1812704574219,-2027.3649894401824,3576.7069783910097,5494.891798037753,-2027.3649894401824,-17.2837,56.9393,4
1098,STARLINK-31401,satellite,0,88,43.002,340.4849,92.2129,37.3038,129.5167,6862.2234,484.6952,-2820.1230402001165,5103.772937730052,3607.684454424979,5728.388735095158,-1089.5662721505685,3607.684454424979,31.9052,-10.7693,9
1099,STARLINK-31414,satellite,0,39,42.9843,347.4785,77.212,29.1875,106.3995,6859.3501,486.6543,-846.4488259484813,5116.340450434715,4483.982508746876,4477.5406757403125,-2616.3036362003277,4483.982508746876,41.0253,-30.2985,4
1100,STARLINK-31415,satellite,0,39,43.0128,347.8097,12.8507,311.8141,324.6648,6864.7342,488.2457,4859.644391514941,-4019.14204847421,-2707.709066991946,-6196.355400577806,-1172.529815197186,-2707.709066991946,-23.3668,-169.2847,4
1101,STARLINK-31466,satellite,0,39,43.0209,347.7724,18.9354,327.0764,346.0118,6867.1117,484.3622,6250.535911176812,-2595.385432086048,-1131.6589828146357,-5989.112410086573,-3152.1036241441084,-1131.6589828146357,-9.5509,-152.2419,3
1102,STARLINK-31622,satellite,0,75,42.991,325.9669,107.4117,188.2795,295.6913,6860.4003,494.3331,-66.18878500557075,-5415.15142916532,-4217.981551922826,-4124.600385089133,3509.404168712162,-4217.981551922826,-38.087,139.6073,15
1103,STARLINK-31319,satellite,0,26,42.9877,322.2314,103.3639,324.1958,67.5597,6859.9127,486.5681,4907.972960202582,2061.4126536521344,4320.844824683114,-1548.3310661660455,-5093.16125959722,4320.844824683114,39.2407,-106.9094,109
1104,STARLINK-31625,satellite,0,75,43.0229,325.8428,26.061,326.1732,352.2342,6867.519,483.6565,5245.327789603503,-4378.13400648419,-632.6006106430777,-6718.916865702005,-1240.0311088457454,-632.6006106430777,-5.3228,-169.5433,4
1105,STARLINK-31631,satellite,0,26,43.0102,322.0006,106.9131,38.517,145.4302,6864.7413,483.2284,-2698.281990317196,5719.047924076572,2654.426151197305,6124.017320064921,-1576.2762196707579,2654.426151197305,22.8988,-14.4342,5
1106,STARLINK-31620,satellite,0,26,43.0173,322.3382,69.0839,316.0179,25.1019,6865.9684,483.224,6217.380260494058,-2111.0326475681213,1985.275241699942,-5595.235258992675,-3435.9305201364023,1985.275241699942,16.9224,-148.4467,9
1107,STARLINK-31511,satellite,0,75,43.0096,325.9076,21.2954,295.7751,317.0704,6863.3755,489.2491,2245.3800787709843,-5647.113290881755,-3188.3804099756267,-5779.411724194498,1878.8348358592182,-3188.3804099756267,-27.8311,161.9911,14
1108,STARLINK-31364,satellite,0,26,42.9834,322.1184,79.9102,22.9325,102.8426,6859.1824,486.4019,1799.6050208628487,4794.697184297897,4556.777903651604,2540.0967452792343,-4446.977382992947,4556.777903651604,41.8393,-60.2652,35
1109,STARLINK-31597,satellite,0,75,43.0207,325.8133,46.8655,326.8013,13.6668,6867.0647,482.1434,6179.596379863888,-2765.0649855589854,1105.7998531544429,-6074.371463417739,-2989.1482259679624,1105.7998531544429,9.3337,-153.7986,9
1110,STARLINK-31621,satellite,0,75,43.0187,325.8791,14.1088,323.8872,337.9961,6866.4776,485.7472,4212.825059531,-5125.301944349259,-1754.1465048223752,-6634.426352252449,31.654059785918353,-1754.1465048223752,-14.8986,179.7266,5
1111,STARLINK-31462,satellite,0,75,42.9937,325.7119,91.685,324.2039,55.8889,6861.5316,484.9224,5515.844262593413,1264.4010149792646,3870.9850463330504,-2549.8455637879474,-5051.884347121992,3870.9850463330504,34.541,-116.7815,76
1112,STARLINK-31592,satellite,0,75,42.9875,326.0382,91.3017,183.1932,274.4949,6858.7615,494.6825,-2349.7819870935145,-4451.495178259724,-4665.009265516797,-1924.6289525052346,4651.13836647732,-4665.009265516797,-43.0015,112.4796,8
1113,STARLINK-31267,satellite,0,26,43.0172,321.5392,10.8681,325.5743,336.4423,6866.1038,485.7148,3678.304044885684,-5482.669320244547,-1871.0862280662386,-6568.034481545053,671.1978627859272,-1871.0862280662386,-15.9169,174.1651,5
1114,STARLINK-31381,satellite,0,26,43.0228,322.4035,18.5324,324.0741,342.6065,6866.7841,484.8432,4273.46039957222,-5183.333952223304,-1399.5780987501698,-6717.806787839308,22.059198601241004,-1399.5780987501698,-11.8401,179.8119,5
1115,STARLINK-31546,satellite,0,26,42.9801,322.1633,88.9096,359.9802,88.8898,6858.5641,486.7288,3180.5772588275213,3878.4297958717398,4672.413653559204,953.0635841983396,-4924.424756796626,4672.413653559204,43.1484,-79.0465,85
1116,STARLINK-31575,satellite,0,26,43.0067,322.2886,108.8732,297.3442,46.2174,6862.9943,487.3324,5970.6666682335745,-38.21846929171628,3378.301821510981,-3842.6701357105294,-4569.924216293836,3378.301821510981,29.6548,-130.0592,30
1117,STARLINK-31610,satellite,0,75,42.9833,325.5856,84.2493,14.188,98.4373,6858.9447,486.7906,1973.8461127138912,4660.860909604519,4623.176439357891,2325.830003950809,-4495.576457816882,4623.176439357891,42.5862,-62.6448,39
1118,STARLINK-31581,satellite,0,57,42.9865,318.6466,80.3601,20.0794,100.4395,6858.8451,486.8965,2326.009360658623,4522.769582138671,4596.8105810894,1994.6562404122271,-4678.366244916584,4596.8105810894,42.2866,-66.9087,58
1119,STARLINK-31566,satellite,0,75,42.9857,325.6563,96.3221,340.8536,77.1756,6859.2199,487.162,4015.229325028574,3179.0926047487924,4557.808736766407,-118.12913626837252,-5120.033381658987,4557.808736766407,41.8452,-91.3217,115
1120,STARLINK-31515,satellite,0,75,43.0092,325.7736,70.835,324.031,34.866,6864.6179,483.1469,6264.955188985322,-794.6179648749966,2674.2013551298983,-4612.6595830144015,-4313.287933968888,2674.2013551298983,23.0793,-136.921,4
1121,STARLINK-31531,satellite,0,41,42.991,270.6464,78.8114,159.2498,238.0612,6861.0963,492.4946,-4301.027166449984,3582.557624855953,-3971.571943279594,5503.640816385729,1021.5143592565572,-3971.571943279594,-35.5248,10.5148,4
1122,STARLINK-31753,satellite,0,41,42.9832,271.072,84.2964,12.0984,96.3948,6858.6921,486.9714,4968.63887211249,856.6418831856785,4644.72623953204,-2514.128268662088,-4370.3966188676,4644.72623953204,42.83,-119.9102,71
1123,STARLINK-31733,satellite,0,41,42.9824,270.6973,81.9757,177.1457,259.1214,6858.9631,495.325,-4946.504637421732,1235.3014828935793,-4595.496397052066,4109.70903902561,3017.3116339259636,-4595.496397052066,-42.2078,36.2858,4
1124,STARLINK-31657,satellite,0,41,43.0192,270.8967,133.744,33.4896,167.2336,6867.1267,482.2565,1003.4566575346828,6706.848516124231,1034.194387552025,4519.939655307306,-5055.579867252513,1034.194387552025,8.7244,-48.2017,5
1125,STARLINK-31754,satellite,0,48,43.0047,278.5962,152.0341,69.1992,221.2333,6863.6404,489.267,-4042.4081934227297,4608.802139634329,-3085.377973899335,6128.148512765464,167.08372164759794,-3085.377973899335,-26.8594,1.5618,4
1126,STARLINK-31638,satellite,0,41,43.0203,270.8829,140.3442,33.9997,174.3438,6867.4853,482.5135,389.09650432558544,6833.957818625918,461.3203006344009,5010.119166643805,-4664.0198855134695,461.3203006344009,3.8797,-42.9511,6
1127,STARLINK-31670,satellite,0,29,42.9874,282.4324,100.1033,328.0874,68.1907,6859.8534,486.2544,5095.262544809868,-1484.9236403225448,4339.9622931445765,-4396.79593304795,-2972.353300209128,4339.9622931445765,39.4497,-145.9402,5
1128,STARLINK-31712,satellite,0,29,42.9879,282.4343,96.3949,324.7214,61.1163,6860.7018,485.6043,5001.410763189779,-2288.4975439888594,4093.2542081306,-4955.193333676189,-2386.9205384521424,4093.2542081306,36.8285,-154.2798,9
1129,STARLINK-31684,satellite,0,48,43.0171,278.6354,163.6945,36.3329,200.0274,6866.5115,485.2711,-2666.832590704824,6116.189013049427,-1603.282784841768,6409.525411083745,-1854.1165321693409,-1603.282784841768,-13.5928,-16.1338,4
1130,STARLINK-31678,satellite,0,48,43.0141,278.6961,121.6766,35.9473,157.624,6866.2317,482.4546,928.3227017435647,6558.437827733479,1781.2794253487316,4453.725491613304,-4902.980626534408,1781.2794253487316,15.1419,-47.7489,4
1131,STARLINK-31744,satellite,0,48,43.0224,278.6658,146.4505,32.3887,178.8392,6867.5778,482.7109,-933.0711592917677,6796.437608765299,94.82650527950071,5825.671457901797,-3622.6700129503656,94.82650527950071,0.7969,-31.8752,7
1132,STARLINK-31719,satellite,0,41,43.0161,271.2765,61.6595,323.9251,25.5846,6865.9068,482.6372,2302.964788896421,-6136.60368269099,2020.6682274142581,-6192.844191392646,2147.1451740503535,2020.6682274142581,17.2348,160.8779,5
1133,STARLINK-31728,satellite,0,41,43.0041,270.9433,101.3624,37.5573,138.9197,6863.6329,483.7609,3209.8821687515915,5222.726140939115,3073.4805637740164,1968.762195150227,-5805.530750884493,3073.4805637740164,26.771,-71.2673,53
1134,STARLINK-31720,satellite,0,41,42.9883,271.4492,104.4925,189.1614,293.654,6860.0655,493.8723,-4527.776655866672,-2869.2061802437147,-4286.7830049132,683.9283511914233,5316.516487381234,-4286.7830049132,-38.8245,82.6696,4
1135,STARLINK-31731,satellite,0,41,42.9816,270.6739,87.3627,178.8542,266.2169,6858.653,495.4767,-5015.325756581406,393.90672324962026,-4669.221408662485,3506.2228588012345,3607.638592718206,-4669.221408662485,-43.0435,45.8168,4
1136,STARLINK-31742,satellite,0,41,43.0052,270.8162,159.2187,57.5166,216.7353,6864.3797,488.4538,-3079.923549882143,5456.755464309443,-2799.8054702301342,6165.9289210123425,-1115.0918399007137,-2799.8054702301342,-24.2099,-10.251,4
1137,STARLINK-31512,satellite,0,94,43.0148,230.8261,8.8309,321.4182,330.249,6865.4122,486.9326,-5693.874928766713,-3046.0108064866017,-2323.1464953391833,1292.6272898990605,6326.72966287319,-2323.1464953391833,-19.901,78.4527,4
1138,STARLINK-31458,satellite,0,41,43.02,270.8625,153.6846,34.7653,188.4499,6867.3948,483.7447,-839.2630878768854,6775.3138950697985,-687.9077561583869,5749.50507302,-3681.3628349723717,-687.9077561583869,-5.7896,-32.6311,8
1139,STARLINK-31357,satellite,0,41,43.0178,271.3331,17.2592,325.8947,343.1539,6866.8358,484.899,-1300.8134882250038,-6599.766432858519,-1356.7265590389363,-4247.630005802924,5216.001536928148,-1356.7265590389363,-11.4726,129.1575,4
1140,STARLINK-31508,satellite,0,41,43.0061,271.3703,18.0529,303.9087,321.9616,6864.1785,488.6314,-2962.357006596228,-5477.679978248221,-2884.426000241248,-2323.03101682393,5777.894415226465,-2884.426000241248,-24.9893,111.9028,8
1141,STARLINK-31535,satellite,0,48,43.0009,278.7345,98.7531,37.6563,136.4094,6863.3071,483.7388,2663.499786144924,5433.998300323057,3224.541160535201,2480.2885975115437,-5520.030535401244,3224.541160535201,28.199,-65.8044,47
1142,STARLINK-31533,satellite,0,41,42.9813,271.4901,98.389,181.1016,279.4906,6858.7536,494.9412,-4921.257738108484,-1260.0712575850316,-4615.137381371407,2173.435062629479,4591.594203282488,-4615.137381371407,-42.4326,64.6694,4
1143,STARLINK-31524,satellite,0,62,42.9945,264.0863,93.625,322.2271,55.8521,6861.4312,485.2683,3731.763259570358,-4255.9433340502665,3869.558630495197,-5658.230924601397,-153.40629716701963,3869.558630495197,34.5245,-178.447,4
1144,STARLINK-31635,satellite,0,86,42.9862,248.8888,100.6738,185.7618,286.4356,6859.381,494.4717,-5191.8110904836885,-77.11671672910565,-4488.424111233461,3256.49298955747,4044.2678937270653,-4488.424111233461,-41.0177,51.1586,4
1145,STARLINK-31650,satellite,0,86,42.9807,249.3732,92.5636,355.8307,88.3942,6858.6333,486.8126,4624.000361343259,-1945.7645758558278,4671.569461885874,-4450.426583888793,-2315.401120275691,4671.569461885874,43.1381,-152.5136,4
1146,STARLINK-31658,satellite,0,22,42.9899,208.9757,105.1433,189.0669,294.2101,6860.1366,493.5737,-4680.437317314583,2642.2090063319356,-4268.340452506302,5022.373861213105,1914.033101243523,-4268.340452506302,-38.6289,20.8619,4
1147,STARLINK-31669,satellite,0,86,42.9958,249.0673,99.6031,130.2838,229.8869,6862.342,491.3428,-2005.912296421155,5502.020858525738,-3579.6214860979258,5514.825480856725,-1970.43588687358,-3579.6214860979258,-31.5944,-19.6617,4
1148,STARLINK-31671,satellite,0,86,43.0125,249.5329,67.0674,324.6733,31.7407,6865.0933,482.9169,432.17564245523397,-6386.843098230987,2461.216409829125,-5190.590073511474,3746.5070714088524,2461.216409829125,21.1507,144.1787,5
1149,STARLINK-31674,satellite,0,86,43.0157,249.1717,130.3151,36.0421,166.3572,6867.0692,483.1116,3476.4863313809956,5810.718110498739,1103.9470975926683,2250.9416584561222,-6386.208877118233,1103.9470975926683,9.3166,-70.584,10
1150,STARLINK-31679,satellite,0,70,43.0153,238.7238,166.7163,41.104,207.8202,6865.5842,486.5659,1149.5404224348144,6403.053722821966,-2184.886009375403,4192.875663277213,-4973.965604269246,-2184.886009375403,-18.6731,-49.8703,12
1151,STARLINK-31370,satellite,0,86,43.0027,249.5056,83.0004,322.8481,45.8485,6862.9862,484.1679,1698.0790963379413,-5733.854954792334,3355.6164606934403,-5496.6155412152475,2355.3731874349505,3355.6164606934403,29.4513,156.8042,4
1152,STARLINK-31404,satellite,0,86,43.0194,249.596,25.6078,323.6842,349.292,6867.2597,484.3707,-3224.456068126871,-5994.620336970314,-869.8761013380633,-2553.4146502674316,6309.7276917073,-869.8761013380633,-7.3277,112.0321,4
1153,STARLINK-31453,satellite,0,94,43.0136,231.5178,168.686,34.0684,202.7544,6866.1286,485.5477,2418.6113983327027,6161.304654570105,-1810.6047876433595,3196.341151291051,-5796.098635041981,-1810.6047876433595,-15.39,-61.1248,11
1154,STARLINK-31476,satellite,0,86,42.9919,249.444,102.6724,324.3738,67.0462,6860.0289,486.2941,3384.8988970752835,-4124.903149059995,4304.886680682673,-5335.867120892741,29.809406608301224,4304.886680682673,39.0704,179.6799,4
1155,STARLINK-31538,satellite,0,86,43.0082,249.1071,166.8159,41.9326,208.7484,6865.4946,486.9339,-109.24305531722858,6482.015431320225,-2251.447603591962,5057.5776156707125,-4055.781892369844,-2251.447603591962,-19.2626,-38.7269,13
1156,STARLINK-31564,satellite,0,86,42.9837,249.0009,76.9325,174.2377,251.1702,6859.5312,494.3714,-3642.839774204503,3771.163500014482,-4429.082489997007,5228.408147348542,394.5934732191817,-4429.082489997007,-40.3645,4.316,4
1157,STARLINK-31452,satellite,0,86,43.0216,249.5688,43.0997,327.368,10.4678,6867.3059,482.318,-1501.0073330755108,-6639.666838424629,850.361928369683,-4150.4757368493665,5395.530548245174,850.361928369683,7.1647,127.569,5
1158,STARLINK-31513,satellite,0,42,43.0153,246.0539,55.975,326.0272,22.0022,6866.2763,482.4625,-864.0344389521608,-6574.860712652825,1753.062936780604,-4507.421366238415,4864.000568427024,1753.062936780604,14.8965,132.821,6
1159,STARLINK-31392,satellite,0,86,42.9869,249.2991,78.5277,31.0479,109.5756,6859.5781,486.409,5232.049058067735,478.41461808164047,4404.243494824132,-2973.3992568229937,-4331.525684137881,4404.243494824132,40.1487,-124.4679,67
1160,STARLINK-31619,satellite,0,86,43.0178,249.1412,154.9739,32.5198,187.4936,6867.4007,483.5492,1810.9025375472636,6590.018220920465,-610.4882850125011,3914.352393228708,-5602.281097390913,-610.4882850125011,-5.1363,-55.0577,5
1161,STARLINK-31509,satellite,0,86,43.0085,249.6455,11.8051,316.2496,328.0547,6865.0452,487.4296,-4515.045840525433,-4536.214066459079,-2476.8398917788704,-606.9384460608406,6371.381539468538,-2476.8398917788704,-21.2767,95.4416,4
1162,STARLINK-31734,satellite,0,62,42.9888,263.8629,104.9912,191.0984,296.0896,6860.3701,493.2098,-4805.718579968171,-2518.977158247181,-4202.947966555357,1130.936063194256,5306.709019212285,-4202.947966555357,-37.9348,77.9694,4
1163,STARLINK-31738,satellite,0,41,43.013,270.973,167.0845,35.3601,202.4445,6866.2735,485.6376,-2023.1328515792238,6309.049872227347,-1787.2407177242019,6146.819655646521,-2472.6069130269316,-1787.2407177242019,-15.1865,-21.9128,6
1164,STARLINK-31721,satellite,0,60,43.0211,274.5315,160.1845,30.7598,190.9443,6867.2479,483.7753,-1481.6802604337795,6640.449357374019,-888.791473599856,6056.01894392163,-3100.8996457271023,-888.791473599856,-7.4886,-27.1141,7
1165,STARLINK-31737,satellite,0,60,42.988,274.6856,81.383,31.6979,113.0809,6859.9643,485.8957,4378.4531381763445,3055.479767068504,4300.276708461706,-445.22593878912534,-5320.58101654327,4300.276708461706,39.0234,-94.7834,122
1166,STARLINK-31539,satellite,0,60,43.0013,274.8871,87.3582,321.9051,49.2633,6862.4794,484.5971,4167.189038163967,-4134.792361275203,3543.5197691701433,-5843.098805799898,-565.8345131869371,3543.5197691701433,31.2745,-174.4688,5
1167,STARLINK-31397,satellite,0,60,43.0136,275.0229,11.8974,319.6158,331.5132,6865.5308,486.9899,-1856.0829325099262,-6218.33504283872,-2232.9414579417207,-3599.492917554747,5399.665294610759,-2232.9414579417207,-19.098,123.688,8
1168,STARLINK-31481,satellite,0,60,42.9827,274.3409,88.3571,180.2635,268.6206,6858.6241,495.1551,-5017.590323960577,-215.18238323069613,-4677.908954700867,3038.9847795862347,3998.3856275500552,-4677.908954700867,-43.1453,52.7632,4
1169,STARLINK-31540,satellite,0,60,43.02,274.5607,135.363,34.4139,169.7769,6867.2648,482.386,350.52945705592157,6800.701877308104,830.6846295874675,5009.160709388384,-4613.103717867781,830.6846295874675,6.998,-42.643,6
1170,STARLINK-31574,satellite,0,60,43.0135,274.9337,63.0245,325.0044,28.0288,6865.6079,482.6947,2868.56667793467,-5829.0772163847805,2198.6184196355207,-6317.438146285075,1515.5168254412336,2198.6184196355207,18.8058,166.51,4
1171,STARLINK-31556,satellite,0,60,43.0221,274.9624,47.0236,326.8864,13.91,6867.0732,482.3099,1777.1015486449166,-6529.453582064337,1125.143926841036,-6159.284984136428,2802.688437682735,1125.143926841036,9.4983,155.5328,5
1172,STARLINK-31582,satellite,0,60,42.9995,275.0695,80.6644,229.6486,310.313,6862.3992,491.0526,-3420.215146646599,-4761.2065589498925,-3569.191029920395,-1479.2977003885344,5672.621780091062,-3569.191029920395,-31.4934,104.616,8
1173,STARLINK-31519,satellite,0,60,42.9949,274.4497,90.0181,143.3043,233.3224,6861.7861,491.5386,-4331.916853098669,3774.788588299915,-3753.636366256978,5671.287677534737,922.5121067835302,-3753.636366256978,-33.3196,9.239,4
1174,STARLINK-31736,satellite,0,68,42.9804,267.8189,96.5834,356.9699,93.5534,6858.698,486.645,5017.82454885777,234.0472903257177,4664.302613966966,-3024.6181250491645,-4010.6142341108516,4664.302613966966,43.0562,-127.0219,61
1175,STARLINK-31675,satellite,0,60,43.0098,274.5935,112.1462,36.3838,148.53,6865.1192,482.9047,2141.246688272191,6040.4381275607075,2442.2756504580725,3280.4796830072546,-5505.477563509123,2442.2756504580725,20.9804,-59.2111,8
1176,STARLINK-31722,satellite,0,60,42.9845,274.3862,79.7864,174.7478,254.5342,6859.2279,494.6018,-4964.891876053351,1454.7905664865125,-4510.078260924259,4290.345702038872,2891.2801127243415,-4510.078260924259,-41.257,33.9762,4
1177,STARLINK-31741,satellite,0,60,43.0085,274.496,169.4144,42.6798,212.0942,6865.064,487.3672,-3113.8589429576678,5586.99672926496,-2487.1239931458013,6287.820884026964,-1172.159758671644,-2487.1239931458013,-21.3695,-10.5597,4
1178,STARLINK-31699,satellite,0,60,42.996,274.6243,95.9382,38.2671,134.2053,6863.0345,484.3327,3198.144752983117,5055.4540070462745,3352.221189307389,1847.5452362310227,-5689.66797611897,3352.221189307389,29.4179,-72.0104,59
1179,STARLINK-31750,satellite,0,60,42.9883,274.8226,100.5718,330.0947,70.6665,6859.5516,486.2877,4906.043329092815,-1863.7861730758677,4410.8487126085065,-4567.476752772005,-2584.785515042244,4410.8487126085065,40.2219,-150.494,4
1180,STARLINK-31723,satellite,0,60,42.9829,274.7541,85.2492,6.5902,91.8394,6858.6207,486.9756,4976.875683633547,634.6985192210234,4671.302083737488,-2690.1707289948367,-4234.9870400632435,4671.302083737488,43.1337,-122.4247,69
1181,STARLINK-31724,satellite,0,70,42.9817,238.7526,98.0606,342.4527,80.5133,6858.9149,486.9871,3642.9461032608715,-3531.9841740985744,4609.87587471922,-5044.431368377468,-547.4309884138639,4609.87587471922,42.4338,-173.8064,4
1182,STARLINK-31730,satellite,0,60,42.9854,275.1284,100.8674,188.1843,289.0517,6859.6424,494.3916,-4526.635333402287,-2655.6911159366705,-4423.369771430757,847.4958739117609,5179.27345180514,-4423.369771430757,-40.3017,80.7069,4
1183,STARLINK-31718,satellite,0,60,43.0228,274.9879,22.994,329.6525,352.6464,6867.4365,483.5427,-47.94894836686001,-6835.1342399457335,-599.1997221241413,-5228.9037395749365,4402.263606599141,-599.1997221241413,-5.0411,139.9057,5
1184,STARLINK-31747,satellite,0,12,42.9868,289.6578,84.6223,23.9212,108.5434,6859.5209,486.2184,3743.927872665901,3652.518361426542,4431.5418035112125,419.43546058648263,-5213.6321495369475,4431.5418035112125,40.4495,-85.4005,108
1185,STARLINK-31388,satellite,0,14,42.9891,300.4757,105.5784,186.9781,292.5565,6859.9277,493.8719,-2660.6411000801177,-4620.563482265446,-4321.932229080449,-1856.1891862520229,4998.317683173167,-4321.932229080449,-39.2026,110.3731,8
1186,STARLINK-31332,satellite,0,14,42.9888,300.0076,81.2113,35.3624,116.5738,6860.4002,485.8285,2350.196316686429,4899.071315924244,4180.9420884044,2268.767054605473,-4937.308835531252,4180.9420884044,37.7497,-65.3205,51
1187,STARLINK-31689,satellite,0,3,43.0079,296.9158,11.9307,313.2916,325.2223,6864.6325,487.8411,-0.7107012443539864,-6322.0148407776205,-2670.0507541752745,-4864.235982858901,4038.2026268092895,-2670.0507541752745,-23.0247,140.3011,16
1188,STARLINK-31471,satellite,0,14,42.9831,300.1261,101.0616,340.1231,81.1847,6858.8151,487.0392,4813.766154947093,1578.6964620009176,4618.712183567216,-1859.606818352539,-4712.376215327579,4618.712183567216,42.5336,-111.5353,95
1189,STARLINK-31470,satellite,0,3,43.0227,296.8611,32.0453,328.5273,0.5727,6867.568,482.4853,3144.3973046903825,-6097.433984710574,46.78419276472548,-6700.0980472976635,1474.659880869362,46.78419276472548,0.3932,167.5874,4
1190,STARLINK-31587,satellite,0,14,43.0028,300.3982,58.3574,255.4738,313.8312,6862.8584,490.2603,-717.9610371705924,-5931.75067485285,-3376.7466367547004,-4105.850530404707,4340.866911284854,-3376.7466367547004,-29.6259,133.4062,19
1191,STARLINK-31606,satellite,0,14,43.0183,299.8656,166.7205,27.6909,194.4114,6867.2217,484.4018,-4392.310722677628,5141.598997819566,-1165.1206522273292,6761.598061252323,96.04893022234424,-1165.1206522273292,-9.8359,0.8138,5
1192,STARLINK-31666,satellite,0,55,43.011,293.3096,69.857,323.4264,33.2834,6864.8939,483.2257,4796.185592223712,-4176.381456348279,2567.3846602689755,-6276.819648689362,-1023.2758190298659,2567.3846602689755,22.1082,-170.7408,9
1193,STARLINK-31683,satellite,0,14,42.9867,300.146,99.1458,334.9657,74.1114,6859.201,486.2401,5113.225899041964,799.2720446286086,4495.470983772388,-2650.6162612001917,-4445.013873073897,4495.470983772388,41.1559,-120.8081,70
1194,STARLINK-31751,satellite,0,14,42.9876,300.6057,75.4563,174.6437,250.1,6859.6627,494.2977,-5252.721352438643,-392.7861856337961,-4400.446738731238,3052.491664856228,4292.744719870127,-4400.446738731238,-40.0516,54.5841,4
1195,STARLINK-31510,satellite,0,3,43.0226,296.8849,18.8956,327.5672,346.4628,6867.0703,484.2064,1969.362463079964,-6481.118624091274,-1095.879206070097,-6244.8825064292005,2623.8768285545893,-1095.879206070097,-9.2465,157.2096,6
1196,STARLINK-31663,satellite,0,14,42.9835,300.5252,88.4871,182.897,271.3842,6858.5863,495.7299,-4239.89486602035,-2692.482788722759,-4678.361186327274,636.0538874636011,4982.128811533925,-4678.361186327274,-43.146,82.7246,4
1197,STARLINK-31692,satellite,0,14,43.0213,300.3127,16.6795,325.3504,342.0299,6866.7613,485.0671,1958.3179736929171,-6416.307907646313,-1444.4695330861296,-6187.957951233135,2590.982988285327,-1444.4695330861296,-12.2251,157.2803,7
1198,STARLINK-31685,satellite,0,14,43.0212,299.8851,139.9005,33.2812,173.1817,6867.489,482.4998,-2877.8661911766126,6202.861580761585,555.6956590488854,6610.998553197149,-1747.0843522940445,555.6956590488854,4.675,-14.8031,4
1199,STARLINK-31686,satellite,0,14,43.0129,299.9205,116.1435,35.8349,151.9784,6865.5996,482.6897,-977.961184688047,6422.830711077718,2198.0726004240105,5566.8566231534005,-3349.5178398051075,2198.0726004240105,18.801,-31.0349,4
1200,STARLINK-31668,satellite,0,14,43.0083,299.8247,165.3984,50.1813,215.5796,6864.545,488.1092,-5309.20407017309,3390.115019151226,-2723.6718112927006,5999.44757383142,1920.1969978795153,-2723.6718112927006,-23.5132,17.7479,4
1201,STARLINK-31690,satellite,0,14,42.9805,300.075,85.0713,10.1248,95.1961,6858.7501,486.7233,4010.8836354305045,3040.103985795906,4654.171097307199,-222.3032242020991,-5027.922141195677,4654.171097307199,42.9397,-92.5316,112
1202,STARLINK-31701,satellite,0,14,43.0237,300.2923,43.5988,326.532,10.1308,6866.9729,482.118,4167.984890959139,-5385.995319026206,823.2921091919521,-6806.387868519007,232.65384396817686,823.2921091919521,6.9357,178.0423,4
1203,STARLINK-31697,satellite,0,14,42.9803,300.0466,78.6506,23.778,102.4286,6859.0184,486.7261,3500.845730271501,3729.487208147228,4564.095580677246,633.9100568905598,-5075.741689907693,4564.095580677246,41.9191,-82.8812,104
1204,STARLINK-31662,satellite,0,14,43.0168,300.347,9.5641,325.4378,335.0019,6865.9187,486.0662,1312.5380520616566,-6438.6309868592425,-1978.3985954176553,-5792.697544323483,3102.1573594907327,-1978.3985954176553,-16.8548,151.8297,8
1205,STARLINK-31702,satellite,0,14,42.9905,300.614,77.1453,165.904,243.0493,6860.4589,493.2503,-5435.52807024803,398.1173610249838,-4171.77127774319,3777.831796718497,3928.2883997113126,-4171.77127774319,-37.6048,46.1185,4
1206,STARLINK-31770,satellite,0,40,42.9847,329.4567,85.255,177.792,263.0471,6858.8445,495.2526,-3248.4008376542997,-3870.22885119765,-4645.192978910267,-903.4364757896146,4971.3762578312935,-4645.192978910267,-42.7712,100.2998,5
1207,STARLINK-31778,satellite,0,75,42.9854,326.0314,87.7468,165.7211,253.468,6859.379,494.5291,-4309.092910916097,-2900.6407809731163,-4486.169588699485,520.0740592846861,5168.319033110363,-4486.169588699485,-40.9923,84.2538,4
1208,STARLINK-31776,satellite,0,30,42.9849,332.8833,91.2801,181.495,272.775,6858.7757,495.8613,-1990.2467765252463,-4615.583803957964,-4674.459936623754,-2280.5154452839975,4479.279561117985,-4674.459936623754,-43.1004,116.9818,8
1209,STARLINK-31765,satellite,0,75,42.9907,325.6324,96.2233,326.8539,63.0772,6860.5541,486.0573,5086.70893275039,1938.5233919480215,4168.443014375095,-1757.0449824344853,-5152.210558328733,4168.443014375095,37.616,-108.8308,107
1210,STARLINK-31767,satellite,0,40,42.9996,329.3204,95.3563,210.6319,305.9882,6861.4911,491.5636,1396.164185632768,-5550.704591330712,-3787.2786463275456,-5162.86146917959,2470.7200050843926,-3787.2786463275456,-33.657,154.4263,21
1211,STARLINK-31782,satellite,0,30,43.0084,333.0441,171.2629,45.1651,216.4281,6864.4133,487.9405,-6272.54748861672,-153.17804189949567,-2779.6322224794108,3888.1945716380606,4924.455145755356,-2779.6322224794108,-24.0265,51.7065,4
1212,STARLINK-31755,satellite,0,30,43.0229,333.0872,164.7867,30.4299,195.2166,6866.9639,484.274,-6500.027709003698,1822.8907345769242,-1228.7962840902792,5554.031946594606,3837.449671882198,-1228.7962840902792,-10.3794,34.6418,3
1213,STARLINK-31585,satellite,0,75,43.0008,325.2464,121.2344,104.6892,225.9237,6863.0316,490.5599,-5978.378530819285,-241.2220919184334,-3362.8941097062366,3632.570371902868,4754.327549566175,-3362.8941097062366,-29.4911,52.6182,4
1214,STARLINK-31667,satellite,0,75,43.0138,325.2845,163.6217,41.0498,204.6716,6866.1241,486.3047,-6318.988859627074,1829.8349254156492,-1954.1602021596857,5443.752038301191,3693.708137881714,-1954.1602021596857,-16.6418,34.1578,4
1215,STARLINK-31729,satellite,0,75,42.9864,325.9369,100.2328,181.4052,281.6381,6859.0761,494.9738,-1607.3516599973182,-4849.330433448197,-4583.528396727403,-2704.9218412842993,4333.933876307548,-4583.528396727403,-42.0756,121.9694,10
1216,STARLINK-31448,satellite,0,75,43.0219,325.7482,40.3996,326.2582,6.6578,6867.4356,482.3332,5959.605286428741,-3354.522430209232,542.67063163413,-6387.448767647493,-2443.4021661373667,542.67063163413,4.5653,-159.0666,8
1217,STARLINK-31748,satellite,0,75,42.9896,325.4687,78.3064,34.4332,112.7396,6860.0179,486.1364,438.5794626272766,5312.401834015789,4311.3724351869505,3807.7029515064205,-3730.330203102943,4311.3724351869505,39.1414,-44.4119,5
1218,STARLINK-31746,satellite,0,30,43.0264,333.0872,142.1869,31.8948,174.0817,6867.4105,482.2413,-5850.609550239572,3549.751576571921,482.6627070030489,6468.062623323344,2234.8454679231977,482.6627070030489,4.0596,19.0611,5
1219,STARLINK-31762,satellite,0,40,43.01,329.2712,16.5897,310.1351,326.7248,6865.0052,487.9805,3525.288347072673,-5298.786356973652,-2568.5579559928956,-6328.813546143385,671.5012174288813,-2568.5579559928956,-22.1026,173.9434,7
1220,STARLINK-31768,satellite,0,40,43.0184,329.2457,16.3767,324.5574,340.9341,6866.6688,485.1825,4735.638424417867,-4724.989638257702,-1529.2861288747533,-6660.295504596268,-626.3083584947017,-1529.2861288747533,-12.9547,-174.6279,5
1221,STARLINK-31769,satellite,0,40,42.9932,329.5238,75.5327,166.382,241.9147,6860.692,493.3285,-5031.290286676194,-2178.3814250025684,-4129.308827097533,1537.0840368994602,5262.75595530586,-4129.308827097533,-37.1575,73.7186,4
1222,STARLINK-31784,satellite,0,30,42.9874,332.9538,72.2506,179.3046,251.5552,6859.6767,494.7182,-4099.970713247451,-3254.6626691594647,-4439.631377493884,114.10061454260075,5233.504560929323,-4439.631377493884,-40.4778,88.751,4
1223,STARLINK-31777,satellite,0,30,43.0007,333.0108,111.0963,119.4815,230.5778,6862.2303,490.8979,-5643.233125288146,-1477.182468414132,-3615.7592902559636,2467.4725509656555,5285.804324941524,-3615.7592902559636,-31.9525,64.9763,3
1224,STARLINK-31758,satellite,0,75,43.0233,325.3313,141.9782,34.5332,176.5113,6867.59,482.6158,-5458.558413505883,4146.374827333915,284.8461620606577,6676.765006599587,1552.1253844491553,284.8461620606577,2.3944,13.0869,5
1225,STARLINK-31774,satellite,0,75,43.0114,325.7982,20.459,310.7478,331.2068,6865.5463,487.5519,3615.8858876206555,-5380.17119009092,-2254.992084818589,-6449.299447295422,653.7655742646033,-2254.992084818589,-19.2923,174.2117,6
1226,STARLINK-31763,satellite,0,40,43.0084,329.578,158.5885,62.104,220.6926,6863.8724,489.0646,-6144.0638471423,-186.66385477350363,-3052.1809322906274,3780.3696413698763,4846.975276092187,-3052.1809322906274,-26.5489,52.0478,4
1227,STARLINK-31749,satellite,0,0,43.0034,70.698,99.7481,36.2221,135.9702,6863.2825,483.8267,-4919.119475636646,-3500.924064963852,3250.566161713573,447.7688272378726,6021.105280725856,3250.566161713573,28.4465,85.7469,4
1228,STARLINK-31781,satellite,0,59,43.0183,56.9315,14.4612,322.5066,336.9678,6866.2378,486.0265,5091.1507575787755,4221.431424971825,-1831.7854396940118,-3.220397547802069,-6613.64414987488,-1831.7854396940118,-15.5734,-90.0279,4
1229,STARLINK-31541,satellite,0,64,42.9848,63.9633,97.7778,336.2337,74.0115,6859.2821,486.0429,-3502.628836359974,3812.5535994899765,4492.953563272529,5170.709215776709,260.26893815092734,4492.953563272529,41.1293,2.8816,19
1230,STARLINK-31797,satellite,0,0,43.0142,71.0129,64.9288,324.7833,29.7121,6865.42,482.8372,-412.24941342146633,6441.403671786686,2318.9782107317087,5219.847362773241,-3796.6859695163866,2318.9782107317087,19.8763,-36.0305,4
1231,STARLINK-31798,satellite,0,0,43.0116,71.4323,163.378,49.6236,213.0016,6864.941,487.6904,758.2561843124381,-6326.319853088037,-2549.828175289605,-5352.274945077278,3456.9391427854102,-2549.828175289605,-21.9342,147.1423,16
1232,STARLINK-31802,satellite,0,0,42.9842,71.3251,78.9134,176.4626,255.376,6859.2357,495.4379,4048.0709876527017,-3197.582729994429,-4528.402842834531,-5045.854253074435,-1072.73896776652,-4528.402842834531,-41.4548,-167.9977,7
1233,STARLINK-31791,satellite,0,0,42.9817,70.8259,85.6976,7.7765,93.4742,6858.6785,486.9919,-4864.590828230515,1251.753904604289,4665.046113207672,4070.05335332568,2943.772658490958,4665.046113207672,43.062,35.8773,8
1234,STARLINK-31727,satellite,0,0,43.0232,71.4671,158.9666,32.8239,191.7905,6867.2317,484.0366,-1163.108763037955,-6694.454395112417,-956.6374825782794,-4408.438209138704,5170.513920211565,-956.6374825782794,-8.0636,130.4513,4
1235,STARLINK-31807,satellite,0,0,42.9977,71.3825,81.7837,152.3579,234.1416,6861.7356,492.1796,2572.064955729815,-5109.168528295473,-3793.6950947064292,-5574.11429859206,1283.889003477287,-3793.6950947064292,-33.7181,167.0292,15
1236,STARLINK-31806,satellite,0,0,43.0177,71.0975,17.385,315.6771,333.0621,6865.7998,486.6302,4132.52868945452,5051.767445888259,-2121.019781364314,1247.9492610055825,-6406.307074942372,-2121.019781364314,-18.1082,-78.9768,6
1237,STARLINK-31804,satellite,0,0,42.9897,70.755,82.3916,32.3364,114.728,6860.2158,485.8322,-5245.696111887167,-1206.2139925214565,4246.0495448675865,2422.0851209805796,4806.847569951348,4246.0495448675865,38.4421,63.2573,5
1238,STARLINK-31660,satellite,0,91,42.9878,30.6713,102.976,189.0192,291.9952,6859.9107,494.2661,4585.880965576537,-2692.8354124338975,-4339.415603863229,-5000.940151322672,-1808.940129408378,-4339.415603863229,-39.3887,-160.1139,4
1239,STARLINK-31800,satellite,0,0,42.9829,71.2541,87.5504,181.9536,269.504,6858.6524,496.1777,4736.008753589024,-1670.035506408991,-4679.798974604575,-4309.793398465861,-2577.6885710416377,-4679.798974604575,-43.159,-149.1163,4
1240,STARLINK-31789,satellite,0,0,42.9957,70.9596,88.2178,322.7604,50.9782,6862.0979,484.7547,-2274.7060066991107,5352.10592625441,3632.813394734156,5571.137720761356,-1667.8578353896205,3632.813394734156,32.1533,-16.6664,8
1241,STARLINK-31795,satellite,0,90,42.9909,12.4698,124.0102,169.7633,293.7735,6860.0806,494.1939,3693.8634532333604,-3888.855461181447,-4283.270237617143,-5351.557327423117,-358.6895320437882,-4283.270237617143,-38.7846,-176.1655,8
1242,STARLINK-31796,satellite,0,0,43.0172,71.0331,50.0188,325.5422,15.561,6866.9492,482.2168,875.4006504579734,6686.71814690324,1255.4111923108599,4586.234670551332,-4944.186224403391,1255.4111923108599,10.6099,-47.151,4
1243,STARLINK-31801,satellite,0,0,43.0235,71.4944,137.6293,32.9506,170.5798,6867.3254,482.3551,-2926.484033200576,-6157.227336085588,766.1066322130666,-2868.8427495393726,6184.294506508637,766.1066322130666,6.4516,114.8862,5
1244,STARLINK-31787,satellite,0,0,43.0207,71.0625,28.101,326.2636,354.3647,6867.5234,483.286,2681.922917017522,6298.713039117548,-459.6807065314293,3133.9066110221193,-6086.470720817199,-459.6807065314293,-3.8654,-62.7562,5
1245,STARLINK-31277,satellite,0,0,43.0006,71.1425,68.2541,243.7148,311.9689,6862.6478,490.784,5015.2214372164335,3137.1294736579707,-3480.2708022631136,-789.0800326778398,-5862.710985613903,-3480.2708022631136,-30.6257,-97.6655,4
1246,STARLINK-31799,satellite,0,19,42.9867,60.3762,78.8936,27.8789,106.7725,6859.3591,486.3241,-5151.679393144216,653.6750227352325,4475.306664639395,3793.194862102174,3546.6553741823204,4475.306664639395,40.9316,43.0762,5
1247,STARLINK-31764,satellite,0,0,42.9848,70.8942,100.4922,331.7183,72.2106,6859.4792,486.5097,-3826.7105772106083,3542.1768132232323,4450.691771378377,5169.638558475092,682.3251370127055,4450.691771378377,40.6583,7.5188,19
1248,STARLINK-31589,satellite,0,30,42.9862,332.8691,84.1624,26.3531,110.5155,6859.8113,485.8065,3.6699068197346407,5275.460639599658,4377.586469491224,4057.0392240709784,-3372.0811322580676,4377.586469491224,39.8618,-39.7323,5
1249,STARLINK-31665,satellite,0,40,42.9887,329.5631,99.5116,325.9696,65.4812,6860.1621,486.054,4764.5343921082695,2492.666775433936,4253.199857678486,-1124.8785449937736,-5258.21489537537,4253.199857678486,38.5171,-102.0752,117
1250,STARLINK-31912,satellite,0,30,43.0008,333.2312,67.2982,247.5357,314.8339,6863.1682,490.8103,2717.4635366344846,-5358.0133392234775,-3319.726904987054,-5858.457549329787,1330.9358207425096,-3319.726904987054,-29.0754,167.2007,15
1251,STARLINK-31904,satellite,0,30,43.0201,333.1343,47.2945,324.0168,11.3113,6867.3719,482.4206,6445.431267831882,-2162.3252517789433,918.0080046562135,-5780.352520522509,-3578.653302754383,918.0080046562135,7.7378,-148.2381,8
1252,STARLINK-31858,satellite,0,30,43.0152,332.7624,86.7149,66.5021,153.217,6865.7445,485.5936,-4411.632196409328,4813.649207429792,2109.3195792439433,6521.585880600888,320.36686865528407,2109.3195792439433,18.0078,2.8123,4
1253,STARLINK-31881,satellite,0,40,43.022,329.2434,157.826,34.9333,192.7594,6867.2421,484.1652,-6317.671997644349,2470.3046522882964,-1033.9794987404641,5935.742273063131,3283.6486128555343,-1033.9794987404641,-8.7201,28.9513,4
1254,STARLINK-31885,satellite,0,40,43.0153,329.6597,56.9905,325.7981,22.7886,6866.3522,482.3943,6438.773209756437,-1517.7979634325459,1812.4034666878647,-5280.146746661408,-3985.167680060418,1812.4034666878647,15.413,-142.9565,9
1255,STARLINK-31880,satellite,0,40,42.9834,329.441,80.8453,19.9636,100.8089,6858.987,486.884,1397.5009792076364,4895.543350535385,4590.995526469503,2874.5064351064643,-4201.971732221559,4590.995526469503,42.221,-55.6245,26
1256,STARLINK-31886,satellite,0,30,43.0164,333.187,13.2323,322.6264,335.8587,6866.2644,486.2508,4663.478273314103,-4656.433754096918,-1914.801744991816,-6561.45660890389,-614.5665801500014,-1914.801744991816,-16.2975,-174.6491,5
1257,STARLINK-31909,satellite,0,30,43.0148,332.7144,171.9657,37.6778,209.6436,6865.4037,486.7027,-6438.303748825631,528.5726771494898,-2315.453487198672,4518.653791390357,4616.590966365193,-2315.453487198672,-19.8331,45.6142,4
1258,STARLINK-31910,satellite,0,30,43.0022,332.8025,95.304,36.4845,131.7885,6862.6454,484.5651,-2355.282909288853,5414.217089233494,3487.0399423830445,5670.392998761352,-1645.5234765066166,3487.0399423830445,30.7225,-16.1825,8
1259,STARLINK-31902,satellite,0,30,42.9897,333.2866,103.1743,190.3739,293.5482,6860.1846,494.1213,380.5458659924801,-5344.123878942127,-4290.497180348525,-4355.260034835793,3120.2860796032046,-4290.497180348525,-38.8627,144.3806,15
1260,STARLINK-31913,satellite,0,40,42.993,329.373,86.6306,35.3675,121.9981,6861.237,484.8685,-959.5321343165768,5510.214137547778,3964.753510565373,4852.8426754213515,-2780.841549967717,3964.753510565373,35.5002,-29.8142,4
1261,STARLINK-31866,satellite,0,75,42.9947,325.6798,90.1387,142.4312,232.5699,6861.986,491.2693,-5692.609021218356,-940.322915870777,-3716.4963832909953,2912.1121437590564,4980.92436368385,-3716.4963832909953,-32.9498,59.6872,4
1262,STARLINK-31917,satellite,0,30,43.009,333.0926,68.2811,324.3925,32.6736,6864.9888,482.9606,6373.182122447417,-198.27549115080853,2525.4616866031974,-4222.904392534209,-4777.4304838259795,2525.4616866031974,21.7299,-131.4744,5
1263,STARLINK-31860,satellite,0,40,43.0023,329.6109,81.4969,322.5205,44.0174,6863.3813,483.8582,6016.493289465716,511.39703628498154,3249.789445606344,-3449.017648074334,-4956.207793684486,3249.789445606344,28.4389,-124.834,42
1264,STARLINK-31854,satellite,0,14,42.9866,300.0148,101.3572,184.5203,285.8775,6859.2984,494.7476,-3242.3717536947884,-4041.6970814669307,-4501.287065030959,-1039.2291229601142,5076.247897560527,-4501.287065030959,-41.1583,101.5699,7
1265,STARLINK-31842,satellite,0,40,43.0209,329.6848,35.2691,326.3293,1.5984,6867.6841,482.8251,5991.1194793566765,-3340.9779910823654,130.5679920886487,-6397.153579790262,-2476.3022088187086,130.5679920886487,1.0973,-158.8389,4
1266,STARLINK-31871,satellite,0,30,42.984,332.9746,99.7673,335.4202,75.1875,6859.2503,486.2928,3764.1258641097133,3522.4325232498313,4518.454169224417,306.4367069728135,-5146.092784465465,4518.454169224417,41.4113,-86.5922,108
1267,STARLINK-31875,satellite,0,40,42.9856,329.4851,90.9344,355.6249,86.5593,6858.7575,487.1717,2896.2264694268447,4103.608019180643,4665.672082500262,1307.9398194287273,-4849.435015137858,4665.672082500262,43.0677,-74.9059,80
1268,STARLINK-31877,satellite,0,30,43.0223,333.1565,22.9095,327.1885,350.098,6867.4368,483.8504,5641.559765364284,-3821.9737547130635,-805.0672377044987,-6544.020276303858,-1900.125940883015,-805.0672377044987,-6.7797,-163.8088,4
1269,STARLINK-31884,satellite,0,30,42.9996,333.0682,90.5995,323.1589,53.7584,6861.8175,484.7742,5445.651266759785,1769.8022857724723,3771.363771158815,-2116.1174451883244,-5320.654546957316,3771.363771158815,33.5348,-111.6886,85
1270,STARLINK-32108,satellite,0,36,42.9871,354.7431,97.4343,190.3228,287.7571,6859.5491,494.6341,1646.4086831737782,-4953.345664014479,-4456.9609076871075,-4863.025919433043,1896.6480237944684,-4456.9609076871075,-40.669,158.6935,19
1271,STARLINK-32080,satellite,0,36,43.0195,355.0412,129.7671,38.0211,167.7882,6867.1598,482.0757,-6587.74977122986,1636.435767440374,989.9553599585759,5466.5829106407455,4024.0328465841067,989.9553599585759,8.3488,36.3573,4
1272,STARLINK-32091,satellite,0,1,42.988,343.6786,77.2577,168.0984,245.3562,6860.0744,493.9903,-4029.2222227827947,-3575.367207554102,-4253.835341390199,-177.86108115146524,5383.887798350888,-4253.835341390199,-38.4711,91.8921,4
1273,STARLINK-32085,satellite,0,56,43.0271,351.1673,16.2955,339.3123,355.6079,6867.6882,481.493,6699.350372581018,-1429.6637467505082,-358.4484209106942,-5378.7506354724455,-4241.965988168562,-358.4484209106942,-3.0141,-141.7388,4
1274,STARLINK-32100,satellite,0,30,42.9957,333.0746,81.0173,156.4673,237.4846,6861.2426,492.4552,-5206.249742771298,-2103.586192245858,-3946.8353310989346,1706.37843016139,5349.615304430177,-3946.8353310989346,-35.2712,72.3088,4
1275,STARLINK-32089,satellite,0,56,42.9833,350.9814,97.9902,342.856,80.8462,6858.7848,486.8077,1853.1952982226271,4718.937398681268,4614.271391553809,2447.5745084425503,-4439.829052075022,4614.271391553809,42.485,-61.1331,36
1276,STARLINK-32103,satellite,0,88,42.9837,340.5981,102.7205,337.1973,79.9179,6858.8819,486.9352,2772.1894681508065,4258.555847600075,4601.776355767762,1506.3879213137309,-4852.950420617868,4601.776355767762,42.3425,-72.7553,76
1277,STARLINK-32105,satellite,0,56,42.9946,350.8627,79.3872,36.8814,116.2686,6860.3679,485.762,-2281.7037069444536,4921.443704738328,4192.410418188202,5244.219182979244,-1387.4239100091559,4192.410418188202,37.8716,-14.8188,12
1278,STARLINK-32106,satellite,0,1,42.9987,343.4729,80.209,228.7838,308.9928,6862.1324,491.0836,3030.266554037071,-4968.59106112772,-3637.8568162459674,-5758.579942323293,841.528115457736,-3637.8568162459674,-32.1698,171.686,11
1279,STARLINK-32090,satellite,0,36,43.0225,355.0334,160.8534,27.975,188.8284,6867.4718,484.2552,-6822.056570720811,-180.01154705544383,-718.5641605841021,4218.499368206792,5364.4312924696105,-718.5641605841021,-6.048,51.8191,4
1280,STARLINK-32088,satellite,0,1,42.9808,343.6066,84.7752,181.8007,266.5759,6858.6339,495.3962,-1807.906414386889,-4692.861143475889,-4670.93176212707,-2456.4337137593643,4388.325959296262,-4670.93176212707,-43.0636,119.2386,8
1281,STARLINK-32107,satellite,0,56,42.9848,351.4138,81.9175,174.5903,256.5078,6859.2442,494.6435,-2312.260614538999,-4588.426754586116,-4550.324974838848,-2053.959246796104,4709.71980528043,-4550.324974838848,-41.7055,113.5625,8
1282,STARLINK-32104,satellite,0,39,42.9857,347.8703,81.7382,179.3934,261.1316,6858.9303,495.3394,-2076.9557540639007,-4627.866902172108,-4623.865413282748,-2234.5890206028207,4553.84553729708,-4623.865413282748,-42.5284,116.1374,8
1283,STARLINK-32094,satellite,0,56,42.997,351.4814,84.3272,151.2936,235.6207,6861.504,491.9339,-4446.406550307688,-3523.08624849245,-3862.885253694931,128.80971950012523,5671.514434531399,-3862.885253694931,-34.4184,88.6989,4
1284,STARLINK-32099,satellite,0,56,42.9833,350.931,82.5044,12.2737,94.778,6859.0857,487.3074,223.86583270338645,5025.295387967183,4657.771985066294,3723.9093961729636,-3381.7463619365267,4657.771985066294,42.9763,-42.2431,6
1285,STARLINK-32096,satellite,0,56,43.0229,351.1372,51.8666,324.9996,16.8663,6867.0084,482.3695,6710.389385216666,426.26387119135177,1357.930398459861,-3957.69408925989,-5435.778148981879,1357.930398459861,11.4872,-126.0577,4
1286,STARLINK-32102,satellite,0,56,42.9919,351.0457,93.8196,325.7666,59.5861,6860.8025,484.9275,4101.41994049735,3731.6191846383635,4031.534719497786,251.984267143606,-5539.235614828319,4031.534719497786,36.1897,-87.3954,107
1287,STARLINK-32092,satellite,0,56,43.009,351.2254,25.5068,294.988,320.4947,6863.9365,489.0876,4746.397400426268,-3963.059869518742,-2978.112048715057,-6080.874056079881,-1121.2058358114957,-2978.112048715057,-25.8569,-169.553,5
1288,STARLINK-32093,satellite,0,56,43.0176,351.1979,12.4214,322.0879,334.5093,6866.0318,486.395,5791.243282350713,-3081.8826854361814,-2014.916566272605,-6070.12973673485,-2487.9760090022755,-2014.916566272605,-17.1745,-157.7127,4
1289,STARLINK-32087,satellite,0,56,43.0084,351.1001,74.6481,323.6765,38.3246,6864.1383,483.3481,5796.218056190755,2239.9166658585837,2900.6757144304665,-1978.2669850839827,-5890.656174029299,2900.6757144304665,25.1605,-108.5637,64
1290,STARLINK-32086,satellite,0,56,43.0059,350.8067,99.3143,38.2442,137.5585,6863.4754,483.853,-4454.890085976412,4149.167594037571,3156.404136325192,6037.905188163657,778.034922281019,3156.404136325192,27.5522,7.3426,9
1291,STARLINK-32098,satellite,0,56,42.985,351.3473,99.819,178.1745,277.9935,6858.8622,495.5111,195.56898963953446,-5059.362413333456,-4634.370393860314,-4018.002178955219,3080.7553861141055,-4634.370393860314,-42.6462,142.5212,13
1292,STARLINK-31472,satellite,0,33,42.9902,114.7095,99.0928,200.5242,299.6169,6860.843,493.041,2547.0559241931487,4905.914031585025,-4068.6712747658917,2148.3048829068625,-5093.159382578635,-4068.6712747658917,-36.5256,-67.1299,14
1293,STARLINK-31817,satellite,0,33,43.0047,114.5274,74.6305,324.0267,38.6572,6864.0884,483.2028,-5072.886046041363,3571.3236827522537,2921.6443457423743,5987.956478193652,1622.6222290992346,2921.6443457423743,25.3556,15.1619,6
1294,STARLINK-31833,satellite,0,33,43.006,114.9481,158.5631,63.3468,221.9099,6863.5184,489.1439,5193.709471035777,-3216.7513175199488,-3126.703225257153,-5792.284491935449,-1942.0472375246572,-3126.703225257153,-27.2487,-161.4646,4
1295,STARLINK-31849,satellite,0,53,42.9824,107.8478,96.6881,183.463,280.1512,6858.9352,495.3139,4334.061888561767,2666.378755745606,-4606.302473679117,-716.2817987027897,-5037.917080284487,-4606.302473679117,-42.3298,-98.092,4
1296,STARLINK-31661,satellite,0,53,43.0213,107.6908,18.7567,324.958,343.7147,6866.8894,484.9376,-661.2995059148095,6702.9810097084,-1312.9091256871889,5580.186783954114,-3772.106428670653,-1312.9091256871889,-11.0973,-34.058,10
1297,STARLINK-31707,satellite,0,33,43.008,114.6546,21.5977,299.2523,320.85,6864.0217,488.7637,659.5197606518065,6158.717637069802,-2955.4868820785177,4317.8224531426295,-4440.853353915464,-2955.4868820785177,-25.6477,-45.8048,12
1298,STARLINK-31821,satellite,0,33,42.9855,114.8478,80.0071,177.2225,257.2296,6859.0764,494.8835,5080.883698399374,680.922071267925,-4563.897731796996,-2721.0288206188325,-4344.54096322753,-4563.897731796996,-41.8557,-122.0593,4
1299,STARLINK-31819,satellite,0,33,42.989,114.7495,102.4497,183.1125,285.5622,6859.2363,493.967,3621.012332005294,3696.6831695134847,-4507.9440336300895,531.9215513286817,-5147.257155760801,-4507.9440336300895,-41.2379,-84.1,10
1300,STARLINK-31726,satellite,0,33,42.991,114.4723,92.7995,326.993,59.7925,6860.9525,484.5267,-5372.909153122079,1344.0879928901347,4039.7096116459193,4465.7485829803445,3275.9448856693994,4039.7096116459193,36.2771,36.2627,5
1301,STARLINK-31759,satellite,0,33,43.0161,115.0446,122.9413,35.32,158.2614,6866.3649,482.4346,1014.3201751445913,-6558.665556243157,1733.1162181574207,-5694.600626364308,3408.293268274746,1733.1162181574207,14.7233,149.0989,5
1302,STARLINK-31818,satellite,0,33,43.0171,114.985,164.3797,36.2796,200.6594,6866.4856,485.3595,4316.614152921261,-5072.39869798741,-1651.702091620445,-6660.004707692417,-81.99750032383808,-1651.702091620445,-14.0113,-179.2946,5
1303,STARLINK-31816,satellite,0,33,42.9921,115.1,87.4088,35.4743,122.8831,6861.2628,485.15,-2234.7336660109654,-5157.442693354447,3926.188367388786,-2541.3217867909475,5013.475168904265,3926.188367388786,35.1028,116.8804,5
1304,STARLINK-31809,satellite,0,53,43.0084,107.7278,25.3143,297.2077,322.522,6864.2879,488.6275,1250.2049243661852,6117.6262954215545,-2848.3899275074514,3908.952804952931,-4869.132552312919,-2848.3899275074514,-24.6565,-51.2424,12
1305,STARLINK-31779,satellite,0,33,43.0195,114.5649,51.4015,326.0074,17.4089,6866.8243,482.1688,-4085.647146222732,5329.032313531216,1400.1497129468496,6709.969425872777,-259.63109588485395,1400.1497129468496,11.8497,-2.2159,5
1306,STARLINK-31805,satellite,0,33,42.9806,114.4014,97.4726,343.6621,81.1347,6858.8554,486.7462,-4949.031868603359,-1085.041623629946,4617.675817713839,2325.855974583108,4501.180483712825,4617.675817713839,42.5241,62.6736,4
1307,STARLINK-31681,satellite,0,53,42.9933,107.7782,101.7859,199.6356,301.4215,6861.0235,492.2586,2986.7377735806003,4715.073690811496,-3993.7531714204174,1720.64643981248,-5309.604341857929,-3993.7531714204174,-35.7545,-72.0444,12
1308,STARLINK-31636,satellite,0,33,43.0218,114.587,33.1745,329.8881,3.0626,6867.6691,482.3163,-3094.0459622524627,6117.987201342965,250.07927189293505,6683.755731585512,-1526.5310782374875,250.07927189293505,2.1021,-12.8654,4
1309,STARLINK-31640,satellite,0,33,42.9832,114.7947,90.8376,180.5009,271.3385,6858.6935,495.693,4489.930294663768,2250.7424481913263,-4678.3981532535945,-1135.6551747641167,-4892.402573691298,-4678.3981532535945,-43.1467,-103.0684,4
1310,STARLINK-31677,satellite,0,33,43.021,115.0153,147.177,32.3558,179.5328,6867.5112,482.7089,2864.020867321443,-6234.350352607237,38.16919714565602,-6626.386125161209,1777.848915903056,38.16919714565602,0.3208,164.9813,4
1311,STARLINK-31783,satellite,0,33,43.0019,115.0853,99.4954,37.4803,136.9757,6863.4364,483.7868,-973.5925652691791,-5990.966584643348,3191.030490037534,-3988.153072926252,4575.390493539267,3191.030490037534,27.8804,131.0771,7
1312,STARLINK-31808,satellite,0,33,42.9829,114.3279,79.3759,23.0015,102.3774,6859.083,486.5346,-3858.087332563679,-3356.8516475054957,4565.083206829386,-119.01486366857665,5112.643769252326,4565.083206829386,41.9317,91.3335,4
1313,STARLINK-31822,satellite,0,33,43.0187,114.6139,15.9435,325.9565,341.9,6866.8052,485.0538,-1299.6047735659176,6579.183113786048,-1454.4832931204446,5892.590125968546,-3201.8751723858295,-1454.4832931204446,-12.3112,-28.5185,8
1314,STARLINK-31363,satellite,0,5,43.0232,136.9472,30.7902,325.7165,356.5067,6867.5872,482.9567,-4795.583083847516,4898.481241445104,-285.2387811834249,6832.079148465841,561.6316372608345,-285.2387811834249,-2.3976,4.6994,5
1315,STARLINK-31868,satellite,0,5,43.0201,136.9196,26.3086,323.1626,349.4713,6867.3296,483.9709,-4301.304152517945,5277.399588242121,-855.4410973841151,6807.971656408598,-60.71039436036083,-855.4410973841151,-7.2059,-0.5109,5
1316,STARLINK-31848,satellite,0,5,42.9954,136.6381,92.918,38.1074,131.0255,6862.5093,484.5433,674.4512041806413,-5841.136973565868,3527.7047344214857,-4925.411045852793,3211.555946915801,3527.7047344214857,31.1199,146.8941,7
1317,STARLINK-31890,satellite,0,5,42.9857,136.7006,77.4394,32.485,109.9244,6859.6105,486.2188,-1533.2052991829512,-5033.559356921345,4394.435752365701,-2894.037825781956,4394.540175267073,4394.435752365701,40.0428,123.367,7
1318,STARLINK-31862,satellite,0,25,42.9821,139.8313,86.1891,174.7278,260.9169,6858.9222,495.958,4026.689174940048,3090.2468271239654,-4621.238428190851,-193.8135654556681,-5072.108778996608,-4621.238428190851,-42.4939,-92.1883,7
1319,STARLINK-31870,satellite,0,25,42.9847,139.7613,94.3067,187.8374,282.1441,6859.0193,495.5238,2068.777366373963,4680.11821926136,-4575.261272862158,2280.018836095329,-4580.923536246137,-4575.261272862158,-41.9785,-63.5395,14
1320,STARLINK-31888,satellite,0,25,43.0043,139.936,134.9983,90.7013,225.6995,6862.9717,489.9651,5980.353533421819,-336.1125778342927,-3350.07701122519,-4078.0815861171927,-4387.123274614143,-3350.07701122519,-29.3707,-132.9092,4
1321,STARLINK-31863,satellite,0,25,42.9932,139.8995,78.7459,161.1073,239.8532,6860.8807,492.8161,5432.922198317369,1100.3383184089014,-4047.2431902023545,-2623.1296989928323,-4883.295875757513,-4047.2431902023545,-36.3043,-118.2431,4
1322,STARLINK-31873,satellite,0,25,43.0213,140.0067,148.619,34.7267,183.3457,6867.5299,482.8552,5435.501114609695,-4177.731869751348,-273.1863358575168,-6686.167839869539,-1514.356483643673,-273.1863358575168,-2.2963,-167.2383,4
1323,STARLINK-31865,satellite,0,25,43.0185,140.0373,128.9991,33.2017,162.2008,6866.6682,482.2334,4021.1888050314665,-5369.873985652102,1430.5105022904681,-6700.2290939487075,335.3149506014875,1430.5105022904681,12.1103,177.135,4
1324,STARLINK-31823,satellite,0,25,43.0054,140.0755,102.8895,37.9498,140.8394,6864.005,483.5164,2045.3241994457428,-5841.198265564735,2953.761588099916,-5800.98814312848,2156.730122606356,2953.761588099916,25.6528,159.6055,4
1325,STARLINK-31916,satellite,0,25,42.9915,140.1282,82.3795,37.2426,119.6221,6860.7979,485.593,-193.9067812398567,-5518.377797778788,4064.1479082173555,-4122.462295959132,3673.608304817489,4064.1479082173555,36.5247,138.2951,7
1326,STARLINK-31907,satellite,0,25,42.9847,140.1703,79.243,26.1823,105.4253,6859.2282,486.5892,-1696.1460628461891,-4880.480993594105,4505.70642432925,-2672.1817383352222,4422.154560013668,4505.70642432925,41.2671,121.1434,7
1327,STARLINK-31687,satellite,0,25,43.0082,140.5013,20.3328,303.4687,323.8015,6864.486,488.2875,-2388.2997705852636,5809.699964369283,-2764.66435865079,5995.797527789208,-1872.698981664402,-2764.66435865079,-23.8879,-17.3454,4
1328,STARLINK-31810,satellite,0,25,43.0002,140.3666,77.3079,324.3585,41.6664,6863.6174,483.8141,-6072.002329198311,699.944012563068,3109.1333793860877,4416.577056518778,4225.278808592934,3109.1333793860877,27.1061,43.7319,5
1329,STARLINK-31812,satellite,0,25,42.9807,140.2402,95.9056,348.2679,84.1735,6858.7199,486.9369,-3725.948078529898,-3390.3179315063803,4649.4083385999675,-229.15948212805924,5032.338491431706,4649.4083385999675,42.8837,92.6073,3
1330,STARLINK-31815,satellite,0,25,42.9865,140.3097,97.2045,325.7599,62.9644,6860.421,485.653,-5250.895615862876,-1447.3126304299274,4163.708535591871,2239.8842994638667,4964.830001511153,4163.708535591871,37.5686,65.7175,5
1331,STARLINK-31814,satellite,0,25,43.0011,140.5399,83.118,219.4939,302.6119,6861.2611,490.8913,-168.70397661150295,5614.066337638184,-3942.0987208153106,4427.680257818612,-3455.6981074234573,-3942.0987208153106,-35.2319,-37.9712,9
1332,STARLINK-31794,satellite,0,25,43.0193,140.437,30.2736,328.9429,359.2165,6867.5864,482.6183,-5244.942144350393,4422.264486767108,-64.00568851189874,6752.6282699902795,1211.5497248699833,-64.00568851189874,-0.5379,10.1717,5
1333,STARLINK-31824,satellite,0,25,43.0135,140.4061,54.3388,326.141,20.4798,6866.4636,482.0441,-6069.674442456166,2743.056594565772,1637.0683296103514,5987.232955536456,2918.6210536029726,1637.0683296103514,13.8916,25.988,4
1334,STARLINK-31947,satellite,0,18,42.983,205.4072,83.8158,179.7866,263.6025,6858.6661,495.1841,-1450.049397090837,4835.276738530819,-4650.249010707592,4646.765764561014,-1972.336766752683,-4650.249010707592,-42.8293,-22.999,4
1335,STARLINK-31929,satellite,0,18,43.0064,205.9503,78.6911,325.4547,44.1458,6863.2122,483.6539,-2895.993388674182,-5293.385095212771,3257.4573859460643,-2223.603219642292,5609.125795974068,3257.4573859460643,28.513,111.6247,5
1336,STARLINK-31927,satellite,0,18,43.0155,205.6158,129.0713,35.5237,164.595,6866.9149,482.1689,6539.17678240777,1657.7131355450674,1243.0902751335643,-2900.7658001765526,-6090.517515274509,1243.0902751335643,10.5047,-115.4673,5
1337,STARLINK-31855,satellite,0,18,42.985,205.3232,100.3311,184.4133,284.7445,6859.0673,494.4729,-3655.6815975499585,3641.7036712187023,-4525.342170741563,5136.992503426565,487.15663946255785,-4525.342170741563,-41.4278,5.4173,4
1338,STARLINK-31887,satellite,0,18,43.0136,205.9882,60.612,322.4366,23.0485,6866.1209,482.5609,-4813.012311230528,-4530.684874324587,1831.9295426780784,-412.38277499518017,6597.130693367951,1831.9295426780784,15.5828,93.5769,4
1339,STARLINK-31852,satellite,0,8,43.0123,197.8618,116.6596,29.2578,145.9173,6864.7098,482.9765,6268.128291314072,-932.4969935995375,2621.6132069121923,-4720.781855467245,-4227.670941846737,2621.6132069121923,22.6011,-138.1541,4
1340,STARLINK-31906,satellite,0,18,42.9922,205.7064,84.3267,37.8035,122.1303,6861.1101,485.2398,5127.682069503604,-2244.875756959065,3959.1943062527134,-5002.272248843239,-2511.944051634929,3959.1943062527134,35.4408,-153.336,9
1341,STARLINK-31857,satellite,0,18,43.0075,205.2264,13.5834,306.5636,320.147,6863.8271,488.5368,-6136.48801234105,663.8264511591532,-2999.626218794161,4429.969978887971,4297.966573743365,-2999.626218794161,-26.0597,44.1335,4
1342,STARLINK-31851,satellite,0,18,42.9906,205.4718,76.3687,165.9153,242.284,6860.6085,493.3296,970.4875887303585,5385.334261922052,-4143.192485341725,3524.1116745748527,-4186.20450738332,-4143.192485341725,-37.3033,-49.908,10
1343,STARLINK-31903,satellite,0,8,43.0175,198.635,164.5552,37.1487,201.704,6866.3141,485.6346,5448.7368397516875,3795.568251153484,-1731.336151159995,-559.293400230081,-6616.816635701082,-1731.336151159995,-14.7008,-94.8315,4
1344,STARLINK-31922,satellite,0,18,42.989,205.2741,115.9067,182.9711,298.8777,6860.7186,494.0748,-4875.113739341225,2560.6195772580977,-4098.6290105185935,5083.925299330038,2115.9419041606498,-4098.6290105185935,-36.8316,22.5972,4
1345,STARLINK-31889,satellite,0,18,43.0207,206.0309,31.0052,323.6639,354.6691,6867.4647,483.6167,-6343.479430138921,-2579.451881211621,-434.94406530728827,2066.5172537093063,6528.614686761926,-434.94406530728827,-3.657,72.4357,4
1346,STARLINK-31859,satellite,0,8,43.0179,198.6878,132.7468,33.6181,166.3649,6867.0444,482.3006,6693.9162822100725,1016.0219686531908,1103.252018904371,-3493.36380160088,-5799.760786764198,1103.252018904371,9.3118,-121.0618,4
1347,STARLINK-31895,satellite,0,18,43.004,205.5259,154.0266,67.1488,221.1755,6863.6286,489.1548,3237.6261155874968,5207.778559505756,-3081.7360409419534,1939.5411541685007,-5817.332765148367,-3081.7360409419534,-26.8257,-71.5612,12
1348,STARLINK-31899,satellite,0,18,43.0168,205.5648,163.2168,36.7664,199.9832,6866.4627,485.1578,5077.691478411128,4329.7012084746975,-1599.8530207537297,88.6874627000307,-6672.435675115652,-1599.8530207537297,-13.5634,-89.2385,4
1349,STARLINK-31896,satellite,0,18,43.0174,205.5952,145.9229,32.8475,178.7704,6867.5079,482.5389,6232.503847753643,2866.11537229752,100.4421852672906,-1775.0579278148334,-6626.302958097058,100.4421852672906,0.8441,-104.9963,4
1350,STARLINK-31892,satellite,0,18,42.9821,205.8421,84.4828,354.9388,79.4216,6858.9669,487.6381,1016.3764042958874,-4986.066521771517,4594.8731292378325,-4485.8239213277975,2402.345541670358,4594.8731292378325,42.2591,151.8291,6
1351,STARLINK-31891,satellite,0,18,42.9933,205.913,93.1488,325.1613,58.3101,6861.0723,485.0663,-1374.7758685702854,-5411.927785347265,3978.129411738,-3286.3698007183702,4514.282287977042,3978.129411738,35.6367,126.0544,7
1352,STARLINK-31882,satellite,0,8,43.0234,198.6462,154.0648,33.4851,187.5498,6867.3562,483.6268,6234.345704669344,2799.2857353064196,-615.1154022250589,-1827.6586020524944,-6585.038422633737,-615.1154022250589,-5.1753,-105.5118,4
1353,STARLINK-31691,satellite,0,18,43.0193,205.1856,15.1915,326.1112,341.3026,6866.6395,485.0236,-6566.47982199614,-1310.6581995092356,-1500.796591241475,3185.2565767015185,5889.874591975875,-1500.796591241475,-12.7096,61.5954,4
1354,STARLINK-31569,satellite,0,18,43.0033,205.6488,105.2496,38.1107,143.3603,6864.3656,483.2672,6256.07877288675,-316.1912715864648,2791.3398118614855,-4238.848785837283,-4612.0125220555765,2791.3398118614855,24.1516,-132.5858,16
1355,STARLINK-31654,satellite,0,37,43.0185,201.8188,41.6472,318.0603,359.7075,6867.5708,483.5035,-6379.538275526609,-2526.465310536854,-23.90085389637395,2130.319134759741,6522.520675193879,-23.90085389637395,-0.2008,71.9125,3
1356,STARLINK-31442,satellite,0,81,43.0041,213.1209,31.5965,285.8307,317.4273,6863.4659,489.3871,-6088.11733543144,82.18468047337392,-3166.7363624893956,3951.5131805701876,4632.22091393161,-3166.7363624893956,-27.6256,49.5342,2
1357,STARLINK-31651,satellite,0,22,43.0131,209.2172,117.9033,35.0876,152.9909,6865.689,482.724,6445.020895704126,994.9977508228819,2124.8118919687618,-3350.5805889239577,-5594.812292412623,2124.8118919687618,18.1524,-120.9162,14
1358,STARLINK-31584,satellite,0,22,43.0116,209.1344,171.8114,37.4145,209.2259,6865.5648,486.9106,4038.4644018423287,5055.950743029339,-2285.6835604946536,1311.2439013119804,-6336.597831025634,-2285.6835604946536,-19.5672,-78.3087,6
1359,STARLINK-31950,satellite,0,22,42.9853,209.3213,78.4226,32.0925,110.5152,6859.6878,486.0934,4394.866717473113,-2918.6533637685598,4377.70578557659,-5052.709173346626,-1517.7354617222572,4377.70578557659,39.861,-163.2808,4
1360,STARLINK-31931,satellite,0,22,43.0208,209.59,43.379,327.8705,11.2494,6867.2554,481.9468,-5367.359418199743,-4172.9374774194375,913.0034690138962,216.9407917298586,6795.210887637911,913.0034690138962,7.6959,88.1714,4
1361,STARLINK-31938,satellite,0,22,42.9817,208.9673,89.4031,176.6859,266.089,6858.6007,495.1664,-2016.5202492015096,4609.390943562257,-4668.321436379641,4834.735894894843,-1392.1808835955317,-4668.321436379641,-43.0356,-16.064,4
1362,STARLINK-31941,satellite,0,20,43.026,191.5108,161.2545,21.1905,182.445,6867.4911,482.7285,6674.039439385543,1577.5108252691675,-199.70539626457403,-3048.6123924192007,-6143.06969870139,-199.70539626457403,-1.6784,-116.3938,2
1363,STARLINK-31952,satellite,0,22,42.9812,209.3909,86.9659,2.2433,89.2092,6858.6016,487.0387,2378.5800602911772,-4415.650733505775,4673.1512183551295,-4916.891165412088,989.846337073295,4673.1512183551295,43.1544,168.6176,4
1364,STARLINK-31921,satellite,0,7,43.0125,168.8759,16.251,321.1422,337.3932,6866.3255,485.7391,-5843.952911866192,3114.896727179551,-1799.4884652011717,6129.197363617657,2507.450285633912,-1799.4884652011717,-15.2928,22.2494,4
1365,STARLINK-31760,satellite,0,22,43.0082,209.5497,65.4959,326.9666,32.4626,6865.0248,482.6563,-3706.176075854513,-5195.299075704055,2510.8029289093347,-1630.691474018416,6169.904286762592,2510.8029289093347,21.5985,104.8046,5
1366,STARLINK-31945,satellite,0,18,43.0079,205.2181,78.05,319.7155,37.7655,6864.218,483.6914,-3596.1732735863025,-5088.542006639011,2864.886463423054,-1618.7986537240859,6017.0767724608,2864.886463423054,24.8279,105.058,4
1367,STARLINK-31937,satellite,0,37,43.0184,202.2771,125.49,36.3332,161.8232,6866.6825,482.4593,6623.96294429724,1022.8782775119669,1459.8867396052337,-3443.4111644119507,-5750.31169684148,1459.8867396052337,12.3624,-120.9141,5
1368,STARLINK-31940,satellite,0,37,42.9852,201.6479,102.5686,335.0285,77.5972,6859.0041,486.4825,438.2472702845555,-5095.400869137521,4564.80063169968,-4200.723557591501,2917.034843778022,4564.80063169968,41.9289,145.2234,6
1369,STARLINK-31933,satellite,0,22,43.0206,209.1844,142.0535,31.9424,173.9959,6867.5347,482.6199,6212.700049422449,2868.9938647639337,489.60815877099424,-1760.1949615262442,-6612.902645401973,489.60815877099424,4.1179,-104.9052,6
1370,STARLINK-31936,satellite,0,82,43.0182,176.9092,139.1168,33.2779,172.3948,6867.4582,482.622,6754.547904907054,-1029.5497493752919,619.4516130815175,-5106.122062978535,-4539.978806568025,619.4516130815175,5.2126,-138.3589,4
1371,STARLINK-31935,satellite,0,22,42.9935,209.5031,89.6485,324.159,53.8075,6861.6624,484.9225,-1530.5754334188218,-5516.463280938767,3773.3827819954213,-3267.3043216641727,4700.930839415268,3773.3827819954213,33.5543,124.8006,7
1372,STARLINK-31934,satellite,0,18,42.9835,205.5419,81.0969,175.2603,256.3573,6859.1048,494.9808,-643.1874761232355,5100.637845265363,-4547.556547800906,4335.641663211359,-2762.68129291471,-4547.556547800906,-41.672,-32.5054,4
1373,STARLINK-31926,satellite,0,8,43.0102,198.7674,67.433,317.3485,24.7815,6865.9879,482.7718,-5220.029716354527,-3994.1302101097667,1961.1724324352454,260.43567318717635,6567.644907808837,1961.1724324352454,16.7121,87.7292,4
1374,STARLINK-31919,satellite,0,22,42.9981,209.2571,93.9862,37.7914,131.7776,6862.5377,484.3268,5813.373467559904,-1030.0938756409107,3487.2432151620587,-4505.444672604275,-3815.412529211504,3487.2432151620587,30.7257,-139.7406,10
1375,STARLINK-31974,satellite,0,59,43.0226,56.6488,140.6074,34.3108,174.9182,6867.5427,482.563,-4128.0453769786245,-5464.01458497781,414.62519706628115,-1568.0302178575628,6666.145457093656,414.62519706628115,3.4865,103.2367,4
1376,STARLINK-31975,satellite,0,59,43.0187,56.666,125.175,35.5217,160.6967,6866.6868,482.3093,-4942.525171410179,-4497.6746784163815,1546.9657462631615,-304.266497453826,6675.70629082933,1546.9657462631615,13.1127,92.6096,4
1377,STARLINK-31976,satellite,0,19,43.0121,60.5572,22.17,303.1217,325.2916,6864.6963,488.266,5261.746812163528,3508.6576415301333,-2665.776709296305,-660.6423839826668,-6289.690739715789,-2665.776709296305,-22.9843,-95.9961,4
1378,STARLINK-31965,satellite,0,59,42.9825,56.8294,80.4618,16.701,97.1628,6858.6042,486.9041,-4632.7196529114235,2006.995016608404,4637.24897470208,4503.111149150061,2283.004677516699,4637.24897470208,42.7453,26.8843,11
1379,STARLINK-31969,satellite,0,74,43.023,53.1769,154.5919,31.7642,186.3561,6867.5214,483.446,-3642.567903447179,-5791.607849117099,-518.2826891206065,-2130.165967564908,6501.800932034648,-518.2826891206065,-4.359,108.1402,3
1380,STARLINK-31951,satellite,0,59,42.9844,56.4595,85.5116,174.3314,259.843,6858.9138,495.4145,3450.774139367471,-3739.7551409358744,-4606.458087673193,-5081.5741291441755,-266.8614717343431,-4606.458087673193,-42.3308,-176.9938,9
1381,STARLINK-31949,satellite,0,59,43.0202,56.609,158.0949,38.1101,196.205,6866.9088,484.6554,-2457.476103022789,-6272.24260371287,-1306.5285520515458,-3256.8845745567987,5896.856700376299,-1306.5285520515458,-11.0432,118.9122,4
1382,STARLINK-31977,satellite,0,58,42.9946,49.393,95.8998,208.1623,304.0621,6861.3206,492.0075,5659.210043626683,211.64966189488436,-3877.294377175984,-3451.4838344119757,-4489.845569511065,-3877.294377175984,-34.5643,-127.5506,4
1383,STARLINK-31963,satellite,0,59,42.9935,56.7633,83.8179,34.3743,118.1921,6860.7528,485.6808,-5472.109324603279,-286.6419291794334,4120.626232306142,3274.2836147244006,4393.76955088921,4120.626232306142,37.1148,53.3061,5
1384,STARLINK-31961,satellite,0,58,43.0171,49.6811,164.9222,40.1234,205.0456,6865.9788,486.2261,-2403.2913181895497,-6114.808435804852,-1981.969249566561,-3170.3474642378314,5754.614524247145,-1981.969249566561,-16.8857,118.8514,8
1385,STARLINK-31964,satellite,0,59,43.0031,56.28,39.8835,276.544,316.4274,6863.3096,489.7347,5637.835587407082,2215.292984782491,-3226.4258351404483,-1896.0610227127006,-5753.057075782401,-3226.4258351404483,-28.19,-108.2409,4
1386,STARLINK-31905,satellite,0,74,43.0017,53.2712,92.8113,37.0718,129.8831,6862.3578,484.5151,-5713.413575939588,-1222.6642539005582,3588.5048484321037,2708.142135267842,5177.254942793906,3588.5048484321037,31.7171,62.3866,5
1387,STARLINK-31928,satellite,0,59,42.998,56.9681,88.2406,326.3893,54.6299,6861.5909,484.8047,-1264.6684276888734,5556.270058322321,3812.7984800357085,5083.162141458594,-2575.4583740849425,3812.7984800357085,33.952,-26.8697,6
1388,STARLINK-31953,satellite,0,74,43.0193,53.2219,114.5549,36.5573,151.1122,6865.5197,482.928,-5535.816256254975,-3359.5823817882024,2260.5655981210175,950.3922535868535,6405.373522860367,2260.5655981210175,19.3554,81.5604,3
1389,STARLINK-31942,satellite,0,59,42.9923,56.5265,78.8105,159.8313,238.6418,6861.0523,492.7697,1606.0010428195958,-5343.867670624547,-3996.6623419097596,-5137.719408303174,2177.1541774134253,-3996.6623419097596,-35.7814,157.0348,19
1390,STARLINK-31676,satellite,0,59,43.0025,56.7069,102.5011,37.079,139.5801,6863.8753,483.1272,-5583.403945076715,-2578.7635914998887,3032.3168032100825,1581.612533209809,5943.309100958596,3032.3168032100825,26.3876,75.098,5
1391,STARLINK-31908,satellite,0,58,43.0037,49.637,108.5036,117.5651,226.0687,6863.0424,491.2476,-329.6302430475127,-5969.987392517893,-3371.6370290072277,-4383.286740684728,4066.473031128031,-3371.6370290072277,-29.572,137.1472,18
1392,STARLINK-31914,satellite,0,59,42.9854,56.8971,100.7207,335.1468,75.8675,6859.1674,486.2303,-3159.449541773453,4057.8967387852267,4532.362273322345,5140.319922113401,-160.4943861333978,4532.362273322345,41.5671,-1.7883,18
1393,STARLINK-31850,satellite,0,59,42.9836,56.3507,94.4326,193.6773,288.1098,6859.5314,494.4569,5154.868160460799,-868.3779573676699,-4447.710120775037,-3960.4419131466448,-3411.9856214770152,-4447.710120775037,-40.5685,-139.2546,4
1394,STARLINK-31924,satellite,0,59,43.0086,56.5758,153.3487,64.0501,217.3988,6864.2987,488.8061,-459.2780238794649,-6229.669508326261,-2843.3439557147485,-4500.306373213508,4332.08506765535,-2843.3439557147485,-24.6093,136.0911,17
1395,STARLINK-31898,satellite,0,74,43.0241,53.1998,132.4275,32.826,165.2535,6866.9991,482.1922,-4995.916439397431,-4547.162784966009,1191.3676189394794,-308.24762238738026,6748.396392159685,1191.3676189394794,10.063,92.6153,4
1396,STARLINK-31861,satellite,0,58,42.9865,49.5263,80.5325,173.9699,254.5024,6859.337,495.083,2490.215343519455,-4535.843812518378,-4509.873116548108,-5080.67548500724,980.7079915588643,-4509.873116548108,-41.2512,169.0747,12
1397,STARLINK-31872,satellite,0,62,42.9869,264.1366,75.3796,171.0447,246.4243,6860.0075,493.8633,-4297.2258356937045,3200.909388505474,-4289.217811336964,5207.540787107486,1262.33503753476,-4289.217811336964,-38.8507,13.626,4
1398,STARLINK-31972,satellite,0,62,43.017,263.8672,20.0996,325.3328,345.4324,6867.0212,484.4864,-1964.2258023140012,-6468.56361644053,-1177.4642762556775,-3722.9726545965395,5642.691988363414,-1177.4642762556775,-9.941,123.4163,4
1399,STARLINK-31958,satellite,0,86,42.9954,249.2359,93.0931,214.1983,307.2914,6861.9354,491.8374,-5208.70526965789,-2472.47548181074,-3723.718830002337,1424.0922496027165,5587.101830013356,-3723.718830002337,-33.0188,75.7004,4
1400,STARLINK-31959,satellite,0,72,43.0139,259.9204,117.446,35.2847,152.7307,6865.7066,482.6975,3329.273015070904,5600.23448560095,2143.7315220145415,2182.9979920899955,-6138.501842398069,2143.7315220145415,18.3197,-70.4234,18
1401,STARLINK-31957,satellite,0,62,43.023,263.4142,152.364,31.1827,183.5467,6867.5455,483.3056,477.16399364364344,6838.6630639306495,-289.6049763231819,4957.494069410221,-4734.7914981086315,-289.6049763231819,-2.4342,-43.6837,8
1402,STARLINK-31968,satellite,0,62,43.0037,263.4803,109.576,31.6222,141.1982,6864.0665,482.4306,3728.530008975058,4952.181329118179,2930.455704928576,1429.3395377975203,-6031.834250871207,2930.455704928576,25.4405,-76.6687,57
1403,STARLINK-31970,satellite,0,62,43.0192,263.8341,37.8864,328.6963,6.5828,6867.5122,482.3919,-160.32776121910487,-6837.503340470765,536.5601776232851,-5158.954201007713,4490.250379864275,536.5601776232851,4.5137,138.9643,5
1404,STARLINK-31932,satellite,0,72,42.9949,260.6039,68.851,167.8983,236.7493,6861.3007,493.0873,-3527.8511986595327,4398.6517381490885,-3914.591858752756,5637.811077530776,-94.64379259499877,-3914.591858752756,-34.9377,-0.9618,4
1405,STARLINK-31956,satellite,0,62,43.0031,263.7758,78.4903,323.4933,41.9836,6863.5509,483.8637,2782.2040992175725,-5431.115947828927,3128.5915934896852,-5956.056438462979,1327.8071359608134,3128.5915934896852,27.2894,167.4323,4
1406,STARLINK-31960,satellite,0,62,42.9967,263.5174,89.9812,37.0551,127.0363,6861.8333,484.917,4443.875284948063,3651.5580384144705,3732.610682264853,-28.336087138121272,-5751.617226680446,3732.610682264853,33.1454,-90.2823,107
1407,STARLINK-31432,satellite,0,62,43.0127,263.8751,9.2258,329.1103,338.3361,6866.3314,485.1295,-2522.0974105132104,-6143.184731667057,-1728.0162066589078,-3116.305164209614,5864.15689754505,-1728.0162066589078,-14.6731,117.9869,5
1408,STARLINK-31853,satellite,0,62,43.0123,263.8126,54.5453,326.1953,20.7406,6866.4671,482.3032,1074.4487461164551,-6568.735867332887,1657.01927516954,-5740.751642830623,3368.456854132804,1657.01927516954,14.0637,149.5972,5
1409,STARLINK-31971,satellite,0,72,43.0097,260.6085,162.6597,52.9906,215.6503,6864.5346,488.024,-1975.6676145802733,5979.141078556937,-2728.40487364345,5862.645653596067,-2298.429137685013,-2728.40487364345,-23.5568,-21.4075,4
1410,STARLINK-31962,satellite,0,62,42.981,264.0886,85.4973,175.1294,260.6267,6858.8742,495.2862,-4812.84042092598,1622.1692137041375,-4616.907230122665,4322.03081893038,2667.379889592866,-4616.907230122665,-42.45,31.6812,4
1411,STARLINK-31879,satellite,0,62,43.0165,264.2381,166.3103,37.7126,204.0229,6866.1017,485.9866,-1403.053028923453,6441.4629237191875,-1905.8996805351062,5852.685510383225,-3034.3161859256647,-1905.8996805351062,-16.2203,-27.4044,10
1412,STARLINK-31876,satellite,0,62,42.9896,263.7179,99.8882,323.3113,63.1995,6860.4569,485.837,4111.185514896919,-3562.539087996201,4172.7227359102535,-5366.991467696927,-888.2193856629244,4172.7227359102535,37.6627,-170.6029,4
1413,STARLINK-31955,satellite,0,62,42.9856,263.5802,76.8071,28.9922,105.7993,6859.2656,486.7397,5004.060853417638,1315.3090257800757,4497.694398826868,-2183.814010553478,-4690.5883666460995,4497.694398826868,41.1769,-114.9654,86
1414,STARLINK-31946,satellite,0,62,43.0029,264.1925,127.2046,98.0013,225.2059,6863.0854,490.1749,-3054.2994961982404,5171.196740203381,-3321.845518666127,5929.830812782917,-952.4325016174034,-3321.845518666127,-29.0987,-9.1248,4
1415,STARLINK-31948,satellite,0,72,42.9844,260.5354,81.4849,176.5061,257.991,6858.9622,495.0318,-4609.450054145059,2216.2199565318724,-4577.2061766644565,4649.244912287472,2131.474241682754,-4577.2061766644565,-42.0041,24.6294,4
1416,STARLINK-31900,satellite,0,62,43.0209,263.438,129.4841,32.9391,162.4232,6866.7667,482.1819,2251.8050745735773,6323.251899045299,1413.2677808230478,3427.4905034390413,-5771.174015873242,1413.2677808230478,11.9623,-59.294,10
1417,STARLINK-31973,satellite,0,62,42.9904,263.9572,98.2576,204.731,302.9886,6861.2468,492.331,-4580.995784064956,-3272.8931763193773,-3925.5075872034954,407.2868736221291,5615.288907954243,-3925.5075872034954,-35.0536,85.8515,4
1418,STARLINK-31966,satellite,0,62,43.0059,263.8991,10.9572,313.2598,324.2171,6864.5015,487.9114,-3509.4754795470694,-5223.831499904463,-2736.9528975221597,-1778.272698241669,6036.768994389676,-2736.9528975221597,-23.6354,106.4136,8
1419,STARLINK-32302,satellite,0,50,42.9824,85.5026,85.9516,179.6083,265.5599,6858.808,495.6014,4949.175338883674,-922.3035288967625,-4665.536905110366,-3870.567777048817,-3219.267838764139,-4665.536905110366,-43.0004,-140.2487,4
1420,STARLINK-32364,satellite,0,50,43.0122,85.6574,166.4371,42.7658,209.2028,6865.4505,487.0096,1987.720440153463,-6158.688194703536,-2284.1002903590406,-6008.5020337669275,2403.825313537418,-2284.1002903590406,-19.5528,158.1951,9
1421,STARLINK-32331,satellite,0,52,43.0052,89.2343,104.1499,36.9295,141.0794,6864.0702,483.5249,-3221.6537414049735,-5292.845798438282,2938.547844183615,-2015.2000536205278,5859.371828058214,2938.547844183615,25.5113,108.9795,5
1422,STARLINK-32398,satellite,0,50,43.0079,85.7627,108.2749,37.2364,145.5113,6864.7324,483.1379,-3249.6257750563987,-5427.41570920893,2648.820225278073,-2100.884673886466,5966.84108599414,2648.820225278073,22.8481,109.3968,5
1423,STARLINK-32365,satellite,0,50,42.9863,85.5487,76.7994,174.7475,251.5469,6859.5201,494.4097,4579.693962656539,-2535.5945938739387,-4439.128397394439,-4875.9944137433795,-1904.6036892799639,-4439.128397394439,-40.4745,-158.664,4
1424,STARLINK-32333,satellite,0,52,42.982,89.4306,98.535,338.8023,77.3373,6859.065,486.5549,-4877.895197053323,1551.2911975356353,4559.98683350703,4309.03958446372,2762.705882375493,4559.98683350703,41.8742,32.6656,9
1425,STARLINK-32399,satellite,0,84,43.0219,78.3334,39.5263,326.8118,6.3381,6867.5803,482.4987,836.5674498112287,6789.682802816319,516.7325291784051,4690.265779709877,-4980.064716108198,516.7325291784051,4.3465,-46.7165,7
1426,STARLINK-32421,satellite,0,50,42.9871,85.855,77.6552,32.4494,110.1046,6859.7007,486.2131,-4867.328059052237,-2009.9434452816486,4389.526214417487,1561.9772882119034,5029.0140225274845,4389.526214417487,39.9892,72.7456,4
1427,STARLINK-32403,satellite,0,50,43.0194,85.7254,132.2985,34.3989,166.6974,6867.1723,482.2048,-1648.3822172089876,-6571.167610983928,1076.856547469895,-4003.6433470203433,5465.18505226628,1076.856547469895,9.0873,126.2255,5
1428,STARLINK-32390,satellite,0,50,42.9871,85.9965,98.7655,328.8083,67.5738,6859.9485,485.8066,-4441.6265478502655,2932.560384142437,4320.752304170652,5093.27431688667,1544.8344669098128,4320.752304170652,39.2449,16.873,14
1429,STARLINK-32348,satellite,0,52,42.9902,89.2886,84.0808,35.7734,119.8541,6860.859,485.4356,-4391.539817711033,-3358.6395569511637,4054.581812329335,220.3073184063962,5524.268850220375,4054.581812329335,36.4261,87.7163,4
1430,STARLINK-32455,satellite,0,52,43.0105,89.5473,71.7389,323.0889,34.8278,6864.6806,482.942,-2819.3533032371042,5651.8466365099375,2671.6257523202867,6149.631125708534,-1440.1945940807648,2671.6257523202867,23.0566,-13.1807,5
1431,STARLINK-32396,satellite,0,52,42.9819,89.3585,80.3471,18.2628,98.6099,6858.8278,486.9114,-4969.795034755413,-970.7089795998227,4621.049609086977,2427.093853671996,4444.1370406438755,4621.049609086977,42.5611,61.3596,3
1432,STARLINK-32355,satellite,0,52,43.0183,89.5742,54.9762,325.7265,20.7027,6866.4829,482.377,-1725.177803389392,6429.3441724704535,1654.3299263602937,6049.090456217656,-2778.7064605466508,1654.3299263602937,14.0403,-24.6721,4
1433,STARLINK-32370,satellite,0,50,42.9873,85.4299,102.31,184.494,286.804,6859.4399,494.7931,4949.330283380025,1595.0238135252018,-4480.147007481689,-1933.6233768604723,-4827.118380167798,-4480.147007481689,-40.9238,-111.8298,4
1434,STARLINK-32405,satellite,0,52,43.0222,89.604,32.2062,327.253,359.4593,6867.5949,482.6903,94.75541789774981,6860.029843145183,-44.1750548769919,5218.166810971846,-4454.180415175772,-44.1750548769919,-0.3712,-40.4838,7
1435,STARLINK-32419,satellite,0,50,42.9824,85.9241,89.764,359.0771,88.8411,6858.6453,486.6605,-4991.187055098623,494.6602104664639,4672.489506040077,3568.3344977269035,3524.7164219458673,4672.489506040077,43.1498,44.6477,5
1436,STARLINK-32320,satellite,0,52,43.0181,89.6336,18.2232,320.0036,338.2268,6866.3805,485.6706,1901.8341357595798,6360.829568448914,-1736.6204618535696,3679.92045228438,-5525.876522657152,-1736.6204618535696,-14.7465,-56.3386,11
1437,STARLINK-32341,satellite,0,50,42.999,85.792,93.6335,37.7365,131.37,6862.5431,484.3412,-4085.836119863093,-4243.457874140953,3509.3457428529982,-655.7888551077342,5854.138066829585,3509.3457428529982,30.9413,96.3917,4
1438,STARLINK-32339,satellite,0,50,43.001,85.3672,91.7081,216.4134,308.1214,6862.0617,491.6402,4278.292306082155,3904.31306086941,-3682.604305675556,271.90709733094013,-5785.629789744439,-3682.604305675556,-32.6105,-87.3093,10
1439,STARLINK-32327,satellite,0,50,42.9972,85.6072,99.2665,131.0841,230.3507,6862.293,491.1834,3518.283369981181,-4662.622823261371,-3603.880678294703,-5834.821983097265,270.59543427204136,-3603.880678294703,-31.8339,177.3448,10
1440,STARLINK-32337,satellite,0,50,43.0209,85.6899,155.3129,32.619,187.9319,6867.4351,483.4311,179.54866598893724,-6828.539893974948,-645.9950335620276,-5369.124480225752,4222.99622577458,-645.9950335620276,-5.436,141.8138,5
1441,STARLINK-32362,satellite,0,44,43.017,158.0268,162.8095,33.1468,195.9563,6866.8935,484.5875,6634.404681973424,-1189.5940263801688,-1286.9187011870913,-5152.542200756753,-4345.315673367244,-1286.9187011870913,-10.8755,-139.8579,4
1442,STARLINK-32472,satellite,0,44,43.0141,158.5209,26.85,309.4717,336.3217,6866.2442,486.4866,-5110.822338791843,4176.74733243713,-1880.2148349773024,6478.048968106162,1265.1501193665126,-1880.2148349773024,-15.9947,11.0507,3
1443,STARLINK-32352,satellite,0,44,43.0012,157.9723,135.6909,88.5518,224.2427,6863.1818,489.8703,5871.2147145439,1402.2918785379682,-3265.7645662305986,-2670.7037522289856,-5413.402460996261,-3265.7645662305986,-28.5639,-116.2594,3
1444,STARLINK-32427,satellite,0,44,43.0032,158.1199,101.1644,38.0711,139.2356,6863.8167,483.9373,3599.596354825422,-4974.470398939996,3054.048560104635,-6126.715569902011,407.1928205690543,3054.048560104635,26.5879,176.1976,4
1445,STARLINK-32346,satellite,0,44,42.9889,158.1737,81.6852,36.5115,118.1966,6860.5658,485.658,1363.9430117277034,-5307.539607339299,4120.085113347287,-4955.171313599385,2340.2124851384738,4120.085113347287,37.1093,154.7197,6
1446,STARLINK-32330,satellite,0,7,43.0187,168.8771,28.1513,323.1587,351.31,6867.438,483.5206,-6509.032908818569,2052.188964248459,-707.2650796497206,5736.224602583944,3697.934053194696,-707.2650796497206,-5.9532,32.8084,4
1447,STARLINK-32379,satellite,0,44,42.9877,157.9158,75.4578,169.9675,245.4253,6860.1595,494.0317,4361.861260363589,3157.931017777687,-4256.1814465340885,-355.7946628376149,-5373.24595804057,-4256.1814465340885,-38.4958,-93.7884,6
1448,STARLINK-32433,satellite,0,7,43.0088,168.9124,14.8851,315.3094,330.1945,6865.4681,487.2239,-5364.185646342199,3593.127234537441,-2326.85299798869,6190.7771069388655,1832.84745251753,-2326.85299798869,-19.9332,16.492,4
1449,STARLINK-32394,satellite,0,7,43.0005,168.9427,48.5816,267.5268,316.1084,6863.3456,490.082,-4186.890328988982,4364.050629645217,-3245.2365438327215,6032.091941565171,434.57488835965677,-3245.2365438327215,-28.3673,4.1207,4
1450,STARLINK-32486,satellite,0,7,42.9878,168.9999,96.4946,198.3355,294.8301,6860.3116,494.7227,-1960.1167894147566,5023.5930718844,-4247.92255414403,5117.434875280722,-1700.119253844017,-4247.92255414403,-38.4031,-18.3776,4
1451,STARLINK-32391,satellite,0,7,42.9858,169.0698,87.738,185.985,273.723,6858.7172,495.0568,512.4019333709801,5003.654173949722,-4669.621851054924,3522.9786369379062,-3589.9487959420703,-4669.621851054924,-43.0513,-45.5394,6
1452,STARLINK-32483,satellite,0,7,42.983,169.1395,77.4264,175.045,252.4714,6859.5048,494.9688,2932.488685328112,4312.989626843805,-4462.479565444295,1445.8961934486717,-5011.063121595088,-4462.479565444295,-40.7274,-73.905,12
1453,STARLINK-32451,satellite,0,7,43.0148,169.2534,154.5166,55.5049,210.0215,6865.4114,487.779,6306.562479807055,1358.6859059111878,-2342.584827851087,-2982.299658392307,-5720.545992314453,-2342.584827851087,-20.0719,-117.5344,4
1454,STARLINK-32556,satellite,0,7,43.0018,169.204,93.3339,137.9312,231.2651,6862.1833,491.3386,4951.949436233993,3041.66934397757,-3651.4035082142723,-822.1254103934392,-5753.057050533787,-3651.4035082142723,-32.3026,-98.1326,4
1455,STARLINK-32466,satellite,0,7,43.0184,169.2788,150.8081,45.0701,195.8782,6867.0065,485.4875,6741.182640110368,120.84509194367931,-1280.9850033818605,-4212.375587009744,-5264.412487404134,-1280.9850033818605,-10.8233,-128.6654,4
1456,STARLINK-32316,satellite,0,43,42.9862,165.5701,97.4149,187.7085,285.1234,6859.3402,495.1613,-526.4099840663262,5140.593077354165,-4517.944827032608,4291.804768435652,-2878.05776312764,-4517.944827032608,-41.3403,-33.8456,4
1457,STARLINK-32415,satellite,0,7,43.0154,169.342,114.8063,38.948,153.7543,6865.7198,482.9576,5635.693800280882,-3317.3585775229394,2069.2733608104772,-6151.980529853089,-2217.8927166790318,2069.2733608104772,17.6617,-160.1749,9
1458,STARLINK-32393,satellite,0,7,43.0194,169.3078,135.8333,38.8988,174.7321,6867.5839,482.5619,6627.582360767514,-1720.0311335231104,429.7421897849164,-5556.3479349741965,-4001.2938750551016,429.7421897849164,3.6137,-144.2412,4
1459,STARLINK-32324,satellite,0,7,42.9869,169.4398,78.5485,32.6602,111.2087,6859.7508,486.2095,1581.3094050127531,-5050.67401272816,4357.813189260645,-4896.34184222979,2008.901187529927,4357.813189260645,39.6437,157.6923,6
1460,STARLINK-32318,satellite,0,7,42.9826,169.5566,100.2828,335.4782,75.761,6859.1269,486.354,-2539.311756079959,-4474.715248387235,4530.077739179065,-1821.4502130698074,4811.808378356632,4530.077739179065,41.5406,110.7335,4
1461,STARLINK-32401,satellite,0,7,42.9969,169.6234,89.2785,325.2087,54.4871,6861.6064,484.7531,-4652.788333778542,-3297.7112022121023,3805.947170603492,434.0412559162865,5686.382561902031,3805.947170603492,33.8832,85.6351,4
1462,STARLINK-32588,satellite,0,7,42.9804,169.5093,93.143,356.753,89.896,6858.5896,487.1301,-925.390573823904,-4929.147805521628,4673.57920627511,-3201.8853797826146,3860.1523049661073,4673.57920627511,43.1586,129.6747,7
1463,STARLINK-32569,satellite,0,7,43.0088,169.6701,67.3637,325.8805,33.2442,6864.8578,482.9752,-6135.743604730518,-1676.1890741084922,2564.511061696126,2628.889816694963,5791.882053946684,2564.511061696126,22.083,65.5871,5
1464,STARLINK-32303,satellite,0,81,43.0158,212.9694,53.9219,327.1664,21.0883,6866.2809,482.0985,-4387.0412111865335,-4996.444116859198,1683.595635230034,-1042.830352015005,6566.817285295987,1683.595635230034,14.2944,99.0234,4
1465,STARLINK-32434,satellite,0,81,42.9952,213.3369,92.306,140.318,232.624,6861.7599,491.4055,1288.4706186128628,5622.350503563192,-3719.289065922,3503.406962474796,-4582.261600479508,-3719.289065922,-32.977,-52.6,16
1466,STARLINK-32460,satellite,0,81,43.022,212.574,144.3133,32.5758,176.8891,6867.3954,482.4941,5919.433894285286,3458.8481657378125,254.01997577388292,-1119.0123431031523,-6763.958873206141,254.01997577388292,2.1352,-99.3938,5
1467,STARLINK-32559,satellite,0,81,42.98,212.7534,79.246,19.7784,99.0245,6858.6802,486.9242,3584.1570173536034,-3583.928794703023,4615.733253373789,-5046.855339182514,-469.01846009670925,4615.733253373789,42.5007,-174.6906,4
1468,STARLINK-32541,satellite,0,24,42.9877,216.747,75.5977,173.8232,249.4209,6859.6069,493.9716,-878.9621152090999,5209.528650770151,-4381.107808142113,4570.012645454245,-2650.8013097092394,-4381.107808142113,-39.8431,-30.1156,4
1469,STARLINK-32544,satellite,0,81,42.9932,212.8918,91.6905,324.6381,56.3286,6861.3222,484.817,-925.4552625397428,-5568.672829090051,3890.857809119,-3693.9484008318377,4268.644952722141,3890.857809119,34.7439,130.8719,7
1470,STARLINK-32555,satellite,0,24,43.0227,216.8851,154.0432,31.7724,185.8156,6867.3656,483.0984,5154.507502951897,4503.465055372749,-474.33915638311896,173.33619861145465,-6842.52144060958,-474.33915638311896,-3.989,-88.5489,4
1471,STARLINK-32547,satellite,0,81,43.0212,212.5861,138.4826,31.3391,169.8217,6867.1564,482.4354,6166.705869305768,2889.77620798709,827.104137416408,-1714.8283611569723,-6590.783830664615,827.104137416408,6.9676,-104.5842,12
1472,STARLINK-32616,satellite,0,81,43.0167,213.0303,9.7322,328.9589,338.691,6866.1984,484.979,-6353.295829130793,-1956.0207002097898,-1701.1350689582068,2552.507033322944,6138.003968468644,-1701.1350689582068,-14.4402,67.4199,4
1473,STARLINK-32605,satellite,0,81,42.9795,212.8215,100.7127,337.0523,77.7651,6858.8421,487.1514,1435.9203804380852,-4906.743403815003,4567.670023096892,-4692.7345048375955,2028.8521476308074,4567.670023096892,41.9561,156.6193,6
1474,STARLINK-32579,satellite,0,24,42.982,216.6748,88.1834,182.4633,270.6466,6858.4906,495.3719,-3060.9331406155206,3980.635214900275,-4679.048804893322,5017.949335035469,-186.95688390548565,-4679.048804893322,-43.1567,-2.1337,4
1475,STARLINK-32537,satellite,0,24,43.0247,216.9055,140.1804,31.4049,171.5853,6867.1551,482.5756,5867.514406439394,3488.4783494172702,685.0056027430247,-1063.0531777858653,-6742.931443024336,685.0056027430247,5.7661,-98.9592,10
1476,STARLINK-32564,satellite,0,24,43.0122,216.8458,161.188,45.8262,207.0142,6865.602,486.1643,3525.6660846709838,5489.923553529946,-2126.2065268968818,1972.6859133939954,-6219.17134763941,-2126.2065268968818,-18.1553,-72.4013,7
1477,STARLINK-32536,satellite,0,24,43.0152,216.934,116.1281,34.3277,150.4558,6865.2558,482.938,6255.366814182472,1608.877006990436,2307.144977743778,-2757.0846552485677,-5840.940284525323,2307.144977743778,19.7704,-115.2686,23
1478,STARLINK-32624,satellite,0,81,43.0163,212.5274,173.1906,32.059,205.2496,6865.7968,485.8545,4082.1609848330672,5141.760321061525,-1996.9179317141268,1349.365486362716,-6425.025314311929,-1996.9179317141268,-17.0179,-78.1393,5
1479,STARLINK-32622,satellite,0,81,43.0186,212.5944,129.0944,33.6501,162.7444,6866.6371,482.2551,6320.456140761742,2275.4498557427014,1388.1904029604682,-2285.737786398149,-6316.74288261949,1388.1904029604682,11.7469,-109.8929,10
1480,STARLINK-32620,satellite,0,81,43.02,212.9969,30.9132,328.9755,359.8887,6867.4519,482.3364,-5759.173953165157,-3727.9923925146513,-9.09118382553455,809.5575696152943,6812.534656274541,-9.09118382553455,-0.0764,83.2231,4
1481,STARLINK-32609,satellite,0,81,43.0014,212.9257,77.915,324.4367,42.3517,6863.3572,483.5059,-2417.258334992527,-5590.235282612164,3150.5745299953564,-2757.776506565639,5430.3348987781,3150.5745299953564,27.4985,116.9236,6
1482,STARLINK-32567,satellite,0,22,43.0101,209.5879,15.774,306.1347,321.9087,6863.9988,488.3489,-6225.407482948511,25.281973458577536,-2887.9238238487133,3995.4099979375906,4774.205321863903,-2887.9238238487133,-25.0228,50.0749,4
1483,STARLINK-32420,satellite,0,81,42.9889,212.6835,84.2503,36.0402,120.2905,6860.7475,485.4487,5249.054669661953,-1777.4500542321928,4036.6939228975857,-4720.112153533365,-2903.867228104032,4036.6939228975857,36.2401,-148.3997,6
1484,STARLINK-32354,satellite,0,24,43.0007,216.8024,105.0824,123.149,228.2314,6862.4497,490.8268,1418.0045562720518,5736.476601688409,-3491.2064446657228,3508.4962618748477,-4754.8243609766605,-3491.2064446657228,-30.7319,-53.5771,16
1485,STARLINK-32361,satellite,0,81,43.0066,213.3483,162.9054,55.5831,218.4885,6864.0463,488.52,2770.2544071122197,5562.062393405223,-2913.2500596044083,2510.6513368180467,-5683.966697051546,-2913.2500596044083,-25.2566,-66.1686,14
1486,STARLINK-32500,satellite,0,24,42.9873,216.5976,99.5624,192.2305,291.7929,6859.7689,492.9681,-4824.384446844469,2223.274457407245,-4344.6992024157635,4791.944521363308,2292.3573691923484,-4344.6992024157635,-39.4548,25.5654,4
1487,STARLINK-32499,satellite,0,71,42.9791,110.6804,80.5094,12.2715,92.781,6858.5619,486.9185,-4569.083328952237,-2080.229390683508,4667.8407677119685,1317.414610500262,4844.40868722006,4667.8407677119685,43.0945,74.7866,4
1488,STARLINK-32372,satellite,0,71,42.9993,110.8145,85.0307,325.3001,50.3308,6862.2531,483.9861,-5163.102368656726,2719.4992980025936,3599.210896948784,5390.109255720416,2236.0735033675437,3599.210896948784,31.8253,22.531,7
1489,STARLINK-32452,satellite,0,27,43.0206,103.9883,27.0527,328.4739,355.5266,6867.3413,482.9891,-1273.7892871642543,6731.892747877599,-365.1001957984301,5993.610288206821,-3319.2702255349395,-365.1001957984301,-3.0694,-28.9777,7
1490,STARLINK-32458,satellite,0,13,43.0004,96.711,94.2201,37.5271,131.7473,6862.5876,484.0384,-3182.160661591469,-4971.39018407428,3488.8923135297605,-1793.067956552436,5623.679768770198,3488.8923135297605,30.7432,107.6845,4
1491,STARLINK-32487,satellite,0,71,42.9863,111.1855,75.4363,172.3206,247.7569,6859.7719,493.7066,5271.843474410832,-743.0537553116424,-4331.335880461211,-3938.715085232076,-3582.0365686765513,-4331.335880461211,-39.3053,-137.7153,4
1492,STARLINK-32513,satellite,0,13,43.0213,96.602,160.6221,34.8017,195.4238,6866.9352,484.5262,2085.915313257774,-6417.556883014922,-1245.1348421715988,-6270.41109681958,2493.596542686357,-1245.1348421715988,-10.5185,158.3134,6
1493,STARLINK-32514,satellite,0,27,43.0146,104.0176,10.4896,323.6748,334.1643,6865.8316,486.0114,625.4482556076356,6522.067688114168,-2040.0806991244137,4619.174850101621,-4646.695186148344,-2040.0806991244137,-17.3967,-45.1702,14
1494,STARLINK-32498,satellite,0,13,42.9813,96.3976,89.899,183.2875,273.1865,6858.6349,495.8525,4940.080082324431,937.8481533294935,-4672.399944228357,-2433.4018079364214,-4400.284765741173,-4672.399944228357,-43.0769,-118.943,4
1495,STARLINK-32518,satellite,0,27,43.0158,104.2024,152.4954,40.5587,193.0541,6867.1039,484.686,2738.8096907101913,-6202.592629423045,-1057.4051237053175,-6521.980944381019,1853.914347976197,-1057.4051237053175,-8.9186,164.1319,5
1496,STARLINK-32471,satellite,0,27,43.0121,103.9375,66.191,324.7578,30.9488,6864.9718,482.9491,-3919.872764855883,5087.622433748281,2406.0229354183907,6418.333906008343,-233.01157057402787,2406.0229354183907,20.6548,-2.0792,5
1497,STARLINK-32450,satellite,0,27,43.0209,103.9691,43.0653,326.6042,9.6695,6867.1556,482.0941,-2449.9496450283054,6359.1390181240795,786.128111114842,6457.955819135778,-2176.1684110134347,786.128111114842,6.6212,-18.6225,4
1498,STARLINK-32613,satellite,0,71,43.007,111.3758,107.742,40.9798,148.7218,6865.1083,482.9239,-288.3612881597925,-6407.418766282907,2428.7955539215905,-4746.24030369276,4314.089760149412,2428.7955539215905,20.8592,137.7308,6
1499,STARLINK-32610,satellite,0,71,43.0186,111.3108,160.9987,30.1858,191.1845,6867.1236,483.7175,3352.8222441363678,-5917.263342168907,-907.99902711631,-6694.573519589517,1199.2113459113016,-907.99902711631,-7.6515,169.8442,5
1500,STARLINK-32612,satellite,0,71,43.0185,111.3393,137.1167,32.8585,169.9752,6867.2062,482.2505,1644.9673572306435,-6609.924626960245,814.7018575211861,-6136.8165616870565,2955.757714809073,814.7018575211861,6.8628,154.2825,5
1501,STARLINK-32601,satellite,0,71,42.9824,110.7486,97.4093,334.1924,71.6018,6859.4903,486.1325,-5216.621282903277,337.4692766221676,4434.868707667627,3591.3557441076764,3798.5769758118777,4434.868707667627,40.4867,46.6062,5
1502,STARLINK-32593,satellite,0,71,42.9848,111.4695,79.582,33.7218,113.3038,6859.991,485.7733,-3293.6814611673462,-4209.68482572205,4292.799089240814,-1135.7232565261993,5223.017957477982,4292.799089240814,38.9438,102.2678,4
1503,STARLINK-32586,satellite,0,71,42.9824,111.1175,88.851,179.9759,268.8268,6858.5645,494.6997,4733.104672695298,1677.3850678977326,-4677.945740619131,-1732.1517615513976,-4713.337541875262,-4677.945740619131,-43.1493,-110.1784,4
1504,STARLINK-32611,satellite,0,71,42.9855,111.0498,100.5556,189.5829,290.1384,6859.7427,494.3183,3550.6444306003,3898.56633722314,-4393.638247391268,732.2090225666184,-5222.046084204391,-4393.638247391268,-39.9772,-82.0183,12
1505,STARLINK-32607,satellite,0,71,43.0081,111.2711,171.5325,40.7465,212.279,6864.9128,487.1852,4602.209566178051,-4434.433063556882,-2499.8022601664716,-6351.500369521227,-709.205571156173,-2499.8022601664716,-21.4843,-173.6288,5
1506,STARLINK-32606,satellite,0,71,43.0186,110.8726,50.3672,324.6444,15.0116,6866.8299,482.1531,-3574.395380006032,5727.892803322369,1212.1551521294532,6690.367123626397,-907.7698221794453,1212.1551521294532,10.2405,-7.7269,5
1507,STARLINK-32578,satellite,0,71,43.017,110.8879,47.4726,320.4564,7.929,6867.2657,482.2968,-3069.0128319172873,6101.417215529446,645.6079377591407,6655.017582489133,-1535.2109878425697,645.6079377591407,5.4336,-12.99,5
1508,STARLINK-32517,satellite,0,71,42.9928,111.4256,89.523,37.9434,127.4664,6861.922,484.5951,-2181.892218852892,-5336.573512897662,3710.9569876778723,-2712.9081379981694,5087.219274617028,3710.9569876778723,32.9308,118.0701,5
1509,STARLINK-32522,satellite,0,71,43.0005,110.987,66.3114,245.0219,311.3333,6862.5216,490.4113,1895.4284171021236,5581.676879845424,-3514.5301918088226,3084.4659634837353,-5023.329114787281,-3514.5301918088226,-30.9615,-58.4489,17
1510,STARLINK-32560,satellite,0,71,43.0139,110.8563,61.8412,327.3679,29.2091,6865.188,482.3441,-4417.948904966915,4722.592569129897,2283.068779403765,6455.553512276618,383.3822518483371,2283.068779403765,19.5575,3.3987,5
1511,STARLINK-32637,satellite,0,63,42.9877,187.1716,100.0617,193.359,293.4207,6859.8664,494.0197,-3282.0246012352814,4230.54820276958,-4294.416107042138,5351.456997542099,-176.44144220739938,-4294.416107042138,-38.9054,-1.8884,4
1512,STARLINK-32582,satellite,0,17,42.9811,194.5861,86.4899,7.1738,93.6638,6858.396,486.2488,1684.153377303358,-4732.734699947992,4663.529619658802,-4717.375542635312,1726.707366093143,4663.529619658802,43.0504,159.8958,6
1513,STARLINK-32615,satellite,0,63,42.9861,187.7054,98.6984,342.5277,81.226,6858.6007,486.9641,-371.73418581816503,-5051.603498026879,4619.434042041267,-3649.714583021539,3512.330802852032,4619.434042041267,42.5423,136.0989,7
1514,STARLINK-32592,satellite,0,17,42.9948,194.8949,68.5925,243.4921,312.0846,6862.4875,490.5882,-5402.999453700198,2417.949379072065,-3473.475570100273,5311.285493536108,2613.2601674139746,-3473.475570100273,-30.5606,26.1981,4
1515,STARLINK-32225,satellite,0,63,42.9897,187.7714,92.2153,327.6223,59.8377,6861.3009,484.9851,-2826.7194168082883,-4761.751801252975,4041.7265248429094,-1858.7627828656862,5216.284481806025,4041.7265248429094,36.2952,109.6129,4
1516,STARLINK-32595,satellite,0,17,43.0185,194.7871,49.4294,326.2716,15.701,6866.7231,482.1312,-6038.488104630672,-2997.6725040645715,1266.434560391948,1549.9155538477025,6561.031992555123,1266.434560391948,10.7043,76.7087,4
1517,STARLINK-32480,satellite,0,63,42.9993,187.8068,85.9562,319.8807,45.8369,6862.7086,485.0133,-4244.9766416067405,-4213.720652702859,3355.158552288828,-531.2689001004669,5957.602016129265,3355.158552288828,29.4429,95.0959,4
1518,STARLINK-32510,satellite,0,17,42.9935,195.1374,76.5868,157.7225,234.3093,6861.5056,491.7293,2800.4946824796743,4981.292705984024,-3801.1378986353425,2044.4448632282779,-5336.318271102848,-3801.1378986353425,-33.7955,-69.0372,13
1519,STARLINK-32456,satellite,0,63,43.011,187.8521,57.9237,326.5148,24.4385,6865.9354,482.3132,-5902.224237550817,-2908.513175286464,1935.6169728763696,1531.4951443563084,6399.236084405725,1935.6169728763696,16.4894,76.5409,4
1520,STARLINK-32509,satellite,0,63,42.9873,187.5864,82.0186,34.6026,116.6212,6860.2619,485.7652,3637.093870871151,-4038.665957433694,4179.061335347937,-5430.577321412751,-219.32737498957732,4179.061335347937,37.7302,-177.6872,4
1521,STARLINK-32491,satellite,0,17,42.9824,195.0727,77.531,178.005,255.5359,6859.0305,494.7508,391.0169570384544,5140.505866849749,-4531.0641946217,3705.8082922277663,-3583.94750646047,-4531.0641946217,-41.4895,-44.0423,7
1522,STARLINK-32577,satellite,0,17,42.9911,194.6975,95.2028,322.9811,58.1838,6860.9464,485.2179,-2415.0585581982405,-5039.091296859175,3972.642931488586,-2335.0848967308684,5076.645296124974,3972.642931488586,35.5793,114.7008,5
1523,STARLINK-32618,satellite,0,63,42.9922,187.7871,88.7149,324.0972,52.8121,6861.8933,484.6245,-3564.680243441575,-4519.9996056118725,3724.687390878442,-1201.4278441408671,5629.734701390217,3724.687390878442,33.0678,102.0466,4
1524,STARLINK-32598,satellite,0,63,43.0109,187.0776,10.2812,318.5016,328.7829,6864.8509,486.8641,-6144.4394950596925,1857.7637353847035,-2426.103783003691,5353.764073842441,3541.5579970676645,-2426.103783003691,-20.8225,33.485,4
1525,STARLINK-32630,satellite,0,17,43.0184,194.8139,27.3383,327.1614,354.4997,6867.3548,483.0265,-6725.415479387154,-1281.3241406650486,-448.66379140554864,3309.3354646131943,5993.438387644002,-448.66379140554864,-3.7728,61.0943,4
1526,STARLINK-32599,satellite,0,17,43.0106,194.8464,10.675,322.6284,333.3034,6865.5661,485.8666,-6503.43414122754,608.2067101082739,-2102.924867987961,4621.527478737033,4615.8482205097735,-2102.924867987961,-17.9506,44.9648,4
1527,STARLINK-32473,satellite,0,63,42.9807,187.6278,74.6222,27.8616,102.4838,6858.8756,487.5845,2119.000097443767,-4657.248014474817,4563.733915827285,-4937.011541802238,1343.8889527813703,4563.733915827285,41.9086,164.7726,4
1528,STARLINK-32492,satellite,0,17,42.9917,194.5126,75.5702,39.1983,114.7685,6859.9931,486.3273,3921.9070975778022,-3688.568129409364,4245.135917311682,-5343.08312649369,-662.08219331443,4245.135917311682,38.429,-172.9363,4
1529,STARLINK-32496,satellite,0,17,42.9795,194.998,94.4499,182.279,276.7289,6858.538,495.4638,-2067.389318408308,4608.924459431859,-4647.054303325423,4866.865286306273,-1352.7400162503397,-4647.054303325423,-42.7908,-15.5332,4
1530,STARLINK-32495,satellite,0,17,43.0089,194.3259,165.9281,47.9918,213.9199,6864.5991,487.613,4824.745484237423,4122.382124331654,-2612.20554146628,90.70672360389139,-6345.3901107001775,-2612.20554146628,-22.4995,-89.181,4
1531,STARLINK-32494,satellite,0,17,42.9855,194.6505,104.8194,327.5711,72.3905,6859.185,486.5166,-797.5963964390666,-5149.194359861739,4455.206971467695,-3452.825496556778,3902.3529642475914,4455.206971467695,40.708,131.5026,7
1532,STARLINK-32408,satellite,0,63,42.9929,187.565,86.1812,37.538,123.7192,6861.2075,485.3915,4322.323835021386,-3634.074958916653,3889.004882432771,-5556.884043220585,-1004.9994388155142,3889.004882432771,34.7217,-169.7485,5
1533,STARLINK-32571,satellite,0,63,43.0202,187.0401,22.1706,327.8427,350.0133,6867.1258,483.5483,-6813.098947121501,35.177392764427914,-811.8155097634716,4378.362905953238,5220.10469013817,-811.8155097634716,-6.8371,50.0118,4
1534,STARLINK-33566,satellite,0,93,42.9996,122.0596,32.9111,285.7285,318.6396,6863.6679,489.3324,76.68499297008178,6126.199575229075,-3092.9086656881386,4665.037055114772,-3971.603089193307,-3092.9086656881386,-26.9299,-40.4096,12
1535,STARLINK-33545,satellite,0,5,42.9858,136.5647,97.2977,337.3496,74.6473,6859.2623,485.6167,-4642.237249202551,-2263.409829359864,4506.726107477201,1223.1810955672865,5017.690578440775,4506.726107477201,41.2856,76.3,4
1536,STARLINK-33562,satellite,0,5,43.0194,136.7151,44.493,326.4616,10.9546,6867.1067,481.9912,-5556.049174536365,3923.743884242561,889.3574352564183,6567.718067957642,1769.3297823808466,889.3574352564183,7.4954,15.0774,5
1537,STARLINK-33554,satellite,0,5,42.9836,136.4919,82.3217,13.6198,95.9416,6858.5657,486.6656,-2919.2342829822846,-4106.046422699658,4648.517889444499,-1295.1218245508937,4868.696487138597,4648.517889444499,42.8756,104.8963,4
1538,STARLINK-33555,satellite,0,5,42.9794,136.933,93.1162,178.7837,271.8999,6858.5092,495.4438,3260.763298765705,3821.8025864987358,-4676.606252115092,858.2777519644399,-4949.960767645405,-4676.606252115092,-43.1282,-80.1632,10
1539,STARLINK-33559,satellite,0,5,42.9847,136.8663,95.7656,197.3445,293.1101,6859.9861,494.7594,1191.5782862723545,5212.590028012682,-4304.638140183184,3249.9846284090363,-4246.004419163737,-4304.638140183184,-39.0103,-52.5688,13
1540,STARLINK-33553,satellite,0,5,43.0144,136.765,19.3531,316.1726,335.5257,6866.078,486.1779,-3126.5350327049223,5792.962452616482,-1939.4943871966784,6454.404019937264,-1293.9490081039598,-1939.4943871966784,-16.5137,-11.3361,4
1541,STARLINK-33556,satellite,0,5,42.9955,136.6245,88.5118,324.758,53.2698,6861.7875,484.7148,-5740.808711306805,-105.31472949969158,3747.3777715850524,3585.421166299773,4484.721943701222,3747.3777715850524,33.2944,51.3586,5
1542,STARLINK-33551,satellite,0,5,42.9987,136.8089,59.4847,254.8938,314.3784,6862.8786,490.344,-1044.1377400221727,5901.157789060157,-3345.4643736724306,5207.702319650561,-2965.421289029626,-3345.4643736724306,-29.3246,-29.6585,7
1543,STARLINK-32311,satellite,0,74,43.0203,52.4591,27.2186,336.241,3.4596,6867.4862,482.3257,3932.6309693894073,5614.275201510143,282.4474593874517,1808.4579053185898,-6611.743520765391,282.4474593874517,2.3743,-74.7025,7
1544,STARLINK-32470,satellite,0,16,43.0108,67.2384,10.1457,313.7091,323.8548,6864.4124,487.969,4873.444058246348,3965.0045101307846,-2761.1566294449176,-61.49496991791309,-6282.351162016406,-2761.1566294449176,-23.8569,-90.5608,4
1545,STARLINK-32502,satellite,0,16,43.0174,67.5696,168.6658,35.0443,203.7101,6865.9876,485.5747,-532.4765832991513,-6577.323582772191,-1882.4554675951756,-4721.0712257956575,4610.445022469896,-1882.4554675951756,-16.0165,135.6792,7
1546,STARLINK-32521,satellite,0,64,42.9875,63.7828,103.0074,175.9954,279.0028,6858.5966,493.9857,4922.364354731828,-1226.9550742336685,-4621.411665410417,-4087.869033181992,-3004.0666374889147,-4621.411665410417,-42.5109,-143.6888,4
1547,STARLINK-32549,satellite,0,16,43.0033,67.107,79.8631,321.7558,41.6189,6863.5748,483.6644,-1074.1604189039306,6018.359468580502,3106.352429458176,5317.061611622161,-3017.1720396434803,3106.352429458176,27.0806,-29.5728,4
1548,STARLINK-32535,satellite,0,64,43.0143,64.1781,124.832,33.8102,158.6422,6866.2336,482.3283,-4426.6372966262115,-4954.66151435901,1704.115233466544,-985.3906314466569,6570.600716921527,1704.115233466544,14.4718,98.5291,4
1549,STARLINK-32548,satellite,0,16,42.9948,67.7047,88.5036,37.3985,125.9021,6861.5353,485.1927,-5284.100338665625,-2179.0590939758117,3787.541814139838,1698.0237589952433,5457.722074090299,3787.541814139838,33.6952,72.7179,5
1550,STARLINK-32525,satellite,0,16,43.024,67.1667,39.3547,326.7781,6.1328,6867.534,482.4574,2153.145449213089,6494.6188417562535,500.0804275434749,3622.365186208109,-5804.703238143175,500.0804275434749,4.2062,-58.0342,8
1551,STARLINK-32628,satellite,0,16,42.9825,67.3973,89.2281,178.1167,267.3448,6858.4966,495.526,4508.3839833045195,-2221.3165865227697,-4674.4925989084195,-4588.619227642732,-2050.450463236143,-4674.4925989084195,-43.1033,-155.9222,4
1552,STARLINK-32626,satellite,0,16,43.0206,67.6271,129.1791,32.1028,161.2819,6866.4856,482.5533,-3961.190857305874,-5395.20330640613,1501.8963920066128,-1621.6453372694964,6493.806135508773,1501.8963920066128,12.7238,104.0212,5
1553,STARLINK-32608,satellite,0,16,42.9921,67.2832,96.4606,206.287,302.7476,6861.0758,492.349,5328.5431608921035,1794.122564496656,-3936.2967298705203,-2022.6104151983798,-5246.0742562660225,-3936.2967298705203,-35.1639,-111.084,4
1554,STARLINK-32488,satellite,0,16,42.9801,67.7666,81.2585,23.4333,104.6918,6858.9843,485.9182,-5148.0380090645795,226.2465912151003,4520.382719309638,3461.9698531643303,3816.8373817326037,4520.382719309638,41.4356,47.7912,5
1555,STARLINK-32490,satellite,0,16,43.0125,67.1346,62.1337,325.3441,27.4778,6865.6089,482.4085,232.2490806372952,6505.68923203606,2158.696174263365,4857.694821895128,-4333.674311322906,2158.696174263365,18.4529,-41.737,4
1556,STARLINK-32557,satellite,0,59,42.984,56.8212,100.7887,179.9334,280.7221,6858.8102,494.7721,4827.651561436695,-1630.968057272077,-4597.657292368622,-4338.260760582716,-2673.1573047002466,-4597.657292368622,-42.2363,-148.3594,4
1557,STARLINK-32568,satellite,0,16,43.0222,67.5962,150.2849,32.268,182.5529,6867.3977,482.655,-2405.7124589208856,-6421.780941320424,-208.4981665574059,-3405.0116253751467,5952.5304471605605,-208.4981665574059,-1.7524,119.7707,5
1558,STARLINK-32462,satellite,0,64,43.0196,64.1256,160.5811,33.4049,193.986,6866.9152,484.083,-1814.7316395563719,-6519.870366521192,-1131.4095445312369,-3857.9292176444615,5560.426482878209,-1131.4095445312369,-9.5491,124.7536,3
1559,STARLINK-32463,satellite,0,16,43.0192,67.1936,19.4627,325.6519,345.1146,6866.8902,484.2073,3758.4396800773993,5613.436108966784,-1202.5724374897818,1919.0622860586716,-6477.170193877857,-1202.5724374897818,-10.1556,-73.4964,5
1560,STARLINK-32550,satellite,0,16,43.0099,67.6495,113.0478,34.092,147.1398,6864.7889,483.0054,-4707.34505202263,-4293.33767814513,2538.322610243188,-297.23396478481993,6364.235840033023,2538.322610243188,21.846,92.674,4
1561,STARLINK-32507,satellite,0,16,42.9857,67.0476,91.724,331.1344,62.8584,6860.3969,484.1246,-2889.3404346922334,4619.366820339247,4158.78633825759,5399.8527256104835,-726.9308840018141,4158.78633825759,37.5264,-7.6671,16
1562,STARLINK-32245,satellite,0,16,42.999,67.5211,126.8715,97.98,224.8515,6863.1124,490.3176,1410.8792834986768,-5849.679104418489,-3301.2374367344223,-5402.315634813252,2650.3418192996037,-3301.2374367344223,-28.9007,153.8677,16
1563,STARLINK-32546,satellite,0,64,43.0187,64.1517,140.034,32.8154,172.8494,6867.4031,482.1606,-3529.5632379222898,-5853.574762046875,582.5835906113044,-2250.0207561817997,6454.421797660553,582.5835906113044,4.902,109.2186,4
1564,STARLINK-32545,satellite,0,16,42.9798,67.8394,91.7191,351.5896,83.3087,6858.6679,487.8927,-4312.442727533984,2619.0229873033163,4642.311405933971,4769.5069659025885,1645.6752378554575,4642.311405933971,42.7953,19.0365,14
1565,STARLINK-32554,satellite,0,16,42.9842,67.3487,97.5239,183.8623,281.3861,6859.0855,495.6066,5064.78332358392,-645.2007720694727,-4587.860608487165,-3731.1764982456853,-3485.2024460670696,-4587.860608487165,-42.1196,-136.9522,4
1566,STARLINK-32570,satellite,0,16,42.9875,67.4653,80.5459,165.5232,246.0691,6860.0204,493.935,3171.817331500881,-4330.378670278559,-4277.658336649773,-5357.889321676908,325.00250625715955,-4277.658336649773,-38.7262,176.5288,9
1567,STARLINK-32529,satellite,0,52,43.0177,89.6137,163.7015,33.5689,197.2704,6866.6412,484.6804,1445.2602889022658,-6562.45444193144,-1389.8142683145836,-5972.742900290178,3079.111536163771,-1389.8142683145836,-11.7566,152.7277,7
1568,STARLINK-32464,satellite,0,52,43.013,89.656,118.7478,36.1521,154.8999,6865.7752,482.3669,-2164.6555311862985,-6198.138341046982,1984.7394974647702,-3386.8770580289456,5624.208056006575,1984.7394974647702,16.9199,121.0562,5
1569,STARLINK-32482,satellite,0,52,43.0195,89.1797,41.7361,325.162,6.8981,6867.4392,482.1325,-504.8273512073644,6818.392967408518,562.1261681293302,5569.061009272544,-3966.2189535542866,562.1261681293302,4.7295,-35.458,6
1570,STARLINK-32454,satellite,0,13,43.0082,96.9129,68.31,324.4149,32.7249,6864.8246,482.9164,-3385.887136897267,5401.322179523906,2528.9307635566465,6318.682421611018,-844.2543725958261,2528.9307635566465,21.7614,-7.6104,5
1571,STARLINK-32485,satellite,0,78,43.0015,92.5692,79.9182,324.9917,44.9099,6863.1135,483.9287,-3754.5817810429917,4692.723977017003,3301.6883663978792,6008.90009661695,-107.99214733975161,3301.6883663978792,28.9346,-1.0296,9
1572,STARLINK-32388,satellite,0,13,42.9945,96.8636,90.6309,323.3819,54.0127,6861.4587,484.8688,-4510.236621325007,3515.0959369163884,3783.26658124513,5585.345080188517,1225.5831923134538,3783.26658124513,33.654,12.3762,12
1573,STARLINK-32374,satellite,0,52,42.9887,89.4778,75.9452,170.8303,246.7755,6859.8786,493.5829,4588.745063862002,-2748.3733331803946,-4300.552880360044,-5045.504900255734,-1775.6738273541046,-4300.552880360044,-38.9743,-160.6114,4
1574,STARLINK-32384,satellite,0,52,42.9921,89.4986,75.0022,164.7648,239.767,6860.8002,492.697,4306.975082814794,-3493.6649295409125,-4043.56093763115,-5439.038032751725,-1082.86392597217,-4043.56093763115,-36.2669,-168.7402,7
1575,STARLINK-32295,satellite,0,52,43.0198,89.6079,151.0985,32.0873,183.1858,6867.4011,482.8673,231.88555023923195,-6852.117475061744,-260.1365703090594,-5420.692840980393,4197.782024379088,-260.1365703090594,-2.1865,142.2458,4
1576,STARLINK-32479,satellite,0,52,42.9908,89.3163,113.8343,182.4352,296.2695,6860.3042,492.1404,4537.009007967651,2983.269703775559,-4195.980571288193,-602.05467286801,-5396.469126634795,-4195.980571288193,-37.8679,-96.3659,3
1577,STARLINK-32468,satellite,0,52,42.995,89.2934,94.9782,208.3063,303.2844,6861.2753,492.6407,4242.871041486192,3714.7818476923735,-3912.8358498148405,148.68819921252216,-5637.326553433091,-3912.8358498148405,-34.9224,-88.4891,9
1578,STARLINK-32629,satellite,0,52,42.98,88.9643,84.2306,7.6782,91.9087,6858.574,487.1003,-5015.795041569486,-137.69268003185277,4670.949978043121,3097.465288137279,3947.514149683575,4670.949978043121,43.1287,51.8801,4
1579,STARLINK-32644,satellite,0,52,43.0179,89.5949,157.0356,33.255,190.2906,6867.1025,483.6542,848.435871883459,-6757.268277946029,-836.2304532044474,-5741.4776026291565,3662.7794019490284,-836.2304532044474,-7.0436,147.4641,4
1580,STARLINK-32623,satellite,0,78,43.0185,92.663,20.1623,328.1172,348.2795,6867.1027,483.6956,705.8115938523612,6758.453521187689,-950.9055244710185,4749.744659968364,-4859.505084797493,-950.9055244710185,-8.0153,-45.6544,12
1581,STARLINK-32639,satellite,0,52,43.0167,89.5722,166.6107,37.7876,204.3983,6865.865,485.9255,2025.8713672395443,-6264.822451686719,-1933.8537717862018,-6114.536355637233,2442.253120245638,-1933.8537717862018,-16.4649,158.2274,7
1582,STARLINK-32625,satellite,0,52,43.0171,89.638,130.1124,31.8143,161.9267,6866.5199,482.5389,-1597.134678966573,-6511.299711389118,1451.8300019203473,-3990.3060091628618,5387.515296268997,1451.8300019203473,12.293,126.5258,5
1583,STARLINK-32635,satellite,0,13,43.0173,96.9467,46.0307,325.406,11.4367,6867.2018,482.2276,-1800.4418599363144,6554.119217590465,927.9759260350392,6193.171461024776,-2800.481541404588,927.9759260350392,7.8226,-24.3319,4
1584,STARLINK-32532,satellite,0,52,43.0211,89.2074,17.2801,328.4379,345.718,6866.9789,484.1682,1329.4405089789657,6631.867203498918,-1154.9055496282147,4254.047934288984,-5258.531244038626,-1154.9055496282147,-9.7492,-51.0278,12
1585,STARLINK-32503,satellite,0,13,42.9824,96.7958,103.0542,332.2138,75.268,6858.9862,486.6093,-5022.514420650601,1157.1353188008566,4520.203628483821,4098.1062808908455,3125.72202253857,4520.203628483821,41.4285,37.3336,8
1586,STARLINK-32508,satellite,0,52,42.9854,89.3561,99.9682,182.2274,282.1956,6858.8199,494.5779,4923.290078514234,1394.6091949577776,-4573.806290411255,-2071.208245983732,-4679.082859452958,-4573.806290411255,-41.9693,-113.8767,4
1587,STARLINK-32524,satellite,0,78,42.9835,92.8115,98.6759,186.247,284.9229,6858.9859,494.4025,4758.930247240331,2003.2553196551896,-4521.453141680584,-1497.893700675637,-4941.332151890012,-4521.453141680584,-41.385,-106.8639,4
1588,STARLINK-32484,satellite,0,52,43.0192,89.6238,140.6975,28.3011,168.9987,6867.2013,482.3592,-1001.3337734695033,-6727.632059924439,893.1457160410438,-4537.288075564366,5067.2200839272045,893.1457160410438,7.5271,131.8419,6
1589,STARLINK-32497,satellite,0,78,43.0093,92.6998,12.5235,314.7179,327.2414,6864.7734,487.2679,2440.473145943673,5892.550036179246,-2532.8993778236822,2975.57639204581,-5641.276472576741,-2532.8993778236822,-21.7826,-62.1899,13
1590,STARLINK-32526,satellite,0,78,42.9948,92.7501,89.6704,216.2911,305.9615,6861.6604,491.7921,3865.1837378643727,4220.7788264393,-3788.3437424938347,779.2608565879488,-5669.865231781028,-3788.3437424938347,-33.6665,-82.1744,11
1591,STARLINK-32686,satellite,0,8,43.0018,198.3791,81.8445,324.6456,46.4901,6862.7157,484.2169,-3333.4035311883526,-4940.039651100764,3391.7989275837976,-1672.3505456596013,5720.036233156113,3391.7989275837976,29.8,106.2972,4
1592,STARLINK-32688,satellite,0,37,42.9957,202.0068,71.9243,238.2284,310.1527,6862.1887,490.6012,-5540.589267995379,1898.7934345807635,-3577.146260479381,4999.677182663798,3050.7005774057156,-3577.146260479381,-31.5739,31.3907,4
1593,STARLINK-32684,satellite,0,37,42.9819,201.6894,82.7944,8.9948,91.7892,6858.4883,487.3021,2051.495751133441,-4578.8103239525,4671.566379910935,-4833.542257354993,1345.7369899115317,4671.566379910935,43.1342,164.4419,4
1594,STARLINK-32672,satellite,0,37,43.0215,201.8984,44.9052,328.903,13.8082,6866.9202,482.2796,-5734.508238508778,-3595.1500292159512,1117.0550835763918,896.0245030088784,6708.712884011671,1117.0550835763918,9.4294,82.3925,4
1595,STARLINK-32682,satellite,0,7,42.9788,169.3057,95.8909,347.0059,82.8968,6858.6955,486.96,-1756.5358034508376,-4733.128168058338,4637.567025018359,-2520.227209993018,4374.5142695027025,4637.567025018359,42.7485,119.9469,7
1596,STARLINK-32663,satellite,0,37,43.0176,202.3263,156.5443,33.4456,189.9899,6867.1402,483.8349,5920.442643621178,3372.156127290446,-812.065798450275,-1186.3647419354875,-6709.367834775715,-812.065798450275,-6.8389,-100.0275,4
1597,STARLINK-32640,satellite,0,37,42.9977,201.8102,91.0521,325.2252,56.2773,6861.1305,485.119,-1984.4048811999185,-5286.502850753543,3889.038714135253,-2800.5080021982512,4903.277480744788,3889.038714135253,34.7236,119.7329,5
1598,STARLINK-32653,satellite,0,17,42.9884,195.0682,101.1193,196.6915,297.8109,6860.3739,492.8482,-4246.338603917068,3455.3651613718944,-4139.125836068269,5370.840514475242,1060.6658784038873,-4139.125836068269,-37.2636,11.1714,4
1599,STARLINK-32647,satellite,0,37,42.9875,202.0424,98.4917,197.5105,296.0023,6860.124,493.1235,-4482.366630373843,3053.2429595228327,-4205.912739371385,5212.156943881906,1499.1074582258373,-4205.912739371385,-37.9668,16.0462,3
1600,STARLINK-32667,satellite,0,37,43.0009,201.5655,93.9114,40.3008,134.2122,6862.7715,484.1937,5768.14685630078,-1585.3468113983129,3352.0721069358037,-4903.818279067423,-3425.99021512724,3352.0721069358037,29.4171,-145.0604,8
1601,STARLINK-32655,satellite,0,37,42.9968,202.2441,93.8853,138.5312,232.4165,6861.7348,491.3481,2368.6134572965466,5266.521877702873,-3709.0694768029703,2539.752017468146,-5186.158702563563,-3709.0694768029703,-32.8754,-63.9082,15
1602,STARLINK-32665,satellite,0,37,43.0127,201.957,9.9949,321.3673,331.3622,6865.3595,486.4588,-6485.148239342559,-21.57509496258448,-2243.559217400625,4125.241811595779,5003.997718507924,-2243.559217400625,-19.1939,50.4982,3
1603,STARLINK-32660,satellite,0,63,42.9877,187.7594,73.4819,35.9358,109.4177,6859.3727,486.8866,2897.0946286886087,-4378.95797786577,4408.906513632822,-5219.81428429676,567.423207969294,4408.906513632822,40.1964,173.796,4
1604,STARLINK-32448,satellite,0,37,42.9877,201.6239,79.9355,33.023,112.9585,6859.798,485.9996,4187.635436051263,-3307.251778236768,4304.2071716170885,-5219.377905772828,-1110.0897020749994,4304.2071716170885,39.0651,-167.9929,4
1605,STARLINK-32430,satellite,0,8,42.9768,198.6843,85.5032,179.4222,264.9254,6858.6256,496.0288,-1027.387592942218,4933.298154162358,-4661.051921499462,4452.251973106403,-2360.171246321646,-4661.051921499462,-42.9459,-27.9284,4
1606,STARLINK-32675,satellite,0,37,43.0197,201.9219,24.8266,327.7423,352.5689,6867.252,483.3814,-6553.993241369231,-1938.2382974504658,-605.4290995817016,2694.3689173320936,6281.080420033795,-605.4290995817016,-5.0938,66.7823,3
1607,STARLINK-32671,satellite,0,37,43.0135,202.3743,119.1947,35.4371,154.6318,6865.7875,482.588,6548.84533031392,372.20679458876083,2004.6117815749262,-3896.117459207079,-5276.94815232955,2004.6117815749262,17.0938,-126.4395,4
1608,STARLINK-32670,satellite,0,37,43.0107,201.8572,68.5907,326.4206,35.0113,6864.4608,482.9525,-4141.922741153713,-4761.356282211021,2683.9154353384943,-1018.4828276861917,6228.059920195452,2683.9154353384943,23.1687,99.2874,4
1609,STARLINK-32642,satellite,0,37,42.9831,201.7612,99.0384,331.3684,70.4068,6859.466,485.0189,-383.3667213812026,-5239.473904345771,4402.55693375333,-3786.848568425035,3641.2682896485608,4402.55693375333,40.14,136.1228,7
1610,STARLINK-32668,satellite,0,8,42.9872,198.7583,74.3016,169.5262,243.8278,6860.085,493.4233,1417.4957376601608,5240.117996317792,-4199.989368542708,3126.8811735635677,-4437.425481969476,-4199.989368542708,-37.9021,-54.8291,14
1611,STARLINK-32669,satellite,0,37,43.0092,202.2878,167.6427,43.5651,211.2078,6864.9927,487.2967,4444.988206146183,4632.089787789203,-2425.528027669943,725.4567161112388,-6378.705864669477,-2425.528027669943,-20.8159,-83.5116,6
1612,STARLINK-32666,satellite,0,37,43.0184,202.3419,138.918,36.9276,175.8456,6867.5025,482.6781,6467.203467682744,2265.0304815865943,339.08633021942546,-2387.477853307737,-6423.008117299027,339.08633021942546,2.8507,-110.3905,3
1613,STARLINK-32662,satellite,0,37,42.9834,202.1774,77.12,176.3579,253.4779,6859.4782,495.3997,-9.577908774838003,5195.016323974547,-4486.800447639326,4003.5995314945776,-3310.5101017992547,-4486.800447639326,-40.993,-39.5868,5
1614,STARLINK-33548,satellite,0,5,43.0163,136.7723,159.8221,34.73,194.5521,6866.8969,484.4086,5702.844581353067,-3630.4218433613914,-1176.2105844561688,-6435.764653264963,-2069.621319857541,-1176.2105844561688,-9.9305,-162.1732,4
1615,STARLINK-33544,satellite,0,65,42.9817,147.865,80.1116,178.1364,258.248,6858.8943,494.9814,3798.6382471766997,3419.213323424465,-4581.253036763762,204.96928948123235,-5106.726923810064,-4581.253036763762,-42.05,-87.7015,9
1616,STARLINK-33560,satellite,0,65,43.0183,147.6021,29.0393,328.5998,357.6391,6867.2603,482.63,-5677.224436427817,3847.3155863474317,-192.8116247627811,6586.298224557805,1911.3843725718075,-192.8116247627811,-1.6205,16.1831,3
1617,STARLINK-33547,satellite,0,5,43.0051,136.7304,168.1866,47.5649,215.7515,6864.3736,487.9732,6065.200363449547,-1682.4276883095204,-2734.857761898735,-5168.238436902602,-3592.5659123391983,-2734.857761898735,-23.616,-145.1959,4
1618,STARLINK-33563,satellite,0,65,43.002,147.6623,32.8728,289.0016,321.8744,6864.1056,488.6232,-2903.9779866142057,5506.007010656822,-2889.799547912846,6091.456758509707,-1281.934439567168,-2889.799547912846,-25.0391,-11.8844,3
1619,STARLINK-33550,satellite,0,65,43.0163,147.5789,53.406,325.0238,18.4298,6866.5663,482.4678,-6343.522663304952,2150.618822353903,1479.442394172997,5706.259051273601,3507.712750309602,1479.442394172997,12.5307,31.5796,4
1620,STARLINK-33564,satellite,0,65,42.9872,147.7218,99.6275,201.0975,300.725,6860.7879,492.4678,-659.9204188314253,5521.4372678071795,-4022.716458053001,4670.126888175766,-3018.555831827265,-4022.716458053001,-36.0523,-32.8768,6
1621,STARLINK-33546,satellite,0,65,43.0151,147.6261,13.7524,329.3208,343.0732,6866.7439,484.8479,-4762.307637654427,4748.863862527907,-1362.956580926201,6695.69905950529,631.582239320527,-1362.956580926201,-11.5261,5.3886,4
1622,STARLINK-33565,satellite,0,5,43.0184,136.3373,52.7648,325.6146,18.3793,6866.5433,482.0534,-5800.66736918563,3350.184927607209,1475.4988422689091,6282.602888963507,2323.8721816590632,1475.4988422689091,12.4975,20.2989,4
1623,STARLINK-33549,satellite,0,65,42.9789,147.7911,97.9261,181.3946,279.3207,6858.8713,495.2573,1700.5926281764696,4785.17143792014,-4617.400763461243,2596.002680944141,-4364.705151304689,-4617.400763461243,-42.4558,-59.257,11
1624,STARLINK-32692,satellite,0,85,43.0169,253.2742,11.2332,326.3849,337.6181,6866.2152,485.5982,-3655.8138136127714,-5527.042894337431,-1782.635828961521,-1918.1277300389168,6343.024815252073,-1782.635828961521,-15.1465,106.8253,4
1625,STARLINK-32680,satellite,0,42,43.0193,245.4837,13.9411,333.3003,347.2414,6867.0709,483.8435,-3784.8969980894976,-5629.019636083879,-1033.8169567456973,-1914.156173631182,6507.48134784222,-1033.8169567456973,-8.7191,106.3911,4
1626,STARLINK-32638,satellite,0,23,42.9789,256.9601,92.897,169.6554,262.5523,6858.6579,495.4669,-4650.088051385762,1990.213542359343,-4639.783715977168,4501.290676678636,2307.087140503613,-4639.783715977168,-42.7081,27.1369,4
1627,STARLINK-32283,satellite,0,35,42.9833,241.7623,78.4156,19.4278,97.8433,6858.6932,487.3041,4819.725933288029,-1526.4618456552782,4630.362180045209,-4252.783063657611,-2733.803221103792,4630.362180045209,42.6639,-147.266,6
1628,STARLINK-32676,satellite,0,42,43.0073,245.8451,168.5863,44.3285,212.9148,6864.8653,487.5033,-130.75657812275523,6372.5582555881965,-2543.6060802260877,4987.092014552135,-3969.321005156672,-2543.6060802260877,-21.8786,-38.5169,12
1629,STARLINK-32659,satellite,0,42,42.9811,245.614,99.9215,190.7548,290.6763,6859.6709,493.8034,-5279.032291230892,-267.5715938615253,-4377.666751391242,3165.6462032874083,4233.0202698914745,-4377.666751391242,-39.8068,53.2092,4
1630,STARLINK-32614,satellite,0,85,43.0237,253.2524,31.2295,327.6024,358.8319,6867.4934,482.95,-2074.5732096104816,-6539.227471134572,-95.43613769331564,-3706.872232902673,5772.73316291423,-95.43613769331564,-0.802,122.7059,5
1631,STARLINK-32418,satellite,0,42,42.9823,245.2847,100.4675,338.7888,79.2564,6858.8107,486.3704,3941.2805586765235,-3220.777722227799,4591.557344027274,-4995.499017611445,-975.7515786528361,4591.557344027274,42.2312,-168.9478,4
1632,STARLINK-32657,satellite,0,92,42.9812,310.9153,82.1572,20.6787,102.8359,6858.9906,486.9906,2697.841280960131,4353.671755189438,4557.103742354666,1627.061756855497,-4856.487966480015,4557.103742354666,41.8386,-71.4777,73
1633,STARLINK-32734,satellite,0,77,43.0139,307.7488,10.9249,321.8497,332.7746,6865.6236,486.4362,1920.6487076086723,-6230.3948157918785,-2141.7153800453702,-6020.842705111539,2501.232523975,-2141.7153800453702,-18.2915,157.4406,8
1634,STARLINK-32733,satellite,0,77,43.0196,307.2622,159.8078,32.404,192.2118,6867.1011,483.982,-4905.03596164359,4694.954530994695,-990.2332070328707,6745.37240996599,775.8394705053857,-990.2332070328707,-8.3488,6.5612,5
1635,STARLINK-32707,satellite,0,77,43.0101,307.6565,62.3613,326.8758,29.237,6865.4983,482.6206,5595.410634812217,-3241.5312568040126,2284.984045247729,-6067.9051253800835,-2235.323790951361,2284.984045247729,19.5738,-159.777,9
1636,STARLINK-32705,satellite,0,14,42.9967,300.0258,82.0067,224.969,306.9757,6861.732,491.1026,-1406.3185192076094,-5580.457830453143,-3738.953079937245,-3395.9057727330674,4646.188261107196,-3738.953079937245,-33.175,126.1631,13
1637,STARLINK-32743,satellite,0,77,42.9932,307.1697,96.0311,138.6264,234.6574,6861.4833,491.706,-5661.632069887964,689.5672895998665,-3817.5922958335805,4146.502812658758,3916.132679861981,-3817.5922958335805,-33.9615,43.3634,4
1638,STARLINK-32753,satellite,0,77,43.0103,307.3217,115.6067,34.2657,149.8723,6865.1416,482.7461,-1594.6391338662456,6243.42908950413,2348.1707538714345,5822.661150147526,-2760.416253662978,2348.1707538714345,20.1373,-25.3648,4
1639,STARLINK-32699,satellite,0,92,43.0025,310.8134,104.6454,33.6236,138.2691,6863.5018,483.462,-818.3337521472073,6054.767640475361,3113.033292025396,5181.689334114367,-3237.2792518990855,3113.033292025396,27.1444,-31.9952,4
1640,STARLINK-32713,satellite,0,66,43.0023,220.2665,25.2764,290.1121,315.3885,6862.9451,489.3038,-6005.858759124152,-468.1353143482711,-3287.043441947383,3475.5149424734195,4920.394902010634,-3287.043441947383,-28.7696,54.7646,4
1641,STARLINK-32732,satellite,0,66,43.0072,219.8238,102.4285,37.0858,139.5143,6863.6504,483.8752,6091.0547050441,839.7329592064744,3036.9988044034653,-3243.988215734908,-5223.278598618934,3036.9988044034653,26.4283,-121.8429,38
1642,STARLINK-32328,satellite,0,66,42.9971,220.5213,85.4935,145.1381,230.6315,6862.0818,491.033,787.9124043996832,5778.426689533268,-3618.367290924012,3943.1946040034363,-4296.77056383925,-3618.367290924012,-31.9776,-47.457,12
1643,STARLINK-32332,satellite,0,66,42.9862,220.3209,102.54,191.7513,294.2913,6860.0238,493.2223,-5113.548574738182,1662.0048718573184,-4265.113045325933,4544.735789742324,2873.3283525764264,-4265.113045325933,-38.5967,32.3024,4
1644,STARLINK-32717,satellite,0,66,43.0045,220.1219,76.084,324.2372,40.3213,6863.6895,483.5759,-1906.8680421519305,-5850.630221657478,3026.504282017542,-3284.1151837008783,5203.903071823831,3026.504282017542,26.3313,122.2555,6
1645,STARLINK-32757,satellite,0,66,42.9804,220.4353,79.7002,179.2173,258.9175,6858.8146,494.9878,-2191.817829220311,4606.3039460714235,-4591.941347490614,4944.317098754964,-1255.3206232036887,-4591.941347490614,-42.1703,-14.2459,4
1646,STARLINK-32731,satellite,0,66,43.0202,220.6072,155.5315,32.6871,188.2186,6867.2791,483.5337,4688.90565045146,4964.480220365376,-669.1937517018202,825.4440964459144,-6778.682917859285,-669.1937517018202,-5.6317,-83.0572,5
1647,STARLINK-32694,satellite,0,66,42.9836,219.9459,73.8259,23.1906,97.0165,6858.5975,487.2371,3837.978768881282,-3278.4047902001894,4639.036010573995,-4973.866792003974,-859.4580467894424,4639.036010573995,42.7631,-170.1964,4
1648,STARLINK-32708,satellite,0,66,42.9795,220.3637,96.3339,183.7889,280.1228,6858.7995,494.991,-4120.512762128102,2985.1569512532383,-4606.241542228081,4928.662090764696,1264.1508776784,-4606.241542228081,-42.3316,14.3857,4
1649,STARLINK-32718,satellite,0,66,42.9906,219.8771,85.7941,32.5091,118.3032,6860.4935,485.424,5325.415140473487,-1304.293901293343,4115.96731168599,-4404.794852571742,-3264.8141304050887,4115.96731168599,37.0675,-143.4543,6
1650,STARLINK-32729,satellite,0,66,42.9843,220.0114,106.3041,329.4565,75.7606,6858.9894,487.1,1833.88139553952,-4807.554539521491,4530.706803697135,-4870.574409665431,1659.278922692599,4530.706803697135,41.5421,161.1873,6
1651,STARLINK-32739,satellite,0,66,43.0186,220.1923,20.019,330.9025,350.9215,6867.1717,482.9808,-5686.043119260748,-3767.620592193111,-738.5592586944134,732.3581250325085,6781.570825222497,-738.5592586944134,-6.2182,83.8364,4
1652,STARLINK-32714,satellite,0,66,43.0197,220.5972,163.6609,31.6294,195.2902,6866.8263,484.362,4164.848886626758,5311.712682564282,-1234.541508792655,1427.3311766815493,-6597.195129949033,-1234.541508792655,-10.4283,-77.792,4
1653,STARLINK-32685,satellite,0,66,42.9923,220.5021,73.3662,164.2247,237.5909,6860.9908,492.1359,44.41715353396489,5611.618274523546,-3951.048929045479,4289.683298436931,-3618.127933283444,-3951.048929045479,-35.3162,-40.1459,11
1654,STARLINK-32691,satellite,0,66,43.0178,220.1814,29.5223,328.3707,357.8929,6867.428,482.8656,-5357.2921140603685,-4282.8699750634905,-172.09778487243304,125.91983842040032,6857.674402664939,-172.09778487243304,-1.4463,88.9481,4
1655,STARLINK-32788,satellite,0,66,43.0159,220.1554,51.9592,327.1504,19.1097,6866.411,482.2566,-3894.8785560128395,-5434.461781066451,1531.9428770752597,-1694.2055195723165,6467.852926080748,1531.9428770752597,12.9832,104.6784,5
1656,STARLINK-32768,satellite,0,66,42.9852,219.8922,82.6338,28.5897,111.2235,6859.627,486.0506,4902.339693242443,-1995.153106364648,4357.139457364529,-4666.196132672626,-2498.036036010679,4357.139457364529,39.6375,-151.8377,4
1657,STARLINK-32792,satellite,0,66,43.0203,219.7765,127.5586,33.2177,160.7762,6866.4602,482.3177,6034.233261287128,2874.835992796638,1540.8815364624515,-1641.718872189677,-6479.306458395001,1540.8815364624515,13.0602,-104.2183,15
1658,STARLINK-32725,satellite,0,66,43.0147,219.7749,118.3705,35.3276,153.6981,6865.7062,482.4311,6147.184762909143,2225.856210537111,2073.200553487792,-2213.2367747543367,-6151.739539203849,2073.200553487792,17.6978,-109.7874,23
1659,STARLINK-32681,satellite,0,37,43.0088,201.647,14.8092,309.7974,324.6065,6864.4156,488.0406,-6272.190523327354,637.8722143193495,-2711.298514694573,4496.667182465996,4418.963585825465,-2711.298514694573,-23.4004,44.5007,3
1660,STARLINK-32679,satellite,0,66,43.0215,220.5883,138.9106,35.2107,174.1213,6867.3744,482.3827,5516.656770662034,4049.9333206572956,479.40501186094355,-406.9416730060424,-6831.534256800044,479.40501186094355,4.0321,-93.409,8
1661,STARLINK-32749,satellite,0,66,42.9935,220.0745,94.0401,320.4914,54.5316,6861.4685,485.0398,-414.90024281365106,-5686.793479872105,3807.9722020125805,-4110.914481134807,3951.2206244398512,3807.9722020125805,33.902,136.1348,7
1662,STARLINK-32744,satellite,0,66,43.0089,220.5569,158.122,58.3806,216.5026,6864.267,488.4376,2250.304504315514,5855.134623455237,-2784.753296991183,3068.240067312691,-5471.048776081602,-2784.753296991183,-24.0716,-60.7157,15
1663,STARLINK-32701,satellite,0,66,43.0143,220.2168,9.4063,327.276,336.6823,6866.017,485.4319,-6094.2441754986285,-2552.241012076349,-1852.9272954914509,1928.2775086153804,6319.4534656164315,-1852.9272954914509,-15.7591,73.0313,4
1664,STARLINK-32748,satellite,0,10,42.9954,150.9206,75.5329,235.1408,310.6737,6862.2824,490.8323,-2058.8849712408346,5501.322010781883,-3549.7002527915834,5548.119573486314,-1929.2279257290031,-3549.7002527915834,-31.3034,-19.1739,4
1665,STARLINK-32777,satellite,0,10,42.9805,151.4799,83.3836,7.9554,91.339,6858.6527,485.9987,-2252.828859632505,-4481.1938127406,4671.553869818567,-2009.4022428447222,4595.501983960874,4671.553869818567,43.1443,113.6176,5
1666,STARLINK-32741,satellite,0,65,43.011,147.8461,113.9797,38.4365,152.4163,6865.6856,482.3942,3910.618472752963,-5201.126934928452,2166.2965468938064,-6499.763413189382,312.62406375656025,2166.2965468938064,18.5203,177.2463,1
1667,STARLINK-32754,satellite,0,10,42.9946,151.1805,88.9053,136.8742,225.7795,6862.9691,492.3176,5929.736199517994,844.8575330123335,-3355.173769643545,-3137.0162975462686,-5102.419464909846,-3355.173769643545,-29.4086,-121.5836,4
1668,STARLINK-32786,satellite,0,10,42.9942,150.7442,85.5634,323.9952,49.5586,6862.3985,483.6504,-5745.172868491252,-1156.2581442314622,3558.216336288082,2779.524160077634,5159.281890776498,3558.216336288082,31.4236,61.6868,5
1669,STARLINK-32789,satellite,0,10,43.0195,151.2442,159.8202,30.6257,190.4459,6867.2662,484.0889,6353.56129117702,-2448.967053259607,-848.7945528951939,-5942.244600473357,-3324.892451920704,-848.7945528951939,-7.1495,-150.7715,4
1670,STARLINK-32791,satellite,0,10,42.9769,151.0449,86.5894,181.6098,268.1992,6858.6863,496.1411,2618.8791444147023,4287.768390908669,-4677.1234340638775,1626.7805957664466,-4753.637621902154,-4677.1234340638775,-43.1286,-71.1081,12
1671,STARLINK-32785,satellite,0,10,43.0133,151.3213,108.5059,39.3673,147.8732,6865.1617,483.2028,3815.9099513675806,-5127.130022423986,2488.089075905507,-6382.336855889279,338.2414547994606,2488.089075905507,21.3918,176.9664,4
1672,STARLINK-32752,satellite,0,38,43.0193,223.9068,17.0333,329.148,346.1813,6866.9288,484.0604,-5631.470021080855,-3757.4265304012342,-1118.1307668552108,705.348312673346,6733.067093643455,-1118.1307668552108,-9.4361,84.0196,4
1673,STARLINK-32760,satellite,0,38,43.0034,223.9456,15.4423,302.4867,317.9289,6863.3997,488.8954,-6001.474625981285,-1114.039297609159,-3136.2097618324538,2975.7021022460344,5329.538276586747,-3136.2097618324538,-27.3395,60.8236,4
1674,STARLINK-32715,satellite,0,38,42.9801,224.1047,88.1614,180.2612,268.4226,6858.5023,495.2223,-3357.62522883745,3735.6941987891273,-4677.312196576959,5018.958259254117,197.77845195407872,-4677.312196576959,-43.138,2.2566,4
1675,STARLINK-32764,satellite,0,38,43.0021,224.2301,129.6651,96.3197,225.9848,6862.8313,489.9847,899.2229300205785,5912.7467739113845,-3366.1600422590964,3975.461527851612,-4468.207910431877,-3366.1600422590964,-29.5253,-48.3398,12
1676,STARLINK-32773,satellite,0,38,42.9808,223.6845,100.8908,344.2086,85.0995,6858.675,486.7861,3027.6706022131543,-4017.8424144267083,4656.352389186289,-5025.336031959077,236.314850497794,4656.352389186289,42.9641,177.3077,4
1677,STARLINK-32750,satellite,0,38,43.0215,223.438,154.9382,29.4734,184.4116,6867.3892,483.0171,4701.909614757445,4983.674730539747,-360.07774560502907,831.9087772788537,-6800.948142094257,-360.07774560502907,-3.0271,-83.0261,5
1678,STARLINK-32771,satellite,0,38,43.0009,223.548,87.2224,40.5825,127.8049,6861.8133,485.1717,5776.331122325475,24.015343135758997,3694.9907151984066,-3670.666706398161,-4460.132722463748,3694.9907151984066,32.7684,-129.4542,49
1679,STARLINK-32766,satellite,0,38,43.0108,223.8301,68.631,320.0328,28.6639,6865.3513,483.0549,-2675.5741449030725,-5903.3154573765105,2244.2334032812914,-2833.7092044322508,5829.058460754205,2244.2334032812914,19.2098,115.926,5
1680,STARLINK-32747,satellite,0,22,42.9979,209.4824,87.9939,219.8797,307.8736,6861.8826,491.2411,-5617.894332318352,1375.525288002058,-3694.613664785548,4646.402779240023,3444.3791545209415,-3694.613664785548,-32.732,36.5495,4
1681,STARLINK-32767,satellite,0,22,43.0068,208.9996,108.9059,37.196,146.102,6864.6294,483.0699,6334.7476255822885,313.36889549415946,2608.890633745823,-3804.6553681824603,-5074.625609229124,2608.890633745823,22.4852,-126.8604,21
1682,STARLINK-32769,satellite,0,22,42.9918,209.0463,86.5015,38.3552,124.8567,6861.3887,485.0336,5423.857866972125,-1695.1978150947118,3836.539153296247,-4768.461217465713,-3090.907214871177,3836.539153296247,34.1908,-147.0488,9
1683,STARLINK-32778,satellite,0,22,42.9884,209.684,80.0556,164.1961,244.2517,6860.1785,493.2841,350.9242265527102,5405.086369712645,-4215.118523653216,3935.004644352361,-3722.0753519723894,-4215.118523653216,-38.0635,-43.4071,8
1684,STARLINK-32710,satellite,0,22,43.0019,208.8683,137.5923,86.2758,223.8681,6863.1317,489.6795,2653.6538255128353,5434.821582784425,-3243.7497418523863,2487.210380290951,-5512.980027764589,-3243.7497418523863,-28.355,-65.7172,15
1685,STARLINK-32742,satellite,0,22,43.0157,208.9103,168.4405,34.1469,202.5874,6866.2735,485.8333,4614.785529458328,4750.18138882901,-1798.1602192013002,707.8825526068388,-6584.783291907966,-1798.1602192013002,-15.281,-83.8641,4
1686,STARLINK-32783,satellite,0,22,42.981,209.11,76.441,27.2836,103.7246,6858.9239,486.7159,3791.2679456978117,-3465.4272533907724,4540.295274328644,-5087.944989994307,-704.0699279269355,4540.295274328644,41.6522,-172.1214,4
1687,STARLINK-32806,satellite,0,50,42.9869,85.8063,80.0089,37.2153,117.2242,6860.4324,485.7712,-4677.092810524106,-2801.929692928018,4156.809404128505,831.0596853651585,5388.445690709775,4156.809404128505,37.495,81.2324,4
1688,STARLINK-32329,satellite,0,50,43.0016,85.5962,142.9627,80.3638,223.3265,6863.1983,489.4902,3050.3616843830036,-5242.1751507971985,-3211.645132320059,-5981.932624583534,1000.794080783203,-3211.645132320059,-28.0507,170.5022,10
1689,STARLINK-32774,satellite,0,52,42.9868,88.8555,98.8926,190.7456,289.6382,6859.6153,494.7323,4774.184407597884,2211.942390954036,-4407.872646797221,-1347.0546311287185,-5086.351316946647,-4407.872646797221,-40.1297,-104.8335,4
1690,STARLINK-32802,satellite,0,50,43.013,85.2774,19.7698,316.645,336.4148,6866.0938,485.8921,2518.6671739387034,6102.536246749265,-1873.046385917668,3087.217576857783,-5835.556580918853,-1873.046385917668,-15.9335,-62.1196,10
1691,STARLINK-32796,satellite,0,50,43.0221,85.2539,23.7936,326.8141,350.6077,6867.2212,483.7188,1375.9600779465527,6678.657065899462,-763.9923430432983,4260.341523592819,-5324.21040552891,-763.9923430432983,-6.4325,-51.3338,10
1692,STARLINK-32805,satellite,0,50,43.0101,86.0611,67.192,324.9846,32.1766,6864.8937,482.6175,-2265.461085171444,5974.351738496162,2491.1633813151943,6044.041561166669,-2072.3788820069212,2491.1633813151943,21.4215,-18.9258,4
1693,STARLINK-32770,satellite,0,50,42.9825,85.4229,95.2578,184.898,280.1558,6858.6471,494.832,5023.082138213443,811.9221385894435,-4605.920883262833,-2583.3104624341827,-4383.7288671915685,-4605.920883262833,-42.3292,-120.5106,4
1694,STARLINK-32775,satellite,0,50,43.0075,85.6152,186.2688,29.975,216.2438,6864.2609,487.7478,2535.061877667865,-5745.2106825730725,-2767.3929264768876,-6039.9060147715045,1718.5807643179485,-2767.3929264768876,-23.9149,164.117,12
1695,STARLINK-32800,satellite,0,78,43.0216,93.0034,51.1488,325.1391,16.2879,6866.8537,481.9792,-1749.5214106333985,6501.289955651829,1312.5576576794558,6119.9990258346625,-2805.9237654481644,1312.5576576794558,11.0992,-24.6307,4
1696,STARLINK-32758,satellite,0,52,43.004,89.07,161.5883,57.3804,218.9686,6863.8792,488.3701,3069.174179153269,-5386.098258054392,-2943.606080294126,-6104.694067126437,1078.2369564195865,-2943.606080294126,-25.5389,169.9835,8
1697,STARLINK-32746,satellite,0,50,43.0175,85.2254,47.2865,324.4672,11.7538,6867.1861,481.8688,-459.1178408369034,6777.4940695517025,953.295986953131,5508.396848898196,-3975.2709605298173,953.295986953131,8.0378,-35.817,6
1698,STARLINK-32780,satellite,0,50,43.0046,86.0413,76.2949,323.026,39.3209,6863.8752,483.3103,-2803.8950413187954,5511.699267620129,2963.7475053289772,6031.917288180134,-1362.58212522035,2963.7475053289772,25.7466,-12.7292,8
1699,STARLINK-32765,satellite,0,50,43.0135,85.701,125.5596,34.108,159.6676,6866.3411,482.5579,-2220.0081909541022,-6283.355621656047,1625.9105598628832,-3417.0985400267173,5721.226424801524,1625.9105598628832,13.794,120.8485,5
1700,STARLINK-32762,satellite,0,52,42.9827,88.9005,96.0424,179.3267,275.3691,6858.6222,495.1982,5010.401700727407,546.1762400178975,-4658.821907432383,-2779.699141403718,-4204.248609572418,-4658.821907432383,-42.9269,-123.4713,4
1701,STARLINK-32761,satellite,0,52,42.9838,88.9506,83.2039,178.1132,261.3171,6858.7966,495.1884,4943.680202851775,-1126.8944721606408,-4625.9017025790645,-4024.4876979689334,-3084.374145325351,-4625.9017025790645,-42.5526,-142.5334,4
1702,STARLINK-32763,satellite,0,50,42.9899,85.3775,103.6535,190.4321,294.0855,6859.931,493.3405,4793.966622083646,2422.388731876723,-4272.351367025053,-1197.7537456744187,-5235.978333291525,-4272.351367025053,-38.6734,-102.885,4
1703,STARLINK-32759,satellite,0,52,42.9791,89.373,94.4151,350.0237,84.4388,6858.68,486.6482,-4983.89674160744,718.8871703817878,4651.219443461297,3736.2175024397507,3375.900512338547,4651.219443461297,42.9066,42.0997,7
1704,STARLINK-32756,satellite,0,50,43.0167,86.0647,59.7379,325.2526,24.9905,6865.966,482.6836,-1687.0255437515561,6347.627105245664,1976.856257918973,5961.843922514383,-2755.874107447218,1976.856257918973,16.8499,-24.8088,4
1705,STARLINK-32751,satellite,0,50,42.9908,85.9857,95.1633,325.3553,60.5186,6860.7571,485.422,-4118.649082184164,3671.4487751301667,4069.638327705179,5455.562466456624,824.405570802978,4069.638327705179,36.583,8.5931,16
1706,STARLINK-32740,satellite,0,50,43.0206,85.2488,32.4453,325.0837,357.529,6867.5048,483.0046,783.3004209996725,6813.2752292735,-201.81621931842193,4742.439615421301,-4954.144264497431,-201.81621931842193,-1.6961,-46.2507,8
1707,STARLINK-32745,satellite,0,50,42.9918,85.7777,86.0421,38.2681,124.3102,6861.4079,484.9721,-4415.726489700966,-3549.231068960344,3861.76387885261,89.0973851909976,5664.604422964796,3861.76387885261,34.447,89.0989,4
1708,STARLINK-32755,satellite,0,90,43.0222,13.2079,41.3107,329.352,10.6627,6867.2482,482.514,6351.478120055961,2443.8738822457226,866.0489501422779,-2175.950858942925,-6448.180496957101,866.0489501422779,7.2973,-108.6471,9
1709,STARLINK-32797,satellite,0,73,43.0235,20.1551,18.2413,329.518,347.7593,6867.0067,483.753,6661.284103724782,1312.040021387082,-992.5775779268694,-3244.741555484349,-5963.707501745109,-992.5775779268694,-8.3689,-118.5498,4
1710,STARLINK-32794,satellite,0,73,43.0176,20.5311,176.904,29.4178,206.3218,6865.7801,485.8216,-4979.637406360898,-4240.428981378092,-2075.7959902475354,-82.61770284686953,6539.969492292471,-2075.7959902475354,-17.7115,90.7238,4
1711,STARLINK-32807,satellite,0,90,43.0184,12.7942,138.6376,34.9171,173.5547,6867.3588,482.3414,-6772.425443222449,-960.5467323691034,525.3938486360358,3586.1922433530804,5824.7421919588805,525.3938486360358,4.4196,58.3801,4
1712,STARLINK-32804,satellite,0,73,42.9971,20.2478,97.8304,207.4681,305.2984,6861.518,491.899,5138.6998465534825,-2471.2347857911877,-3820.064187466793,-5183.48860112365,-2375.8542466856807,-3820.064187466793,-33.9854,-155.3756,4
1713,STARLINK-32799,satellite,0,73,43.0104,20.0902,63.7116,326.505,30.2166,6865.1243,482.7324,4698.917874939389,4406.08478840223,2354.4428873602983,389.3732243998174,-6429.75900404789,2354.4428873602983,20.1934,-86.5345,48
1714,STARLINK-32781,satellite,0,73,42.9989,20.2292,93.136,219.2291,312.3652,6862.7123,492.2708,5623.356510043572,-1881.3138697083052,-3459.2180064817608,-5039.087556560167,-3125.5522572381883,-3459.2180064817608,-30.4137,-148.1903,4
1715,STARLINK-32809,satellite,0,73,42.981,19.9332,101.0286,345.7993,86.8279,6858.4738,486.3956,-1350.437089957813,4836.350334027209,4666.001271076092,4583.972888260793,-2049.6725219090067,4666.001271076092,43.0776,-24.0913,10
1716,STARLINK-32878,satellite,0,23,42.9814,256.7558,93.331,352.8799,86.2109,6858.5535,487.1301,4767.343566409165,-1587.4637678109686,4663.49358440564,-4266.268237407601,-2654.5359708963238,4663.49358440564,43.0431,-148.1095,5
1717,STARLINK-32892,satellite,0,23,42.9844,256.8174,96.6057,328.3595,64.9652,6860.1358,485.9163,3762.7687410624835,-3861.0595220864475,4235.1788931226265,-5374.176256946701,-429.4633757163935,4235.1788931226265,38.3255,-175.4311,4
1718,STARLINK-32909,satellite,0,23,43.0116,256.9087,64.826,324.7117,29.5377,6865.3487,482.8095,1056.5687243194,-6372.051596753559,2306.4894249868103,-5577.986862908387,3256.599695713454,2306.4894249868103,19.7649,149.7223,5
1719,STARLINK-32901,satellite,0,23,43.0207,256.5159,155.0616,30.2588,185.3204,6867.4341,483.0788,1140.6496334323479,6751.712278301987,-434.05386178977307,4466.841121544982,-5189.800638762334,-434.05386178977307,-3.6498,-49.2816,9
1720,STARLINK-32890,satellite,0,23,43.0226,256.1089,17.5364,330.4005,347.937,6867.1062,484.1287,-2628.734954906875,-6262.358462590628,-978.425236414499,-3139.9016840385757,6022.324998844003,-978.425236414499,-8.2483,117.5365,4
1721,STARLINK-32893,satellite,0,23,42.9817,256.2562,99.9103,184.4295,284.3398,6859.0821,494.9125,-5129.422368489946,-495.4843774116916,-4533.6341203476095,2894.7201740160126,4263.4579529730045,-4533.6341203476095,-41.517,55.825,4
1722,STARLINK-32902,satellite,0,23,42.9954,256.1893,96.4304,209.0928,305.5232,6861.5911,491.7077,-4919.364284132721,-2897.198715703934,-3809.213797056225,912.4822335519798,5635.714819943354,-3809.213797056225,-33.877,80.803,4
1723,STARLINK-32661,satellite,0,23,43.018,256.5448,131.8517,32.265,164.1167,6866.8214,482.3017,2870.1358341776327,6097.31538546486,1280.7853893339916,2858.7291335933883,-6102.6717392631745,1280.7853893339916,10.8268,-64.8998,10
1724,STARLINK-32921,satellite,0,19,42.9875,60.0198,97.8767,326.8215,64.6982,6860.2187,485.3196,-2462.94920220508,4803.296156513684,4225.810210359803,5269.061853880115,-1172.5015649487243,4225.810210359803,38.2295,-12.5454,14
1725,STARLINK-32917,satellite,0,19,43.0224,60.1618,20.5914,326.5411,347.1325,6866.9295,483.9548,4297.318907108139,5246.675032957142,-1042.5687955566382,1292.6816451798059,-6657.591370387653,-1042.5687955566382,-8.7934,-79.0118,4
1726,STARLINK-32916,satellite,0,19,43.0014,60.0703,81.1542,322.22,43.3742,6863.1909,483.4153,-497.8229260655993,6037.711911683085,3211.622516231766,4963.865863751905,-3473.0143220083164,3211.622516231766,28.0776,-34.9789,4
1727,STARLINK-32905,satellite,0,19,42.9843,60.3176,99.9312,183.2879,283.2191,6858.9931,493.8597,5023.035595501466,-1056.7328657104872,-4554.8926807964235,-4021.181046539714,-3190.2466885959197,-4554.8926807964235,-41.7625,-141.5729,4
1728,STARLINK-32871,satellite,0,19,43.0229,60.1307,44.5437,323.4059,7.9496,6867.3044,481.9602,2782.090254081088,6236.927664201879,647.3144201600676,3022.3902778802394,-6124.087677239337,647.3144201600676,5.4483,-63.7325,10
1729,STARLINK-32920,satellite,0,19,43.0165,60.0966,64.0528,325.2945,29.3473,6865.3625,482.9958,849.9645041145845,6407.8739875284155,2293.2341727871058,4387.913725386337,-4746.525238199441,2293.2341727871058,19.6461,-47.2482,4
1730,STARLINK-32922,satellite,0,19,42.9959,60.2479,104.9086,199.6585,304.5671,6861.2995,491.6257,5520.918710927501,1329.352861249984,-3853.96152758936,-2503.107028463127,-5097.2715884521385,-3853.96152758936,-34.3297,-116.1542,4
1731,STARLINK-32891,satellite,0,19,42.98,60.3642,91.4791,177.6274,269.1065,6858.5708,495.5794,4311.134526754306,-2575.771271501869,-4678.745746566597,-4735.389955085166,-1672.2919972737825,-4678.745746566597,-43.1516,-160.5494,4
1732,STARLINK-32899,satellite,0,34,42.9998,74.9538,58.8408,255.4398,314.2807,6862.9992,490.3575,4714.401224572809,3694.649513147861,-3351.1123125091076,-167.95359478795902,-5987.303693755239,-3351.1123125091076,-29.3788,-91.6068,4
1733,STARLINK-32819,satellite,0,34,43.0067,74.5082,101.9269,36.3977,138.3246,6863.5925,483.9685,-4581.41581243047,-4045.4468337433127,3110.1311181846436,-186.91262233614697,6109.0158456696745,3110.1311181846436,27.1149,91.7525,4
1734,STARLINK-32703,satellite,0,34,43.0162,74.892,10.3532,332.2573,342.6106,6866.6714,484.3247,3154.206505389438,5930.847723832523,-1398.9831565797447,2549.2086438784286,-6214.942372372086,-1398.9831565797447,-11.8359,-67.6978,6
1735,STARLINK-32881,satellite,0,34,43.0218,74.408,179.2132,15.7365,194.9497,6866.8858,483.6733,-535.3464761593958,-6732.783710498059,-1207.615927802465,-4838.862418948609,4711.940452973818,-1207.615927802465,-10.1995,135.7614,5
1736,STARLINK-32898,satellite,0,34,43.021,74.8438,39.1918,338.9739,18.1658,6866.3585,482.2171,194.9004898191343,6699.575575667939,1459.0501795163632,5030.7405540835825,-4428.763774747637,1459.0501795163632,12.3557,-41.3588,4
1737,STARLINK-32658,satellite,0,34,43.0228,74.4387,138.6926,35.0416,173.7342,6867.4638,482.2949,-2356.747451873018,-6422.511665732381,510.85876797062207,-3436.8461900116536,5915.319341724575,510.85876797062207,4.2972,120.1569,5
1738,STARLINK-32673,satellite,0,34,42.9846,74.6955,103.6421,331.0238,74.666,6859.0383,486.8192,-4186.602073693017,3025.293487350157,4507.815692838551,5001.755511428061,1289.3717120958397,4507.815692838551,41.2889,14.4552,16
1739,STARLINK-32437,satellite,0,34,42.9904,75.0061,97.4879,195.9238,293.4117,6859.846,493.0328,5155.263467954392,1442.1716872686045,-4294.305407281482,-2182.763174770437,-4887.959239033238,-4294.305407281482,-38.9109,-114.0636,4
1740,STARLINK-32870,satellite,0,68,42.9792,267.3898,78.8035,177.544,256.3475,6859.0087,495.1574,-4800.899132361138,1840.6473216219813,-4547.1207976130745,4482.519753936482,2518.656724777976,-4547.1207976130745,-41.6658,29.3309,4
1741,STARLINK-32872,satellite,0,68,43.0038,267.6403,99.4702,36.5968,136.0671,6863.2276,483.9758,3679.72734647385,4790.862051624264,3244.9820196935284,1336.375519044718,-5891.252244996719,3244.9820196935284,28.3926,-77.2193,65
1742,STARLINK-32677,satellite,0,68,42.9915,267.4584,81.6559,153.439,235.0949,6861.5459,491.6467,-3938.7359598159815,4105.880179595479,-3837.956328413511,5674.946134428499,408.5087290102344,-3837.956328413511,-34.1676,4.1173,2
1743,STARLINK-32929,satellite,0,68,43.0094,267.5082,168.5611,45.3451,213.9062,6864.7462,487.7133,-2549.1253293675572,5812.066170651598,-2611.335704318724,6100.332097722374,-1750.4574871598943,-2611.335704318724,-22.4913,-16.0105,4
1744,STARLINK-32944,satellite,0,68,42.9919,267.6982,89.3026,25.5457,114.8484,6860.1244,486.4426,4662.850046070209,2696.078130159161,4242.497777525241,-903.4144105972381,-5309.882318732188,4242.497777525241,38.4001,-99.6557,112
1745,STARLINK-32943,satellite,0,68,43.0187,267.1407,25.4576,329.8433,355.3009,6867.4735,483.0618,-751.5510385566986,-6809.0564271234325,-383.4700919195746,-4759.470564456157,4927.019214229022,-383.4700919195746,-3.224,134.009,4
1746,STARLINK-32803,satellite,0,68,43.0166,267.1033,47.3177,329.1675,16.4852,6866.6839,482.1062,1088.9769874519125,-6640.98345945099,1327.9161576051356,-5805.623709416036,3403.419682109138,1327.9161576051356,11.2305,149.62,5
1747,STARLINK-32926,satellite,0,68,42.9959,267.034,91.0435,320.8274,51.8709,6861.9386,484.9979,3720.705896457487,-4432.193225456,3678.3049945145435,-5786.79045164749,-32.333023876719636,3678.3049945145435,32.6033,-179.6799,3
1748,STARLINK-33635,satellite,0,84,42.9855,78.2892,101.9605,186.9213,288.8819,6859.4529,493.316,5101.8749255126195,1210.4999993897832,-4427.174249652466,-2326.9334090589177,-4698.916780908394,-4427.174249652466,-40.351,-116.3449,4
1749,STARLINK-33622,satellite,0,84,43.0148,78.0849,62.9777,324.9544,27.932,6865.4384,482.6676,-1047.382915228616,6414.050420256547,2191.6897642820263,5604.437626011917,-3290.4912491674986,2191.6897642820263,18.7445,-30.4182,4
1750,STARLINK-33628,satellite,0,84,43.0192,78.5536,152.2093,37.6875,189.8968,6867.2634,484.0182,-496.36226635908946,-6796.420408026417,-804.6210638552292,-4912.727733954408,4722.585316766473,-804.6210638552292,-6.7758,136.1305,5
1751,STARLINK-33627,satellite,0,84,42.9943,78.4676,81.8926,150.4713,232.3639,6861.9623,491.9691,3057.4430392006125,-4901.5780697482,-3706.6166851185576,-5724.371207450431,777.8173250225659,-3706.6166851185576,-32.8476,172.2621,10
1752,STARLINK-33620,satellite,0,84,42.9823,78.4061,72.9886,180.5432,253.5319,6859.258,494.0131,4325.51950691324,-2873.4728134313855,-4487.048043143102,-4973.653754709875,-1493.229166094944,-4487.048043143102,-41.0058,-163.2888,4
1753,STARLINK-33604,satellite,0,84,42.9889,78.7129,78.8984,33.159,112.0574,6859.8419,486.1563,-5061.833241004041,-1615.0814913111226,4332.480264789766,1990.0411235609924,4926.497773250825,4332.480264789766,39.3694,68.0039,4
1754,STARLINK-33624,satellite,0,34,43.0225,75.0881,168.2459,19.0041,187.25,6867.3379,482.9444,-1139.7417027301594,-6739.752034224875,-590.7483483004313,-4458.2177683709715,5181.463399616168,-590.7483483004313,-4.9703,130.7093,4
1755,STARLINK-33623,satellite,0,84,43.0095,78.6204,109.7641,37.7276,147.4916,6864.8806,482.769,-3783.248049553889,-5137.996375841477,2514.0558691929473,-1537.3747107362271,6192.612660372208,2514.0558691929473,21.6275,103.9423,4
1756,STARLINK-33586,satellite,0,0,43.0161,71.23,14.3267,325.7773,340.104,6866.4595,484.931,3692.7786496793965,5559.790842761025,-1593.0869402287517,1919.7185726160326,-6392.383669080759,-1593.0869402287517,-13.5055,-73.2843,6
1757,STARLINK-33605,satellite,0,84,43.0198,78.1377,23.0707,329.4776,352.5482,6867.2748,483.4481,2035.231672779517,6524.437712048668,-607.1130467004486,3720.617849343056,-5733.014760092426,-607.1130467004486,-5.1079,-57.0172,5
1758,STARLINK-32945,satellite,0,89,42.9947,303.9016,74.2465,164.6117,238.8582,6860.8941,492.3748,-5545.76301307797,549.5304134960858,-4005.7600024264057,3964.7450396497993,3916.4100708624896,-4005.7600024264057,-35.8777,44.6486,4
1759,STARLINK-32941,satellite,0,55,43.006,292.6928,160.0309,57.4924,217.5233,6864.1709,488.4749,-4920.0439410726985,3842.3583663057393,-2851.1302946790875,6098.89830549659,1331.9120302845463,-2851.1302946790875,-24.6824,12.3192,4
1760,STARLINK-32942,satellite,0,89,43.0135,303.9804,169.3395,34.1697,203.5091,6865.9962,485.5383,-5176.612182921811,4099.291673512479,-1867.2726138741002,6460.465805060618,1365.2426518922273,-1867.2726138741002,-15.884,11.9323,4
1761,STARLINK-32947,satellite,0,89,43.0156,303.5542,50.2999,329.9897,20.2897,6866.3542,482.3565,5005.395734342693,-4400.3266328933805,1622.6582559847152,-6582.757299508154,-1041.2335325463437,1622.6582559847152,13.7663,-171.0117,9
1762,STARLINK-32961,satellite,0,89,43.0019,304.084,101.5759,38.364,139.9399,6863.6385,484.2308,-268.12981606833637,6156.384803549256,3010.3793943345318,4908.48559347032,-3725.5518552734397,3010.3793943345318,26.1778,-37.1986,4
1763,STARLINK-32948,satellite,0,89,43.0205,304.0149,153.763,28.4966,182.2596,6867.5136,482.7098,-3998.9523297995443,5571.833370931959,-184.5500114044489,6841.431949175362,-481.41015178618625,-184.5500114044489,-1.551,-4.0251,5
1764,STARLINK-32957,satellite,0,89,42.9826,304.1866,78.2385,26.1546,104.3932,6859.1203,486.7902,3060.9504780078596,4139.245132422024,4527.269999189883,1230.1583922876566,-4998.947731771178,4527.269999189883,41.506,-76.1752,84
1765,STARLINK-32949,satellite,0,77,42.9834,307.7758,81.1889,174.031,255.22,6859.0711,494.6472,-4909.91348241643,-1589.9874628679663,-4524.584723156054,1912.3245990982714,4793.571232867577,-4524.584723156054,-41.4181,68.2512,4
1766,STARLINK-32952,satellite,0,47,42.9913,314.3162,93.7285,322.3359,56.0644,6861.2319,484.9138,5650.999696976563,168.20532727802916,3878.8121442694915,-3479.669889998105,-4455.781420132106,3878.8121442694915,34.6206,-127.9875,55
1767,STARLINK-32936,satellite,0,47,42.9997,314.3766,78.8421,323.0736,41.9157,6863.4643,483.4645,5963.206210265235,-1304.078242921185,3124.1016734834916,-4811.964360427563,-3755.721949742981,3124.1016734834916,27.2487,-142.0281,9
1768,STARLINK-32937,satellite,0,77,43.004,307.4557,77.882,318.7285,36.6105,6864.28,482.7485,5721.596913946495,-2550.767917499726,2789.2543868228886,-5616.964603333279,-2773.5891655991445,2789.2543868228886,24.1343,-153.7204,9
1769,STARLINK-32939,satellite,0,77,42.9791,307.291,86.1283,7.1355,93.2638,6858.5962,486.8585,3746.9960372741625,3344.0801291020607,4665.732758268853,180.1376134480567,-5019.004049951022,4665.732758268853,43.0709,-87.9445,102
1770,STARLINK-32919,satellite,0,77,43.0183,307.4882,47.6868,327.7742,15.4609,6866.7705,481.9168,5084.34296520447,-4432.128741439098,1247.5106433409046,-6657.649426235941,-1081.671246661824,1247.5106433409046,10.5429,-170.7718,5
1771,STARLINK-32876,satellite,0,77,43.0167,307.0529,164.2062,35.2612,199.4674,6866.4859,484.894,-5232.723312457978,4155.786599564353,-1560.1285390264234,6539.774021329001,1372.33788689599,-1560.1285390264234,-13.2211,11.8513,4
1772,STARLINK-32915,satellite,0,47,43.0046,314.3361,75.2794,319.6239,34.9033,6864.4847,482.7334,5982.891039116583,-2017.20322728635,2676.302230366301,-5373.274725714046,-3315.4204511824155,2676.302230366301,23.1,-148.3246,9
1773,STARLINK-32946,satellite,0,73,43.019,20.5591,124.7182,32.1176,156.8358,6866.149,483.262,-6597.973581423654,-367.54240656285305,1840.9861399292085,3931.0831738665265,5311.772574379475,1840.9861399292085,15.6601,53.496,5
1774,STARLINK-32960,satellite,0,51,42.9931,16.7175,113.7262,181.9345,295.6607,6860.2534,493.2347,4148.066938844346,-3478.769311578921,-4218.5512928661665,-5326.086867375763,-970.0999605629377,-4218.5512928661665,-38.1002,-169.6772,7
1775,STARLINK-32904,satellite,0,51,43.009,16.2017,110.8734,37.0896,147.963,6865.0021,483.1278,-6325.359423909971,932.5470825624797,2481.6473792055003,4757.3719750576975,4271.677398139763,2481.6473792055003,21.334,41.9209,5
1776,STARLINK-32931,satellite,0,51,43.0224,16.5659,29.4741,343.9103,13.3844,6867.2052,481.2315,6064.62757977883,3015.031490077956,1083.265256170032,-1553.2524834672422,-6592.232496672017,1083.265256170032,9.1431,-103.2581,12
1777,STARLINK-32934,satellite,0,51,42.9894,16.2891,76.4347,36.1921,112.6269,6859.7678,486.2529,-3830.124149825341,3703.3171255862003,4314.961972776035,5295.813598961961,582.0369926258038,4314.961972776035,39.1794,6.2719,19
1778,STARLINK-32938,satellite,0,51,43.0156,16.5944,31.7532,320.4459,352.1991,6867.2918,483.3742,6709.1751013653975,1288.850024276603,-635.3290409082437,-3293.1722400396766,-5985.74820079255,-635.3290409082437,-5.346,-118.8182,4
1779,STARLINK-32935,satellite,0,51,42.9993,16.9206,87.4797,144.5802,232.0599,6861.8607,491.3397,-2884.961703947802,-5015.455322246482,-3691.4337749843544,-2016.7862407972866,5423.132801400563,-3691.4337749843544,-32.6998,110.3995,8
1780,STARLINK-32930,satellite,0,51,42.9895,16.8518,76.6615,176.6096,253.2711,6859.2092,494.2202,-496.92299729583476,-5174.068139178784,-4481.7184835739345,-3663.9953429125203,3686.875601538766,-4481.7184835739345,-40.9453,134.8217,16
1781,STARLINK-33660,satellite,0,11,42.9924,173.2622,88.7624,215.2323,303.9948,6861.232,492.2548,-3322.670131931513,4583.76562801447,-3880.3446056580838,5649.211106566656,-370.75330293957495,-3880.3446056580838,-34.5938,-3.7549,4
1782,STARLINK-33611,satellite,0,7,42.9975,169.3665,85.5246,39.7841,125.3086,6861.7533,484.8366,3139.660258080047,-4753.143411772257,3815.68031140781,-5662.662438647282,619.7523174418136,3815.68031140781,33.981,173.7541,4
1783,STARLINK-33646,satellite,0,11,43.0063,172.7902,98.7525,43.3675,142.12,6864.3433,483.0186,4983.300369477299,-3733.99513005192,2871.8990652797283,-6055.914246790013,-1449.7947576156394,2871.8990652797283,24.8954,-166.5367,9
1784,STARLINK-33665,satellite,0,11,42.9784,172.5242,79.7822,182.5459,262.3281,6858.8312,495.7968,1556.1071197415952,4815.40603185784,-4637.556216859192,2711.545697860313,-4272.835656584346,-4637.556216859192,-42.6802,-57.6007,13
1785,STARLINK-33603,satellite,0,11,42.9821,173.3087,96.0525,186.6178,282.6703,6859.0784,495.3355,-924.4455116774442,5041.23985872787,-4565.699980059043,4469.565793822496,-2508.322234478467,-4565.699980059043,-41.8726,-29.3012,4
1786,STARLINK-33669,satellite,0,11,43.0038,172.6523,149.1597,70.6766,219.8362,6864.0193,489.3331,5638.165954745117,2514.888351464176,-2998.7175321182285,-1665.738146770901,-5944.652654274206,-2998.7175321182285,-26.048,-105.6533,4
1787,STARLINK-33673,satellite,0,43,42.9997,165.271,81.1331,324.3412,45.4743,6863.0798,483.1654,-5558.715508376887,-2235.067863954931,3333.6216399269033,1830.3132654800395,5704.804975611485,3333.6216399269033,29.2445,72.2118,5
1788,STARLINK-33662,satellite,0,11,42.9815,172.9069,68.5995,31.1172,99.7166,6858.7109,485.4843,537.6523344454779,-5047.25039048062,4605.72426482497,-4227.159161909919,2809.792155448953,4605.72426482497,42.3982,146.388,7
1789,STARLINK-33613,satellite,0,11,43.0142,173.1874,12.7278,326.6212,339.3489,6866.2653,485.0174,-6165.765583297015,2518.671117066423,-1650.8957566102265,5875.942040780313,3135.86902747948,-1650.8957566102265,-14.005,28.0879,4
1790,STARLINK-33680,satellite,0,11,43.0201,172.7183,142.7166,41.8515,184.5682,6867.6966,483.792,6835.545886714513,-470.62116746160876,-372.86306232263865,-4727.766062392698,-4959.274131557003,-372.86306232263865,-3.1344,-133.631,4
1791,STARLINK-33671,satellite,0,92,42.9905,311.4473,100.9213,199.0134,299.9347,6860.782,492.5363,-993.9667871177566,-5446.830859704589,-4055.534453755378,-3556.436963552566,4243.547161561943,-4055.534453755378,-36.3922,129.9657,16
1792,STARLINK-33650,satellite,0,26,42.9793,321.872,103.2155,183.4776,286.6931,6859.2827,495.4295,-1418.9596379783613,-5001.413147890402,-4482.492190952095,-2942.26664540466,4286.099265934221,-4482.492190952095,-40.9451,124.4683,12
1793,STARLINK-33689,satellite,0,26,43.0104,321.7525,8.4096,320.8318,329.2414,6865.0456,486.6828,3042.443943706269,-5665.908502369138,-2393.9294600108547,-6302.9319086141895,1277.5107291866177,-2393.9294600108547,-20.5346,168.5422,8
1794,STARLINK-33607,satellite,0,26,43.0093,322.1017,176.4199,32.4765,208.8964,6865.5428,486.4515,-6230.300544046257,1776.9721049522593,-2261.9191320240748,5346.432729331889,3659.225574032066,-2261.9191320240748,-19.3571,34.3887,4
1795,STARLINK-33619,satellite,0,26,43.0171,321.6788,53.491,325.151,18.642,6866.5687,482.5552,6093.4773873326985,-2772.5208535865786,1495.9093797068585,-6025.107365221758,-2918.1192215291508,1495.9093797068585,12.6722,-154.1579,9
1796,STARLINK-33612,satellite,0,26,42.9837,322.4068,99.9195,334.6161,74.5356,6859.1041,486.5448,4397.06114281266,2714.76318999012,4504.74800699923,-719.2862259431364,-5117.295496307282,4504.74800699923,41.2568,-98.0011,111
1797,STARLINK-33672,satellite,0,26,42.9872,321.833,102.8018,191.0499,293.8517,6859.9551,493.5795,-655.5226086304136,-5325.190486377122,-4280.021471938884,-3678.9894109073707,3905.432181085529,-4280.021471938884,-38.7539,133.2899,17
1798,STARLINK-33625,satellite,0,47,42.9898,314.4736,84.5827,35.0067,119.5893,6860.6297,485.2853,740.1450763501389,5470.815864809193,4065.1531818013027,3737.0003331877647,-4063.553798148592,4065.1531818013027,36.5371,-47.3972,6
1799,STARLINK-33699,satellite,0,47,43.0214,314.3478,145.9482,37.3242,183.2724,6867.3895,483.0619,-4992.9794590437,4698.3352798343985,-267.2176432513287,6804.140361686658,841.3514239813564,-267.2176432513287,-2.246,7.049,5
1800,STARLINK-33674,satellite,0,26,43.0166,322.1599,136.4309,30.0862,166.5171,6867.0733,482.3037,-4550.738225595749,5015.8141610231005,1091.1369849198936,6765.990884790548,298.29086936985743,1091.1369849198936,9.2087,2.5244,5
1801,STARLINK-33531,satellite,0,2,43.0073,38.2308,16.5066,301.4191,317.9257,6863.5565,489.1131,6082.564295126507,510.7421653838002,-3136.736904384028,-3491.7188638723155,-5006.630138079603,-3136.736904384028,-27.3435,-124.8927,4
1802,STARLINK-33652,satellite,0,2,42.9811,37.9056,82.3005,17.1734,99.4739,6858.7973,486.829,-3929.409547692918,3209.8927741626817,4609.889230254273,4979.541612405338,973.5688704173448,4609.889230254273,42.4351,11.0626,21
1803,STARLINK-33707,satellite,0,2,43.0207,38.1902,343.7906,355.2895,339.0801,6866.4301,481.93,6142.416421037097,2553.8075684562077,-1670.8743137108554,-1957.8380424153106,-6357.5217487478385,-1670.8743137108554,-14.1845,-107.1165,4
1804,STARLINK-33668,satellite,0,2,42.9928,38.4643,77.3729,162.8798,240.2527,6860.6134,492.5048,44.71779666649562,-5530.83734530431,-4063.2878791405506,-4284.451117640886,3497.947975899197,-4063.2878791405506,-36.473,140.7708,15
1805,STARLINK-33676,satellite,0,2,43.0233,38.1758,21.9383,324.2504,346.1887,6866.9868,484.4055,5978.561618094388,3177.14602648824,-1117.681926497834,-1373.5405246624453,-6629.543145805102,-1117.681926497834,-9.4318,-101.7052,4
1806,STARLINK-33711,satellite,0,2,42.9857,37.8857,79.7731,26.7866,106.5597,6859.2863,486.5248,-4494.003784765711,2593.951937683323,4480.321720112015,4866.17206101523,1801.3956103794621,4480.321720112015,40.9857,20.3139,13
1807,STARLINK-33708,satellite,0,2,43.0134,38.208,19.9381,305.0472,324.9853,6864.5861,488.5783,6198.00700026574,1214.1463345324767,-2686.480597285969,-3024.1898691535307,-5544.701771268759,-2686.480597285969,-23.1719,-118.6089,4
1808,STARLINK-33690,satellite,0,32,43.0013,34.3491,94.1431,38.1238,132.267,6862.6618,484.1519,-5901.412860043229,461.6769528793364,3460.665336247469,4124.284654018991,4246.1859881695,3460.665336247469,30.4678,45.8344,6
1809,STARLINK-33694,satellite,0,2,43.0236,38.1368,42.3977,324.9695,7.3672,6867.3544,482.3771,4954.227948638622,4707.41600931136,600.214387490733,458.1849505527295,-6818.66604277405,600.214387490733,5.0505,-86.1557,8
1810,STARLINK-33692,satellite,0,80,42.9969,42.1296,92.6947,36.9654,129.6601,6862.1669,484.6129,-5835.41114432979,-72.35671658280187,3599.8533794138248,3671.2011879649917,4536.467850132675,3599.8533794138248,31.8284,51.018,5
1811,STARLINK-33693,satellite,0,2,42.9855,38.3691,85.7462,182.6616,268.4078,6858.5787,494.9058,2965.648842887733,-4053.089411223008,-4677.534718570069,-5012.846848268365,306.5506654622301,-4677.534718570069,-43.143,176.5005,8
1812,STARLINK-33677,satellite,0,2,43.003,38.2326,90.9284,219.9429,310.8713,6862.4834,490.8566,5876.60053640037,-202.0296437852436,-3539.696444278998,-3908.643391938326,-4392.921200755366,-3539.696444278998,-31.2053,-131.6614,4
1813,STARLINK-33647,satellite,0,49,42.9988,45.8552,83.2946,324.0554,47.35,6862.6033,484.4658,588.8172484709695,5902.858153950027,3439.593832511513,4166.0979383780395,-4223.040149654452,3439.593832511513,30.2615,-45.3889,4
1814,STARLINK-33645,satellite,0,80,43.0215,41.5439,33.1045,322.8755,355.9801,6867.4891,483.0525,5355.780616096473,4275.88209737813,-328.16733118670817,-130.33155685758192,-6852.048409324075,-328.16733118670817,-2.7586,-91.0897,4
1815,STARLINK-33670,satellite,0,2,43.0169,38.1574,8.7686,323.3339,332.1025,6865.6221,486.6589,6219.533289917781,1901.1179544729343,-2190.5582792994205,-2509.3242409432028,-6000.0113062418195,-2190.5582792994205,-18.7231,-112.6957,4
1816,STARLINK-33644,satellite,0,2,42.9839,38.7897,104.5138,332.9283,77.4421,6858.9915,487.0528,-1904.8507233769299,4749.439164772901,4562.337932979698,4871.181247729382,-1567.5528412139543,4562.337932979698,41.8969,-17.8382,14
1817,STARLINK-33664,satellite,0,2,42.989,38.2563,111.2757,178.42,289.6957,6859.6204,494.3575,4743.27634434138,-2279.51603732422,-4406.238179692679,-4783.420537597524,-2194.026390838781,-4406.238179692679,-40.1145,-155.3603,4
1818,STARLINK-33649,satellite,0,2,43.0248,38.093,33.6653,326.7218,0.3872,6867.5565,483.1174,5378.841699828406,4259.561775726393,31.636890994989304,-157.61811429101925,-6859.37031243318,31.636890994989304,0.2658,-91.3163,5
1819,STARLINK-33535,satellite,0,2,42.9905,38.206,114.1081,182.7027,296.8108,6860.3822,493.2731,5203.882463962647,-1606.2230617638425,-4176.941103929032,-4559.5057551199525,-2978.46478775694,-4176.941103929032,-37.6592,-146.8457,4
1820,STARLINK-33703,satellite,0,2,43.0187,38.5244,152.7339,30.836,183.5699,6867.37,482.9339,-5162.724107013647,-4509.44492859351,-291.4579325040514,-172.68995053942737,6852.663128312983,-291.4579325040514,-2.4499,91.4436,4
1821,STARLINK-33709,satellite,0,2,43.016,38.559,126.4679,35.9834,162.4513,6866.7021,481.7277,-6056.391442642767,-2893.9418832313013,1410.8506465374605,1641.1688697673942,6508.559108661708,1410.8506465374605,11.9424,75.8476,4
1822,STARLINK-33698,satellite,0,2,43.0048,38.0096,79.4108,323.4987,42.9096,6863.2551,483.9807,1854.8380916387493,5783.078042065502,3184.4542443138353,3265.3646146789833,-5120.723573872799,3184.4542443138353,27.8172,-57.4753,7
1823,STARLINK-33606,satellite,0,2,42.9996,38.1961,110.6801,193.1783,303.8585,6861.3898,492.1638,5582.741122766853,-911.3925747564206,-3887.017824772025,-4266.808878562017,-3713.7550892563686,-3887.017824772025,-34.6622,-138.9643,4
1824,STARLINK-33686,satellite,0,2,42.989,38.3818,45.195,202.0318,247.2267,6859.9877,492.8591,791.525498323918,-5277.584771444807,-4314.483622243236,-4566.537956130308,2761.5475243971987,-4314.483622243236,-39.1292,148.8372,17
1825,STARLINK-33675,satellite,0,2,42.9917,37.9615,97.7093,326.3682,64.0775,6860.2698,485.8824,-411.39128764957513,5399.608580313021,4204.649811467422,4417.654551395617,-3131.9872088943084,4204.649811467422,38.0007,-35.3355,5
1826,STARLINK-33655,satellite,0,2,42.9903,38.6347,85.2535,34.7346,119.9881,6860.8214,485.2368,-5388.649897969435,1253.4345189393614,4049.026953871816,4406.045254508862,3345.9544275699104,4049.026953871816,36.3695,37.2131,5
1827,STARLINK-33608,satellite,0,2,42.9844,38.3202,92.4571,169.5521,262.0092,6858.1477,496.0041,2334.7500112946905,-4493.130975351658,-4634.68120906348,-4948.518218529198,1073.0568567367272,-4634.68120906348,-42.646,167.7652,12
1828,STARLINK-33615,satellite,0,2,43.0038,38.5926,106.4588,34.6947,141.1534,6863.916,483.0155,-6136.27530351964,-872.8808300617324,2933.551876843116,3247.362313730208,5279.245547181822,2933.551876843116,25.4669,58.4036,5
1829,STARLINK-33679,satellite,0,20,43.002,191.3974,77.5005,323.7354,41.2359,6863.4759,483.4814,-4401.761342641801,-4259.489894201637,3082.7812800699585,-466.3545500974885,6107.47660740383,3082.7812800699585,26.8596,94.3665,4
1830,STARLINK-33706,satellite,0,20,43.0157,191.4087,57.2291,322.7678,19.9969,6866.4583,481.8625,-5978.736035140255,-2955.9994230548314,1600.1060804477845,1543.8207134325314,6488.438546504219,1600.1060804477845,13.5723,76.6162,4
1831,STARLINK-33691,satellite,0,20,42.9922,190.6844,93.6369,209.4376,303.0745,6861.1141,491.9387,-4460.340359023875,3439.221185724791,-3921.5914554682213,5495.093620888288,1235.6474336752822,-3921.5914554682213,-35.0159,12.673,4
1832,STARLINK-33696,satellite,0,20,43.02,191.0363,129.9285,31.7483,161.6768,6866.6217,482.4407,6693.187475393615,-300.9271207853662,1471.276549070691,-4506.269718906813,-4958.109411182214,1471.276549070691,12.4604,-132.2667,3
1833,STARLINK-33701,satellite,0,20,43.0166,191.4359,37.2394,321.5398,358.7792,6867.4477,482.3561,-6743.951238550492,-1255.1823962184717,-99.71140847537268,3341.289279886813,5991.005516925929,-99.71140847537268,-0.838,60.8508,4
1834,STARLINK-33685,satellite,0,20,42.9801,191.1923,79.5121,18.4461,97.9582,6858.6114,486.8869,1895.163715867567,-4688.242251226878,4628.521055380598,-4817.904433878149,1535.922453168486,4628.521055380598,42.6462,162.318,5
1835,STARLINK-33654,satellite,0,20,43.0156,191.0435,119.4598,35.1672,154.627,6865.7347,482.426,6493.994801515515,-922.0490013145113,2004.995238864134,-4856.9955458419845,-4408.144406732468,2004.995238864134,17.0976,-137.7735,2
1836,STARLINK-33697,satellite,0,20,43.0049,191.0845,105.4298,35.0272,140.457,6863.7325,482.821,5802.814646447629,-2116.327719362116,2977.536537049267,-5334.540781665619,-3113.5470906209107,2977.536537049267,25.8771,-149.7297,9
1837,STARLINK-33720,satellite,0,20,42.9987,191.0853,97.5813,35.7819,133.3633,6862.8009,483.3783,5320.742241906846,-2672.413372689709,3399.4027119159787,-5454.556607861111,-2387.447057210141,3399.4027119159787,29.8775,-156.3611,9
1838,STARLINK-33587,satellite,0,20,43.0086,190.9458,160.3267,57.9357,218.2623,6863.9196,488.6982,4700.566288978817,4074.4988778271936,-2898.9614224462252,133.170353332748,-6219.254794546721,-2898.9614224462252,-25.1236,-88.7733,5
1839,STARLINK-33637,satellite,0,20,43.0142,191.4655,12.6338,324.9839,337.6177,6866.0646,485.2455,-6598.134535226847,611.1567589989266,-1782.4806445437628,4684.279413630616,4686.834571868277,-1782.4806445437628,-15.146,45.0156,4
1840,STARLINK-33744,satellite,0,20,42.9875,191.3038,98.303,324.2397,62.5427,6860.3224,485.6735,-2227.57904718138,-4983.5235043804605,4148.080009343896,-2412.063148230588,4896.893535610301,4148.080009343896,37.4036,116.2235,5
1841,STARLINK-33766,satellite,0,20,43.0167,191.4164,46.3218,326.6674,12.9892,6866.9346,482.0903,-6328.810376615796,-2428.071834456636,1051.862937220561,2173.63316702507,6420.645798644397,1051.862937220561,8.8748,71.2971,4
1842,STARLINK-33765,satellite,0,20,42.9857,191.1436,78.4034,33.7426,112.146,6859.7011,486.2862,3433.4962017883045,-4058.1635383970206,4329.593967702961,-5315.54949667315,-50.209764862584876,4329.593967702961,39.3373,-179.4588,4
1843,STARLINK-33735,satellite,0,20,43.013,190.9525,169.4887,41.6781,211.1668,6865.0352,487.2552,5271.807335784555,3665.3586075679573,-2422.8221487631035,-546.4887966655883,-6397.511727447114,-2422.8221487631035,-20.7918,-94.8825,3
1844,STARLINK-33731,satellite,0,20,43.0202,191.446,27.598,324.1461,351.7441,6867.2956,483.4405,-6798.166154041557,-641.4907956023434,-672.1928895660553,3848.1404289750794,5640.779089601559,-672.1928895660553,-5.6571,55.6982,4
1845,STARLINK-33718,satellite,0,20,42.9873,190.742,96.2731,185.6021,281.8753,6858.8598,494.9911,-2303.4260760858106,4563.941111625262,-4579.67749171878,4982.999960798942,-1142.384151261319,-4579.67749171878,-42.0322,-12.9123,4
1846,STARLINK-33630,satellite,0,63,43.0166,187.4947,166.0552,35.4135,201.4687,6866.2025,485.466,6092.066926521847,2653.613790038796,-1713.3953108017615,-1848.8822332290192,-6382.521450927954,-1713.3953108017615,-14.5455,-106.1552,4
1847,STARLINK-33695,satellite,0,63,42.9866,187.3009,76.5866,195.4688,272.0554,6858.4617,494.3827,-881.6756086461419,4944.874745843131,-4676.075744933733,4368.098690219376,-2479.6878762179886,-4676.075744933733,-43.1304,-29.5828,4
1848,STARLINK-33713,satellite,0,63,42.9855,187.3655,79.1108,171.8332,250.9441,6859.4088,494.6192,1614.0738207963416,4994.061408941896,-4423.411454145124,2811.996809968261,-4431.54122128985,-4423.411454145124,-40.3005,-57.6032,14
1849,STARLINK-33721,satellite,0,63,42.995,187.4071,62.7918,174.1398,236.9316,6861.1167,491.6838,3171.08317351212,4654.136766017745,-3921.9228280951065,1556.0213112012907,-5412.536855229461,-3921.9228280951065,-35.0208,-73.9609,12
1850,STARLINK-33639,satellite,0,63,42.9943,187.5996,93.0904,37.6052,130.6956,6862.5182,483.3733,4933.773687400536,-3177.307710021371,3544.607227742115,-5595.921123298832,-1767.2220755935184,3544.607227742115,31.2914,-162.4736,9
1851,STARLINK-33688,satellite,0,20,42.9799,191.1948,86.5817,4.3207,90.9024,6858.3662,487.1612,1079.4929682160061,-4898.319736163481,4672.98717118911,-4458.614566851227,2297.7374633274626,4672.98717118911,43.1516,152.7358,6
1852,STARLINK-33700,satellite,0,20,43.0201,190.9599,151.773,45.3032,197.0762,6866.5934,485.0147,6160.022173701022,2693.5303132123445,-1374.7871974585316,-1861.5678074176838,-6460.305258040689,-1374.7871974585316,-11.6272,-106.0746,2
1853,STARLINK-33687,satellite,0,20,42.9803,190.7565,89.0211,171.7014,260.7224,6858.7187,495.4835,162.20228472551725,5075.32103991025,-4618.240292650482,3801.785749614056,-3366.246924002654,-4618.240292650482,-42.4636,-41.5229,5
1854,STARLINK-33716,satellite,0,20,42.9953,190.9025,89.1337,143.2817,232.4154,6861.7246,491.9308,3358.435925765239,4698.331365561673,-3709.2284828947686,1470.372525110552,-5584.927405570394,-3709.2284828947686,-32.8738,-75.2502,12
1855,STARLINK-33754,satellite,0,20,42.9904,191.1043,84.1475,35.1111,119.2586,6860.5333,485.7956,4130.994051514605,-3648.0533778046747,4078.7286998672307,-5445.444392099266,-848.8466725597758,4078.7286998672307,36.6755,-171.1399,3
1856,STARLINK-32953,satellite,0,37,42.9918,202.04,82.796,36.8467,119.6427,6860.6381,485.4017,4778.66338902261,-2767.565064647168,4063.221595979269,-5181.567004167077,-1909.5558525394226,4063.221595979269,36.5162,-159.7697,8
1857,STARLINK-32951,satellite,0,37,43.0075,201.9598,104.3322,36.5824,140.9146,6863.783,483.6078,6119.204157639285,-941.7661134817089,2949.151954897517,-4632.8015192207,-4107.1563178041715,2949.151954897517,25.6095,-138.4418,4
1858,STARLINK-32958,satellite,0,37,43.0163,201.8931,165.0573,32.4036,197.4609,6866.5624,484.6685,5512.317155090745,3837.5949799185382,-1404.6250854405032,-567.5610846775635,-6692.581718840892,-1404.6250854405032,-11.8837,-94.8473,4
1859,STARLINK-32928,satellite,0,37,42.9808,201.6357,103.7539,185.6127,289.3666,6859.4242,494.1075,-3862.1811417783056,3564.1104666515303,-4414.360991924388,5209.1699985844925,695.6108942865973,-4414.360991924388,-40.2051,7.606,4
1860,STARLINK-32687,satellite,0,37,43.0092,201.9419,112.2624,35.6723,147.9347,6864.8654,482.8672,6385.778424640912,-297.8192430371467,2483.5239767088588,-4307.5465561915935,-4723.547930991547,2483.5239767088588,21.3518,-132.3626,4
1861,STARLINK-32950,satellite,0,37,43.0044,201.4978,31.5195,286.1836,317.7031,6863.3525,489.2953,-5960.880336835868,1282.303942299728,-3150.1023601102816,4793.72392615256,3767.8387319982785,-3150.1023601102816,-27.4688,38.1671,4
1862,STARLINK-32954,satellite,0,37,42.9844,201.75,76.6662,170.291,246.9571,6859.8375,493.6766,783.1511156670816,5286.798444994527,-4306.079584525003,3567.9353610904823,-3979.120597198239,-4306.079584525003,-39.0332,-48.1186,9
1863,STARLINK-32940,satellite,0,37,43.0052,201.8263,161.6386,57.0506,218.6892,6863.8945,488.5627,3806.3665778868703,4903.88987549052,-2925.9925067113168,1342.468464246372,-6060.886144673617,-2925.9925067113168,-25.3746,-77.5108,10
1864,STARLINK-32959,satellite,0,23,42.9868,256.9068,75.3957,38.9297,114.3254,6860.0517,486.6202,5091.302841208782,1715.55291105052,4259.908756958995,-1931.5511946876936,-5013.341838914945,4259.908756958995,38.5851,-111.0708,98
1865,STARLINK-32956,satellite,0,23,42.9826,256.1824,101.7777,330.9037,72.6814,6859.397,486.6699,4162.023280654148,-3125.311405746911,4462.1678189584245,-5063.020070342669,-1206.58068064517,4462.1678189584245,40.7838,-166.5957,4
1866,STARLINK-33722,satellite,0,85,43.0201,252.824,27.2548,324.8975,352.1523,6867.3121,483.9181,-2661.8320958726326,-6292.16108960739,-639.2184652501222,-3141.6963138825063,6066.826646239698,-639.2184652501222,-5.3784,117.3773,4
1867,STARLINK-33739,satellite,0,85,43.0148,253.2711,128.512,32.769,161.281,6866.5403,482.57,3411.600282695795,5758.5366094448555,1501.8039042443509,2252.229334571277,-6302.953545418473,1501.8039042443509,12.7229,-70.3367,13
1868,STARLINK-33683,satellite,0,85,43.0188,253.261,136.1383,32.2033,168.3416,6867.1266,482.3257,2905.601765921891,6141.9352182855055,945.7571796049302,2870.412501606341,-6158.459378640591,945.7571796049302,7.9733,-65.0101,10
1869,STARLINK-33732,satellite,0,85,42.992,253.1313,55.6144,183.348,238.9624,6860.8963,491.7288,-3089.1299085021383,4634.127485248847,-4009.5693870312884,5538.809561018725,-582.6231954778169,-4009.5693870312884,-35.9209,-6.0048,4
1870,STARLINK-33800,satellite,0,85,43.018,252.7806,55.8528,324.6062,20.459,6866.3783,482.3949,-228.08965726853128,-6657.521813141767,1635.7018137188288,-4977.184060693397,4427.444004184683,1635.7018137188288,13.879,138.3454,5
1871,STARLINK-33632,satellite,0,85,43.0223,253.2405,155.9746,26.5619,182.5365,6867.4886,482.927,1763.914055982894,6627.187827960776,-207.1709031820705,3972.9637590059046,-5589.863171276303,-207.1709031820705,-1.7412,-54.5969,5
1872,STARLINK-33719,satellite,0,85,43.0139,252.8602,13.5725,317.3848,330.9573,6865.4156,487.0608,-4096.068094668437,-5015.512666387753,-2272.7675969057245,-1243.337925934906,6355.096533081822,-2272.7675969057245,-19.4518,101.0698,4
1873,STARLINK-33755,satellite,0,85,43.0045,252.7853,24.1557,299.8706,324.0263,6864.3471,488.5053,-4460.00147324851,-4432.925727891396,-2749.7313311767593,-562.6146764172037,6263.059027045833,-2749.7313311767593,-23.7502,95.1331,4
1874,STARLINK-33752,satellite,0,85,42.9853,253.0881,71.8322,181.2204,253.0526,6859.2772,494.0639,-4012.8599268401076,3311.0858698644597,-4476.108013119988,5110.705007830123,973.1540232642433,-4476.108013119988,-40.8844,10.7809,4
1875,STARLINK-33714,satellite,0,85,43.0216,252.7881,45.1815,328.1967,13.3782,6866.9819,482.366,-866.3697400655371,-6718.3194716204835,1082.9327404013702,-4616.3191225424425,4957.419773239415,1082.9327404013702,9.1388,132.9595,6
1876,STARLINK-33814,satellite,0,85,42.9977,252.7189,86.8103,321.9685,48.7788,6862.388,484.3726,2259.5912096486295,-5435.035202990658,3517.274793067717,-5625.297173869147,1732.452538492425,3517.274793067717,31.0187,162.8825,4
1877,STARLINK-33817,satellite,0,85,42.9801,252.6082,94.4564,349.7706,84.227,6858.7268,487.1361,4555.680738087036,-2149.552309128418,4649.930020280677,-4563.604585293022,-2132.6779658797664,4649.930020280677,42.8881,-154.9522,4
1878,STARLINK-33820,satellite,0,85,42.993,252.4703,88.4092,38.326,126.7352,6861.7186,484.6901,5067.654633564864,2699.958703986681,3746.9449114883028,-1158.963286104566,-5623.851401823004,3746.9449114883028,33.2902,-101.6445,108
1879,STARLINK-33813,satellite,0,85,42.99,252.4926,81.7058,37.9193,119.6251,6860.7087,485.763,5177.279455403019,1920.7573308329852,4064.0131469019634,-1828.5599948237386,-5210.556556512657,4064.0131469019634,36.5222,-109.3377,101
1880,STARLINK-33834,satellite,0,85,42.9861,252.9613,107.4159,181.1327,288.5486,6859.4463,494.12,-5190.646654198082,-692.7304103057858,-4436.459364457869,2782.044356370984,4436.543396528937,-4436.459364457869,-40.4472,57.9092,4
1881,STARLINK-33830,satellite,0,85,42.9937,252.9162,113.8836,188.8172,302.7008,6861.1261,492.0985,-5127.137975304682,-2303.2743284126764,-3938.339390951114,1502.1955910713891,5416.274075035525,-3938.339390951114,-35.1863,74.4987,4
1882,STARLINK-33651,satellite,0,85,42.9891,252.9408,103.742,191.8707,295.6127,6860.1984,492.8343,-5197.926487222125,-1508.215639609875,-4219.685668965399,2159.19082238438,4962.967778926257,-4219.685668965399,-38.1149,66.488,4
1883,STARLINK-33788,satellite,0,85,43.0105,253.2057,161.1002,42.5866,203.6868,6866.0373,486.0513,-114.17635351999026,6598.881486680139,-1880.6039703219994,5150.654916489051,-4126.624170699359,-1880.6039703219994,-15.9991,-38.7012,12
1884,STARLINK-33805,satellite,0,85,43.0049,253.2807,111.9616,35.195,147.1566,6864.9242,483.1721,4262.795544744463,4735.976521018766,2536.9977912603986,921.7561584548633,-6304.8604305158715,2536.9977912603986,21.8334,-81.6824,48
1885,STARLINK-33702,satellite,0,85,43.0034,252.7291,81.7924,319.9954,41.7877,6863.5343,483.9665,1673.191136697462,-5874.844598507047,3116.772686636347,-5589.209737017283,2464.569364445147,3116.772686636347,27.1775,156.2049,4
1886,STARLINK-33666,satellite,0,85,42.9955,253.1434,92.0034,139.991,231.9944,6861.9562,491.334,-2560.003022131941,5191.379829666964,-3687.888901749437,5629.671041078787,-1345.6760302675207,-3687.888901749437,-32.6646,-13.4433,4
1887,STARLINK-33723,satellite,0,85,43.0227,252.7932,39.116,327.211,6.327,6867.4094,482.4392,-1489.1111840506064,-6676.997540929092,515.8400332413968,-4186.798784352106,5410.218500151861,515.8400332413968,4.3391,127.7352,5
1888,STARLINK-33791,satellite,0,85,43.0052,253.1739,169.3197,48.5198,217.8395,6864.1316,488.3253,-1378.0548113063255,6078.8509331749465,-2871.453843914175,5557.695839176149,-2821.963977433189,-2871.453843914175,-24.8706,-26.9195,7
1889,STARLINK-33831,satellite,0,85,43.0201,252.768,16.671,328.4792,345.1502,6866.9495,484.3322,-3192.873601301501,-5954.032745004221,-1199.80132050782,-2542.353790571693,6259.503571852664,-1199.80132050782,-10.1318,112.105,4
1890,STARLINK-33879,satellite,0,3,43.0148,296.8388,66.7172,322.1139,28.8311,6865.3463,483.0861,4870.722159534519,-4269.582112080327,2256.3764171120356,-6396.140040356927,-1021.1064348635726,2256.3764171120356,19.3177,-170.9296,9
1891,STARLINK-33854,satellite,0,3,42.9809,296.2682,83.5082,178.891,262.3993,6858.5341,494.6405,-4864.53781957381,-1388.5450367158421,-4637.759901922545,2038.3514507496445,4630.000958993307,-4637.759901922545,-42.6914,66.2386,4
1892,STARLINK-33864,satellite,0,3,43.0211,296.8781,41.6097,325.9932,7.6029,6867.3769,482.4845,3666.220944805784,-5765.504335124538,619.2817461116664,-6777.954462827825,861.1327158486176,619.2817461116664,5.2113,172.7594,4
1893,STARLINK-33832,satellite,0,3,42.9908,296.1297,100.1844,204.6203,304.8047,6861.4356,492.2662,-1975.7111346145582,-5332.776170491319,-3842.9345463143222,-2841.6669859843396,4926.140975730057,-3842.9345463143222,-34.2144,119.9787,10
1894,STARLINK-33856,satellite,0,3,42.9854,296.3062,73.2672,175.0052,248.2724,6859.6833,493.8108,-5306.997215920104,210.6928629530013,-4347.056854621384,3551.523342971496,3949.0876005239033,-4347.056854621384,-39.4746,48.0341,4
1895,STARLINK-33876,satellite,0,3,43.0184,296.4682,131.5705,31.8378,163.4083,6866.7768,482.2771,-1648.0278141997835,6523.214287819699,1336.3300280673343,6072.048944362561,-2898.023798807851,1336.3300280673343,11.3023,-25.5139,4
1896,STARLINK-33859,satellite,0,3,43.0173,296.8677,49.6671,325.021,14.6881,6866.9245,482.4569,4133.383778483783,-5344.7124636051,1186.640957017967,-6752.522814644285,232.91289478471873,1186.640957017967,10.0223,178.0245,4
1897,STARLINK-33826,satellite,0,3,42.9933,296.3532,89.2795,144.825,234.1046,6861.5909,491.91,-5430.478542550396,1800.646661257484,-3791.466107560266,4853.830827881783,3028.655129608263,-3791.466107560266,-33.6972,31.963,4
1898,STARLINK-33836,satellite,0,3,42.9898,296.7539,99.6226,324.5794,64.202,6860.2552,485.5343,5374.640433891257,-631.7370341235259,4208.710777635248,-3918.7115585509355,-3732.231396200038,4208.710777635248,38.0461,-136.3962,31
1899,STARLINK-33558,satellite,0,3,42.9827,296.1923,100.6851,182.9014,283.5866,6859.012,494.7682,-3667.743378001699,-3600.971406385628,-4548.423252141326,-428.42734275135354,5122.088106277089,-4548.423252141326,-41.6833,94.7813,4
1900,STARLINK-33852,satellite,0,3,42.9867,296.7276,102.7112,328.6927,71.4038,6859.3202,486.3364,5228.461566778882,185.0778365122429,4430.2459026924125,-3196.826036814523,-4141.420945906934,4430.2459026924125,40.4344,-127.6651,57
1901,STARLINK-33835,satellite,0,3,43.0082,296.5061,105.0518,37.0613,142.1131,6864.2215,483.5016,340.41629734875164,6217.9125877567185,2872.6453207016643,4567.172549913223,-4233.114114195746,2872.6453207016643,24.9004,-42.8261,4
1902,STARLINK-33661,satellite,0,3,43.0042,296.3787,159.6324,60.3511,219.9835,6863.6369,488.6503,-5225.3759819288125,3278.047556362209,-3007.65958312946,5859.675295915983,1927.2662921149958,-3007.65958312946,-26.1342,18.2062,4
1903,STARLINK-33729,satellite,0,3,43.0071,296.8241,76.888,318.9595,35.8475,6864.4213,481.6017,5128.160232939867,-3634.579434503804,2738.7659045533533,-6071.932515540067,-1624.7555407356308,2738.7659045533533,23.6752,-165.0195,9
1904,STARLINK-33717,satellite,0,3,42.9776,296.2361,94.4942,175.0546,269.5488,6858.4835,495.9942,-4528.362398085401,-2171.5114815822085,-4679.240768586738,1221.1674202812694,4871.37334379954,-4679.240768586738,-43.154,75.927,4
1905,STARLINK-33684,satellite,0,3,42.9979,296.107,67.3581,244.5039,311.862,6862.5348,490.4569,-1341.4744050514616,-5757.735352078965,-3485.757426796512,-3573.73173565043,4709.512867122567,-3485.757426796512,-30.6807,127.1924,13
1906,STARLINK-33704,satellite,0,3,43.0167,296.4327,154.4344,37.2695,191.7039,6867.204,483.8249,-3902.1850376744464,5563.465708698228,-949.5668334797854,6773.191189467767,-550.5269030915832,-949.5668334797854,-8.0038,-4.6468,5
1907,STARLINK-33705,satellite,0,3,43.0073,296.3909,161.7104,51.215,212.9254,6864.8104,487.6558,-5004.048142544447,3947.6830669835863,-2544.3855697439535,6233.594612720483,1329.2846250948774,-2544.3855697439535,-21.8851,12.0377,4
1908,STARLINK-33663,satellite,0,3,42.9811,296.2707,75.4472,180.0258,255.473,6858.9927,495.6703,-5121.350775389906,-607.6796995329865,-4530.279321402633,2803.232605986927,4328.902324902126,-4530.279321402633,-41.474,57.0744,4
1909,STARLINK-33866,satellite,0,3,42.9834,296.6778,96.742,348.7218,85.4638,6858.5174,486.9607,4710.447698568577,1760.0581185772426,4659.139467900936,-1654.065925365244,-4748.703824862663,4659.139467900936,42.9946,-109.2042,104
1910,STARLINK-33849,satellite,0,3,42.9878,296.6272,83.0743,16.5823,99.6566,6858.8465,487.456,3904.2487650354424,3243.892436911372,4608.411871977336,2.6128113204641408,-5076.021053418571,4608.411871977336,42.4136,-89.9705,116
1911,STARLINK-33873,satellite,0,3,42.9844,296.6533,90.7534,1.7095,92.4629,6858.5381,486.8618,4345.574269637965,2510.7605265362545,4669.4547012634175,-843.3801173967477,-4947.387606821603,4669.4547012634175,43.1135,-99.6742,110
1912,STARLINK-33772,satellite,0,3,43.021,296.4411,152.7726,31.8521,184.6247,6867.4633,482.8861,-3407.2190219849194,5943.160587885161,-377.42095803031117,6749.242409335066,-1173.893580014965,-377.42095803031117,-3.1731,-9.8667,5
1913,STARLINK-33789,satellite,0,3,42.996,296.362,116.0345,111.011,227.0455,6862.6624,490.5051,-5368.594256597717,2559.0156471055816,-3425.562026635818,5397.860314818182,2496.691690180455,-3425.562026635818,-30.0961,24.8221,4
1914,STARLINK-33822,satellite,0,3,42.9863,296.6043,79.5397,27.1938,106.7336,6859.2767,486.5221,3410.129717935382,3915.5774418759306,4476.3148830549835,835.0407626256274,-5124.786661045249,4476.3148830549835,40.9413,-80.7455,94
1915,STARLINK-33771,satellite,0,14,42.9968,299.8944,97.9988,131.6333,229.6322,6862.2516,490.5124,-5530.888827328228,1947.538276817221,-3565.833566834739,5030.990222227594,3012.1045705258566,-3565.833566834739,-31.4632,30.9094,4
1916,STARLINK-33810,satellite,0,3,42.9802,296.2084,94.8813,181.6418,276.5231,6858.6558,495.2465,-4131.559162745341,-2902.8004102175732,-4648.899560155349,405.02749508031854,5033.088918850258,-4648.899560155349,-42.8135,85.3992,4
1917,STARLINK-33823,satellite,0,3,42.9968,296.5429,91.2506,36.7754,128.0261,6861.9027,484.0603,1646.3695234241884,5543.423469037403,3683.0344297585907,3214.0960126200566,-4807.2511049865625,3683.0344297585907,32.6554,-56.2336,21
1918,STARLINK-33816,satellite,0,26,42.9982,322.3509,128.8548,93.9735,222.8283,6863.4844,490.1318,-6070.034393055416,372.80516504884855,-3182.0548412872354,4163.592061862383,4432.696963064279,-3182.0548412872354,-27.7673,46.793,4
1919,STARLINK-33861,satellite,0,26,43.0181,322.405,157.488,37.111,194.5991,6866.9202,484.1744,-6032.710809791568,3049.0628762803763,-1179.9225918438578,6199.092508637327,2694.742326725093,-1179.9225918438578,-9.9625,23.4946,4
1920,STARLINK-33850,satellite,0,26,42.9918,322.1122,104.4452,196.1525,300.5977,6860.8565,496.4922,103.44662262510613,-5558.920244214401,-4030.7182931541574,-4343.568564478655,3470.692670194534,-4030.7182931541574,-36.1106,141.3737,15
1921,STARLINK-33887,satellite,0,26,42.9825,321.7056,75.2096,35.2088,110.4184,6859.7657,486.6916,1035.6707265817392,5171.3962377616745,4380.617449058038,3317.8595150562805,-4099.726959223559,4380.617449058038,39.8886,-51.0172,13
1922,STARLINK-33886,satellite,0,26,42.9959,321.6443,97.4038,34.1928,131.5966,6862.6978,484.7336,-1242.4102742319149,5766.198833189608,3497.112191595133,5230.483470094167,-2726.660034266447,3497.112191595133,30.8199,-27.5331,4
1923,STARLINK-33840,satellite,0,26,43.0061,322.3645,181.9253,33.7861,215.7114,6864.591,487.546,-6201.14524381412,1082.789069370027,-2732.0791736190035,4793.649424597764,4080.142117338465,-2732.0791736190035,-23.5921,40.403,4
1924,STARLINK-33851,satellite,0,26,43.0052,321.9198,80.3139,319.3285,39.6424,6863.9222,483.7743,6130.1874744035895,-738.4638444478379,2984.2145745007524,-4483.378326909479,-4245.450046660507,2984.2145745007524,25.9354,-136.5614,8
1925,STARLINK-33853,satellite,0,26,42.9902,321.8658,93.1122,327.6648,60.7771,6860.793,485.1388,5335.146473307078,1375.604619807036,4079.740095136331,-2348.870629059361,-4983.862230200359,4079.740095136331,36.6901,-115.2343,82
1926,STARLINK-33847,satellite,0,26,42.9821,322.1969,96.9984,175.3096,272.308,6858.7024,495.754,-2856.980879788064,-4133.756033049395,-4675.83531226099,-1356.203059323919,4838.490668599796,-4675.83531226099,-43.1169,105.6579,7
1927,STARLINK-33880,satellite,0,26,43.011,322.3901,167.6528,33.9594,201.6122,6866.3097,485.3932,-6181.835544744582,2429.36820177634,-1724.0993843982876,5817.488205160833,3205.269340458636,-1724.0993843982876,-14.6385,28.8535,4
1928,STARLINK-33760,satellite,0,79,43.0135,336.5868,113.669,34.7051,148.374,6864.978,482.8763,-4314.030099738725,4733.5385041255395,2453.277573024954,6397.606830433276,296.42758758971485,2453.277573024954,21.0795,2.6529,5
1929,STARLINK-33941,satellite,0,79,43.003,336.6145,96.2878,37.931,134.2189,6862.8759,484.3482,-2962.9350236681275,5197.033355998092,3351.897783718378,5891.360298109912,-1039.2369776380754,3351.897783718378,29.4147,-10.0041,8
1930,STARLINK-33824,satellite,0,79,43.0028,336.8974,79.3711,322.7938,42.1649,6863.385,483.9476,5996.25083774878,1102.0384420084326,3139.5817775589685,-2981.6003139968743,-5317.854116506118,3139.5817775589685,27.3928,-119.2784,45
1931,STARLINK-33808,satellite,0,79,43.0197,336.5072,168.8115,29.1127,197.9241,6866.5138,484.2678,-6602.736559165082,1186.5521216546833,-1440.6832816531878,5129.976151008752,4322.89031750978,-1440.6832816531878,-12.1941,40.1199,4
1932,STARLINK-33844,satellite,0,79,42.9927,336.2104,31.7538,272.1916,303.9454,6861.3188,490.0113,1826.4353769733054,-5355.041370697821,-3881.3506299997043,-5287.101301110899,2014.6697247778006,-3881.3506299997043,-34.617,159.1405,19
1933,STARLINK-33907,satellite,0,79,43.0232,336.5488,139.7442,29.9424,169.6865,6867.1169,482.0937,-5834.270002722822,3509.6268041195694,837.9618937581045,6426.7517360117245,2247.898772751162,837.9618937581045,7.0599,19.2784,5
1934,STARLINK-33884,satellite,0,79,42.9892,336.2293,102.0857,194.8121,296.8978,6860.3484,493.5989,1036.9487476573913,-5349.3634508114255,-4173.832233589085,-4778.51398653142,2618.540836929786,-4173.832233589085,-37.6243,151.278,18
1935,STARLINK-33841,satellite,0,79,42.9838,336.3724,77.1393,177.3358,254.4752,6859.1844,494.7529,-3622.060350969829,-3696.02474734128,-4508.835988616609,-530.7455718870934,5147.643077851173,-4508.835988616609,-41.2421,95.8867,4
1936,STARLINK-33769,satellite,0,79,43.0017,336.1898,71.7404,239.3213,311.0617,6862.3783,490.6282,2596.6405448328637,-5282.369839536419,-3529.3124418752623,-5723.0855457451225,1375.5962622794443,-3529.3124418752623,-31.1048,166.4848,15
1937,STARLINK-33914,satellite,0,30,43.015,332.5775,56.0623,322.9626,19.0249,6866.6838,482.2726,6508.971243088626,-1535.3070070167337,1525.3765273622232,-5338.45277245331,-4028.001520038806,1525.3765273622232,12.9266,-142.9645,8
1938,STARLINK-33932,satellite,0,1,42.9885,343.6547,106.1435,322.6636,68.8071,6859.6971,486.8644,3694.4349511522155,3789.6066826029905,4358.825774980657,556.5321884995917,-5263.101779396648,4358.825774980657,39.6502,-83.9638,108
1939,STARLINK-33930,satellite,0,1,42.9943,344.12,62.8016,175.1216,237.9233,6860.9005,491.793,-4669.2163305577,-3093.739188088769,-3965.449190795408,601.4864796321519,5568.753659507896,-3965.449190795408,-35.4661,83.8353,4
1940,STARLINK-33911,satellite,0,79,42.983,336.6409,97.6368,347.0423,84.6791,6858.6439,487.1934,2563.523511967514,4332.193964915043,4653.7789397759925,1696.3191272870881,-4739.415445438029,4653.7789397759925,42.9316,-70.3068,69
1941,STARLINK-33938,satellite,0,1,43.0152,343.8381,16.2963,320.5058,336.8021,6866.3385,486.2931,5508.51745207656,-3654.3489574622117,-1844.2021731358575,-6330.066062150312,-1904.8082505990033,-1844.2021731358575,-15.681,-163.2527,4
1942,STARLINK-33881,satellite,0,1,43.0149,344.2012,161.3714,41.1863,202.5577,6866.1236,485.6761,-6621.978538603379,-126.6917998729383,-1795.8540474678357,4131.745034876489,5176.420920351462,-1795.8540474678357,-15.2613,51.4036,4
1943,STARLINK-33846,satellite,0,1,42.9808,344.0547,79.8098,179.1985,259.0083,6858.944,495.2878,-2612.525642568508,-4380.14845576738,-4593.590293444372,-1701.9233520252308,4807.748707188279,-4593.590293444372,-42.1866,109.4938,8
1944,STARLINK-33883,satellite,0,1,42.9835,343.9812,98.9226,181.3223,280.2449,6858.6366,495.0106,-190.14335242032826,-5085.947581666834,-4604.84333324433,-3792.117695347199,3394.533941878767,-4604.84333324433,-42.3157,138.1665,13
1945,STARLINK-33842,satellite,0,1,43.0222,343.806,28.299,329.6652,357.9642,6867.549,482.9554,6534.995504662221,-2083.409549323185,-166.29612530963962,-5776.829772821773,-3697.9723325095893,-166.29612530963962,-1.3975,-147.3751,4
1946,STARLINK-33892,satellite,0,1,43.0246,343.7915,25.4348,339.5965,5.0313,6867.4881,482.5832,6685.34502375488,-1485.2779823441383,410.53282724165985,-5412.60016562955,-4195.670175133809,410.53282724165985,3.452,-142.2183,4
1947,STARLINK-33933,satellite,0,79,43.0224,336.8451,31.0631,328.8196,359.8827,6867.3672,482.638,6304.055525721559,-2707.21714385298,-9.584583515920587,-6109.3462905233655,-3121.8630075357883,-9.584583515920587,-0.0805,-152.9331,4
1948,STARLINK-33906,satellite,0,1,43.0086,343.8627,29.7692,292.886,322.6552,6864.4436,489.1365,4395.34817501579,-4441.2200860802195,-2839.975707910683,-6224.60754395857,-545.6943799518901,-2839.975707910683,-24.577,-174.9898,7
1949,STARLINK-33923,satellite,0,1,43.013,343.8491,16.1358,313.6047,329.7404,6865.5483,487.6357,4990.710909374309,-4078.0702329287374,-2359.268907076166,-6325.407426434601,-1235.747990187801,-2359.268907076166,-20.2215,-168.9458,5
1950,STARLINK-33947,satellite,0,1,43.0098,344.1836,157.5994,52.0336,209.633,6865.268,487.3418,-6415.881312958435,-761.502509598274,-2314.7029527833915,3511.641003927928,5423.264381682473,-2314.7029527833915,-19.8245,57.0764,4
1951,STARLINK-33882,satellite,0,1,43.024,343.7792,48.6849,323.4643,12.1492,6867.3856,482.8643,6734.775329129334,-859.9607279616728,985.1549140300847,-4962.997936576948,-4633.074861149823,985.1549140300847,8.307,-136.9691,4
1952,STARLINK-33875,satellite,0,1,42.9855,343.6273,102.0972,333.8309,75.9281,6859.0109,486.8059,2970.496715029622,4197.406422638589,4533.950521009606,1332.6823206507763,-4966.490636559613,4533.950521009606,41.5806,-74.9794,84
1953,STARLINK-33869,satellite,0,1,42.9869,343.5041,78.6242,32.8334,111.4576,6859.6388,485.7166,-1079.304925592927,5187.0470391275585,4350.1344911612005,4680.665538545125,-2482.282462736099,4350.1344911612005,39.5638,-27.9382,6
1954,STARLINK-33935,satellite,0,1,42.9938,344.1404,92.5776,138.2847,230.8623,6862.1341,491.7688,-5231.646388648671,-2561.8237929032284,-3630.4418679729197,1369.9918571465373,5661.818382207075,-3630.4418679729197,-32.093,76.3976,4
1955,STARLINK-33916,satellite,0,1,42.9808,344.0755,76.3451,175.7257,252.0708,6859.3831,495.1631,-3342.9383508128763,-4014.7863683271853,-4452.480062607678,-954.293293646497,5136.445338007854,-4452.480062607678,-40.6159,100.5249,6
1956,STARLINK-33925,satellite,0,1,42.9823,343.5758,93.0444,357.0919,90.1363,6858.4456,486.9793,1402.325094086494,4814.947222263089,4673.636684721382,2809.407998069911,-4154.209807299644,4673.636684721382,43.1605,-55.9303,28
1957,STARLINK-33870,satellite,0,1,42.9943,343.4658,89.4047,36.1258,125.5305,6861.5493,484.92,-2658.3048405414847,5046.396109776671,3805.0244193065228,5580.890400647375,-1177.4381758620657,3805.0244193065228,33.8729,-11.9134,9
1958,STARLINK-33867,satellite,0,1,42.9869,343.9274,105.5204,188.9359,294.4563,6860.0492,493.3424,1465.0541904409054,-5178.065983882384,-4259.69699435471,-4920.119688551864,2179.718643470439,-4259.69699435471,-38.538,156.1056,19
1959,STARLINK-33918,satellite,0,1,42.9825,343.9521,100.0071,187.4053,287.4124,6859.2781,494.4432,649.4270340048508,-5172.06691329959,-4464.940208690844,-4394.590188455948,2803.499367517567,-4464.940208690844,-40.7583,147.4644,17
1960,STARLINK-33712,satellite,0,39,43.0066,347.3931,45.3387,272.8702,318.209,6863.8409,490.069,4264.044095142013,-4381.245487896062,-3119.932060153605,-6094.598596602665,-482.96171361082446,-3119.932060153605,-27.181,-175.4691,7
1961,STARLINK-33827,satellite,0,1,43.0178,343.8104,25.9636,324.93,350.8935,6867.2955,483.8108,6285.148477829544,-2651.5786748880696,-740.897482653923,-6054.45808533044,-3142.848731717942,-740.897482653923,-6.2372,-152.5663,4
1962,STARLINK-33899,satellite,0,1,43.0124,343.7413,68.4888,324.8613,33.3502,6864.9256,483.0052,6271.512383981335,1042.6840127717448,2571.923686371014,-3203.0727863936936,-5491.755844717168,2571.923686371014,22.1501,-120.2529,27
1963,STARLINK-33900,satellite,0,1,42.9934,343.6845,116.2941,298.4021,54.6962,6861.4362,484.7855,4952.490423358531,2814.7245795135955,3815.589343324939,-997.1013077063743,-5608.5314329284265,3815.589343324939,33.9803,-100.0809,111
1964,STARLINK-33975,satellite,0,1,42.9923,343.4463,95.8634,36.6816,132.545,6862.7423,483.7859,-3391.2741738848576,4862.667846593933,3444.6206564912904,5907.636995635198,-496.0889401702382,3444.6206564912904,30.3137,-4.8001,10
1965,STARLINK-33951,satellite,0,1,42.9848,343.5294,104.1142,0.1834,104.2976,6859.4454,483.9672,-245.6168394927166,5138.230076519156,4527.514488433734,4110.653450251133,-3092.6144543131945,4527.514488433734,41.5297,-36.9557,5
1966,STARLINK-33909,satellite,0,27,42.9805,104.2186,95.4742,182.2421,277.7163,6858.6639,495.0011,4596.893493901211,2115.4322713659635,-4636.7169081592365,-1308.0879596617224,-4888.291048904092,-4636.7169081592365,-42.6768,-104.9811,4
1967,STARLINK-34029,satellite,0,27,42.994,104.1273,90.9229,215.1008,306.0237,6861.536,491.2824,2951.8659447285377,4905.035855539675,-3785.0265844405667,1889.0907551505736,-5404.093394694671,-3785.0265844405667,-33.6359,-70.7321,12
1968,STARLINK-34102,satellite,0,27,42.9965,104.1097,55.2398,257.8789,313.1187,6862.5805,490.0126,2409.8281137429717,5442.491579202328,-3416.2090525623526,2648.8355057762883,-5330.258585736074,-3416.2090525623526,-30.008,-63.5752,15
1969,STARLINK-34109,satellite,0,27,43.0176,103.5862,142.0121,44.5712,186.5833,6867.4696,484.0705,2160.4354637332626,-6490.958161077119,-536.7205924790592,-6374.48569735752,2483.1333705611587,-536.7205924790592,-4.514,158.717,4
1970,STARLINK-34091,satellite,0,27,43.0031,103.9495,83.5986,321.3513,44.95,6863.1083,484.2865,-4608.466269542351,3855.9441650498165,3304.2743524485286,5910.3583051284795,1083.4811795735682,3304.2743524485286,28.9577,10.3881,9
1971,STARLINK-34095,satellite,0,27,42.9825,104.1966,100.1256,184.6734,284.799,6859.0497,494.3668,4276.108420265868,2890.036704359554,-4523.929712382525,-507.1676558233236,-5136.165529195954,-4523.929712382525,-41.4128,-95.6394,4
1972,STARLINK-34127,satellite,0,27,43.0083,103.656,109.3541,34.8275,144.1816,6864.377,483.4086,-1538.9926718688046,-6096.784692769293,2737.626112496171,-3708.4766156770006,5078.039309125984,2737.626112496171,23.6581,126.1405,6
1973,STARLINK-34101,satellite,0,27,42.9794,103.4182,82.6365,174.5215,257.1581,6859.086,494.9388,5116.163778558044,-347.77742161100434,-4562.124319275845,-3535.12890808953,-3714.6930623136886,-4562.124319275845,-41.8354,-133.5812,4
1974,STARLINK-34065,satellite,0,6,42.9942,99.9874,86.0348,147.4571,233.4919,6861.6791,491.6709,4681.975821343735,-3321.5932506386885,-3761.8972085473083,-5546.131823408412,-1481.3173568524458,-3761.8972085473083,-33.4016,-165.0459,4
1975,STARLINK-34057,satellite,0,27,43.0066,103.5356,167.3944,47.5282,214.9227,6864.5019,487.9161,4110.182966616732,-4798.252193274806,-2679.724028762516,-6317.212757696417,-98.24002916551947,-2679.724028762516,-23.1126,-179.1091,7
1976,STARLINK-34060,satellite,0,27,43.0092,103.5524,154.954,52.8499,207.8038,6865.5886,487.3254,3698.4142726986706,-5353.3112896018465,-2183.6945885213863,-6481.339252287414,573.1067899076392,-2183.6945885213863,-18.6604,174.9468,5
1977,STARLINK-34048,satellite,0,27,43.0024,104.0921,12.9898,307.1617,320.1515,6863.7479,488.5664,1836.2402206346496,5893.1409270994245,-2999.074447031419,3361.934081790116,-5176.706227344633,-2999.074447031419,-26.0545,-56.9989,16
1978,STARLINK-33959,satellite,0,27,42.9785,103.3739,90.6447,180.6808,271.3255,6858.6602,495.6845,4847.4552380290925,1315.6997074776343,-4678.006212046626,-2083.4947096218225,-4570.332351145844,-4678.006212046626,-43.1423,-114.507,4
1979,STARLINK-34058,satellite,0,27,42.9911,103.4886,80.1284,155.9942,236.1226,6861.2514,491.9128,4945.25584838928,-2747.958605393377,-3885.400574781676,-5272.877080559878,-2050.268079127757,-3885.400574781676,-34.6472,-158.7523,4
1980,STARLINK-34055,satellite,0,27,43.0159,104.0299,14.6896,326.5141,341.2037,6866.5447,484.8855,-6.469597583981429,6694.158823651236,-1508.3206963167563,5155.18067215717,-4270.353199605127,-1508.3206963167563,-12.7747,-39.637,12
1981,STARLINK-33794,satellite,0,27,43.02,104.0,51.1045,325.5678,16.6723,6866.7572,482.3387,-2985.8409425829714,6027.999577801443,1342.6882301013823,6545.404822240452,-1552.321087072704,1342.6882301013823,11.3566,-13.3419,4
1982,STARLINK-34047,satellite,0,27,43.0078,103.9663,72.6542,325.2873,37.9415,6864.0142,483.0587,-4297.321802910665,4504.015696734286,2875.9484377735184,6210.321659518375,430.1592257724324,2875.9484377735184,24.9327,3.9623,8
1983,STARLINK-34094,satellite,0,6,43.0132,100.5624,14.123,324.6209,338.7438,6866.2175,485.2391,615.9405711671502,6620.307896479978,-1697.0688091983752,4700.8413626902075,-4702.1218523370635,-1697.0688091983752,-14.4044,-45.0078,13
1984,STARLINK-34043,satellite,0,6,43.0115,99.7242,20.8379,304.4988,325.3367,6864.6252,488.034,1859.7198258758597,6045.810153187502,-2662.623260756842,3464.4149985242084,-5292.278049870521,-2662.623260756842,-22.9564,-56.7906,14
1985,STARLINK-34025,satellite,0,27,42.9872,103.4643,75.5913,167.602,243.1933,6860.3058,493.1103,5078.5364793247645,-1966.8027511017924,-4176.734037611867,-4756.911876794648,-2651.7230681170254,-4176.734037611867,-37.6581,-150.8627,4
1986,STARLINK-33874,satellite,0,27,42.9889,103.885,101.0866,325.2152,66.3019,6859.8642,486.0072,-5119.08492882888,1572.9808108787906,4280.477091071684,4479.769071499472,2934.44512744618,4280.477091071684,38.8097,33.2266,8
1987,STARLINK-33781,satellite,0,27,43.0083,104.0713,10.6376,316.5522,327.1898,6864.8816,487.3925,1235.3008497925132,6255.856277088392,-2536.4399953223947,4024.837302905527,-4945.946889547491,-2536.4399953223947,-21.8142,-50.8625,13
1988,STARLINK-33891,satellite,0,27,42.986,104.1619,102.7732,189.1141,291.8873,6859.6833,493.5185,3891.0548027924146,3620.464203031129,-4342.083919139742,300.80533160364587,-5306.372082340491,-4342.083919139742,-39.4227,-86.7555,9
1989,STARLINK-33903,satellite,0,27,42.9821,103.7874,83.6248,10.9299,94.5547,6858.6491,486.4303,-4725.050622489693,-1719.965341122094,4658.547029018657,1694.2430706385553,4734.334649910662,4658.547029018657,42.992,70.3096,4
1990,STARLINK-33889,satellite,0,27,43.0191,103.6099,143.1479,29.2743,172.4222,6867.3369,482.482,957.3611911405801,-6765.219771287285,617.2257992825123,-5817.163045208456,3584.041449199433,617.2257992825123,5.194,148.3622,5
1991,STARLINK-33984,satellite,0,27,42.9991,103.6769,91.0078,38.9817,129.9895,6862.3052,484.3282,-2691.2407868460914,-5189.875581782494,3582.6636426659825,-2274.7228146003795,5385.463920954506,3582.6636426659825,31.6605,112.8983,5
1992,STARLINK-33940,satellite,0,27,42.9855,103.8663,120.5983,312.7228,73.321,6859.3052,488.742,-5137.210656209465,759.1872398452066,4478.973439560056,3865.14414531208,3468.1348484993505,4478.973439560056,40.9547,41.9011,5
1993,STARLINK-33978,satellite,0,27,43.0146,103.6313,127.0433,31.3535,158.3967,6866.2185,482.1004,-291.52661678843566,-6632.612130926815,1722.7125252305752,-4917.501428942775,4460.348769318315,1722.7125252305752,14.6337,137.7909,6
1994,STARLINK-34018,satellite,0,15,42.999,9.2584,93.0825,218.9037,311.9862,6862.4555,490.3312,5131.435604807256,-2943.6572422815393,-3478.99306652442,-5542.370744635763,-2068.5443807967426,-3478.99306652442,-30.6155,-159.5332,4
1995,STARLINK-34053,satellite,0,15,43.0096,9.2263,344.2971,341.7914,326.0885,6864.9305,485.1,6068.295451528101,-1849.683706453466,-2610.711266912591,-5298.916010496486,-3488.12680598915,-2610.711266912591,-22.4947,-146.6442,4
1996,STARLINK-34042,satellite,0,46,43.0192,5.3038,129.4181,32.2671,161.6852,6866.611,482.1048,-6629.583748432915,967.2236586678996,1470.5343328517856,4978.35277286148,4483.626428719854,1470.5343328517856,12.4547,42.007,4
1997,STARLINK-34040,satellite,0,15,43.0098,9.1124,71.2766,325.5395,36.8161,6864.4577,483.6989,4945.221324636373,3836.8427188823284,2803.3917999841588,-205.9551277879962,-6255.730052073578,2803.3917999841588,24.2608,-91.8856,58
1998,STARLINK-33990,satellite,0,15,43.0173,9.1243,58.6923,324.0234,22.7157,6866.1708,482.8852,5940.270716851527,2915.5996573464536,1807.1076479957774,-1550.3412007896652,-6433.0381401431605,1807.1076479957774,15.3657,-103.5497,19
1999,STARLINK-34056,satellite,0,15,42.9808,9.3654,90.88,185.7579,276.6379,6858.7087,495.3778,1594.4736633519453,-4792.09608053647,-4647.970374484733,-4705.777799315785,1833.6265736737816,-4647.970374484733,-42.8019,158.7114,16
2000,STARLINK-34026,satellite,0,15,42.9784,9.3874,83.8174,185.8228,269.6402,6858.4453,494.917,776.461417170676,-4960.803058698897,-4678.628987161594,-4313.158549789903,2570.8213947929726,-4678.628987161594,-43.1554,149.2033,17
2001,STARLINK-33777,satellite,0,15,42.9893,8.8735,81.7531,33.0526,114.8057,6860.0846,485.611,-3543.923694302442,4053.8719654872702,4243.23601036912,5382.773481412136,137.92284585289215,4243.23601036912,38.4135,1.4678,18
2002,STARLINK-34041,satellite,0,15,42.9881,9.4791,57.9417,183.3991,241.3408,6860.4666,491.9972,-2520.8643907480964,-4886.742438069568,-4105.886154529098,-2150.280287741502,5060.761169697915,-4105.886154529098,-36.9205,113.0203,8
2003,STARLINK-34011,satellite,0,15,43.0146,9.582,159.5666,39.3386,198.9051,6866.5209,485.3591,-6131.06314709131,-2683.756718484085,-1516.802817555708,1850.5932882567229,6431.779685210683,-1516.802817555708,-12.8468,73.9481,4
2004,STARLINK-34044,satellite,0,15,42.9866,8.8984,77.409,30.299,107.708,6859.3134,486.5113,-2799.1186322726417,4397.303263061154,4452.8584133417,5171.356754529952,-654.5306885407153,4452.8584133417,40.6822,-7.2135,17
2005,STARLINK-34037,satellite,0,15,43.0022,9.0762,92.3072,318.711,51.0182,6862.118,485.544,3644.967385872155,4530.2416464055905,3635.724595541223,1158.0322657943204,-5698.055623656072,3635.724595541223,32.1779,-78.5121,81
2006,STARLINK-34010,satellite,0,15,43.0204,9.1473,51.8701,323.7569,15.6271,6866.7937,482.1727,6307.250007439061,2383.9431852932826,1260.6777498239549,-2193.819586658708,-6375.871970816143,1260.6777498239549,10.655,-108.9874,11
2007,STARLINK-34009,satellite,0,46,42.981,5.9319,86.2732,180.7139,266.9872,6858.4413,494.8641,159.38345707191803,-5024.374130208216,-4672.464244696795,-3967.9687831638207,3086.2537521291392,-4672.464244696795,-43.0853,142.1245,13
2008,STARLINK-33958,satellite,0,15,42.9963,9.5028,81.3423,152.8553,234.1975,6861.6568,491.4006,-3287.5851387641296,-4678.020414825919,-3795.83150899786,-1499.9935582656333,5517.43693858955,-3795.83150899786,-33.744,105.2091,8
2009,STARLINK-33776,satellite,0,15,42.9849,8.9642,99.23,347.199,86.4291,6858.4259,487.151,-358.1299212687692,5010.58526158156,4664.950034910623,4084.2910717791156,-2924.515027328758,4664.950034910623,43.0596,-35.6042,5
2010,STARLINK-34032,satellite,0,15,42.9875,8.9961,95.232,336.9327,72.1648,6859.5046,484.6623,1327.0721303063401,5042.136510527439,4448.578528511632,3032.2880497520737,-4241.401916013194,4448.578528511632,40.6482,-54.438,22
2011,STARLINK-34015,satellite,0,15,43.0056,9.516,143.9505,76.2071,220.1576,6863.6959,489.1036,-4638.005166753406,-4059.2705985656116,-3018.8087250031244,-161.4080945477432,6161.389222101212,-3018.8087250031244,-26.2365,91.5006,4
2012,STARLINK-33969,satellite,0,15,43.0169,9.1057,66.2301,323.4196,29.6497,6865.298,483.055,5492.981412094791,3392.857747369103,2314.75143593811,-897.4302315543673,-6393.664635167667,2314.75143593811,19.8379,-97.99,29
2013,STARLINK-34002,satellite,0,15,43.0174,9.1815,10.0002,330.2458,340.246,6866.4587,484.6441,6645.664980092793,-643.4587106660206,-1582.1474727717728,-4739.491329525264,-4702.778335975295,-1582.1474727717728,-13.4116,-135.2228,4
2014,STARLINK-33999,satellite,0,15,42.9921,9.0209,95.0035,323.1238,58.1273,6860.9483,484.4971,2907.4466857468096,4773.251563396472,3969.8737643924824,1816.0539072727527,-5285.747338248995,3969.8737643924824,35.5551,-71.0385,70
2015,STARLINK-33976,satellite,0,15,43.0219,9.121,33.2258,335.3209,8.5467,6867.4887,482.1463,6579.9519138882,1811.3107124811343,695.5883422604824,-2808.6165963055414,-6219.9908762945115,695.5883422604824,5.8558,-114.3014,4
2016,STARLINK-33821,satellite,0,15,42.9851,9.2717,96.1528,194.6729,290.8258,6859.6447,494.2735,3164.462725750328,-4238.496329266046,-4373.984136178237,-5282.490185004489,271.9796337893298,-4373.984136178237,-39.7635,177.0526,9
2017,STARLINK-33888,satellite,0,15,43.0159,9.1895,10.7863,322.3789,333.1652,6865.8914,486.3676,6406.597965629376,-1258.052799575224,-2113.356032616404,-5059.727740128524,-4126.299738930682,-2113.356032616404,-18.0413,-140.8021,4
2018,STARLINK-33896,satellite,0,15,42.9913,9.2568,73.9983,230.8951,304.8934,6861.7242,491.7397,4537.3167410346105,-3432.4103535445142,-3838.537311561539,-5539.014989676055,-1299.22938226338,-3838.537311561539,-34.1729,-166.7994,6
2019,STARLINK-33878,satellite,0,15,42.9898,9.2453,102.3306,195.5107,297.8413,6860.466,492.2343,3876.4885072626685,-3866.1532143415725,-4137.707964527006,-5450.724717153926,-513.7157594531014,-4137.707964527006,-37.2526,-174.6159,9
2020,STARLINK-33954,satellite,0,15,42.9827,9.4096,72.4932,183.0216,255.5148,6858.9996,494.3092,-898.8079320966766,-5076.425889933865,-4530.368906917232,-3332.190952352615,3933.7588858304607,-4530.368906917232,-41.485,130.2671,15
2021,STARLINK-34116,satellite,0,53,43.0043,107.6143,97.6619,41.6085,139.2705,6863.774,483.6029,-1546.2276609982994,-5943.134045841869,3051.801838622799,-3585.624144944745,4985.475078432373,3051.801838622799,26.5682,125.7242,6
2022,STARLINK-34123,satellite,0,53,42.9929,107.8572,95.8097,325.5421,61.3518,6860.6388,485.8041,-5196.955291003171,1779.189227476283,4102.980398152324,4688.17631937381,2862.666833970753,4102.980398152324,36.929,31.4088,8
2023,STARLINK-33972,satellite,0,53,43.0153,107.537,153.6969,28.0081,181.705,6867.5204,483.2216,2208.885130624847,-6494.578646642028,-139.26541673664866,-6408.214757024692,2448.164403295887,-139.26541673664866,-1.1703,159.0914,4
2024,STARLINK-33973,satellite,0,53,43.0183,107.0769,53.3179,326.3036,19.6215,6866.456,482.279,-3507.128039046784,5681.590870262402,1571.4387250489037,6611.777160757536,-929.9595022377183,1571.4387250489037,13.3239,-8.0062,5
2025,STARLINK-34119,satellite,0,53,42.9825,107.7136,77.2711,26.575,103.8461,6859.1164,485.6782,-4138.805736422602,-3043.942665924023,4537.375998327228,301.0489138633278,5128.807797991556,4537.375998327228,41.6273,86.6407,4
2026,STARLINK-34143,satellite,0,53,42.9853,107.4022,77.1275,168.2532,245.3806,6860.0558,493.4583,5210.538532422495,-1363.2310292733814,-4254.121629542595,-4376.778254754373,-3138.777269215291,-4254.121629542595,-38.4776,-144.3541,4
2027,STARLINK-33957,satellite,0,53,42.9802,107.7877,96.9228,345.587,82.5097,6858.7134,486.7418,-5007.599044599189,-668.1027207375346,4633.548517745075,2684.0886923365456,4279.96230457684,4633.548517745075,42.7045,57.907,4
2028,STARLINK-34120,satellite,0,53,43.0049,107.0367,78.3284,322.5429,40.8713,6863.7432,482.9811,-4656.359391487587,3996.1400303225982,3060.3062015284736,6048.824501259268,1030.7958467159788,3060.3062015284736,26.6506,9.671,7
2029,STARLINK-34134,satellite,0,53,43.0166,107.57,125.0798,35.4872,160.5669,6866.4668,482.3864,361.9133891667601,-6670.57909014813,1556.9182702874223,-5364.04629686035,3981.785281041456,1556.9182702874223,13.1984,143.4131,5
2030,STARLINK-34118,satellite,0,53,42.9923,107.6474,84.6232,40.5047,125.1278,6861.5133,484.5148,-2712.4726884683105,-5002.686384182701,3823.620775165819,-2117.123610752948,5282.250160771059,3823.620775165819,34.063,111.8409,5
2031,STARLINK-34125,satellite,0,53,43.0128,107.5036,166.7427,36.1506,202.8933,6866.2287,485.8212,3763.0493112783947,-5442.078623470595,-1821.099601934911,-6590.924503810809,580.0638311553689,-1821.099601934911,-15.4808,174.9704,5
2032,STARLINK-33955,satellite,0,53,43.0168,107.0966,45.276,320.3029,5.5788,6867.3411,482.9894,-2473.6002886228766,6383.416333229086,455.03470218395705,6491.7416883174365,-2173.474711923867,455.03470218395705,3.8265,-18.5109,4
2033,STARLINK-34097,satellite,0,53,42.9817,107.3552,82.1083,177.4199,259.5282,6858.7945,494.7426,5084.645485625092,282.15935333079295,-4601.183160972478,-3030.2729162060136,-4092.759419812992,-4601.183160972478,-42.2764,-126.5162,4
2034,STARLINK-34092,satellite,0,53,42.9803,107.737,80.9114,15.8603,96.7716,6858.7188,486.6759,-4497.072506289425,-2287.0253306691243,4640.766207489325,1112.2975612196824,4921.071034363476,4640.766207489325,42.7872,77.2636,4
2035,STARLINK-34114,satellite,0,53,42.9965,107.8723,91.6983,322.6569,54.3552,6861.4801,485.1123,-5104.989044564756,2552.236237925655,3799.8650090247393,5224.287988287929,2298.1814494807722,3799.8650090247393,33.8198,23.7449,9
2036,STARLINK-33770,satellite,0,53,42.9994,107.1778,59.0587,257.0219,316.0806,6863.127,490.314,1866.4971467810851,5751.8142414972435,-3246.9203346510453,3233.861375531665,-5109.727905816208,-3246.9203346510453,-28.3823,-57.671,16
2037,STARLINK-34106,satellite,0,53,43.0151,107.1382,13.1085,324.1277,337.2362,6866.2232,485.47,-9.406679029186268,6618.724883896067,-1811.340696147008,5099.01126908683,-4219.916071682098,-1811.340696147008,-15.3966,-39.611,12
2038,STARLINK-34083,satellite,0,53,42.9848,107.8086,97.4282,338.0874,75.5156,6859.147,486.4074,-5147.1617788446765,147.46478850952835,4525.347125134792,3400.788890392085,3866.4783931163283,4525.347125134792,41.4874,48.6665,5
2039,STARLINK-34066,satellite,0,53,43.0091,107.5803,112.7484,40.5911,153.3395,6865.7199,482.6201,-293.95653918727544,-6522.9748649673775,2099.2330194102988,-4831.5853875528,4392.196964926937,2099.2330194102988,17.9268,137.7273,6
2040,STARLINK-34071,satellite,0,53,42.9874,107.6664,80.4582,37.5743,118.0325,6860.5797,485.2428,-3240.026560442473,-4413.345444538973,4126.017121254113,-1326.7044233001125,5311.8024717040735,4126.017121254113,37.1742,104.0236,4
2041,STARLINK-34038,satellite,0,53,43.0131,107.5125,155.1573,40.7128,195.8701,6866.8499,485.1838,3294.9195857083687,-5882.1410207640865,-1280.1699665813176,-6630.566994176113,1221.3350892292044,-1280.1699665813176,-10.8169,169.5632,5
2042,STARLINK-34031,satellite,0,53,43.018,107.5447,140.0601,34.5967,174.6567,6867.4574,482.384,1613.723008890829,-6653.682616658385,435.849006886694,-6150.5329367913055,3007.746483015309,435.849006886694,3.6653,153.9403,5
2043,STARLINK-34070,satellite,0,53,43.005,107.4718,166.0331,51.0705,217.1037,6864.1934,488.2801,4531.211748824993,-4311.874961034808,-2823.764236037019,-6211.84996858977,-732.8475694302728,-2823.764236037019,-24.4309,-173.2716,7
2044,STARLINK-34068,satellite,0,53,42.9798,107.3039,104.5902,169.0644,273.6546,6858.5252,493.624,4653.03123603747,1907.7216084973695,-4668.481722664684,-1503.7712772506118,-4798.830416339406,-4668.481722664684,-43.0495,-107.399,4
2045,STARLINK-34076,satellite,0,53,42.9903,107.4175,78.5056,159.8429,238.3486,6860.9178,492.1739,5155.497745421449,-2157.1009916747275,-3983.6769223171323,-4952.495888501038,-2589.406527702832,-3983.6769223171323,-35.6512,-152.3972,4
2046,STARLINK-33910,satellite,0,53,43.022,107.101,34.172,324.2566,358.4285,6867.5859,483.1471,-1885.364470876021,6595.91060005323,-128.3780695019915,6279.56644710214,-2761.8256766793206,-128.3780695019915,-1.0788,-23.7404,6
2047,STARLINK-34075,satellite,0,53,42.9858,107.2361,103.6956,191.2095,294.9051,6860.038,493.0497,3492.7038696519207,4109.593977178227,-4244.152025493405,931.5961003040779,-5312.237916757804,-4244.152025493405,-38.374,-80.0533,12
2048,STARLINK-34159,satellite,0,53,43.0101,107.7989,68.1199,325.0867,33.2066,6864.7061,482.7025,-4368.8524846497,4623.825877544293,2561.9090715015664,6348.197900742506,408.6822622607316,2561.9090715015664,22.0604,3.6835,5
2049,STARLINK-34137,satellite,0,53,42.9984,107.5008,92.0309,40.3084,132.3393,6862.6268,484.1484,-2146.489754853783,-5519.172152055174,3456.5120692015767,-2876.025236120756,5176.597178930396,3456.5120692015767,30.4274,119.0558,6
2050,STARLINK-33974,satellite,0,53,43.0211,107.8589,25.4668,325.2107,350.6775,6867.3529,483.858,-1303.022034711012,6694.055940203725,-758.3689098972093,5983.1654275322635,-3272.6110096224184,-758.3689098972093,-6.3848,-28.6773,7
2051,STARLINK-34170,satellite,0,53,43.0206,107.8286,41.2563,330.7621,12.0183,6867.0662,481.7998,-3048.2503770946455,6067.234303939765,974.4857725541133,6615.454102226616,-1529.3559041943543,974.4857725541133,8.2177,-13.0169,5
2052,STARLINK-34187,satellite,0,53,43.0008,107.7647,83.655,323.5957,47.2507,6862.7531,483.5895,-4926.597244536142,3308.649284387895,3433.79365200889,5692.4030262447495,1677.8165226720266,3433.79365200889,30.2095,16.4227,9
2053,STARLINK-34142,satellite,0,53,42.9881,107.7058,99.4736,329.0613,68.5348,6859.8164,486.2484,-5209.023311854459,970.5177076618439,4350.344369284971,4073.623879116828,3388.423966362174,4350.344369284971,39.5624,39.7535,5
2054,STARLINK-34144,satellite,0,53,42.98,107.6333,86.8149,2.9813,89.7962,6858.6014,486.452,-4786.526530410182,-1495.8499553283436,4673.060266749713,1905.958866480216,4638.504512713315,4673.060266749713,43.158,67.6623,4
2055,STARLINK-34099,satellite,0,53,43.0147,107.8108,60.0483,326.0805,26.1289,6865.665,482.2309,-3986.0397891475322,5186.90680328763,2060.4714057848914,6536.990276375995,-245.50664598846316,2060.4714057848914,17.5861,-2.1508,5
2056,STARLINK-34107,satellite,0,53,42.9845,107.5612,76.8182,34.1947,111.0129,6859.6864,485.8693,-3721.5675011602066,-3756.108444681788,4363.141112063754,-513.427190703378,5262.585660466545,4363.141112063754,39.704,95.5722,4
2057,STARLINK-34121,satellite,0,53,43.0068,107.4671,108.6163,37.8608,146.4771,6864.8144,483.009,-925.8844784417569,-6285.080967393582,2583.4134978345987,-4244.9389449192795,4726.520727556371,2583.4134978345987,22.2542,131.9274,7
2058,STARLINK-34103,satellite,0,53,43.0168,107.4301,133.2403,34.4521,167.6924,6867.1478,482.2571,987.5623287759113,-6714.784923208656,997.5763080438966,-5797.6426705811555,3528.5911327928306,997.5763080438966,8.4133,148.6743,5
2059,STARLINK-33801,satellite,0,53,43.0093,107.3595,163.9837,46.1382,210.122,6865.3055,487.1665,4174.826274209354,-4914.23931538619,-2349.2402776055133,-6447.748484544511,-73.9049982751508,-2349.2402776055133,-20.1333,-179.3433,6
2060,STARLINK-34135,satellite,0,53,43.0183,107.3972,150.762,38.1455,188.9075,6867.3484,484.0872,2768.258801327234,-6236.836022630267,-724.8799914673383,-6567.138835753082,1853.123815682015,-724.8799914673383,-6.1016,164.2419,4
2061,STARLINK-34147,satellite,0,53,42.9944,107.3116,91.4011,139.9538,231.3549,6861.9958,491.3068,5018.573576988994,-2925.2751446146676,-3655.456839429966,-5456.144876101723,-1993.4388654637476,-3655.456839429966,-32.3429,-159.9299,4
2062,STARLINK-33960,satellite,0,53,42.9845,107.2487,77.0529,175.5404,252.5933,6859.282,494.2784,5184.21582747786,-540.2579630720514,-4465.139467681975,-3726.70215177675,-3644.127259643557,-4465.139467681975,-40.7617,-135.6419,4
2063,STARLINK-34153,satellite,0,53,42.9841,107.1295,102.3342,185.5711,287.9053,6859.2963,494.1309,3944.173037229725,3423.613600589355,-4452.69304924987,115.40711462970762,-5221.523937668313,-4452.69304924987,-40.6256,-88.7338,9
2064,STARLINK-33963,satellite,0,53,42.9795,107.2012,87.0145,179.7382,266.7527,6858.4415,494.8831,4903.7084966108,1111.0973969677964,-4671.305544039746,-2276.8599759244244,-4482.94580552955,-4671.305544039746,-43.0719,-116.9257,4
2065,STARLINK-34112,satellite,0,53,42.996,107.0677,79.4904,229.7074,309.1978,6861.9606,490.5928,2445.5913717983854,5287.914687367684,-3626.8727425319234,2507.050269713578,-5259.054843203544,-3626.8727425319234,-32.0639,-64.5123,15
2066,STARLINK-34084,satellite,0,53,43.0125,107.0206,7.8431,322.4792,330.3223,6865.3215,486.6515,630.3659060126693,6428.244713794826,-2317.759107921742,4543.838827415246,-4590.557698838773,-2317.759107921742,-19.8538,-45.293,14
2067,STARLINK-34138,satellite,0,27,43.0201,103.9686,132.1298,33.0499,165.1796,6866.6497,482.0386,355.8683115836728,-6744.879039496585,1197.0791585335594,-5417.358140971627,4033.8897214820126,1197.0791585335594,10.112,143.3278,5
2068,STARLINK-34115,satellite,0,27,43.0016,103.8747,153.1513,68.5208,221.6721,6863.4576,489.1722,4468.936080432372,-4176.5366774962185,-3111.99222493166,-6067.935961348149,-771.3633893563518,-3111.99222493166,-27.1101,-172.7553,7
2069,STARLINK-34028,satellite,0,27,42.9931,104.2577,95.4185,323.3594,58.7779,6861.0047,485.2987,-5031.680501661242,2388.2707212335854,3998.1287331642484,5051.299458858058,2346.4908876106483,3998.1287331642484,35.8417,24.9164,9
2070,STARLINK-33942,satellite,0,27,42.9822,104.192,111.3242,328.7544,80.0785,6858.8173,488.4371,-5080.097731767337,-66.08041007918422,4604.930983949342,3193.637731184858,3951.2577272124768,4604.930983949342,42.3667,51.0528,5
2071,STARLINK-34139,satellite,0,27,42.983,104.1185,80.214,21.099,101.313,6858.9413,486.4483,-4440.825829996298,-2503.6025587615395,4582.806256841077,909.7219901532421,5016.11061732407,4582.806256841077,42.1319,79.7206,4
2072,STARLINK-34090,satellite,0,27,42.9967,104.0519,85.1427,37.451,122.5937,6861.1806,485.4968,-3201.852930575591,-4608.797589420134,3939.4719966403104,-1501.481939015609,5407.2571046779585,3939.4719966403104,35.2369,105.5189,4
2073,STARLINK-34105,satellite,0,27,43.0021,104.0162,101.4699,35.4301,136.9,6863.2036,483.8519,-2111.902941644733,-5687.79901187137,3195.584442449622,-3027.8703438230236,5257.679413521677,3195.584442449622,27.9233,119.9374,6
2074,STARLINK-33642,satellite,0,27,43.02,103.9419,144.3478,34.839,179.1868,6867.5443,482.8393,1583.8042068067732,-6675.336621857195,66.43647688651127,-6148.087228621864,3044.5982017112515,66.43647688651127,0.5583,153.6549,5
2075,STARLINK-34045,satellite,0,27,43.0138,103.9086,159.374,41.0211,200.3951,6866.4709,485.7487,3243.63524082162,-5823.518233833746,-1631.4813231138592,-6552.704125910177,1223.3571978673235,-1631.4813231138592,-13.8355,169.4249,5
2076,STARLINK-33871,satellite,0,12,43.0168,289.5217,13.7318,327.7632,341.495,6866.6426,484.8791,673.6281610030567,-6665.2670987677875,-1485.8023152869646,-5559.040421720042,3738.533133047689,-1485.8023152869646,-12.5809,146.0786,7
2077,STARLINK-34154,satellite,0,12,43.0033,289.1384,105.9769,31.3174,137.2943,6863.3392,484.3248,1561.3024057414416,5876.142793104045,3172.3261470647476,3524.4477147929483,-4954.289821237085,3172.3261470647476,27.7008,-54.5722,6
2078,STARLINK-34158,satellite,0,12,43.021,289.1044,145.5547,34.127,179.6817,6867.5083,482.6015,-2219.083912937642,6491.896401640446,26.006278755418112,6412.664427369993,-2438.603543882088,26.006278755418112,0.2185,-20.8208,4
2079,STARLINK-34165,satellite,0,12,42.9889,288.9365,79.2244,164.1093,243.3337,6860.3438,493.1668,-5243.222379915285,1457.5716221179944,-4182.051833602008,4470.245901917228,3103.674843671678,-4182.051833602008,-37.7139,34.7721,4
2080,STARLINK-34150,satellite,0,12,43.0169,289.4661,57.9473,326.0406,23.9879,6865.9359,483.098,4010.948733849072,-5229.402010449602,1902.5049826694008,-6585.598157883389,253.47985194631795,1902.5049826694008,16.1977,177.7958,4
2081,STARLINK-34169,satellite,0,12,43.0215,289.0605,161.3229,25.4636,186.7865,6867.3611,482.8932,-2785.075243496206,6245.734251408923,-553.153347793962,6584.725970677377,-1845.866826790307,-553.153347793962,-4.6533,-15.6595,4
2082,STARLINK-34152,satellite,0,12,43.0099,289.1084,117.1116,34.3827,151.4943,6865.428,482.2272,288.5862112419633,6478.088752758442,2232.591313892592,4800.476083730862,-4359.397350490366,2232.591313892592,19.1088,-42.2431,4
2083,STARLINK-33927,satellite,0,12,42.9856,289.6407,105.4024,186.5907,291.9931,6859.7327,493.6517,-3520.5086487546228,-3985.426319915739,-4338.9126652661125,-818.2930963552634,5254.3315945884615,-4338.9126652661125,-39.3875,98.852,6
2084,STARLINK-33898,satellite,0,12,43.0122,289.5382,11.9869,322.4356,334.4225,6865.8886,486.2019,28.50227906938394,-6558.058678397676,-2021.048166225822,-5064.525298666953,4166.476870016396,-2021.048166225822,-17.2289,140.5566,9
2085,STARLINK-33928,satellite,0,12,42.98,288.8401,88.2364,183.5411,271.7775,6858.3035,495.2204,-4681.1565091124985,-1822.192028690729,-4676.825870309004,1587.5475836370745,4765.847534480979,-4676.825870309004,-43.1324,71.5766,4
2086,STARLINK-33758,satellite,0,12,42.9836,289.3389,104.4727,329.0086,73.4813,6859.1994,486.8699,5182.604269029256,-247.00288186184304,4481.320099580225,-3500.017782758139,-3830.1792325405772,4481.320099580225,40.9943,-132.4211,52
2087,STARLINK-33936,satellite,0,12,43.0216,289.0856,133.0637,32.5097,165.5734,6866.9762,482.1219,-991.4666100960403,6686.706781233836,1166.0118487894342,5778.530518471167,-3507.6542965679014,1166.0118487894342,9.8468,-31.2584,5
2088,STARLINK-33931,satellite,0,12,42.9809,288.8637,85.4802,179.0927,264.5729,6858.649,495.1831,-4940.058862850828,-1001.8824012914066,-4658.21141528034,2384.1149202844713,4441.164932911794,-4658.21141528034,-42.9201,61.7721,4
2089,STARLINK-33759,satellite,0,12,43.0125,289.0178,169.8587,38.1384,207.9971,6865.5494,486.4594,-4201.4261533929,4960.996036058434,-2197.497705514822,6500.715475243549,64.51125584258298,-2197.497705514822,-18.7851,0.5686,4
2090,STARLINK-34163,satellite,0,12,42.9998,289.4172,82.4593,322.706,45.1652,6863.0099,484.1201,4961.436214557195,-3377.495114207146,3316.381441477609,-5767.629262116754,-1660.655067251269,3316.381441477609,29.0745,-163.9375,9
2091,STARLINK-34077,satellite,0,12,43.0086,289.0035,166.7508,48.3221,215.073,6864.5389,487.8177,-4555.353365902298,4371.453625438462,-2689.833818806831,6273.113232730398,713.3732942430922,-2689.833818806831,-23.2052,6.4878,4
2092,STARLINK-34113,satellite,0,12,43.0186,289.4946,34.5913,327.9686,2.5598,6867.6929,482.6507,2498.4719518620095,-6386.240655347313,209.05176102639746,-6509.799644252114,2156.140161016227,209.05176102639746,1.757,161.6744,4
2093,STARLINK-34193,satellite,0,12,43.0175,289.4834,43.1392,326.6486,9.7878,6867.2687,482.3002,3058.6327646939526,-6088.791889853001,795.6214029078108,-6638.673199433525,1535.1349186055552,795.6214029078108,6.7013,166.9797,4
2094,STARLINK-34078,satellite,0,12,42.9979,288.969,105.9195,123.2913,229.2108,6862.3702,490.8181,-5051.491823255493,3004.750874140595,-3543.712105915514,5538.32394985135,1968.010488429548,-3543.712105915514,-31.2448,19.5624,4
2095,STARLINK-34182,satellite,0,31,43.0158,286.0398,23.3207,329.5468,352.8674,6867.3569,483.2752,1282.479973213896,-6715.230928862494,-581.1897348043,-5986.339728894341,3301.9415439870195,-581.1897348043,-4.8894,151.1198,4
2096,STARLINK-34192,satellite,0,12,43.0035,289.5582,15.7781,304.5318,320.3099,6863.8645,488.6979,-1252.3844051977376,-6049.247486825265,-2989.2556847030214,-3854.94443889452,4827.138409894675,-2989.2556847030214,-25.9624,128.6108,11
2097,STARLINK-34093,satellite,0,12,43.0191,289.0409,163.9676,29.8839,193.8515,6866.9941,484.0239,-3308.7575908141694,5905.7168353260195,-1120.723039445165,6657.546071546896,-1225.74403488414,-1120.723039445165,-9.4582,-10.4321,4
2098,STARLINK-34016,satellite,0,12,43.002,288.9837,148.0974,74.037,222.1344,6863.4952,489.3853,-4839.649598759881,3717.2857058225527,-3140.1828214669936,5951.311751454869,1349.9295146356792,-3140.1828214669936,-27.3748,12.7801,4
2099,STARLINK-34161,satellite,0,12,43.0244,289.0665,140.9257,31.7214,172.6471,6867.3611,482.1431,-1615.906278894176,6640.12007773758,599.039645809003,6141.491159030162,-2997.4045593642677,599.039645809003,5.0408,-26.0151,6
2100,STARLINK-34162,satellite,0,12,42.9837,289.2393,77.7749,24.0173,101.7922,6858.9885,487.2978,4173.679978122304,2940.6092434741868,4575.628746737063,-402.8353306434055,-5089.647431696055,4575.628746737063,42.0446,-94.5254,119
2101,STARLINK-34155,satellite,0,12,42.9917,289.3742,96.4339,322.8562,59.2902,6860.7702,485.6004,5229.21048952415,-1872.812890171197,4019.660877827118,-4780.818536675277,-2827.6924487508995,4019.660877827118,36.0625,-149.3971,9
2102,STARLINK-34141,satellite,0,12,42.9834,289.3075,103.4132,337.1689,80.5822,6858.727,487.1746,5040.276393537703,577.1602069044907,4611.06637595045,-2774.937421332777,-4247.0251159340305,4611.06637595045,42.4458,-123.16,67
2103,STARLINK-34062,satellite,0,12,43.0165,289.0255,167.1423,33.7973,200.9395,6866.3594,485.2902,-3784.402844897732,5474.329197838963,-1673.058475714587,6629.378583224936,-584.2299710394627,-1673.058475714587,-14.1963,-5.0363,4
2104,STARLINK-34201,satellite,0,61,43.0175,133.0916,151.8227,33.228,185.0507,6867.3811,483.2552,4991.740401998668,-4689.386144838217,-412.0986442913459,-6796.46280104946,-846.113497290629,-412.0986442913459,-3.4648,-172.9036,4
2105,STARLINK-34190,satellite,0,61,43.0101,132.7229,11.1181,315.234,326.3521,6864.8599,487.8068,-1833.2873119330764,6083.576554525239,-2593.8839519662533,5852.073637170196,-2474.6879011304773,-2593.8839519662533,-22.3326,-22.9222,5
2106,STARLINK-34168,satellite,0,61,42.9885,132.5339,99.5702,325.9313,65.5015,6859.982,485.9791,-5284.630242627492,-990.1648189541969,4253.8309511234065,2613.1974287534713,4698.823508958807,4253.8309511234065,38.5243,60.9199,5
2107,STARLINK-34098,satellite,0,61,43.0164,132.6331,55.9468,327.064,23.0108,6866.1043,482.317,-5718.172999371702,3316.876657817725,1829.126251433538,6204.28635816369,2281.666934463394,1829.126251433538,15.5589,20.1913,4
2108,STARLINK-34180,satellite,0,61,42.9791,132.9082,83.7833,179.0119,262.7952,6858.6388,494.9643,4234.753604166878,2761.1048267097717,-4641.979859834031,-579.9667715016885,-5021.999252891051,-4641.979859834031,-42.7369,-96.5876,4
2109,STARLINK-34171,satellite,0,61,42.9781,132.4612,88.5408,358.1496,86.6904,6858.623,486.4486,-3960.696586368982,-3087.9666447167046,4665.153260532721,153.42090883041345,5019.87225663079,4665.153260532721,43.0674,88.2494,4
2110,STARLINK-34126,satellite,0,61,43.0088,133.0562,162.4186,43.7771,206.1956,6865.8062,486.5474,5822.7616611484,-2987.0486898151935,-2066.434550512921,-6017.286201242563,-2572.7961462584212,-2066.434550512921,-17.6272,-156.85,4
2111,STARLINK-34157,satellite,0,61,43.0025,132.6011,77.6318,319.5,37.1318,6864.1939,483.2215,-5929.21429961164,1975.1644150246027,2823.3785895317214,5306.6450211931,3300.9658126289523,2823.3785895317214,24.4467,31.8834,5
2112,STARLINK-34140,satellite,0,61,42.9827,132.8311,99.7168,184.3417,284.0585,6858.8937,494.0507,2438.2636118893743,4533.498050516964,-4538.769702743711,1931.2186557415478,-4771.596013790432,-4538.769702743711,-41.5807,-67.9652,13
2113,STARLINK-34132,satellite,0,61,42.997,133.0106,118.9168,108.5362,227.4531,6862.5743,490.265,5869.660515999548,-870.8868848607882,-3448.07385775175,-4418.886047507359,-3960.4046053972056,-3448.07385775175,-30.3154,-138.1319,4
2114,STARLINK-34254,satellite,0,15,43.0218,8.8143,146.8215,31.6229,178.4443,6867.4332,482.6132,-6798.085046005826,-916.342063223413,127.07815330947656,3636.5949484455737,5816.254830258103,127.07815330947656,1.068,57.9844,4
2115,STARLINK-34129,satellite,0,15,43.0071,9.3105,332.8804,346.0696,318.9501,6863.7008,486.7129,5638.663847821289,-2414.234316606067,-3073.1089936491985,-5458.937641392985,-2796.972854996619,-3073.1089936491985,-26.755,-152.871,4
2116,STARLINK-34212,satellite,0,15,42.994,8.9235,86.8666,34.942,121.8086,6860.9987,485.2362,-4231.0751405705605,3649.4925186432847,3973.194321031212,5510.470174112732,924.938348757088,3973.194321031212,35.5849,9.5283,15
2117,STARLINK-34149,satellite,0,15,42.9907,9.1078,101.5236,323.4752,64.9987,6860.1841,486.5359,2141.78422220802,4946.729579271895,4237.214179199765,2438.5450432654693,-4807.376754208903,4237.214179199765,38.3431,-63.1036,39
2118,STARLINK-34054,satellite,0,15,42.9857,9.062,103.1759,336.1101,79.286,6858.8305,487.0671,482.47908206268966,5066.827900669115,4592.763683509018,3590.7005219393827,-3607.2705472935195,4592.763683509018,42.2396,-45.1319,9
2119,STARLINK-34195,satellite,0,15,43.0084,8.8689,104.504,38.5693,143.0732,6864.2355,483.0382,-5880.914471189478,2131.556585758961,2810.2634512635163,5396.138852664054,3163.9175050098384,2810.2634512635163,24.3265,30.3844,5
2120,STARLINK-34133,satellite,0,15,43.0201,8.8289,130.3816,33.9158,164.2974,6866.8016,482.1404,-6733.624840792678,327.68230211256383,1266.6014095748942,4552.683374740496,4972.137696908593,1266.6014095748942,10.7057,47.5216,5
2121,STARLINK-34181,satellite,0,15,43.0068,9.1645,81.8846,321.9631,43.8477,6863.4135,484.5881,4329.38257857588,4217.492224320395,3240.441385610595,480.26386470249327,-6024.959816807109,3240.441385610595,28.3465,-85.4425,86
2122,STARLINK-34186,satellite,0,15,43.0244,9.248,25.5962,328.7035,354.2997,6867.4431,483.3212,6818.75614700781,605.4716915398254,-464.9974983716801,-3889.0066846260765,-5633.618585646936,-464.9974983716801,-3.9102,-124.6181,4
2123,STARLINK-34203,satellite,0,70,42.988,238.1923,98.6634,201.1682,299.8317,6860.8967,492.1709,-5500.273997873923,-605.8860316227073,-4059.3060716856858,3046.618173134237,4619.332164082996,-4059.3060716856858,-36.4336,56.5937,4
2124,STARLINK-33865,satellite,0,70,43.0135,238.0309,57.3439,327.4493,24.7932,6865.8938,482.4554,-1512.662333002498,-6395.762017835645,1962.0651547641392,-3955.3512042673947,5248.725176018849,1962.0651547641392,16.7208,127.0011,5
2125,STARLINK-34234,satellite,0,70,42.9915,238.3731,72.5265,170.8594,243.3859,6860.3234,492.7515,-2209.274197093807,4971.286687132111,-4183.904601156131,5236.314301985912,-1474.9902828219724,-4183.904601156131,-37.7362,-15.7317,4
2126,STARLINK-34256,satellite,0,70,43.0151,238.0907,16.1737,326.1852,342.3589,6866.6693,484.5818,-4747.127492076622,-4747.275385346132,-1418.6144188088485,-621.1241209431423,6684.762362023465,-1418.6144188088485,-12.004,95.3085,4
2127,STARLINK-34229,satellite,0,70,43.0089,238.5675,107.2494,37.1193,144.3687,6864.4431,483.6029,5399.9139192873645,3232.7042246921246,2725.347504077276,-961.2267796395821,-6219.766074231366,2725.347504077276,23.545,-98.7852,53
2128,STARLINK-34224,satellite,0,70,43.0172,238.0632,33.9406,329.6156,3.5562,6867.478,482.3752,-3358.0584388381767,-5975.388235970898,290.30716595560386,-2453.288566432131,6400.249702866683,290.30716595560386,2.4404,110.9724,5
2129,STARLINK-34215,satellite,0,70,42.9815,238.3065,86.5774,178.016,264.5934,6858.6135,494.7123,-3913.288343017084,3176.2678899178227,-4658.101013102088,4943.371733847048,982.6389291690215,-4658.101013102088,-42.9225,11.2427,4
2130,STARLINK-33893,satellite,0,70,43.0196,238.5006,148.0441,31.7648,179.8089,6867.4548,482.1134,3598.6551582910183,5840.588274218131,15.609764521034323,2195.901201834345,-6499.292903771253,15.609764521034323,0.1312,-71.3315,7
2131,STARLINK-34183,satellite,0,70,42.9935,238.6139,85.4441,37.7011,123.1452,6861.196,485.5336,5537.195274651061,1013.4878719733398,3914.8872947156738,-2756.555402031557,-4908.063924989743,3914.8872947156738,34.985,-119.3202,69
2132,STARLINK-34211,satellite,0,70,42.9819,238.675,80.9409,20.8492,101.79,6859.0259,487.0345,4922.1504464077425,-1355.8405407169882,4575.335331117115,-4186.907734060276,-2921.5872767024975,4575.335331117115,42.0432,-145.093,9
2133,STARLINK-34252,satellite,0,74,42.9983,53.1736,109.9535,118.8574,228.8109,6862.4509,490.7851,314.5693808890648,-5882.064039301061,-3522.3362417919466,-4727.059497599446,3514.618011105404,-3522.3362417919466,-31.0359,143.3688,15
2134,STARLINK-34050,satellite,0,74,42.9825,52.9923,102.6203,182.808,285.4283,6859.2701,495.2863,4964.6500323826185,-1455.4395043565403,-4511.172673827539,-4290.690592087017,-2890.6795633301026,-4511.172673827539,-41.2641,-146.0315,4
2135,STARLINK-33782,satellite,0,74,43.0176,52.8361,27.116,321.8815,348.9975,6867.1897,484.2019,4832.160027320343,4789.433045909809,-893.452438650967,599.2563835548286,-6777.118208918466,-893.452438650967,-7.5277,-84.9469,4
2136,STARLINK-34207,satellite,0,74,42.9846,53.1093,80.2879,169.7584,250.0463,6859.6357,494.4038,2368.6225135587597,-4706.507496354722,-4398.779528903354,-5134.3412727851755,1183.268828100916,-4398.779528903354,-40.0327,167.0221,13
2137,STARLINK-34260,satellite,0,74,43.0116,53.2127,161.873,45.7234,207.5963,6865.6513,486.8338,-1780.5068235419362,-6263.003808471258,-2168.6328488988793,-3682.1327114565097,5370.039101238166,-2168.6328488988793,-18.5285,124.4377,8
2138,STARLINK-33855,satellite,0,74,43.0202,52.8021,44.6545,325.5428,10.1973,6867.1222,482.4786,3374.70443047432,5915.107402916667,828.6260801887913,2396.2721955895727,-6374.559211878644,828.6260801887913,6.9805,-69.3982,8
2139,STARLINK-34223,satellite,0,58,42.984,49.1998,104.7616,326.4958,71.2574,6859.4665,485.6101,-2155.501365638899,4770.229345464111,4425.7355110021335,5047.260997234912,-1387.9591389480318,4425.7355110021335,40.39,-15.3759,14
2140,STARLINK-34216,satellite,0,74,42.9839,52.6115,89.0296,359.0966,88.1262,6858.5518,486.8517,-3846.1807252149806,3221.5135237986083,4671.214352945795,4935.328177640966,902.1038377125211,4671.214352945795,43.1337,10.3585,21
2141,STARLINK-34218,satellite,0,58,43.0183,49.3547,36.5051,331.0927,7.5978,6867.2919,482.1345,3926.080582584245,5591.412538155153,618.8082838205571,1795.0489585986404,-6592.101497172023,618.8082838205571,5.2076,-74.7675,9
2142,STARLINK-34017,satellite,0,74,42.9909,52.9202,96.5816,209.9935,306.5751,6861.666,492.2171,5682.717464019988,832.0244080294515,-3758.7058352653785,-2989.12872232301,-4904.146395940697,-3758.7058352653785,-33.3666,-121.3627,4
2143,STARLINK-34299,satellite,0,71,43.0161,111.4466,55.0195,326.5492,21.5687,6866.153,481.8482,-4048.0173714276625,5262.6757624013935,1720.077207349806,6634.87625832255,-246.20693795052364,1720.077207349806,14.6114,-2.1252,5
2144,STARLINK-34271,satellite,0,71,42.9786,111.2734,92.4595,352.7725,85.2319,6858.6554,486.5217,-4863.832085149834,-1282.2823675389282,4656.896758016992,2119.6681562675903,4561.591556676175,4656.896758016992,42.9724,65.0768,4
2145,STARLINK-34100,satellite,0,71,42.9861,111.3457,94.2964,329.6848,63.9812,6860.285,485.3013,-5292.060799375228,1160.5571577776866,4200.420461218513,4272.889431544037,3330.9482623649797,4200.420461218513,37.9596,37.9383,5
2146,STARLINK-34269,satellite,0,71,43.0041,110.6737,41.6522,276.9422,318.5944,6863.5822,489.5616,1288.4342589689454,5988.307101927417,-3096.0345829178023,3785.0279669251613,-4815.957648928566,-3096.0345829178023,-26.9583,-51.835,12
2147,STARLINK-34351,satellite,0,71,43.0114,110.6611,352.1235,333.6313,325.7548,6864.7326,487.216,640.5618085592449,6304.006071601367,-2634.1667501441457,4441.727391953054,-4519.0562905263205,-2634.1667501441457,-22.7004,-45.4944,12
2148,STARLINK-34198,satellite,0,71,43.0164,110.6527,2.0935,330.6377,332.7312,6865.6697,486.0656,-0.28667570798056957,6518.2912151359615,-2144.8452870909136,5015.904522345421,-4162.790202522385,-2144.8452870909136,-18.3202,-39.6899,13
2149,STARLINK-34279,satellite,0,71,43.0205,111.4971,23.6997,322.3811,346.0808,6867.1218,484.2348,-1317.8503794496908,6639.22038251248,-1126.156670568343,5950.440697122511,-3226.1792294001616,-1126.156670568343,-9.5042,-28.4654,8
2150,STARLINK-34292,satellite,0,71,42.9821,111.1994,77.247,29.2448,106.4917,6859.3755,486.4204,-3779.6972603863437,-3553.3469720328744,4481.523195779656,-320.2799627525665,5177.818732756724,4481.523195779656,40.9998,93.5396,4
2151,STARLINK-34278,satellite,0,71,42.9949,110.7087,98.7536,205.7747,304.5283,6861.5091,492.3369,2492.9403894995826,5101.593109585536,-3856.088467418791,2333.438572191095,-5176.491907767241,-3856.088467418791,-34.3472,-65.7353,14
2152,STARLINK-33802,satellite,0,71,43.0026,111.4035,78.9552,323.7399,42.6952,6863.4532,483.2833,-5004.956017045016,3451.11403894451,3171.1736861388017,5852.072470929128,1647.1249610604668,3171.1736861388017,27.6944,15.7198,6
2153,STARLINK-35442,satellite,0,4,42.9975,144.0646,71.5376,240.8581,312.3957,6862.5384,490.6601,-1571.2678091007378,5717.381596870789,-3456.6312105584752,5402.949500235363,-2442.43148318626,-3456.6312105584752,-30.3965,-24.3256,4
2154,STARLINK-34616,satellite,0,4,42.9881,143.3957,77.8503,171.7114,249.5618,6859.5152,494.2114,4729.347179823253,2347.597622918529,-4385.316211592979,-1214.0340757417262,-5138.488163786389,-4385.316211592979,-39.8873,-103.2931,4
2155,STARLINK-34615,satellite,0,4,42.9829,143.6748,79.2083,28.7255,107.9338,6859.3197,486.7277,-1125.8373915419213,-5094.963662744898,4447.068928201105,-3201.4594833349447,4120.293889208581,4447.068928201105,40.6168,127.8471,7
2156,STARLINK-35292,satellite,0,4,43.0208,143.561,138.8493,32.8258,171.675,6867.4577,482.4419,5029.599826170942,-4616.116304986194,677.6891146440475,-6764.262350403313,-922.0406756181696,677.6891146440475,5.7044,-172.2378,4
2157,STARLINK-35309,satellite,0,4,42.9946,144.0741,91.2475,214.0601,305.3076,6861.4626,491.8007,-808.5745912050553,5644.75251163754,-3819.3958592510853,4859.956368767335,-2982.926060239937,-3819.3958592510853,-33.9792,-31.5406,6
2158,STARLINK-35506,satellite,0,4,42.9973,143.4588,96.0854,132.1587,228.2441,6862.6484,491.8546,5902.757506343899,287.23664677452285,-3492.2000771722014,-3548.866328588928,-4725.526304207528,-3492.2000771722014,-30.7365,-126.9065,4
2159,STARLINK-35504,satellite,0,4,42.987,144.1212,99.2881,191.8054,291.0934,6859.6747,493.4688,743.8453925836816,5242.7113135248555,-4365.828310154183,3559.114242363796,-3920.71851767411,-4365.828310154183,-39.6805,-47.7677,8
2160,STARLINK-35479,satellite,0,4,42.9858,143.8317,97.4396,328.1728,65.6124,6859.9995,485.6921,-4980.761663681713,-2016.7344549770094,4257.169718977031,1629.197897608072,5120.6365642097935,4257.169718977031,38.5619,72.3508,4
2161,STARLINK-35507,satellite,0,4,43.0222,143.5355,152.7729,33.0784,185.8513,6867.3726,483.196,5793.155120776685,-3645.27816517269,-477.2475030757278,-6504.874625090716,-2129.6256165619384,-477.2475030757278,-4.0134,-161.8721,4
2162,STARLINK-35460,satellite,0,4,43.011,144.0131,9.758,323.8344,333.5924,6865.6063,485.9168,-3661.75959220526,5417.15297600456,-2081.844282193571,6507.054317579104,-642.0854963456445,-2081.844282193571,-17.7646,-5.6354,4
2163,STARLINK-35505,satellite,0,4,42.9794,143.7674,92.5234,354.3319,86.8553,6858.3375,487.1616,-3263.2951253623396,-3817.154122441914,4666.505590057903,-853.0838413009764,4948.940152133593,4666.505590057903,43.0773,99.7804,4
2164,STARLINK-35512,satellite,0,4,43.0182,143.9619,40.5513,328.3829,8.9342,6867.1857,482.0393,-5938.0719015713,3357.04566805435,726.8128012592749,6375.6377188721135,2425.2210627751583,726.8128012592749,6.1197,20.8263,4
2165,STARLINK-35257,satellite,0,4,43.0136,143.4983,165.1293,42.0254,207.1547,6865.5539,486.3927,6270.530300672857,-1791.310149001017,-2136.5520461906426,-5383.159002836005,-3681.0245111593786,-2136.5520461906426,-18.246,-145.6355,4
2166,STARLINK-35322,satellite,0,4,43.0104,143.588,114.3637,36.1569,150.5206,6865.3573,482.3384,3339.721853043723,-5529.859741780636,2302.138305281596,-6388.105835800661,961.870391515165,2302.138305281596,19.7275,171.4372,4
2167,STARLINK-35400,satellite,0,4,42.9833,144.2155,81.7913,180.9879,262.7792,6858.799,496.0275,3612.982909107666,3536.8398248879093,-4642.899589754776,414.052758742481,-5038.992137461118,-4642.899589754776,-42.7392,-85.3026,10
2168,STARLINK-35407,satellite,0,4,43.0203,143.5286,165.3205,27.5298,192.8503,6867.1443,484.1379,6042.9480947813345,-3079.405864680555,-1041.185767684253,-6228.979161248107,-2683.2407205443174,-1041.185767684253,-8.7814,-156.6952,4
2169,STARLINK-35417,satellite,0,4,42.9824,143.815,99.9551,332.7037,72.6588,6859.2278,486.3478,-4475.54071985384,-2657.45384704581,4461.394449358197,813.5070893276081,5141.082755593623,4461.394449358197,40.7776,81.0083,4
2170,STARLINK-35404,satellite,0,4,42.9922,143.6495,85.0721,37.2033,122.2755,6860.9993,485.1782,435.5046001146298,-5585.027742751921,3952.856973560082,-4575.732000391658,3231.853308029524,3952.856973560082,35.3761,144.7663,7
2171,STARLINK-34783,satellite,0,4,42.9783,144.191,86.7937,183.0343,269.828,6858.7389,496.4735,2955.1490142485295,4060.8379420795773,-4679.752344378594,1237.3971008912083,-4867.459183491237,-4679.752344378594,-43.1561,-75.7365,12
2172,STARLINK-35477,satellite,0,4,42.9964,143.638,92.1599,37.0868,129.2468,6862.1007,484.7671,1190.741392220187,-5699.6211162421205,3621.298837890865,-5146.2538189073275,2723.8974949952303,3621.298837890865,32.0393,152.1079,6
2173,STARLINK-35443,satellite,0,4,42.9797,143.7418,83.0212,10.8934,93.9146,6858.4821,486.9286,-2581.8170207860708,-4311.397986875547,4662.5241918528745,-1668.6335113041055,4740.210326030704,4662.5241918528745,43.0336,109.3929,4
2174,STARLINK-35218,satellite,0,4,43.012,144.023,23.1687,303.2418,326.4106,6864.812,487.8345,-2995.5167913552323,5605.20507040301,-2590.0080953668003,6226.2508076870245,-1274.8512102749175,-2590.0080953668003,-22.2974,-11.5716,4
2175,STARLINK-35522,satellite,0,4,43.0115,143.9366,56.6866,326.38,23.0666,6866.0207,482.1344,-6257.8367749349745,2126.3799365229397,1833.1028485410932,5632.882952902291,3457.259373416843,1833.1028485410932,15.594,31.5401,4
2176,STARLINK-35535,satellite,0,4,42.994,143.8732,88.6745,322.725,51.3994,6861.8984,484.5273,-5765.925728953522,-643.6722362545869,3654.086753082282,3187.205010621259,4847.879709708556,3654.086753082282,32.3653,56.6774,5
2177,STARLINK-35467,satellite,0,4,43.0135,143.989,33.117,314.3496,347.4665,6867.1285,483.9716,-4778.002065292789,4818.813234506387,-1015.7801462872347,6759.547485749638,598.9845681583174,-1015.7801462872347,-8.5657,5.0639,5
2178,STARLINK-35511,satellite,0,4,42.9931,143.4112,44.4493,197.8342,242.2835,6860.63,490.7873,5210.340566267173,1665.0490287661003,-4141.832565346647,-2046.4384733461836,-5072.684364268371,-4141.832565346647,-37.3052,-111.9703,4
2179,STARLINK-35440,satellite,0,4,43.0008,143.8873,78.5912,326.3756,44.9669,6862.4575,483.3332,-6007.551189346639,-3.7130677186604046,3304.648783845624,3833.9613733308556,4625.086514574519,3304.648783845624,28.9657,50.343,5
2180,STARLINK-35482,satellite,0,4,43.0172,143.56,129.1181,35.5339,164.652,6866.9408,482.0596,4533.034977303975,-4997.008973624195,1238.6217081719296,-6740.214129859862,-296.6787346262792,1238.6217081719296,10.4667,-177.4797,4
2181,STARLINK-35438,satellite,0,4,43.0124,143.4809,159.1454,55.0058,214.1512,6864.7575,488.1226,6240.968299547266,-1115.8287459072876,-2628.2194388979324,-4844.506560875919,-4089.6840083039547,-2628.2194388979324,-22.6432,-139.8293,4
2182,STARLINK-35617,satellite,0,18,42.9849,205.8328,76.8545,172.1582,249.0126,6859.6796,494.0194,169.89823456073077,5290.484833993354,-4369.1060789430385,3962.435726216879,-3509.58662871009,-4369.1060789430385,-39.7123,-41.5318,7
2183,STARLINK-35618,satellite,0,18,42.9822,205.7368,94.0765,183.2264,277.3029,6858.6101,495.0753,-2948.5275393925567,4107.401582544394,-4641.316570204977,5043.704406456656,-354.4125719189698,-4641.316570204977,-42.7285,-4.0195,4
2184,STARLINK-35588,satellite,0,18,42.9872,205.6882,108.7873,182.6604,291.4477,6859.7159,493.4625,-4286.912973519974,3123.047197820234,-4355.367039118338,5141.040595441147,1304.1273857920555,-4355.367039118338,-39.567,14.234,4
2185,STARLINK-35555,satellite,0,18,42.9994,205.6241,60.3523,252.3019,312.6542,6862.6358,490.2517,-5789.267435836877,1317.4046069109481,-3442.305139965704,4711.130009149135,3613.3677336863943,-3442.305139965704,-30.2595,37.4877,4
2186,STARLINK-35589,satellite,0,18,43.0117,205.5978,4.2531,322.5619,326.8151,6864.7118,487.0546,-6365.942507970885,-4.4236548556471345,-2562.133487042389,4062.3069277071136,4901.316762729758,-2562.133487042389,-22.0476,50.3474,4
2187,STARLINK-35611,satellite,0,18,43.0204,205.5569,17.988,330.0273,348.0153,6866.9941,483.7686,-6504.591787994833,-1955.80896734579,-972.0742041802778,2649.297539027532,6254.288576241321,-972.0742041802778,-8.1949,67.0426,4
2188,STARLINK-35610,satellite,0,18,43.022,205.5231,43.6245,325.6043,9.2288,6867.0495,482.0624,-5763.795744705294,-3643.3532725230425,750.6282802244939,877.6378074540244,6762.034925524602,750.6282802244939,6.321,82.605,4
2189,STARLINK-35533,satellite,0,18,43.0164,205.4933,62.8571,327.6076,30.4647,6865.1375,482.7939,-4241.671377701482,-4839.217356467119,2372.199775718791,-1014.6896262134869,6354.542128430603,2372.199775718791,20.3521,99.0724,4
2190,STARLINK-35470,satellite,0,18,42.9966,205.4453,88.9793,322.7118,51.6911,6861.8951,484.7649,-2147.455786329573,-5379.662444694449,3669.169176256318,-2768.05776344104,5088.240421928784,3669.169176256318,32.5137,118.5467,5
2191,STARLINK-35439,satellite,0,18,42.9902,205.4036,96.5711,329.109,65.6801,6860.0925,485.6922,-589.993937020172,-5338.969924422777,4259.796568257884,-3731.4434021048346,3863.809368550655,4259.796568257884,38.5901,134.0016,7
2192,STARLINK-35446,satellite,0,18,42.9878,205.3776,99.6916,333.2658,72.9575,6859.2751,486.7676,239.5456399179982,-5193.25292122408,4469.299299509719,-4149.1151856679535,3132.4273644357254,4469.299299509719,40.8619,142.9486,7
2193,STARLINK-35457,satellite,0,18,42.9787,205.3291,88.9939,358.1002,87.094,6858.5647,486.7436,1828.681642143409,-4675.849715418614,4667.183375158075,-4765.908736409193,1579.1646607340153,4667.183375158075,43.0884,161.6676,6
2194,STARLINK-35389,satellite,0,18,42.98,205.3021,74.7847,19.4066,94.1913,6858.5734,487.5098,2590.888896118731,-4308.16103157476,4661.3482424249105,-4969.773978146359,757.8280491971416,4661.3482424249105,43.0156,171.3299,4
2195,STARLINK-35502,satellite,0,18,42.9953,205.1954,92.5039,37.1096,129.6135,6862.1434,484.4971,5600.628851023409,-1634.7134529801301,3602.1075785558005,-4834.817075033299,-3265.5589799047366,3602.1075785558005,31.8512,-145.9639,9
2196,STARLINK-35501,satellite,0,18,42.979,205.2754,78.3662,22.9764,101.3427,6858.624,486.5732,3318.6958791387233,-3870.877175159322,4582.073836907457,-5098.116558845334,-81.48616943241808,4582.073836907457,42.1227,-179.0843,4
2197,STARLINK-35474,satellite,0,18,42.9802,205.7501,92.3984,177.8906,270.2891,6858.4095,495.2865,-2212.618794270452,4507.516459148811,-4679.070652474334,4881.586567108057,-1176.2224050265452,-4679.070652474334,-43.1576,-13.5472,4
2198,STARLINK-34681,satellite,0,18,42.9952,205.6325,103.6365,202.0094,305.6459,6861.4898,491.9167,-5370.967462413692,1947.6432678044819,-3803.492565914148,4928.934677150387,2888.9805692172995,-3803.492565914148,-33.8182,30.3757,4
2199,STARLINK-35327,satellite,0,18,42.9986,205.1768,98.7442,37.963,136.7072,6863.2318,483.8267,5979.986914844685,-989.0556883180591,3206.817691660584,-4580.276779337069,-3969.8286211086756,3206.817691660584,28.0301,-139.0838,4
2200,STARLINK-35405,satellite,0,18,43.0136,205.5731,21.3727,312.3405,333.7132,6865.7937,486.7534,-6509.7293592685555,-651.4763643007487,-2073.3588968204454,3656.2419267537703,5425.209005855295,-2073.3588968204454,-17.6876,56.0226,4
2201,STARLINK-35426,satellite,0,18,43.0178,205.5062,53.1684,323.1108,16.2792,6866.6726,481.9046,-5337.177123069108,-4104.046362075811,1311.7690438669617,250.6750045816769,6727.987680366093,1311.7690438669617,11.0925,87.8662,4
2202,STARLINK-34724,satellite,0,18,43.0082,206.0118,114.3654,35.6815,150.0469,6865.2085,482.676,6438.51648767404,355.634235500225,2335.7265761957087,-3838.4065023509975,-5181.467532873276,2335.7265761957087,20.0263,-126.5309,13
2203,STARLINK-35219,satellite,0,18,43.0139,205.9744,139.4637,31.6746,171.1382,6867.3923,482.7298,6432.469882404168,2274.148915538423,720.9822807200532,-2358.2782043843376,-6402.104809264454,720.9822807200532,6.0698,-110.2218,6
2204,STARLINK-35360,satellite,0,18,42.9878,205.2298,79.2573,36.262,115.5194,6859.9758,486.1609,4601.184152144408,-2835.2048824230446,4218.7554194096265,-5120.264818960421,-1729.7891521733322,4218.7554194096265,38.1489,-161.3334,5
2205,STARLINK-34698,satellite,0,18,43.0177,205.947,160.1445,32.3319,192.4764,6866.9993,483.9411,5550.038181679435,3905.89962404197,-1011.304638038691,-539.0928833578413,-6765.231300872402,-1011.304638038691,-8.5278,-94.556,4
2206,STARLINK-34986,satellite,0,18,42.9966,205.8773,114.3137,113.5142,227.8279,6862.4951,490.3643,2521.911207144244,5358.093145671534,-3468.695226334058,2512.3085955323486,-5362.602336107563,-3468.695226334058,-30.5152,-64.8975,15
2207,STARLINK-34851,satellite,0,18,43.0134,205.9942,122.1331,34.9906,157.1238,6866.0728,482.4277,6534.765978554625,1017.319405517451,1818.93466921763,-3390.7215611826978,-5678.125787779637,1818.93466921763,15.4698,-120.8438,5
2208,STARLINK-35355,satellite,0,18,43.0186,205.9543,154.2074,31.2019,185.4092,6867.3386,483.0677,5934.694511856698,3414.615550629297,-441.26283245010563,-1162.7950741710501,-6747.451809620056,-441.26283245010563,-3.7105,-99.7778,4
2209,STARLINK-34720,satellite,0,18,43.0055,205.9075,168.8534,44.7534,213.6068,6864.7894,487.5879,3927.544412262724,4995.840808647597,-2590.780382253875,1335.8310856719015,-6212.85649328853,-2590.780382253875,-22.3053,-77.8655,9
2210,STARLINK-35334,satellite,0,18,42.9922,205.8571,93.3871,141.528,234.9151,6861.429,491.3756,1758.2756417332664,5416.850031106667,-3829.4494468196704,3045.229135151502,-4812.522935658309,-3829.4494468196704,-34.0831,-57.6755,15
2211,STARLINK-35643,satellite,0,54,43.0171,227.7721,58.4448,325.3184,23.7632,6866.0059,482.4747,-2722.6045102694593,-6006.477928271128,1885.570245520033,-2883.0543912231674,5931.133938750383,1885.570245520033,16.0511,115.9238,4
2212,STARLINK-35466,satellite,0,54,42.9868,227.6486,101.7878,331.5578,73.3457,6859.2299,486.5919,2227.0640722335265,-4688.74719571381,4478.260092581207,-5030.2664443480835,1280.8528978821812,4478.260092581207,40.9624,165.7144,3
2213,STARLINK-35684,satellite,0,54,42.9951,227.6892,94.9032,324.2925,59.1957,6860.8565,485.5306,821.7260448748475,-5495.997833987088,4015.9365393092876,-4753.891395841849,2877.8016749868743,4015.9365393092876,36.0244,148.8111,5
2214,STARLINK-35449,satellite,0,54,42.9917,227.5277,68.7215,40.0748,108.7963,6859.4388,487.3913,4993.743601722579,-1576.346206673182,4426.1191940760955,-4402.3074495322635,-2835.847605713477,4426.1191940760955,40.3816,-147.2115,2
2215,STARLINK-35424,satellite,0,54,43.0072,227.3174,171.208,43.6892,214.8972,6864.5236,487.8171,1705.2629323273877,6084.14143530551,-2678.011814257149,3592.5566726029137,-5197.906812103067,-2678.011814257149,-23.0974,-55.3495,11
2216,STARLINK-35132,satellite,0,54,42.9958,227.2853,117.874,111.0601,228.934,6862.3307,490.3291,277.64754675152153,5879.647468052048,-3528.5405275161697,4346.97118470603,-3968.7761373153107,-3528.5405275161697,-31.0988,-42.396,10
2217,STARLINK-35499,satellite,0,54,42.9822,227.131,96.0853,182.4498,278.5351,6858.6664,494.3863,-4331.814018159009,2631.292847501721,-4627.030375470977,4791.320212359289,1652.7447957473503,-4627.030375470977,-42.5716,19.0316,2
2218,STARLINK-35463,satellite,0,54,42.993,227.4825,85.6634,37.2762,122.9395,6861.1545,485.3297,5621.813428146117,-96.44688193263858,3923.8628898621096,-3664.675279577119,-4264.298689957692,3923.8628898621096,35.078,-130.6753,51
2219,STARLINK-35435,satellite,0,54,43.0088,226.9855,6.441,321.6081,328.0491,6864.8421,487.1517,-5913.956018848847,-2445.9543091622236,-2477.1391248208406,1894.9195254607014,6112.842895692277,-2477.1391248208406,-21.2803,72.7771,2
2220,STARLINK-35448,satellite,0,54,42.9879,227.6643,99.5802,326.6933,66.2734,6859.9734,486.0935,1535.9856678032604,-5131.224670013466,4279.521240048157,-4929.377563365496,2095.2220463809235,4279.521240048157,38.7989,156.9722,5
2221,STARLINK-35388,satellite,0,54,42.9834,227.22,72.9559,177.2688,250.2247,6859.522,493.6863,-1890.612802504575,4913.093417225409,-4403.160989691994,4988.017316891193,-1683.029097125606,-4403.160989691994,-40.0856,-18.6451,2
2222,STARLINK-35682,satellite,0,54,43.0159,227.8463,8.5409,325.7369,334.2778,6865.7739,485.9525,-5763.378272078173,-3121.7440506310945,-2031.7653776810496,1278.7411832003877,6428.579626254986,-2031.7653776810496,-17.3237,78.7499,3
2223,STARLINK-35331,satellite,0,54,43.0162,227.7724,52.1512,324.5755,16.7267,6866.7021,482.3462,-3346.271623723073,-5834.667504770447,1346.8446433914482,-2352.534039330347,6301.306393498929,1346.8446433914482,11.3922,110.4726,3
2224,STARLINK-35451,satellite,0,54,42.9913,227.0593,100.3788,199.3461,299.7249,6860.6987,492.5763,-5509.732769655068,478.7044556913128,-4064.1232573446478,3887.234300996951,3933.919500709486,-4064.1232573446478,-36.4812,45.342,4
2225,STARLINK-35655,satellite,0,54,42.9881,227.5004,80.3595,35.4769,115.8364,6860.2395,485.8538,5346.459296746307,-846.5642966712949,4207.405282923759,-4066.019387423554,-3573.3435968654576,4207.405282923759,38.0302,-138.69,25
2226,STARLINK-35569,satellite,0,54,43.016,227.3376,166.827,33.9497,200.7767,6866.3141,485.4702,3039.2187310620357,5924.2896051885555,-1660.6571971916367,2617.601054535907,-6122.272661412264,-1660.6571971916367,-14.0885,-66.8507,7
2227,STARLINK-35567,satellite,0,54,42.9815,227.1502,88.8549,182.6094,271.4644,6858.4438,494.4392,-3798.798760100921,3284.658801998575,-4677.144623060599,4953.656216235796,825.3154285722892,-4677.144623060599,-43.1422,9.459,2
2228,STARLINK-35568,satellite,0,54,43.0208,227.8044,29.2615,326.2453,355.5068,6867.3966,483.3245,-4885.54165521044,-4803.727558857516,-366.7363454335358,-576.162754683062,6827.3239416801935,-366.7363454335358,-3.083,94.8238,3
2229,STARLINK-35620,satellite,0,54,43.0031,227.2968,142.272,79.6793,221.9512,6863.3763,489.4381,995.9590811011115,6026.4965631372315,-3129.174428853675,4001.208093783734,-4615.29296003755,-3129.174428853675,-27.2708,-49.0765,10
2230,STARLINK-35538,satellite,0,54,43.0093,227.7357,74.6365,323.2974,37.9339,6864.0858,483.3092,-1356.2943067993685,-6076.083578572716,2875.64523343019,-3809.2306664203356,4924.23472536193,2875.64523343019,24.9289,127.7244,5
2231,STARLINK-35372,satellite,0,54,42.9978,227.456,91.2714,38.7761,130.0475,6862.2622,484.6583,5811.604207444251,654.7091987455036,3579.7128135269145,-3207.885533367156,-4890.07750487857,3579.7128135269145,31.6297,-123.2648,55
2232,STARLINK-35354,satellite,0,54,42.9914,227.2574,79.1238,156.9117,236.0354,6861.2512,491.9135,-455.4106667938025,5641.834587008522,-3881.4526450999483,4632.157291096127,-3252.8165046833165,-3881.4526450999483,-34.6071,-35.0775,7
2233,STARLINK-35283,satellite,0,54,42.9932,227.6981,89.062,323.0533,52.1153,6861.8527,484.1197,93.72008467217908,-5777.643773909055,3689.9005091686963,-4505.6608334915445,3617.868362171475,3689.9005091686963,32.7234,141.2369,7
2234,STARLINK-35581,satellite,0,54,43.0062,226.9984,20.2241,300.7396,320.9637,6863.9054,488.8684,-5947.419755772922,-1742.8404344832677,-2948.234061995694,2457.326620764079,5689.537802872221,-2948.234061995694,-25.5799,66.6404,2
2235,STARLINK-35670,satellite,0,54,42.9815,227.5406,78.2239,23.4778,101.7016,6858.8835,486.7418,4561.668595228756,-2289.4703044183234,4576.567774988124,-4675.093498211727,-2047.9246642608853,4576.567774988124,42.0593,-156.3442,4
2236,STARLINK-35698,satellite,0,54,42.9961,227.0307,94.57,212.2641,306.834,6861.7473,491.3333,-5744.171805722721,-272.16516481933854,-3745.9674008390452,3459.1803036397773,4593.871486830207,-3745.9674008390452,-33.2439,53.0203,4
2237,STARLINK-35648,satellite,0,54,43.0102,227.319,168.983,38.8812,207.8642,6865.4793,486.5873,2388.6768442051184,6049.957161609912,-2187.8576439300514,3129.779207281181,-5701.950616852724,-2187.8576439300514,-18.6994,-61.2378,11
2238,STARLINK-35654,satellite,0,54,42.9809,227.1669,85.461,178.9193,264.3803,6858.5934,495.1154,-3207.537852931136,3890.151774370548,-4656.65785765597,5041.955207564958,-16.358194674475058,-4656.65785765597,-42.9029,-0.1859,4
2239,STARLINK-35371,satellite,0,54,43.0173,227.8199,14.6509,326.6289,341.2797,6866.6977,485.2477,-5557.360878515898,-3734.9654678260217,-1502.5609929677134,675.3007555629581,6661.696170604596,-1502.5609929677134,-12.7244,84.2117,4
2240,STARLINK-34774,satellite,0,29,43.0177,281.6792,39.8964,325.3875,5.284,6867.4081,482.2027,1835.1826810859175,-6596.1678984060645,431.01191275685835,-6247.715032538193,2800.6040936049258,431.01191275685835,3.6246,155.8552,5
2241,STARLINK-34844,satellite,0,29,43.019,281.6671,40.2371,331.9911,12.2282,6867.169,481.6896,2395.9434368315488,-6350.436970406585,991.1979585571278,-6416.767804348378,2212.1676276179937,991.1979585571278,8.3598,160.9785,5
2242,STARLINK-34733,satellite,0,29,43.0125,281.6449,60.2006,326.2645,26.4651,6865.6307,482.157,3428.1215187112216,-5562.13363618477,2084.960682022185,-6469.397942707174,914.4604927087471,2084.960682022185,17.8022,171.9544,4
2243,STARLINK-35515,satellite,0,29,43.0111,281.7401,11.9113,310.9795,322.8909,6864.2069,488.4042,-1850.7546851986099,-5974.6474272141295,-2824.493616424741,-3415.382142844513,5239.930305131915,-2824.493616424741,-24.4372,123.0963,9
2244,STARLINK-35696,satellite,0,29,42.9864,281.96,67.8118,184.3365,252.1483,6859.3657,495.0222,-5111.765862346031,1068.1060287365133,-4454.801472657058,4086.60151674867,3251.259565672513,-4454.801472657058,-40.6424,38.5054,4
2245,STARLINK-35693,satellite,0,29,43.0206,281.6994,21.977,329.1641,351.1411,6867.293,483.4304,618.2371366030727,-6795.286119989631,-720.9179942414991,-5623.711628470471,3864.1943700343154,-720.9179942414991,-6.0687,145.5061,5
2246,STARLINK-35663,satellite,0,29,43.0153,282.0751,170.3557,32.3292,202.685,6866.1565,485.4149,-3216.6452809971065,5786.3366188796645,-1805.3927473491383,6506.855895560535,-1220.3789104855125,-1805.3927473491383,-15.3449,-10.6226,4
2247,STARLINK-35673,satellite,0,29,42.9811,281.9127,90.6021,175.7451,266.3473,6858.54,495.3662,-4993.387320695554,-606.5258888141626,-4669.789984128317,2722.394540809181,4229.699581821066,-4669.789984128317,-43.0508,57.2331,4
2248,STARLINK-35597,satellite,0,29,42.9984,282.2018,95.3416,36.5188,131.8604,6862.4811,484.4422,2683.5663757045177,5261.890450941946,3482.8190592022506,2335.0384964470713,-5425.55203003677,3482.8190592022506,30.682,-66.714,58
2249,STARLINK-35689,satellite,0,29,42.9799,282.3351,94.3098,355.1196,89.4294,6858.5729,487.1203,4913.851080213682,1004.6642650345526,4673.305826223695,-2365.2363014001326,-4422.775142655752,4673.305826223695,43.1556,-118.1372,73
2250,STARLINK-35832,satellite,0,29,42.9876,281.8393,105.8551,181.6866,287.5416,6859.3705,494.177,-4260.77935540556,-3006.707589832222,-4462.027579665968,407.60111271212475,5198.883782036365,-4462.027579665968,-40.7281,85.5171,4
2251,STARLINK-35909,satellite,0,29,43.014,282.1373,126.6914,33.5947,160.2861,6866.4743,482.2586,296.32667045074794,6668.600077034148,1578.4133388569685,4942.127950232709,-4487.026610860349,1578.4133388569685,13.3841,-42.2367,4
2252,STARLINK-35899,satellite,0,29,43.0155,281.6974,24.7318,319.3464,344.0783,6866.7903,484.6594,-9.918623186990699,-6740.803563527558,-1284.1802763630049,-5180.60645877115,4312.7540830066355,-1284.1802763630049,-10.852,140.2233,5
2253,STARLINK-35907,satellite,0,29,43.0181,282.1372,134.9924,32.3393,167.3318,6867.1125,482.2038,-331.85616620806695,6774.522862831957,1026.3479343356958,5424.832851447635,-4071.29918673852,1026.3479343356958,8.6578,-36.888,6
2254,STARLINK-35816,satellite,0,29,42.9837,282.268,80.4812,30.1121,110.5933,6859.6812,486.2372,4075.1742287082907,3353.8486475492155,4375.437573305666,-21.9419105845186,-5277.770769705313,4375.437573305666,39.8353,-90.2382,114
2255,STARLINK-35894,satellite,0,31,42.9822,285.3911,84.1803,177.7418,261.9222,6858.7115,495.5468,-5049.267261946713,-389.56975171358414,-4633.19313520688,2925.0274551397097,4134.135805787704,-4633.19313520688,-42.6326,54.7194,4
2256,STARLINK-35897,satellite,0,29,42.9958,282.023,89.3848,141.5591,230.9439,6862.0223,491.0232,-4713.241831555201,3417.512783255387,-3634.3775933810753,5639.908915191189,1444.1155129638169,-3634.3775933810753,-32.1358,14.3622,4
2257,STARLINK-35922,satellite,0,29,42.9924,282.2157,90.2724,34.6301,124.9025,6861.5503,484.8834,3189.727506169058,4704.501405224509,3834.3590229158135,1582.8685993033366,-5459.049553970943,3834.3590229158135,34.1696,-73.8303,71
2258,STARLINK-35917,satellite,0,29,43.0191,282.0987,157.6345,30.8615,188.496,6867.45,483.5986,-2147.0669774670773,6480.139446456629,-691.6041338772931,6357.622871226823,-2486.5106632601514,-691.6041338772931,-5.8209,-21.3608,6
2259,STARLINK-35916,satellite,0,31,43.0207,285.6176,139.4101,30.4928,169.903,6867.3426,482.433,-971.4322282926364,6741.379208995497,820.5667842090384,5807.8048042719,-3557.9878539869383,820.5667842090384,6.9123,-31.4925,6
2260,STARLINK-34766,satellite,0,29,42.9976,281.5964,85.0493,322.6821,47.7315,6862.6553,484.3725,4562.54645408066,-3771.9381645075036,3460.4501385292424,-5816.389600046765,-1101.7983858129692,3460.4501385292424,30.4646,-169.2736,9
2261,STARLINK-34765,satellite,0,29,42.9935,281.9779,75.8488,169.261,245.1097,6860.1396,493.2098,-5053.980861529244,1880.6404847900212,-4245.371185740801,4674.928545562759,2687.856818288057,-4245.371185740801,-38.3859,29.8968,4
2262,STARLINK-34767,satellite,0,29,43.0067,282.1669,109.9858,36.1593,146.1451,6864.6734,483.0097,1530.7896534797612,6156.180086118379,2605.9426361902338,3759.419415031512,-5109.661033552548,2605.9426361902338,22.4586,-53.6563,7
2263,STARLINK-35608,satellite,0,29,43.0119,282.0653,173.8243,35.9386,209.7629,6865.2713,486.6143,-3681.0530421521153,5304.810358379401,-2323.757527373732,6432.930529819495,-555.4900863408822,-2323.757527373732,-19.9074,-4.9353,4
2264,STARLINK-35598,satellite,0,29,42.9813,282.3524,97.9018,344.4559,82.3577,6858.6994,487.2182,5050.788012335265,172.77541732534218,4632.331172157045,-3092.8184993848854,-3996.8468347241164,4632.331172157045,42.6869,-127.7332,57
2265,STARLINK-35600,satellite,0,29,42.9824,282.2818,81.7941,21.7553,103.5494,6858.9934,486.7305,4422.374242387582,2606.5039187959446,4543.778829028297,-818.7566288693378,-5067.632011217298,4543.778829028297,41.6911,-99.1777,115
2266,STARLINK-35444,satellite,0,29,42.9932,281.7894,117.0646,184.5103,301.575,6860.9924,491.8299,-3452.105915534406,-4391.368579686569,-3986.9631922388726,-1174.3457078169822,5460.9582870827635,-3986.9631922388726,-35.6871,102.1363,8
2267,STARLINK-35366,satellite,0,29,43.0041,282.0265,163.3501,60.5898,223.9399,6863.2176,489.0456,-4435.518410570077,4107.32261783106,-3247.8110735868477,5993.334114512973,789.8536885193871,-3247.8110735868477,-28.3965,7.5077,4
2268,STARLINK-35692,satellite,0,29,43.0188,282.0993,151.6114,29.7903,181.4017,6867.534,482.4597,-1557.5736874248198,6680.461015456395,-114.49779874469058,6135.277827847258,-3068.054945061557,-114.49779874469058,-0.9623,-26.5682,7
2269,STARLINK-35924,satellite,0,22,43.0137,208.914,125.524,34.7612,160.2852,6866.4241,482.3671,6470.408356618641,1641.0597000738308,1578.4962563188483,-2869.660300436973,-6026.96532267299,1578.4962563188483,13.3846,-115.4608,9
2270,STARLINK-35937,satellite,0,22,42.9923,209.6341,83.101,154.1365,237.2375,6861.1246,492.1177,1140.9303155455987,5505.766803948654,-3935.523568827853,3507.926630677105,-4394.27364170466,-3935.523568827853,-35.1573,-51.3998,14
2271,STARLINK-35962,satellite,0,22,42.9864,209.4732,101.1483,185.5836,286.7318,6859.2502,494.252,-4085.7951666272907,3213.6273823079127,-4481.411248422444,5082.293507312133,1091.519950109513,-4481.411248422444,-40.9417,12.1212,4
2272,STARLINK-35931,satellite,0,22,43.0192,209.2858,51.5447,326.9706,18.5153,6866.6184,482.1337,-4893.901786987178,-4570.645325652121,1486.0717792931343,-391.4703511554831,6684.895239100466,1486.0717792931343,12.5883,93.3514,4
2273,STARLINK-35952,satellite,0,22,43.0156,209.3661,5.5234,323.6355,329.1589,6865.1049,486.6887,-6396.144605944939,-647.5729698657642,-2399.9513043290335,3586.702809807642,5335.314379263631,-2399.9513043290335,-20.5885,56.0888,4
2274,STARLINK-35915,satellite,0,22,43.0157,209.2749,58.4002,327.3488,25.749,6865.6825,482.1776,-4323.173921134398,-4921.046491922993,2032.6117160005117,-1025.602943526588,6469.518523837284,2032.6117160005117,17.341,99.0081,4
2275,STARLINK-35946,satellite,0,22,42.9938,209.4267,103.14,197.7347,300.8747,6860.8614,492.4907,-5184.451335009755,2022.3624546604165,-4016.980157561227,4867.30839939873,2697.738773166725,-4016.980157561227,-35.9929,28.9977,4
2276,STARLINK-35969,satellite,0,22,42.9807,209.1425,99.5822,335.7212,75.3034,6859.0459,486.6379,843.4109387132282,-5084.107462380358,4520.809948345404,-4450.797708816485,2598.0551294702527,4520.809948345404,41.4351,149.7267,7
2277,STARLINK-35687,satellite,0,22,42.9845,209.5875,84.7644,166.6604,251.4248,6859.3714,494.1879,-448.6726209042954,5218.166203467767,-4435.681525961763,4301.847846759044,-2987.418743848428,-4435.681525961763,-40.4382,-34.7781,4
2278,STARLINK-35975,satellite,0,22,42.9857,209.172,97.0201,331.1985,68.2186,6859.6973,485.9703,48.75525926423344,-5306.207354681321,4340.486606273101,-4114.180502029977,3351.3776813269537,4340.486606273101,39.4574,140.834,7
2279,STARLINK-35932,satellite,0,22,42.9797,209.1206,96.0535,346.3578,82.4113,6858.6155,486.9201,1628.4350462905145,-4783.53399985276,4632.568627638836,-4720.879394035049,1802.0255199940443,4632.568627638836,42.6919,159.1074,6
2280,STARLINK-35935,satellite,0,22,43.0169,209.346,11.1623,325.0802,336.2424,6865.9953,485.6714,-6465.319157058522,-1316.1246464876772,-1886.0178764502919,3116.4423582782083,5815.524302696154,-1886.0178764502919,-16.0473,61.8139,4
2281,STARLINK-35928,satellite,0,22,42.9876,209.0001,80.6312,37.214,117.8452,6860.3607,485.8547,4950.845802748553,-2326.021841408853,4133.54272191113,-4951.773564196209,-2324.046113619858,4133.54272191113,37.2494,-154.8576,9
2282,STARLINK-35933,satellite,0,22,42.9829,209.5189,94.2322,178.374,272.6062,6858.513,495.4156,-2742.987975079908,4211.048737799619,-4674.634919551945,4992.18811853385,-578.7679092055799,-4674.634919551945,-43.1058,-6.613,4
2283,STARLINK-35961,satellite,0,22,43.0226,209.3279,20.4516,329.9218,350.3734,6867.136,483.2819,-6308.379696797197,-2582.005491808426,-782.8310688307544,2042.1352856512356,6503.2369043261915,-782.8310688307544,-6.5922,72.5668,4
2284,STARLINK-35960,satellite,0,22,43.0179,208.8671,157.2522,31.3232,188.5754,6867.2353,483.4294,5580.460472353626,3930.5618599971617,-697.9877302617341,-539.5453668287391,-6804.39170065181,-697.9877302617341,-5.875,-94.5337,4
2285,STARLINK-35914,satellite,0,22,43.0166,209.3333,23.8284,319.4599,343.2883,6866.717,485.1852,-6436.762463341771,-1962.0313253911577,-1346.2420856297024,2601.189251901226,6206.068997932213,-1346.2420856297024,-11.3823,67.2597,4
2286,STARLINK-35707,satellite,0,22,43.0018,209.227,82.949,324.11,47.059,6862.528,484.7316,-2284.2967210945767,-5484.988516097053,3423.808500187575,-2761.708851812031,5260.805522877943,3423.808500187575,30.1072,117.6976,6
2287,STARLINK-35976,satellite,0,22,42.984,209.5592,82.2863,176.1655,258.4518,6858.8935,494.7307,-1231.5889916217993,4956.7393251747635,-4584.629834307799,4600.706066203649,-2218.012595639374,-4584.629834307799,-42.0898,-25.7388,4
2288,STARLINK-35514,satellite,0,22,42.9849,209.4881,99.8573,179.8291,279.6863,6858.7436,495.0997,-3441.5012532174574,3739.738228472852,-4612.893727300314,5075.6388384262655,259.73693471946194,-4612.893727300314,-42.406,2.9295,4
2289,STARLINK-35640,satellite,0,22,43.0232,209.3132,27.3593,330.0796,357.4389,6867.4263,482.4554,-6085.873137781541,-3160.039899165167,-209.16612701968614,1455.2396336373263,6701.192552238582,-209.16612701968614,-1.758,77.7478,4
2290,STARLINK-35582,satellite,0,22,43.0015,209.238,76.1931,323.6842,39.8773,6863.7269,483.0221,-3021.379371097028,-5375.878180456177,2998.4004038465614,-2207.000576539643,5758.293841959541,2998.4004038465614,26.0709,110.9705,5
2291,STARLINK-35577,satellite,0,22,42.9878,209.1824,97.3847,323.809,61.1937,6860.5832,486.5089,-741.6075002062094,-5448.336347122833,4096.82302910455,-3718.76870145713,4050.3222070354764,4096.82302910455,36.8601,132.5563,7
2292,STARLINK-35697,satellite,0,22,42.9828,209.0688,77.403,19.1903,96.5933,6858.5419,487.441,3108.6839262755075,-3972.170993155302,4643.186191171663,-5041.9330529447325,144.8076032930846,4643.186191171663,42.8088,178.3549,4
2293,STARLINK-35818,satellite,0,22,43.0009,209.6496,102.4913,127.7039,230.1952,6862.1371,490.774,1910.7658191967228,5524.506123987155,-3595.812362888857,3030.678499196728,-4998.61798543245,-3595.812362888857,-31.7566,-58.7714,16
2294,STARLINK-35796,satellite,0,22,43.0225,209.3051,34.5821,329.9294,4.5116,6867.3344,481.988,-5770.5213812560105,-3691.341032495569,368.1710430850005,845.0074244901175,6797.858345263956,368.1710430850005,3.0957,82.9142,4
2295,STARLINK-35833,satellite,0,22,43.0072,209.6862,168.9812,47.0661,216.0473,6864.3288,487.9497,3357.874107739585,5313.47824592519,-2754.505029308102,1944.07708117629,-5977.368475825564,-2754.505029308102,-23.796,-71.9834,11
2296,STARLINK-35315,satellite,0,22,43.002,209.3842,49.3893,265.6318,315.0211,6862.9787,489.9563,-5970.944426429504,709.329140965846,-3308.6097429106367,4359.2565198732145,4141.522397340836,-3308.6097429106367,-28.9729,43.5328,4
2297,STARLINK-35728,satellite,0,22,43.0019,208.94,103.7118,35.3311,139.0429,6863.4663,483.418,6122.623251876814,-370.86693238502556,3065.620681741996,-4195.687337287863,-4474.401136876484,3065.620681741996,26.6986,-133.1588,20
2298,STARLINK-35699,satellite,0,48,42.9803,278.7392,79.9616,21.0714,101.033,6858.9025,486.7716,4666.081882117479,2044.6236706510456,4587.206066588304,-1406.7623210852764,-4896.30736955783,4587.206066588304,42.1791,-106.0299,108
2299,STARLINK-35695,satellite,0,48,42.9907,278.6689,84.5518,37.7015,122.2533,6861.0811,485.8331,3641.6305089134944,4256.7538002534875,3954.085182980471,949.7188671120929,-5520.820568798934,3954.085182980471,35.3848,-80.2392,95
2300,STARLINK-35419,satellite,0,48,42.9887,278.4249,78.7419,163.7974,242.5393,6860.4524,492.833,-4870.263207514265,2478.047894787331,-4152.375416918077,5017.289833148355,2164.945220903571,-4152.375416918077,-37.403,23.3401,4
2301,STARLINK-35411,satellite,0,48,42.9831,278.3831,82.5888,173.9849,256.5737,6858.9811,494.2415,-5063.552716379925,864.5548318489622,-4551.160791035431,3899.1800120018997,3344.161539584589,-4551.160791035431,-41.7178,40.6183,4
2302,STARLINK-35305,satellite,0,48,42.9927,278.243,113.1398,185.962,299.1018,6860.6485,492.9565,-3862.542864247162,-3932.552146613626,-4089.3946323861815,-559.1616461289508,5483.752548892087,-4089.3946323861815,-36.7421,95.8222,4
2303,STARLINK-35579,satellite,0,48,42.9834,278.312,95.8128,182.0799,277.8926,6858.74,494.9487,-4784.812775962492,-1651.5087415182709,-4634.985572681106,1785.0873892349684,4736.599775906704,-4634.985572681106,-42.6575,69.35,4
2304,STARLINK-35437,satellite,0,48,43.0064,278.1882,14.3714,305.9623,320.3337,6863.836,488.8336,-2418.4324699874,-5685.293462346502,-2987.9835379385627,-2830.1723841320254,5491.9488017447575,-2987.9835379385627,-25.9499,117.2635,8
2305,STARLINK-35358,satellite,0,48,43.0185,278.1502,14.2238,327.2964,341.5203,6866.6182,485.003,-651.5429144164601,-6668.011958007997,-1483.9182601368204,-4714.810874259785,4759.9842501236935,-1483.9182601368204,-12.5644,134.7268,5
2306,STARLINK-35893,satellite,0,48,43.0243,278.1168,31.3267,331.4883,2.815,6867.5796,483.01,1211.4310030100435,-6749.4137045116,229.90682319298304,-5967.2662715443,3378.44397233293,229.90682319298304,1.9323,150.4831,5
2307,STARLINK-35871,satellite,0,48,43.0151,278.0951,53.9162,322.7789,16.6951,6866.8365,481.8247,2351.5765691993247,-6301.653433339664,1344.2499707778168,-6350.894039717563,2215.150841592684,1344.2499707778168,11.3709,160.7716,5
2308,STARLINK-35825,satellite,0,48,43.008,278.0571,74.7468,323.3393,38.0861,6864.1097,483.557,3819.4259508869804,-4910.889774663138,2885.4562744482737,-6218.188973268329,197.4306610535554,2885.4562744482737,25.0187,178.1814,4
2309,STARLINK-35803,satellite,0,48,42.9895,277.9808,94.1778,332.2313,66.409,6859.9861,486.8479,4932.77526057858,-2079.309631757325,4284.544539664185,-4750.391401852624,-2467.7078119784605,4284.544539664185,38.8478,-152.5493,4
2310,STARLINK-35835,satellite,0,48,42.9797,277.9328,98.8766,341.6134,80.49,6858.824,486.9512,5055.436302270335,-439.1431197665347,4609.357570812359,-3566.6487871963395,-3609.612072611393,4609.357570812359,42.4282,-134.657,38
2311,STARLINK-35834,satellite,0,48,42.9801,278.7581,83.3877,10.5572,93.945,6858.6212,487.3072,4873.395621039843,1228.005815820567,4662.647265079803,-2167.5410046223305,-4534.2859587966295,4662.647265079803,43.0321,-115.5494,85
2312,STARLINK-35836,satellite,0,48,42.9865,278.6899,80.5231,34.6943,115.2175,6860.194,486.0565,4043.8973725929673,3573.0441956454315,4229.118795097972,166.7010416113818,-5393.696464098206,4229.118795097972,38.2599,-88.2297,107
2313,STARLINK-35870,satellite,0,48,43.0078,278.6027,112.939,37.7176,150.6566,6865.2824,482.4485,1535.7408449797304,6278.623615316715,2292.4021861238593,3850.475606048167,-5191.671412269828,2292.4021861238593,19.6404,-53.437,8
2314,STARLINK-35650,satellite,0,48,43.0206,278.5696,139.2813,32.5679,171.8492,6867.3141,482.211,-308.7581023813396,6820.992566207744,663.5855402155838,5445.838601820582,-4118.751397810783,663.5855402155838,5.5855,-37.1006,6
2315,STARLINK-35812,satellite,0,48,43.0181,278.5384,160.9591,32.0904,193.0495,6867.0884,484.0338,-2112.661604391707,6442.19194115952,-1056.9848619128393,6306.449328325965,-2488.749270350187,-1056.9848619128393,-8.9158,-21.536,6
2316,STARLINK-35810,satellite,0,48,43.0079,278.4997,170.0773,44.1803,214.2577,6864.6635,487.7702,-3632.302913738341,5192.314045690072,-2635.0486391330546,6315.231358037739,-521.1549680078494,-2635.0486391330546,-22.7065,-4.7176,4
2317,STARLINK-35814,satellite,0,48,42.9933,278.4459,83.078,152.3719,235.4499,6861.4574,491.8076,-4661.426517671047,3242.818051062767,-3854.6653418940064,5472.391419059791,1515.816033872883,-3854.6653418940064,-34.3358,15.4824,4
2318,STARLINK-35815,satellite,0,48,42.9816,278.331,91.1552,179.6678,270.823,6858.5913,495.2376,-4953.305965149467,-824.9859159104451,-4678.738403038746,2528.6944261388107,4338.380601681968,-4678.738403038746,-43.1542,59.7635,4
2319,STARLINK-35743,satellite,0,48,42.9878,278.2643,100.5806,191.4267,292.0074,6859.798,493.4652,-4236.502877868641,-3214.087338176183,-4338.537377129135,232.52113411313815,5312.649807187038,-4338.537377129135,-39.3847,87.4939,4
2320,STARLINK-35868,satellite,0,48,43.001,278.2014,56.2833,257.0079,313.2912,6862.6935,490.0769,-2944.638506538729,-5178.986310232993,-3406.898422240604,-2104.5071923517703,5573.494829378696,-3406.898422240604,-29.9177,110.6861,8
2321,STARLINK-35872,satellite,0,48,43.0162,278.1582,7.2013,327.2602,334.4615,6865.8056,486.055,-1262.5641261098986,-6436.156047928415,-2018.2818049360321,-4146.162982463255,5082.076875518175,-2018.2818049360321,-17.2049,129.209,7
2322,STARLINK-35744,satellite,0,48,43.0219,278.1251,27.7576,327.8946,355.6522,6867.4752,483.1415,590.4816252866685,-6826.546631657227,-354.8898913001194,-5630.03959446133,3905.5168196782256,-354.8898913001194,-2.9834,145.2512,6
2323,STARLINK-35746,satellite,0,48,43.0074,278.0627,61.675,329.336,31.011,6865.1648,482.6659,3382.6863553060684,-5457.40487157291,2410.0634973243864,-6359.79293099638,882.5354301613381,2410.0634973243864,20.6919,172.0996,4
2324,STARLINK-35941,satellite,0,48,42.9968,278.0182,89.5457,322.7069,52.2526,6861.914,484.8512,4512.169597357617,-3603.4125831664855,3697.399524078261,-5654.537861031221,-1170.6657499070461,3697.399524078261,32.7942,-168.3032,9
2325,STARLINK-35939,satellite,0,48,42.9849,277.9544,102.6844,330.8139,73.4983,6859.2986,486.6561,5031.7694554837235,-1263.1303574314286,4481.6812247763755,-4185.578653339199,-3065.148200285759,4481.6812247763755,40.9998,-143.7842,16
2326,STARLINK-35963,satellite,0,48,42.9973,278.6445,90.5952,38.816,129.4112,6862.2049,484.9213,3176.422087341889,4886.387368265387,3612.950209945577,1731.3246736537365,-5564.975621159064,3612.950209945577,31.956,-72.7185,70
2327,STARLINK-36076,satellite,0,39,42.9836,347.1723,79.0656,175.9623,255.0279,6859.0283,494.4815,-2805.7687358762796,-4335.6712070230005,-4520.480686514823,-1544.281028393519,4928.040089119904,-4520.480686514823,-41.3736,107.3992,7
2328,STARLINK-35447,satellite,0,39,43.0028,347.4021,104.0714,37.8819,141.9533,6863.9537,483.6777,-4596.552224080974,4194.543659630041,2882.7034020853625,6163.296136173116,858.0615357186596,2882.7034020853625,24.9928,7.9258,4
2329,STARLINK-35429,satellite,0,39,43.0134,347.8113,15.653,316.3454,331.9985,6865.5423,487.0407,5425.534468564493,-3582.2653911877965,-2198.0397400680154,-6221.6004963905625,-1886.9914853533273,-2198.0397400680154,-18.7883,-163.1276,3
2330,STARLINK-36058,satellite,0,39,42.9877,347.4733,77.9356,35.6637,113.5993,6859.8755,486.2863,-1682.6060098634823,5081.686534527116,4283.776597708938,4984.900179175443,-1950.7617033557824,4283.776597708938,38.8433,-21.3721,12
2331,STARLINK-36066,satellite,0,39,43.0044,347.7018,80.0529,322.5171,42.57,6863.5449,484.185,5657.143788450452,2239.066818590745,3164.1870632826176,-1890.0989266504205,-5783.097968112986,3164.1870632826176,27.6243,-108.099,68
2332,STARLINK-36031,satellite,0,39,43.0011,347.2726,137.6784,82.0092,219.6875,6863.7445,489.364,-5858.102413791736,-1963.0771383969795,-2989.2522929601,2230.8140324007963,5761.467217177681,-2989.2522929601,-25.9596,68.8338,4
2333,STARLINK-36032,satellite,0,39,42.9912,347.6581,93.487,323.3762,56.8632,6861.1862,484.9282,4558.7735164959895,3301.2205070802047,3914.747306108267,-371.2968369618857,-5616.280928687078,3914.747306108267,34.9871,-93.7824,122
2334,STARLINK-35711,satellite,0,39,43.0148,347.3046,169.3026,29.1459,198.4485,6866.4871,484.9507,-6699.23276413298,-118.38831302771824,-1481.3843878273392,4187.474080998587,5230.563663856831,-1481.3843878273392,-12.5427,51.32,4
2335,STARLINK-35811,satellite,0,39,43.026,347.7699,30.7101,329.5415,0.2515,6867.5048,483.0587,6710.078393576439,-1431.9320365695155,20.551130535954062,-5387.347670373536,-4248.772350199092,20.551130535954062,0.1727,-141.7387,3
2336,STARLINK-35820,satellite,0,39,42.9831,347.5238,76.1737,23.2423,99.416,6858.6782,487.2877,-26.239193572962776,5073.231242208227,4611.140992696328,3920.5288434247236,-3219.909520479075,4611.140992696328,42.4458,-39.3961,4
2337,STARLINK-35981,satellite,0,39,42.9855,347.073,99.3268,183.8394,283.1662,6858.9883,494.7655,430.02852832208,-5114.6437610515695,-4556.58681688066,-4210.281626083148,2935.6488152878987,-4556.58681688066,-41.7747,145.1136,14
2338,STARLINK-35930,satellite,0,39,43.0142,347.3704,120.4582,35.5948,156.053,6865.961,482.2127,-5671.580485432839,3356.8376587161933,1899.1117488961443,6205.278659667285,2220.2930044468435,1899.1117488961443,16.1702,19.6876,4
2339,STARLINK-35980,satellite,0,39,43.0214,347.7472,47.0879,327.2616,14.3494,6867.1452,482.4845,6758.391418473601,-195.78527013203833,1159.9633716035512,-4467.008276544642,-5075.433330719649,1159.9633716035512,9.7947,-131.3518,4
2340,STARLINK-35978,satellite,0,39,43.0177,347.3648,127.4529,35.6723,163.1251,6866.6736,482.0997,-6086.620038221766,2856.405275938753,1358.4167648631278,6085.275538706553,2859.268474297778,1358.4167648631278,11.4919,25.1673,3
2341,STARLINK-36050,satellite,0,39,43.0181,347.7412,54.0986,327.3864,21.485,6866.2752,482.7884,6627.418861587103,439.7333983455341,1714.0169101266256,-3894.33905219102,-5380.536179148035,1714.0169101266256,14.5567,-125.8964,2
2342,STARLINK-36048,satellite,0,39,42.9909,347.2125,87.1754,153.7759,240.9514,6860.189,492.0996,-4220.800278406184,-3541.9302234774073,-4090.8514195368452,-29.77746852389046,5509.949001628303,-4090.8514195368452,-36.7627,90.3096,3
2343,STARLINK-35977,satellite,0,39,42.9969,347.0073,33.6764,270.7721,304.4485,6861.5575,490.1912,2851.5457291675325,-4905.086460262939,-3858.7044635870425,-5595.571252507392,938.4927204306161,-3858.7044635870425,-34.386,170.4789,10
2344,STARLINK-36052,satellite,0,39,42.984,347.5895,100.3362,337.7829,78.119,6858.8464,486.9797,2433.1769051328415,4489.708019184464,4573.954375624221,1900.7716295212792,-4739.714670906693,4573.954375624221,42.0281,-68.1477,60
2345,STARLINK-36063,satellite,0,39,43.007,347.2807,160.5055,52.1226,212.6281,6864.8103,487.602,-6233.744298891748,-1366.9778130789373,-2523.9473685704797,2929.4126733934536,5669.80931904921,-2523.9473685704797,-21.7007,62.676,3
2346,STARLINK-35993,satellite,0,39,42.9807,347.5414,85.6176,6.7125,92.3301,6858.4689,487.1173,808.9115048177501,4953.207940147547,4669.756941641656,3294.7904885872963,-3785.8899029530567,4669.756941641656,43.1149,-48.9675,11
2347,STARLINK-36036,satellite,0,39,42.9938,347.2293,71.4438,162.3519,233.7957,6861.5888,491.404,-4848.8634077600345,-3054.2885953986374,-3776.405772173097,746.577558525197,5681.793477433247,-3776.405772173097,-33.5487,82.5143,3
2348,STARLINK-36034,satellite,0,39,43.0195,347.7928,12.5775,326.4336,339.0111,6866.7092,485.443,5882.124219170307,-3111.199339935948,-1676.955624381106,-6150.730998014965,-2539.183894999652,-1676.955624381106,-14.2297,-157.5679,2
2349,STARLINK-35680,satellite,0,39,43.0025,347.4104,96.2035,38.6679,134.8714,6862.8588,484.4277,-3947.1131656162133,4523.24841644458,3314.593355108808,6001.454591732716,148.3959649705455,3314.593355108808,29.056,1.4164,10
2350,STARLINK-35583,satellite,0,39,43.0193,347.3308,146.9693,30.3436,177.313,6867.352,482.7113,-6634.849975948104,1732.4988108420068,219.43415437862424,5570.583192916396,3998.923508108762,219.43415437862424,1.8443,35.6732,4
2351,STARLINK-36039,satellite,0,39,42.9872,347.6393,97.6544,326.2696,63.924,6860.2329,485.3351,3907.765752155149,3754.862672935069,4198.484529128702,393.55010219240955,-5405.066621548908,4198.484529128702,37.9388,-85.8356,109
2352,STARLINK-36037,satellite,0,39,42.9938,347.451,83.6717,37.0012,120.6729,6860.8292,485.447,-2476.8917583006764,4970.112650114411,4021.261517545275,5406.329129032793,-1268.313007792882,4021.261517545275,36.0801,-13.2027,11
2353,STARLINK-36040,satellite,0,39,43.0244,347.7747,22.8548,330.2764,353.1312,6867.4927,483.9159,6531.119707636776,-2028.9762128260807,-559.9443196443966,-5732.468846343691,-3729.754688098747,-559.9443196443966,-4.7098,-146.9505,3
2354,STARLINK-35988,satellite,0,39,43.0183,347.3282,148.8471,35.4902,184.3373,6867.3944,483.204,-6758.21585418103,1130.6671998243382,-354.0137571821259,5186.272927458023,4478.22096042373,-354.0137571821259,-2.976,40.8098,3
2355,STARLINK-35391,satellite,0,39,43.0093,347.7078,72.7019,322.8737,35.5757,6864.5324,483.8728,6071.75637093529,1663.2740379750185,2721.7801802233066,-2597.9612627474808,-5734.396500998036,2721.7801802233066,23.5113,-114.3728,40
2356,STARLINK-35867,satellite,0,49,42.9815,46.0502,93.414,349.0097,82.4236,6858.6641,487.7688,-2952.186807245988,4101.491217021958,4633.4299097123985,5041.493524037817,-347.82207415612805,4633.4299097123985,42.6952,-3.9467,18
2357,STARLINK-35990,satellite,0,49,43.0212,45.378,23.1128,328.1398,351.2526,6867.3439,483.7851,5306.783374596273,4291.149644713767,-711.9597708363058,-87.2905511066254,-6824.096674132481,-711.9597708363058,-5.9927,-90.7329,4
2358,STARLINK-36051,satellite,0,49,43.0188,45.7609,173.0646,29.9584,203.023,6865.9138,485.0159,-3000.0662089153266,-5893.174020568453,-1830.8428700257812,-2618.6634906036065,6072.272953150102,-1830.8428700257812,-15.5675,113.3281,6
2359,STARLINK-36062,satellite,0,49,43.0217,45.8209,138.2191,29.3409,167.56,6866.7767,481.6863,-5442.822905988619,-4050.9428067217914,1008.1423644097753,359.00971258212377,6775.364996482264,1008.1423644097753,8.5037,86.9669,4
2360,STARLINK-36047,satellite,0,49,43.0153,45.7501,183.6355,26.8995,210.535,6864.6759,485.7115,-2298.0089342638903,-6011.72183390218,-2378.1022771390512,-3158.2642394858517,5607.76349927114,-2378.1022771390512,-20.3959,119.388,8
2361,STARLINK-35964,satellite,0,91,43.0205,30.7362,162.4452,30.7448,193.19,6867.0276,483.8982,-5157.05875799868,-4398.191651192232,-1068.193603156778,-90.70058843010914,6777.25004978615,-1068.193603156778,-9.0113,90.7667,4
2362,STARLINK-36099,satellite,0,49,42.9891,45.6469,82.0481,170.1949,252.2431,6859.5848,494.2471,1955.510235412311,-4839.181216192572,-4456.879781155604,-4972.590835662536,1585.886346822588,-4456.879781155604,-40.6709,162.3112,16
2363,STARLINK-36041,satellite,0,49,43.0159,45.8415,120.1222,33.1498,153.272,6865.6822,482.8332,-5885.863980504202,-2823.632164956741,2104.491252763918,1586.3609925075957,6332.436513809307,2104.491252763918,17.9727,75.9361,4
2364,STARLINK-36044,satellite,0,49,43.0231,45.3517,34.6475,330.7917,5.4391,6867.3539,482.2915,4461.193381058342,5192.797690265725,443.6804232695547,1146.562836571023,-6749.280546622878,443.6804232695547,3.7312,-80.3587,7
2365,STARLINK-35996,satellite,0,49,43.0063,45.3101,71.7387,321.9322,33.6709,6864.7562,482.6076,2037.0762481171464,6012.72254022294,2593.2967913560906,3325.683094719418,-5407.619063862164,2593.2967913560906,22.3452,-58.4085,8
2366,STARLINK-36080,satellite,0,49,42.9807,46.0204,84.2373,5.2863,89.5235,6858.5218,487.9407,-3569.6077603410235,3523.902721037373,4674.004752660783,4991.374114694591,496.1596488815234,4674.004752660783,43.1571,5.6767,20
2367,STARLINK-35604,satellite,0,49,43.0234,45.7933,151.2748,30.3157,181.5906,6867.5434,482.5613,-4681.972551648033,-5013.115470370171,-129.93192768081596,-867.2960821846029,6804.4096878037535,-129.93192768081596,-1.092,97.2638,4
2368,STARLINK-35565,satellite,0,49,43.0082,45.8572,110.0382,36.1966,146.2348,6864.7281,482.4506,-5970.325587682942,-2149.873968123447,2599.7286441571246,2158.7499649179845,5967.121943677967,2599.7286441571246,22.4042,70.1112,5
2369,STARLINK-36038,satellite,0,49,43.0141,45.4138,19.7292,310.3375,330.0668,6865.2064,487.0765,5958.152074253297,2477.9398330290396,-2336.0738035431796,-1898.5336901828884,-6167.279123185636,-2336.0738035431796,-20.016,-107.1104,4
2370,STARLINK-36049,satellite,0,49,42.9989,45.885,96.0706,35.9881,132.0587,6862.6692,485.0188,-5871.26688016697,-706.0324282110907,3472.343202788708,3206.4976433343804,4968.765382982205,3472.343202788708,30.5771,57.1646,5
2371,STARLINK-36069,satellite,0,49,42.9834,45.9462,84.4324,26.392,110.8244,6859.6518,485.333,-5062.964062788411,1507.6777750958213,4368.188518219465,4393.676936490797,2932.967840320391,4368.188518219465,39.7627,33.7248,9
2372,STARLINK-36000,satellite,0,49,43.0,45.462,81.2729,227.5589,308.8318,6862.0606,491.5361,5805.784082767811,325.00732911904663,-3646.4349425872997,-3457.8687633467766,-4675.029646448437,-3646.4349425872997,-32.2523,-126.4883,4
2373,STARLINK-36071,satellite,0,49,42.9834,45.2192,98.0347,331.0574,69.092,6859.6247,486.858,-1602.2682438755903,5037.1814868592155,4366.732116080052,4899.345255334817,-1984.1564771755286,4366.732116080052,39.7362,-22.0472,12
2374,STARLINK-35979,satellite,0,49,42.9828,45.9649,80.2632,23.4501,103.7133,6859.0448,486.9612,-4632.5161034832745,2218.3774387931094,4540.827976510511,4665.63656139953,2147.8452893330336,4540.827976510511,41.6564,24.7192,11
2375,STARLINK-36046,satellite,0,49,43.0245,45.7802,166.6908,22.2075,188.8983,6866.9395,482.5697,-4171.0071187980575,-5398.559795582117,-724.0616306357416,-1490.2255957189277,6657.400087526951,-724.0616306357416,-6.096,102.6174,4
2376,STARLINK-36045,satellite,0,49,43.0002,45.7059,112.1396,118.9239,231.0635,6862.1832,490.7008,-217.529529738901,-5813.470081447858,-3640.641561727233,-4334.444069878212,3880.251034314068,-3640.641561727233,-32.1994,138.1647,17
2377,STARLINK-36054,satellite,0,49,42.9933,45.6625,79.1721,166.0272,245.1994,6860.1938,493.2437,1247.3323643463848,-5243.839236706667,-4248.449377921075,-4831.6796389391375,2389.25926475786,-4248.449377921075,-38.4185,153.6877,20
2378,STARLINK-36042,satellite,0,49,43.0132,45.3181,66.7303,319.8684,26.5987,6865.7058,482.4468,2715.8092354496034,5939.375859543935,2094.8323093111812,2835.760327232436,-5883.049274889783,2094.8323093111812,17.8885,-64.2649,11
2379,STARLINK-35984,satellite,0,49,43.0187,45.343,49.0738,323.1996,12.2734,6867.3632,482.5408,3953.1431544740003,5517.743049121877,994.9229223610552,1721.07751454158,-6565.875520053424,994.9229223610552,8.3904,-75.3118,9
2380,STARLINK-35985,satellite,0,49,42.9844,45.5893,89.2847,177.129,266.4137,6858.6891,495.2915,3279.1881336698157,-3813.430802679258,-4670.367992131864,-5028.680236105305,-87.77463088947856,-4670.367992131864,-43.058,-179.0,9
2381,STARLINK-36098,satellite,0,49,42.9878,45.2371,97.7737,324.2338,62.0075,6860.5138,484.9672,-878.2485063187924,5402.659663394827,4127.407853299149,4718.168130669784,-2774.6966263101067,4127.407853299149,37.1906,-30.4593,4
2382,STARLINK-35995,satellite,0,49,42.9885,45.5208,102.9876,184.6083,287.5959,6859.3201,494.4544,4868.374159450277,-1872.6870506733842,-4460.949976768205,-4550.267819690779,-2550.115000396941,-4460.949976768205,-40.7143,-150.7323,4
2383,STARLINK-35994,satellite,0,49,42.9848,45.5724,96.0375,177.4453,273.4828,6858.6944,495.3949,3870.896794583542,-3210.4583190800527,-4670.9922716959645,-4942.6066858845925,-928.1830431096985,-4670.9922716959645,-43.0643,-169.3642,9
2384,STARLINK-35989,satellite,0,49,43.0045,45.7147,125.0033,99.0937,224.097,6863.1121,490.0545,-941.252188435678,-5967.262482540663,-3257.5287471472275,-3990.567841521224,4535.3660844510605,-3257.5287471472275,-28.4845,131.3438,15
2385,STARLINK-36091,satellite,0,60,43.0206,275.0573,15.8824,329.6722,345.5545,6866.9532,484.1686,-660.8160637360979,-6729.204662493788,-1167.8295948110365,-4755.975242314979,4806.201489149907,-1167.8295948110365,-9.8594,134.6991,5
2386,STARLINK-36102,satellite,0,60,43.0054,274.9621,79.4777,322.6723,42.1499,6863.4604,484.0274,3792.5475937419465,-4774.064840252292,3138.8689798464643,-6095.738070017467,130.72769970702697,3138.8689798464643,27.3857,178.7714,4
2387,STARLINK-36105,satellite,0,60,42.9881,274.9037,96.8292,326.5839,63.4131,6860.3085,485.2234,4730.272345631249,-2673.597908381754,4180.0393509174755,-5078.355058976804,-1932.333339388355,4180.0393509174755,37.744,-159.168,7
2388,STARLINK-36094,satellite,0,60,43.016,274.6258,129.1383,33.427,162.5652,6866.7118,482.3542,970.047648090262,6644.32940997233,1402.113208328405,4493.169394830755,-4989.943340073604,1402.113208328405,11.8663,-47.9987,4
2389,STARLINK-35992,satellite,0,60,43.0187,274.5946,151.2574,32.5524,183.8098,6867.4454,483.0633,-880.634281938079,6797.294480735126,-311.02161252837516,5792.841158010531,-3663.566611161316,-311.02161252837516,-2.6144,-32.3105,7
2390,STARLINK-35986,satellite,0,60,43.0114,274.5612,170.3887,34.6176,205.0063,6865.8766,485.9261,-2608.9690250750537,6030.639040696326,-1978.7688375208525,6306.740577435947,-1844.0037694903674,-1978.7688375208525,-16.8584,-16.2982,4
2391,STARLINK-36087,satellite,0,60,42.9994,274.5193,128.9174,97.2797,226.1971,6862.86,490.0866,-3985.6326369742405,4450.23647168816,-3378.0522944196564,5969.874136938913,224.6663302891466,-3378.0522944196564,-29.6393,2.1552,4
2392,STARLINK-36090,satellite,0,60,42.9819,274.3356,102.3443,180.4223,282.7666,6858.9995,494.8472,-4768.32389132166,-1882.5636711242396,-4563.63382581247,1596.7634057383902,4871.478762601809,-4563.63382581247,-41.8531,71.852,4
2393,STARLINK-36072,satellite,0,60,43.0083,275.0896,8.4534,315.9147,324.3681,6864.4986,487.9633,-2417.2385879423314,-5815.216397867677,-2727.0884315545964,-2930.908508741031,5574.007486401143,-2727.0884315545964,-23.545,117.7362,8
2394,STARLINK-36083,satellite,0,60,43.0249,275.0253,38.088,328.7343,6.8223,6867.4935,482.5132,1190.1902740269118,-6733.559988856014,556.0586331392819,-5941.501358639747,3384.663146783279,556.0586331392819,4.678,150.3314,5
2395,STARLINK-35118,satellite,0,60,42.9845,274.8346,98.3471,346.3022,84.6493,6858.6496,487.2665,5029.338495152568,-216.18917736538157,4653.733883452026,-3378.4214927132393,-3731.923321399659,4653.733883452026,42.9305,-132.1538,51
2396,STARLINK-35646,satellite,0,60,42.9823,274.7613,78.512,27.3205,105.8326,6859.3815,486.8486,4653.251306126852,2264.494785642105,4496.752529962724,-1229.3805423333242,-5026.858644750591,4496.752529962724,41.1657,-103.7426,114
2397,STARLINK-35987,satellite,0,60,43.0153,274.5703,165.8767,32.0515,197.9282,6866.6305,484.7904,-2059.7563485822006,6384.961023876683,-1440.9888784981868,6228.622260969381,-2492.907583948052,-1440.9888784981868,-12.1957,-21.813,7
2398,STARLINK-35991,satellite,0,60,42.9847,274.4554,77.4469,169.9727,247.4195,6859.8755,494.0069,-4826.825974315596,2267.393833416078,-4320.914895643266,4827.453000105295,2266.0585415905166,-4320.914895643266,-39.1907,25.1459,4
2399,STARLINK-35974,satellite,0,60,42.9956,274.6962,90.4844,36.6983,127.1827,6861.8209,484.9054,3642.8614693982195,4457.122970492288,3725.3296379391704,1103.113584647306,-5649.736744192841,3725.3296379391704,33.0727,-78.952,92
2400,STARLINK-36134,satellite,0,60,42.9934,274.2681,97.5403,206.4321,303.9724,6861.3555,491.8121,-3866.0666055554047,-4134.237748832893,-3881.1849148573738,-712.1050160451383,5615.273742978957,-3881.1849148573738,-34.6049,97.2274,6
2401,STARLINK-36070,satellite,0,60,43.0174,275.0006,56.5415,324.3374,20.8789,6866.4968,482.5266,2339.2330426925846,-6228.784066593703,1667.7899564781526,-6286.938830463541,2178.109804001192,1667.7899564781526,14.1565,160.8914,5
2402,STARLINK-36117,satellite,0,60,42.9795,274.4073,83.0434,178.5045,261.5479,6858.7222,495.1396,-5029.639892354482,624.1528527243678,-4628.301628212924,3692.5355453592992,3471.6027244754937,-4628.301628212924,-42.5802,43.2336,4
2403,STARLINK-36126,satellite,0,60,43.0028,275.103,28.102,289.1846,317.2867,6863.3922,489.352,-2942.512281207738,-5325.393617968997,-3175.0807316397813,-2218.523235166824,5665.3640983072055,-3175.0807316397813,-27.7047,111.385,8
2404,STARLINK-36101,satellite,0,60,43.0166,275.0611,8.61,329.9033,338.5133,6866.3347,485.4488,-1267.3261250307269,-6522.56782195797,-1714.7587202819427,-4209.614141738269,5140.929417615468,-1714.7587202819427,-14.5573,129.3121,4
2405,STARLINK-36108,satellite,0,60,43.0198,275.0311,37.0159,322.651,359.6669,6867.526,482.8435,572.6296959092355,-6836.987886706455,-27.212481552583235,-5626.672554350164,3925.922069747502,-27.212481552583235,-0.2287,145.0952,5
2406,STARLINK-36092,satellite,0,60,43.01,274.9717,72.2171,322.8637,35.0808,6864.5657,483.4165,3357.8125100374345,-5341.501749650058,2688.699271875691,-6254.721243269992,827.6520785122278,2688.699271875691,23.2107,172.4622,4
2407,STARLINK-36114,satellite,0,60,42.9948,274.9202,93.5091,322.8177,56.3268,6861.2904,485.3707,4484.257257795991,-3429.708040831721,3891.2067382557484,-5503.048316579077,-1260.1268288699991,3891.2067382557484,34.7442,-167.1024,9
2408,STARLINK-36095,satellite,0,60,42.9843,274.8543,101.5553,336.0236,77.5789,6858.9836,486.9,5004.926753326098,-1054.8458608188462,4564.682909415841,-4008.1635249935075,-3177.5173883328453,4564.682909415841,41.9244,-141.594,25
2409,STARLINK-36082,satellite,0,60,42.9813,274.7814,80.3802,18.4437,98.8239,6858.8069,487.1035,4851.0647875319,1461.0673472379856,4618.4931820203565,-1973.9419189902192,-4665.951207037015,4618.4931820203565,42.5306,-112.9309,91
2410,STARLINK-36128,satellite,0,60,43.0083,274.6306,120.0967,35.3753,155.4719,6866.0383,482.0596,1571.5203698146804,6387.271378660126,1942.1025758824728,3911.227167152285,-5288.592817028289,1942.1025758824728,16.5468,-53.5149,8
2411,STARLINK-36129,satellite,0,60,42.9897,274.7101,87.9151,32.2089,120.124,6860.7377,485.0467,4040.3195930948505,3785.261758959053,4043.3342762918774,332.28408779292107,-5526.479556026924,4043.3342762918774,36.3115,-86.5592,107
2412,STARLINK-36053,satellite,0,60,43.0235,274.5989,144.3064,32.4291,176.7355,6867.4518,482.6183,-264.4904294454776,6850.438348170088,266.5672929483726,5440.224406411067,-4171.620687123523,266.5672929483726,2.2407,-37.4814,7
2413,STARLINK-35702,satellite,0,60,43.0037,274.6566,104.2907,37.0589,141.3496,6864.0289,483.4647,2687.1399949090355,5592.280809658429,2921.2693758689443,2586.986274433613,-5639.310952785433,2921.2693758689443,25.351,-65.3571,26
2414,STARLINK-35887,satellite,0,47,42.9882,314.6336,76.7769,162.652,239.4289,6860.8763,492.6775,-5528.607547337585,-552.9066954977146,-4029.312305143523,3105.4806036830937,4607.298280614398,-4029.312305143523,-36.1193,56.0186,4
2415,STARLINK-35879,satellite,0,47,43.0179,314.7711,128.5305,33.0869,161.6174,6866.6589,482.1906,-3461.5546010344437,5734.997978491855,1475.7684907005548,6623.766877141565,-999.1368407433858,1475.7684907005548,12.4996,-8.5779,5
2416,STARLINK-35761,satellite,0,47,43.0212,314.3209,25.1253,327.4249,352.5502,6867.1532,483.8379,4288.360279589511,-5322.2084642385435,-607.0049540577435,-6834.1845627248695,99.28840308171168,-607.0049540577435,-5.1067,179.1677,5
2417,STARLINK-35874,satellite,0,47,43.0188,315.1495,46.1638,326.8375,13.0013,6866.9696,482.0094,5534.215966151306,-3913.900276280707,1052.8551254068075,-6546.199440913989,-1758.8162531804205,1052.8551254068075,8.8834,-164.9611,9
2418,STARLINK-36133,satellite,0,47,43.0177,314.776,121.0488,33.5847,154.6335,6865.8067,482.2625,-2839.9912020323186,5912.371975790592,2004.550616644283,6363.281954951795,-1590.702728205296,2004.550616644283,17.0941,-14.0352,4
2419,STARLINK-36104,satellite,0,47,42.99,315.0497,100.4815,321.9319,62.4135,6860.5073,486.5323,5387.86242146754,902.7404759464822,4143.935372143813,-2746.3999502684587,-4722.424075910543,4143.935372143813,37.3544,-120.1808,68
2420,STARLINK-36067,satellite,0,47,42.9808,314.4632,102.7811,186.1322,288.9132,6859.4902,494.6293,-1831.9614529566957,-4915.252730044214,-4426.806006958855,-2612.1973684306527,4548.869867746304,-4426.806006958855,-40.3377,119.8667,10
2421,STARLINK-36139,satellite,0,47,42.9828,314.4834,98.5017,183.3416,281.8433,6858.9464,494.626,-2518.886220826221,-4448.180320480722,-4579.591609429869,-1814.0771023470204,4779.1442982735325,-4579.591609429869,-42.0339,110.7859,8
2422,STARLINK-36136,satellite,0,47,43.0006,314.6636,133.877,91.4151,225.2921,6862.9864,489.9245,-5931.019410269866,926.4308719921825,-3326.5262652595584,4500.814100163772,3972.145244240834,-3326.5262652595584,-29.1448,41.4297,4
2423,STARLINK-36152,satellite,0,47,42.9854,314.9322,83.3108,14.5991,97.9099,6858.7279,486.8787,2850.1215057430136,4175.965938684362,4629.515471896154,1393.0637592551793,-4860.170519765805,4629.515471896154,42.6575,-74.0062,79
2424,STARLINK-36149,satellite,0,47,42.9989,315.0878,86.1063,322.1981,48.3044,6862.505,484.4474,5873.930529639677,-568.330630094624,3491.800104334365,-4188.800933305346,-4156.922697534447,3491.800104334365,30.7695,-135.2189,21
2425,STARLINK-35703,satellite,0,47,42.9885,314.413,102.4779,200.5917,303.0695,6861.1929,492.9952,-384.44030050280713,-5620.075022887542,-3922.145538021971,-4079.029418145622,3885.1713750409626,-3922.145538021971,-35.0154,136.3944,17
2426,STARLINK-35678,satellite,0,47,43.0159,314.7155,161.787,35.2445,197.0315,6866.7037,484.6575,-5660.492001389926,3628.3667255077435,-1371.1178700499959,6407.134121107939,2038.3442169333216,-1371.1178700499959,-11.5964,17.6478,4
2427,STARLINK-34846,satellite,0,47,42.9818,314.5586,81.1809,179.3916,260.5725,6858.7076,494.8532,-4318.080647105784,-2674.2931737124572,-4615.964298103598,699.9851048282443,5030.674438571149,-4615.964298103598,-42.4426,82.0785,4
2428,STARLINK-35778,satellite,0,47,43.0096,314.352,8.1249,323.2238,331.3488,6865.485,486.5382,2489.3928289028036,-5988.133786662574,-2244.4182909009683,-6197.664212840084,1908.8690914894794,-2244.4182909009683,-19.2013,162.8813,9
2429,STARLINK-35780,satellite,0,47,43.0213,314.2965,32.2625,334.3703,6.6327,6867.5486,482.32,5173.626619999101,-4472.73370725967,540.6303758388838,-6745.916733886927,-1124.4405892195823,540.6303758388838,4.5481,-170.5367,4
2430,STARLINK-35777,satellite,0,47,43.0149,315.1423,53.7559,326.2637,20.0195,6866.3521,482.126,5779.366131076887,-3328.670711825173,1601.8788763833916,-6252.443666108747,-2321.22161521427,1601.8788763833916,13.5871,-159.6325,9
2431,STARLINK-35772,satellite,0,47,43.0237,314.7708,156.0253,34.7988,190.8241,6864.5653,480.8167,-5412.8700879469225,4119.336930863183,-878.8112334218071,6626.780196384219,1534.2371289255618,-878.8112334218071,-7.4073,13.0355,5
2432,STARLINK-35770,satellite,0,47,42.9847,314.9052,81.5767,23.5967,105.1733,6858.8545,486.2328,2161.3699760237823,4687.497362603528,4510.881702970282,2226.5612205043844,-4656.8848846646515,4510.881702970282,41.3274,-64.4465,41
2433,STARLINK-35787,satellite,0,47,42.9946,314.3978,78.3705,231.7606,310.1311,6862.2739,490.9168,352.6238703862762,-5845.912875721771,-3578.3746601155913,-4723.545859647389,3462.2471685747387,-3578.3746601155913,-31.5843,143.7595,16
2434,STARLINK-36107,satellite,0,47,43.0138,315.1207,55.1505,331.9646,27.1152,6865.6279,482.4578,5938.583200928218,-2687.9570282109567,2132.463191673761,-5861.111200256615,-2852.938646042353,2132.463191673761,18.2208,-154.0452,9
2435,STARLINK-36086,satellite,0,47,42.9832,314.9783,97.3744,346.3812,83.7556,6858.614,486.9224,4053.453010516349,2996.2828664868653,4646.046294672915,-283.21048995916897,-5032.691540601697,4646.046294672915,42.8454,-93.2209,113
2436,STARLINK-36142,satellite,0,47,43.0069,314.8042,105.8313,34.6845,140.5158,6863.82,483.2246,-1467.1736463759937,6002.070569925451,2974.1289144457483,5555.531738088782,-2704.351445739569,2974.1289144457483,25.8437,-25.9561,4
2437,STARLINK-36113,satellite,0,47,43.0183,314.322,17.3323,328.0765,345.4088,6867.0238,484.4969,3735.5567228669765,-5633.983241499336,-1179.3577144804367,-6721.033474901678,723.7818901458523,-1179.3577144804367,-9.9572,173.8536,5
2438,STARLINK-36145,satellite,0,47,43.0001,314.8188,97.0927,36.2913,133.384,6862.7147,484.1199,-734.605191514731,5909.947635144011,3398.6937915546487,5016.778060461839,-3209.21543832966,3398.6937915546487,29.8671,-32.6069,4
2439,STARLINK-35591,satellite,0,47,42.9846,314.9983,101.7731,334.8981,76.6713,6858.9963,486.7857,4568.263561070882,2332.9676296913512,4548.177856105901,-1122.412996925868,-5005.193201958101,4548.177856105901,41.74,-102.6395,120
2440,STARLINK-36103,satellite,0,47,42.9868,315.0153,107.67,321.9059,69.5759,6859.6546,486.443,5014.567621300382,1632.9040122412648,4380.648335080143,-1946.1400341776496,-4901.510268188653,4380.648335080143,39.8907,-111.6555,96
2441,STARLINK-36135,satellite,0,47,43.0211,314.7427,139.9719,35.8772,175.8491,6867.4125,482.484,-4558.784502252378,5115.671531659391,338.8080290407933,6847.968426606383,240.70684661821716,338.8080290407933,2.8484,2.0131,5
2442,STARLINK-36147,satellite,0,47,43.0058,314.6734,168.918,49.3038,218.2217,6864.0976,488.403,-5998.650675437135,1650.9929551327434,-2896.0839725838305,5101.546888433727,3561.4332801461405,-2896.0839725838305,-25.0981,34.9192,4
2443,STARLINK-36138,satellite,0,40,43.0108,329.4717,171.6061,42.1805,213.7867,6864.7284,487.2669,-6330.208356630461,493.46277533803226,-2603.136433827759,4422.600431556048,4555.836780636318,-2603.136433827759,-22.4184,45.8502,4
2444,STARLINK-36150,satellite,0,40,42.977,328.9091,102.1267,337.9912,80.1179,6858.9377,487.1488,3559.2491411481283,3623.928078568121,4604.168522799097,515.3837141654665,-5053.265161711894,4604.168522799097,42.3679,-84.1765,106
2445,STARLINK-36131,satellite,0,40,43.014,329.0704,47.6865,328.7228,16.4093,6866.9341,482.3689,6372.855560823776,-2166.736704911219,1321.953366162709,-5737.395429091812,-3519.9900053506435,1321.953366162709,11.179,-148.4702,9
2446,STARLINK-36137,satellite,0,40,43.0028,329.0272,75.6571,322.0025,37.6596,6864.444,483.4188,6231.83496955965,-166.68313482011115,2857.6671532606574,-4108.320959944651,-4688.843060429666,2857.6671532606574,24.7623,-131.2245,18
2447,STARLINK-36140,satellite,0,40,42.9938,329.6124,95.4626,33.4923,128.9549,6862.2284,483.6563,-1745.597662421947,5544.118293271317,3635.5312013991097,5380.964688677157,-2197.6300571406855,3635.5312013991097,32.186,-22.2155,6
2448,STARLINK-36085,satellite,0,40,42.9835,329.649,87.0758,27.7314,114.8072,6860.2363,484.4478,-181.7943597189019,5380.962465072757,4242.004112511085,4256.670917086734,-3296.7497544362486,4242.004112511085,38.4081,-37.7574,5
2449,STARLINK-36125,satellite,0,40,42.9831,329.276,102.1891,175.3226,277.5117,6858.7331,494.8988,-1771.8626154599817,-4737.453514532245,-4639.085928571604,-2513.7667820304578,4389.070459217856,-4639.085928571604,-42.7045,119.8012,8
2450,STARLINK-35732,satellite,0,40,43.0184,329.5477,124.0808,33.3424,157.4233,6866.0346,482.6486,-4484.109729018547,4869.815795606307,1796.613050877096,6611.09411082297,340.26548878386353,1796.613050877096,15.2749,2.9463,5
2451,STARLINK-35775,satellite,0,40,43.0208,329.1057,21.5576,326.5724,348.13,6867.2411,483.8033,5232.265198322795,-4333.198883807871,-962.9161883410832,-6675.997370829885,-1258.6781863868662,-962.9161883410832,-8.1171,-169.3229,5
2452,STARLINK-35705,satellite,0,40,43.0071,329.1528,17.4617,302.426,319.8877,6863.8914,488.8506,2848.183125092644,-5467.219141287409,-3015.9532780253367,-6025.975830389361,1300.095205931153,-3015.9532780253367,-26.2109,167.8251,10
2453,STARLINK-35786,satellite,0,40,43.0188,329.5323,138.1485,33.2407,171.3892,6867.3321,481.9616,-5465.223044398842,4086.345819387798,700.7089533494872,6634.830112569336,1595.5921966465778,700.7089533494872,5.8992,13.5221,5
2454,STARLINK-35765,satellite,0,40,42.9968,329.4134,98.6758,136.3885,235.0643,6861.6316,493.183,-5478.472694707607,-1542.9853071241823,-3837.769430057257,2311.6114324643304,5201.0498276749995,-3837.769430057257,-34.1569,66.0372,4
2455,STARLINK-35773,satellite,0,40,42.9891,329.3703,80.6893,168.6357,249.325,6859.4822,493.0876,-4477.685106266491,-2806.801220553742,-4377.908369695117,699.9562070561566,5238.1159123091475,-4377.908369695117,-39.8145,82.3888,4
2456,STARLINK-35901,satellite,0,40,43.0156,329.477,167.1663,39.6124,206.7787,6865.9268,486.296,-6425.611868140518,1164.1440293148105,-2109.2355433394214,4999.609967335386,4200.906970583645,-2109.2355433394214,-18.0051,40.0386,4
2457,STARLINK-35884,satellite,0,40,42.9909,328.9713,92.8921,326.1492,59.0413,6860.7804,485.5042,5239.194856049094,1867.2115940925798,4009.153223809022,-1909.3058472670616,-5224.001632690867,4009.153223809022,35.9544,-110.0767,99
2458,STARLINK-35891,satellite,0,40,43.0018,329.5905,98.3053,37.7,136.0053,6863.3224,484.0521,-2491.3416325216317,5501.264332411997,3248.518380687557,5824.270544837753,-1596.4225648428153,3248.518380687557,28.4259,-15.3282,8
2459,STARLINK-35721,satellite,0,40,43.0213,329.516,145.6374,32.8527,178.4902,6867.6902,482.9054,-5843.53789373095,3593.2797154354753,123.33956110759742,6497.04040759067,2201.6039995793185,123.33956110759742,1.0365,18.7196,5
2460,STARLINK-35779,satellite,0,40,42.9887,329.2321,109.198,182.4007,291.5987,6860.017,494.1611,-217.13012372271922,-5303.594125284164,-4351.418274909938,-3942.3577169907735,3554.303274575741,-4351.418274909938,-39.5194,137.9632,15
2461,STARLINK-35905,satellite,0,40,43.0018,329.4359,112.1413,115.8025,227.9438,6862.6932,490.616,-5853.725020821107,-871.1984090300593,-3475.5037578765523,3068.2016590108565,5060.753092863413,-3475.5037578765523,-30.5801,58.7727,4
2462,STARLINK-35877,satellite,0,40,43.0098,329.5622,116.7548,33.4906,150.2454,6865.2052,482.5499,-3872.5758485898323,5162.181693651489,2321.702738312182,6445.499139817114,-317.02425769750187,2321.702738312182,19.9014,-2.8158,5
2463,STARLINK-36078,satellite,0,40,43.0215,329.0916,27.5247,327.6839,355.2085,6867.6291,483.3071,5651.1796047536245,-3871.656562128549,-391.0275153733904,-6588.394270599103,-1875.7975358213077,-391.0275153733904,-3.2875,-164.1077,4
2464,STARLINK-35706,satellite,0,40,42.9841,329.3446,82.5742,173.6612,256.2354,6858.9513,494.5792,-3891.2613924749858,-3362.4712902282317,-4544.99249666171,-102.15194615724461,5141.7597553825635,-4544.99249666171,-41.6463,91.1382,4
2465,STARLINK-35720,satellite,0,40,42.994,329.2066,104.6365,194.0054,298.6419,6860.6682,492.3828,570.4937680617776,-5468.418763902435,-4107.247003476179,-4572.21623371305,3053.507103146872,-4107.247003476179,-36.9323,146.2634,15
2466,STARLINK-35739,satellite,0,40,43.0165,329.4838,165.6043,34.1764,199.7807,6866.3878,485.0069,-6424.880070090326,1816.0630699448284,-1584.2546964751753,5500.783927385039,3783.9853558495347,-1584.2546964751753,-13.4291,34.5241,4
2467,STARLINK-35754,satellite,0,40,42.9859,329.2505,93.1224,191.4278,284.5502,6859.1402,493.2033,-1002.6202177766205,-5057.0506907007775,-4528.583741128555,-3250.9806703156924,4001.2665083252546,-4528.583741128555,-41.4733,129.0934,13
2468,STARLINK-35790,satellite,0,40,43.0224,329.5072,149.5191,36.0196,185.5387,6867.5796,483.0125,-6130.186334928159,3048.075889462877,-451.82238320801656,6260.587338987874,2770.378548099442,-451.82238320801656,-3.7994,23.8699,4
2469,STARLINK-36143,satellite,0,40,43.003,329.1681,96.0023,216.8739,312.8762,6862.7742,491.4282,2125.029753257016,-5552.565512041348,-3430.8266936664636,-5629.795054302409,1911.0580483833314,-3430.8266936664636,-30.1426,161.25,15
2470,STARLINK-36141,satellite,0,40,43.018,329.1247,351.8963,342.139,334.0353,6865.948,486.1748,4168.124658116518,-5051.5143488329395,-2049.7363054236876,-6549.099345596892,18.924681407604005,-2049.7363054236876,-17.4812,179.8344,5
2471,STARLINK-35767,satellite,0,40,43.0065,329.5726,106.4912,36.6736,143.1648,6864.2308,483.2351,-3210.119688560671,5372.183167781701,2804.2756887419587,6184.003727217216,-960.8945336744665,2804.2756887419587,24.2707,-8.8322,8
2472,STARLINK-36255,satellite,0,6,42.9848,100.352,75.3495,30.6885,106.0379,6859.4087,486.9007,-4401.260110531836,-2729.3990437622374,4492.406878917319,710.7059070134036,5129.873956968649,4492.406878917319,41.117,82.1123,4
2473,STARLINK-36256,satellite,0,6,43.0071,100.2508,103.372,38.001,141.373,6864.1227,483.7771,-2127.233681525055,-5829.27053533748,2920.095209420809,-3126.9392094786936,5359.829222110823,2920.095209420809,25.3389,120.2594,6
2474,STARLINK-36258,satellite,0,6,42.9911,100.4849,99.3816,324.2128,63.5944,6860.1485,486.2612,-4971.819399212077,2180.851435639585,4187.493545476465,4853.462367914837,2432.9003608753237,4187.493545476465,37.8162,26.6233,9
2475,STARLINK-36261,satellite,0,6,42.9961,100.2871,90.0225,37.2199,127.2424,6861.885,484.5378,-3186.966811822875,-4795.604425677279,3722.2279770002756,-1654.7340863057361,5515.109642686525,3722.2279770002756,33.0437,106.7012,4
2476,STARLINK-36259,satellite,0,6,42.9824,99.9242,99.3208,183.4432,282.764,6858.9424,494.7742,4562.340462390657,2337.652409249196,-4563.675699057392,-1115.025251980177,-5003.627481006365,-4563.675699057392,-41.8541,-102.5627,4
2477,STARLINK-36196,satellite,0,6,42.9928,100.3005,84.7207,35.4567,120.1774,6860.8592,485.1724,-3648.9296158763977,-4165.898264565466,4041.456199549547,-875.1452859951663,5468.410776517238,4041.456199549547,36.2912,99.0923,4
2478,STARLINK-36208,satellite,0,6,42.9862,99.8703,102.0584,194.9278,296.9861,6860.449,493.5621,3874.1510359975355,3835.4804545906927,-4170.317443217482,477.0527785142525,-5430.688465911097,-4170.317443217482,-37.5874,-84.9798,10
2479,STARLINK-35764,satellite,0,6,43.0128,100.1463,168.5152,36.5248,205.0399,6866.2054,485.9921,3185.818569004477,-5746.007253762436,-1981.3268536263927,-6456.13511846483,1218.3425819650965,-1981.3268536263927,-16.8807,169.3133,5
2480,STARLINK-35781,satellite,0,6,43.0074,100.5591,70.6701,324.5496,35.2198,6864.4475,483.2087,-3869.946082617109,4977.7612181062095,2697.758523436771,6301.9109746072845,-201.26473851617044,2697.758523436771,23.2941,-1.8292,7
2481,STARLINK-35875,satellite,0,6,43.0045,100.1099,162.6846,56.6411,219.3258,6863.8485,488.7248,4063.061179141215,-4668.061989463465,-2966.38898715495,-6186.938384023128,-145.1286161282183,-2966.38898715495,-25.7493,-178.6562,7
2482,STARLINK-35906,satellite,0,6,43.0029,100.5376,79.7968,322.5472,42.344,6863.2655,484.1381,-4248.126921088686,4365.374867406827,3150.4910423037577,6072.220649081374,480.84972656265546,3150.4910423037577,27.495,4.5277,10
2483,STARLINK-35789,satellite,0,6,42.9881,100.4641,101.7684,327.9397,69.7081,6857.032,484.1928,-5055.686872055933,1483.2979340718412,4383.051540068974,4370.269342432653,2942.9387326435744,4383.051540068974,39.9327,33.9563,8
2484,STARLINK-36180,satellite,0,6,42.9831,100.4137,92.0379,352.7115,84.7494,6858.6418,486.4604,-5024.69245473083,-285.6533757379206,4653.815942995912,2989.2943607752222,4048.8580291653666,4653.815942995912,42.9377,53.5613,4
2485,STARLINK-35892,satellite,0,6,42.9833,100.0396,81.807,165.8024,247.6094,6859.6982,493.8229,5027.111615156689,-1765.0642408419137,-4326.6022822494,-4568.833990454094,-2740.9959746802715,-4326.6022822494,-39.2533,-149.0391,4
2486,STARLINK-35738,satellite,0,6,42.9906,99.8556,95.0017,209.0518,304.0534,6861.4211,492.2968,3440.304000985019,4498.626211830854,-3877.563897366338,1264.4162313052743,-5520.378701409615,-3877.563897366338,-34.5653,-77.0992,11
2487,STARLINK-35674,satellite,0,6,43.0197,100.206,131.7455,30.8081,162.5536,6866.7351,482.3266,-320.3011277656804,-6706.886152185029,1403.1097101439918,-4956.276806128455,4529.9265879098275,1403.1097101439918,11.8749,137.5734,6
2488,STARLINK-35701,satellite,0,6,42.9888,100.0531,77.6625,162.8339,240.4964,6860.6498,492.8309,4892.410722272063,-2565.446240378434,-4072.9920561093895,-5098.68633426148,-2126.169031965645,-4072.9920561093895,-36.5719,-157.3637,4
2489,STARLINK-36179,satellite,0,6,43.0222,100.1767,148.8444,35.0224,183.8669,6867.5265,483.2708,1542.5038388511623,-6678.271143625389,-315.7041420544685,-6123.968156810223,3078.252357267762,-315.7041420544685,-2.6537,153.3133,4
2490,STARLINK-36217,satellite,0,6,43.0156,100.579,54.8439,326.1794,21.0234,6866.2984,482.4875,-2944.144158638588,5963.588046927394,1678.73539804822,6469.210856494559,-1543.268646255067,1678.73539804822,14.2514,-13.4175,4
2491,STARLINK-36124,satellite,0,6,42.9826,100.3662,83.0051,15.9037,98.9088,6858.7623,486.4353,-4682.360156571961,-1935.6852130529476,4617.092894960449,1500.9851117807623,4839.257956969945,4617.092894960449,42.5198,72.7678,4
2492,STARLINK-36188,satellite,0,6,42.9934,100.5055,95.322,321.0747,56.3967,6861.4255,485.5076,-4799.010984505559,2969.5601605486268,3894.3400172518723,5349.994335065476,1796.2056094138852,3894.3400172518723,34.7754,18.5589,10
2493,STARLINK-36151,satellite,0,6,42.9973,100.0985,122.866,103.4942,226.3602,6862.733,490.1477,4406.802838924236,-4026.0298444352975,-3387.1428302859144,-5912.440959672962,-819.6764409301234,-3387.1428302859144,-29.7267,-172.1071,7
2494,STARLINK-36195,satellite,0,6,43.0168,99.7665,19.9712,326.3691,346.3403,6867.0438,484.1821,36.55784719838047,6772.026873783053,-1105.480750918515,5187.618733583722,-4353.193808045177,-1105.480750918515,-9.3282,-40.0017,11
2495,STARLINK-36219,satellite,0,6,43.013,100.2119,119.6064,36.0561,155.6625,6865.8832,482.2687,-926.1127591838127,-6516.620729282705,1928.1731452083288,-4422.959314468726,4874.572953048752,1928.1731452083288,16.4243,132.2191,6
2496,STARLINK-36223,satellite,0,6,43.0148,100.1485,154.9759,43.0353,198.0112,6866.6995,485.4,2677.1658913035217,-6150.804054511264,-1447.5551047786994,-6442.760662490967,1868.2726707871493,-1447.5551047786994,-12.2511,163.8289,6
2497,STARLINK-36164,satellite,0,6,42.9786,99.9346,92.8175,182.9693,275.7868,6858.6789,495.6349,4801.792751150408,1543.6393647177483,-4655.451339149622,-1878.935691638871,-4680.773096401103,-4655.451339149622,-42.8851,-111.8713,4
2498,STARLINK-35685,satellite,0,6,42.9798,99.9919,83.0191,178.7041,261.7232,6858.6257,495.0758,5065.028771091855,-110.88963140639929,-4630.357513240071,-3320.189331408405,-3826.637658041785,-4630.357513240071,-42.604,-130.9466,4
2499,STARLINK-36214,satellite,0,6,43.0195,100.5974,38.3133,328.623,6.9362,6867.2899,482.2066,-1847.7878981194206,6582.440142571661,565.2215840151238,6245.202265919922,-2782.137129029425,565.2215840151238,4.7555,-24.0122,5
2500,STARLINK-36194,satellite,0,6,43.0236,100.1815,146.4572,30.3419,176.7991,6867.5405,482.5912,935.2056073576073,-6791.629955668347,261.37516579857925,-5823.335244646563,3617.9571046685865,261.37516579857925,2.197,148.1479,5
2501,STARLINK-36490,satellite,0,23,43.0202,256.2404,41.2112,327.7586,8.9699,6867.31,482.2867,-852.1664760757483,-6767.818185581361,729.7451409256505,-4663.478737179624,4978.103731734272,729.7451409256505,6.1443,133.131,6
2502,STARLINK-36488,satellite,0,23,42.9951,256.7821,90.3545,38.212,128.5665,6862.016,484.9218,4794.923481579212,3264.8898514088096,3656.1036034079275,-550.073645745318,-5774.791417903196,3656.1036034079275,32.3832,-95.4413,119
2503,STARLINK-36481,satellite,0,23,43.0127,256.6397,180.4839,25.8497,206.3336,6865.8145,485.9952,-744.4447508174885,6497.936483995668,-2076.522200617893,5475.510320813306,-3577.1725236181524,-2076.522200617893,-17.7175,-33.1567,10
2504,STARLINK-36449,satellite,0,23,42.9878,256.5382,74.9026,173.902,248.8046,6859.8216,493.9333,-3974.6611873733586,3502.994962654669,-4363.188740749831,5233.979767808277,821.1948934143448,-4363.188740749831,-39.6486,8.9168,4
2505,STARLINK-36482,satellite,0,23,42.9813,256.4641,94.9004,175.099,269.9994,6858.5939,495.5801,-4881.8680747390545,1175.3484089523513,-4679.426355095645,4022.294928902348,3005.8648150756344,-4679.426355095645,-43.1594,36.7708,4
2506,STARLINK-36491,satellite,0,23,43.0117,256.7307,114.5866,35.245,149.8316,6865.0257,482.8743,3813.9725880491246,5192.743364971071,2351.146196544304,1559.8789310090738,-6251.219743172944,2351.146196544304,20.1635,-75.989,36
2507,STARLINK-36495,satellite,0,23,43.0124,256.3061,13.1827,313.3541,326.5369,6864.7963,487.5651,-4043.618269641695,-4907.344029704974,-2581.335361646902,-1193.6017986528923,6245.653599321189,-2581.335361646902,-22.2198,100.8193,5
2508,STARLINK-36485,satellite,0,23,43.0012,256.1718,81.6337,322.742,44.3757,6863.0815,483.3811,2233.940222008515,-5597.074755044515,3270.4312434515455,-5733.601619370987,1855.6797135848813,3270.4312434515455,28.6381,162.0658,4
2509,STARLINK-36445,satellite,0,23,42.9821,256.8432,77.0896,30.2276,107.3172,6859.2665,486.6202,5126.851780428498,897.2650365382503,4462.1268182142185,-2583.9145990487887,-4518.083561544583,4462.1268182142185,40.7837,-119.7655,70
2510,STARLINK-36476,satellite,0,23,43.0004,256.598,114.1116,113.4522,227.5638,6862.6179,490.3541,-2530.1258558312807,5363.47264591821,-3454.4386602791237,5743.012197005335,-1478.5758603828233,-3454.4386602791237,-30.3768,-14.4376,4
2511,STARLINK-36463,satellite,0,23,43.0203,256.2795,12.1881,328.5264,340.7145,6866.4964,484.925,-3145.9015648927543,-5899.079851810759,-1546.2254636691116,-2530.067854444174,6188.262793865704,-1546.2254636691116,-13.1012,112.2372,4
2512,STARLINK-36461,satellite,0,23,43.0197,256.2451,34.4642,327.4497,1.9138,6867.5104,482.8422,-1467.704453354841,-6700.320111788553,156.32318609255648,-4218.416882207046,5408.641693692269,156.32318609255648,1.3137,127.9521,5
2513,STARLINK-36450,satellite,0,23,42.9818,256.8674,79.4378,20.8046,100.2423,6858.8882,486.9952,5083.2303047479645,65.76772638809531,4599.357136683188,-3195.8790040803124,-3953.468491871533,4599.357136683188,42.3146,-128.9512,56
2514,STARLINK-36498,satellite,0,23,43.0183,256.6523,169.9573,29.3614,199.3188,6866.514,484.8461,-119.95471152859619,6683.75691145881,-1548.7173582125272,5219.655646751375,-4176.38486177074,-1548.7173582125272,-13.1228,-38.6642,12
2515,STARLINK-36470,satellite,0,23,43.0201,256.683,149.0343,28.9681,178.0024,6867.5741,482.5141,1749.44763767212,6631.8306735426395,163.16126756705987,3985.775563960185,-5581.696719926249,163.16126756705987,1.3713,-54.4701,5
2516,STARLINK-36500,satellite,0,23,42.9778,256.9399,101.4844,337.4704,78.9548,6858.929,486.8685,4498.510711106312,-2391.7924541418934,4586.86685654659,-4713.491973781959,-1933.9760015887894,4586.86685654659,42.1745,-157.6913,3
2517,STARLINK-36462,satellite,0,23,43.0043,256.7424,105.8433,36.8923,142.7356,6864.2143,483.4651,4207.416153069058,4616.027318024367,2832.189474836582,864.826087268898,-6185.639394972263,2832.189474836582,24.5269,-82.041,60
2518,STARLINK-36434,satellite,0,23,42.9881,256.795,84.6952,36.7896,121.4848,6861.0135,485.5231,4981.974318155588,2509.192500211077,3986.755103371871,-1251.0337443077995,-5436.085878688871,3986.755103371871,35.7229,-102.9601,113
2519,STARLINK-36497,satellite,0,23,42.9903,256.5571,80.4931,161.2538,241.7469,6860.5155,491.543,-3545.0566304692657,4187.075420944049,-4121.556687048448,5485.994989884249,53.72210785894235,-4121.556687048448,-37.0875,0.5611,4
2520,STARLINK-36471,satellite,0,23,43.0065,256.3189,6.4192,313.0904,319.5096,6863.7249,488.7357,-4400.582685739806,-4300.354313564673,-3039.401884870275,-498.55183900319173,6132.668363775575,-3039.401884870275,-26.4306,94.6476,4
2521,STARLINK-36473,satellite,0,23,42.9901,256.3693,108.4328,189.8685,298.3013,6860.5187,493.2326,-5062.806662278264,-2120.7233833002033,-4120.687428548283,1601.5794197360663,5250.183075890147,-4120.687428548283,-37.0677,73.0356,4
2522,STARLINK-36430,satellite,0,23,42.9863,256.1324,95.2423,323.2695,58.5118,6861.0266,485.6051,3294.0482518939716,-4502.03762644655,3986.523975883812,-5568.042888211511,340.5804909025637,3986.523975883812,35.72,176.4997,4
2523,STARLINK-36501,satellite,0,23,43.0151,256.2141,56.7384,326.4019,23.1403,6866.118,482.5758,411.13595878715455,-6595.279245609757,1838.8752336078883,-5337.541044223387,3895.817848078802,1838.8752336078883,15.6433,143.8747,5
2524,STARLINK-36489,satellite,0,23,43.0189,256.6893,138.4814,32.5534,171.0348,6867.2691,482.3078,2320.7602724277617,6414.396571168857,729.3553646689555,3453.58554073725,-5882.444944673291,729.3553646689555,6.141,-59.5828,9
2525,STARLINK-36496,satellite,0,23,42.986,256.5095,78.1089,177.7734,255.8823,6859.0841,494.3822,-4344.026968961126,2763.670088014644,-4538.096705849279,4900.982389888273,1577.5976281845417,-4538.096705849279,-41.5707,17.8431,4
2526,STARLINK-36483,satellite,0,23,42.9993,256.7563,98.0471,37.6156,135.6627,6863.0599,483.6766,4535.166769902032,3970.9715555544817,3268.2183983482087,159.14276982186007,-6025.86311698663,3268.2183983482087,28.6156,-88.4872,83
2527,STARLINK-36494,satellite,0,23,42.9962,256.5742,85.4439,149.0931,234.5371,6861.5611,491.4976,-3052.180558843392,4822.215182077651,-3812.010795026576,5659.941760330855,-731.1803441727717,-3812.010795026576,-33.9064,-7.361,4
2528,STARLINK-36492,satellite,0,23,42.9792,256.887,91.9352,1.1974,93.1326,6858.5732,487.1461,4962.299446217881,-771.291403779514,4666.531335178219,-3762.748269022897,-3325.8129363275457,4666.531335178219,43.0778,-138.5272,28
2529,STARLINK-36427,satellite,0,23,43.0009,256.5949,161.6387,58.8361,220.4748,6863.7114,488.7619,-1958.8545998126906,5833.4565362479925,-3038.1278689830306,5739.8058146317,-2218.322725353976,-3038.1278689830306,-26.4185,-21.1305,4
2530,STARLINK-35343,satellite,0,44,43.0023,158.399,81.2534,325.8631,47.1166,6862.7342,483.5448,-5690.701591109371,-1698.4080472113337,3426.439283450343,2327.5594800058952,5463.619803840823,3426.439283450343,30.1384,66.9255,5
2531,STARLINK-36486,satellite,0,44,43.0167,158.063,133.4913,34.2115,167.7027,6867.0001,482.2515,5818.152183528112,-3494.8965969642068,996.7502751933873,-6405.123173191067,-2244.9040492670783,996.7502751933873,8.4062,-160.6852,9
2532,STARLINK-36480,satellite,0,44,43.0212,158.4793,38.8137,325.905,4.7187,6867.5593,482.4075,-6511.928375562776,2124.30391480791,385.0502496159286,5793.565146307537,3654.1047038116444,385.0502496159286,3.2376,32.2404,4
2533,STARLINK-36410,satellite,0,44,42.9854,158.7152,84.7062,181.0735,265.7797,6858.5094,494.8861,2288.160063769072,4482.06409989499,-4666.661275495058,1987.5070771371634,-4623.24460647767,-4666.661275495058,-43.0188,-66.7374,13
2534,STARLINK-36413,satellite,0,44,42.999,158.5799,88.3137,219.885,308.1987,6861.947,492.0559,-2510.6731474293338,5222.826019471082,-3678.7932698569484,5622.363071679854,-1403.7181957563773,-3678.7932698569484,-32.5704,-14.0183,4
2535,STARLINK-36451,satellite,0,44,43.0168,158.4417,59.5707,326.4048,25.9755,6865.855,482.764,-6541.838560852423,222.8831558597037,2049.4706142076416,4349.554727375932,4891.492853003402,2049.4706142076416,17.4879,48.3562,5
2536,STARLINK-36339,satellite,0,44,42.9856,158.3373,95.6883,332.701,68.3893,6859.8581,485.5496,-4067.400267169111,-3400.912998554325,4345.346616447918,-19.238323771754075,5301.847229409914,4345.346616447918,39.513,90.2079,4
2537,STARLINK-36453,satellite,0,44,42.9785,158.2634,85.8758,3.8379,89.7137,6858.7017,486.2948,-1888.98227982492,-4645.48123007362,4672.793597313656,-2368.1952274511755,4420.452609986486,4672.793597313656,43.1562,118.1796,7
2538,STARLINK-36432,satellite,0,44,43.0115,158.0015,171.3399,38.6778,210.0177,6865.1077,486.6688,6449.564207822883,101.76889099229672,-2341.7943020009166,-4040.8076507606497,-5027.833420824322,-2341.7943020009166,-20.0683,-128.7884,3
2539,STARLINK-36458,satellite,0,44,42.9923,158.1513,85.8303,39.3142,125.1446,6861.6494,484.4773,2137.031471244655,-5274.76573370242,3822.8158353322265,-5423.697631491615,1724.4016517863731,3822.8158353322265,34.0551,162.3625,4
2540,STARLINK-36422,satellite,0,44,43.0203,158.0327,157.1508,31.7429,188.8937,6867.2103,483.3835,6576.7414535178405,-1816.5616529757358,-723.7121900246977,-5598.156277159845,-3900.5218473914124,-723.7121900246977,-6.0923,-145.1331,4
2541,STARLINK-35676,satellite,0,44,43.0081,158.0995,108.4041,38.0026,146.4066,6864.7826,483.6439,4265.8318162141895,-4705.784388459927,2588.50435426007,-6345.467876193339,-277.0653841547357,2588.50435426007,22.2982,-177.4999,5
2542,STARLINK-36472,satellite,0,44,43.0105,158.5454,20.5053,301.8282,322.3334,6864.2076,488.656,-3934.562457817398,4841.196935675773,-2860.711687948974,6238.095211079697,-64.32450518368519,-2860.711687948974,-24.7701,-0.5908,2
2543,STARLINK-36420,satellite,0,44,43.0185,158.4527,52.4461,326.4124,18.8584,6866.6703,482.2667,-6632.870950635518,876.2427076112618,1512.6237569952434,4910.443802046282,4544.262316082963,1512.6237569952434,12.8167,42.782,3
2544,STARLINK-36467,satellite,0,44,43.022,158.4849,34.7312,322.9112,357.6424,6867.5244,482.6744,-6301.668349917081,2705.993299447682,-192.55565234773113,6106.879953760202,3120.8077414932527,-192.55565234773113,-1.6183,27.0685,4
2545,STARLINK-36457,satellite,0,44,42.9844,158.2866,90.3546,352.2704,82.625,6858.8446,486.0193,-2657.155930976898,-4294.399740599429,4634.634672659209,-1607.437232801728,4787.326217857821,4634.634672659209,42.7224,108.5605,4
2546,STARLINK-36475,satellite,0,44,43.0174,158.0723,126.0619,34.5531,160.6151,6866.4514,482.4088,5380.8382259696255,-3960.5571720085095,1553.2374151362396,-6484.14403668935,-1610.9963495520155,1553.2374151362396,13.1666,-166.0473,9
2547,STARLINK-36478,satellite,0,44,43.0119,158.0121,167.4123,35.648,203.0602,6865.9844,485.4561,6590.360401655472,-541.4888376237535,-1833.5227923743312,-4625.705981458812,-4725.347030438692,-1833.5227923743312,-15.5899,-134.3895,4
2548,STARLINK-36479,satellite,0,44,42.9918,157.9305,93.9996,144.4122,238.4118,6860.9058,491.0214,4937.418600638105,2611.7173341197445,-3985.824240319952,-1143.6862943876038,-5467.280085316523,-3985.824240319952,-35.6802,-101.8152,4
2549,STARLINK-36474,satellite,0,44,42.9839,158.7363,82.3125,176.5063,258.8188,6858.7871,494.7706,3026.5800479408476,4107.542455426954,-4590.5365268486175,1227.7149106226695,-4952.252811394354,-4590.5365268486175,-42.1561,-76.0765,12
2550,STARLINK-36448,satellite,0,44,43.005,158.4113,77.6387,322.4805,40.1192,6863.8696,483.7407,-6065.295098090004,-1075.342879427942,3014.01997251324,3046.238344518192,5353.933029431548,3014.01997251324,26.2139,60.3613,5
2551,STARLINK-36477,satellite,0,44,42.9814,158.6624,97.6718,182.2639,279.9357,6858.8976,494.9967,696.5442758469561,5037.713785551396,-4609.059614142276,3431.5815182791234,-3753.396115087625,-4609.059614142276,-42.3634,-47.5646,7
2552,STARLINK-36429,satellite,0,44,42.9935,158.5956,97.5912,203.5888,301.18,6860.8623,492.7678,-1740.9169629529592,5295.652959036451,-4004.289200055044,5186.785161749935,-2042.5454267407547,-4004.289200055044,-35.8601,-21.4944,4
2553,STARLINK-36456,satellite,0,44,42.9864,158.3532,96.0114,325.4668,61.4782,6860.4703,485.4599,-4668.267387488298,-2888.1721168842705,4107.201146494695,759.0610142270631,5436.7347695574745,4107.201146494695,36.9754,82.0519,4
2554,STARLINK-36466,satellite,0,44,43.0205,158.0381,149.5079,32.308,181.8159,6867.4771,482.8323,6419.326433576257,-2417.231739415088,-148.3273208545915,-5959.826739740144,-3395.765948225072,-148.3273208545915,-1.2465,-150.3265,4
2555,STARLINK-36499,satellite,0,44,42.9853,158.7569,82.6503,169.0737,251.724,6859.2803,494.6355,3733.685903733871,3663.923813217043,-4443.737368203066,434.7529714065598,-5213.035391271873,-4443.737368203066,-40.5235,-85.2327,10
2556,STARLINK-36469,satellite,0,44,42.9834,158.6874,92.8636,180.0677,272.9313,6858.4145,494.979,1495.4645127244655,4798.850930137903,-4673.095489069861,2737.537179913158,-4215.598954727163,-4673.095489069861,-43.0916,-57.001,13
2557,STARLINK-35306,satellite,0,44,42.9792,158.234,80.1978,16.6192,96.8171,6858.6536,488.3623,-1091.132799537005,-4927.582554318402,4641.375974366732,-3094.8270241810114,3986.688639240269,4641.375974366732,42.781,127.8218,6
2558,STARLINK-36428,satellite,0,44,42.9849,158.1895,76.2483,34.7315,110.9798,6859.802,486.4001,539.108210947947,-5259.5953052564,4364.476871694449,-4391.485015777092,2944.289353034435,4364.476871694449,39.7149,146.16,6
2559,STARLINK-36484,satellite,0,7,42.9818,168.9443,94.7181,186.215,280.9332,6858.9993,495.2685,-332.2207527825971,5088.351070285626,-4594.567729620041,4127.583320623184,-2994.118096263004,-4594.567729620041,-42.1977,-35.9569,4
2560,STARLINK-36452,satellite,0,7,42.9957,168.8495,70.2706,239.0271,309.2976,6862.0063,490.5148,-3513.2391309200843,4651.562936231589,-3621.6628905041152,5823.08999206558,-267.41332251261196,-3621.6628905041152,-32.0128,-2.6293,4
2561,STARLINK-36409,satellite,0,7,42.9827,169.3665,82.7161,21.4738,104.1899,6858.8922,486.1335,754.4123464817849,-5088.3524936592075,4530.920155785972,-4397.223820461338,2669.2492879121314,4530.920155785972,41.5517,148.741,7
2562,STARLINK-36510,satellite,0,7,43.0029,169.2585,103.7732,35.7832,139.5565,6863.7738,483.2654,4520.897699587621,-4168.736077883714,3033.863792780412,-6095.119642002364,-816.3290065058958,3033.863792780412,26.4015,-172.3717,9
2563,STARLINK-36509,satellite,0,7,43.0023,169.1167,144.8265,79.526,224.3525,6863.3311,489.7941,5481.658090514596,2519.043602189647,-3272.2066428704024,-1562.5845001770267,-5826.876158873057,-3272.2066428704024,-28.6257,-105.0117,4
2564,STARLINK-36507,satellite,0,7,42.9894,169.5,98.1691,323.5532,61.7223,6860.2918,485.5948,-3998.465473861431,-3750.6778259485736,4116.965107555997,-332.40310305938345,5472.1858956728365,4116.965107555997,37.0769,93.4761,4
2565,STARLINK-36508,satellite,0,7,43.0178,169.6192,40.7568,324.1697,4.9265,6867.6547,482.0732,-6800.535565726499,807.8638370837504,401.9259283738765,4964.909032949519,4716.948828905713,401.9259283738765,3.3798,43.5329,4
2566,STARLINK-36503,satellite,0,7,43.0148,169.1553,153.3505,49.7975,203.1479,6866.2494,486.6734,6569.1811744123515,750.1312849244011,-1840.5385071713888,-3618.298385510802,-5533.963772946648,-1840.5385071713888,-15.6481,-123.1781,4
2567,STARLINK-36446,satellite,0,7,43.0198,169.2144,126.9067,40.9366,167.8433,6867.1901,482.8905,6390.591876612078,-2292.6817187199117,985.6778171221042,-5845.635695728768,-3453.2010236292936,985.6778171221042,8.3114,-149.4283,9
2568,STARLINK-36442,satellite,0,7,42.9771,168.9839,84.7573,182.0397,266.797,6858.6633,495.078,1334.4170010328526,4847.857845762463,-4671.431342926999,2878.102787747617,-4122.974504957018,-4671.431342926999,-43.0718,-55.0825,13
2569,STARLINK-36506,satellite,0,7,42.9913,169.0714,73.5953,164.9502,238.5455,6861.029,492.405,4328.359978776662,3525.8568280988434,-3992.280935050326,-51.285474200160905,-5582.4489499020765,-3992.280935050326,-35.7384,-90.5264,9
2570,STARLINK-36468,satellite,0,7,43.0176,169.5938,50.492,328.5988,19.0908,6866.4623,482.2412,-6671.7156274167255,-442.4768286185658,1530.5367646220425,3920.5188632301474,5416.373971582601,1530.5367646220425,12.9711,54.102,5
2571,STARLINK-36487,satellite,0,7,42.9972,169.5408,84.0386,323.4749,47.5135,6862.4785,483.9759,-5225.513072734643,-2796.0080093707525,3448.2597141463466,1185.87368654064,5806.66438339229,3448.2597141463466,30.3481,78.4574,4
2572,STARLINK-36374,satellite,0,7,42.9896,169.312,86.1163,32.2408,118.3571,6860.4634,485.3423,2381.308789858636,-4940.419976627991,4113.760565001426,-5322.435499525436,1322.8988818176294,4113.760565001426,37.0449,166.0419,4
2573,STARLINK-36455,satellite,0,7,43.0172,169.2174,128.3559,32.4117,160.7676,6866.7966,482.6887,6053.462447130363,-2834.6576743668984,1541.543445865611,-6047.364479995507,-2847.643688341879,1541.543445865611,13.0652,-154.7847,9
2574,STARLINK-36424,satellite,0,7,42.9865,169.0544,74.9233,170.6733,245.5966,6860.1785,494.4761,3652.728222411681,3951.065419612616,-4262.1471268795085,707.4087874676522,-5334.127316091636,-4262.1471268795085,-38.5566,-82.4456,12
2575,STARLINK-35564,satellite,0,7,42.9994,169.2684,95.1553,37.2984,132.4537,6862.7229,484.453,3858.5716909564403,-4497.383007251092,3450.4451426652217,-5925.00314370638,-96.78406496337504,3450.4451426652217,30.3669,-179.0642,4
2576,STARLINK-36431,satellite,0,7,43.0108,169.5853,61.1674,325.0985,26.2659,6865.6284,482.2866,-6450.201764030386,-1070.9933037118774,2070.3714207427606,3295.4120638076715,5647.334661856621,2070.3714207427606,17.6732,59.735,5
2577,STARLINK-36418,satellite,0,7,42.9806,168.9096,97.3548,190.6543,288.009,6859.5159,494.4022,-1163.7950724644843,5094.248226582458,-4449.967268932291,4663.219309812351,-2358.001194512921,-4449.967268932291,-40.5937,-26.8239,4
2578,STARLINK-36465,satellite,0,7,42.9856,169.4802,102.5689,326.2291,68.7981,6859.4892,486.496,-3291.5157837692404,-4144.549181348617,4358.089176936341,-1086.9855584669515,5179.75158353215,4358.089176936341,39.6448,101.8517,4
2579,STARLINK-36362,satellite,0,7,43.0088,169.2473,103.8777,42.7202,146.598,6865.001,482.6079,5109.44163579389,-3780.289471297454,2575.1328583087543,-6172.099140644249,-1517.2918356219577,2575.1328583087543,22.1805,-166.1888,9
2580,STARLINK-36447,satellite,0,7,43.021,169.1802,154.8685,34.1718,189.0403,6867.3999,483.7489,6803.907048321676,-497.83229378273325,-735.5962062136927,-4728.497941893168,-4917.549728111188,-735.5962062136927,-6.1924,-133.8772,4
2581,STARLINK-36146,satellite,0,7,43.0192,169.6212,32.7863,325.102,357.8883,6867.5531,481.862,-6709.867301708859,1416.8063522242942,-172.456439951922,5375.573879614668,4258.270178258929,-172.456439951922,-1.4496,38.3846,4
2582,STARLINK-36459,satellite,0,7,43.0033,169.5527,76.2924,324.0994,40.3918,6863.6312,483.3226,-5725.388296422885,-2248.7472861640476,3030.7054179160536,1926.2354058175351,5841.793616965706,3030.7054179160536,26.3717,71.7509,5
2583,STARLINK-36464,satellite,0,7,43.02,169.186,147.9536,34.0184,181.972,6867.6071,483.0214,6767.697435261795,-1116.9855811073144,-161.0784315568656,-5181.800702625838,-4494.254870600586,-161.0784315568656,-1.3537,-139.0644,4
2584,STARLINK-36513,satellite,0,7,43.0065,169.1237,152.0012,65.192,217.1932,6864.3925,488.9709,5941.725809420222,1947.9094841316373,-2829.948142274811,-2295.892718406889,-5816.127025630251,-2829.948142274811,-24.4852,-111.5414,4
2585,STARLINK-36515,satellite,0,7,42.9818,169.3802,85.7664,11.1961,96.9626,6858.6029,487.6767,-100.67036982571607,-5046.538074670395,4639.719538559887,-3818.936055826366,3300.5163935311975,4639.719538559887,42.7675,139.1648,7
2586,STARLINK-36443,satellite,0,7,42.9849,168.997,77.3286,182.3809,259.7095,6859.0408,496.6393,2146.929536469181,4616.385164084405,-4605.395943681398,2181.0641319769006,-4600.356254677046,-4605.395943681398,-42.3095,-64.634,14
2587,STARLINK-36460,satellite,0,7,43.0156,169.6337,22.3161,321.4313,343.7474,6866.8973,484.6714,-6227.598605621683,2566.6910213438173,-1310.1546505879562,5952.383240787688,3152.779876010686,-1310.1546505879562,-11.0742,27.9087,4
2588,STARLINK-36542,satellite,0,5,42.9856,136.7839,80.0368,170.8078,250.8445,6859.633,494.2316,4888.94718825887,1914.3010299079197,-4420.511866117281,-1649.3800080490419,-4984.5660424693915,-4420.511866117281,-40.2715,-108.3092,4
2589,STARLINK-36539,satellite,0,5,43.0176,136.9425,141.1682,32.0453,173.2135,6867.3217,482.2335,4572.769963521625,-5083.962158565561,553.0569067365481,-6832.5006064877625,-271.72013424941264,553.0569067365481,4.6529,-177.7226,4
2590,STARLINK-36440,satellite,0,5,43.0101,136.0964,116.1613,36.6257,152.787,6865.6811,482.5702,2804.2959917063085,-5882.1177141075,2139.4516051112955,-6317.204465507968,1598.8472574587913,2139.4516051112955,18.2822,165.797,4
2591,STARLINK-36423,satellite,0,5,43.0064,136.4479,69.4258,323.0061,32.4319,6864.8119,482.464,-6048.019709017924,2038.9051537943,2508.5374195052823,5431.569478314919,3351.6756449686477,2508.5374195052823,21.5787,31.6776,4
2592,STARLINK-36519,satellite,0,5,42.9975,136.5902,101.9069,205.5333,307.4403,6861.9219,491.6559,-292.16347584629517,5762.872829185292,-3716.397286871974,4621.033867741007,-3455.735628657271,-3716.397286871974,-32.9468,-36.7901,10
2593,STARLINK-36525,satellite,0,5,43.0107,136.5472,13.1927,315.5452,328.738,6865.056,487.1796,-2467.477508747207,5924.988176340442,-2429.3429929539316,6135.07810062641,-1885.4036292427145,-2429.3429929539316,-20.8506,-17.083,4
2594,STARLINK-36511,satellite,0,5,42.9974,136.8461,103.9743,125.8172,229.7915,6862.1775,490.7268,5854.097618307011,-233.78647980276173,-3574.388997128468,-3918.707924180106,-4355.323552593358,-3574.388997128468,-31.5461,-131.9793,4
2595,STARLINK-36524,satellite,0,5,43.0185,136.9212,166.4294,20.9341,187.3635,6867.2887,482.5521,5408.783981827052,-4177.560951545348,-599.8682426845121,-6668.972997449455,-1493.9072344812475,-599.8682426845121,-5.0475,-167.3737,4
2596,STARLINK-36518,satellite,0,5,42.9951,136.5955,106.5841,193.8738,300.4579,6860.8908,491.9104,445.74721167234287,5533.840593407324,-4034.066184823653,3973.518757996942,-3877.2710725203156,-4034.066184823653,-36.1732,-44.2976,11
2597,STARLINK-36517,satellite,0,5,42.9827,136.7393,83.0853,181.9555,265.0407,6858.6671,496.2311,3860.7887721039438,3236.7036587751936,-4662.5229487850775,24.837579495097263,-5037.988052008204,-4662.5229487850775,-42.9611,-89.7175,9
2598,STARLINK-36516,satellite,0,5,42.9784,136.2802,88.6795,0.3125,88.992,6858.6415,486.4698,-3552.598345836321,-3540.534552672699,4672.242267504163,-455.46135881472156,4994.886873206928,4672.242267504163,43.1485,95.2101,4
2599,STARLINK-36493,satellite,0,5,42.984,136.3521,100.6692,327.1296,67.7988,6859.7648,486.0403,-5079.434891997403,-1571.9174011722323,4327.599399442836,2034.4967800430754,4912.474528192802,4327.599399442836,39.3174,67.5032,4
2600,STARLINK-36529,satellite,0,5,42.9874,136.6596,98.3748,187.9039,286.2787,6859.3189,494.3079,1908.4010770566833,4825.359623022833,-4492.021061950895,2494.206665283251,-4550.277274328101,-4492.021061950895,-41.0587,-61.2709,14
2601,STARLINK-36528,satellite,0,5,43.0165,136.0691,133.2186,33.7393,166.9579,6866.9976,482.169,4027.560432012964,-5451.6292914031865,1056.081578602577,-6767.207842942531,382.62641678112453,1056.081578602577,8.9106,176.7639,4
2602,STARLINK-36546,satellite,0,5,43.0131,136.8804,173.6521,34.7812,208.4332,6865.5075,486.4217,6037.765765439843,-2380.8601034587155,-2228.8925106791344,-5688.149529269383,-3125.3904081300493,-2228.8925106791344,-19.0637,-151.2131,4
2603,STARLINK-36523,satellite,0,5,42.99,136.7966,75.5108,168.4261,243.9369,6860.1851,493.147,5285.377582648974,1222.9521917437544,-4203.950938499966,-2434.5485479556237,-4848.071948940767,-4203.950938499966,-37.9459,-116.6644,4
2604,STARLINK-36522,satellite,0,5,43.0247,136.4922,33.4133,330.711,4.1243,6867.3025,481.7798,-5210.757267603095,4448.8693358469345,336.62982413849727,6751.267560734461,1168.253394042655,336.62982413849727,2.8304,9.8174,5
2605,STARLINK-36504,satellite,0,5,43.0151,136.4483,58.1111,327.2445,25.3556,6865.7154,482.0119,-5971.359860231979,2713.8616478106533,2003.5760710494856,5901.977730062293,2861.615365085947,2003.5760710494856,17.0862,25.8668,4
2606,STARLINK-36505,satellite,0,5,42.9977,136.4059,83.196,323.3705,46.5665,6862.6783,483.9801,-5925.34710411266,613.1365404111656,3395.699920318831,4256.116385278332,4167.870923669418,3395.699920318831,29.8388,44.3998,6
2607,STARLINK-36421,satellite,0,5,43.0071,136.1154,109.9144,35.7455,145.6599,6864.5224,482.9399,2120.175988920557,-5964.29721511948,2638.709084140094,-5943.516118102045,2177.7519712167505,2638.709084140094,22.7567,159.8768,4
2608,STARLINK-36437,satellite,0,5,42.9792,136.2225,72.27,30.8124,103.0823,6859.1174,486.4818,-2259.434307949633,-4600.722808193216,4552.097954634509,-2097.159228954559,4676.923873464249,4552.097954634509,41.7862,114.1517,5
2609,STARLINK-36520,satellite,0,5,43.0028,136.8533,143.2574,79.4594,222.7168,6863.3187,489.4782,6007.381760881323,-964.1526680525783,-3175.3474753365003,-4578.610457238069,-4006.8132311292834,-3175.3474753365003,-27.7067,-138.8103,4
2610,STARLINK-36425,satellite,0,5,42.9839,136.759,83.131,174.8626,257.9935,6858.9844,495.1665,4404.722441569247,2599.6367958482033,-4577.295643659301,-812.7671662447681,-5049.663433444462,-4577.295643659301,-42.0041,-99.1436,4
2611,STARLINK-36414,satellite,0,5,42.9894,136.1506,86.8825,37.5934,124.4759,6861.4478,484.6739,-65.27079792050324,-5670.023183887574,3853.7989979404697,-4321.306434340549,3671.4757092224827,3853.7989979404697,34.3678,139.648,7
2612,STARLINK-36441,satellite,0,5,42.9933,136.8066,84.7338,152.1454,236.8792,6861.1354,491.8883,5611.567347736338,498.3351416349858,-3919.583885750801,-3200.4561481128276,-4636.281533252246,-3919.583885750801,-34.9957,-124.6176,4
2613,STARLINK-36454,satellite,0,5,42.9815,136.288,94.1225,347.8184,81.9409,6858.7843,486.3225,-4125.735163324451,-2924.8698327906827,4627.119513959968,384.3258351200457,5042.702433132467,4627.119513959968,42.6346,85.6417,4
2614,STARLINK-36334,satellite,0,5,43.0128,136.8813,174.3338,27.1799,201.5137,6866.147,485.0609,5917.4382206056935,-3020.307835760176,-1716.596549036419,-6103.345282015325,-2624.406768384174,-1716.596549036419,-14.5741,-156.7325,4
2615,STARLINK-36269,satellite,0,5,42.9804,136.6663,96.4049,182.7725,279.1775,6858.9361,496.3833,2605.9668400985784,4357.599215496884,-4620.160187320859,1688.7609541832787,-4788.30038053362,-4620.160187320859,-42.4784,-70.573,13
2616,STARLINK-36408,satellite,0,5,43.0081,136.5454,16.2549,305.374,321.6289,6864.0683,488.5648,-1763.2197633902715,5962.0376237121845,-2905.8428837274105,5713.801603695312,-2450.9809860907844,-2905.8428837274105,-25.1878,-23.2173,5
2617,STARLINK-36551,satellite,0,42,43.017,246.0526,165.3553,33.2288,198.5841,6866.6029,484.9334,1178.7367929998281,6593.366769664697,-1491.9434334013727,4320.671797965291,-5117.978214173794,-1491.9434334013727,-12.6336,-49.8285,12
2618,STARLINK-36396,satellite,0,42,42.9945,245.7641,95.3202,209.3103,304.6305,6861.4177,491.3494,-5367.130766877077,-1860.7954965392676,-3850.7719288087665,1995.951245148871,5318.348538379936,-3850.7719288087665,-34.299,69.4291,4
2619,STARLINK-36550,satellite,0,42,42.9916,245.9617,77.291,163.7206,241.0116,6860.627,492.5848,-2655.4166880518724,4826.330209328821,-4093.5710963809597,5409.708625153673,-1039.111961052471,-4093.5710963809597,-36.7881,-10.8731,4
2620,STARLINK-36534,satellite,0,42,42.9807,245.8332,101.2154,175.1643,276.3797,6858.66,495.3785,-4865.132137388059,1347.158484810078,-4650.3424648182345,4143.811376353258,2883.2575283257656,-4650.3424648182345,-42.8289,34.8301,4
2621,STARLINK-36555,satellite,0,42,42.9804,245.8877,84.6152,177.6262,262.2414,6858.691,495.02,-4162.561980122903,2878.212839631514,-4636.257421827471,4873.2257022442345,1364.808647236158,-4636.257421827471,-42.6714,15.6456,4
2622,STARLINK-36081,satellite,0,42,42.9884,245.7724,104.5991,192.9699,297.569,6860.4919,493.1656,-5362.040423242674,-1070.4249718921085,-4148.481387923336,2600.877765660146,4809.648840511475,-4148.481387923336,-37.3599,61.5971,4
2623,STARLINK-36558,satellite,0,42,43.0047,245.7177,9.9484,308.8274,318.7758,6863.5744,488.6768,-5137.230745399134,-3344.8407010753217,-3084.558285506009,707.1727397347533,6089.253300957371,-3084.558285506009,-26.8542,83.3757,2
2624,STARLINK-36557,satellite,0,42,43.0159,245.6618,12.1756,327.8086,339.9841,6866.4479,485.0976,-4221.892384480555,-5166.827870425159,-1602.320659597018,-1279.4128767793914,6548.556195030181,-1602.320659597018,-13.5849,101.0548,4
2625,STARLINK-36433,satellite,0,42,43.0177,245.6293,30.8168,330.2471,1.0639,6867.5206,482.4652,-2745.6151250768157,-6286.641361366981,86.90798975198274,-3083.939600992784,6127.771092243013,86.90798975198274,0.7304,116.7149,5
2626,STARLINK-36552,satellite,0,42,42.9929,245.5194,97.0281,320.7975,57.8255,6861.1045,485.4279,2350.3434868036115,-5081.834343427714,3957.4393821749272,-5411.47512054795,1437.0427341217433,3957.4393821749272,35.4217,165.1281,4
2627,STARLINK-36512,satellite,0,42,42.9849,245.3869,82.8378,17.4935,100.3312,6858.9387,486.9448,4997.45123802736,-937.0835881464798,4598.300225400555,-3912.772971652689,-3246.975854535857,4598.300225400555,42.3031,-140.3128,26
2628,STARLINK-36545,satellite,0,42,42.9953,245.3196,83.1328,38.4555,121.5882,6861.0196,485.8326,5381.478094279294,1479.737732409556,3983.0689241162804,-2298.3322846422247,-5086.019951326944,3983.0689241162804,35.683,-114.3178,82
2629,STARLINK-36553,satellite,0,42,43.0073,245.2624,108.2948,34.5423,142.8371,6864.2484,483.5878,5038.566712122492,3696.0724786062397,2825.8025670554175,-373.8921117026323,-6237.652680971094,2825.8025670554175,24.4676,-93.4303,58
2630,STARLINK-36521,satellite,0,42,43.018,245.2343,126.1159,30.7982,156.9141,6866.0574,482.2626,4428.647459031091,4905.564935695055,1834.8059545351957,946.3277726013105,-6540.791190789292,1834.8059545351957,15.6085,-81.7675,24
2631,STARLINK-36526,satellite,0,42,43.0238,245.2026,146.3189,31.9042,178.2231,6867.4804,482.8106,3017.362229591683,6160.107614566588,145.15376474203993,2813.018266391714,-6256.063369288575,145.15376474203993,1.2199,-65.7891,7
2632,STARLINK-36541,satellite,0,42,43.0145,246.051,167.3002,38.366,205.6662,6865.8003,486.3482,524.6002752560369,6535.181511659873,-2027.7128577605092,4693.673902175265,-4577.469621873917,-2027.7128577605092,-17.2871,-44.2819,12
2633,STARLINK-36549,satellite,0,42,43.0262,245.1986,140.7833,30.4046,171.1878,6867.2586,482.2515,3541.1168459072524,5831.635870447701,717.0940883717749,2225.7602317072383,-6449.300491744122,717.0940883717749,6.0374,-70.9596,10
2634,STARLINK-36540,satellite,0,42,43.0003,246.0035,122.4448,104.4267,226.8715,6862.6743,490.1671,-1438.491397767923,5776.0189032662865,-3415.9847505070425,5363.270199214412,-2582.0504725044366,-3415.9847505070425,-30.0051,-25.7077,4
2635,STARLINK-36538,satellite,0,42,42.9821,245.9027,80.4976,174.6568,255.1544,6859.1615,494.7428,-3712.587856310956,3586.943360442462,-4523.173974901496,5131.199406181549,565.9186477330039,-4523.173974901496,-41.4016,6.2937,4
2636,STARLINK-36531,satellite,0,42,42.9991,245.7171,63.1209,248.5934,311.7143,6862.528,490.4149,-5293.347831061915,-2621.8681265238197,-3493.840538180139,1363.1953089807964,5747.64493362822,-3493.840538180139,-30.7596,76.6574,2
2637,STARLINK-36530,satellite,0,42,43.0184,245.6749,352.5224,340.412,332.9344,6865.6126,485.519,-4596.8791875792795,-4627.437000925742,-2130.000359634897,-624.8688693108834,6492.611982777216,-2130.000359634897,-18.1906,95.4974,4
2638,STARLINK-36543,satellite,0,42,43.0193,245.6407,25.526,328.6081,354.1341,6867.4111,483.2927,-3282.2381268035138,-6006.31483235601,-478.41300365274947,-2525.5099438230527,6361.658943237473,-478.41300365274947,-4.0232,111.6525,4
2639,STARLINK-36537,satellite,0,42,42.9977,245.5351,88.7212,322.0145,50.7357,6862.0657,484.995,1737.0074398581162,-5558.285549060272,3620.604929307506,-5386.3798838669545,2213.2882409862727,3620.604929307506,32.0313,157.662,5
2640,STARLINK-36544,satellite,0,42,43.0187,245.6062,46.5937,328.7564,15.3502,6866.8513,482.2817,-1522.9028615093023,-6572.8004634868,1238.8680450129548,-4085.0391957329584,5369.673530833224,1238.8680450129548,10.4685,127.2625,5
2641,STARLINK-36412,satellite,0,42,42.9902,245.3335,81.294,33.1936,114.4876,6860.0354,486.0309,5333.33354747586,677.8048410481267,4254.367033070484,-2884.6586079514045,-4536.8062386167185,4254.367033070484,38.5297,-122.4496,67
2642,STARLINK-36415,satellite,0,42,43.0058,245.271,99.9423,35.8382,135.7804,6863.1026,484.7494,5232.9454174458715,3001.0906958189744,3262.256803368848,-1032.8126063243803,-5943.362787742004,3262.256803368848,28.5538,-99.8582,90
2643,STARLINK-36547,satellite,0,42,42.9843,245.405,82.9302,10.3135,93.2438,6858.5585,487.3518,4714.252541500528,-1731.237118824001,4666.613855105444,-4342.992113613685,-2521.86012453656,4666.613855105444,43.0771,-149.8574,4
2644,STARLINK-36444,satellite,0,42,42.9882,245.4771,113.9122,317.9596,71.8719,6859.5896,488.0388,3451.448114551651,-3919.679808722225,4443.4704248784465,-5220.453744753441,-152.4683220758071,4443.4704248784465,40.5677,-178.3271,4
2645,STARLINK-36548,satellite,0,0,42.9801,71.4142,86.6405,179.9631,266.6036,6854.4003,491.2644,4618.730590818071,-1981.8413465739645,-4668.1904068655485,-4474.821462127388,-2288.30510982099,-4668.1904068655485,-43.0646,-152.916,4
2646,STARLINK-36601,satellite,0,0,43.0196,71.1486,44.5157,323.8155,8.3312,6867.3958,482.3782,1505.5025202982613,6658.628602644141,678.1705361425559,4162.195589757998,-5411.099756904705,678.1705361425559,5.7085,-52.4327,5
2647,STARLINK-36119,satellite,0,0,43.0072,71.2324,19.2681,306.649,325.9171,6864.9131,488.1601,4491.761116915285,4477.166291808123,-2623.3634447532727,576.3732831175965,-6315.752510544028,-2623.3634447532727,-22.5989,-84.7857,6
2648,STARLINK-36607,satellite,0,0,43.018,70.705,163.8668,31.5004,195.3672,6864.5956,482.0273,-931.1464037414504,-6681.857984109229,-1240.1462203677838,-4546.891936862918,4983.977674458009,-1240.1462203677838,-10.4798,132.3743,5
2649,STARLINK-36615,satellite,0,0,42.9809,71.3541,96.6226,179.8402,276.4628,6858.8898,495.5605,4974.682716559684,-863.2172084117633,-4649.7269359470765,-3841.3924872187263,-3276.6317825589376,-4649.7269359470765,-42.8205,-139.5365,4
2650,STARLINK-36614,satellite,0,0,43.0143,71.1391,56.8664,325.6444,22.5108,6866.3654,482.6594,231.38405244848215,6617.204523676612,1791.5057888572337,4944.0565294994685,-4404.229708020162,1791.5057888572337,15.2304,-41.6951,4
2651,STARLINK-36600,satellite,0,0,43.0174,71.2027,23.3855,321.5212,344.9068,6858.9862,476.8626,3367.770039642613,5844.419699891961,-1217.6246092045242,2346.3078916907166,-6324.077477845247,-1217.6246092045242,-10.2953,-69.6445,6
2652,STARLINK-36438,satellite,0,0,43.0111,71.1298,63.8811,324.4477,28.3289,6863.2037,480.359,-299.24939488682736,6480.205150296103,2219.347282749561,5177.535216764804,-3908.418870774281,2219.347282749561,18.9965,-37.0484,4
2653,STARLINK-36532,satellite,0,0,42.9876,70.861,79.1333,35.8882,115.0214,6857.8208,483.5472,-5242.120316520749,-1249.0897289303966,4234.428070167138,2386.8091848257236,4831.479326151626,4234.428070167138,38.3331,63.7101,5
2654,STARLINK-36367,satellite,0,0,42.9932,70.8398,87.5843,36.8256,124.4099,6859.1613,482.7805,-5178.23854979815,-2301.252189663689,3856.054202032011,1536.387792761897,5454.303683266985,3856.054202032011,34.4016,74.2683,4
2655,STARLINK-36416,satellite,0,0,43.0033,71.1014,80.1319,320.289,40.4209,6861.5473,481.4544,-1385.0609081581063,5990.570104203257,3031.682732171877,5494.239700832392,-2760.1909358735957,3031.682732171877,26.3886,-26.674,4
2656,STARLINK-36527,satellite,0,0,43.0086,71.6558,106.3961,38.8297,145.2258,6862.2772,480.9361,-4486.364874434201,-4445.344831109173,2667.1636036039595,-555.3335716029574,6291.27690364021,2667.1636036039595,23.023,95.0444,4
2657,STARLINK-36633,satellite,0,0,42.9896,71.2896,115.4485,183.7181,299.1665,6858.2853,489.9308,5222.943452224616,1761.0691947421342,-4084.784911882956,-1980.6015170075389,-5143.706897232105,-4084.784911882956,-36.7129,-111.0594,4
2658,STARLINK-36637,satellite,0,0,42.9871,71.035,101.4179,323.6174,65.0353,6860.5124,486.3205,-3359.5527508337823,4214.342270597091,4238.05111722711,5388.501381475073,-106.43458656616005,4238.05111722711,38.3534,-1.1316,18
2659,STARLINK-36617,satellite,0,0,43.0075,71.6595,105.2051,38.6019,143.807,6862.0004,480.7973,-4550.827682162404,-4320.037239517846,2761.2431453956146,-417.7411708310245,6260.850314274358,2761.2431453956146,23.8843,93.8173,4
2660,STARLINK-36627,satellite,0,0,42.9802,70.9703,99.4331,345.7828,85.2159,6856.378,484.7014,-4536.676652675432,2169.3231256978897,4655.689610975456,4566.680651553979,2105.427676587477,4655.689610975456,42.9728,24.7516,11
2661,STARLINK-36624,satellite,0,0,43.0209,70.7258,143.6502,34.1349,177.7851,6865.1161,479.956,-2445.0064138970074,-6404.879117283136,180.83725771910792,-3366.910228611337,5971.971900761043,180.83725771910792,1.5204,119.4137,5
2662,STARLINK-36610,satellite,0,0,42.981,70.9737,99.5852,342.8953,82.4806,6856.368,484.4679,-4406.382987743407,2468.099857673918,4631.770421930896,4713.3704653214745,1814.3502414803365,4631.770421930896,42.7018,21.0536,12
2663,STARLINK-36599,satellite,0,0,42.986,71.4471,79.3358,168.8945,248.2304,6859.913,493.9325,3610.4597803912857,-3896.7843402209414,-4345.906453639852,-5304.391385967328,-289.44782688743163,-4345.906453639852,-39.4613,-176.8766,9
2664,STARLINK-36595,satellite,0,0,43.0015,71.0817,82.424,321.3476,43.7716,6863.5037,484.3028,-1676.5517027964142,5809.315165878516,3235.5164974233485,5540.932159911591,-2420.1320434871227,3235.5164974233485,28.3009,-23.5944,5
2665,STARLINK-36570,satellite,0,0,42.9801,70.9487,86.3884,3.1833,89.5717,6856.1931,484.3594,-4721.801532001741,1684.7651482083684,4671.549370003655,4312.053954606052,2557.3490189643385,4671.549370003655,43.1571,30.6709,10
2666,STARLINK-36514,satellite,0,0,42.9832,71.4228,80.7365,174.3002,255.0367,6856.7752,492.2425,4032.0117698303843,-3224.0481400173426,-4519.157727597868,-5055.962489257858,-1043.479098217841,-4519.157727597868,-41.3753,-168.3387,8
2667,STARLINK-36556,satellite,0,0,42.9814,71.3446,98.1606,182.8421,281.0028,6856.7068,492.7963,5087.312425802947,-335.39512646511696,-4591.800854795725,-3507.1745516334954,-3700.4005557452833,-4591.800854795725,-42.1853,-133.4643,4
2668,STARLINK-36623,satellite,0,0,43.0031,70.8007,107.3739,31.6436,139.0175,6858.8726,478.1574,-4804.610336427277,-3804.2115016612383,3064.898170617212,141.26087705537515,6126.6916846605745,3064.898170617212,26.714,88.6792,4
2669,STARLINK-36619,satellite,0,0,43.0103,70.7778,112.3858,36.8845,149.2703,6862.9833,480.6779,-4359.337005981353,-4721.502785869035,2389.802744450026,-848.96110324452,6369.903667549876,2389.802744450026,20.5165,97.5915,4
2670,STARLINK-1184,satellite,2,176,53.0438,190.3981,91.4594,27.0967,118.5561,6908.6539,536.0999,3903.8764921290235,-2990.11934329499,4845.585772935017,-4794.122358568973,-1094.2834020552164,4845.585772935017,44.7559,-167.1422,4
2671,STARLINK-1451,satellite,2,155,53.061,11.0975,81.7208,310.6565,32.3773,6915.1201,534.1945,5297.400299697315,3304.637403251886,2956.8406282322067,-840.4033821595016,-6186.824747595445,2956.8406282322067,25.4787,-97.7356,65
2672,STARLINK-1522,satellite,2,122,53.079,71.5835,51.6803,288.1421,339.8224,6920.5774,542.142,3411.7628329227914,5708.546412829313,-1907.887776912868,2213.658857950555,-6271.151587719501,-1907.887776912868,-16.1016,-70.5574,7
2673,STARLINK-1536,satellite,3,182,53.0704,41.9894,130.5024,69.121,199.6234,6930.3388,551.7373,-3915.2604551707273,-5404.901514270116,-1859.9690553850264,-1658.4421389197914,6464.657336830641,-1859.9690553850264,-15.6644,104.3884,4
2674,STARLINK-1542,satellite,2,119,53.0474,41.996,72.1911,167.41,239.6011,6922.6478,562.757,-201.99820308134244,-5017.258947556894,-4777.138689239795,-3731.691594006134,3359.786967668004,-4777.138689239795,-43.749,138.0021,13
2675,STARLINK-1549,satellite,3,182,53.0592,41.9518,94.7803,224.7034,319.4837,6926.5682,557.5491,5726.828784867092,1509.6009008759788,-3598.3427119699095,-2495.916785906226,-5370.834405280001,-3598.3427119699095,-31.4391,-114.9251,0
2676,STARLINK-1551,satellite,3,182,53.0747,41.9741,128.3035,51.3395,179.643,6931.7008,548.0084,-5166.459241415976,-4612.807309823886,34.499939807144244,-249.8401559227492,6921.551290517589,34.499939807144244,0.2872,92.0672,3
2677,STARLINK-1552,satellite,2,119,53.0608,41.9975,91.6004,307.8433,39.4437,6926.8037,548.4371,2204.0043000279297,5540.00923679711,3514.4668738868436,2855.3264585662464,-5234.161643792675,3514.4668738868436,30.6723,-61.3868,30
2678,STARLINK-1566,satellite,2,119,53.0456,41.9544,108.0822,191.3949,299.4772,6922.4518,563.0601,4961.299553810477,-417.4851021347453,-4821.569421183298,-3489.8613490879693,-3551.007580572927,-4821.569421183298,-44.2574,-134.5024,4
2679,STARLINK-1578,satellite,3,182,53.0592,41.9976,87.1582,132.4449,219.603,6926.7583,557.2111,-2191.6158211883317,-5545.5139068064955,-3530.711452021596,-2867.474314480076,5228.144551756795,-3530.711452021596,-30.7858,118.7434,7
2680,STARLINK-1579,satellite,2,119,53.069,41.984,75.1763,309.3826,24.5589,6929.6351,547.334,3524.0953462448797,5497.233524123429,2300.109354005091,1979.3139967019251,-6222.631318873967,2300.109354005091,19.5159,-72.355,23
2681,STARLINK-2049,satellite,2,116,53.0376,336.9681,69.989,27.0404,97.0294,6919.7008,552.5225,836.0103210762024,4130.117559510739,5485.500119829901,2644.12843813053,-3281.0621931006244,5485.500119829901,52.64,-51.1355,12
2682,STARLINK-2055,satellite,2,116,53.0563,336.9893,95.0806,306.9981,42.0787,6926.2363,548.6131,5817.56247109669,557.7599114585167,3706.6854281671303,-3286.291808436821,-4832.744083204064,3706.6854281671303,32.5452,-124.2159,55
2683,STARLINK-2071,satellite,3,186,53.0726,336.9718,50.6513,306.3026,356.9539,6931.6621,548.5194,6279.136213287833,-2909.2785245165855,-294.2419964120646,-6248.914192746524,-2973.63826480746,-294.2419964120646,-2.4497,-154.5519,2
2684,STARLINK-2088,satellite,2,180,53.0543,6.9482,81.1794,52.6335,133.8129,6924.4762,548.2258,-5118.085370169513,2399.5254598240845,3990.3896324602406,5115.143650558313,2405.790041304551,3990.3896324602406,35.3866,25.1889,8
2685,STARLINK-2097,satellite,2,180,53.0397,6.9875,121.0711,310.9897,72.0608,6920.6437,551.9267,1633.4817421748137,4186.934886060714,5258.862406165374,2178.5306070420834,-3930.991062863354,5258.862406165374,49.6572,-61.0051,30
2686,STARLINK-2104,satellite,2,116,53.0612,337.2384,89.0378,307.7766,36.8144,6927.3444,548.0906,6073.85764093439,154.51279591819582,3314.9424020813717,-3760.271054943234,-4772.418929620033,3314.9424020813717,28.7659,-128.2352,29
2687,STARLINK-2105,satellite,2,116,53.0459,336.9976,110.4855,306.4867,56.9721,6923.1158,550.157,4833.854900366356,1736.3451690826198,4635.402975672564,-1751.1286433962857,-4828.51905021296,4635.402975672564,42.2421,-109.9339,101
2688,STARLINK-2106,satellite,2,116,53.0381,336.9862,81.2533,175.8148,257.0681,6920.1486,566.1502,-3015.7545367113235,-3132.241340691032,-5397.882662094769,-484.15009830061155,4321.031118187462,-5397.882662094769,-51.3206,96.393,4
2689,STARLINK-2109,satellite,2,180,53.0407,6.986,82.72,170.2705,252.9905,6920.0331,565.5953,-1527.8454828944668,-4202.110503602196,-5296.207277521283,-2257.674287624014,3859.3977917657476,-5296.207277521283,-50.0019,120.3268,4
2690,STARLINK-2111,satellite,2,180,53.0611,6.9932,87.6531,306.0591,33.7122,6926.952,546.9882,5433.166666309477,2992.2098937957862,3070.2212457692785,-1167.5207407809569,-6091.757988649262,3070.2212457692785,26.476,-100.8495,66
2691,STARLINK-2112,satellite,3,186,53.0691,336.9619,48.5052,293.5723,342.0775,6930.5394,551.3516,5564.926973732648,-3758.5828872712045,-1704.2440088300186,-6446.299255529247,-1881.643816355323,-1704.2440088300186,-14.3248,-163.7277,2
2692,STARLINK-2123,satellite,2,116,53.043,336.9575,106.8894,190.0972,296.9866,6922.0092,563.5406,1440.7565628405678,-4647.9538440111955,-4935.268835977135,-4496.688759128197,1859.8506964153696,-4935.268835977135,-45.5809,157.5298,15
2693,STARLINK-2134,satellite,2,116,53.0375,336.986,119.3665,317.6795,77.046,6920.107,552.1507,3011.9452378418277,3124.612189139553,5386.463911402962,480.7124570702857,-4313.227443793682,5386.463911402962,51.3141,-83.6406,68
2694,STARLINK-2135,satellite,2,116,53.0458,336.9964,70.1583,166.9418,237.1002,6923.1109,562.0419,-4832.200829843,-1748.9582318173923,-4650.075254507525,1740.3666936436475,4835.301803221085,-4650.075254507525,-42.3168,70.2047,4
2695,STARLINK-2315,satellite,2,136,53.0551,176.9508,84.671,52.3991,137.0702,6926.1154,548.9304,4909.385603981832,-3098.6947853068014,3767.261794632103,-5519.853888877514,-1798.6632332138802,3767.261794632103,33.142,-161.9516,9
2696,STARLINK-2334,satellite,2,136,53.037,176.97,64.2839,32.8673,97.1512,6919.625,552.6771,641.7772160822686,-4166.78709507872,5484.135651774241,-3616.1576764897,2167.347768486054,5484.135651774241,52.6197,149.0636,6
2697,STARLINK-2338,satellite,2,136,53.0696,176.9854,67.0373,310.031,17.0684,6930.5659,547.1358,-6674.179147162907,-871.3060742994189,1624.5579998862115,3592.1149444082994,5692.148257880658,1624.5579998862115,13.6505,57.7454,5
2698,STARLINK-2373,satellite,3,185,53.0669,176.958,50.3562,286.677,337.0332,6929.8391,552.3941,-6284.038588229147,1960.7029249422912,-2160.97553618113,5522.1313337413885,3583.233521714957,-2160.97553618113,-18.2789,32.979,3
2699,STARLINK-2379,satellite,2,136,53.0384,176.9654,97.116,180.0301,277.1461,6919.6769,566.1836,-642.0862593063719,4174.853158663927,-5495.006216761542,3622.561759538327,-2172.2614849798356,-5495.006216761542,-52.6216,-30.9489,4
2700,STARLINK-2381,satellite,3,185,53.0742,176.972,124.4231,52.7526,177.1757,6931.6611,548.1207,6897.321945678913,-570.1771157071342,272.8236194389051,-4843.827048117048,-4943.226830072613,272.8236194389051,2.2714,-134.4181,3
2701,STARLINK-2386,satellite,3,185,53.0582,177.2386,87.2964,129.6678,216.9642,6927.2732,556.4423,5651.070610341302,2234.653310732182,-3330.3750099371487,-1889.6163185609519,-5775.605996850692,-3330.3750099371487,-28.874,-108.1166,1
2702,STARLINK-2399,satellite,3,183,53.0637,196.9525,75.7391,251.2887,327.0278,6928.0598,555.2941,-6221.462397296227,472.69431948797677,-3014.32089204424,4337.16709122864,4485.422600314313,-3014.32089204424,-25.9246,45.9627,4
2703,STARLINK-2408,satellite,2,156,53.0429,196.9477,105.3485,186.8621,292.2106,6921.2622,564.4481,-3630.697957702153,2926.5182683604953,-5127.407670471752,4570.7125086,924.696706405832,-5127.407670471752,-47.8898,11.4371,4
2704,STARLINK-2409,satellite,3,183,53.0712,196.9625,46.3257,300.6784,347.004,6931.0774,550.2645,-6729.679522888565,-1074.0483604118774,-1245.3766190464623,3471.55418078361,5864.339513634331,-1245.3766190464623,-10.419,59.3754,4
2705,STARLINK-2420,satellite,2,140,53.037,181.9747,90.2329,179.4274,269.6603,6919.4876,566.6195,-102.54133782973261,4166.516927571963,-5538.006857585694,3271.558180549412,-2582.10865476026,-5538.006857585694,-53.2054,-38.2826,4
2706,STARLINK-2423,satellite,3,183,53.0734,196.979,56.7006,310.3071,7.0077,6931.5012,547.5542,-6425.899750600057,-2492.7812935371385,675.4426063947304,2185.847946720616,6536.682257536144,675.4426063947304,5.6315,71.5102,4
2707,STARLINK-2427,satellite,2,136,53.0679,176.9566,106.7252,50.4438,157.169,6929.9148,547.4544,6286.388416516934,-1950.6997749658926,2147.3938754125093,-5515.93482427809,-3591.4303487171373,2147.3938754125093,18.1736,-146.9318,8
2708,STARLINK-2432,satellite,2,136,53.0475,176.9967,70.0901,166.9552,237.0453,6923.1838,562.0289,3948.0239177929216,3293.6295059727886,-4647.290802843944,12.926994528112683,-5141.470710885358,-4647.290802843944,-42.2858,-89.8559,8
2709,STARLINK-2433,satellite,2,136,53.0388,176.9816,81.8403,175.3144,257.1547,6920.1139,565.9795,1752.7398710062243,3976.4236759925548,-5399.658519298884,1940.3794697952142,-3888.3119498834326,-5399.658519298884,-51.3458,-63.4795,8
2710,STARLINK-2453,satellite,2,156,53.0672,196.9932,76.5498,310.4459,26.9957,6929.1833,547.3374,-5347.211879177528,-3608.484899863821,2511.81547365746,638.4105263065043,6419.211022646283,2511.81547365746,21.3948,84.3204,4
2711,STARLINK-2567,satellite,2,181,53.0399,351.9838,77.7108,177.2538,254.9646,6919.9494,564.6654,-2341.366032339434,-3734.081834802956,-5347.911016315908,-1377.965777370087,4186.474932779984,-5347.911016315908,-50.6801,108.2188,4
2712,STARLINK-2565,satellite,2,119,53.048,41.9541,66.6179,53.0736,119.6915,6922.4885,550.694,-4963.943215864694,395.8595950373073,4802.938377745656,3474.9092822736807,3566.8533119937006,4802.938377745656,44.1418,45.7481,5
2713,STARLINK-2524,satellite,2,137,53.0675,36.9949,77.3846,309.5606,26.9452,6929.218,547.2689,3794.5576208987554,5218.835333019869,2507.455285859181,1592.3559643598335,-6252.94428683521,2507.455285859181,21.3561,-75.7129,38
2714,STARLINK-2519,satellite,2,137,53.0399,37.5412,59.9754,46.7203,106.6957,6920.5178,551.9583,-4003.3033669369343,1947.9515917733427,5294.475980482777,4055.6914085864983,1836.387881123854,5294.475980482777,50.1142,24.3607,12
2715,STARLINK-2523,satellite,2,137,53.0429,36.9925,117.8118,309.221,67.0328,6921.3842,551.4526,-148.18394669258862,4682.952457430718,5089.850840854081,3698.0974892681425,-2876.8171927466037,5089.850840854081,47.5463,-37.88,5
2716,STARLINK-2506,satellite,2,137,53.0434,36.9918,74.1598,172.9254,247.0852,6921.3861,564.4212,153.92619801517583,-4689.368955823667,-5101.390451662697,-3706.7022632651738,2876.4966208537417,-5101.390451662697,-47.5705,142.1876,11
2717,STARLINK-2507,satellite,2,137,53.0368,36.9766,88.1914,178.8234,267.0148,6919.5426,566.6777,2215.075333345389,-3542.1124360114145,-5530.650259726604,-4140.29243164562,557.7614384303537,-5530.650259726604,-53.1035,172.3276,7
2718,STARLINK-2581,satellite,2,147,53.0667,237.4265,76.6269,310.0548,26.6818,6929.2479,547.4103,-1756.136279161682,-6218.256343269845,2484.7889551260246,-3663.264886000308,5322.707671533414,2484.7889551260246,21.1534,124.537,6
2719,STARLINK-2680,satellite,3,184,53.0734,92.3732,53.7126,310.4778,4.1904,6931.6518,547.5046,-589.790431408277,6888.540115504727,404.5472425415707,5677.301152414734,-3945.6418109971623,404.5472425415707,3.3695,-34.7987,3
2720,STARLINK-2722,satellite,2,146,53.058,136.6679,101.0911,211.3111,312.4022,6918.1291,551.9912,-1287.2912200872652,5438.1567978849125,-4085.6482268743857,5006.72427355618,-2482.6155748079436,-4085.6482268743857,-36.339,-26.3748,4
2721,STARLINK-2145,satellite,2,174,53.0634,86.9958,82.5766,309.3631,31.9397,6928.3228,547.7775,-1889.7003619553739,5981.369573894603,2927.0114678141076,5809.456086358705,-2366.0028356187913,2927.0114678141076,25.1508,-22.1595,4
2722,STARLINK-2214,satellite,2,174,53.05,86.9681,103.7018,308.2623,51.9641,6924.1856,549.8117,-3045.9622737618656,4430.763992349362,4355.373348409334,5354.754887837252,-485.95866106415843,4355.373348409334,39.1821,-5.1855,18
2723,STARLINK-2220,satellite,3,187,53.0727,86.9841,133.0704,59.2488,192.3192,6931.0501,550.0422,530.691225318887,-6805.388299907989,-1181.552557670344,-5575.572500738821,3938.0114751178753,-1181.552557670344,-9.88,144.7665,4
2724,STARLINK-2222,satellite,2,174,53.0739,86.9684,122.2074,50.0169,172.2243,6931.4688,547.3826,-925.0093642059147,-6822.219650099079,749.0114084056386,-4658.817525048274,5068.89953997608,749.0114084056386,6.2473,132.5861,6
2725,STARLINK-2235,satellite,2,119,53.0478,42.0054,113.3964,306.0606,59.457,6922.6804,550.579,215.52604395422463,5014.5649719960375,4761.742128540373,3720.9788510126355,-3368.4758755717494,4761.742128540373,43.6691,-42.1535,6
2726,STARLINK-2236,satellite,2,119,53.0728,42.116,116.561,48.8628,165.4237,6929.9756,545.8314,-5672.195438188382,-3716.930696949503,1392.8126163321028,762.5191506292647,6738.541343633222,1392.8126163321028,11.6762,83.544,4
2727,STARLINK-2237,satellite,2,174,53.0527,86.9502,77.9775,54.1864,132.1639,6925.0046,549.533,-3325.9519641776187,-4474.558203332141,4099.361329153295,-1318.9290362509764,5417.015209537258,4099.361329153295,36.4954,103.6841,4
2728,STARLINK-2241,satellite,2,174,53.0399,86.9892,77.0429,175.0265,252.0694,6920.6921,565.1757,3847.3275475038145,-2339.0920582345257,-5269.203262015014,-4257.051329049206,-1466.5588622752011,-5269.203262015014,-49.6603,-160.9911,4
2729,STARLINK-2249,satellite,2,174,53.0433,87.1742,110.6368,187.3501,297.987,6913.1454,554.3526,3830.478915725916,3063.0886360111,-4884.309328183451,-89.39854570720755,-4903.783092257096,-4884.309328183451,-45.0583,-91.0444,8
2730,STARLINK-2252,satellite,2,174,53.0421,86.9586,60.934,51.1403,112.0743,6921.2318,551.6875,-3986.961237900163,-2391.708118517327,5122.853387149752,705.955111626346,4595.405859885362,5122.853387149752,47.9505,81.2664,4
2731,STARLINK-2757,satellite,2,174,53.0386,86.9884,120.9186,311.0964,72.0151,6920.6734,552.018,-3838.578656510729,2340.885147320435,5257.494523507054,4252.843463615724,1458.681544802063,5257.494523507054,49.6388,18.9314,15
2732,STARLINK-3075,satellite,2,136,53.2023,174.4904,120.9701,312.1392,73.1093,6912.9692,544.7696,-2378.7740084681236,-3749.591714798548,5294.774702253797,-1366.0091819433271,4225.165408110781,5294.774702253797,50.1894,107.9162,4
2733,STARLINK-3147,satellite,2,136,53.1997,174.4702,57.2429,50.6949,107.9378,6913.1026,544.8418,1738.9199953156508,-4125.1495168410665,5264.4968250359125,-4284.825981741281,1296.521342900894,5264.4968250359125,49.7986,163.165,5
2734,STARLINK-3162,satellite,2,128,53.2245,164.4561,97.4403,50.7071,148.1474,6920.8214,540.2361,5073.029712627208,-3678.6116295902675,2922.8443649489154,-6070.604602088828,-1554.2116173974516,2922.8443649489154,25.142,-165.6395,9
2735,STARLINK-3157,satellite,2,128,53.2304,164.4724,113.7577,49.2432,163.0009,6923.1763,539.428,6048.77263925625,-2936.85544555104,1619.7654090336812,-6123.008819007737,-2778.764716889736,1619.7654090336812,13.625,-155.5903,9
2736,STARLINK-3146,satellite,2,136,53.214,174.4508,79.4742,53.6772,133.1514,6917.6524,541.8806,4413.597084935707,-3463.0096445469844,4038.945953899144,-5483.545123072217,-1184.4863484267366,4038.945953899144,35.9204,-167.811,5
2737,STARLINK-3159,satellite,2,128,53.234,164.483,134.2397,53.9314,188.1711,6923.9994,541.7589,6757.199760422636,-1265.1641471501655,-787.8555539259435,-5289.117245067375,-4391.540468835604,-787.8555539259435,-6.578,-140.2972,4
2738,STARLINK-3133,satellite,2,136,53.2354,174.4707,122.1099,50.986,173.0959,6924.106,540.1982,6788.054213095807,-1157.191501912878,666.2083498581218,-5225.739700610247,-4484.2409339255,666.2083498581218,5.5602,-139.3669,4
2739,STARLINK-3154,satellite,2,128,53.2288,164.149,75.7757,312.359,28.1347,6921.5946,539.822,-6399.1132391729725,-212.1505698293398,2611.92070817481,3923.6493873173818,5059.509224958648,2611.92070817481,22.3171,52.2064,5
2740,STARLINK-3111,satellite,2,136,53.2331,174.4866,133.9889,59.1821,193.1709,6923.6196,542.7932,6797.684439679915,292.0617047557569,-1263.1534177144417,-4116.712902982475,-5417.239948098006,-1263.1534177144417,-10.581,-127.2322,4
2741,STARLINK-3120,satellite,2,136,53.2012,174.4915,76.9403,176.1381,253.0784,6913.0351,557.7195,2386.6687004059904,3755.774673487915,-5303.755131514754,1365.7247992293167,-4235.189093332306,-5303.755131514754,-50.1769,-72.127,9
2742,STARLINK-3110,satellite,2,136,53.226,174.4992,103.5406,109.5998,213.1403,6920.5459,547.8305,5986.373454068236,1699.3728341327032,-3031.088685995111,-2515.652649572481,-5691.750777015806,-3031.088685995111,-26.1098,-113.8446,4
2743,STARLINK-3112,satellite,2,136,53.2257,174.3004,85.2881,307.7677,33.0558,6920.6235,540.5743,-5991.005935223118,-1671.2053970608024,3021.061114081585,2540.2856525437837,5677.325814018778,3021.061114081585,26.0465,65.8942,5
2744,STARLINK-3161,satellite,2,136,53.2042,174.8118,119.7958,307.821,67.6169,6913.7273,544.3541,-2966.91906082123,-3573.7801129383006,5117.016231186083,-855.0967186133608,4565.448785269011,5117.016231186083,47.9456,100.6084,4
2745,STARLINK-3135,satellite,2,136,53.199,174.4768,92.4385,180.584,273.0225,6912.0491,559.0608,35.26069197798069,4157.573365593301,-5536.084537540901,3176.666784517129,-2682.4331765833745,-5536.084537540901,-53.2624,-40.1783,4
2746,STARLINK-3139,satellite,2,136,53.2344,174.4758,47.6676,300.1268,347.7944,6923.658,542.7498,-6648.122894054361,1522.78490714678,-1172.0639957329254,5417.6886401614975,4143.073941670461,-1172.0639957329254,-9.8104,37.4063,4
2747,STARLINK-3114,satellite,2,136,53.2151,174.4534,105.8606,207.0752,312.9358,6917.6605,551.9204,-4400.16221394829,3476.4886491578277,-4059.0821215912056,5485.336607830818,1165.5398472693357,-4059.0821215912056,-36.0664,11.996,4
2748,STARLINK-3131,satellite,2,136,53.2346,174.4922,57.0932,310.6512,7.7444,6924.0291,539.9367,-6876.633360087889,102.53690586807792,746.7799748929518,4470.772247710527,5225.973181641866,746.7799748929518,6.2353,49.4533,4
2749,STARLINK-3121,satellite,2,136,53.203,174.3705,59.4287,53.7254,113.154,6913.872,544.2394,2330.889152354281,-4054.1940321173274,5088.130598770149,-4608.297421717145,795.6936367809674,5088.130598770149,47.5906,170.2036,4
2750,STARLINK-3138,satellite,2,136,53.2012,174.7746,73.6475,174.048,247.6955,6913.7593,556.8278,2966.0631689026363,3581.518026154595,-5128.933268303329,861.597548824573,-4569.732131914358,-5128.933268303329,-47.9784,-79.3225,10
2751,STARLINK-3153,satellite,2,136,53.2297,174.6417,104.8504,48.0654,152.9158,6921.7766,540.2693,5954.263084974298,-2451.5533451430088,2522.197131767126,-5689.216533952674,-3015.9870555042244,2522.197131767126,21.5107,-152.0709,9
2752,STARLINK-3158,satellite,2,128,53.2189,164.5003,79.4681,143.4758,222.9439,6918.5199,550.6451,5637.66910428519,1366.9530506320184,-3777.2578783478943,-2548.738784133333,-5211.123121007457,-3777.2578783478943,-33.2318,-116.0631,4
2753,STARLINK-3079,satellite,2,168,53.2185,154.5019,80.0079,143.0768,223.0847,6918.5253,550.7211,5782.1566686624155,379.11708306419223,-3787.224757762755,-3401.142142775,-4691.406785631387,-3787.224757762755,-33.3303,-125.9411,4
2754,STARLINK-3134,satellite,2,136,53.2275,174.6166,58.0217,274.8409,332.8626,6921.6615,546.0267,-5954.887753353224,2459.435546571637,-2528.8046393186814,5695.680717042002,3011.433634050773,-2528.8046393186814,-21.5509,27.8664,4
2755,STARLINK-3117,satellite,2,168,53.2315,154.4898,133.2865,64.6362,197.9227,6923.0869,543.8754,6491.925343476497,-1685.3808134554931,-1706.0444978596277,-5443.045543900534,-3919.037937895074,-1706.0444978596277,-14.3562,-144.2458,4
2756,STARLINK-3049,satellite,2,168,53.2304,154.4938,127.9161,75.2402,203.1563,6922.3582,545.0666,6444.822934654419,-1269.7777489695536,-2180.1774754787584,-5093.162889228762,-4148.224918517403,-2180.1774754787584,-18.4674,-140.8382,3
2757,STARLINK-3130,satellite,2,168,53.2058,154.497,71.8502,171.2525,243.1027,6914.4901,555.8057,4418.924291198445,1989.1227222886598,-4944.1473848113665,-1291.6182751911442,-4670.67696665708,-4944.1473848113665,-45.7514,-105.4581,4
2758,STARLINK-3044,satellite,2,168,53.203,154.3912,106.8242,190.9815,297.8058,6914.6532,555.9554,-1326.864028723529,4703.688236671963,-4903.813161478204,4466.836201950021,-1983.0848502964634,-4903.813161478204,-45.2739,-23.9392,3
2759,STARLINK-3105,satellite,2,168,53.1992,154.4665,100.158,182.8764,283.0344,6912.6007,558.1749,332.6373541620867,4318.860247711183,-5400.790917548568,3110.8501204131853,-3014.268232418794,-5400.790917548568,-51.4416,-44.0966,5
2760,STARLINK-3128,satellite,2,168,53.2314,154.4937,70.8671,312.0315,22.8986,6922.3988,539.5461,-6443.309094478432,1289.5243986998635,2155.54572296159,5107.390783965832,4134.448529331523,2155.54572296159,18.2666,38.9903,3
2761,STARLINK-3098,satellite,2,168,53.2099,154.4558,107.6204,195.485,303.1054,6915.2781,553.7734,-1913.7995444588807,4763.534244518207,-4643.6880717524145,4887.742494959972,-1569.6689135072816,-4643.6880717524145,-42.3076,-17.8041,4
2762,STARLINK-3136,satellite,2,168,53.2182,154.5002,94.7947,308.1188,42.9135,6918.5725,541.2957,-5783.157871959602,-364.22488233039985,3769.9766302973326,3413.240888892073,4682.66605378946,3769.9766302973326,33.2104,53.9113,5
2763,STARLINK-3126,satellite,2,168,53.219,154.4643,97.9268,219.8519,317.7787,6918.7175,550.5574,-3425.011828602688,4723.154271153655,-3725.833280906654,5821.830610005818,-381.0257781103856,-3725.833280906654,-32.7236,-3.7445,3
2764,STARLINK-3122,satellite,2,128,53.2183,164.8963,94.5179,308.0053,42.5232,6918.6199,541.3603,-5648.062893866457,-1373.5295928570397,3742.363269928948,2550.3163992012874,5223.321190534824,3742.363269928948,32.9362,63.9758,5
2765,STARLINK-3099,satellite,2,168,53.2316,154.4619,47.0405,295.889,342.9295,6923.1697,543.5872,-5445.046374180315,3949.3012181118224,-1627.365383098562,6516.49031855422,1667.5922932608066,-1627.365383098562,-13.6817,14.3541,4
2766,STARLINK-3115,satellite,2,128,53.2025,164.463,101.8698,186.1604,288.0302,6913.1405,557.6058,-1008.3267051811227,4373.247041268577,-5271.656283196357,4009.128007588827,-2017.152707930815,-5271.656283196357,-49.7654,-26.7088,4
2767,STARLINK-3127,satellite,2,128,53.2039,164.5317,73.6397,174.3992,248.039,6913.6944,556.9937,3521.103949129913,3016.0951716452155,-5141.716318030244,72.02799454537752,-4635.710848726613,-5141.716318030244,-48.1351,-89.1098,7
2768,STARLINK-3125,satellite,2,128,53.224,164.4526,68.3047,259.5614,327.8661,6920.8064,547.3993,-5056.040182918383,3694.5233097025016,-2948.908388728662,6071.997752392344,1530.9761958184715,-2948.908388728662,-25.3535,14.1514,4
2769,STARLINK-3150,satellite,2,128,53.2324,164.5344,72.272,310.4488,22.7208,6922.4,539.6734,-6574.450006792315,160.06105232978172,2139.7785072248166,4322.041938564558,4956.709181863861,2139.7785072248166,18.1281,48.9129,5
2770,STARLINK-3129,satellite,2,128,53.2228,164.5429,87.6147,235.0819,322.6966,6919.7315,549.0109,-4637.556611342522,3888.206744908562,-3360.09970435226,5953.762858693792,1085.2607230511455,-3360.09970435226,-29.1904,10.3305,4
2771,STARLINK-3160,satellite,2,128,53.233,164.4698,44.8052,303.0862,347.8914,6923.7248,542.4547,-6286.364206920155,2648.709809901754,-1162.8224962465963,6053.026984147243,3145.616462365046,-1162.8224962465963,-9.7327,27.4598,4
2772,STARLINK-3145,satellite,2,128,53.2032,164.493,123.2088,304.8184,68.0272,6913.6057,544.2098,-3517.835014503368,-3007.5556636044635,5131.751656201566,-67.54473621910634,4627.7415623124725,5131.751656201566,48.1295,90.8362,4
2773,STARLINK-3124,satellite,2,128,53.2351,164.5295,53.5658,309.0399,2.6057,6924.2653,540.1437,-6710.911263461309,1662.046426256738,251.96214898450899,5564.948959477353,4102.446999961923,251.96214898450899,2.1001,36.3974,4
2774,STARLINK-3132,satellite,2,128,53.197,164.4928,114.552,328.2522,82.8042,6912.183,545.429,-1932.0814827806746,-3726.0446744116584,5489.300804099609,-1633.177424943436,3866.403919725741,5489.300804099609,52.769,112.8993,4
2775,STARLINK-3156,satellite,2,128,53.2132,164.5013,100.9058,307.0457,47.9516,6917.4487,541.9154,-5282.721173472504,-1724.965555985129,4110.906298219584,2046.5606893364502,5166.646737570947,4110.906298219584,36.6616,68.391,5
2776,STARLINK-3141,satellite,2,128,53.1988,164.4633,56.8086,51.2958,108.1044,6913.1112,544.6627,1015.016701372677,-4366.075434771085,5259.335300849883,-4007.882243356723,2007.4246012149176,5259.335300849883,49.7341,153.3951,6
2777,STARLINK-3140,satellite,2,128,53.2125,164.4544,74.3441,53.8218,128.1659,6916.6369,542.5316,3242.8444202905343,-4280.130939530273,4352.297476822595,-5364.587076637876,238.25677514739073,4352.297476822595,39.1984,177.457,4
2778,STARLINK-3219,satellite,2,144,53.2032,94.681,61.3554,51.5349,112.8903,6913.8162,544.2356,-3581.316167964233,-2990.28119021497,5098.070075862531,-13.70905107380735,4665.556682047077,5098.070075862531,47.7129,90.1684,4
2779,STARLINK-3218,satellite,2,144,53.2352,94.5768,48.1242,304.58,352.7042,6924.0901,541.791,-23.40048873450067,6883.764250827939,-703.9661848068671,5311.892217206081,-4378.4196825607305,-703.9661848068671,-5.875,-39.4976,8
2780,STARLINK-3242,satellite,2,158,53.208,104.4998,71.001,167.0649,238.0659,6915.4264,554.8739,4323.593321969391,-2664.264967398752,-4705.069795875093,-4811.4414553551605,-1625.3609297557255,-4705.069795875093,-42.9903,-161.3344,4
2781,STARLINK-3240,satellite,2,158,53.2209,104.4993,89.6637,128.4242,218.0879,6919.5877,549.4015,3839.3269871076063,-4634.667270332618,-3420.1856098884673,-6018.350263481943,5.703215933687531,-3420.1856098884673,-29.7617,179.9457,8
2782,STARLINK-3251,satellite,2,158,53.1993,104.3708,79.3325,179.0862,258.4188,6912.3165,558.1828,4280.597397997192,-338.01968381705467,-5430.6609114438315,-2993.972669389895,-3077.96995523583,-5430.6609114438315,-51.8393,-134.2074,4
2783,STARLINK-3249,satellite,2,158,53.2086,104.6909,110.8611,306.9365,57.7975,6915.4859,543.1135,-4322.0876208333075,2674.512664297837,4683.384218367049,4818.3652550744,1617.6574613748871,4683.384218367049,42.8356,18.5583,15
2784,STARLINK-3246,satellite,2,158,53.2324,104.6475,66.5935,311.1606,17.7541,6923.1263,539.5257,-2887.0342834115195,6053.6785037879545,1689.4792336500943,6502.059896402358,-1644.7514962491994,1689.4792336500943,14.2231,-14.1957,4
2785,STARLINK-3252,satellite,2,158,53.2184,104.452,84.5804,53.5155,138.0959,6918.7856,541.4102,-1393.1068349578416,-5672.572780618446,3698.159791145321,-3475.2246151824547,4694.852764363277,3698.159791145321,32.4994,126.5096,7
2786,STARLINK-3238,satellite,2,144,53.2245,94.5238,83.3748,309.5247,32.8996,6920.6404,540.2712,-2699.329850422906,5610.022456793343,3008.22888651026,6040.793189370897,-1505.8390519441118,3008.22888651026,25.929,-13.9973,5
2787,STARLINK-3113,satellite,2,158,53.2353,104.3596,127.1051,51.0868,178.1919,6924.2415,540.4925,1588.438151268049,-6731.532295370206,174.87626705959622,-6194.288448377011,3076.922719588363,174.87626705959622,1.4574,153.5848,5
2788,STARLINK-3148,satellite,2,144,53.2111,94.3848,106.5474,306.4903,53.0376,6916.4134,542.5589,-3615.5159483412385,3891.0342226432385,4422.949325683001,5303.195964351584,297.01087215082583,4422.949325683001,39.959,3.2056,19
2789,STARLINK-3225,satellite,2,144,53.2338,94.487,61.5756,311.2684,12.8441,6923.6411,539.5837,-1445.1349962545605,6651.295375586545,1231.7837154259535,6041.024565786083,-3135.94762811302,1231.7837154259535,10.3203,-27.4342,4
2790,STARLINK-3143,satellite,2,144,53.2144,94.7043,73.2119,154.607,227.8188,6917.4812,552.2219,3442.83088528358,-4380.904922907284,-4108.505398945606,-5569.855604337601,148.73128468756656,-4108.505398945606,-36.5732,178.4704,9
2791,STARLINK-3155,satellite,2,158,53.199,104.4869,120.5798,317.3713,77.9511,6912.5274,545.1176,-4280.359686109126,383.9000784151538,5411.180758121181,3029.1250849219114,3048.4847929048624,5411.180758121181,51.716,45.1825,7
2792,STARLINK-3226,satellite,2,144,53.2014,94.4339,101.7132,186.045,287.7581,6913.1655,557.7564,3774.49645533965,2410.6607352298274,-5279.756341285598,-555.67734758462,-4444.02197982095,-5279.756341285598,-49.8677,-97.1272,5
2793,STARLINK-3244,satellite,2,144,53.2111,94.464,107.5288,200.2076,307.7364,6916.596,553.2899,2938.965329590826,4479.314627112629,-4384.488958039785,1569.7442238534534,-5122.272914330198,-4384.488958039785,-39.4705,-72.9621,13
2794,STARLINK-3202,satellite,2,144,53.2114,94.4977,70.148,162.9219,233.0699,6916.4184,553.6964,3630.1423098083937,-3886.9423457112534,-4431.965075170082,-5309.388689487621,-310.87896726096557,-4431.965075170082,-39.9791,-176.649,9
2795,STARLINK-3239,satellite,2,144,53.225,94.3885,71.3343,256.409,327.7433,6920.7737,547.5325,1757.256647927681,6005.55077511904,-2959.0520240589954,3498.875792471014,-5187.721969041832,-2959.0520240589954,-25.4463,-56.0022,13
2796,STARLINK-3231,satellite,2,144,53.2031,94.3873,74.2628,173.6314,247.8942,6913.7326,557.0293,4030.1690491274294,-2303.844734589627,-5136.449873363137,-4346.703719390991,-1629.7637563381884,-5136.449873363137,-48.0695,-159.4468,4
2797,STARLINK-3241,satellite,2,144,53.1988,94.4487,87.1337,180.6701,267.8039,6912.0471,558.9624,4152.435274066668,56.956945592608115,-5539.613685305173,-2608.19164675295,-3231.6093719341293,-5539.613685305173,-53.3122,-128.9066,4
2798,STARLINK-3233,satellite,2,144,53.2281,94.4564,103.3604,49.6787,153.0391,6921.7579,540.1529,-1392.3110383168143,-6291.0608867043575,2511.49091401235,-3951.64962548725,5089.247718968564,2511.49091401235,21.4153,127.8283,6
2799,STARLINK-3247,satellite,2,144,53.2247,94.4962,103.5447,109.45,212.9946,6920.6246,547.9316,2704.8553206059387,-5610.843404562162,-3019.2833493731964,-6044.953825409202,1502.111601912325,-3019.2833493731964,-26.0002,166.0452,11
2800,STARLINK-3248,satellite,2,144,53.2276,94.0328,58.6147,274.5765,333.1912,6921.7637,546.0632,1429.659789220532,6293.592908160735,-2500.5028666234007,3929.7445994320215,-5119.604104791702,-2500.5028666234007,-21.298,-52.4906,12
2801,STARLINK-3250,satellite,2,144,53.2149,94.7426,100.4622,307.1295,47.5917,6917.5556,541.8729,-3431.2760838627582,4393.204207170003,4087.651742641349,5571.940049506174,-165.4776549685856,4087.651742641349,36.4215,-1.7011,16
2802,STARLINK-3236,satellite,2,144,53.2027,94.504,119.9848,307.7977,67.7825,6913.7282,544.3002,-4025.4342474790665,2304.0827476623563,5122.921738336068,4343.862909968288,1625.9683909149371,5122.921738336068,48.0192,20.5216,13
2803,STARLINK-3229,satellite,2,144,53.2347,94.3952,122.7743,50.4686,173.2429,6924.076,540.1024,40.7228754164821,-6887.12869454221,652.0706667735683,-5325.5443220690495,4367.239137194914,652.0706667735683,5.4419,140.6464,5
2804,STARLINK-3209,satellite,2,123,53.2326,84.4726,47.1671,295.4366,342.6037,6923.1527,543.7179,1868.8682786647323,6454.06862139994,-1657.513791565777,3772.7205919530807,-5560.058430249793,-1657.513791565777,-13.9399,-55.8415,12
2805,STARLINK-3200,satellite,2,144,53.1981,94.4741,76.5505,16.4665,93.017,6912.0301,545.3174,-4092.584873224125,-685.0232279476672,5525.0583112927825,2086.6802159313756,3586.6800029848437,5525.0583112927825,53.2622,59.8098,4
2806,STARLINK-3193,satellite,2,123,53.2252,84.5608,71.2864,256.5613,327.8477,6920.7476,547.5115,2750.795656112971,5624.785095238254,-2950.511570291663,2571.343100546589,-5709.052352937032,-2950.511570291663,-25.3678,-65.7533,14
2807,STARLINK-3210,satellite,2,144,53.2271,94.5453,76.5246,311.1579,27.6825,6921.6098,539.8097,-2402.3696277778695,5951.792783057374,2573.256015214767,6114.121631145974,-1952.6222984684766,2573.256015214767,21.9697,-17.7115,3
2808,STARLINK-3207,satellite,2,123,53.2016,84.4633,102.1656,185.7737,287.9392,6913.1481,557.6822,4132.833965612727,1741.8361449244958,-5274.367046419563,-1299.1852080955277,-4292.6014883929565,-5274.367046419563,-49.7994,-106.8388,4
2809,STARLINK-3197,satellite,2,123,53.222,84.4639,86.4023,236.2943,322.6966,6919.7501,549.0346,3031.1159713012207,5238.123254284756,-3360.071869408276,2094.7819162773044,-5677.806617153638,-3360.071869408276,-29.19,-69.7489,13
2810,STARLINK-3194,satellite,2,123,53.203,84.4924,76.2387,171.8357,248.0743,6913.6783,556.8781,3581.039588453123,-2942.428247643841,-5142.844005828004,-4551.23987398254,-876.3242185814042,-5142.844005828004,-48.1501,-169.1013,7
2811,STARLINK-3204,satellite,2,123,53.2123,84.4526,107.6357,200.3127,307.9484,6916.6213,553.3147,3665.4599962396055,3921.2759549373327,-4372.017767170548,676.3549174221656,-5324.8986961707915,-4372.017767170548,-39.3366,-82.7612,11
2812,STARLINK-3199,satellite,2,123,53.2271,84.4973,117.5356,90.5778,208.1134,6921.5286,546.4914,1358.0975156446905,-6264.0403738148,-2612.565752070365,-5687.450123123598,2955.5949931889354,-2612.565752070365,-22.3001,152.5405,15
2813,STARLINK-3203,satellite,2,123,53.1977,84.479,87.3829,180.5287,267.9116,6912.0605,559.344,4101.46536944189,-649.9283292426294,-5540.227446671577,-3119.5758807493135,-2740.925269709184,-5540.227446671577,-53.3165,-138.6968,4
2814,STARLINK-3195,satellite,2,123,53.2338,84.4688,120.1306,47.9389,168.0695,6923.6977,539.8131,-1504.2813732463871,-6653.926847926248,1145.5472540756941,-4159.357569341546,5407.157252920518,1145.5472540756941,9.5905,127.5686,5
2815,STARLINK-3198,satellite,2,123,53.2149,84.4995,74.3844,153.7095,228.0939,6917.456,552.251,2627.7973371504045,-4898.236855306409,-4126.339613401422,-5447.400106140965,1106.2889403009394,-4126.339613401422,-36.7574,168.5202,13
2816,STARLINK-3227,satellite,2,123,53.236,84.49,130.4011,52.5152,182.9163,6924.2439,541.0311,-453.79486502288,-6898.473272069309,-282.00973253213846,-5018.442140681808,4755.008069983138,-282.00973253213846,-2.3504,136.544,4
2817,STARLINK-3190,satellite,2,123,53.1996,84.4758,57.9946,44.8245,102.8191,6912.5996,544.9913,-4165.007086847307,-1137.5029210500356,5395.170081673199,1784.7578911493122,3931.3911276882527,5395.170081673199,51.5039,65.5831,4
2818,STARLINK-3192,satellite,2,123,53.2246,84.4546,96.6064,51.4817,148.0881,6920.8469,540.4023,-2745.2670829571566,-5630.681373276546,2927.7792184880204,-2579.4111042794775,5708.563955956985,2927.7792184880204,25.1867,114.3158,5
2819,STARLINK-3196,satellite,2,123,53.2027,84.4938,118.7556,309.1744,67.93,6913.7327,544.1636,-3569.1411288833483,2952.6429658732886,5128.17195647619,4551.500795972764,860.6447502117308,5128.17195647619,48.0856,10.7077,20
2820,STARLINK-3208,satellite,2,123,53.2047,84.545,116.1108,306.572,62.6828,6914.6067,543.8036,-3359.6526111570856,3506.87997242103,4917.083861774848,4844.184170902857,345.47435070718024,4917.083861774848,45.5325,4.0793,20
2821,STARLINK-3191,satellite,2,123,53.2304,84.5426,71.9934,310.6762,22.6696,6922.4306,539.6913,-981.3907448263408,6504.306954686756,2135.157817485817,5631.741640286525,-3398.914952139896,2135.157817485817,18.0876,-31.1122,4
2822,STARLINK-3201,satellite,2,123,53.2275,84.4964,77.5102,310.3732,27.8834,6921.58,539.8647,-1340.8386639240146,6269.668590558794,2590.459400306798,5680.75830509448,-2972.469955645155,2590.459400306798,22.124,-27.6209,4
2823,STARLINK-3297,satellite,2,141,53.2055,204.5071,72.355,170.5834,242.9384,6914.4956,555.8917,1334.1883613384312,4666.443173446775,-4937.000597687853,2738.6531067567753,-4006.9351923122495,-4937.000597687853,-45.666,-55.6482,12
2824,STARLINK-3304,satellite,2,141,53.234,204.4834,133.4463,54.7304,188.1766,6923.9632,541.9008,5989.399273535777,3374.697749730494,-788.4004420705588,-1228.449256958906,-6764.052112672111,-788.4004420705588,-6.5824,-100.2935,4
2825,STARLINK-3306,satellite,2,140,53.1994,184.4566,96.1678,181.8663,278.034,6912.2211,558.8145,-1283.817535638065,4019.079516584814,-5489.3960114100755,3912.5483485465415,-1578.9721484969723,-5489.3960114100755,-52.625,-21.9773,4
2826,STARLINK-3298,satellite,2,141,53.1993,204.4811,88.1896,179.7762,267.9658,6912.0468,559.0193,-1493.8970722273893,3873.9773579676908,-5540.270607333604,3935.0651964314397,-1324.6474747229508,-5540.270607333604,-53.3207,-18.6046,4
2827,STARLINK-3305,satellite,2,161,53.2358,194.4083,127.4939,50.5548,178.0487,6924.1865,540.3507,6732.065932064999,1583.957932984365,188.72459500775676,-3080.710991908971,-6191.837710362371,188.72459500775676,1.5728,-116.4524,4
2828,STARLINK-3271,satellite,2,141,53.2076,204.4653,108.7802,194.0038,302.7839,6915.5653,554.6336,-4855.721326235237,1620.4458417081569,-4660.986806995537,4348.091286656623,2701.4767233618168,-4660.986806995537,-42.4951,31.8528,4
2829,STARLINK-3301,satellite,2,161,53.2213,194.4534,86.9083,236.0917,323.0,6919.7964,549.0134,-5975.855110094947,1035.4541021523835,-3336.6677360954372,4613.340777830818,3937.0161749877825,-3336.6677360954372,-28.9677,40.4774,3
2830,STARLINK-3245,satellite,2,161,53.2294,194.4938,125.3978,77.7887,203.1865,6922.3288,545.3239,5751.529517651792,3171.6816491805284,-2182.9073443606326,-1232.747598990694,-6451.355643068443,-2182.9073443606326,-18.4906,-100.8179,4
2831,STARLINK-3286,satellite,2,161,53.2096,194.4547,69.6524,53.4276,123.08,6915.6858,543.1195,4518.757907421141,-2416.899027769495,4637.8542333958585,-4745.742278244209,-1933.5211829198258,4637.8542333958585,42.3226,-157.8329,4
2832,STARLINK-3287,satellite,2,161,53.2052,194.4952,72.8761,170.2623,243.1384,6914.4695,556.1263,2102.704830252873,4364.538327615589,-4945.894949768214,2015.5168113150585,-4405.480041913777,-4945.894949768214,-45.7694,-65.4158,11
2833,STARLINK-3289,satellite,2,140,53.2271,184.2772,119.604,86.439,206.043,6916.1137,540.4042,6060.802877564139,2276.090527693019,-2432.19180766331,-2119.413095788616,-6117.353001122572,-2432.19180766331,-20.7073,-109.1091,4
2834,STARLINK-3292,satellite,2,176,53.2041,190.1069,118.8088,306.1079,64.9168,6914.1706,544.0479,-2226.4116600256266,-4204.979228704162,5012.180509816802,-1813.7312794216982,4398.765513161487,5012.180509816802,46.6672,112.4077,2
2835,STARLINK-3291,satellite,2,161,53.2359,194.4797,130.6371,52.4357,183.0728,6924.2469,541.0825,6634.2650345135735,1942.4966477717376,-297.127850878309,-2742.3590472741885,-6345.5679517760445,-297.127850878309,-2.4765,-113.3725,4
2836,STARLINK-3293,satellite,2,161,53.2012,194.4652,99.2959,183.7446,283.0405,6912.6187,558.2697,-2521.8734997189244,3521.9003460171766,-5400.872931078675,4320.681098965114,-308.77635418875553,-5400.872931078675,-51.4417,-4.0877,4
2837,STARLINK-3282,satellite,2,161,53.2199,194.4997,79.859,143.0805,222.9395,6918.597,550.8273,4199.4595749511645,4002.516961572501,-3777.0997331000704,397.8212200814012,-5787.688746483999,-3777.0997331000704,-33.2292,-86.0679,10
2838,STARLINK-3283,satellite,2,161,53.1987,194.4823,84.6095,178.3708,262.9804,6912.2124,558.8566,-210.1899890998122,4197.156301092178,-5502.187700809928,3363.8862217294236,-2518.8430547722687,-5502.187700809928,-52.799,-36.8255,4
2839,STARLINK-3265,satellite,2,161,53.2301,194.4695,50.0544,287.55,337.6044,6922.5172,544.8825,-6590.434562857985,-70.49391143190162,-2112.276710509281,4154.842352408537,5116.256653598837,-2112.276710509281,-17.8733,50.9204,3
2840,STARLINK-3285,satellite,2,161,53.2323,194.5005,66.9506,310.7936,17.7442,6923.0936,539.715,-6061.754770796221,-2871.0083346770784,1688.611131072218,1662.2412458654858,6498.039227305384,1688.611131072218,14.2152,75.6511,4
2841,STARLINK-3277,satellite,2,161,53.2237,194.3002,91.4117,51.8018,143.2135,6919.8505,540.7258,5977.867301073162,-1034.2612925322017,3316.2895230721088,-4613.7080477038735,-3939.326330861994,3316.2895230721088,28.8123,-139.5083,4
2842,STARLINK-3281,satellite,2,161,53.219,194.5,96.3144,306.6341,42.9485,6918.5441,541.4463,-4192.905111631454,-3997.441352788022,3772.5684141253073,-398.1017325243266,5779.403572574426,3772.5684141253073,33.2353,93.9405,4
2843,STARLINK-3279,satellite,2,161,53.2322,194.5014,47.3003,295.6101,342.9104,6923.176,543.6539,-6709.113061335052,-477.86998966676566,-1629.1583019150426,3917.16885713159,5467.755109870879,-1629.1583019150426,-13.697,54.3817,2
2844,STARLINK-3274,satellite,2,141,53.2003,204.4641,102.6961,185.3234,288.0195,6913.1537,557.5763,-3582.5844647469817,2702.8006696095854,-5271.8032574500285,4367.836923304517,1030.5549563735879,-5271.8032574500285,-49.7676,13.2757,4
2845,STARLINK-3272,satellite,2,140,53.2214,184.4465,87.8674,53.3403,141.2077,6918.757,540.6766,5573.297593482086,-2167.6559599623333,3469.1309785976496,-5227.452314824648,-2904.1557676040493,3469.1309785976496,30.2732,-150.9453,9
2846,STARLINK-3268,satellite,2,140,53.2309,184.4935,133.6564,64.5421,198.1985,6923.0185,543.7824,6452.840421116729,1804.8738149566086,-1731.3704592248062,-2732.387901499626,-6118.069576594598,-1731.3704592248062,-14.5741,-114.066,4
2847,STARLINK-3273,satellite,2,141,53.2256,204.4535,97.3781,50.7418,148.1198,6920.8043,540.4335,6250.005763172686,440.4063405381277,2925.2265216652854,-3652.7803305178304,-5090.552587043967,2925.2265216652854,25.1631,-125.6617,28
2848,STARLINK-3259,satellite,2,140,53.2201,184.499,92.1037,126.0105,218.1142,6919.5442,549.1469,5228.686874910298,2977.4526380064485,-3422.0232141943548,-1048.281929696812,-5924.9890838128895,-3422.0232141943548,-29.7805,-100.0333,4
2849,STARLINK-3261,satellite,2,140,53.2302,184.4607,108.1774,49.9818,158.1592,6922.5252,539.6535,6519.810863210926,-1036.2020748565005,2061.0181910972133,-4961.322360739678,-4355.103771990352,2061.0181910972133,17.4394,-138.723,4
2850,STARLINK-3266,satellite,2,140,53.2348,184.4754,127.989,50.1926,178.1816,6924.2236,540.3205,6904.128963795482,408.5789152024942,175.86723675237693,-4095.037257931343,-5573.562894129918,175.86723675237693,1.4657,-126.3057,4
2851,STARLINK-3267,satellite,2,140,53.1998,184.4863,80.9862,177.0997,258.0859,6912.5019,558.4425,1107.5091100482177,4157.3497219150395,-5424.366260427886,2491.686116073603,-3507.3684491528534,-5424.366260427886,-51.7524,-54.6095,6
2852,STARLINK-3264,satellite,2,140,53.2315,184.457,46.0325,291.9284,337.9609,6922.5056,544.4571,-6516.347614389557,1051.244841347892,-2080.276311308748,4970.685671160937,4342.831554013622,-2080.276311308748,-17.5949,41.1433,4
2853,STARLINK-3270,satellite,2,140,53.1994,184.4874,121.2576,316.7868,78.0444,6912.5004,545.1571,-1110.2314686094992,-4149.197260852004,5413.104735526609,-2483.6742491540854,3504.256561303904,5413.104735526609,51.7414,125.3275,6
2854,STARLINK-3235,satellite,2,140,53.2182,184.4135,97.8308,220.1399,317.9707,6918.7394,550.399,-5340.255000613185,2371.1373849471906,-3711.9474527867005,5235.191661368421,2594.876536293565,-3711.9474527867005,-32.5876,26.3658,4
2855,STARLINK-3256,satellite,2,140,53.1979,184.4703,61.4373,36.6707,98.108,6912.2058,545.4486,1291.0565414759053,-4009.722685449205,5477.693816388453,-3909.9717224855426,1567.4259589713165,5477.693816388453,52.6102,158.1552,5
2856,STARLINK-3257,satellite,2,140,53.1988,184.5621,91.6231,181.2057,272.8289,6911.9959,558.9263,-670.0847595791602,4102.015639249056,-5536.914204073689,3584.396136046126,-2104.19823913093,-5536.914204073689,-53.2753,-30.4148,4
2857,STARLINK-3254,satellite,2,140,53.2115,184.5087,105.7654,306.9719,52.7373,6916.475,542.7205,-3913.1777071849892,-3613.2300634989424,4405.608059338354,-281.10963003707604,5318.77510670291,4405.608059338354,39.7704,93.0254,4
2858,STARLINK-3260,satellite,2,168,53.2325,154.4882,65.4298,312.3268,17.7566,6923.087,539.4318,-6488.343138270727,1697.4612876606986,1689.6908240430778,5450.053444120824,3908.56610015467,1689.6908240430778,14.2251,35.6466,4
2859,STARLINK-3323,satellite,2,158,53.1984,104.469,96.6224,181.437,278.0594,6912.2227,558.8845,3733.7856832898315,1965.9511127430196,-5489.037754835346,-871.8737452493443,-4128.674784816613,-5489.037754835346,-52.6193,-101.9243,4
2860,STARLINK-3333,satellite,2,158,53.2059,104.458,108.6046,189.3592,297.9638,6914.7042,555.8597,2735.9756390623184,4058.0163079394174,-4896.802174116861,1375.204474999102,-4697.006674999213,-4896.802174116861,-45.1923,-73.6809,11
2861,STARLINK-3335,satellite,2,158,53.2187,104.4541,98.4641,219.4878,317.9518,6918.7403,550.4756,1405.1114349838358,5670.6882302620825,-3713.370853996617,3466.1075541079763,-4702.886514993836,-3713.370853996617,-32.6012,-53.6092,15
2862,STARLINK-3355,satellite,2,158,53.2352,104.4758,49.7244,308.1628,357.8872,6924.233,540.8275,-1580.527274473822,6732.903226320123,-204.34640463077062,6190.290950124185,-3083.8855804258014,-204.34640463077062,-1.7029,-26.4816,7
2863,STARLINK-3232,satellite,2,158,53.2302,104.4612,51.7846,286.1126,337.8972,6922.5154,544.8833,-91.86320804130395,6598.564034428975,-2086.077109738585,5136.159995283794,-4143.591035357809,-2086.077109738585,-17.6444,-38.8948,12
2864,STARLINK-3338,satellite,2,158,53.2318,104.5958,131.9069,66.143,198.0499,6923.0628,543.9047,2900.3166272997114,-6044.319937315355,-1717.7621396211118,-6503.341609397404,1628.5539458978474,-1717.7621396211118,-14.4568,165.9412,6
2865,STARLINK-3324,satellite,2,151,53.2355,114.482,130.345,52.7775,183.1225,6924.2095,541.0758,3068.395367070376,-6194.249435791846,-301.9319733223775,-6726.056145921539,1594.9748974130118,-301.9319733223775,-2.5165,166.6596,4
2866,STARLINK-3234,satellite,2,151,53.2088,114.4557,69.0228,54.057,123.0798,6915.6521,543.085,-1595.495000895245,-4869.809445296137,4637.794987885107,-2728.252559942443,4337.889613688284,4637.794987885107,42.3222,122.1672,7
2867,STARLINK-3341,satellite,2,151,53.2215,114.4547,90.9947,52.1198,143.1145,6919.8416,540.8289,27.55487591928728,-6062.543632596667,3323.8965597586675,-4682.629276742585,3850.737283289854,3323.8965597586675,28.8841,140.568,8
2868,STARLINK-3336,satellite,2,151,53.2056,114.4965,71.6714,171.3545,243.026,6914.5314,556.0511,4664.990700648462,-1325.323577975786,-4940.959045137988,-3999.186237536132,-2743.197087519736,-4940.959045137988,-45.7116,-145.5523,3
2869,STARLINK-3327,satellite,2,151,53.2299,114.4966,125.7683,77.3459,203.1142,6922.3445,545.2558,4119.484638599429,-5118.279414388717,-2176.4730426463516,-6569.409276459835,98.99297841479954,-2176.4730426463516,-18.4344,179.1367,5
2870,STARLINK-3339,satellite,2,151,53.209,114.4561,109.2584,193.628,302.8865,6915.6098,554.585,1613.1367752216659,4863.203266657556,-4655.679062148163,2711.9020095868123,-4347.245536980892,-4655.679062148163,-42.4359,-58.0432,13
2871,STARLINK-3346,satellite,2,151,53.1984,114.3675,111.6414,331.445,83.0864,6912.1697,545.354,-4086.39612708026,-937.775102383305,5492.671896124444,1888.2391263912725,3743.3418828142976,5492.671896124444,52.8159,63.2324,4
2872,STARLINK-3343,satellite,2,151,53.233,114.465,45.4502,297.3497,342.7998,6923.1958,543.5119,-1622.892840793488,6524.664545295297,-1639.363722057743,6057.112042204581,-2918.290991233139,-1639.363722057743,-13.7847,-25.7246,6
2873,STARLINK-3334,satellite,2,151,53.233,114.4659,114.2795,48.8658,163.1454,6923.2141,539.6254,1648.8862618059063,-6522.249069210065,1606.5022418831436,-6071.85448526673,2896.7467847449325,1606.5022418831436,13.511,154.4952,5
2874,STARLINK-3332,satellite,2,151,53.222,114.4536,84.4801,238.436,322.9161,6919.8038,548.7385,-11.098995788247608,6061.04777796323,-3343.0319493820753,4670.968429710542,-3862.4444699060655,-3343.0319493820753,-29.0294,-39.5875,12
2875,STARLINK-3329,satellite,2,151,53.1989,114.4844,84.2493,178.7869,263.0362,6912.1988,559.0159,4094.607045327387,942.2868660845286,-5502.982848231636,-1890.011430055515,-3752.5415637804176,-5502.982848231636,-52.8081,-116.7326,4
2876,STARLINK-3290,satellite,2,151,53.23,114.3522,48.0352,289.6786,337.7138,6922.4931,544.5847,-1209.25481596517,6481.839905564335,-2102.4029395500393,5759.982631756812,-3209.2282332612444,-2102.4029395500393,-17.7878,-29.1248,9
2877,STARLINK-3294,satellite,2,151,53.2171,114.5025,79.2998,143.7288,223.0286,6918.5661,550.884,4672.540767897966,-3431.716345774042,-3783.2878187860642,-5624.843946292346,-1403.7253596696228,-3783.2878187860642,-33.2903,-165.9876,6
2878,STARLINK-3278,satellite,2,131,53.2119,124.4555,73.8678,54.1996,128.0674,6916.6628,542.5531,-275.90488663131293,-5358.031169280662,4358.143596684304,-3946.7087155718814,3634.296607581594,4358.143596684304,39.2609,137.3598,7
2879,STARLINK-3299,satellite,2,151,53.2045,114.5636,116.7762,306.1491,62.9252,6914.4772,543.8445,-4659.907316228215,1328.7116345088587,4927.7672123320635,3998.5467085074692,2737.121667628337,4927.7672123320635,45.6587,34.3928,8
2880,STARLINK-3328,satellite,2,131,53.2085,124.5051,67.6857,55.173,122.8587,6915.596,543.2463,-741.121033117074,-5060.0890213452885,4649.47224039749,-3420.3292483862137,3801.9875226388417,4649.47224039749,42.4522,131.9751,7
2881,STARLINK-3331,satellite,2,131,53.227,124.5023,117.3479,90.7188,208.0667,6921.5319,546.4947,5066.222837060076,-3928.996672752744,-2608.5775362091126,-6258.924591230732,-1389.0614279211625,-2608.5775362091126,-22.2643,-167.487,5
2882,STARLINK-3310,satellite,2,131,53.2352,124.6012,132.7885,55.1499,187.9384,6924.0271,541.7707,4362.561211503662,-5316.336225515261,-765.5794681982611,-6877.0555787179555,38.44156690864368,-765.5794681982611,-6.3912,179.6797,5
2883,STARLINK-3330,satellite,2,131,53.209,124.2332,109.1115,193.7855,302.897,6915.6072,554.3815,762.8903992778548,5067.008760115345,-4654.990689724081,3411.750523928337,-3823.1581053980335,-4654.990689724081,-42.4297,-48.2546,7
2884,STARLINK-3318,satellite,2,151,53.218,114.4987,92.8106,310.1157,42.9263,6918.5509,540.9477,-4664.143459994324,3437.0258288042282,3770.6847822122563,5623.566434234779,1393.8727786362501,3770.6847822122563,33.2193,13.9209,11
2885,STARLINK-3320,satellite,2,131,53.2109,124.4548,108.7869,199.235,308.0219,6916.6464,553.1088,280.5725212901372,5363.8279675023205,-4367.443118161961,3948.1882001928534,-3641.5904959949976,-4367.443118161961,-39.289,-42.6867,8
2886,STARLINK-3295,satellite,2,131,53.2244,124.4556,73.4206,254.4523,327.8729,6920.7961,547.6533,-1499.3383398497472,6080.386009211439,-2948.479543862844,5636.33671842354,-2729.61863177041,-2948.479543862844,-25.3485,-25.8404,6
2887,STARLINK-3300,satellite,2,131,53.1973,124.4793,87.793,180.2034,267.9964,6912.0392,559.1328,3553.9665335829914,2147.0367829933966,-5540.321070951877,-617.6868296850976,-4105.9600643196845,-5540.321070951877,-53.3201,-98.5552,5
2888,STARLINK-3302,satellite,2,131,53.2336,124.4676,46.6872,301.2598,347.947,6923.7016,542.5921,-3116.946798077922,6069.002669511898,-1157.5931881665213,6660.688897895374,-1477.6244956158712,-1157.5931881665213,-9.6883,-12.5081,4
2889,STARLINK-3326,satellite,2,131,53.2152,124.503,100.9849,306.8555,47.8404,6917.5009,541.7883,-5156.651867410495,2085.4155811114056,4103.752932628251,4898.072203498332,2636.0776386380116,4103.752932628251,36.5884,28.2885,8
2890,STARLINK-3230,satellite,2,131,53.2334,124.4688,118.1394,50.0108,168.1502,6923.6984,539.825,3130.556225992093,-6062.58539326382,1137.9074019796751,-6664.442784381441,1463.0537612882924,1137.9074019796751,9.5259,167.6182,4
2891,STARLINK-3308,satellite,2,131,53.2347,124.5998,55.3894,312.381,7.7704,6924.0496,539.793,-4352.875577876758,5324.035404791515,749.2594295487853,6876.794090119032,-50.811711774212476,749.2594295487853,6.2563,-0.4233,5
2892,STARLINK-3315,satellite,2,131,53.1977,124.4793,95.9576,352.0656,88.0232,6911.996,545.482,-3545.1532611153116,-2145.4835476521243,5529.515725828966,613.2532823523612,4098.186392750643,5529.515725828966,53.3221,81.4894,4
2893,STARLINK-3311,satellite,2,131,53.2262,124.4968,77.9472,309.9585,27.9056,6921.5772,540.0204,-5057.85908226305,3939.141491679363,2592.371864530466,6261.389222478553,1376.1465009693397,2592.371864530466,22.1407,12.3956,5
2894,STARLINK-3312,satellite,2,123,53.2352,84.4831,57.4295,310.4584,7.8879,6924.0258,539.8427,93.1810024910799,6875.155613403193,760.5286998510695,5230.811376192529,-4462.629242322231,760.5286998510695,6.3507,-40.4689,6
2895,STARLINK-3314,satellite,2,131,53.2254,124.3813,96.4078,51.748,148.1558,6920.8521,540.471,1514.4831462862683,-6081.174731063196,2922.286833754055,-5646.616099869805,2718.4686738672926,2922.286833754055,25.1359,154.2923,5
2896,STARLINK-3366,satellite,2,143,53.237,234.4829,54.4174,308.4431,2.8605,6924.2376,540.4543,-3846.0975914326505,-5744.341203882093,276.60181499659376,-1963.8075497035313,6628.226192366177,276.60181499659376,2.3055,106.5035,4
2897,STARLINK-3350,satellite,2,143,53.2235,234.4521,93.0371,50.0621,143.0992,6919.8404,540.6036,5236.483593413366,3053.4548178974874,3325.051654029838,-994.778959703709,-5979.528540809847,3325.051654029838,28.8961,-99.4455,92
2898,STARLINK-3176,satellite,2,143,53.1971,234.4834,84.8395,178.1975,263.037,6912.1752,559.035,-2863.5101062921435,3074.969386384756,-5502.878961678245,4194.966508308132,239.54717742808865,-5502.878961678245,-52.8065,3.2682,4
2899,STARLINK-3362,satellite,2,143,53.2324,234.4619,113.502,49.6424,163.1444,6923.2046,539.5131,4824.293415138028,4688.607805940631,1606.5502613243548,526.6971022971729,-6706.671326053134,1606.5502613243548,13.5116,-85.5096,22
2900,STARLINK-3358,satellite,2,143,53.2055,234.4482,116.2497,306.7407,62.9904,6914.516,543.7865,1175.5155990966368,-4697.7740717508,4930.639233253901,-4365.624254170132,2095.767884173983,4930.639233253901,45.6933,154.3561,6
2901,STARLINK-3344,satellite,2,143,53.2166,234.4785,80.0854,143.0247,223.1102,6918.5183,550.7928,630.6385622762673,5759.082802907097,-3788.9721564031397,4028.7552421179225,-4163.396561231886,-3788.9721564031397,-33.3473,-45.9416,12
2902,STARLINK-3173,satellite,2,143,53.2325,234.4668,47.9363,294.9627,342.8989,6923.1888,543.6973,-4835.565325839439,-4674.9263110269585,-1630.2348186633965,-508.970423727518,6706.606976837351,-1630.2348186633965,-13.7061,94.3399,4
2903,STARLINK-3374,satellite,2,143,53.2059,234.4681,70.703,167.1884,237.8915,6915.4559,554.7966,-719.7254343439581,5035.755593243909,-4695.96294385688,4334.597991561387,-2662.3484646606457,-4695.96294385688,-42.8879,-31.5586,4
2904,STARLINK-3372,satellite,2,143,53.199,234.4679,99.1186,183.8702,282.9888,6912.6219,558.4645,-4193.187465836227,1082.2954193038217,-5401.9907075075425,3510.8552626450205,2535.3658164158155,-5401.9907075075425,-51.4545,35.835,4
2905,STARLINK-3375,satellite,2,143,53.2347,234.4769,130.0453,53.0916,183.1369,6924.2048,541.0043,3829.749341537618,5754.560466757992,-303.3137809860699,1982.1121808840528,-6622.173169509601,-303.3137809860699,-2.5281,-73.3368,7
2906,STARLINK-3397,satellite,2,143,53.2209,234.4562,86.0257,236.8896,322.9153,6919.7947,548.9973,-5243.586183559781,-3040.375340689259,-3343.1707120926912,1009.3795920576844,5976.640453953024,-3343.1707120926912,-29.0295,80.4139,4
2907,STARLINK-3243,satellite,2,143,53.199,234.4596,80.9849,176.8957,257.8806,6912.5294,558.4877,-2454.6384232609394,3539.8675797430365,-5420.228422701343,4291.565844130713,-371.9877371035337,-5420.228422701343,-51.6968,-4.9539,4
2908,STARLINK-3391,satellite,2,143,53.1989,234.3552,58.9872,44.137,103.1242,6912.6022,545.1566,4190.4823139320515,-1074.23414414425,5388.660817944613,-3502.9245511345125,-2538.432707180106,5388.660817944613,51.4157,-144.0706,17
2909,STARLINK-3394,satellite,2,143,53.2094,234.456,109.9282,192.6853,302.6135,6915.7522,555.0714,-5011.075028814485,-1005.8749749097244,-4670.284319000143,2426.3983070428076,4498.360664190626,-4670.284319000143,-42.5963,61.6577,4
2910,STARLINK-3398,satellite,2,143,53.1972,234.4801,73.6032,24.2143,97.8175,6912.1979,545.3858,3883.986323783567,-1617.672118121373,5481.468030417339,-3725.3428705649385,-1955.513574950596,5481.468030417339,52.6624,-152.304,8
2911,STARLINK-3399,satellite,2,143,53.2314,234.5018,66.1407,311.4765,17.6172,6923.1132,539.4868,-2807.6995243171996,-6094.348153141256,1676.8421299366798,-2896.3218420343387,6052.732921408484,1676.8421299366798,14.1146,115.5718,5
2912,STARLINK-3392,satellite,2,143,53.2091,234.4552,70.2554,52.8363,123.0917,6915.5925,543.1017,5015.445708147147,1054.3866935918984,4637.200513739158,-2391.860715143359,-4532.706616399212,4637.200513739158,42.3154,-117.8201,73
2913,STARLINK-3389,satellite,2,149,53.203,244.4946,74.8008,173.24,248.0408,6913.7553,557.1026,-2356.502180253761,3992.805349683929,-5141.805166147922,4577.4179761839505,-736.7779565875702,-5141.805166147922,-48.1352,-9.1439,4
2914,STARLINK-3387,satellite,2,149,53.2083,244.4659,107.9546,194.7534,302.708,6915.5559,554.6443,-4760.5773489865605,-1871.6926815969641,-4665.003522143344,1600.1810063123698,4858.574990371629,-4665.003522143344,-42.5402,71.7706,4
2915,STARLINK-3386,satellite,2,149,53.1996,244.4944,84.6232,178.1795,262.8027,6912.2095,559.0354,-3340.25739502468,2554.723851997126,-5500.277548181118,4099.128113422305,938.659754506919,-5500.277548181118,-52.7709,12.8978,4
2916,STARLINK-3370,satellite,2,149,53.1988,244.4769,99.2184,183.5842,282.8026,6912.6077,558.468,-4310.741846292279,358.1293831457549,-5405.9890559820715,3028.6989965988346,3088.3222481549647,-5405.9890559820715,-51.5075,45.5585,4
2917,STARLINK-3400,satellite,2,149,53.2276,244.4968,78.2597,309.6528,27.9125,6921.5653,540.0056,-881.9714526665998,-6349.598147297844,2593.00424789704,-4322.629644156942,4733.935279969791,2593.00424789704,22.1464,132.3997,7
2918,STARLINK-3396,satellite,2,149,53.2061,244.498,69.639,173.1498,242.7888,6914.6019,556.0717,-1965.404005533775,4445.128055700333,-4930.582378824953,4675.692009441847,-1326.6049032715384,-4930.582378824953,-45.5886,-15.8399,4
2919,STARLINK-3395,satellite,2,149,53.2247,244.4567,72.3864,255.5441,327.9305,6920.7858,547.5548,-4514.360512512136,-4343.551917520001,-2943.731735130158,-459.1256819614155,6247.807431834305,-2943.731735130158,-25.3053,94.2029,4
2920,STARLINK-3388,satellite,2,149,53.2351,244.4841,57.7931,310.1131,7.9062,6924.0198,539.9304,-2437.6080729362875,-6429.0768629746835,762.2899127883802,-3390.255077735245,5981.733271817705,762.2899127883802,6.3654,119.5432,5
2921,STARLINK-3393,satellite,2,149,53.2324,244.4661,47.5146,300.3971,347.9117,6923.7015,542.6928,-3699.5197361680316,-5731.95594353935,-1160.9276835761555,-2047.8915772388796,6507.526819372081,-1160.9276835761555,-9.7163,107.4686,4
2922,STARLINK-3356,satellite,2,149,53.2145,244.4997,101.3742,306.5598,47.934,6917.4883,541.9689,779.7512881303182,-5503.086635125672,4109.86855783104,-4732.538266770512,2914.627958864122,4109.86855783104,36.6505,148.3723,7
2923,STARLINK-3363,satellite,2,149,53.2083,244.3503,68.2832,54.5975,122.8807,6915.6169,543.2353,4758.004191273922,1877.7431861546484,4648.305498384866,-1593.8818510021915,-4860.459237806263,4648.305498384866,42.4391,-108.1558,105
2924,STARLINK-3253,satellite,2,149,53.2341,244.2658,118.6688,49.58,168.2488,6923.7478,539.7398,3700.118255042586,5734.506261350858,1128.571172288262,2049.4717525993747,-6509.6161713321335,1128.571172288262,9.4472,-72.524,9
2925,STARLINK-3180,satellite,2,149,53.2111,244.4525,74.6036,53.4816,128.0852,6916.6513,542.4624,4778.284911197216,2441.6432511576486,4356.973054592304,-1172.922324158047,-5236.208712416873,4356.973054592304,39.249,-102.626,119
2926,STARLINK-3177,satellite,2,149,53.1972,244.4767,97.6308,350.3653,87.9961,6911.9864,545.184,3628.9505357433436,-2000.4634998284696,5529.150962049369,-3857.0120719412657,-1514.7917618990452,5529.150962049369,53.3204,-158.5582,8
2927,STARLINK-3172,satellite,2,149,53.2326,244.4739,113.2843,49.627,162.9113,6923.1765,539.6437,3946.7402760187174,5441.6559375597,1628.1427578081325,1666.618992769189,-6512.354357839264,1628.1427578081325,13.6964,-75.6452,18
2928,STARLINK-3175,satellite,2,149,53.1988,244.4803,53.7848,49.0042,102.789,6912.5576,544.9519,4301.852247202907,-358.71923237651674,5395.726188114328,-3023.475391758361,-3081.1051263910363,5395.726188114328,51.5117,-134.4591,30
2929,STARLINK-3179,satellite,2,149,53.2266,244.4995,116.3628,91.6963,208.0591,6921.5457,546.5815,870.4240167305892,6352.202246020432,-2607.9525416932606,4332.008411108638,-4726.712860893122,-2607.9525416932606,-22.2584,-47.4949,11
2930,STARLINK-3184,satellite,2,109,53.2033,254.4597,105.7411,187.233,292.9741,6913.8633,556.9352,-4402.4561255110375,-1580.609966027133,-5104.298703703363,1595.444687676593,4397.10177848074,-5104.298703703363,-47.674,70.0572,4
2931,STARLINK-3185,satellite,2,149,53.2353,244.4917,130.1798,52.7277,182.9075,6924.2229,540.9928,2786.233640317383,6327.0624325455465,-281.15688480984977,3089.1013089461862,-6184.841956495929,-281.15688480984977,-2.3433,-63.4596,6
2932,STARLINK-3354,satellite,2,149,53.2216,244.4622,91.4701,51.4377,142.9078,6919.7906,540.7452,4630.152407955215,3899.8875521350087,3339.7951833237544,43.78066475384916,-6053.554120810746,3339.7951833237544,29.0355,-89.5856,90
2933,STARLINK-3359,satellite,2,109,53.1965,254.6121,90.3074,175.3387,265.646,6909.5054,556.2731,-3846.4467746678943,1603.5599033738822,-5525.424805027097,3690.5085131118185,1935.6404802314644,-5525.424805027097,-53.1461,27.6766,4
2934,STARLINK-3360,satellite,2,109,53.1984,254.2967,98.2837,349.6555,87.9391,6912.0071,545.4238,3914.9891709058293,-1358.8189806601015,5529.234888066805,-3545.959961217337,-2144.6904634365324,5529.234888066805,53.3189,-148.8333,8
2935,STARLINK-3357,satellite,2,149,53.2023,244.1062,120.2707,307.9526,68.2233,6913.6647,544.305,2338.463475562548,-3985.065541907311,5138.787977876806,-4559.941610316981,745.7153011282933,5138.787977876806,48.2161,170.7123,4
2936,STARLINK-3364,satellite,2,109,53.225,254.1156,102.4534,110.8735,213.3269,6920.545,547.9828,-606.8714022805957,6185.9466241362325,-3046.2019367645657,5147.575668729314,-3483.77572043242,-3046.2019367645657,-26.2491,-34.0894,11
2937,STARLINK-3181,satellite,2,160,53.232,224.491,131.8313,66.2639,198.0952,6923.0716,543.909,3791.0939364902842,5528.007086579692,-1721.935647447491,1832.4708494616264,-6447.736515277441,-1721.935647447491,-14.4927,-74.1347,5
2938,STARLINK-3166,satellite,2,160,53.2236,224.5069,104.4763,108.4888,212.9651,6920.5633,547.7834,2560.994106063196,5679.107530567673,-3016.7804928454334,2734.363142121341,-5597.696969473177,-3016.7804928454334,-25.9777,-63.9654,14
2939,STARLINK-3419,satellite,2,160,53.2347,224.4742,50.0017,308.0238,358.0254,6924.1762,540.9011,-5034.214677448911,-4742.685914803392,-190.9819126350878,-434.23978004044653,6902.740247071952,-190.9819126350878,-1.5915,93.5996,4
2940,STARLINK-3189,satellite,2,160,53.1995,224.4869,80.9117,177.1233,258.0351,6912.5351,558.5123,-1819.1451409779258,3900.320933627012,-5423.386888109038,4163.0610329511765,-1091.1990034618661,-5423.386888109038,-51.7386,-14.6876,4
2941,STARLINK-3401,satellite,2,160,53.1978,224.4691,96.1173,181.8921,278.0093,6912.2372,558.8484,-3565.559443694173,2255.159942695017,-5489.640294552211,4012.5112009716963,1303.3473733926667,-5489.640294552211,-52.6279,17.9949,4
2942,STARLINK-3178,satellite,2,160,53.2306,224.4886,67.0161,310.8843,17.9004,6923.0502,539.7222,-3803.5839257173966,-5520.098174176019,1702.9476090057713,-1818.4081360287632,6452.296210136479,1702.9476090057713,14.3384,105.7391,5
2943,STARLINK-3174,satellite,2,160,53.2301,224.4177,53.3454,284.6048,337.9501,6922.5199,545.0342,-5670.523542596848,-3378.8245196243925,-2081.375367453336,1021.6186944934636,6521.3179361706925,-2081.375367453336,-17.603,81.0965,4
2944,STARLINK-3182,satellite,2,160,53.2087,224.4972,70.7903,167.2804,238.0707,6915.4153,554.8415,145.3210736598456,5076.191378282154,-4705.33176273203,3813.2369162249825,-3353.812956044912,-4705.33176273203,-42.9935,-41.3322,5
2945,STARLINK-3415,satellite,2,160,53.2321,224.4191,62.4675,310.1742,12.6417,6923.6692,539.7679,-4186.571597946002,-5371.240723299298,1212.7103670550396,-1459.2635008371033,6651.928944861148,1212.7103670550396,10.1585,102.3732,4
2946,STARLINK-3528,satellite,2,138,53.2302,274.4382,52.3298,285.3893,337.7191,6922.4855,544.9745,-1070.5090210999902,-6506.722125289775,-2102.053770052401,-4323.121517134732,4979.361678777575,-2102.053770052401,-17.7837,130.9648,7
2947,STARLINK-3533,satellite,2,138,53.233,274.5018,66.9009,310.6957,17.5967,6923.114,539.4244,1765.1276647513012,-6474.105194544945,1674.968100418499,-6109.047967927096,2776.553019207458,1674.968100418499,14.0986,155.5583,5
2948,STARLINK-3543,satellite,2,138,53.2324,274.466,47.9997,294.8268,342.8265,6923.1689,543.7355,-704.5647133787315,-6687.279303558425,-1636.9397079053263,-4695.773571486844,4813.089079215655,-1636.9397079053263,-13.7635,134.2931,5
2949,STARLINK-3445,satellite,2,138,53.2211,274.5409,105.1278,212.5259,317.6537,6918.6616,551.1262,-2378.25822657926,-5321.704623993533,-3735.1749378242844,-2576.0544772411495,5228.823541449061,-3735.1749378242844,-32.8127,116.2278,8
2950,STARLINK-3540,satellite,2,138,53.236,274.5584,54.1571,308.6836,2.8407,6924.2195,540.2896,753.7327929527214,-6871.724418716429,274.679110929413,-5769.066148842759,3808.7511575623494,274.679110929413,2.2895,146.5671,5
2951,STARLINK-3526,satellite,2,138,53.2066,274.4284,64.3713,53.4997,117.871,6914.6667,543.6826,3398.7317263176283,3503.6925675700504,4892.419859047138,525.381411279883,-4852.9592341379885,4892.419859047138,45.2424,-83.8212,95
2952,STARLINK-3524,satellite,2,138,53.2089,274.509,111.9145,305.7921,57.7066,6915.4894,543.1607,3778.4877924519424,-3405.982657301633,4678.758662279803,-5034.0410696313065,-732.2010439852802,4678.758662279803,42.7829,-171.7244,4
2953,STARLINK-3535,satellite,2,138,53.2219,274.4523,90.3927,52.7352,143.1279,6919.7921,540.6466,2046.9312519927175,5707.02425441847,3322.792655294155,3084.159069558191,-5219.96323977163,3322.792655294155,28.8744,-59.4237,11
2954,STARLINK-3529,satellite,2,138,53.2371,274.4777,129.2447,53.887,183.1318,6924.1635,540.6847,-764.8856060130609,6869.699989606952,-302.8131670459348,5774.631305030788,-3798.8763112860265,-302.8131670459348,-2.524,-33.3392,7
2955,STARLINK-3522,satellite,2,138,53.21,274.4555,69.1302,53.9505,123.0807,6915.6344,543.0398,3164.7016201436063,4030.4741277608687,4637.791080569914,1080.1985098998855,-5009.314246311502,4637.791080569914,42.3225,-77.8312,87
2956,STARLINK-3527,satellite,2,153,53.2234,264.437,77.7946,249.2386,327.0332,6919.9835,547.3453,-2807.175841130422,-5561.026226148538,-3016.7198758729887,-2486.273559045618,5711.715388613895,-3016.7198758729887,-25.9789,113.5232,8
2957,STARLINK-3532,satellite,2,138,53.2329,274.4637,113.541,49.5772,163.1182,6923.2226,539.567,683.5027232093299,6691.973292287692,1608.9959161323675,4712.837097591958,-4799.88010359502,1608.9959161323675,13.5324,-45.5243,4
2958,STARLINK-3523,satellite,2,153,53.2051,264.4584,107.498,190.456,297.9539,6914.6867,555.8927,-3959.1961412651103,-2876.4872160504938,-4897.2188036785265,315.1926828873837,4883.6529731098535,-4897.2188036785265,-45.1969,86.3072,4
2959,STARLINK-3514,satellite,2,153,53.2302,264.4615,52.2172,285.6986,337.9157,6922.5158,544.9231,-2169.345027324261,-6233.048768808279,-2084.42870068097,-3410.745055415693,5650.112650989917,-2084.42870068097,-17.6299,121.1177,8
2960,STARLINK-3518,satellite,2,153,53.2083,264.5006,112.069,305.8428,57.9118,6915.4617,543.0436,3138.8925680418297,-3990.637867893179,4689.17945394792,-5075.436250941907,133.35669835449582,4689.17945394792,42.9017,178.4949,4
2961,STARLINK-3525,satellite,2,153,53.2342,264.498,62.4301,310.253,12.6831,6923.6587,539.6278,257.79461180227185,-6804.385147727755,1216.6188565152281,-5400.510810152252,4147.360400293301,1216.6188565152281,10.1918,142.4773,5
2962,STARLINK-3450,satellite,2,153,53.2058,264.4583,64.3461,53.7323,118.0784,6914.6933,543.6198,3949.20624128497,2885.0024297416912,4882.954616542781,-302.26015218462385,-4881.404281169605,4882.954616542781,45.1316,-93.5433,112
2963,STARLINK-3517,satellite,2,153,53.1999,264.4888,120.2178,317.7547,77.9725,6912.5301,545.0508,3891.420762827206,-1822.0843611565315,5411.620143948219,-3887.3829641344673,-1830.6831136739643,5411.620143948219,51.7226,-154.7829,8
2964,STARLINK-3447,satellite,2,153,53.2032,264.5486,60.8516,51.9485,112.8001,6913.8117,544.1341,4053.0165978887135,2303.3471898369935,5101.368252673688,-816.134751773321,-4589.801290539633,5101.368252673688,47.7544,-100.0827,85
2965,STARLINK-3509,satellite,2,153,53.1987,264.4724,64.3212,33.7122,98.0334,6912.2107,545.2497,4172.671718902314,566.3652089916482,5478.5994884008305,-2229.134417690311,-3572.5227181295604,5478.5994884008305,52.6247,-121.9628,48
2966,STARLINK-3515,satellite,2,153,53.2321,264.49,132.016,66.0613,198.0773,6923.074,543.8876,-647.7789628046498,6672.110648564095,-1720.284545798261,5547.79742116442,-3762.7944223749546,-1720.284545798261,-14.4786,-34.1471,10
2967,STARLINK-3516,satellite,2,153,53.2184,264.4545,85.8883,52.218,138.1063,6918.7835,541.2112,3248.448103317073,4854.893273547135,3697.308923141978,1661.089903101174,-5600.284288435082,3697.308923141978,32.4921,-73.4792,71
2968,STARLINK-3500,satellite,2,153,53.2099,264.4987,72.0132,166.0305,238.0437,6915.4131,554.9296,-3150.351180413994,3984.6169970472565,-4704.082860171283,5078.121512382257,-120.69415302443794,-4704.082860171283,-42.9787,-1.3615,4
2969,STARLINK-3520,satellite,2,153,53.2352,264.4813,122.9161,49.9994,172.9155,6924.0696,539.9805,1168.520611286777,6784.160496830753,683.5018177923312,4474.009264529149,-5231.970486028018,683.5018177923312,5.7052,-49.4653,6
2970,STARLINK-3521,satellite,2,153,53.2308,264.6536,107.7584,50.1624,157.9209,6922.5526,539.6993,2146.4772620432136,6235.842085268013,2082.411189020242,3427.499331551972,-5634.300265434833,2082.411189020242,17.6261,-58.6867,8
2971,STARLINK-3512,satellite,2,109,53.228,254.3822,103.2899,49.7912,153.0811,6921.7695,539.9068,3464.946825361668,5433.7316535083655,2507.7832158862557,1968.2264646922295,-6136.560988746692,2507.7832158862557,21.383,-72.217,34
2972,STARLINK-3452,satellite,2,153,53.1983,264.5,95.7597,182.1962,277.9559,6912.2465,559.0351,-4180.646555216544,-560.2022303822005,-5490.538530031733,2238.9699883093967,3574.7231431285645,-5490.538530031733,-52.6381,57.9397,4
2973,STARLINK-3449,satellite,2,153,53.2216,264.499,89.9535,128.0604,218.0139,6919.572,549.3598,-2017.8340375865223,5673.362179754416,-3414.5585352746107,5654.28391318091,-2070.69216810565,-3414.5585352746107,-29.7081,-20.1136,4
2974,STARLINK-3502,satellite,2,109,53.212,254.466,73.9969,53.892,127.8888,6916.612,542.5189,4284.291552350897,3214.9905302923735,4368.715131368666,-262.34714238329025,-5349.999270308195,4368.715131368666,39.3746,-92.8074,118
2975,STARLINK-3446,satellite,2,153,53.2007,264.5394,78.5889,174.1687,252.7575,6913.0788,557.8539,-3747.603684031639,2419.832092921106,-5294.732177063732,4255.4892635652295,1338.2570224659803,-5294.732177063732,-50.0592,17.4572,4
2976,STARLINK-3501,satellite,2,109,53.235,254.4728,123.8293,49.2341,173.0634,6924.0857,539.8341,2320.1073680835793,6482.645877062406,669.2876683556842,3506.519284069138,-5925.531054452518,669.2876683556842,5.5863,-59.3845,9
2977,STARLINK-3451,satellite,2,153,53.2327,264.6755,67.6077,310.1659,17.7736,6923.1112,539.6294,647.1101492576844,-6675.212875654325,1691.303736601289,-5549.757387122819,3765.2903506435305,1691.303736601289,14.2385,145.8447,5
2978,STARLINK-3505,satellite,2,109,53.2268,254.5073,117.7652,90.2181,207.9833,6921.4974,546.4069,-240.88822698967735,6409.514897284911,-2601.424930451064,5085.866899206777,-3908.1794022245545,-2601.424930451064,-22.2003,-37.5401,12
2979,STARLINK-3506,satellite,2,109,53.2251,254.4669,98.0393,49.8499,147.8892,6920.7528,539.9037,3688.244137572974,5053.307148687504,2943.8761270521377,1532.8834630118156,-6065.420533330112,2943.8761270521377,25.3367,-75.8169,55
2980,STARLINK-3511,satellite,2,109,53.1975,254.4114,88.4189,179.4519,267.8708,6912.0443,559.1545,-3923.1777811135967,1361.5913407997868,-5539.916635360994,3553.3230349550727,2149.2208566878453,-5539.916635360994,-53.3143,31.1676,4
2981,STARLINK-3507,satellite,2,109,53.2349,254.494,133.7255,54.2019,187.9274,6924.014,541.6547,1281.769964940889,6756.661591834623,-764.5120845241994,4380.520785904658,-5301.551447817421,-764.5120845241994,-6.3824,-50.434,10
2982,STARLINK-3457,satellite,2,109,53.2246,254.2561,83.6928,309.3602,33.053,6920.6085,540.28,600.5250332370838,-6190.540299401834,3020.664062094384,-5147.057218840787,3491.5929745664066,3020.664062094384,26.0441,145.8483,7
2983,STARLINK-3460,satellite,2,109,53.2013,254.4913,77.7996,175.1682,252.9678,6913.0759,557.7139,-3278.6011107865543,3014.290262085478,-5300.641914403362,4413.3793869834835,597.706796266746,-5300.641914403362,-50.1368,7.7127,4
2984,STARLINK-3513,satellite,2,109,53.2133,254.5018,106.7237,306.1613,52.8851,6916.4815,542.4384,2066.1405394202607,-4901.00078002569,4414.142279180103,-5090.815817586604,1540.240139023231,4414.142279180103,39.8645,163.1667,4
2985,STARLINK-3459,satellite,2,109,53.203,254.5054,120.5345,307.1985,67.733,6913.7648,544.3308,2991.915881072912,-3546.8199354173266,5121.160845647888,-4640.056401107485,-36.99848958428159,5121.160845647888,47.9971,-179.5431,4
2986,STARLINK-3458,satellite,2,109,53.203,254.4136,60.5544,52.5344,113.0888,6913.863,544.163,4395.945072697743,1587.2917558115485,5090.536990478829,-1586.144768821285,-4396.359058651118,5090.536990478829,47.6208,-109.8387,95
2987,STARLINK-3456,satellite,2,109,53.1976,254.4772,75.7785,17.2631,93.0416,6911.9858,544.9205,4080.6177349788863,-752.9113027187664,5524.5802356181375,-3185.504966414118,-2659.1116256631412,5524.5802356181375,53.26,-140.1464,19
2988,STARLINK-3622,satellite,2,115,53.202,284.4642,101.7523,186.1882,287.9406,6913.2181,557.4885,-3287.60836352834,-3050.4013647765028,-5274.206960602622,-247.55174974660005,4477.949906974087,-5274.206960602622,-49.7992,93.1642,4
2989,STARLINK-3621,satellite,2,115,53.2251,284.4536,70.9221,256.971,327.8931,6920.7939,547.5066,-669.3390460498341,-6227.286783989175,-2946.787204774009,-4364.314077816547,4492.201918746023,-2946.787204774009,-25.3336,134.1727,16
2990,STARLINK-3612,satellite,2,115,53.2128,284.4546,106.997,200.9404,307.9374,6916.6232,553.3891,-2103.802158113735,-4937.673965857292,-4372.748183379718,-2455.834744635317,4772.366647757785,-4372.748183379718,-39.3439,117.2301,8
2991,STARLINK-3614,satellite,2,115,53.2338,284.4555,47.4871,300.4268,347.9138,6923.702,542.6356,849.3601913919056,-6769.047011227847,-1160.7409407680786,-5751.131481994467,3669.590828927125,-1160.7409407680786,-9.7148,147.4595,6
2992,STARLINK-3623,satellite,2,115,53.2279,284.497,78.7323,309.1766,27.9089,6921.5727,540.004,3405.6554972540453,-5431.234591009332,2592.7071408802017,-6354.3249256469935,848.146973026686,2592.7071408802017,22.1437,172.3974,4
2993,STARLINK-3624,satellite,2,115,53.2363,284.4506,53.8413,308.8549,2.6961,6924.2424,540.369,1913.1791822310147,-6643.5741912617295,260.7126030136454,-6334.007132226872,2770.8638124274867,260.7126030136454,2.173,156.3726,5
2994,STARLINK-3629,satellite,2,115,53.2037,284.4952,119.6301,308.4184,68.0485,6913.652,544.1582,4363.480487810902,-1540.1369761531403,5132.512221700981,-3971.917418183598,-2373.9957657818904,5132.512221700981,48.1395,-149.1334,6
2995,STARLINK-3620,satellite,2,115,53.2359,284.4817,58.1404,309.6569,7.7973,6924.0875,540.023,2257.8680988922656,-6495.701585256672,751.8770328107428,-6440.362595472688,2411.1899708520928,751.8770328107428,6.278,159.4747,5
2996,STARLINK-3608,satellite,2,115,53.1973,284.4814,98.8521,349.0715,87.9236,6912.0097,545.5579,4067.9636509486263,792.0533045691167,5529.209084043401,-1988.5975371694728,-3636.0908319074815,5529.209084043401,53.317,-118.6745,55
2997,STARLINK-3625,satellite,2,115,53.2067,284.4676,115.2272,307.5048,62.732,6914.5676,543.6645,4353.564718083646,-2146.681684753829,4919.284020147674,-4432.311061107869,-1978.9862727621698,4919.284020147674,45.5597,-155.9397,5
2998,STARLINK-3615,satellite,2,138,53.2189,274.3769,95.7383,307.1632,42.9014,6918.6,541.3629,3196.0370961539033,-4834.2279851982175,3769.197828580103,-5761.061696532412,628.1571949859168,3769.197828580103,33.2023,173.7773,4
2999,STARLINK-3611,satellite,2,115,53.1993,284.5315,112.9584,329.7642,82.7226,6912.2101,545.1757,4194.1264948263715,182.9173852129206,5488.275669234911,-2537.893855594329,-3344.1367499183143,5488.275669234911,52.7577,-127.1952,41
3000,STARLINK-3617,satellite,2,115,53.234,284.46,118.4087,49.7219,168.1306,6923.7335,539.7504,-865.7394333375302,6767.611115823914,1139.7514160009096,5760.487447793994,-3656.070205188464,1139.7514160009096,9.5416,-32.4025,5
3001,STARLINK-3580,satellite,2,115,53.2256,284.4202,95.2594,52.8888,148.1481,6920.8862,540.2531,653.060093757412,6232.305789678876,2922.831969959627,4378.572935769123,-4482.8809919819905,2922.831969959627,25.1418,-45.6744,4
3002,STARLINK-3616,satellite,2,127,53.2156,294.6084,104.9488,207.8738,312.8226,6917.6503,551.9399,-804.8395381255161,-5544.260427142397,-4066.552850637971,-3752.196604629264,4160.241700468364,-4066.552850637971,-36.143,132.0479,16
3003,STARLINK-3628,satellite,2,115,53.2092,284.5018,69.3346,53.5152,122.8499,6915.5871,543.2319,2427.838876466895,4500.501757394472,4649.968494037913,1912.4864566921594,-4742.500736042519,4649.968494037913,42.4578,-68.0375,60
3004,STARLINK-3632,satellite,2,127,53.2117,294.5016,106.7337,306.1666,52.9003,6916.4861,542.6119,4733.273987625367,-2424.7143179365753,4415.045805891507,-4888.7601406251415,-2093.5965353841275,4415.045805891507,39.8731,-156.8171,4
3005,STARLINK-3646,satellite,2,115,53.236,284.4534,130.2506,52.6954,182.9459,6924.2086,540.9825,-1930.760732995615,6638.126415974893,-284.8704037904463,6341.043893986348,-2753.855780007349,-284.8704037904463,-2.3743,-23.4749,6
3006,STARLINK-3638,satellite,2,127,53.1986,294.4769,81.8166,11.2125,93.0291,6912.0413,545.2632,3610.6620664814423,2044.9061741671057,5524.989446902754,-732.4842166642142,-4084.3590307186023,5524.989446902754,53.2619,-100.1673,69
3007,STARLINK-3619,satellite,2,127,53.2346,294.4885,62.4869,310.4196,12.9065,6923.6632,539.7494,3636.395461903062,-5752.593029454252,1237.7153734306291,-6748.970897408284,875.8369390536449,1237.7153734306291,10.3702,172.6059,4
3008,STARLINK-3641,satellite,2,127,53.2289,294.4598,103.0588,50.0534,153.1121,6921.7434,539.5742,-849.6092912098175,6388.959602331933,2505.017989719257,5458.819356801137,-3426.6502561178722,2505.017989719257,21.3594,-32.1176,4
3009,STARLINK-3639,satellite,2,127,53.2013,294.4914,119.9696,312.9156,72.8852,6913.0407,544.5445,4442.997757966434,-210.64435729960294,5288.227498821586,-2999.6789649910393,-3284.284736369124,5288.227498821586,50.107,-132.4068,33
3010,STARLINK-3631,satellite,2,127,53.2354,294.4708,122.1564,50.9571,173.1136,6924.0968,540.1439,-2393.126045751985,6456.876095559411,664.5056884242085,6496.8716466831365,-2282.3146125781636,664.5056884242085,5.546,-19.3561,4
3011,STARLINK-3602,satellite,2,127,53.204,294.4628,60.8448,52.2021,113.0469,6913.8476,544.2194,2346.6627876013977,4039.851753642043,5092.233420838973,1609.8680100346903,-4385.835544156301,5092.233420838973,47.6412,-69.8438,57
3012,STARLINK-3626,satellite,2,127,53.2251,294.4995,104.4392,108.6415,213.0807,6920.6009,547.8789,-4463.34010164352,4339.738933548285,-3026.243188140775,6189.943540808763,662.8256451691261,-3026.243188140775,-26.0648,6.112,4
3013,STARLINK-3573,satellite,2,127,53.2023,294.489,78.0154,175.034,253.0494,6913.0564,558.0313,-4446.8708783593,192.56548807379417,-5303.251235715805,2988.2411928231663,3298.8113995061753,-5303.251235715805,-50.1673,47.828,4
3014,STARLINK-3586,satellite,2,127,53.2159,294.6532,80.406,52.5348,132.9408,6917.7044,541.8243,789.6672143588984,5543.872531236259,4052.873458263046,3761.588171804475,-4148.3191026932745,4052.873458263046,36.0637,-47.7991,6
3015,STARLINK-3634,satellite,2,127,53.2283,294.4586,59.4058,273.4837,332.8895,6921.672,546.1013,832.133300096401,-6389.80566087525,-2526.5403277973237,-5448.309064543974,3440.6381021680677,-2526.5403277973237,-21.5304,147.7274,16
3016,STARLINK-3637,satellite,2,127,53.1981,294.473,92.265,180.7441,273.0091,6912.0463,559.1921,-3619.195716283821,-2046.6321203147636,-5536.192732824798,736.6062802966486,4092.027841608461,-5536.192732824798,-53.2624,79.7955,4
3017,STARLINK-3592,satellite,2,127,53.2054,294.4614,105.4575,187.5405,292.998,6913.8467,557.0121,-2354.5035735144747,-4042.8399832494624,-5103.595209778503,-1607.159762040313,4393.777384794485,-5103.595209778503,-47.6646,110.0916,5
3018,STARLINK-3544,satellite,2,127,53.2359,294.4741,48.6253,304.2928,352.9181,6924.0503,541.7056,2380.076637361803,-6461.383542052638,-683.4324708445401,-6492.005841985601,2295.2346775109922,-683.4324708445401,-5.7031,160.5291,4
3019,STARLINK-3601,satellite,2,138,53.2,274.4694,99.3863,183.6146,283.0009,6912.6082,558.497,-3907.4226108338744,-1867.7515250882423,-5401.824193559976,1058.3327634328384,4199.5689041816995,-5401.824193559976,-51.4519,75.8554,4
3020,STARLINK-3605,satellite,2,138,53.1982,274.5614,84.6567,178.2585,262.9151,6912.2055,559.1866,-4170.900113946586,523.936181770717,-5501.643279661102,3066.9725354633897,2874.8210987470834,-5501.643279661102,-52.7879,43.1478,4
3021,STARLINK-3606,satellite,2,115,53.2348,284.4842,132.2706,55.8559,188.1265,6924.0014,541.8582,-2280.192922165761,6486.077493996558,-783.6068793167151,6447.215115252492,-2387.8647947660866,-783.6068793167151,-6.5423,-20.3232,5
3022,STARLINK-3609,satellite,2,115,53.1979,284.4791,88.8084,179.1954,268.0038,6912.0223,559.3463,-4073.833005002732,-802.8911060963995,-5540.560007806078,1984.0065779555391,3647.5289415613197,-5540.560007806078,-53.3211,61.4568,4
3023,STARLINK-3607,satellite,2,115,53.2162,284.4622,72.3478,155.7163,228.0641,6917.5094,552.5725,-4141.588974128762,3709.9319757250796,-4124.6714205631115,5499.8256057189665,817.4795421356579,-4124.6714205631115,-36.7381,8.4544,4
3024,STARLINK-3613,satellite,2,138,53.2308,274.7158,72.6668,310.0841,22.7509,6922.4163,539.7246,2119.8656983896035,-6224.504958183768,2142.430865194537,-6143.54366640905,2344.176566001034,2142.430865194537,18.1512,159.1148,5
3025,STARLINK-3569,satellite,2,115,53.2038,284.4945,75.3034,172.7507,248.0541,6913.7038,557.2221,-4371.690593723609,1542.4550129278111,-5142.424791047491,3978.9446258921635,2378.832860509852,-5142.424791047491,-48.1417,30.8733,4
3026,STARLINK-3610,satellite,2,138,53.2295,274.4955,126.2918,76.8145,203.1064,6922.3615,545.1563,-2119.874570934824,6218.915781075483,-2175.737293842788,6139.248550099342,-2340.6001214878456,-2175.737293842788,-18.4282,-20.8694,4
3027,STARLINK-3552,satellite,2,138,53.2094,274.4861,108.5493,194.3854,302.9347,6915.5904,554.7493,-3174.837518017042,-4024.680743126012,-4653.286470911553,-1069.2671394854085,5013.4136209088765,-4653.286470911553,-42.4078,102.0397,6
3028,STARLINK-3599,satellite,2,138,53.2064,274.4977,72.8418,170.2332,243.0751,6914.4982,556.1026,-3931.5803383935563,2835.453346021196,-4943.193006892761,4692.802837160577,1214.3809806824302,-4943.193006892761,-45.7376,14.5085,4
3029,STARLINK-3604,satellite,2,138,53.2184,274.5022,80.2418,142.8251,223.0669,6918.4987,550.6357,-3218.579538063837,4819.392606987143,-3785.9231403021804,5764.043199494394,-601.3362931737844,-3785.9231403021804,-33.3178,-5.9559,4
3030,STARLINK-3542,satellite,2,121,53.2032,324.4655,58.8224,49.2458,108.0682,6913.1436,544.5161,542.919864637723,4447.765587051829,5260.606853669288,3075.7404451520374,-3258.4047340434386,5260.606853669288,49.7519,-46.6518,11
3031,STARLINK-3545,satellite,2,121,53.2305,324.4202,116.2895,91.8722,208.1616,6921.4606,546.5367,-6100.728271672835,1960.1106929021769,-2616.811198174247,5404.601559097098,3442.557386685497,-2616.811198174247,-22.3381,32.4958,4
3032,STARLINK-3568,satellite,2,121,53.2233,324.4671,91.3631,51.5587,142.9219,6919.7762,540.5948,-3038.368722454664,5236.502422536636,3338.7104103658007,5969.908053710571,-1006.3994957592664,3338.7104103658007,29.0259,-9.5689,8
3033,STARLINK-3571,satellite,2,121,53.2318,324.5057,127.2289,75.6959,202.9247,6922.3721,545.0694,-6126.883499810719,2387.307007165298,-2159.608250210903,5750.026783596638,3189.8476695031486,-2159.608250210903,-18.2871,29.0195,4
3034,STARLINK-3563,satellite,2,121,53.2361,324.4859,131.2838,56.7685,188.0523,6924.0192,542.0495,-5914.099109182867,3507.944147017007,-776.5290594998663,6476.441092003886,2310.40065651652,-776.5290594998663,-6.4828,19.6333,4
3035,STARLINK-3560,satellite,2,165,53.1992,314.4805,67.0068,30.8186,97.8253,6912.2077,545.1566,2266.598103015127,3544.449309729768,5481.32709310806,1279.7982972337577,-4007.8303592134703,5481.32709310806,52.663,-72.2904,53
3036,STARLINK-3559,satellite,2,165,53.2057,314.4947,115.9921,307.0075,62.9996,6914.4846,543.6487,4829.656832646266,346.71294782465105,4930.963008551286,-2817.7473758998526,-3937.7778905018895,4930.963008551286,45.6983,-125.5863,64
3037,STARLINK-3562,satellite,2,165,53.2228,314.4583,91.5517,51.5706,143.1224,6919.8245,540.7176,-2100.513907772999,5687.314528262232,3323.2909452159247,5717.824843139536,-2015.9822130432563,3323.2909452159247,28.8788,-19.4216,6
3038,STARLINK-3508,satellite,2,165,53.1983,314.4857,116.1357,326.806,82.9417,6912.2028,545.2492,3525.7053443888653,2272.8183583587106,5490.889430227694,-502.8504478269525,-4164.5459407557055,5490.889430227694,52.7927,-96.8849,65
3039,STARLINK-3555,satellite,2,165,53.2347,314.4818,131.3237,51.8063,183.1301,6924.1808,540.9707,-5002.173684430654,4770.759127248353,-302.6519811639738,6865.741399438713,802.171587297474,-302.6519811639738,-2.5226,6.664,5
3040,STARLINK-3548,satellite,2,165,53.2323,314.3902,114.0411,49.1409,163.182,6923.1946,539.6504,-3775.531299197989,5569.132048582638,1603.1075625808735,6696.661914903423,-651.6038391967293,1603.1075625808735,13.4818,-5.5575,5
3041,STARLINK-3503,satellite,2,165,53.2197,314.5028,80.5977,142.4979,223.0957,6918.5061,550.8075,-5562.93097839328,1620.291232595974,-3788.106196062085,4799.643057331402,3245.7620478102626,-3788.106196062085,-33.3386,34.0686,4
3042,STARLINK-3553,satellite,2,165,53.2109,314.3572,71.8344,166.1157,237.9501,6915.4547,554.9934,-5081.157241928196,169.91279735411752,-4699.405243748393,3375.9074244880135,3801.3521722132973,-4699.405243748393,-42.9253,48.3923,4
3043,STARLINK-3590,satellite,2,165,53.206,314.5,72.2869,170.7552,243.0421,6914.4938,556.186,-4836.151757822309,-352.0166180914661,-4941.785203300761,2817.8143736724905,3946.162905865022,-4941.785203300761,-45.7202,54.4707,4
3044,STARLINK-3578,satellite,2,165,53.2312,314.4983,126.5044,76.5908,203.0952,6922.3382,545.1287,-5621.302475011462,3401.988166261238,-2174.7857041670795,6207.9104028153815,2152.768782189126,-2174.7857041670795,-18.4199,19.1254,4
3045,STARLINK-3588,satellite,2,165,53.2108,314.4577,108.4066,194.5721,302.9788,6915.6085,554.8174,156.8550432492371,-5125.861881567592,-4651.100030561324,-4044.447182044856,3153.0160997289236,-4651.100030561324,-42.3828,142.0603,13
3046,STARLINK-3591,satellite,2,165,53.1983,314.486,87.2831,175.737,263.0201,6912.1838,558.6544,-3526.4306544197716,-2284.44844712786,-5502.465270196647,494.3645103035562,4172.531797238779,-5502.465270196647,-52.805,83.2431,4
3047,STARLINK-3567,satellite,2,165,53.2237,314.4557,87.1703,235.7889,322.9592,6919.7697,549.0372,2087.7754982763217,-5692.332534265815,-3339.9250899526305,-5713.550530276622,2028.9890462591843,-3339.9250899526305,-28.9985,160.4491,16
3048,STARLINK-3554,satellite,2,165,53.2002,314.4711,99.526,183.4683,282.9942,6912.6086,558.5231,-1793.2005074500942,-3941.990141769821,-5402.004053137148,-1888.0425810896722,3897.4542395930675,-5402.004053137148,-51.454,115.8469,4
3049,STARLINK-3574,satellite,2,165,53.2328,314.4645,48.1114,294.8086,342.9199,6923.1505,543.6267,3765.5176319761804,-5573.501999281988,-1628.2840922312469,-6693.629133963183,662.1001356917982,-1628.2840922312469,-13.6895,174.351,5
3050,STARLINK-3585,satellite,2,165,53.2003,314.3815,68.1272,34.9838,103.1109,6912.6063,544.5648,1784.7754503621313,3939.706780347607,5388.586897489611,1891.6663680611746,-3889.5129869018947,5388.586897489611,51.4208,-64.064,33
3051,STARLINK-3583,satellite,2,165,53.2361,314.4785,53.8222,309.0904,2.9126,6924.1878,540.3252,4991.2055857603955,-4782.591472656218,281.6236367467212,-6867.841249666497,-786.1748934105351,281.6236367467212,2.3474,-173.4697,4
3052,STARLINK-3556,satellite,2,154,53.1996,304.4706,66.1158,31.9771,98.0929,6912.2122,545.1682,2827.8794059515217,3121.3405162701374,5477.7975563386,595.7515402679658,-4169.50220714447,5477.7975563386,52.6147,-81.8684,61
3053,STARLINK-3575,satellite,2,165,53.219,314.5004,95.3197,307.6281,42.9478,6918.5415,541.2812,5558.229862718369,-1632.4216340855608,3772.434682137623,-4805.974765760656,-3234.39733939982,3772.434682137623,33.2348,-146.0596,9
3054,STARLINK-3572,satellite,2,154,53.2193,304.4543,85.7461,52.3574,138.1036,6918.7862,541.2503,-631.9934522683935,5807.029460037724,3697.569508589061,4872.049535195286,-3222.4432035428554,3697.569508589061,32.4944,-33.4812,4
3055,STARLINK-3566,satellite,2,165,53.2307,314.2136,72.729,310.3796,23.1086,6922.3543,539.6609,5600.108653015985,-3426.0804246849193,2174.24122880286,-6212.91323961719,-2121.0735675556216,2174.24122880286,18.4303,-161.1502,9
3056,STARLINK-3504,satellite,2,154,53.2353,304.4779,127.1145,51.0209,178.1354,6924.2045,540.373,-3803.339797675888,5776.475046731158,180.33436467586034,6873.969396398959,-762.62855930231,180.33436467586034,1.5029,-6.3308,5
3057,STARLINK-3570,satellite,2,154,53.205,304.4705,61.4417,51.4386,112.8803,6913.8331,544.0037,1623.1282398395624,4373.392305096064,5098.390373635579,2328.619055466557,-4042.108216235208,5098.390373635579,47.7189,-60.0542,31
3058,STARLINK-3576,satellite,2,154,53.206,304.6397,64.2158,53.7351,117.9508,6914.673,543.5955,1167.0464126759696,4743.467132978611,4888.716694125178,2904.6696938462746,-3927.5147027909593,4888.716694125178,45.1995,-53.5145,21
3059,STARLINK-3577,satellite,2,154,53.2319,304.4613,108.5289,49.6144,158.1433,6922.5443,539.5586,-2361.322439454082,6164.291434464982,2062.46470636151,6251.420521694807,-2119.923114884296,2062.46470636151,17.4523,-18.7323,4
3060,STARLINK-3584,satellite,2,154,53.2086,304.5013,70.1571,167.8587,238.0158,6915.4479,554.9931,-4975.495035830348,1030.073697071779,-4702.621029396988,3970.3047024686584,3170.6912877993673,-4702.621029396988,-42.9617,38.6109,4
3061,STARLINK-3565,satellite,2,154,53.2327,304.4913,131.7537,66.2997,198.0533,6923.1034,543.8026,-4784.163788456374,4696.267535819821,-1718.0731517891386,6669.185802318172,681.9916839156716,-1718.0731517891386,-14.4597,5.8388,4
3062,STARLINK-3551,satellite,2,154,53.1995,304.4883,80.855,177.1619,258.0169,6912.5409,558.6201,-4157.98428059315,-1112.4249698925903,-5423.109063732619,1799.5697483778345,3909.9707559038857,-5423.109063732619,-51.7338,65.2857,4
3063,STARLINK-3536,satellite,2,154,53.2226,304.5035,89.4667,128.6465,218.1132,6919.5855,549.4745,-5193.247032148205,3039.372266430347,-3422.217096679976,5655.498788926923,2054.9773622374005,-3422.217096679976,-29.7808,19.9691,4
3064,STARLINK-3547,satellite,2,154,53.2199,304.4572,97.7808,220.1679,317.9486,6918.728,550.4686,619.2060656649331,-5809.080424271112,-3713.653879780106,-4865.460850862348,3233.5927752473604,-3713.653879780106,-32.604,146.3919,16
3065,STARLINK-3549,satellite,2,154,53.2311,304.4638,51.9448,285.9686,337.9134,6922.5087,544.8772,2344.7818131053523,-6169.068416158314,-2084.6461147500927,-6244.532397936363,2135.701759477387,-2084.6461147500927,-17.6319,161.1187,8
3066,STARLINK-3587,satellite,2,154,53.2072,304.4602,108.183,189.7038,297.8868,6914.7046,555.9074,-1189.5727044448818,-4743.752263933429,-4900.398654589096,-2890.502321552755,3945.0304295191413,-4900.398654589096,-45.2341,126.23,9
3067,STARLINK-3579,satellite,2,154,53.2339,304.4925,65.8736,311.8456,17.7192,6923.2062,539.4527,4769.334555420897,-4716.490061793848,1686.2848264779263,-6675.275787933487,-657.6653857099038,1686.2848264779263,14.1958,-174.3732,5
3068,STARLINK-3595,satellite,2,154,53.2369,304.4775,50.8582,307.0382,357.8963,6924.2377,540.9745,3788.831497082693,-5785.948752202794,-203.47055447138538,-6871.993304201991,779.8429992030119,-203.47055447138538,-1.6956,173.5257,4
3069,STARLINK-3594,satellite,2,154,53.2217,304.4999,90.3921,307.5591,37.9513,6919.6215,540.7758,5185.825939959214,-3051.008476432865,3405.567759561825,-5659.713068421527,-2041.8352984405092,3405.567759561825,29.6627,-160.1623,9
3070,STARLINK-3593,satellite,2,154,53.1989,304.6937,95.7606,182.09,277.8506,6912.2335,558.9686,-2839.8725085774918,-3116.1611261587946,-5491.929600911454,-584.1064953966834,4175.422808673736,-5491.929600911454,-52.6578,97.9635,4
3071,STARLINK-3598,satellite,2,154,53.2092,304.4992,112.8293,305.0785,57.9078,6915.4178,543.1979,4969.796139918203,-1039.9728407671162,4689.132645374348,-3974.282245222929,-3159.98383179169,4689.132645374348,42.9,-141.5115,24
3072,STARLINK-3597,satellite,2,154,53.2009,304.488,120.1207,317.8634,77.9841,6912.5261,544.9808,4151.477407510914,1106.6664697231843,5411.868095215599,-1799.8451042611441,-3901.2860624350924,5411.868095215599,51.7267,-114.7661,68
3073,STARLINK-3699,satellite,2,116,53.0362,336.1738,60.1265,42.663,102.7895,6920.0914,552.3699,237.8105179769739,4329.260324746663,5390.061604093217,3179.4154878109634,-2947.9426652758752,5390.061604093217,51.3595,-42.8366,6
3074,STARLINK-3677,satellite,2,116,53.0464,336.2387,66.987,55.6896,122.6765,6923.1093,550.7748,-2008.2289743124118,4709.6759040960105,4654.188256984244,4906.608222098368,-1462.6094795696988,4654.188256984244,42.4481,-16.5988,14
3075,STARLINK-3671,satellite,3,186,53.0737,336.2415,128.2244,54.5411,182.7656,6931.7102,549.0308,-6413.590156811901,2603.782432596794,-267.18728602163293,6099.710966728461,3272.2083946819025,-267.18728602163293,-2.2242,28.2115,2
3076,STARLINK-3679,satellite,2,116,53.059,336.1598,91.9284,50.9041,142.8326,6927.2657,548.0523,-4029.002336789799,4527.793424124694,3342.0116459668316,6057.2517299718675,208.50563819067003,3342.0116459668316,29.0229,1.9715,11
3077,STARLINK-3672,satellite,3,186,53.0674,336.2567,125.7535,77.0215,202.775,6929.9037,552.746,-6496.792830453019,1097.0243587801156,-2144.0301873009234,4993.423306721315,4298.546638746057,-2144.0301873009234,-18.1297,40.7232,4
3078,STARLINK-3660,satellite,2,121,53.21,324.4642,108.6161,194.1873,302.8034,6915.5971,554.7906,1026.6102917985888,-5015.905616105506,-4660.220750333751,-4515.320665608488,2413.5279421698156,-4660.220750333751,-42.4853,151.8746,17
3079,STARLINK-3649,satellite,2,169,53.2221,344.4987,89.6707,308.265,37.9357,6919.6029,540.6967,5934.5470995418,994.8610874236558,3404.363779362355,-3024.663506012047,-5201.9235418591725,3404.363779362355,29.6516,-120.1759,57
3080,STARLINK-3635,satellite,2,169,53.2212,344.4548,97.7214,220.2366,317.958,6918.7424,550.5499,4209.11680034919,-4051.8522370496426,-3713.0903437143643,-5806.0555341625,-651.0682944876042,-3713.0903437143643,-32.598,-173.6018,8
3081,STARLINK-3655,satellite,2,169,53.2326,344.4657,52.8356,285.1279,337.9635,6922.4687,544.9152,5764.855632944887,-3215.735675208572,-2080.211677626835,-6156.274589997824,-2382.183782593747,-2080.211677626835,-17.5931,-158.8459,4
3082,STARLINK-3664,satellite,2,169,53.2187,344.5394,79.383,53.4947,132.8776,6917.6654,541.5635,-3724.667370095752,4177.025784705341,4057.0145631577793,5592.973222225262,198.348076422323,4057.0145631577793,36.1079,2.0311,14
3083,STARLINK-3651,satellite,2,169,53.2359,344.4971,61.865,310.8842,12.7492,6923.632,539.6212,6745.292516071016,-922.8691664905691,1222.878567275708,-5018.121949038925,-4600.990190208671,1222.878567275708,10.2448,-137.4831,3
3084,STARLINK-3645,satellite,2,169,53.2082,344.3033,107.5238,190.5456,298.0694,6914.6692,556.0207,2146.412054824996,-4403.7230662100055,-4892.2775695639075,-4759.43521022237,1160.8781299790492,-4892.2775695639075,-45.1378,166.2926,12
3085,STARLINK-3644,satellite,2,169,53.2219,344.4548,86.8973,51.2136,138.1109,6918.7851,540.7307,-4217.260606247794,4041.481922547669,3696.8904682374528,5803.2769137784,663.9579906106727,3696.8904682374528,32.4905,6.5269,12
3086,STARLINK-3640,satellite,2,169,53.21,344.4991,71.6047,166.5079,238.1125,6915.3906,554.855,-4464.955398432581,-2414.9832265747714,-4707.554680645724,993.3238912740754,4978.079784580986,-4707.554680645724,-43.0186,78.7154,3
3087,STARLINK-3642,satellite,2,169,53.2327,344.4634,108.6833,49.4782,158.1615,6922.5453,539.5936,-5772.478792197167,3203.114780304606,2060.8648939485633,6151.431664487989,2396.110218522181,2060.8648939485633,17.4382,21.2819,4
3088,STARLINK-3657,satellite,2,121,53.2246,324.4564,73.4202,254.5156,327.9357,6920.7433,547.6015,3494.10450940686,-5200.02235953521,-2943.31685442591,-6232.900164723382,632.4194801828315,-2943.31685442591,-25.3013,174.2063,7
3089,STARLINK-3652,satellite,2,169,53.2349,344.4919,130.3811,67.7538,198.135,6923.0539,544.0299,-6682.329810545125,516.1358927439285,-1725.6834365256318,4664.935025477285,4812.3080912129735,-1725.6834365256318,-14.5247,45.8909,4
3090,STARLINK-3643,satellite,2,121,53.2278,324.4984,77.9949,309.9452,27.9401,6921.5439,539.9705,6099.748387135543,-1968.6488834379797,2595.3557112763933,-5410.545742024553,-3436.3503293587873,2595.3557112763933,22.1677,-147.5795,9
3091,STARLINK-3648,satellite,2,169,53.2018,344.4884,82.3178,175.7378,258.0557,6912.4657,558.7322,-2465.86047209723,-3526.5053478686546,-5424.132811017253,-1138.7286092973425,4149.699385589941,-5424.132811017253,-51.7463,105.3449,4
3092,STARLINK-3647,satellite,2,121,53.2158,324.5034,101.2032,306.7443,47.9475,6917.4712,541.9206,5554.18996783513,-186.17668306619447,4110.789574569693,-3690.532131601158,-4154.956141975189,4110.789574569693,36.6604,-131.6123,50
3093,STARLINK-3636,satellite,2,121,53.2357,324.4693,47.0934,300.7506,347.844,6923.7416,542.6899,4998.569298041314,-4641.217864261701,-1167.384428496344,-6763.759458675314,-882.1316659339484,-1167.384428496344,-9.7709,-172.5694,5
3094,STARLINK-3538,satellite,2,121,53.2045,324.4937,119.7936,308.1905,67.9841,6913.6962,544.2388,4337.515339163368,1619.22734559824,5130.300861854009,-1524.2537577755922,-4371.794482374213,5130.300861854009,48.1113,-109.2214,96
3095,STARLINK-3589,satellite,2,121,53.2357,324.4878,57.6972,310.2293,7.9265,6924.0029,539.8754,5908.85711274832,-3515.1987343743567,764.2339705665607,-6478.675496860356,-2301.7337655351694,764.2339705665607,6.3817,-160.441,9
3096,STARLINK-3618,satellite,2,121,53.2156,324.5014,73.9862,154.0455,228.0317,6917.4618,552.2998,-5558.734125163856,178.93531573657293,-4122.385058028247,3687.86221325495,4163.077613680201,-4122.385058028247,-36.7162,48.4639,4
3097,STARLINK-3653,satellite,2,121,53.2129,324.3662,108.1274,199.9046,308.0319,6916.6275,553.3165,1564.119415803342,-5138.955587545184,-4367.092666855625,-4953.294448977987,2078.511048654474,-4367.092666855625,-39.2838,157.236,19
3098,STARLINK-3659,satellite,2,121,53.2059,324.5072,71.8897,171.0483,242.938,6914.514,556.1326,-4708.5247799021245,-1177.7596750766907,-4937.179184957465,2100.9072148654827,4375.329968095579,-4937.179184957465,-45.6661,64.351,4
3099,STARLINK-3668,satellite,2,121,53.2047,324.532,74.5711,173.4725,248.0436,6913.6945,557.3226,-4340.122390464431,-1630.36286541188,-5142.182920468343,1517.3501873159555,4380.912444477402,-5142.182920468343,-48.1378,70.8962,4
3100,STARLINK-3712,satellite,2,178,53.2242,34.4523,87.5604,235.2864,322.8468,6919.8002,549.125,5965.403011977643,1057.2929743509726,-3348.6579453633276,-2996.3297831591194,-5265.53979753999,-3348.6579453633276,-29.0811,-119.6418,4
3101,STARLINK-3716,satellite,2,178,53.2101,34.4529,109.6684,193.3003,302.9686,6915.6069,554.8118,5074.572059525631,-737.000757963846,-4651.584288896712,-3808.0668600889503,-3434.1051954839368,-4651.584288896712,-42.3883,-137.9559,4
3102,STARLINK-3673,satellite,2,178,53.2376,34.4854,51.4882,306.2101,357.6983,6924.2236,541.0463,5792.823623350242,3777.356966575186,-222.61710860457657,-793.0632142177683,-6869.955016041466,-222.61710860457657,-1.8552,-96.585,3
3103,STARLINK-3714,satellite,2,178,53.234,34.4645,46.249,296.6618,342.9108,6923.1665,543.4816,6142.640860488341,2739.7583481871984,-1629.1157029223186,-1814.8952163518634,-6476.454886823926,-1629.1157029223186,-13.6969,-105.6545,4
3104,STARLINK-3701,satellite,2,178,53.2202,34.5011,94.7588,308.0846,42.8434,6918.5042,541.0344,2582.898800669732,5190.421910841494,3764.979040230034,2344.337546036739,-5302.445407289644,3764.979040230034,33.1622,-66.1486,59
3105,STARLINK-3717,satellite,2,172,53.2325,24.4594,107.7283,50.3946,158.1229,6922.5503,539.6846,-6480.560557917815,-1253.2264081281041,2064.3515493748087,3174.5757165458917,5787.0813537384165,2064.3515493748087,17.4684,61.2525,5
3106,STARLINK-3665,satellite,2,178,53.2313,34.4934,72.5359,310.3471,22.883,6922.3954,539.648,4339.7019950502545,4934.917611895223,2154.1827350957046,1025.7206313651332,-6491.095626196607,2154.1827350957046,18.2544,-81.0204,33
3107,STARLINK-3702,satellite,2,178,53.2083,34.4958,116.0399,306.8997,62.9396,6914.5271,543.6867,503.67413390993033,4818.380906555278,4928.527554049205,3385.9879525294546,-3464.905161638882,4928.527554049205,45.6691,-45.66,10
3108,STARLINK-3703,satellite,2,178,53.2376,34.671,52.1922,310.5984,2.7906,6924.2012,539.7306,5568.034766396872,4096.41610299601,269.8212020985718,-403.98728878028436,-6900.75577883997,269.8212020985718,2.2492,-93.3504,5
3109,STARLINK-3709,satellite,2,172,53.2134,24.4992,107.4374,305.3124,52.7498,6916.4719,542.5719,2440.8497097814616,4733.071170141888,4406.354944911399,2083.1353448391365,-4901.046535430007,4406.354944911399,39.7795,-66.9726,60
3110,STARLINK-3705,satellite,2,172,53.2347,24.4904,130.0128,68.0815,198.0943,6923.0405,544.0013,-5453.359218860708,-3897.873507580689,-1721.9325582105485,483.52328857480745,6685.712368958019,-1721.9325582105485,-14.4925,85.8635,4
3111,STARLINK-3706,satellite,2,172,53.2139,24.4998,71.0755,161.7266,232.8021,6916.4685,553.6434,-2439.191727839741,-4740.632676581165,-4416.494714664114,-2090.0127004450383,4904.60002155215,-4416.494714664114,-39.8124,113.0805,7
3112,STARLINK-3670,satellite,2,178,53.211,34.4538,69.3099,53.7325,123.0424,6915.6878,543.0596,-5070.445124628938,729.0009364723454,4639.87742568969,3799.275391781812,3436.038798478865,4639.87742568969,42.3458,42.126,5
3113,STARLINK-3658,satellite,2,172,53.2019,24.4853,81.4265,176.6205,258.0471,6912.5279,558.7033,376.6149531861551,-4286.78365462857,-5423.9453402984545,-3539.1430064275646,2448.023632363247,-5423.9453402984545,-51.7441,145.3284,9
3114,STARLINK-3698,satellite,2,172,53.2234,24.4988,89.6722,128.433,218.1053,6919.5676,549.5205,-3896.145615972206,-4586.069226655611,-3421.673257336426,-1040.571712512684,5926.988453140048,-3421.673257336426,-29.7753,99.9577,7
3115,STARLINK-3687,satellite,2,172,53.211,24.4982,71.299,166.8026,238.1016,6915.3892,555.0023,-1869.3781048052635,-4720.0839534879915,-4707.1587352167735,-2438.1213562367802,4453.0137299319285,-4707.1587352167735,-43.013,118.7017,7
3116,STARLINK-3708,satellite,2,172,53.2222,24.4509,99.4157,218.5057,317.9214,6918.7571,550.8485,5827.158348962484,-401.7019039563031,-3715.92278862179,-4030.710978134057,-4227.352345650276,-3715.92278862179,-32.6243,-133.6359,3
3117,STARLINK-3734,satellite,2,172,53.2157,24.3884,103.2742,207.7997,311.0739,6908.1328,543.2638,5425.792592302697,-966.753717709904,-4174.181637263859,-4209.170711910765,-3557.6284127751965,-4174.181637263859,-37.3108,-139.7952,4
3118,STARLINK-3736,satellite,2,172,53.2369,24.4734,51.7987,306.102,357.9007,6924.2347,541.1275,6356.193554598789,2726.4516732840707,-203.0530151633274,-1961.5233300439093,-6632.281768439136,-203.0530151633274,-1.6921,-106.4758,4
3119,STARLINK-3737,satellite,2,172,53.208,24.4539,107.514,190.443,297.957,6914.6975,555.9269,4470.726127074242,-1990.4256774363162,-4897.2899259914975,-4386.901553510418,-2168.935508610144,-4897.2899259914975,-45.1974,-153.6917,4
3120,STARLINK-3685,satellite,2,172,53.223,24.4992,90.8452,307.0696,37.9148,6919.5844,540.8184,3908.5984716510766,4576.390590942362,3402.8733175113694,1025.170941069972,-5930.38931226649,3402.8733175113694,29.6368,-80.1924,78
3121,STARLINK-3735,satellite,2,172,53.2328,24.4579,52.6122,285.2966,337.9088,6922.5291,544.9596,6482.630330920034,1236.9465123098475,-2085.1264064548895,-3188.424731071864,-5778.276595661478,-2085.1264064548895,-17.6359,-118.8897,4
3122,STARLINK-3738,satellite,2,172,53.2018,24.4856,123.4224,314.6032,78.0256,6912.4848,545.0634,-373.4628146791511,4279.102403346939,5412.825667960108,3531.2192421145855,-2445.54339900099,5412.825667960108,51.7386,-34.7045,7
3123,STARLINK-3743,satellite,2,172,53.2342,24.4897,67.919,309.9824,17.9015,6923.0979,539.5811,5461.979158226086,3886.266199173034,1703.09373562706,-497.96018976188617,-6684.932082313422,1703.09373562706,14.34,-94.2601,17
3124,STARLINK-3558,satellite,2,172,53.2071,24.4566,65.275,52.7912,118.0663,6914.7018,543.5278,-4471.918197866447,1978.5235117792872,4883.522970415984,4378.504361363849,2177.454296326397,4883.522970415984,45.139,26.4414,10
3125,STARLINK-3534,satellite,2,172,53.209,24.4967,113.3762,304.6105,57.9867,6915.4143,543.2784,1878.7913653669818,4713.09056182822,4693.205914477364,2426.7281233609697,-4455.790642956727,4693.205914477364,42.9455,-61.4263,36
3126,STARLINK-3678,satellite,2,112,53.2269,14.4999,103.9792,109.1102,213.0894,6920.5957,547.9944,-5048.248492270699,-3642.3165050466473,-3027.073366266144,421.4399020268408,6210.770545723632,-3027.073366266144,-26.072,86.1181,4
3127,STARLINK-3726,satellite,2,172,53.201,24.4712,68.3842,29.6498,98.034,6912.1951,545.1068,-2576.667259553345,3330.2090667371194,5478.642084328029,4208.172617833279,-144.1867301469448,5478.642084328029,52.6269,-1.9624,19
3128,STARLINK-3725,satellite,2,112,53.2368,14.2907,46.874,300.9687,347.8427,6923.6839,542.5282,6770.82882084528,824.606583694531,-1167.4956819969,-3689.776317575046,-5736.693269238279,-1167.4956819969,-9.7721,-122.7487,4
3129,STARLINK-3727,satellite,2,112,53.1999,14.4737,92.7376,180.2151,272.9527,6912.0525,559.4424,1380.586007935608,-3921.469219431436,-5536.804913053816,-3899.2415075659173,1442.169972621413,-5536.804913053816,-53.2681,159.7026,7
3130,STARLINK-3732,satellite,2,112,53.2134,14.4994,71.9399,161.1398,233.0798,6916.4134,553.7001,-3196.4065656472667,-4250.077273884727,-4432.652648999765,-1228.9307687447,5173.963754466874,-4432.652648999765,-39.9865,103.3614,7
3131,STARLINK-3715,satellite,2,112,53.2062,14.4597,105.2958,187.6995,292.9952,6913.8539,557.0686,3572.2086902868205,-3020.979414969778,-5103.79332406769,-4606.043753911414,-819.36102524191,-5103.79332406769,-47.6665,-169.9133,8
3132,STARLINK-3661,satellite,2,112,53.2309,14.4549,59.8318,273.1271,332.9588,6921.667,546.1161,6439.7839143472675,-285.12213482817447,-2520.663820135865,-4332.267801920238,-4773.213507449669,-2520.663820135865,-21.4778,-132.2275,4
3133,STARLINK-3718,satellite,2,112,53.2182,14.4534,103.1713,209.8089,312.9802,6917.6571,551.9562,5327.067709549607,-1758.5851527024918,-4056.342023209797,-4755.420185758318,-2975.9453923608967,-4056.342023209797,-36.0381,-147.9616,4
3134,STARLINK-3707,satellite,2,112,53.2267,14.4967,84.1288,308.8022,32.931,6920.6124,540.3602,5055.397094297647,3631.35273314747,3010.904180732604,-434.4419190131045,-6209.269093264915,3010.904180732604,25.9534,-94.0023,69
3135,STARLINK-3721,satellite,2,112,53.2368,14.4879,63.6836,309.1706,12.8542,6923.6309,539.4449,6298.703619021377,2578.7826170534017,1232.7666576107852,-2038.435454904988,-6493.732975914245,1232.7666576107852,10.3288,-107.4275,12
3136,STARLINK-3729,satellite,2,112,53.1994,14.4889,98.6561,349.1194,87.7755,6912.0234,545.4443,-775.1455198609463,4071.6730143989507,5528.7353296218125,3628.146701338416,-2003.9768528384514,5528.7353296218125,53.3117,-28.9137,9
3137,STARLINK-3720,satellite,2,112,53.2149,14.4996,107.6419,305.2853,52.9271,6916.4473,542.6303,3207.226371287887,4240.4590361978035,4416.799469519515,1214.6194461128207,-5176.146581722803,4416.799469519515,39.892,-76.7941,86
3138,STARLINK-3733,satellite,2,112,53.2051,14.4578,60.0671,53.0043,113.0713,6913.8818,544.1762,-3573.1321277235465,3011.387220877329,5091.3457237317425,4599.252481166157,826.1978036284233,5091.3457237317425,47.6307,10.1838,21
3139,STARLINK-3723,satellite,2,112,53.203,14.4882,121.3354,311.5917,72.9271,6913.0681,544.6804,974.3638843607105,4338.450889848154,5289.631639852048,2716.0759098057765,-3520.578468795071,5289.631639852048,50.1238,-52.3503,13
3140,STARLINK-3730,satellite,2,172,53.2381,24.4753,126.5405,51.6009,178.1414,6924.2225,540.4721,-6349.2158194399435,-2742.6437255285355,179.76222394441723,1944.607361329558,6637.253824984424,179.76222394441723,1.4981,73.6703,4
3141,STARLINK-3682,satellite,2,112,53.2176,14.4495,79.7646,53.383,133.1476,6917.6942,541.8562,-5331.443213077124,1744.7567706074328,4039.373427229269,4747.573950856824,2988.1439898358863,4039.373427229269,35.925,32.1865,7
3142,STARLINK-3761,satellite,2,124,53.2293,54.409,101.7537,51.3082,153.0619,6921.7612,539.9449,-5112.9669090192265,-3921.8318303783644,2509.4924279587726,247.69075474332786,6439.087265172698,2509.4924279587726,21.3982,87.7971,4
3143,STARLINK-3786,satellite,2,124,53.2169,54.4543,79.7922,53.2879,133.0801,6917.72,541.6847,-5204.607667920761,-2084.010789639776,4043.6822801430903,1720.3926538365704,5335.849610412548,4043.6822801430903,35.9702,72.1296,4
3144,STARLINK-3795,satellite,2,124,53.2363,54.4706,122.2697,50.8199,173.0897,6924.0929,540.1067,-4396.440995032919,-5299.623782540167,666.8046711200411,-1270.118961327017,6767.680805368185,666.8046711200411,5.5652,100.6293,4
3145,STARLINK-3740,satellite,2,124,53.2345,54.4871,131.8491,61.0568,192.9059,6923.7449,542.9024,-3165.336130613297,-6028.162023487809,-1238.2159773975982,-2616.982337001654,6285.657773774194,-1238.2159773975982,-10.3697,112.604,4
3146,STARLINK-3739,satellite,2,124,53.2248,54.4973,104.5679,108.4879,213.0558,6920.6429,547.9152,-1529.0646848782471,-6035.679562389495,-3024.2351078238034,-3667.797857041336,5031.374113527142,-3024.2351078238034,-26.0461,126.0915,11
3147,STARLINK-3748,satellite,2,124,53.2152,54.5097,72.955,160.0694,233.0244,6916.4509,553.662,279.0895418356018,-5313.164263136574,-4429.5167545269705,-4266.640400924806,3178.582254501184,-4429.5167545269705,-39.9529,143.3144,14
3148,STARLINK-3746,satellite,2,124,53.2288,54.378,61.0048,271.9465,332.9514,6921.7069,546.2586,5122.019348229389,3913.5439159311168,-2521.2902124031084,-259.84965799861294,-6440.759764251084,-2521.2902124031084,-21.483,-92.3103,4
3149,STARLINK-3791,satellite,2,124,53.2028,54.4892,77.6247,175.4225,253.0472,6913.0414,557.985,2056.444664472322,-3947.507428899867,-5303.18742001821,-4350.925421512034,938.7372026806282,-5303.18742001821,-50.1669,167.8247,9
3150,STARLINK-3804,satellite,2,124,53.2053,54.4863,106.4203,186.558,292.9784,6913.8667,557.05,4677.676386776091,-17.713444357566907,-5104.354500117299,-3001.1029501681237,-3588.0846182895157,-5104.354500117299,-47.6736,-129.9094,4
3151,STARLINK-3788,satellite,2,124,53.1992,54.4713,92.3823,180.6073,272.9896,6912.0535,559.2872,3580.624808825165,-2113.0314005473497,-5536.446467507251,-3912.7672840666337,-1405.712595807251,-5536.446467507251,-53.2649,-160.2385,4
3152,STARLINK-3781,satellite,2,124,53.2135,54.4904,108.2859,199.4642,307.7501,6916.5831,553.5353,5130.213346308697,1546.1625853753148,-4383.976020616486,-2086.745172111641,-4935.099016810818,-4383.976020616486,-39.4633,-112.9205,4
3153,STARLINK-3782,satellite,2,119,53.201,44.8491,61.0987,41.5139,102.6126,6912.5574,544.7863,-3918.299255791161,1799.5605095534015,5399.484845488223,3887.217597349121,1865.7509041501191,5399.484845488223,51.5635,25.6396,12
3154,STARLINK-3790,satellite,2,124,53.2361,54.468,48.1094,304.7361,352.8456,6924.0694,541.6652,4409.815352386851,5287.493914956702,-690.3908324201893,1252.2434741780776,-6770.225226994249,-690.3908324201893,-5.7614,-79.5208,5
3155,STARLINK-3784,satellite,2,124,53.2167,54.451,103.4905,209.4429,312.9333,6917.6813,552.1668,5210.959731326384,2072.0838489573384,-4059.472169763686,-1733.6270917718214,-5333.120091024556,-4059.472169763686,-36.069,-108.0077,4
3156,STARLINK-3778,satellite,2,124,53.2344,54.4845,65.3108,307.5348,12.8455,6923.6274,540.0969,3168.7294294153417,6024.433611680584,1232.0254970849846,2611.946198929592,-6285.887653489116,1232.0254970849846,10.3215,-67.4359,10
3157,STARLINK-3780,satellite,2,124,53.2254,54.4962,83.5307,309.3703,32.901,6920.6322,540.27,1541.0668223721864,6031.826796317865,3008.376828944299,3657.1678580091198,-5038.148936875481,3008.376828944299,25.9304,-54.0243,7
3158,STARLINK-3764,satellite,2,124,53.1989,54.4739,77.9191,15.0871,93.0063,6912.0221,545.2282,-3574.589954153119,2106.9235399892245,5525.0988193052235,3904.213126172756,1404.9697538073474,5525.0988193052235,53.2638,19.7918,16
3159,STARLINK-3779,satellite,2,124,53.2364,54.4795,57.4884,310.2049,7.6934,6924.0302,539.8596,3531.8602986462047,5901.762769355614,741.9009798129042,2285.633606971626,-6486.965389886644,741.9009798129042,6.1945,-70.5905,10
3160,STARLINK-3783,satellite,2,119,53.2136,44.4527,71.5285,56.5975,128.1261,6916.6544,542.7531,-5326.796221807449,-664.3291681016206,4354.870188830273,2890.8527565330974,4523.169416714091,4354.870188830273,39.2245,57.4165,5
3161,STARLINK-3789,satellite,2,124,53.2124,54.4976,106.4443,306.4914,52.9357,6916.4382,542.5093,-269.58820878451724,5309.516405933425,4417.0777730927075,4257.765254708668,-3183.5636169216828,4417.0777730927075,39.8958,-36.7857,5
3162,STARLINK-3561,satellite,2,119,53.2356,44.4666,117.6741,50.431,168.105,6923.7206,539.7679,-5428.3852311935425,-4132.470789799145,1142.2018745375597,287.05437450337763,6816.324583884031,1142.2018745375597,9.5623,87.5885,4
3163,STARLINK-3802,satellite,2,119,53.2289,44.4963,117.0304,91.0376,208.068,6921.5078,546.4985,-2990.1130943077305,-5671.151311216793,-2608.7579417261472,-2454.177262109553,5922.81584025799,-2608.7579417261472,-22.2659,112.5072,8
3164,STARLINK-3822,satellite,2,124,53.2043,54.4592,60.4908,52.5585,113.0493,6913.8813,544.1311,-4671.9651017903525,12.360573691476045,5092.0962023891425,2993.336397938097,3587.1085716643565,5092.0962023891425,47.6403,50.156,5
3165,STARLINK-3776,satellite,2,119,53.216,44.5009,73.5945,154.4834,228.0779,6917.4642,552.379,-1137.024433401118,-5441.919691952842,-4125.436943333078,-3461.291847347316,4350.491149663709,-4125.436943333078,-36.7473,128.5061,14
3166,STARLINK-3751,satellite,2,119,53.2268,44.4551,96.8622,51.2273,148.0895,6920.8331,540.258,-5722.111795471825,-2548.9298791050237,2927.687445706448,1693.1570845657734,6030.9888090973,2927.687445706448,25.1864,74.3183,5
3167,STARLINK-3772,satellite,2,119,53.2006,44.4661,99.1143,183.6756,282.7898,6912.6092,558.6094,3926.973313413983,-1812.7488765960513,-5406.498175904197,-3902.905661502394,-1864.002492294041,-5406.498175904197,-51.5128,-154.4712,4
3168,STARLINK-3753,satellite,2,119,53.2138,44.4524,107.9066,200.0386,307.9451,6916.6209,553.443,5328.352615745788,647.5150238236399,-4372.377445367135,-2904.784989014037,-4513.628415299717,-4372.377445367135,-39.3395,-122.7637,4
3169,STARLINK-3771,satellite,2,119,53.2071,44.5053,71.8808,170.9653,242.8461,6914.5416,556.1145,332.8345035112229,-4846.209142603334,-4933.206900703615,-3941.6509396614656,2838.99801522396,-4933.206900703615,-45.6192,144.2365,13
3170,STARLINK-3777,satellite,2,119,53.2256,44.4535,68.9128,258.902,327.8148,6920.7991,547.3784,5727.294083298239,2526.978197819452,-2953.158246516174,-1713.3583051184253,-6020.956705301872,-2953.158246516174,-25.3926,-105.8845,4
3171,STARLINK-3765,satellite,2,119,53.1995,44.4777,88.3855,179.6178,268.0033,6912.0194,559.3141,2732.0010823167804,-3126.578213287416,-5540.647903286408,-4150.68834126707,-105.3922732139481,-5540.647903286408,-53.3226,-178.5455,7
3172,STARLINK-3766,satellite,2,119,53.2294,44.4953,77.9854,309.921,27.9063,6921.5682,539.8738,3001.1352551741907,5664.744877636585,2592.486399513055,2442.2081342647766,-5927.205646634032,2592.486399513055,22.1422,-67.6067,22
3173,STARLINK-3758,satellite,2,119,53.2032,44.4627,102.6396,185.3384,287.978,6913.1626,557.8979,4288.160940786796,-1318.4525090634163,-5273.4875914476825,-3753.230714402169,-2457.620897781695,-5273.4875914476825,-49.786,-146.7832,4
3174,STARLINK-3760,satellite,2,119,53.2045,44.1055,75.286,172.9993,248.2854,6913.6827,557.2622,841.9930353703218,-4549.2603260708875,-5150.79408381038,-4038.335776265035,2257.557517343158,-5150.79408381038,-48.2452,150.7934,14
3175,STARLINK-3769,satellite,2,119,53.1993,44.4765,94.5734,353.4624,88.0359,6912.0026,545.3127,-2729.2819287867464,3117.634348079377,5529.5371287483695,4142.069548387747,109.01207018101479,5529.5371287483695,53.3243,1.5076,18
3176,STARLINK-3768,satellite,2,119,53.2359,44.466,47.8752,299.9916,347.8668,6923.7528,542.7415,5438.260466955224,4117.969796248048,-1165.2374239276019,-304.5196354843793,-6814.662129619024,-1165.2374239276019,-9.7527,-92.5586,4
3177,STARLINK-3564,satellite,2,178,53.2238,34.4524,91.6352,51.4714,143.1066,6919.8378,540.6018,-5965.213259831765,-1079.0278822335606,3324.4914908072756,2979.483928946133,5279.275132351208,3324.4914908072756,28.8907,60.5608,5
3178,STARLINK-3742,satellite,2,119,53.2039,44.4919,119.8815,308.0774,67.9588,6913.7319,544.2428,-838.8326005396099,4554.35274572343,5129.353745075118,4040.235850021789,-2263.2417768336877,5129.353745075118,48.0995,-29.2565,9
3179,STARLINK-3744,satellite,2,178,53.2342,34.463,113.6367,49.4992,163.1358,6923.2255,539.5692,-6137.005441104291,-2755.3679109339632,1607.3965842903474,1799.284755451987,6482.087817790372,1607.3965842903474,13.5187,74.4865,4
3180,STARLINK-3724,satellite,2,119,53.2166,44.605,100.4191,307.4566,47.8757,6917.5126,541.8316,1145.2348744436545,5441.4523665031165,4106.131533242101,3455.688518536171,-4356.510488616046,4106.131533242101,36.6127,-51.5777,10
3181,STARLINK-3747,satellite,2,178,53.2393,34.4852,132.9686,50.1681,183.1368,6924.2259,540.3587,-5565.867324143783,-4098.06619586156,-303.29155723401266,401.3332969475971,6900.141824658091,-303.29155723401266,-2.5281,86.6713,3
3182,STARLINK-3755,satellite,2,119,53.2021,44.4593,58.0323,50.0434,108.0757,6913.159,544.5718,-4286.376847730502,1306.8436126720146,5260.3505374204715,3743.1584137145214,2463.6622736446457,5260.3505374204715,49.748,33.352,9
3183,STARLINK-3756,satellite,2,178,53.2314,34.4919,126.6109,76.3989,203.0098,6922.4264,545.2181,-4333.600685182348,-4942.345017996303,-2167.2171366676002,-1035.332601242383,6491.144396817133,-2167.2171366676002,-18.3533,99.0623,4
3184,STARLINK-3688,satellite,2,178,53.2188,34.5658,79.51,143.5268,223.0368,6918.5067,551.0633,-2561.7788706683546,-5200.316034882385,-3784.0499895746434,-2365.43949776763,5292.512997363209,-3784.0499895746434,-33.2969,114.0818,8
3185,STARLINK-3750,satellite,2,178,53.2079,34.4984,71.5506,171.5085,243.0592,6914.4806,556.3272,-491.5270936269973,-4823.172653075775,-4942.755222632444,-3397.433026565436,3458.618532759841,-4942.755222632444,-45.7305,134.4887,12
3186,STARLINK-3752,satellite,2,178,53.201,34.4166,58.5099,44.5775,103.0873,6912.6208,544.9234,-3569.5019700160715,2441.555882550945,5389.430388519387,4158.457869918024,1187.3363405895539,5389.430388519387,51.4283,15.9353,17
3187,STARLINK-3749,satellite,2,178,53.1998,34.4826,112.132,330.8731,83.005,6912.1698,545.2415,-1632.3363027629948,3862.9422314681033,5491.735433514976,4014.990267814888,-1211.0729285759242,5491.735433514976,52.8043,-16.7853,13
3188,STARLINK-3889,satellite,2,168,53.2208,154.4562,89.3107,53.7671,143.0778,6919.8138,541.1261,3914.9914226809838,-4627.3609694742445,3326.837790897959,-6061.052481454479,-57.185649719120256,3326.837790897959,28.9106,-179.4594,3
3189,STARLINK-3831,satellite,2,168,53.1991,154.4974,118.4916,319.2496,77.7412,6912.5407,545.0366,-3065.818333003274,-3019.1622116243802,5406.876892387045,-365.1634636124498,4287.334621407822,5406.876892387045,51.6594,94.8683,4
3190,STARLINK-3847,satellite,2,168,53.1998,154.4704,56.7676,46.2275,102.9951,6912.6143,545.225,-336.13973745026607,-4309.33833759304,5391.581627171095,-3101.2863089731363,3010.881940680846,5391.581627171095,51.4538,135.8474,6
3191,STARLINK-3880,satellite,2,168,53.2329,154.4658,113.5112,49.6361,163.1473,6923.2286,539.7883,5455.774384222598,-3936.4696239580694,1606.3618262803043,-6513.46822587016,-1684.0424289381467,1606.3618262803043,13.5094,-165.5038,9
3192,STARLINK-3814,satellite,2,168,53.2357,154.481,130.6105,52.5621,183.1726,6924.1981,540.9922,6333.24528238797,-2769.4152584684757,-306.7711646976503,-6175.849254923604,-3104.6002417681816,-306.7711646976503,-2.5569,-153.3113,4
3193,STARLINK-3823,satellite,2,168,53.222,154.2506,86.6091,236.3726,322.9817,6919.8016,548.8519,-3894.0362885898335,4648.452707609845,-3338.028514371604,6063.898907453086,27.590431838637254,-3338.028514371604,-28.9814,0.2607,4
3194,STARLINK-3797,satellite,2,168,53.2082,154.4581,67.1557,55.9156,123.0713,6915.6534,543.3909,1907.3756631191047,-4756.161703831786,4638.409163245758,-4877.966727724169,1569.9033971780207,4638.409163245758,42.3268,162.16,5
3195,STARLINK-3792,satellite,2,168,53.1982,154.1259,111.1025,332.0984,83.2009,6912.1904,545.241,-2529.7141322622488,-3341.207001946063,5493.881302632767,-955.3633188965058,4080.490013433165,5493.881302632767,52.8337,103.1773,3
3196,STARLINK-3818,satellite,2,162,53.1975,144.4695,60.4067,37.6359,98.0426,6912.2354,545.501,-1595.2257445282062,-3897.5387789180027,5478.589714186881,-1980.2777086669248,3716.726234972395,5478.589714186881,52.6219,118.0488,4
3197,STARLINK-3843,satellite,2,168,53.198,154.4342,84.4324,178.6008,263.0332,6912.1996,558.6633,2534.118986225079,3351.306160690996,-5502.603354206603,960.3212306100954,-4090.329467545537,-5502.603354206603,-52.8067,-76.7875,8
3198,STARLINK-3850,satellite,2,162,53.1987,144.6021,120.9361,317.0328,77.969,6912.4924,545.1177,-3519.2180269802825,-2465.8251651193946,5411.5177771467825,350.1915504543282,4282.820933024106,5411.5177771467825,51.7206,85.3255,4
3199,STARLINK-3849,satellite,2,168,53.2062,154.498,114.1671,308.7587,62.9258,6914.5451,543.5021,-4425.707502940713,-1972.2250395710514,4927.656818752098,1308.9529798462952,4665.104565264133,4927.656818752098,45.6603,74.3267,4
3200,STARLINK-3851,satellite,2,162,53.218,144.5217,85.2516,52.798,138.0496,6918.7922,541.3583,2580.9314291174423,-5237.607537483099,3701.4329234321817,-5678.608788493492,1359.0960178554142,3701.4329234321817,32.5319,166.5402,4
3201,STARLINK-3852,satellite,2,162,53.2369,144.6365,46.9191,305.5657,352.4848,6924.0779,541.7886,-5281.0151213163335,4412.178337724077,-725.0297259584046,6767.9057215957155,1245.7489871741184,-725.0297259584046,-6.0514,10.4295,5
3202,STARLINK-3812,satellite,2,162,53.237,144.4832,122.5869,50.2847,172.8716,6924.0835,540.007,5288.8034652833385,-4406.059028011614,687.736271591827,-6768.171160355086,-1255.6501888875698,687.736271591827,5.7406,-169.4898,4
3203,STARLINK-3826,satellite,2,162,53.2035,144.4692,59.3055,53.5564,112.8619,6913.8247,544.3723,-31.60115884625733,-4664.374727574552,5099.250586757071,-3568.9795923915203,3003.2940085128957,5099.250586757071,47.7262,139.9194,7
3204,STARLINK-3829,satellite,2,162,53.2217,144.5019,88.442,129.6041,218.0461,6919.5571,549.3316,5921.329493456676,-1085.9887961110655,-3417.000697919259,-4617.402765248359,-3862.7847906446277,-3417.000697919259,-29.7315,-140.0851,4
3205,STARLINK-3819,satellite,2,162,53.2302,144.4615,108.1415,49.9968,158.1383,6922.5302,539.8328,4327.0022029643505,-4985.29423314638,2062.9516733575583,-6599.613701262268,-145.6215973413492,2062.9516733575583,17.4558,-178.736,4
3206,STARLINK-3754,satellite,2,162,53.2077,144.4993,70.138,167.8998,238.0378,6915.4485,555.3124,5026.690073125369,735.6852237255941,-4703.909007165529,-2644.277821314977,-4337.815192394326,-4703.909007165529,-42.9738,-121.366,4
3207,STARLINK-3838,satellite,2,162,53.2048,144.4594,107.7979,190.1719,297.9697,6914.6933,555.5389,-513.2454761930582,4867.317205421851,-4896.234476306884,4073.115607561009,-2713.655642205019,-4896.234476306884,-45.1883,-33.673,4
3208,STARLINK-3807,satellite,2,162,53.2004,144.4887,80.4134,177.6582,258.0715,6912.5036,558.3934,3521.7937267702314,2471.74050670698,-5424.083986030129,-347.2848009819586,-4288.580820437123,-5424.083986030129,-51.7492,-94.6297,5
3209,STARLINK-3877,satellite,2,162,53.1985,144.473,95.8321,182.0896,277.9217,6912.2502,558.86,1610.4905235264896,3897.6747204136223,-5490.868837713947,1970.633218569147,-3728.559060869472,-5490.868837713947,-52.6445,-62.1425,7
3210,STARLINK-3801,satellite,2,162,53.2301,144.4899,50.2819,287.6533,337.9352,6922.4986,544.7686,-4317.160656871912,4992.440930859987,-2082.6334329176348,6598.827510900422,133.4843314872036,-2082.6334329176348,-17.6147,1.1588,4
3211,STARLINK-3821,satellite,2,162,53.2157,144.4521,95.8623,222.0634,317.9257,6918.7457,550.2372,-2565.7513143694437,5247.160201951224,-3714.971867283365,5676.264389148465,-1376.8778364888951,-3714.971867283365,-32.6182,-13.6348,4
3212,STARLINK-3837,satellite,2,162,53.2077,144.4989,112.2338,305.7229,57.9568,6915.3976,543.1619,-5022.830638918593,-727.0227223400908,4691.519550995964,2648.478589075727,4329.312974279591,4691.519550995964,42.9273,58.5436,4
3213,STARLINK-3853,satellite,2,162,53.2278,144.4699,59.5381,273.1946,332.7327,6921.6532,546.1564,-3903.6532613437794,5120.112248463491,-2540.0294264645086,6432.9754567829705,-266.24235969077625,-2540.0294264645086,-21.6509,-2.37,4
3214,STARLINK-3728,satellite,2,162,53.2323,144.4911,67.4293,310.5026,17.932,6923.0722,539.6945,-6097.087780093939,2784.564913360669,1705.883436449945,6036.6809126884455,2913.2052302014595,1705.883436449945,14.3637,25.7612,4
3215,STARLINK-3848,satellite,2,146,53.2029,134.4592,59.7205,53.4108,113.1313,6913.8493,544.193,-815.5273677904327,-4603.848389721563,5088.949512787846,-3021.7385437003636,3567.8566474387144,5088.949512787846,47.601,130.2624,7
3216,STARLINK-3830,satellite,2,162,53.2215,144.5012,89.658,308.2722,37.9302,6919.5762,540.7516,-5917.179311617745,1095.0936088338347,3403.9430168490717,4621.758193930132,3853.776357650434,3403.9430168490717,29.6473,39.8225,5
3217,STARLINK-3820,satellite,2,146,53.2332,134.4006,134.1475,58.9687,193.1161,6923.635,542.7876,5387.13023607045,-4157.601936249116,-1257.9933232120925,-6639.785341997233,-1489.9921653772376,-1257.9933232120925,-10.5373,-167.3521,5
3218,STARLINK-3874,satellite,2,146,53.201,134.4913,121.5458,311.4137,72.9594,6913.0495,544.6615,-4242.310616079103,-1328.9024938801856,5290.392211688073,1686.8500972442469,4113.115358334301,5290.392211688073,50.1338,67.7007,2
3219,STARLINK-3808,satellite,2,146,53.2357,134.4721,122.7596,50.377,173.1366,6924.0804,540.04,4458.652026023917,-5247.8807910164305,662.2829991464984,-6885.750143949101,-79.21894338699873,662.2829991464984,5.5274,-179.3409,4
3220,STARLINK-3817,satellite,2,146,53.2158,134.454,79.9945,53.0663,133.0607,6917.7229,541.902,1146.6446480248983,-5487.103844156719,4045.0275593089277,-4954.562067617886,2622.101688250393,4045.0275593089277,35.9827,152.1109,6
3221,STARLINK-3834,satellite,2,146,53.2109,134.5009,71.0876,161.9804,233.0681,6916.406,553.5629,5279.358509358778,-644.0090908086413,-4431.743810588558,-3867.301388063746,-3651.0757254901373,-4431.743810588558,-39.9777,-136.6474,4
3222,STARLINK-3841,satellite,2,146,53.2289,134.4587,103.2828,49.8847,153.1675,6921.7325,539.9033,2988.2184823984735,-5713.070901084337,2500.365386586811,-6304.590667466003,1349.357378556551,2500.365386586811,21.3167,167.9194,4
3223,STARLINK-3827,satellite,2,146,53.2347,134.4947,132.7158,55.2542,187.97,6923.989,541.7819,5212.378528803327,-4485.75223901365,-768.6004548417181,-6780.68381254788,-1145.9450735515427,-768.6004548417181,-6.4166,-170.4076,5
3224,STARLINK-3798,satellite,2,146,53.2288,134.5035,121.2739,86.6336,207.9075,6921.5771,546.1863,5670.368873373473,-3002.954588869489,-2594.928431627549,-5932.197449684462,-2445.373763025242,-2594.928431627549,-22.1428,-157.5975,4
3225,STARLINK-3796,satellite,2,146,53.201,134.4908,77.6774,175.3789,253.0563,6913.0374,557.8664,4244.04044958738,1340.8235347616878,-5303.229095952503,-1678.7818316603943,-4122.060000872337,-5303.229095952503,-50.1686,-112.1595,4
3226,STARLINK-3550,satellite,2,146,53.2138,134.4548,104.6702,208.281,312.9512,6917.6485,551.6582,-1137.6031993769473,5491.785905831347,-4057.8466695740503,4952.390374030252,-2632.049212673082,-4057.8466695740503,-36.0554,-27.9893,4
3227,STARLINK-3762,satellite,2,146,53.2033,134.4611,105.5788,187.3867,292.9655,6913.9036,556.923,833.1083171091037,4602.443236413363,-5104.612704551649,3009.4289464893786,-3580.4874847533397,-5104.612704551649,-47.6779,-49.9527,5
3228,STARLINK-3785,satellite,2,146,53.1976,134.4757,91.6562,181.369,273.0252,6912.0276,558.8921,2699.304108204083,3162.4123676522636,-5535.835000096634,709.4723442731773,-4096.796754094466,-5535.835000096634,-53.2608,-80.1751,7
3229,STARLINK-3805,satellite,2,146,53.2253,134.7204,106.0564,106.9397,212.9961,6920.5923,547.7073,5688.380469334883,-2537.0755671114553,-3019.3282041355787,-5585.214344567942,-2756.7744779682193,-3019.3282041355787,-26.0015,-153.7298,4
3230,STARLINK-3806,satellite,2,146,53.2317,134.4843,61.1686,311.7154,12.884,6923.6635,539.0977,-5383.115868891236,4163.465178730523,1235.4257702626978,6641.733174129308,1483.158520213009,1235.4257702626978,10.3518,12.5881,5
3231,STARLINK-3800,satellite,2,146,53.2351,134.4745,46.1959,306.6898,352.8856,6924.0699,541.442,-4444.322188309778,5258.739767522372,-686.5154711277905,6884.953973951755,61.257102362051235,-686.5154711277905,-5.7292,0.5098,5
3232,STARLINK-3793,satellite,2,131,53.2018,124.4948,55.9262,52.097,108.0232,6913.1683,544.7363,-2033.2896080876603,-3991.392176162434,5262.019483921113,-1772.719922100769,4113.750382810679,5262.019483921113,49.7678,113.3124,4
3233,STARLINK-3799,satellite,2,146,53.1979,134.4558,111.4788,324.3472,75.826,6911.2114,543.1193,-4048.812509530517,-1602.708649089962,5363.17722218911,1352.579958731967,4139.092316732644,5363.17722218911,51.0995,71.9036,4
3234,STARLINK-3811,satellite,2,131,53.2015,124.4921,104.5911,183.361,287.9521,6913.1866,557.7987,2043.2661251264178,3993.0165342874175,-5274.066503349305,1767.59817789436,-4122.464576280355,-5274.066503349305,-49.7944,-66.7917,9
3235,STARLINK-3909,satellite,2,112,53.1991,14.345,73.2027,19.9323,93.1349,6912.0038,545.3374,-1390.0936472645478,3910.5253991322998,5524.5380775905005,3896.8926175946076,-1427.8645497247746,5524.5380775905005,53.2548,-20.1234,11
3236,STARLINK-3872,satellite,2,112,53.2373,14.4859,134.683,58.4475,193.1304,6923.6145,542.5626,-6289.482203329551,-2596.660759766274,-1259.3662787819046,2018.7891039798735,6498.055404577684,-1259.3662787819046,-10.5493,72.7412,4
3237,STARLINK-3888,satellite,2,112,53.2377,14.4715,123.5365,49.6072,173.1436,6924.0811,539.8156,-6773.883336226726,-1237.7926707729944,661.6069160335884,3373.7870093328434,6002.93156418482,661.6069160335884,5.522,60.663,4
3238,STARLINK-3890,satellite,2,112,53.23,14.4957,119.4268,88.4336,207.8604,6921.5899,546.3348,-5439.74961104231,-3406.242613876035,-2591.0021291156736,853.1334496689984,6361.252069559568,-2591.0021291156736,-22.107,82.3614,4
3239,STARLINK-3896,satellite,2,112,53.2147,14.4987,76.5877,151.4183,228.0061,6917.4106,551.985,-3712.7063778937313,-4142.301083210198,-4120.495417167684,-816.2555824915859,5502.41526390625,-4120.495417167684,-36.6986,98.438,6
3240,STARLINK-3899,satellite,2,112,53.203,14.4793,78.0664,175.0129,253.0792,6913.0095,558.2352,-959.1193844941329,-4345.513054745976,-5304.298880066734,-2731.2462767134007,3513.3584329839287,-5304.298880066734,-50.1788,127.8611,4
3241,STARLINK-3898,satellite,2,112,53.2001,14.4779,88.3585,179.4904,267.8489,6912.0017,559.2766,784.5281950566894,-4077.88749995915,-5540.12308304122,-3638.9210445247413,2000.7260139451769,-5540.12308304122,-53.3158,151.1974,7
3242,STARLINK-3856,satellite,2,118,53.2364,4.4686,47.9196,300.0564,347.9759,6923.6784,542.6096,6814.972555197857,-332.86995810819553,-1154.902746741754,-4608.629210625356,-5031.420290144888,-1154.902746741754,-9.6656,-132.4887,4
3243,STARLINK-3900,satellite,2,175,53.2384,354.4807,54.3387,308.6007,2.9394,6924.1908,540.3452,6897.733026118811,-453.1999960970614,284.22334636032883,-4754.077557905158,-5018.252455735469,284.22334636032883,2.3691,-133.4515,4
3244,STARLINK-3903,satellite,2,118,53.2314,4.5034,74.5284,308.2144,22.7428,6922.3745,539.8244,6232.833657749514,2096.275264966701,2141.755359239184,-2367.6482863748784,-6134.886061184225,2141.755359239184,18.145,-111.1032,23
3245,STARLINK-3885,satellite,2,175,53.2317,354.4947,72.7296,310.1959,22.9255,6922.3803,539.7081,6494.815409196901,994.0141289245997,2158.000854968073,-3383.139531694412,-5632.500172847734,2158.000854968073,18.2877,-120.991,14
3246,STARLINK-3904,satellite,2,118,53.2388,4.4823,60.3963,307.5261,7.9224,6924.0154,540.248,6786.538031258708,1104.4300088554396,763.912633425931,-3484.4895799698947,-5927.494956662761,763.912633425931,6.3787,-120.4492,4
3247,STARLINK-3863,satellite,2,175,53.2204,354.5005,95.4546,307.5007,42.9553,6918.5479,541.2757,5306.560392007167,2322.6150111369525,3773.029843492833,-1601.9042354501598,-5566.689007338636,3773.029843492833,33.2408,-106.054,95
3248,STARLINK-3873,satellite,2,118,53.2182,4.4986,101.6545,306.2926,47.9471,6917.466,541.8608,4374.731981530108,3426.960890034823,4110.852184629898,-157.00054605246774,-5554.969998171892,4110.852184629898,36.6614,-91.6189,116
3249,STARLINK-3864,satellite,2,118,53.216,4.4536,74.6907,53.4433,128.134,6916.6361,542.3357,-4508.067918028019,2914.256228534276,4354.270106556516,5121.6234024975965,1607.6502860053995,4354.270106556516,39.2209,17.4268,14
3250,STARLINK-3828,satellite,2,118,53.2007,4.485,99.9451,348.0498,87.9949,6911.9999,545.3728,-82.44817779737508,4142.767322140684,5529.549619888213,3240.4504192669956,-2582.4019570336354,5529.549619888213,53.3238,-38.5523,5
3251,STARLINK-3859,satellite,2,118,53.2376,4.4654,117.9738,50.1897,168.1635,6923.7214,539.7067,-6815.745683443335,319.51097696655756,1136.6885339559103,4598.843457781689,5040.54712671126,1136.6885339559103,9.5158,47.6236,4
3252,STARLINK-3862,satellite,2,118,53.2016,4.4755,57.8256,45.0345,102.8601,6912.5818,545.0339,-1848.191591327607,3903.0226354840693,5394.469086340647,4183.6909290128615,-1070.5737068743017,5394.469086340647,51.4941,-14.3535,15
3253,STARLINK-3881,satellite,2,118,53.2381,4.4804,131.428,56.7087,188.1368,6923.9947,541.8572,-6783.334856237776,-1119.479616307179,-784.6218367511991,3470.863387475197,5934.641836594845,-784.6218367511991,-6.5508,59.6789,4
3254,STARLINK-3879,satellite,2,118,53.2286,4.4533,97.0094,51.1243,148.1337,6920.8235,540.0982,-6024.2161673722585,1722.6530440627569,2924.0667325741642,5173.015997041557,3535.33865928006,2924.0667325741642,25.1537,34.3495,5
3255,STARLINK-3882,satellite,2,118,53.2053,4.7153,120.0655,307.7731,67.8387,6913.7148,544.2321,2282.8409842557235,4034.6304696834545,5125.0908929062725,1646.611129131281,-4333.39102501918,5125.0908929062725,48.0467,-69.1941,51
3256,STARLINK-3835,satellite,2,175,53.2335,354.7019,54.2989,283.2257,337.5247,6922.4679,545.1641,6222.012850460243,-2167.5124691474466,-2119.5905065169563,-5641.654261096236,-3403.4234842958836,-2119.5905065169563,-17.9365,-148.8988,4
3257,STARLINK-3860,satellite,2,175,53.2095,354.498,118.954,303.9718,62.9258,6914.6514,544.0308,3484.4951475062726,3366.9465040999576,4928.247122575859,365.38331129793426,-4831.617765333951,4928.247122575859,45.6628,-85.6753,96
3258,STARLINK-3825,satellite,2,118,53.2163,4.4995,73.6863,154.4158,228.1021,6917.4537,552.3392,-4366.8016937216735,-3438.7295004587527,-4126.995801194804,142.8799825109665,5556.383978831326,-4126.995801194804,-36.7636,88.527,4
3259,STARLINK-3878,satellite,2,175,53.224,354.4564,92.1299,50.927,143.0569,6919.8497,540.6719,-5259.5915777500295,3009.9444543995037,3328.3712912210517,5675.226559253655,2124.8229772033446,3328.3712912210517,28.9273,20.5261,7
3260,STARLINK-3839,satellite,2,118,53.2037,4.4895,73.3367,174.6343,247.971,6913.7396,557.1955,-2287.9716088217874,-4035.7192841876777,-5139.392770947182,-1644.1721992516777,4338.034347806246,-5139.392770947182,-48.1044,110.7574,5
3261,STARLINK-3813,satellite,2,175,53.2378,354.4796,132.5883,50.6715,183.2598,6924.1385,540.9507,-6898.461917681908,430.15275724370787,-315.19664580320045,4736.808592356977,5033.532813407003,-315.19664580320045,-2.6272,46.7395,4
3262,STARLINK-3875,satellite,2,175,53.2105,354.456,68.7806,54.3492,123.1298,6915.6428,543.0813,-3424.8860986458944,3815.0232680431704,4635.260304315347,5122.957945303452,198.86984452380062,4635.260304315347,42.2938,2.2231,19
3263,STARLINK-3887,satellite,2,118,53.1999,4.4773,88.3276,179.677,268.0046,6912.0399,559.3599,83.22600537086515,-4151.174988807322,-5540.7176288594155,-3247.4167570665854,2587.173121689502,-5540.7176288594155,-53.3231,141.4561,4
3264,STARLINK-3913,satellite,2,175,53.2345,354.4645,113.0744,50.1087,163.1831,6923.2126,539.6964,-6474.471136016665,1830.815688157196,1603.0586910391864,5543.807958818685,3812.722897202737,1603.0586910391864,13.4813,34.518,4
3265,STARLINK-3918,satellite,2,118,53.2133,4.4534,108.2011,199.8191,308.0202,6916.5932,553.3704,4504.847266993235,-2925.026758021386,-4367.8495548655765,-5127.854233434883,-1598.2932755666154,-4367.8495548655765,-39.2915,-162.6883,4
3266,STARLINK-3902,satellite,2,175,53.2022,354.5711,61.7968,41.1948,102.9917,6912.6036,544.943,-1164.8954289288927,4162.000409890886,5391.604243974709,3946.5722002551634,-1761.7595296874229,5391.604243974709,51.457,-24.0561,10
3267,STARLINK-3892,satellite,2,118,53.2279,4.4585,72.9943,254.9702,327.9645,6920.7327,547.5655,6020.879463949664,-1735.1721909727394,-2941.0684521007415,-5180.518242567128,-3524.7755659282934,-2941.0684521007415,-25.2807,-145.769,4
3268,STARLINK-3923,satellite,2,118,53.2035,4.4624,103.9399,184.1021,288.042,6913.1479,557.9204,2444.6449361824048,-3764.3783487005167,-5271.613935645655,-4457.940810401456,523.0649549766374,-5271.613935645655,-49.7618,173.3079,9
3269,STARLINK-3914,satellite,2,175,53.2081,354.495,72.863,170.22,243.083,6914.5103,556.1255,-3474.4193518667853,-3379.5194768535225,-4943.66500657963,-381.4930817050719,4831.8945306856485,-4943.66500657963,-45.743,94.5143,4
3270,STARLINK-3908,satellite,2,175,53.2331,354.4933,124.2183,78.9299,203.1482,6922.3049,545.3042,-6490.998471680114,-1010.3643412244639,-2179.6011241026645,3368.120555231056,5640.005424359231,-2179.6011241026645,-18.4617,59.155,4
3271,STARLINK-3916,satellite,2,175,53.2024,354.4649,99.3228,183.7153,283.0381,6912.5921,558.4345,1164.9566783399516,-4172.0395166554235,-5401.13785856521,-3954.3362511773134,1768.124035119772,-5401.13785856521,-51.4435,155.9089,8
3272,STARLINK-3883,satellite,2,175,53.2201,354.501,78.968,144.023,222.991,6918.5645,551.227,-5311.424645681237,-2328.1895773677084,-3780.971989650261,1600.7213286866156,5573.992258947032,-3780.971989650261,-33.2655,73.9772,4
3273,STARLINK-3857,satellite,2,175,53.2364,354.4635,49.0575,293.8709,342.9284,6923.1782,543.7525,6467.586109958225,-1848.6047801377276,-1627.6062320001033,-5553.099150344946,-3796.0636914191605,-1627.6062320001033,-13.6835,-145.6437,4
3274,STARLINK-3871,satellite,2,120,53.2292,349.4576,100.8166,49.8417,150.6583,6921.2934,539.9281,-5554.830679216218,3096.9222581808085,2714.1856055708477,5930.713763811489,2296.45500711736,2714.1856055708477,23.2398,21.1671,5
3275,STARLINK-3884,satellite,2,175,53.2109,354.4538,109.0093,193.9988,303.0081,6915.628,554.667,3417.7424361120698,-3825.090014397405,-4649.464811438656,-5126.141732359628,-186.94362146121338,-4649.464811438656,-42.3656,-177.9114,9
3276,STARLINK-3925,satellite,2,169,53.2015,344.4858,119.5782,318.4316,78.0098,6912.5101,545.0235,2466.1817089291358,3517.3274484766303,5412.4578420676235,1131.4611986340603,-4144.08496018715,5412.4578420676235,51.7341,-74.7287,60
3277,STARLINK-3894,satellite,2,175,53.226,354.4533,87.3046,235.6268,322.9314,6919.7854,549.1802,5256.11113062417,-3020.1317508772763,-3342.236309282419,-5680.842678742136,-2115.6385488807405,-3342.236309282419,-29.0198,-159.5738,4
3278,STARLINK-3866,satellite,2,169,53.2,344.4701,63.483,34.577,98.06,6912.2115,545.3228,163.8260644836273,4208.137121034142,5478.392340548167,3133.4644616327814,-2813.6555362222466,5478.392340548167,52.6211,-41.9219,6
3279,STARLINK-3907,satellite,2,175,53.201,354.2823,112.9137,330.21,83.1237,6912.1535,545.3301,1232.587319595037,4006.4766113230585,5493.268698609479,2295.7084604659017,-3507.2566205013363,5493.268698609479,52.8244,-56.7929,15
3280,STARLINK-3912,satellite,2,169,53.2072,344.4868,63.4623,54.5802,118.0425,6914.6669,543.6651,-2153.6217323281585,4389.174220809419,4884.700574118805,4752.844680741577,-1146.0385453031706,4884.700574118805,45.1517,-13.5568,16
3281,STARLINK-3861,satellite,2,169,53.2373,344.3601,126.7054,51.5277,178.233,6924.2219,540.3745,-6624.753501636063,1987.2226235747426,170.9006932856935,5760.140841464916,3828.4710002263855,170.9006932856935,1.4243,33.61,4
3282,STARLINK-3958,satellite,2,150,53.2334,74.4635,111.5025,51.5141,163.0167,6923.2322,539.6789,-2936.920276908572,-6049.38890866316,1618.425809604446,-2779.197520816096,6123.45229600617,1618.425809604446,13.613,114.4115,5
3283,STARLINK-3964,satellite,2,150,53.2356,74.478,129.203,53.8955,183.0985,6924.2176,541.2118,-1633.2709758234034,-6717.103949581969,-299.6187691905136,-4125.590074473759,5546.761765873889,-299.6187691905136,-2.4972,126.6413,4
3284,STARLINK-3897,satellite,2,150,53.2091,74.2612,108.798,194.2793,303.0773,6915.6556,554.6286,4368.917009933232,2694.3673660657487,-4645.689698751579,-717.0057881239707,-5082.612914909096,-4645.689698751579,-42.3236,-98.0297,4
3285,STARLINK-3933,satellite,2,150,53.2056,74.4948,72.2306,170.8121,243.0428,6914.5289,556.1583,2722.626945324536,-4012.399094744932,-4941.770178919721,-4826.326480387016,467.5646304333132,-4941.770178919721,-45.7203,174.4666,8
3286,STARLINK-3757,satellite,2,150,53.2178,74.4998,78.5094,144.5596,223.069,6918.5277,550.8941,1376.1454587635274,-5629.71251683583,-3786.1782237659186,-5210.8715317701835,2536.583770601821,-3786.1782237659186,-33.319,154.0438,17
3287,STARLINK-3940,satellite,2,150,53.1992,74.5047,99.2005,183.7432,282.9437,6912.6345,558.5004,4309.484412072837,414.5854363484804,-5403.016010992655,-2433.3041507179837,-3580.8613338175574,-5403.016010992655,-51.4677,-124.1973,4
3288,STARLINK-3845,satellite,2,132,53.2043,79.4579,63.0629,52.4351,115.498,6914.2839,543.8186,-4217.3580177460335,-2241.1644582480167,4994.965126365618,968.9426475232265,4676.545404951347,4994.965126365618,46.4616,78.2944,4
3289,STARLINK-3937,satellite,2,150,53.222,74.4532,86.0787,236.8558,322.9345,6919.788,548.9879,3886.9733041828154,4651.887763932677,-3341.732622777493,1097.0760736868635,-5961.966565169605,-3341.732622777493,-29.0159,-79.5735,11
3290,STARLINK-3926,satellite,2,150,53.198,74.4803,84.2114,178.802,263.0133,6912.1997,559.0162,3741.364527828293,-1913.0016025066955,-5502.651592659777,-3861.5065243482186,-1657.151478803657,-5502.651592659777,-52.8036,-156.7736,4
3291,STARLINK-3944,satellite,2,132,53.2297,79.469,103.3454,52.2799,155.6252,6922.1539,540.0,-2831.065630281124,-5880.987960965046,2286.308086452989,-2717.2214303565697,5934.446873836337,2286.308086452989,19.4157,114.6018,5
3292,STARLINK-3948,satellite,2,150,53.2061,74.2237,63.3314,54.6884,118.0198,6914.6539,543.4757,-4399.070493232919,-2130.8175699974126,4885.525214249468,1169.9063980182812,4745.895462493679,4885.525214249468,45.163,76.1522,3
3293,STARLINK-3931,satellite,2,150,53.1986,74.4809,113.8507,329.1452,82.9959,6912.1758,545.4276,-3733.279047411575,1911.1650489102656,5491.6904165726755,3854.929404352016,1652.1027744909413,5491.6904165726755,52.8017,23.1985,11
3294,STARLINK-3935,satellite,2,150,53.2324,74.4645,47.611,295.3174,342.9284,6923.175,543.6278,2943.5585004057084,6048.232601399457,-1627.4927820219089,2774.068153302576,-6127.821809319718,-1627.4927820219089,-13.6827,-65.6437,7
3295,STARLINK-3965,satellite,2,150,53.2185,74.4992,93.6916,309.2131,42.9047,6918.5679,541.1938,-1362.1463682125495,5632.560658908684,3769.314965751241,5204.122389028062,-2549.174859584435,3769.314965751241,33.2043,-26.0974,5
3296,STARLINK-3969,satellite,2,150,53.2357,74.4791,52.2952,310.5888,2.884,6924.1888,540.0954,1648.1539947738463,6713.217187739229,278.85390041769773,4113.093995280559,-5555.731669747325,278.85390041769773,2.3244,-53.4862,5
3297,STARLINK-3966,satellite,2,150,53.2306,74.646,71.2899,311.4587,22.7486,6922.4453,539.5991,145.06767488759687,6573.932816060771,2142.1799000788396,4965.886971798808,-4310.174460935063,2142.1799000788396,18.1493,-40.9566,4
3298,STARLINK-3858,satellite,2,150,53.2302,74.1537,126.0007,77.3019,203.3026,6922.3386,545.2625,-159.07514354682687,-6562.62529427982,-2193.229488469905,-4948.23992002027,4313.731255923753,-2193.229488469905,-18.5814,138.919,9
3299,STARLINK-3770,satellite,2,132,53.2358,79.4721,124.1616,51.4583,175.6199,6924.1809,540.305,-1571.3120019916207,-6724.249877993776,423.2845851058697,-4170.65984099642,5503.64918213379,423.2845851058697,3.5294,127.1548,5
3300,STARLINK-3943,satellite,2,150,53.2101,74.4526,69.2543,53.783,123.0373,6915.6312,543.0218,-4352.9363094813525,-2700.1005339793305,4640.063181336852,702.3878769987984,5073.9775993042895,4640.063181336852,42.3482,82.1187,3
3301,STARLINK-3953,satellite,2,173,53.2093,64.681,111.2755,306.5477,57.8232,6915.4721,543.1072,-1592.901546632692,4825.271373393616,4684.741386342765,4730.301602143581,-1856.024223148666,4684.741386342765,42.851,-21.4235,14
3302,STARLINK-3956,satellite,2,173,53.2195,64.4514,86.2897,51.8216,138.1113,6918.7887,541.137,-4713.016888425424,-3451.292188511828,3696.963491214855,354.3290576921119,5830.814426813895,3696.963491214855,32.489,86.5225,4
3303,STARLINK-3955,satellite,2,132,53.2099,79.5002,70.4438,165.1135,235.5573,6915.9246,554.4247,2648.5423814684445,-4473.186222071592,-4572.381256337666,-5133.579557167577,818.8605827592429,-4572.381256337666,-41.5092,170.9371,9
3304,STARLINK-3957,satellite,2,173,53.2368,64.4728,126.88,51.2287,178.1087,6924.2734,540.4777,-3103.193658454437,-6180.918242537044,182.9212139438897,-2774.2141007262994,6335.400328797732,182.9212139438897,1.5244,113.6482,5
3305,STARLINK-3942,satellite,2,132,53.223,79.4998,95.7558,119.8208,215.5766,6920.1113,548.7453,1344.7491798458398,-5975.229576539782,-3225.7465386701465,-5456.689679602534,2781.4126967372235,-3225.7465386701465,-27.9212,152.9909,16
3306,STARLINK-3959,satellite,2,132,53.2019,79.5008,75.347,174.9973,250.3443,6913.3952,557.6657,3415.810288081294,-3001.562849262986,-5221.049235180389,-4491.216677804463,-711.4156416953392,-5221.049235180389,-49.1213,-170.999,7
3307,STARLINK-3911,satellite,2,173,53.2308,64.4596,108.1422,50.0005,158.1427,6922.5519,539.7166,-4158.075581024887,-5127.048965926893,2062.5360384036276,-1289.5612631668066,6474.044746915725,2062.5360384036276,17.4525,101.2653,4
3308,STARLINK-3938,satellite,2,132,53.2334,79.488,64.6779,310.6957,15.3736,6923.3953,539.5923,137.58415174849915,6757.575064186116,1468.9546052074104,5111.976232923514,-4421.702063792568,1468.9546052074104,12.3355,-40.8588,4
3309,STARLINK-3929,satellite,2,173,53.2315,64.4914,131.7729,66.2451,198.018,6923.0849,543.9081,-1677.7501035367034,-6491.6083907529555,-1714.8270947262276,-3923.6675225822783,5436.971407046817,-1714.8270947262276,-14.4316,125.8166,4
3310,STARLINK-3930,satellite,2,173,53.1999,64.4828,80.6019,177.3631,257.965,6912.5165,558.6774,3038.728655382246,-3050.2152231525542,-5422.140945672656,-4287.824698329454,-390.18470624654447,-5422.140945672656,-51.7203,-174.8005,7
3311,STARLINK-3927,satellite,2,173,53.2223,64.498,87.5522,130.5192,218.0714,6919.5483,549.4836,-39.602741689282674,-6018.978394185113,-3419.029072027533,-4606.215233455558,3874.590366722457,-3419.029072027533,-29.7502,139.9306,17
3312,STARLINK-3901,satellite,2,173,53.2089,64.4967,71.2867,166.752,238.0387,6915.4283,554.8928,1597.0525883107684,-4822.241531571531,-4703.743097513603,-4730.621316112108,1850.8950057172917,-4703.743097513603,-42.9752,158.6317,16
3313,STARLINK-3932,satellite,2,173,53.2291,64.4574,60.0022,272.6236,332.6258,6921.6562,546.2174,4369.102303940634,4724.245743474188,-2549.275889767047,844.8350019881785,-6379.169742721146,-2549.275889767047,-21.7334,-82.4558,6
3314,STARLINK-3836,satellite,2,132,53.2109,79.4977,108.574,306.7967,55.3707,6915.924,542.8315,-2632.9528019965824,4482.667187152344,4554.588797448233,5130.918475098291,-836.911686027256,4554.588797448233,41.3973,-9.264,16
3315,STARLINK-3833,satellite,2,132,53.2241,79.4977,87.0298,308.2969,35.3267,6920.1649,540.6231,-1325.2491321283792,5982.826307073468,3202.352899813582,5450.081226010308,-2801.2694466451026,3202.352899813582,27.737,-27.2026,4
3316,STARLINK-3893,satellite,2,132,53.198,79.4723,66.8344,28.7877,95.6221,6912.0657,545.3508,-4173.806772430003,87.12550206091439,5506.203657862178,2732.710047714111,3156.033843578719,5506.203657862178,53.0017,49.1117,5
3317,STARLINK-3919,satellite,2,132,53.2018,79.5023,120.6743,309.7402,70.4145,6913.2959,544.4617,-3412.505981593281,2988.221762500669,5213.349784450681,4478.840575583643,717.3935285449053,5213.349784450681,49.1502,9.1,19
3318,STARLINK-3915,satellite,2,173,53.2364,64.4761,51.4787,306.3501,357.8288,6924.2161,541.0314,3120.816661109706,6171.792308296664,-210.0002787268596,2755.9366273333303,-6343.132525427194,-210.0002787268596,-1.75,-66.5162,7
3319,STARLINK-3895,satellite,2,173,53.2333,64.4904,67.0365,310.8254,17.8619,6923.1187,539.5236,1689.0490164986898,6488.080658801656,1699.4158944166938,3913.736757716029,-5443.412698533315,1699.4158944166938,14.3085,-54.2844,8
3320,STARLINK-3922,satellite,2,173,53.2303,64.4591,50.9587,286.9148,337.8735,6922.5154,544.7977,4172.202069226064,5111.968398934207,-2088.1746796803745,1268.9348993675853,-6475.283409961542,-2088.1746796803745,-17.663,-78.9125,5
3321,STARLINK-3906,satellite,2,173,53.2001,64.4478,119.785,318.156,77.941,6912.4983,544.928,-3029.2748563255286,3048.3934453785564,5410.90702703444,4280.38504953937,384.0736656851654,5410.90702703444,51.7144,5.1273,19
3322,STARLINK-3910,satellite,2,173,53.2222,64.4999,89.1543,308.7418,37.8961,6919.6325,540.7697,53.966901259987075,6018.892674742185,3401.388859064327,4596.975373772699,-3885.5886129934147,3401.388859064327,29.6228,-40.2061,4
3323,STARLINK-3867,satellite,2,173,53.2282,64.312,102.4736,50.5095,152.9832,6921.6959,539.9592,-4365.044859862505,-4736.629914083784,2516.238276591378,-856.9557757979927,6383.956952387123,2516.238276591378,21.4584,97.6454,4
3324,STARLINK-3917,satellite,2,173,53.1987,64.4696,61.5302,36.4767,98.0069,6912.2421,545.3058,-4113.605130381237,898.1019826267977,5478.998858924384,3318.294812644839,2591.766555126324,5478.998858924384,52.6296,37.9917,7
3325,STARLINK-4019,satellite,2,177,53.2024,229.4884,76.9249,173.6421,250.5671,6913.3275,557.5349,-1476.9671164547156,4291.739209085801,-5228.169783613739,4245.713710710771,-1604.4850851832662,-5228.169783613739,-49.2126,-20.7019,4
3326,STARLINK-4024,satellite,2,160,53.2185,224.5581,98.4249,219.4317,317.8566,6918.7132,550.4609,-5608.641362249076,-1619.5920796764685,-3720.1763621396763,2335.7980378153925,5350.138686185592,-3720.1763621396763,-32.6683,66.4146,4
3327,STARLINK-4026,satellite,2,160,53.1985,224.4867,122.8195,315.1695,77.989,6912.5294,545.196,1811.3454593450595,-3896.2053952170495,5411.9664522368,-4154.912800340819,1094.5722801041616,5411.9664522368,51.7257,165.2413,4
3328,STARLINK-4027,satellite,2,160,53.2213,224.5019,90.0767,307.8396,37.9163,6919.6183,540.934,-2107.2273739779353,-5637.465680885613,3402.9707040414305,-2992.1257720286076,5221.93545279595,3402.9707040414305,29.6371,119.8124,6
3329,STARLINK-4012,satellite,2,160,53.2088,224.4994,112.3114,305.611,57.9224,6915.4536,543.2715,-159.68619611459303,-5074.315015035361,4689.90257127823,-3802.618569649653,3363.6683199742647,4689.90257127823,42.9081,138.5051,7
3330,STARLINK-4016,satellite,2,160,53.2149,224.4638,79.4926,53.3896,132.8822,6917.6573,541.9357,5481.856153516239,1130.2270092646556,4056.731262680059,-2631.38327874956,-4940.03866590459,4056.731262680059,36.1027,-118.0426,70
3331,STARLINK-4013,satellite,2,160,53.1989,224.4693,58.672,39.3884,98.0603,6912.2152,545.4061,3562.553221683206,-2246.0664550630754,5478.375374511311,-4003.593935146149,-1306.8418344795884,5478.375374511311,52.62,-161.9224,7
3332,STARLINK-4000,satellite,2,177,53.2284,229.2758,74.9828,310.3566,25.3393,6922.0056,539.8557,-2734.9739301505565,-5892.6247649257475,2370.7820807830226,-2787.5462650173586,5867.937869405842,2370.7820807830226,20.1635,115.4099,5
3333,STARLINK-3928,satellite,2,160,53.2054,224.4582,63.7355,54.3246,118.0601,6914.714,543.7538,4878.8689963939305,-330.31029066601326,4883.856108945068,-3370.1361258903717,-3543.254163203992,4883.856108945068,45.141,-133.5656,44
3334,STARLINK-3947,satellite,2,177,53.2094,229.4629,110.4293,194.8325,305.2619,6916.0728,554.0616,-5170.53121043744,-837.1582661464381,-4526.934545094503,2658.0623686364693,4513.306039382179,-4526.934545094503,-41.0111,59.5045,4
3335,STARLINK-3979,satellite,2,160,53.2311,224.4604,108.4483,49.6975,158.1458,6922.5337,539.7366,5660.783967822697,3396.0449385925003,2062.272055613186,-1002.1475209564517,-6524.821583885575,2062.272055613186,17.4502,-98.7318,25
3336,STARLINK-3997,satellite,2,160,53.2211,224.4508,89.0254,129.1435,218.1689,6919.5173,549.3789,2091.2978148447073,5639.5345055873295,-3426.3377900991013,3003.891367104813,-5210.999198303291,-3426.3377900991013,-29.8206,-60.0386,15
3337,STARLINK-3998,satellite,2,177,53.2014,229.4597,104.241,186.2595,290.5005,6913.4912,557.3261,-4528.034170942265,682.2225278751372,-5192.790932575625,3416.860731285546,3048.5379731536796,-5192.790932575625,-48.7688,41.7395,4
3338,STARLINK-3980,satellite,2,177,53.225,229.4564,68.164,262.2369,330.4008,6921.2652,547.0134,-5467.573517792945,-3243.0654692447765,-2738.493928687045,996.4658499740057,6278.446433642174,-2738.493928687045,-23.4345,80.9817,4
3339,STARLINK-4002,satellite,2,160,53.2357,224.4752,127.5118,50.6198,178.1316,6924.2164,540.3808,5028.686823678101,4748.193272105317,180.70869052330315,442.00805600482647,-6902.00401320709,180.70869052330315,1.506,-86.3358,6
3340,STARLINK-4011,satellite,2,177,53.2344,229.469,47.0108,303.3874,350.3982,6923.8911,542.0654,-4958.99658441746,-4736.801458191098,-924.6393050945203,-477.75102075593225,6841.102918444658,-924.6393050945203,-7.726,93.9948,4
3341,STARLINK-3996,satellite,2,179,53.228,214.4575,59.66,273.2827,332.9427,6921.6903,546.1415,-6148.796116465476,-1933.4327558627983,-2521.9659329058595,2439.281089520872,5966.218540215402,-2521.9659329058595,-21.4894,67.7629,4
3342,STARLINK-3983,satellite,2,179,53.2147,214.4526,104.3625,208.6035,312.966,6917.6355,551.9752,-5606.7900652761155,-167.86759426287287,-4057.1089645630245,3451.6945827791706,4421.547113001905,-4057.1089645630245,-36.0459,52.0225,4
3343,STARLINK-3741,satellite,2,179,53.2357,214.4601,48.1972,304.8098,353.007,6924.0284,541.6017,-5948.157324246962,-3470.4344361650697,-674.8817917457411,1128.441569577749,6793.460852449364,-674.8817917457411,-5.6316,80.5689,4
3344,STARLINK-3975,satellite,2,177,53.2337,229.4889,59.0603,311.3477,10.4081,6923.8364,539.3929,-3850.7087499711974,-5658.261715951907,1001.0556277428155,-1894.6257625779433,6576.798365701027,1001.0556277428155,8.3721,106.0705,5
3345,STARLINK-3984,satellite,2,179,53.2265,214.4997,82.4343,310.6068,33.0411,6920.4595,539.8496,-3498.2358328777204,-5142.602861097136,3019.5851951260966,-1722.9469322906862,5976.242297456173,3019.5851951260966,26.0358,106.0822,4
3346,STARLINK-4008,satellite,2,177,53.2257,229.4962,109.7564,100.8613,210.6177,6921.0992,547.284,2264.2090028015473,5900.124103247314,-2823.8062284576395,3093.9784265221447,-5510.481316391795,-2823.8062284576395,-24.2087,-60.687,15
3347,STARLINK-3986,satellite,2,179,53.2108,214.4985,107.2479,305.6832,52.9311,6916.4485,542.6853,-1562.9976540499802,-5081.860279016775,4416.832100938655,-2912.1772539442068,4448.313073921863,4416.832100938655,39.8919,123.2116,7
3348,STARLINK-3988,satellite,2,179,53.2013,214.4895,123.7665,309.2437,73.0102,6912.9946,544.8775,577.3425409161023,-4406.32037940136,5292.006984330673,-3759.3224951282928,2369.910984214722,5292.006984330673,50.1525,147.7723,6
3349,STARLINK-3990,satellite,2,179,53.2336,214.4859,62.1058,310.8142,12.9199,6923.627,539.658,-5033.04847228487,-4580.370784482206,1238.9433534849031,-310.08568404416354,6798.177720261368,1238.9433534849031,10.3808,92.6116,4
3350,STARLINK-3992,satellite,2,179,53.2137,214.4512,80.86,52.2816,133.1416,6917.703,541.8683,5606.555786571636,183.32387171225682,4039.564720374966,-3439.6515972402103,-4431.238237725697,4039.564720374966,35.9269,-127.8196,55
3351,STARLINK-4001,satellite,2,177,53.214,229.4995,72.618,157.9585,230.5764,6916.9383,552.8937,420.15343550793887,5422.746676828848,-4282.846164564661,3904.3796298030397,-3786.6251645504226,-4282.846164564661,-38.3903,-44.1228,8
3352,STARLINK-4022,satellite,2,179,53.2349,214.4341,123.6349,49.4756,173.1105,6924.1033,540.0097,5945.426491650689,3473.898880657661,664.785466955172,-1124.0316447797818,-6793.572143003269,664.785466955172,5.5484,-99.3948,10
3353,STARLINK-3989,satellite,2,179,53.1967,214.4738,77.0533,16.022,93.0753,6912.0046,545.4453,2645.305871298759,-3197.8005922618217,5524.762452551668,-4150.123548051902,6.805622884228343,5524.762452551668,53.2567,179.906,5
3354,STARLINK-3794,satellite,2,179,53.2333,214.4786,118.5483,49.3622,167.9105,6923.7121,539.8305,6066.681429412868,3114.215386019367,1160.5810194542905,-1478.2437766942262,-6657.158280615498,1160.5810194542905,9.7175,-102.5196,12
3355,STARLINK-3995,satellite,2,179,53.2032,214.459,59.5163,53.6005,113.1168,6913.8557,544.241,4391.206190226392,-1603.8371769778112,5089.553334901746,-4038.6411724034574,-2354.647102201594,5089.553334901746,47.608,-149.7566,6
3356,STARLINK-3994,satellite,2,179,53.211,214.4994,65.5936,167.4029,232.9965,6916.4249,553.1926,1558.4846235243795,5088.366762156182,-4427.355542359807,2920.0662082774934,-4448.99583808005,-4427.355542359807,-39.9328,-56.7214,14
3357,STARLINK-3974,satellite,2,179,53.2262,214.4854,102.7275,50.4204,153.148,6921.738,539.8851,6144.146941968877,1951.8794172428616,2501.9551943997008,-2422.1174073896004,-5974.4223292952865,2501.9551943997008,21.331,-112.0683,30
3358,STARLINK-3978,satellite,2,141,53.2246,204.4537,74.8061,253.0711,327.8772,6920.7617,547.7062,-6248.569125259456,-420.87474141872633,-2948.1579024984235,3666.892053687856,5076.972949279015,-2948.1579024984235,-25.3454,54.1609,4
3359,STARLINK-3967,satellite,2,179,53.2342,214.4876,133.9888,59.1692,193.158,6923.5998,542.8558,5020.379882580605,4592.7645147782605,-1261.9649816468666,327.7134595723337,-6796.3448957540095,-1261.9649816468666,-10.5709,-87.2394,4
3360,STARLINK-3961,satellite,2,141,53.2335,204.4667,46.1249,301.7149,347.8397,6923.7195,542.6636,-6518.8100173695675,-2007.6085239727759,-1167.7498372512034,2618.5193032344755,6298.311891822634,-1167.7498372512034,-9.774,67.4249,4
3361,STARLINK-3941,satellite,2,179,53.2256,214.5018,105.1305,107.9764,213.1069,6920.5748,547.8621,3496.235649611709,5149.544614672539,-3028.3823277922497,1729.5659502649235,-5979.136650035935,-3028.3823277922497,-26.0847,-73.8666,12
3362,STARLINK-3968,satellite,2,141,53.2153,204.5015,101.2277,306.7126,47.9403,6917.475,541.9741,-2939.229330051382,-4716.9098655268035,4110.320710256409,-1752.4013733224226,5274.220052378936,4110.320710256409,36.6552,108.3795,4
3363,STARLINK-3977,satellite,2,141,53.2105,204.4836,108.2843,199.6882,307.9725,6916.6102,553.3621,-5231.05316407035,1209.1220914472133,-4370.513407817568,4271.2958749909085,3252.9870866085143,-4370.513407817568,-39.3201,37.2926,4
3364,STARLINK-3991,satellite,2,141,53.2215,204.6533,91.7886,230.8549,322.6435,6919.707,549.3302,-6049.891625653612,-9.613186347253595,-3364.2718011733905,3856.4627217836996,4661.435011989131,-3364.2718011733905,-29.2286,50.3986,4
3365,STARLINK-3971,satellite,2,141,53.2343,204.484,57.4552,310.5104,7.9656,6923.9816,539.8319,-5997.096825563301,-3361.501823205493,767.9624077672383,1243.5194771184144,6761.547467305278,767.9624077672383,6.413,79.5792,4
3366,STARLINK-3963,satellite,2,141,53.2224,204.424,91.1442,51.786,142.9302,6919.7939,540.802,6054.69540054822,9.139016149561808,3338.1285424799653,-3859.89559577279,-4664.828604007845,3338.1285424799653,29.0194,-129.6059,29
3367,STARLINK-3985,satellite,2,141,53.2278,204.4972,77.7733,310.1457,27.919,6921.5529,539.93,-4756.483775632586,-4297.3579735923995,2593.540695876777,-268.94428751947555,6404.614932317542,2593.540695876777,22.1515,92.4046,4
3368,STARLINK-3973,satellite,2,141,53.1994,204.5829,92.9719,354.969,87.9409,6911.9755,545.4384,1495.0807410354266,-3864.901724133276,5529.324682318255,-3928.8376095118056,1317.9403618938788,5529.324682318255,53.3199,161.4558,4
3369,STARLINK-3832,satellite,2,141,53.2041,204.5323,119.8945,308.077,67.9715,6913.6988,544.2927,-764.8042742040036,-4566.871410908987,5129.859628819273,-3025.680460403859,3505.2100954363414,5129.859628819273,48.1053,130.8006,7
3370,STARLINK-3854,satellite,2,141,53.2023,204.4594,56.7045,51.3364,108.0409,6913.1578,544.8235,3577.730360871915,-2696.490206897887,5261.592032985404,-4359.880971630848,-1030.8500784363102,5261.592032985404,49.7615,-166.6973,6
3371,STARLINK-3868,satellite,2,141,53.2031,204.3455,75.7159,172.4222,248.1381,6913.688,556.9879,762.2011843516283,4569.207564291131,-5145.224769409068,3029.140598191387,-3504.6990808614423,-5145.224769409068,-48.1786,-49.1629,5
3372,STARLINK-3891,satellite,2,161,53.2064,194.5991,121.004,301.9346,62.9385,6914.5012,544.0896,-2113.629187089225,-4359.755890314694,4928.645523899231,-2004.859786887422,4410.831780806297,4928.645523899231,45.667,114.4433,4
3373,STARLINK-4004,satellite,2,142,53.1984,99.4933,82.362,177.9294,260.2914,6912.3673,558.776,4224.71704550955,-477.3132447868418,-5464.407988013207,-3065.467969788403,-2946.008855124039,-5464.407988013207,-52.2866,-136.1384,4
3374,STARLINK-4084,satellite,2,142,53.2068,99.8143,114.3709,305.8458,60.2167,6914.9359,543.5251,-4125.208715979724,2770.3697205394633,4803.528086809685,4766.385878335276,1404.941634973867,4803.528086809685,44.2064,16.4234,16
3375,STARLINK-4082,satellite,2,142,53.2043,99.4951,73.4721,172.0583,245.5304,6914.1164,556.5552,4195.70155934205,-2205.7869933111174,-5046.066581923031,-4376.9698283889475,-1819.764533201654,-5046.066581923031,-46.9668,-157.4245,4
3376,STARLINK-3960,satellite,2,142,53.1974,99.4305,86.1099,179.4124,265.5224,6912.1176,559.0687,4167.650697186427,144.30227163835175,-5526.798647725422,-2550.6983803744774,-3299.1018856218307,-5526.798647725422,-53.1342,-127.7094,4
3377,STARLINK-4081,satellite,2,142,53.2008,99.4638,101.0547,184.5306,285.5853,6912.8339,558.0376,3634.5121490601227,2491.6576230314477,-5340.022660362136,-403.9483174420462,-4388.036238331686,-5340.022660362136,-50.6441,-95.2596,5
3378,STARLINK-4044,satellite,2,142,53.2328,99.464,46.0826,299.2061,345.2887,6923.487,543.1385,-62.98718342859764,6775.383013903273,-1407.8243817920695,5253.777253781521,-4278.738942493825,-1407.8243817920695,-11.8085,-39.1598,11
3379,STARLINK-4037,satellite,2,142,53.2348,99.4855,55.7246,309.6854,5.41,6924.1492,540.0649,-1520.0661599411615,6728.759044782641,522.515706984727,6148.487611851008,-3127.762698840363,522.515706984727,4.3584,-26.9626,6
3380,STARLINK-4070,satellite,2,142,53.2224,99.4542,80.0961,245.3308,325.4269,6920.29,548.2864,1383.544295315421,6008.4566311130275,-3146.1402572871607,3739.7891653902725,-4902.012128044512,-3146.1402572871607,-27.1774,-52.6597,13
3381,STARLINK-4064,satellite,2,142,53.2027,99.495,116.3404,309.0811,65.4215,6914.0634,543.8823,-4186.923927071108,2214.0599264845778,5032.371596724498,4377.729743858365,1807.7266438494555,5032.371596724498,46.913,22.4375,13
3382,STARLINK-4079,satellite,2,142,53.2163,99.1144,75.3477,150.4526,225.8004,6917.958,551.6556,3698.813864827169,-4294.556042887129,-3974.875171220167,-5666.899132787616,-103.39163867070324,-3974.875171220167,-35.2088,-178.9548,9
3383,STARLINK-4076,satellite,2,142,53.1983,99.4802,106.5301,338.9753,85.5055,6912.0632,545.3553,-4159.424770074632,-145.58909081809023,5515.789006696893,2544.4545737446856,3293.594013145122,5515.789006696893,53.1337,52.3122,4
3384,STARLINK-4067,satellite,2,142,53.2163,99.5013,98.2047,307.2022,45.4069,6918.036,541.6697,-3708.3847632625066,4300.117279459641,3942.5989301212076,5677.291023044544,107.20452025330968,3942.5989301212076,34.9396,1.0818,13
3385,STARLINK-3972,satellite,2,142,53.2227,99.4551,94.3976,51.1478,145.5454,6920.3142,540.4129,-1373.577210464342,-6008.496583627434,3133.1495175542223,-3746.185546149528,4894.368131065532,3133.1495175542223,27.0896,127.4307,7
3386,STARLINK-4075,satellite,2,142,53.2286,99.5622,74.3324,311.0251,25.3575,6922.0091,539.716,-2786.325748298708,5867.727079237111,2372.320747687565,6294.654117849971,-1603.4842651798074,2372.320747687565,20.1775,-14.2914,4
3387,STARLINK-4071,satellite,2,142,53.2332,99.4651,115.4486,50.1777,165.6263,6923.5056,539.8071,88.06634105045991,-6778.368027188512,1375.5618952926673,-5272.091378615447,4261.34735593875,1375.5618952926673,11.5399,141.0519,5
3388,STARLINK-4073,satellite,2,142,53.2,99.4654,56.5627,48.8954,105.4582,6912.8936,544.9076,-3632.4659766334926,-2472.867162338698,5333.117973184774,417.100457426295,4374.4609133455215,5333.117973184774,50.6866,84.5534,4
3389,STARLINK-3976,satellite,2,142,53.229,99.4939,121.7564,83.8406,205.597,6921.9529,545.8979,2795.1545215185442,-5861.398400723892,-2395.365757443177,-6295.42293740676,1592.6487529731755,-2395.365757443177,-20.363,165.8029,7
3390,STARLINK-3936,satellite,2,142,53.2266,99.4124,101.5731,48.6869,150.26,6913.8266,532.9072,-1042.863989099333,-6252.546588627435,2744.7753727839745,-4145.1934249573815,4795.756000090792,2744.7753727839745,23.5425,130.8384,7
3391,STARLINK-3934,satellite,2,174,53.2193,89.5005,82.0732,138.5154,220.5886,6919.0488,550.187,2650.8196312383075,-5280.260088511636,-3607.351565409325,-5756.064464765152,1332.558890689331,-3607.351565409325,-31.5642,166.9654,15
3392,STARLINK-4006,satellite,2,142,53.2356,99.48,132.7449,52.8367,185.5816,6924.1024,541.2797,1531.5304447499955,-6726.088314382816,-539.1406531729019,-6153.754375880994,3117.235409364954,-539.1406531729019,-4.4966,153.1351,5
3393,STARLINK-4074,satellite,2,174,53.2326,89.5668,111.6734,48.8501,160.5235,6922.9377,539.6224,-1429.5595176341787,-6509.847062638958,1847.282337710003,-4096.212772351737,5257.641117176982,1847.282337710003,15.583,127.9221,6
3394,STARLINK-4031,satellite,2,174,53.2203,89.4538,91.9846,228.4145,320.3991,6919.2666,549.7329,2692.6651641612643,5308.2120437689355,-3534.170318686875,2364.871138920012,-5462.137428168972,-3534.170318686875,-30.8562,-66.5895,15
3395,STARLINK-3774,satellite,2,174,53.2354,89.2445,50.7645,309.6636,0.4281,6924.2535,540.4173,60.28260945931454,6918.166982273108,41.413401943121556,5284.919024709722,-4464.784349761841,41.413401943121556,0.3451,-40.1917,7
3396,STARLINK-4068,satellite,2,174,53.2315,89.4603,46.4833,294.1656,340.649,6922.7788,543.8139,1434.0685032049644,6516.2567776770275,-1836.9283966173518,4098.265210489995,-5265.204376754402,-1836.9283966173518,-15.4838,-52.104,13
3397,STARLINK-4017,satellite,2,174,53.1994,89.4668,96.9755,183.5104,280.4858,6912.4138,558.5936,4089.656489288537,1222.0134590346715,-5451.198693727904,-1671.6045134734084,-3927.384046025682,-5451.198693727904,-52.1104,-113.056,4
3398,STARLINK-4014,satellite,2,174,53.2078,89.4563,107.737,192.6945,300.4314,6915.1405,555.105,3608.2042086900647,3472.4760396250736,-4780.273011294496,367.5778428809731,-4994.208044004765,-4780.273011294496,-43.8457,-85.7906,10
3399,STARLINK-4029,satellite,2,174,53.2069,89.4968,113.6823,306.7782,60.4605,6914.9709,543.4088,-3571.1725749409798,3438.8506404596264,4815.071038099966,4926.927285076031,551.6836185473521,4815.071038099966,44.341,6.389,20
3400,STARLINK-4005,satellite,2,174,53.2232,89.7779,97.7189,117.5013,215.2202,6920.1607,548.5406,2368.1356334101865,-5664.1729883753815,-3197.5805667823324,-5870.938685748764,1795.2718369781585,-3197.5805667823324,-27.6576,162.9969,12
3401,STARLINK-3981,satellite,2,174,53.1984,89.4844,116.9632,323.5332,80.4964,6912.3283,545.213,-4072.1605593941495,1177.59708716021,5456.990238358707,3506.8926136718383,2381.371604212032,5456.990238358707,52.3314,34.1786,8
3402,STARLINK-4032,satellite,2,174,53.1985,89.353,61.6789,38.8997,100.5786,6912.3877,545.0833,-4083.07942016929,-1222.5239634807297,5438.868694709979,1667.011138178326,3922.6491377491334,5438.868694709979,52.088,66.9759,4
3403,STARLINK-4035,satellite,2,174,53.2194,89.4993,91.2517,309.1567,40.4084,6919.0995,540.9221,-2637.1496505635564,5287.310838743969,3589.312669537628,5752.759353448395,-1347.5807976811432,3589.312669537628,31.4356,-13.1838,9
3404,STARLINK-3993,satellite,2,174,53.2065,89.2249,72.2688,168.575,240.8437,6914.8503,555.5873,3575.2013871740182,-3421.6325634545915,-4841.656920305011,-4916.251313913658,-565.7803253791119,-4841.656920305011,-44.5505,-173.4351,9
3405,STARLINK-3946,satellite,2,174,53.2311,89.4927,129.477,71.0511,200.528,6922.7287,544.5494,1395.3054323902613,-6494.121874164686,-1944.1280170075472,-5888.257609066462,3073.9093180237014,-1944.1280170075472,-16.4099,152.4336,8
3406,STARLINK-4072,satellite,2,174,53.2076,89.4569,66.2223,54.3575,120.5798,6915.1993,543.4485,-3596.827593716361,-3482.1481458634994,4764.964045049231,-382.2862316805348,4991.631164832547,4764.964045049231,43.7626,94.3795,3
3407,STARLINK-4041,satellite,2,144,53.198,94.2692,91.3074,181.8362,273.1436,6912.0413,558.8333,4101.412045026824,686.8830508588707,-5535.196593028772,-2090.886726036897,-3594.6601769195104,-5535.196593028772,-53.2526,-120.1851,4
3408,STARLINK-4018,satellite,2,144,53.212,94.4519,75.7294,52.1088,127.8382,6916.61,542.4252,-2929.9952377845666,-4480.999097061407,4371.648047809695,-1576.7692890942874,5116.446384970186,4371.648047809695,39.4067,107.1281,4
3409,STARLINK-4030,satellite,2,144,53.2008,94.4815,122.0723,310.9019,72.9742,6913.0383,544.756,-4103.957654718332,1707.9191498294856,5290.865286925635,3935.27473019391,2067.1403077615983,5290.865286925635,50.139,27.7123,11
3410,STARLINK-3987,satellite,2,123,53.2356,84.5123,132.6252,55.4911,188.1163,6924.0039,541.8047,-73.07760966563175,-6874.877825533301,-782.6266725410695,-5243.436975764256,4446.982587579147,-782.6266725410695,-6.5341,139.6986,5
3411,STARLINK-4034,satellite,2,144,53.2028,94.1005,104.3917,188.8208,293.2125,6913.9202,556.8125,3606.392089560078,2994.3266528389013,-5095.157475164195,0.806832388904313,-4687.43590426199,-5095.157475164195,-47.5629,-89.9901,7
3412,STARLINK-4033,satellite,2,144,53.2156,94.4817,79.9332,53.1683,133.1015,6917.7106,541.858,-2643.9839215864076,-4945.093263584847,4042.31113374343,-2116.548065206856,5192.766377455159,4042.31113374343,35.9551,112.1756,5
3413,STARLINK-4020,satellite,2,132,53.2353,79.4852,47.894,307.509,355.403,6924.1718,541.0376,1584.9318501424243,6720.4456524864,-444.2439162102623,4159.034016407339,-5511.699809313446,-444.2439162102623,-3.704,-52.9624,6
3414,STARLINK-3999,satellite,2,132,53.1985,79.4725,94.2241,181.1851,275.4092,6912.1216,559.1764,4178.884693740289,-112.72896653270966,-5519.227194845734,-2755.6546020132755,-3143.5891617505386,-5519.227194845734,-53.0289,-131.2376,4
3415,STARLINK-3844,satellite,2,132,53.229,79.4572,54.4725,280.9351,335.4076,6922.1201,545.4443,2846.6069564045865,5871.6618736300015,-2307.24097212108,2700.1194383058573,-5940.449422507864,-2307.24097212108,-19.5844,-65.5567,11
3416,STARLINK-3970,satellite,2,132,53.2174,79.4524,102.0597,213.3893,315.449,6918.2269,551.1708,3761.847604612765,4317.521752996379,-3889.6027175938066,919.7002720998526,-5652.136135783283,-3889.6027175938066,-34.3504,-80.758,11
3417,STARLINK-4007,satellite,2,132,53.2003,79.3719,121.7688,313.7559,75.5247,6912.7481,544.9091,-3620.6000844614623,2436.846565828519,5357.561128556069,4187.468752521868,1229.6632074049983,5357.561128556069,51.0071,16.365,17
3418,STARLINK-3962,satellite,2,132,53.2329,79.4769,132.013,63.5973,195.6103,6923.3693,543.4492,-121.35293940207093,-6756.7933867921665,-1491.8302231961725,-5121.741067610102,4408.713173257704,-1491.8302231961725,-12.5235,139.2787,5
3419,STARLINK-4091,satellite,2,108,53.2121,339.6475,71.2223,54.2599,125.4822,6916.1025,542.7928,-2589.2510894052916,4555.43017659347,4507.435651085018,5158.99764160145,-917.0107042753533,4507.435651085018,40.8782,-10.079,15
3420,STARLINK-4089,satellite,2,108,53.2352,339.464,116.1723,49.4695,165.6417,6923.4707,539.5643,-5914.8329133607185,3312.0164784562794,1374.104593103169,6326.146522562582,2436.0976420518396,1374.104593103169,11.5279,21.0609,4
3421,STARLINK-4083,satellite,2,108,53.2372,339.4812,130.9586,54.6793,185.6379,6924.1231,541.4718,-6591.742859408132,2032.608445639298,-544.5862516154987,5773.981735885415,3774.083455821287,-544.5862516154987,-4.542,33.1701,4
3422,STARLINK-4086,satellite,2,108,53.2316,339.4971,126.1603,79.4579,205.6182,6921.9845,545.5278,-6472.785190655144,508.0588332525187,-2397.165850514974,4524.890838298122,4656.225381561354,-2397.165850514974,-20.3801,45.8196,4
3423,STARLINK-4108,satellite,2,108,53.2059,339.4962,74.0951,171.478,245.5731,6914.0934,556.899,-4004.2664901651733,-2533.6002251642963,-5048.1247316835215,607.8236677728293,4699.343636520686,-5048.1247316835215,-46.9887,82.6302,4
3424,STARLINK-4080,satellite,2,108,53.1996,339.4824,86.2928,179.2596,265.5524,6912.0725,559.0994,-1952.1278954761501,-3684.4579154364096,-5527.205773469136,-1588.3741135992484,3855.2692676602965,-5527.205773469136,-53.1395,112.3917,4
3425,STARLINK-4043,satellite,2,108,53.2103,339.7655,68.1111,57.067,125.1782,6910.4606,537.4957,-2564.1165527143057,4548.257102670989,4520.8035265966255,5137.425501981171,-931.7701323256232,4520.8035265966255,41.0633,-10.2799,15
3426,STARLINK-4036,satellite,2,108,53.225,339.4569,82.0318,243.3366,325.3684,6920.267,548.4433,4507.064063668911,-4204.0085668660495,-3150.970596202358,-6113.426188819495,-783.1569051951166,-3150.970596202358,-27.2218,-172.6999,7
3427,STARLINK-4092,satellite,2,108,53.2128,339.4474,108.1781,197.3303,305.5083,6916.105,554.0179,2580.3184556475744,-4571.681818195774,-4513.3359505092185,-5165.798052149505,934.2635943809898,-4513.3359505092185,-40.8623,169.7485,11
3428,STARLINK-4048,satellite,2,108,53.2385,339.482,55.2334,310.2133,5.4467,6924.1204,540.0284,6587.669947408963,-2045.7625125676955,526.0749685804874,-5781.502350902104,-3762.548359866745,526.0749685804874,4.3882,-146.9443,4
3429,STARLINK-4049,satellite,2,108,53.206,339.5577,108.9521,186.8666,295.8188,6905.855,547.776,1519.8111984614811,-4545.162438045605,-4984.557133701843,-4468.081912590085,1733.3700382708014,-4984.557133701843,-46.3022,158.7965,15
3430,STARLINK-4065,satellite,2,108,53.2062,339.4938,118.7186,306.7864,65.505,6914.0661,543.9903,4003.190810948478,2524.1707708392514,5036.015526425422,-614.3924832106642,-4692.493646857264,5036.015526425422,46.9563,-97.4594,87
3431,STARLINK-4046,satellite,2,108,53.2355,339.3904,44.0262,301.6129,345.6391,6923.1503,542.2453,5912.729536990126,-3321.034321578475,-1374.8877077676389,-6331.742254523758,-2428.719737840509,-1374.8877077676389,-11.53,-159.0143,4
3432,STARLINK-4188,satellite,2,108,53.2016,339.4653,60.7194,44.8522,105.5715,6912.8478,544.5653,-338.46751773250566,4384.468415452794,5330.043121451996,3589.946407496334,-2539.765410026545,5330.043121451996,50.6498,-35.2781,5
3433,STARLINK-4208,satellite,2,108,53.2295,339.496,74.8694,310.5359,25.4054,6921.9468,539.6409,6472.8387061891,-524.5478871205185,2376.5065645247028,-4537.613081581375,-4645.735563297158,2376.5065645247028,20.2149,-134.3254,4
3434,STARLINK-4168,satellite,2,108,53.1994,339.5461,106.9242,338.5834,85.5077,6912.0293,545.3216,1949.1097791924676,3677.193648775877,5515.857586697034,1584.711944094665,-3848.307435248003,5515.857586697034,53.135,-67.6184,33
3435,STARLINK-4212,satellite,2,108,53.2004,339.4937,118.0694,322.2675,80.3368,6912.3039,545.128,2515.7896409175983,3415.560860389998,5454.512200340005,1021.4705293498105,-4117.262618056587,5454.512200340005,52.2988,-76.0666,60
3436,STARLINK-4206,satellite,2,108,53.2248,339.4588,93.88,51.7494,145.6294,6920.3245,540.4329,-4524.1792165975,4190.749999026839,3126.551099771976,6114.154797494471,804.7945393152021,3126.551099771976,27.0279,7.4986,9
3437,STARLINK-4202,satellite,2,108,53.2185,339.5015,97.9644,307.4967,45.4611,6918.0005,541.5295,5574.619872418239,1065.5574452239928,3946.3006899800175,-2740.3905105673107,-4970.116622437068,3946.3006899800175,34.978,-118.8712,69
3438,STARLINK-4197,satellite,2,152,53.236,329.4784,128.3221,52.3079,180.63,6924.1651,540.6864,-5982.895946358507,3474.382805811519,-60.94414308965238,6494.5543725462585,2384.773215278982,-60.94414308965238,-0.5078,20.163,4
3439,STARLINK-4187,satellite,2,108,53.2092,339.8146,108.8776,191.1768,300.0544,6915.0595,555.4261,2015.9985055370764,-4564.843733158152,-4798.910500896252,-4800.124304980368,1364.1315696140591,-4798.910500896252,-44.0574,164.1356,14
3440,STARLINK-3809,satellite,2,152,53.2323,329.4929,129.5351,71.1129,200.648,6922.7059,544.5463,-6321.424192394821,2029.1207507939378,-1955.016294199135,5598.654675938084,3568.3050123404087,-1955.016294199135,-16.5044,32.5114,4
3441,STARLINK-4184,satellite,2,152,53.2326,329.4632,111.4603,49.1942,160.6545,6922.8993,539.5662,-4923.817518099451,4496.812671632593,1835.3185840810283,6604.900541166078,916.8380427330359,1835.3185840810283,15.4797,7.9028,5
3442,STARLINK-4189,satellite,2,152,53.2011,329.4623,79.4769,175.8998,255.3767,6912.7542,558.2363,-3544.4656520601675,-2568.154561812604,-5364.3612851797525,287.5755060146962,4367.602882627218,-5364.3612851797525,-50.9604,86.2329,4
3443,STARLINK-4204,satellite,2,152,53.2202,329.4991,84.3872,136.2369,220.6241,6919.0233,550.1125,-5896.726287938902,341.5514307354717,-3609.9569623330235,4028.856820907854,4319.299828830062,-3609.9569623330235,-31.59,46.9926,4
3444,STARLINK-4209,satellite,2,152,53.1993,329.4724,97.5982,182.8877,280.4859,6912.4098,558.6885,-986.1417207085708,-4152.916341762585,-5451.265915395956,-2565.7879222344554,3411.1467240675224,-5451.265915395956,-52.1103,126.9497,4
3445,STARLINK-4201,satellite,2,152,53.2112,329.5475,70.4729,164.9018,235.3746,6915.8849,554.1467,-5120.132625228389,-947.3091729409392,-4562.280224713153,2541.1151361312386,4544.8747654903445,-4562.280224713153,-41.3997,60.7897,4
3446,STARLINK-4199,satellite,2,152,53.2214,329.4573,92.3388,228.1133,320.4521,6919.2644,549.609,3256.0123289144217,-4985.217257926275,-3530.208169618158,-5915.5496811049625,678.4389177720092,-3530.208169618158,-30.8185,173.4575,10
3447,STARLINK-4198,satellite,2,152,53.1999,329.5133,83.0672,177.4644,260.5317,6912.3061,559.0521,-3057.061488651613,-2947.595128783687,-5468.585704768005,-315.68642997841874,4234.888908407589,-5468.585704768005,-52.3401,94.2632,3
3448,STARLINK-4196,satellite,2,152,53.233,329.4663,49.5333,290.8907,340.424,6922.8614,544.2594,4911.407434551191,-4508.388450043429,-1857.5969082338618,-6605.88202049596,-899.8956250243207,-1857.5969082338618,-15.6613,-172.2426,5
3449,STARLINK-4191,satellite,2,152,53.209,329.4588,108.7007,191.7928,300.4935,6915.1314,555.1478,1210.1455673154837,-4862.255016547753,-4777.3454544790275,-4514.306707832165,2174.169056825763,-4777.3454544790275,-43.8117,154.2837,15
3450,STARLINK-4112,satellite,2,152,53.2014,329.5002,122.4368,312.8535,75.2904,6912.7477,544.8006,3543.752347643797,2559.021004173673,5351.8716936650335,-294.1480701121805,-4361.220713754606,5351.8716936650335,50.9334,-93.8585,72
3451,STARLINK-4010,satellite,2,152,53.2385,329.4796,52.3615,308.0452,0.4066,6924.2436,540.6046,5974.9138718142,-3488.242080133826,39.337911234923936,-6500.120984341203,-2369.7796889460546,39.337911234923936,0.3278,-159.9694,4
3452,STARLINK-4270,satellite,2,152,53.2216,329.5034,93.1404,307.2969,40.4373,6919.0859,541.1239,5896.501199697645,-357.00280310831465,3591.642108365325,-4040.6026500315,-4309.2583612521275,3591.642108365325,31.4573,-133.1572,27
3453,STARLINK-4267,satellite,2,152,53.2324,329.4943,69.5051,310.9082,20.4133,6922.7577,539.5966,6317.483334661163,-2046.2515705998699,1932.383571105587,-5609.319677619205,-3554.3317133011,1932.383571105587,16.3201,-147.6397,9
3454,STARLINK-4274,satellite,2,152,53.2011,329.4705,59.6111,40.9807,100.5918,6912.396,545.129,972.7368411448118,4149.778622590899,5438.8555369102005,2571.934737666307,-3398.827927950774,5438.8555369102005,52.0873,-52.8848,13
3455,STARLINK-4272,satellite,2,152,53.2089,329.4998,114.4872,306.006,60.4932,6914.9431,543.4123,4761.186985605629,1376.1459073386213,4816.756622860176,-1981.8857227902315,-4542.555233784779,4816.756622860176,44.3605,-113.5713,87
3456,STARLINK-4126,satellite,2,152,53.2218,329.4553,88.6505,51.9833,140.6338,6919.3041,540.8226,-3268.8899058887314,4977.361435308246,3512.2121983123257,5917.729220744077,-663.5125804886447,3512.2121983123257,30.688,-6.3974,9
3457,STARLINK-4261,satellite,2,152,53.2018,329.516,118.2993,322.1862,80.4855,6912.3227,545.1261,3055.1355300213872,2938.395854536506,5456.989983885398,309.8377789781842,-4227.531650440272,5456.989983885398,52.3323,-85.8083,62
3458,STARLINK-4266,satellite,2,133,53.2379,319.476,125.3865,50.2462,175.6327,6924.1751,540.0639,-5038.563728916928,4721.774053164382,422.0465044023671,6851.289247054929,861.4582477886921,422.0465044023671,3.5192,7.1666,4
3459,STARLINK-4207,satellite,2,133,53.2111,319.5009,71.2242,164.3693,235.5934,6915.9018,554.2407,-5196.176548889319,-60.555673282010694,-4574.3044039268125,3272.024518862513,4037.0500696370473,-4574.3044039268125,-41.5319,50.9753,4
3460,STARLINK-4213,satellite,2,133,53.2277,319.4711,110.4568,99.9715,210.4282,6921.0979,547.2596,-5900.244534005965,2283.4078254931947,-2808.088823532364,5525.331420169523,3081.80946131948,-2808.088823532364,-24.0657,29.151,4
3461,STARLINK-4211,satellite,2,133,53.2001,319.4736,94.3131,181.2263,275.5394,6912.1029,559.1244,-2174.3942568004236,-3572.0498986130046,-5518.104433209399,-1359.9239705265843,3954.5085227591876,-5518.104433209399,-53.0141,108.9777,4
3462,STARLINK-4193,satellite,2,133,53.2058,319.4596,106.5542,188.9098,295.464,6914.2187,556.3217,-171.34376985481612,-4779.847261195002,-5005.514879453405,-3568.58502020548,3184.5721033423742,-5005.514879453405,-46.4795,138.2546,12
3463,STARLINK-4200,satellite,2,133,53.2009,319.4896,79.0451,176.4977,255.5429,6912.7441,558.2767,-3922.8593832121364,-1930.4711628136167,-5368.405247525099,1019.9299408439731,4251.504153435637,-5368.405247525099,-51.0131,76.5098,4
3464,STARLINK-4214,satellite,2,133,53.2007,319.5014,121.9647,313.5484,75.5131,6912.7363,544.9139,3917.2040880770355,1924.8934114960177,5357.313465622814,-1020.6100872175628,-4243.590173796001,5357.313465622814,51.0038,-103.5232,75
3465,STARLINK-4171,satellite,2,133,53.2183,319.4534,101.7484,213.6659,315.4143,6918.215,551.1823,1854.8970518848553,-5415.987466506207,-3892.040658426344,-5352.175855907721,2031.6931160689378,-3892.040658426344,-34.3748,159.2132,19
3466,STARLINK-4139,satellite,2,133,53.2189,319.4555,83.0523,52.5757,135.628,6918.2292,541.4219,-1873.405686029422,5411.664496936033,3871.8793721576644,5360.670234386866,-2014.6900828673265,3871.8793721576644,34.2275,-20.5976,6
3467,STARLINK-4186,satellite,2,133,53.2056,319.4636,62.5217,53.0544,115.5761,6914.2698,543.8569,159.1791890524592,4776.564050427793,4991.835885492447,3573.8277455542047,-3173.114776867283,4991.835885492447,46.4237,-41.6011,6
3468,STARLINK-4181,satellite,2,133,53.2339,319.0625,65.079,310.6436,15.7226,6923.3083,539.4646,5764.535928905051,-3514.9701460722094,1501.4396100716785,-6386.3265726325235,-2190.826901218768,1501.4396100716785,12.6129,-161.0655,9
3469,STARLINK-4260,satellite,2,137,53.2299,39.456,105.9721,49.6797,155.6518,6922.1636,539.7529,-5949.254555505328,-2686.074153834269,2283.8961981442,1732.695097738442,6293.360932313556,2283.8961981442,19.3951,74.6066,5
3470,STARLINK-4259,satellite,2,164,53.2084,49.4554,106.0223,194.4239,300.4462,6915.1517,555.6477,4997.06054499175,342.2697849840781,-4779.96130063327,-2928.0813737152357,-4063.754688084431,-4779.96130063327,-43.8378,-125.7741,4
3471,STARLINK-4291,satellite,2,137,53.2361,39.4701,125.2926,50.3582,175.6507,6924.1715,540.0978,-5524.742351349415,-4142.637719048737,420.29836917752084,340.7710979331623,6896.963127267871,420.29836917752084,3.5046,87.1714,4
3472,STARLINK-4286,satellite,2,164,53.2335,49.4598,49.2099,291.1284,340.3383,6922.8609,544.2068,5295.325724885861,4046.857848147643,-1865.3990036370894,-267.95159270211633,-6659.259337172606,-1865.3990036370894,-15.7289,-92.3042,4
3473,STARLINK-4285,satellite,2,164,53.2375,49.4762,51.8978,308.4991,0.3969,6924.2605,540.5502,4473.597167669929,5277.658329060895,38.396676858225334,1203.9398721866455,-6813.022665531757,38.396676858225334,0.32,-79.9786,6
3474,STARLINK-4269,satellite,2,164,53.233,49.4966,65.5471,309.563,15.1101,6923.4271,539.7755,3516.5737473214076,5778.577503462257,1444.4057935197968,2200.607503992541,-6396.528394155843,1444.4057935197968,12.1259,-71.0152,13
3475,STARLINK-4256,satellite,2,137,53.2252,39.4981,97.4976,118.0802,215.5779,6920.1265,548.688,-2810.7739712725797,-5441.4536880170135,-3225.909078663261,-2391.9663891818705,5638.117181244252,-3225.909078663261,-27.923,112.989,8
3476,STARLINK-4296,satellite,2,137,53.2015,39.4853,78.9985,176.498,255.4965,6912.789,558.283,1214.8734912622303,-4201.341051343976,-5367.3357446214495,-4008.7634859957097,1748.427734516731,-5367.3357446214495,-50.999,156.4355,9
3477,STARLINK-4295,satellite,2,137,53.1995,39.7573,87.4867,2.5362,90.0229,6912.0227,545.3591,-2649.263318027696,3180.2545435701504,5532.829945918423,4139.149629173215,7.44563368306702,5532.829945918423,53.3694,0.1031,18
3478,STARLINK-4254,satellite,2,137,53.2188,39.3645,101.0962,214.3791,315.4753,6918.2182,551.2522,5659.222872310442,883.2156262469081,-3887.9092425217464,-2934.7326977259618,-4918.76177038759,-3887.9092425217464,-34.3329,-120.822,4
3479,STARLINK-4217,satellite,2,137,53.2368,39.4725,49.1541,306.2444,355.3985,6924.1728,541.2144,5535.173437987479,4127.9888176981885,-444.70116460622233,-358.70517465399627,-6895.633927734263,-444.70116460622233,-3.7078,-92.9778,4
3480,STARLINK-4194,satellite,2,137,53.1999,39.4729,93.831,181.6706,275.5016,6912.1099,559.0862,3136.8238532072464,-2764.768996343017,-5518.409507161986,-4130.828431005059,-647.972192914022,-5518.409507161986,-53.0187,-171.0851,7
3481,STARLINK-4190,satellite,2,137,53.2339,39.4878,65.2818,310.004,15.2858,6923.4001,539.7067,4455.246392026087,5085.287087375954,1460.802255600773,1067.6332768754914,-6676.04106943645,1460.802255600773,12.2657,-80.9142,19
3482,STARLINK-4121,satellite,2,137,53.206,39.4573,106.652,188.8309,295.4829,6914.2566,556.4601,4678.74851619064,-997.1836195241135,-5004.835646889986,-3755.4744064195506,-2963.355333322524,-5004.835646889986,-46.4701,-141.7239,4
3483,STARLINK-4255,satellite,2,137,53.2112,39.4972,107.1326,308.2457,55.3784,6915.9515,542.7217,863.7033506744524,5125.99954212985,4554.956342785317,3392.757190984794,-3938.407473446936,4554.956342785317,41.4022,-49.2566,10
3484,STARLINK-4253,satellite,2,137,53.2306,39.4592,56.3639,279.0611,335.425,6922.1409,545.6226,5954.828154782378,2669.955486830848,-2305.8219650030105,-1748.65782386901,-6287.3552841929295,-2305.8219650030105,-19.5714,-105.5425,4
3485,STARLINK-4288,satellite,2,137,53.2013,39.4874,120.8371,314.6456,75.4826,6912.7507,544.8261,-1211.2658709678594,4193.98328969552,5356.555007898747,4000.797741092663,-1746.504588967527,5356.555007898747,50.9947,-23.5832,11
3486,STARLINK-4290,satellite,2,137,53.2243,39.4984,86.8046,308.607,35.4115,6920.1361,540.5598,2822.642998752472,5435.011977061406,3209.0106485669953,2379.4292510688733,-5643.136107552705,3209.0106485669953,27.7998,-67.1373,46
3487,STARLINK-4215,satellite,2,137,53.2066,39.4571,62.3618,53.2121,115.574,6914.2588,543.8741,-4676.063888078225,986.8622208127583,4992.002138623329,3745.817673625181,2967.8814808233114,4992.002138623329,46.4255,38.3904,7
3488,STARLINK-4275,satellite,2,137,53.2007,39.4604,70.4423,25.0988,95.5411,6912.1072,545.1868,-3133.360599359156,2756.6175423767245,5507.023792614524,4122.344154421945,650.5133304235063,5507.023792614524,53.0148,8.9674,18
3489,STARLINK-4277,satellite,2,114,53.236,29.4844,132.0481,58.5849,190.633,6923.8293,542.3645,-5544.237984964795,-4012.72103829723,-1022.9079991013406,453.191115552967,6828.991344108114,-1022.9079991013406,-8.5525,86.2033,4
3490,STARLINK-4263,satellite,2,137,53.2105,39.2261,71.2874,164.4606,235.748,6915.866,554.321,-851.2958747236836,-5118.853342849917,-4582.733914706275,-3395.182536970568,3924.296083704366,-4582.733914706275,-41.6246,130.8654,15
3491,STARLINK-4265,satellite,2,114,53.2287,29.4961,110.2227,100.4006,210.6233,6921.0459,547.2566,-4145.215993659194,-4769.87638235754,-2824.3676285905385,-1022.9356209446986,6236.035523669081,-2824.3676285905385,-24.2139,99.3156,5
3492,STARLINK-4271,satellite,2,137,53.2186,39.4514,82.9233,52.6917,135.615,6918.2455,541.4728,-5654.456727668911,-903.5831137042676,3872.793471922346,2916.016265623012,4928.102319054844,3872.793471922346,34.2364,59.3867,5
3493,STARLINK-4177,satellite,2,114,53.2036,29.4893,73.473,177.0324,250.5054,6913.3844,557.4047,-86.79278840948486,-4540.065118130027,-5226.166061305101,-3438.076309025693,2966.370772222714,-5226.166061305101,-49.1885,139.2124,9
3494,STARLINK-4183,satellite,2,114,53.2359,29.4691,121.0272,49.5991,170.6263,6923.9366,539.7084,-6273.8286106888245,-2770.5495478500475,902.5829510084346,1874.987029872018,6597.06706584081,902.5829510084346,7.5433,74.134,4
3495,STARLINK-4262,satellite,2,114,53.2038,29.4592,105.4837,184.9902,290.4739,6913.4992,557.3719,4019.2297660661216,-2191.688587703569,-5193.886647607948,-4253.414800085825,-1692.9764665561236,-5193.886647607948,-48.7821,-158.2961,4
3496,STARLINK-4283,satellite,2,114,53.2156,29.4979,74.1969,156.4105,230.6073,6916.9152,553.0053,-2246.5169757730296,-4951.739506843216,-4284.898910478566,-2375.5108570012903,4891.16661281716,-4284.898910478566,-38.4113,115.9046,8
3497,STARLINK-4281,satellite,2,114,53.2149,29.4519,107.4781,202.9461,310.4242,6917.1715,552.8548,5460.76789513738,-540.7756260628419,-4220.874855714341,-3903.7248803259845,-3856.5990640758428,-4220.874855714341,-37.7381,-135.3479,4
3498,STARLINK-4279,satellite,2,114,53.224,29.6482,91.4439,53.3488,144.7927,6910.3646,530.8249,-6081.685284411743,-719.48780504593,3188.412911317674,3330.531019516333,5139.272490175983,3188.412911317674,27.6488,57.0545,5
3499,STARLINK-4282,satellite,2,114,53.2368,29.4662,48.4441,301.9864,350.4305,6923.8894,542.2384,6279.720003146485,2757.1857290469693,-921.6108089077486,-1889.0329078122481,-6593.0653823226085,-921.6108089077486,-7.7004,-105.988,4
3500,STARLINK-4287,satellite,2,114,53.2001,29.4747,90.6798,179.8512,270.5309,6912.0052,559.3366,2096.488395771928,-3578.9510921370525,-5543.829005068193,-4092.901749948219,672.5397971764628,-5543.829005068193,-53.3664,170.6686,7
3501,STARLINK-4216,satellite,2,114,53.2285,29.4543,66.6953,263.7393,330.4346,6921.2498,546.9288,6247.630379008785,1180.2084825317008,-2735.7494594920877,-3081.997269988915,-5561.211220834371,-2735.7494594920877,-23.41,-118.995,4
3502,STARLINK-4284,satellite,2,114,53.2035,29.4819,120.9338,309.554,70.4878,6913.3414,544.4273,89.156579800374,4532.167953370016,5215.798261687866,3430.489893201898,-2963.1460216998235,5215.798261687866,49.1816,-40.8194,6
3503,STARLINK-4289,satellite,2,114,53.2134,29.5003,102.6535,307.7689,50.4224,6916.9731,541.9412,2261.8260845011223,4945.176802042019,4266.594586913476,2360.6835532139676,-4898.755352287893,4266.594586913476,38.2903,-64.2708,43
3504,STARLINK-4218,satellite,2,114,53.1999,29.4759,86.6726,3.8572,90.5299,6911.9801,545.3193,-2092.209393211568,3571.746558617127,5532.591888079659,4084.625122645837,-671.2311311958701,5532.591888079659,53.3666,-9.3321,16
3505,STARLINK-4119,satellite,2,114,53.2063,29.3884,117.7299,307.6207,65.3506,6914.108,543.944,665.2458203798835,4692.189040704069,5029.809466437229,3185.6949803419852,-3508.637554302261,5029.809466437229,46.8814,-47.7619,11
3506,STARLINK-4158,satellite,2,114,53.2275,29.4557,98.8371,51.7338,150.5709,6921.3132,539.9711,-6244.209161238062,-1190.5887617937894,2721.5018764841675,3071.824794796995,5565.208179310942,2721.5018764841675,23.3059,61.1026,5
3507,STARLINK-4143,satellite,2,111,53.2179,19.5006,77.1471,148.4646,225.6116,6917.971,551.5545,-3575.9366416402895,-4408.758016580863,-3962.1737127688157,-1108.6401319138424,5567.350103209041,-3962.1737127688157,-35.0805,101.2621,7
3508,STARLINK-4160,satellite,2,114,53.2353,29.6785,59.8008,310.4795,10.2803,6923.8369,539.6969,5547.623677583713,4012.004995990457,988.9588231524406,-455.9044253885734,-6831.139268881212,988.9588231524406,8.2699,-93.8182,12
3509,STARLINK-4137,satellite,2,111,53.204,19.465,100.754,184.7382,285.4922,6912.862,558.2831,3075.375527952671,-3151.6960167640996,-5342.844019045281,-4389.317665698176,-353.57156221446644,-5342.844019045281,-50.6784,-175.3946,8
3510,STARLINK-4115,satellite,2,114,53.2152,29.4538,77.1786,53.4239,130.6025,6917.1795,541.9695,-5462.3502163440235,524.3955999705121,4203.085834673553,3892.13128544431,3868.2780003675607,4203.085834673553,37.6214,44.8239,5
3511,STARLINK-4167,satellite,2,111,53.2033,19.4802,86.2338,179.3104,265.5442,6912.0524,559.5469,871.738825521583,-4077.5082312952386,-5527.7678677776785,-3694.3276653968464,1933.3765946875587,-5527.7678677776785,-53.1423,152.3753,7
3512,STARLINK-4151,satellite,2,111,53.2221,19.5481,84.6099,135.7484,220.3584,6919.0909,550.0734,-4072.898789248553,-4294.17625908868,-3590.5013519058302,-703.0784786037318,5876.575103281455,-3590.5013519058302,-31.4008,96.8225,5
3513,STARLINK-4157,satellite,2,111,53.2133,19.4545,109.2566,196.1653,305.4219,6916.1233,554.1743,4908.762373315395,-1849.1618011819307,-4518.303403381977,-4557.96009218645,-2596.21786502271,-4518.303403381977,-40.9156,-150.3341,4
3514,STARLINK-4155,satellite,2,111,53.2273,19.4531,80.8993,244.4833,325.3826,6920.3094,548.5055,6155.526088501556,-322.5400591190233,-3149.968031179016,-4179.514498967834,-4530.584075908693,-3149.968031179016,-27.2122,-132.6919,4
3515,STARLINK-4153,satellite,2,111,53.2372,19.4642,47.874,297.5214,345.3953,6923.4679,543.1832,6662.11394759895,1246.820131036927,-1397.9340756926872,-3295.4572169880635,-5922.692328743127,-1397.9340756926872,-11.7243,-119.0921,4
3516,STARLINK-4156,satellite,2,111,53.2385,19.4787,55.8734,309.6414,5.5148,6924.0827,539.9941,6359.18499680396,2671.3021453674073,532.6229183117263,-2005.8705470991283,-6599.361508790174,532.6229183117263,4.4429,-106.9066,5
3517,STARLINK-4150,satellite,2,148,53.2348,119.4739,48.2924,307.0273,355.3197,6924.1965,541.2127,-3098.9190159569202,6169.949169550721,-452.2819232558773,6726.85189337237,-1555.9676818403377,-452.2819232558773,-3.7711,-13.0239,4
3518,STARLINK-4023,satellite,2,148,53.2178,119.4535,103.1455,212.2238,315.3692,6918.1994,551.2461,113.26792413506269,5721.644446085714,-3895.154986974972,4330.374043421481,-3741.3774781653415,-3895.154986974972,-34.4058,-40.8265,11
3519,STARLINK-4152,satellite,2,148,53.2293,119.4597,54.1793,281.137,335.3163,6922.1321,545.4733,-1586.4102012031487,6326.601635560478,-2315.2817990689473,5881.40556240079,-2819.867761459565,-2315.2817990689473,-19.6554,-25.6156,8
3520,STARLINK-4145,satellite,2,148,53.2324,119.4882,65.0008,310.3839,15.3847,6923.4059,539.6555,-4238.862132750135,5264.373689610727,1469.9832591365894,6758.068841306457,-100.4393373707216,1469.9832591365894,12.3441,-0.8515,5
3521,STARLINK-4141,satellite,2,151,53.2301,114.6743,71.8011,310.9331,22.7342,6922.4433,539.6877,-4116.53235486244,5128.204852223868,2140.9129643000797,6575.161219871196,-107.60375320430889,2140.9129643000797,18.138,-0.9376,5
3522,STARLINK-4185,satellite,2,148,53.1999,119.4889,120.0286,315.4533,75.4819,6912.7669,544.9276,-4340.798571141427,-464.69028816003674,5356.517831496369,2414.748551885967,3636.9573451304504,5356.517831496369,50.9932,56.4179,4
3523,STARLINK-4170,satellite,2,148,53.2098,119.4987,109.7923,305.675,55.4673,6915.924,542.9918,-4897.2859127940665,1731.10246437134,4559.914505660067,4459.785685145714,2662.7873922589306,4559.914505660067,41.4551,30.84,10
3524,STARLINK-4103,satellite,2,148,53.23,119.4588,106.4557,49.1372,155.5929,6922.0877,539.6575,1607.6591200838373,-6324.478508999639,2289.0484504788237,-5893.3428117070625,2802.161087605017,2289.0484504788237,19.4409,154.5699,5
3525,STARLINK-4101,satellite,2,148,53.201,119.4341,56.7372,53.6467,110.3839,6913.4809,544.6806,-2196.614502601211,-4003.2773923420955,5187.2017712883535,-1677.5553544333022,4247.0169749940305,5187.2017712883535,48.8181,111.5538,4
3526,STARLINK-4102,satellite,2,148,53.2355,119.475,125.0235,50.5917,175.6152,6924.1776,540.2865,3118.5522094179128,-6161.050992708775,423.73486728486165,-6732.543940382475,1535.177288928657,423.73486728486165,3.5332,167.1548,4
3527,STARLINK-4100,satellite,2,148,53.2048,119.4683,61.3015,54.2562,115.5577,6914.2752,544.031,-1784.4830002914998,-4432.889232142007,4992.674923302786,-2271.3491997466126,4204.26680118904,4992.674923302786,46.4322,118.3801,5
3528,STARLINK-4106,satellite,2,148,53.2227,119.5001,96.4145,119.2258,215.6403,6920.0532,548.5346,4871.869459929759,-3707.0138869393836,-3230.631178867603,-5963.985479125696,-1381.2824466181999,-3230.631178867603,-27.9681,-166.96,5
3529,STARLINK-4094,satellite,2,148,53.2101,119.5005,70.2576,165.2993,235.5569,6915.9171,554.255,4904.090690660733,-1724.2033559244435,-4572.25443976374,-4458.822910980224,-2672.42978641614,-4572.25443976374,-41.5091,-149.0633,4
3530,STARLINK-4021,satellite,2,126,53.1976,109.6828,107.102,337.9733,85.0753,6912.1268,545.4644,-4083.0126911973693,-830.5329920293918,5512.431815331166,1968.5993395141898,3672.246496055565,5512.431815331166,53.0862,61.8054,4
3531,STARLINK-4040,satellite,2,126,53.2271,109.4977,80.1544,310.0492,30.2036,6921.2358,540.0316,-3957.61929560519,4938.221104332047,2786.4066552411346,6327.479383642785,-108.54867015517657,2786.4066552411346,23.895,-0.9828,7
3532,STARLINK-4098,satellite,2,126,53.2137,109.5023,102.9356,307.3936,50.3292,6917.011,542.2463,-4476.428181230815,3095.785903865594,4261.065591303281,5241.100377616292,1467.3671851451152,4261.065591303281,38.2298,15.6408,13
3533,STARLINK-4077,satellite,2,126,53.2339,109.4849,59.2977,311.0844,10.3821,6923.8471,539.6954,-2972.996456578677,6165.568931789937,998.6309727744251,6643.058916286161,-1650.065579979659,998.6309727744251,8.3514,-13.9494,4
3534,STARLINK-4088,satellite,2,126,53.1963,109.4748,90.9463,359.58,90.5263,6911.9636,545.6437,-3881.4741592956793,-1439.906554092014,5532.595666071565,1370.980271746268,3906.351959089166,5532.595666071565,53.363,70.6609,4
3535,STARLINK-4087,satellite,2,126,53.2262,109.3305,100.2403,50.4422,150.6825,6921.3293,540.0937,83.06771667897632,-6360.329965125313,2712.109722043814,-4947.225286453228,3998.207032646383,2712.109722043814,23.2204,141.0558,7
3536,STARLINK-4054,satellite,2,126,53.2016,109.4898,119.162,311.2887,70.4507,6913.3829,544.4654,-4448.705048630686,878.4096885737575,5214.506574139739,3517.1588205471003,2862.197411385199,5214.506574139739,49.1649,39.138,7
3537,STARLINK-4111,satellite,2,126,53.2341,109.4684,120.8694,49.7532,170.6227,6923.9343,539.8514,1638.6731915430023,-6659.8027655685955,902.9275708547827,-6171.177126707482,2992.456445089757,902.9275708547827,7.546,154.1309,5
3538,STARLINK-4096,satellite,2,126,53.2024,109.4607,57.7929,52.7568,110.5497,6913.5105,544.5278,-2846.388752459532,-3578.5113789134357,5181.599730762334,-935.7159590913175,4475.724328311886,5181.599730762334,48.7491,101.8084,4
3539,STARLINK-4055,satellite,2,126,53.2134,109.5015,71.6642,158.9355,230.5997,6916.9224,552.8752,4486.579397755672,-3072.6473494507813,-4284.226333328768,-5229.778864526253,-1489.9561921771613,-4284.226333328768,-38.405,-164.0978,4
3540,STARLINK-4114,satellite,2,126,53.2231,109.4652,93.6179,51.7658,145.3837,6920.3034,540.5859,-321.0033584303674,-6148.679212563786,3146.102806675783,-4526.296952196695,4173.959165549238,3146.102806675783,27.2099,137.3191,8
3541,STARLINK-4104,satellite,2,126,53.2343,109.6295,133.4879,57.0633,190.5512,6923.8223,542.2023,2999.6843222034295,-6152.739130054739,-1015.0834730599463,-6650.231219518787,1621.3357339914085,-1015.0834730599463,-8.4868,166.2985,5
3542,STARLINK-4116,satellite,2,126,53.226,109.4979,111.7463,98.9612,210.7076,6920.9988,547.1068,3980.99892740507,-4903.585144152809,-2831.2139341932343,-6315.759338355669,68.4376061066676,-2831.2139341932343,-24.2769,179.3792,7
3543,STARLINK-4090,satellite,2,126,53.2025,109.4627,103.7569,186.7182,290.475,6913.4994,557.2863,2856.114052034149,3577.8671975501816,-5193.69488640509,929.0090538702937,-4482.79637496056,-5193.69488640509,-48.7805,-78.2918,10
3544,STARLINK-4110,satellite,2,126,53.2127,109.3504,108.5886,199.2309,307.8195,6915.4099,552.6028,1683.2010189063913,5089.737504005688,-4379.232213698285,2841.4688544470105,-4545.838567188363,-4379.232213698285,-39.4187,-57.9917,15
3545,STARLINK-3683,satellite,2,144,53.234,94.4781,133.3629,59.6732,193.0361,6923.6411,542.7691,1457.8426864432836,-6648.328466844117,-1250.4631165037756,-6046.857545997022,3124.274398942081,-1250.4631165037756,-10.4736,152.6756,6
3546,STARLINK-4105,satellite,2,126,53.1971,109.4773,90.1853,180.335,270.5203,6912.0018,559.1715,3889.181326989322,1442.18979746453,-5543.48988103817,-1374.1456580272986,-3913.740731913386,-5543.48988103817,-53.3635,-109.3466,4
3547,STARLINK-4117,satellite,2,144,53.2143,94.712,104.0738,208.6734,312.7471,6917.6542,551.9168,2647.9451592097985,4933.028987962301,-4071.423200134388,2104.7348892913483,-5188.109444495047,-4071.423200134388,-36.1932,-67.9184,13
3548,STARLINK-4095,satellite,2,158,53.206,104.409,63.4427,54.6411,118.0838,6914.7219,543.7266,-2727.51000631561,-4059.9472101403303,4882.798712398091,-1382.0969851034224,4691.725706757169,4882.798712398091,45.1288,106.414,4
3549,STARLINK-4052,satellite,2,132,53.1999,79.2473,78.8328,176.7866,255.6193,6912.7603,558.4094,3626.128923258855,-2438.9370362534373,-5370.271405774622,-4192.608417474706,-1232.5824486107877,-5370.271405774622,-51.0363,-163.6172,4
3550,STARLINK-4299,satellite,2,158,53.231,104.373,107.7854,50.3529,158.1383,6922.5757,539.8176,100.03294201272489,-6600.442987416688,2062.9618812790163,-5142.823550815741,4138.504578323046,2062.9618812790163,17.456,141.1759,5
3551,STARLINK-4300,satellite,2,123,53.2151,84.4905,100.9623,306.9642,47.9265,6917.4912,542.0223,-2613.657547580649,4905.608638623782,4109.447008859341,5444.0419737232905,-1121.8773906735914,4109.447008859341,36.6458,-11.6442,12
3552,STARLINK-4205,satellite,2,148,53.2026,119.3959,103.2441,187.0415,290.2856,6913.4826,557.4666,2210.8467774912756,4000.642679988592,-5200.20076835968,1666.4383154991056,-4256.285783065602,-5200.20076835968,-48.8605,-68.6185,10
3553,STARLINK-4292,satellite,2,148,53.1973,119.4714,93.2546,182.2266,275.4812,6912.1353,558.9906,3269.0389823032024,2607.00897798558,-5518.334828751079,-81.77200889084946,-4180.481433719964,-5518.334828751079,-53.0187,-91.1206,5
3554,STARLINK-4294,satellite,2,144,53.2011,94.4015,78.0094,175.0489,253.0582,6913.0617,557.8632,4110.344832529149,-1707.0702942849161,-5303.2871067486585,-3938.7008224764713,-2072.597274665833,-5303.2871067486585,-50.1694,-152.2461,4
3555,STARLINK-4298,satellite,2,123,53.1977,84.4671,93.3848,354.6043,87.9892,6912.0195,545.2592,-4094.086573987248,640.1770395102783,5529.2235782930575,3107.3598327995596,2741.47522088431,5529.2235782930575,53.3205,41.4204,7
3556,STARLINK-4280,satellite,2,126,53.2135,109.4542,105.8995,204.5301,310.4296,6917.1406,552.5524,1480.227659177844,5284.151092615142,-4220.274523474195,3120.69919729034,-4513.819138225672,-4220.274523474195,-37.7338,-55.3414,14
3557,STARLINK-4276,satellite,2,122,53.2353,69.0669,46.8979,303.7716,350.6695,6923.9281,541.9846,3066.7335489627967,6137.626573024819,-898.7510542009429,2764.187680755345,-6279.695938164102,-898.7510542009429,-7.5086,-66.2419,5
3558,STARLINK-4258,satellite,2,122,53.2263,69.3663,110.7473,99.9179,210.6652,6921.0604,547.2294,-120.25054970841187,-6316.678087816861,-2827.7572804478673,-4783.783402807606,4126.778236691831,-2827.7572804478673,-24.2449,139.217,16
3559,STARLINK-4278,satellite,2,123,53.2012,84.4529,57.16,50.8806,108.0407,6913.1809,544.6679,-4124.303435954947,-1749.6155809933425,5261.405204227001,1287.7508967378851,4291.005842577615,5261.405204227001,49.7606,73.2953,4
3560,STARLINK-4268,satellite,2,150,53.2061,74.4081,116.3511,306.6416,62.9927,6914.5197,543.7646,-2708.632744654682,4014.059201318643,4930.765340176178,4818.666286221827,-479.39319888329203,4930.765340176178,45.695,-5.6815,18
3561,STARLINK-4257,satellite,2,122,53.2349,69.0696,59.8945,310.7567,10.6512,6923.8254,539.6095,1713.7611694192137,6622.893303811392,1024.2112428304788,4001.69013301456,-5548.5285561861165,1024.2112428304788,8.5669,-54.2002,8
3562,STARLINK-4056,satellite,2,162,53.2329,144.4811,132.7996,65.3091,198.1087,6923.0695,543.8322,6101.903767615429,-2773.564608436405,-1723.1765960207365,-6031.292160334298,-2923.9365764496997,-1723.1765960207365,-14.5035,-154.1362,4
3563,STARLINK-4047,satellite,2,129,53.233,149.1611,47.5623,302.986,350.5483,6923.8674,542.0625,-5512.115279334224,4083.1306281017733,-910.3000489498859,6662.304548810504,1633.7284589892724,-910.3000489498859,-7.6055,13.7782,4
3564,STARLINK-4125,satellite,2,129,53.2261,149.5765,108.5626,101.9565,210.519,6921.0711,547.3128,6207.49829864885,-1204.9658930622795,-2815.616477820952,-4891.7200274422685,-4007.0005121402173,-2815.616477820952,-24.134,-140.6777,4
3565,STARLINK-4131,satellite,2,129,53.2128,149.5011,69.2024,161.3646,230.567,6916.9455,552.7637,5413.789067004279,527.2815729464202,-4282.123054263529,-3051.868071630832,-4502.581392106556,-4282.123054263529,-38.3835,-124.1296,4
3566,STARLINK-4061,satellite,2,162,53.206,144.6398,63.6072,54.3503,117.9575,6914.7051,543.8958,526.4299818919693,-4856.99025964741,4888.631104238917,-4073.589682160768,2696.9149058763287,4888.631104238917,45.196,146.4935,7
3567,STARLINK-4135,satellite,2,162,53.2346,144.5817,126.3783,51.615,177.9933,6924.2131,540.7162,5550.961728695547,-4125.463793099189,194.0831390882688,-6719.689151410443,-1636.5834320412168,194.0831390882688,1.6174,-166.3121,4
3568,STARLINK-4128,satellite,2,145,53.2303,139.4712,110.8598,49.5662,160.4259,6922.8758,539.6962,4051.79160079681,-5288.929742852719,1856.1322133398548,-6657.488750642251,260.0702524157203,1856.1322133398548,15.6593,177.7629,4
3569,STARLINK-4059,satellite,2,145,53.2233,139.4544,93.4517,52.3743,145.826,6920.2298,540.5254,2835.3853094023157,-5485.526451049017,3110.849445500419,-6031.889484719468,1321.6351773706676,3110.849445500419,26.881,167.6413,4
3570,STARLINK-4129,satellite,2,145,53.229,139.4945,123.9075,81.7033,205.6108,6921.9546,545.7245,5908.761489821036,-2692.1231117291964,-2396.5039116053053,-5845.270823160367,-2827.330577808106,-2396.5039116053053,-20.3736,-154.1872,4
3571,STARLINK-4132,satellite,2,145,53.235,139.433,131.7921,53.8668,185.6589,6924.124,541.406,5496.263622952372,-4167.799902023438,-546.5806116180219,-6717.332295100886,-1567.4554773551888,-546.5806116180219,-4.5587,-166.8653,4
3572,STARLINK-4133,satellite,2,145,53.2167,139.5022,75.9509,149.6463,225.5972,6917.9751,551.5159,5606.587193086126,-893.615899296195,-3961.11582912562,-4268.359683170248,-3743.4576188650904,-3961.11582912562,-35.07,-138.7484,4
3573,STARLINK-4134,satellite,2,145,53.2354,139.4878,128.7645,51.7061,180.4706,6924.2203,540.7699,5282.136140818418,-4468.5820319136965,-45.52479958446063,-6812.023424319698,-1210.5884736778903,-45.52479958446063,-0.3793,-169.923,4
3574,STARLINK-4142,satellite,2,145,53.1981,139.4828,85.8708,179.6505,265.5213,6912.1014,558.9984,3097.319078331819,2792.119029518171,-5526.78459603098,170.33889142158583,-4166.569189400919,-5526.78459603098,-53.1348,-87.6589,6
3575,STARLINK-4147,satellite,2,145,53.2044,139.4974,73.1041,172.4276,245.5317,6914.1165,556.5651,4631.821730051587,1007.5208446122986,-5046.133029111461,-2182.9156597784545,-4207.582442876235,-5046.133029111461,-46.9675,-117.4205,4
3576,STARLINK-4144,satellite,2,145,53.2245,139.4579,79.261,246.1227,325.3837,6920.2738,548.2396,-2798.7849844519924,5491.784838571746,-3149.644421167547,6013.32983228244,-1353.7955645305055,-3149.644421167547,-27.2103,-12.6876,4
3577,STARLINK-4127,satellite,2,145,53.2001,139.4664,99.8235,185.6304,285.4539,6912.8915,557.9598,1195.7042786599704,4236.972786309495,-5343.307351992398,2496.6275448218835,-3626.0857706857482,-5343.307351992398,-50.6878,-55.4519,6
3578,STARLINK-4140,satellite,2,145,53.234,139.1088,116.926,48.9649,165.8909,6923.5118,539.6014,4410.46351131456,-5154.327221335745,1350.7388938835873,-6782.9857952362345,-101.88812915784625,1350.7388938835873,11.3292,-179.1394,4
3579,STARLINK-4062,satellite,2,145,53.2287,139.4926,73.9934,311.4031,25.3965,6922.0175,539.6466,-5902.913781936859,2707.8253640799107,2375.703626246161,5853.618724597716,2812.8023653242362,2375.703626246161,20.2078,25.6654,4
3580,STARLINK-4085,satellite,2,145,53.2324,139.4675,44.9573,300.4454,345.4026,6923.475,542.9711,-4411.41868979341,5145.586208062681,-1397.1212958101623,6776.869764519035,108.20571154611888,-1397.1212958101623,-11.7178,0.9148,4
3581,STARLINK-4130,satellite,2,145,53.2166,139.5004,97.8103,307.6038,45.414,6918.0598,541.6984,-5604.611742142774,909.8165836894754,3943.113812907767,4279.564198881071,3731.590714933307,3943.113812907767,34.9447,41.087,5
3582,STARLINK-3950,satellite,2,145,53.2353,139.4824,55.0152,310.3829,5.3981,6924.1519,540.0414,-5488.899635537057,4178.475126988188,521.3738653335172,6720.843582766866,1554.9711032167843,521.3738653335172,4.3489,13.027,5
3583,STARLINK-4097,satellite,2,145,53.1976,139.4816,107.4864,338.0528,85.5391,6912.042,545.3878,-3089.7551267765893,-2788.070770908607,5516.017522786051,-172.0546592717739,4158.163363945674,5516.017522786051,53.1365,92.3694,4
3584,STARLINK-4058,satellite,2,145,53.2039,139.4954,118.0384,307.4692,65.5077,6914.0604,544.0132,-4625.0366301899885,-1003.3060981267748,5035.986461392367,2181.8254277752126,4199.669601272349,5035.986461392367,46.9557,62.5471,4
3585,STARLINK-4060,satellite,2,145,53.2118,139.455,72.1839,53.3794,125.5633,6916.1625,542.7659,865.9369019468816,-5171.793608604388,4502.857927076283,-4532.6573701035695,2636.7239167953016,4502.857927076283,40.8282,149.8127,7
3586,STARLINK-4109,satellite,2,145,53.2016,139.466,57.2266,48.339,105.5656,6912.8645,544.9461,-1182.1407053720725,-4235.699759841337,5330.490287490238,-2504.3105639172363,3614.8357780499623,5330.490287490238,50.6518,124.7137,6
3587,STARLINK-4122,satellite,2,167,53.2205,129.4547,89.268,51.2994,140.5674,6919.347,541.0038,1363.2084039508286,-5793.852377969549,3517.1909338655682,-5328.912087976227,2651.3691725081226,3517.1909338655682,30.7353,153.5476,6
3588,STARLINK-4051,satellite,2,167,53.2064,129.4973,71.0134,169.5213,240.5346,6914.9717,555.5519,4951.919083760234,-331.6403811931873,-4827.025257728748,-3417.814214454174,-3598.615560187244,-4827.025257728748,-44.3811,-133.5239,4
3589,STARLINK-4050,satellite,2,167,53.2358,129.4774,128.4726,52.1497,180.6222,6924.2498,540.8253,4433.343747000479,-5311.671793025136,-60.19271322974973,-6918.672768929531,-19.003482840717457,-60.19271322974973,-0.5016,-179.8426,3
3590,STARLINK-4179,satellite,2,167,53.1987,129.4849,82.7207,177.8008,260.5215,6912.3437,558.7873,3882.30835746824,1721.324481810838,-5468.129985363325,-1154.9664256276799,-4086.7259156716045,-5468.129985363325,-52.3367,-105.781,4
3591,STARLINK-4174,satellite,2,167,53.22,129.4984,86.2374,134.3683,220.6057,6919.0554,550.0105,5424.337409555525,-2339.5377107600916,-3608.5457319910934,-5264.57678803634,-2679.7582494771946,-3608.5457319910934,-31.5767,-153.0231,4
3592,STARLINK-4178,satellite,2,167,53.2072,129.4854,108.5108,191.9553,300.4661,6915.1299,555.3066,526.2238628369222,4981.810581543745,-4778.680148385021,3497.3427439334682,-3586.6337916849216,-4778.680148385021,-43.8258,-45.7222,5
3593,STARLINK-4180,satellite,2,167,53.1988,129.4675,98.3287,182.1975,280.5262,6912.4328,558.8306,2343.9839208117924,3568.4502368171215,-5450.633818939028,1248.8429404057247,-4082.70609080095,-5450.633818939028,-52.1003,-72.9919,9
3594,STARLINK-4169,satellite,2,123,53.2343,84.1401,46.2355,301.8888,348.1243,6923.725,542.4833,1539.3048815788497,6649.511765789075,-1140.8064951595518,4133.591910855016,-5431.287522893057,-1140.8064951595518,-9.5467,-52.7263,11
3595,STARLINK-4164,satellite,2,167,53.2201,129.4547,93.57,226.8857,320.4557,6919.2178,549.7374,-1354.638371986698,5798.499704705258,-3529.9467248967294,5327.014744200077,-2660.93176526583,-3529.9467248967294,-30.8154,-26.5429,6
3596,STARLINK-4175,satellite,2,167,53.2307,129.4944,69.2651,311.1129,20.378,6922.7837,539.585,-5235.784373713981,4086.166820422431,1929.136437565739,6488.1577040767115,1419.1571087722032,1929.136437565739,16.292,12.338,5
3597,STARLINK-4173,satellite,2,167,53.1993,129.4875,117.0798,323.377,80.4568,6912.346,545.2889,-3878.9149437081524,-1711.6819698302593,5456.484220757687,1160.218927358205,4077.9563934603557,5456.484220757687,52.3237,74.1184,4
3598,STARLINK-4165,satellite,2,167,53.2296,129.1803,129.0709,71.7671,200.8381,6922.6964,544.7037,5228.913650872258,-4082.956611794753,-1972.184846308934,-6481.299402706058,-1415.9204478214253,-1972.184846308934,-16.6531,-167.6766,5
3599,STARLINK-4107,satellite,2,167,53.2078,129.4576,65.9638,54.6196,120.5834,6915.1582,543.4387,-516.628582346162,-4979.672008001639,4764.791903283581,-3501.8253247432567,3577.8845417870693,4764.791903283581,43.7607,134.3845,7
3600,STARLINK-4162,satellite,2,167,53.2074,129.4987,114.2327,306.2042,60.4369,6914.9657,543.5603,-4947.142280374483,341.1191321744755,4814.089270012134,3422.057180819992,3588.8861302363202,4814.089270012134,44.3284,46.3631,5
3601,STARLINK-4176,satellite,2,131,53.2035,124.6372,74.3039,173.6334,247.9373,6913.739,557.0832,4640.244123627224,44.763572771993886,-5138.079020763575,-2929.121166303964,-3599.183031941333,-5138.079020763575,-48.0892,-129.1397,4
3602,STARLINK-4149,satellite,2,167,53.1991,129.4737,57.5809,42.9294,100.5103,6912.4045,545.2704,-2340.349539760059,-3560.3714815183503,5440.258808855425,-1244.9476221836144,4074.749866271997,5440.258808855425,52.1047,106.9893,4
3603,STARLINK-4166,satellite,2,131,53.2028,124.2836,120.6469,307.4689,68.1158,6913.6729,544.3133,-4624.643532428266,-35.35292670582665,5134.985946131672,2926.3989420558205,3581.1683656862365,5134.985946131672,48.1688,50.7456,4
3604,STARLINK-4159,satellite,2,167,53.2197,129.6843,91.93,308.3856,40.3157,6919.1108,541.0855,-5427.19797129716,2346.5972179863275,3582.5892985765886,5271.835910027758,2677.4507392023074,3582.5892985765886,31.3693,26.925,7
3605,STARLINK-4148,satellite,2,148,53.2045,119.4488,107.0336,188.3877,295.4212,6914.2989,556.4138,1800.2253294685145,4429.3471287098655,-5007.266851624701,2258.569517518273,-4214.118052215389,-5007.266851624701,-46.4997,-61.8108,11
3606,STARLINK-4146,satellite,2,148,53.2323,119.3255,133.5647,62.1512,195.7158,6923.3147,543.4015,4241.021897774991,-5258.566437473227,-1501.6358932596129,-6754.979621565975,95.06853819870815,-1501.6358932596129,-12.6072,179.1937,5
3607,STARLINK-4522,satellite,2,122,53.1984,69.4761,98.7786,351.7125,90.4911,6911.9836,545.0664,-3896.98487319536,1395.636442958619,5532.314667144494,3562.7916806649287,2107.322382316577,5532.314667144494,53.3655,30.6035,10
3608,STARLINK-4523,satellite,2,122,53.2144,69.4513,76.1333,54.474,130.6074,6917.1872,542.1927,-4521.7556230898945,-3109.799949486208,4202.875920364772,494.94984307268095,5465.5424519083035,4202.875920364772,37.6178,84.8255,4
3609,STARLINK-4517,satellite,2,122,53.2027,69.4588,58.9099,51.6381,110.5479,6913.5172,544.4194,-4480.588640337921,-911.3134120548426,5181.599936050864,2160.358320938127,4029.76657190831,5181.599936050864,48.7501,61.8042,4
3610,STARLINK-4521,satellite,2,122,53.2275,69.4535,99.5703,51.234,150.8044,6921.2477,540.0795,-4009.394188020399,-4943.779294380994,2701.8861143140857,-1243.4959117616288,6242.588676495841,2701.8861143140857,23.1279,101.2656,4
3611,STARLINK-4535,satellite,2,122,53.2348,69.4844,131.2722,59.3524,190.6246,6923.839,542.538,-1668.4554943170965,-6637.830266164613,-1022.116574885237,-4042.1190810367434,5523.20628925324,-1022.116574885237,-8.5456,126.1983,4
3612,STARLINK-4530,satellite,2,122,53.235,69.4663,121.0465,49.65,170.6965,6923.9064,539.8432,-3021.3293752330546,-6158.117009905532,895.8958656213206,-2808.952846833552,6257.8446933109235,895.8958656213206,7.4869,114.1738,5
3613,STARLINK-4544,satellite,2,134,53.2019,59.0738,58.7058,47.1386,105.8444,6912.892,544.5856,-4385.320000044328,427.994977869448,5322.971049727645,3130.089989753329,3101.088173515267,5322.971049727645,50.5574,44.7333,7
3614,STARLINK-4534,satellite,2,122,53.2293,69.5043,122.4265,82.9775,205.404,6921.9874,545.8106,-524.1703068329323,-6478.729576531983,-2378.498516369276,-4650.509642027295,4541.084837988251,-2378.498516369276,-20.2137,135.6821,10
3615,STARLINK-4524,satellite,2,122,53.203,69.463,103.7709,186.6859,290.4568,6913.5131,557.4109,4487.458828277218,902.8984962492921,-5194.435425214476,-2171.221220089844,-4029.678751891265,-5194.435425214476,-48.7886,-118.3161,4
3616,STARLINK-4515,satellite,2,122,53.2133,69.4975,71.8286,158.733,230.5616,6916.9345,553.1044,1458.6606805953438,-5240.705444219144,-4282.02823762944,-4964.236439971031,2224.644039446937,-4282.02823762944,-38.3803,155.8612,19
3617,STARLINK-4512,satellite,2,122,53.2261,69.4582,66.4516,263.9209,330.3724,6921.2401,546.9307,4029.4660117186268,4915.3744876314,-2740.885354752183,1208.8196738851107,-6239.892442124428,-2740.885354752183,-23.4565,-79.0362,10
3618,STARLINK-4528,satellite,2,122,53.1985,69.4769,89.9599,180.5442,270.5041,6912.0069,559.259,3905.5412547688215,-1396.9764738066656,-5543.674836355009,-3569.287482847253,-2113.0505497645922,-5543.674836355009,-53.3651,-149.3741,4
3619,STARLINK-4520,satellite,2,122,53.2258,69.4984,80.5488,309.8533,30.4022,6921.0948,540.006,126.53948422974004,6319.77937963581,2802.9071782561514,4782.153269064584,-4133.59816134975,2802.9071782561514,24.0454,-40.8395,4
3620,STARLINK-4525,satellite,2,122,53.2146,69.4532,105.8977,204.5294,310.4271,6917.1475,552.5516,4530.510732313741,3096.122783891668,-4220.487798289718,-511.06579483802307,-5463.544228968011,-4220.487798289718,-37.736,-95.344,4
3621,STARLINK-4499,satellite,2,122,53.214,69.4998,103.9068,306.6932,50.6,6916.871,542.2773,-1459.4419662202472,5229.691412234596,4277.719505478171,4956.260298053637,-2217.008565139606,4277.719505478171,38.4058,-24.0997,7
3622,STARLINK-4507,satellite,2,122,53.234,69.809,115.753,49.4487,165.2017,6923.4292,539.6899,-3300.6657139917784,-5911.55487011614,1415.2788630595328,-2440.824586924577,6315.3187151385455,1415.2788630595328,11.878,111.1312,5
3623,STARLINK-4509,satellite,2,134,53.2213,59.3851,88.4631,51.9527,140.4158,6919.2979,540.9564,-4983.3981799003095,-3242.227627231963,3528.4906940538003,687.8842432685227,5905.3461095928,3528.4906940538003,30.8448,83.3558,4
3624,STARLINK-4510,satellite,2,122,53.2025,69.4911,122.7298,307.7363,70.4661,6913.3636,544.4,-2844.20696994755,3530.843993570741,5215.011640847136,4533.426512613329,-66.45787814361297,5215.011640847136,49.1719,-0.8399,20
3625,STARLINK-4533,satellite,2,134,53.2297,59.4944,120.6729,84.9662,205.6392,6921.9421,545.9277,-1622.9094053861236,-6286.30132134548,-2399.0705393972803,-3800.7118853790557,5263.649722880413,-2399.0705393972803,-20.3957,125.8318,8
3626,STARLINK-4491,satellite,2,134,53.2243,59.4591,91.9688,53.6466,145.6154,6920.3325,541.0109,-4913.33998916255,-3726.8168123064497,3127.903964559742,270.25678909094967,6160.928068850026,3127.903964559742,27.038,87.4883,4
3627,STARLINK-4490,satellite,2,164,53.2369,49.6711,127.2649,53.2312,180.4962,6924.2486,540.7853,-4450.241925487041,-5297.595156908517,-47.999453191675215,-1234.1971426190078,6807.784151617489,-47.999453191675215,-0.4,100.2757,4
3628,STARLINK-4492,satellite,2,134,53.2338,59.4638,115.7959,49.8086,165.6045,6923.5104,539.6708,-4290.583250428172,-5247.612712957936,1377.5829054476815,-1297.7050097496792,6653.007253995978,1377.5829054476815,11.5573,101.0373,4
3629,STARLINK-4497,satellite,2,134,53.2131,59.4548,72.2689,53.3141,125.583,6916.1429,542.4252,-4942.799430679632,-1752.8888997859965,4501.609289506945,1807.9776700586306,4922.916051639437,4501.609289506945,40.8169,69.8339,4
3630,STARLINK-4496,satellite,2,134,53.2175,59.4982,76.6689,148.8601,225.529,6918.0054,551.4493,87.12017837718724,-5679.838478984316,-3956.5078342413185,-4426.186078835363,3560.481971356598,-3956.5078342413185,-35.0237,141.1863,16
3631,STARLINK-4500,satellite,2,134,53.2361,59.4804,131.5343,54.2339,185.7682,6924.0548,541.3675,-3137.531317326156,-6141.916376097237,-557.1133189991999,-2722.2724904509055,6336.913446300812,-557.1133189991999,-4.6467,113.2479,4
3632,STARLINK-4304,satellite,2,134,53.2053,59.4921,73.739,171.7682,245.5071,6914.0999,556.5108,1794.029826694249,-4388.555521558192,-5045.163382655842,-4522.709487559147,1422.3436560866592,-5045.163382655842,-46.9563,162.5422,14
3633,STARLINK-4479,satellite,2,134,53.1979,59.4774,85.5463,179.9733,265.5195,6912.0707,559.0771,3287.23906422727,-2565.9451771089266,-5526.819905566538,-4073.9017408732966,-890.696313577113,-5526.819905566538,-53.1344,-167.6672,5
3634,STARLINK-4480,satellite,2,134,53.2343,59.4151,46.7815,298.6216,345.4031,6923.4773,543.0636,4306.162584224993,5234.107115770327,-1397.135201065107,1277.362677124805,-6656.369738245119,-1397.135201065107,-11.7177,-79.137,4
3635,STARLINK-4484,satellite,2,134,53.1999,59.4615,101.3626,184.1302,285.4928,6912.8538,558.1193,4381.971679082994,-437.90622100754103,-5342.416887044382,-3135.578075072188,-3092.181720049637,-5342.416887044382,-50.6745,-135.3992,4
3636,STARLINK-4481,satellite,2,164,53.2215,49.0174,88.7762,52.1031,140.8793,6919.382,540.9133,-5489.27344386579,-2336.238674828283,3493.897689893341,1708.1136517599716,5715.984765546949,3493.897689893341,30.5107,73.3622,5
3637,STARLINK-4476,satellite,2,134,53.2115,59.4523,108.1268,197.3047,305.4315,6916.1151,554.1026,4949.221160052589,1739.4858424740573,-4517.61605551928,-1822.392449548949,-4919.297393643421,-4517.61605551928,-40.9086,-110.3275,4
3638,STARLINK-4552,satellite,2,134,53.2359,59.4805,55.1853,310.1513,5.3366,6924.1377,539.9791,3166.204613780926,6129.285361632612,515.4507400343982,2694.240466934509,-6350.910092812207,515.4507400343982,4.2994,-67.0119,10
3639,STARLINK-4545,satellite,2,134,53.2237,59.4523,76.9171,248.4879,325.405,6920.254,548.1297,4922.3205534424515,3711.2522364806305,-3147.867745293898,-287.96906348707313,-6157.897905300059,-3147.867745293898,-27.1942,-92.6774,4
3640,STARLINK-4546,satellite,2,134,53.2167,59.5006,97.6574,307.7625,45.4199,6918.0145,541.5552,-77.77110277467592,5677.045300332415,3943.436719904568,4418.065835824199,-3565.8920281994187,3943.436719904568,34.9488,-38.9076,5
3641,STARLINK-4539,satellite,2,134,53.2311,59.4683,49.4389,290.7591,340.198,6922.8321,544.2906,4516.841280052157,4895.799602020286,-1878.13817032604,882.4871112028028,-6602.418147231068,-1878.13817032604,-15.8389,-82.3869,5
3642,STARLINK-4532,satellite,2,134,53.1978,59.4804,95.7549,349.7958,85.5508,6912.0242,545.061,-3282.7850323622365,2557.4376390150487,5515.857636257259,4064.5106870114037,892.702481973968,5515.857636257259,53.1379,12.3874,16
3643,STARLINK-4531,satellite,2,134,53.23,59.4944,75.3579,310.0456,25.4036,6921.9981,539.7891,1640.9502060053737,6283.516058077788,2376.4126090219243,3787.046624123691,-5275.752979189213,2376.4126090219243,20.2136,-54.3284,8
3644,STARLINK-4558,satellite,2,164,53.2324,49.6471,129.4269,71.0344,200.4613,6922.7569,544.5033,-3094.937415511694,-5879.181486610053,-1938.0982632985554,-2547.3054468611826,6136.338282626207,-1938.0982632985554,-16.3577,112.5442,7
3645,STARLINK-4543,satellite,2,164,53.2208,49.6156,84.2096,136.2693,220.4789,6919.0966,550.1781,-1362.1328133481927,-5754.161120334683,-3599.3658927517577,-3557.787598747229,4723.126443593436,-3599.3658927517577,-31.4865,126.9896,13
3646,STARLINK-4538,satellite,2,164,53.199,49.5222,82.7315,177.6431,260.3746,6912.3782,558.799,2358.9019852629017,-3535.0396733635175,-5465.81347414104,-4226.707241714728,442.57198416480577,-5465.81347414104,-52.3053,174.0224,9
3647,STARLINK-4548,satellite,2,164,53.2087,49.0682,65.2707,55.4801,120.7508,6915.207,543.5173,-5002.781294441144,-339.20492550881,4756.676295338543,2934.093382350112,4066.199292355077,4756.676295338543,43.6669,54.1865,4
3648,STARLINK-4557,satellite,2,164,53.2206,49.2593,92.8543,307.7119,40.5662,6919.0661,541.1244,1387.950948464051,5735.998582054861,3601.051323235182,3527.3226500124338,-4731.393292824736,3601.051323235182,31.549,-53.2949,6
3649,STARLINK-4549,satellite,2,164,53.2013,49.4667,97.6271,182.8377,280.4648,6912.4177,558.9056,3916.974519989096,-1694.7108949024857,-5451.947017710206,-3805.6914225770997,-1931.6954220756647,-5451.947017710206,-52.1172,-153.0885,4
3650,STARLINK-4542,satellite,2,164,53.2323,49.2915,70.2741,310.214,20.4881,6922.7918,539.6847,3127.062625653398,5856.107022530815,1939.1731105911908,2509.032735134008,-6146.32124592581,1939.1731105911908,16.3788,-67.7939,14
3651,STARLINK-4527,satellite,2,164,53.2006,49.1648,120.0051,320.6363,80.6414,6912.3543,545.2377,-2355.2619039173014,3520.6841510546005,5459.45685581825,4213.336099497148,-436.20458526402746,5459.45685581825,52.3646,-5.9107,17
3652,STARLINK-4526,satellite,2,164,53.2003,49.1112,60.5892,40.2011,100.7903,6912.4058,545.0573,-3920.6357176858774,1683.6088706643009,5435.196341879005,3799.486873862598,1941.6031405824417,5435.196341879005,52.0388,27.0678,10
3653,STARLINK-4519,satellite,2,164,53.2243,49.2663,86.8053,308.5476,35.3528,6920.1619,540.5889,1864.9432976902249,5835.992334736101,3204.4008110302475,3299.62747016916,-5162.29392739345,3204.4008110302475,27.7564,-57.4142,7
3654,STARLINK-4503,satellite,2,111,53.226,19.4498,99.374,46.2722,145.6462,6920.2971,539.7379,-6159.544431499137,301.76269427063164,3124.947468772775,4166.093026067458,4546.945922860486,3124.947468772775,27.0158,47.5028,5
3655,STARLINK-4478,satellite,2,111,53.2201,19.0982,94.8451,306.2422,41.0872,6911.8366,533.1722,4029.119939130989,4270.587311432306,3634.877632813701,712.8872203724466,-5827.822516128915,3634.877632813701,31.9206,-83.026,91
3656,STARLINK-4482,satellite,2,111,53.2021,19.6827,60.4427,44.9847,105.4274,6912.8303,544.6478,-3074.6302214547177,3137.6823093596604,5333.851684476602,4378.058338805742,361.9481387778639,5333.851684476602,50.6988,4.7261,20
3657,STARLINK-4487,satellite,2,111,53.2309,19.4955,122.0943,83.541,205.6353,6921.9285,545.8371,-5284.126588552421,-3772.235475464042,-2398.7411926900654,472.116633982436,6475.249815266834,-2398.7411926900654,-20.3931,85.8299,4
3658,STARLINK-4483,satellite,2,111,53.2305,19.4935,76.0785,309.3415,25.42,6921.9919,539.877,5294.972807045214,3759.345316010313,2377.8956283023304,-488.962517371744,-6475.363301696859,2377.8956283023304,20.2265,-94.3183,43
3659,STARLINK-4493,satellite,2,111,53.2176,19.4864,96.9664,308.4111,45.3775,6918.0424,541.4927,3594.7962241028495,4397.061071963968,3940.57779718188,1087.5945454772502,-5574.391811494161,3940.57779718188,34.9202,-78.96,90
3660,STARLINK-4138,satellite,2,111,53.2066,19.4923,118.3832,307.1043,65.4875,6914.0764,543.941,1446.2217643484853,4506.8736835152895,5035.307357042997,2544.3149995891004,-3991.2315109128704,5035.307357042997,46.9481,-57.4835,27
3661,STARLINK-4053,satellite,2,155,53.2342,9.4143,129.3287,71.3611,200.6898,6922.7134,544.4638,-6147.926126899511,-2502.9132168079736,-1958.830738321034,2000.5192983067952,6329.256889223863,-1958.830738321034,-16.5377,72.4596,4
3662,STARLINK-4120,satellite,2,111,53.2094,19.4655,114.698,305.5817,60.2797,6914.9946,543.4085,2032.630684116795,4530.916794807393,4806.618650417545,2188.296368626889,-4457.819366297291,4806.618650417545,44.2431,-63.8541,40
3663,STARLINK-4123,satellite,2,111,53.1993,19.4814,107.7167,337.7963,85.5131,6912.0567,545.2837,-866.5800696209038,4070.535118829506,5515.8610252417275,3685.6672443932252,-1932.892685664509,5515.8610252417275,53.1355,-27.6741,9
3664,STARLINK-4486,satellite,2,155,53.2356,9.8437,64.4442,310.5545,14.9987,6923.4002,539.5419,6399.587444782365,2197.8218850159765,1434.0045801754222,-2396.009746587183,-6328.054819289296,1434.0045801754222,12.0377,-110.7383,10
3665,STARLINK-4485,satellite,2,111,53.2126,19.4548,71.8018,53.8172,125.6189,6916.1261,542.7049,-4916.1770540438465,1831.892682677221,4499.747319995968,4549.407284395575,2612.952542286611,4499.747319995968,40.7945,29.8709,10
3666,STARLINK-4489,satellite,2,155,53.2092,9.4966,71.7993,168.7815,240.5808,6914.9485,555.729,-2758.2584045127755,-4123.322960331067,-4829.51241678472,-1411.2256614134324,4755.862045289679,-4829.51241678472,-44.4085,106.5274,7
3667,STARLINK-4297,satellite,2,155,53.2332,9.5272,108.7796,51.7969,160.5765,6922.8664,539.6441,-6660.524832182967,278.0878236218991,1842.4681830816658,4467.8347241681795,4947.562708575784,1842.4681830816658,15.5413,47.9168,5
3668,STARLINK-4303,satellite,2,155,53.1989,9.4681,99.5809,180.9232,280.5042,6912.3996,558.7169,1915.8478401630598,-3814.8001687951987,-5450.938715836533,-4159.014887788333,962.1686118619408,-5450.938715836533,-52.1056,166.974,7
3669,STARLINK-4475,satellite,2,155,53.2213,9.4986,87.4681,133.126,220.5941,6919.0465,549.9568,-4739.2335462953115,-3527.279467786299,-3607.732364729908,312.60174196703105,5899.518217712088,-3607.732364729908,-31.5691,86.9669,4
3670,STARLINK-4477,satellite,2,130,53.235,359.0206,130.9147,65.031,195.9457,6923.3168,543.5438,-6672.830350710335,-1024.0733842883847,-1523.113313234339,3473.701498370431,5788.677662989008,-1523.113313234339,-12.7902,59.0326,3
3671,STARLINK-4474,satellite,2,155,53.2011,9.4825,83.6446,176.892,260.5366,6912.3282,559.0042,-448.86438020818446,-4222.607374794396,-5468.711454584492,-2962.554818807374,3042.229646007826,-5468.711454584492,-52.3423,134.2398,4
3672,STARLINK-4513,satellite,2,155,53.2336,9.4618,51.2407,289.1846,340.4252,6922.8571,544.417,6660.453355755168,-297.0508327117846,-1857.541872481419,-4482.380808539624,-4935.396679968157,-1857.541872481419,-15.6605,-132.2461,4
3673,STARLINK-4514,satellite,2,155,53.2225,9.4545,94.4139,225.9106,320.3245,6919.3055,549.9355,5690.303701768954,-1734.8913886884661,-3539.9256379594744,-4969.174679190572,-3270.5821128053235,-3539.9256379594744,-30.9109,-146.6481,4
3674,STARLINK-4495,satellite,2,155,53.2228,9.5007,92.4429,307.9949,40.4377,6919.0799,540.9775,4746.506693526328,3516.3553612903697,3591.6517531996183,-325.65277984009634,-5898.137933750631,3591.6517531996183,31.4581,-93.1603,103
3675,STARLINK-4501,satellite,2,155,53.2012,9.3582,115.3898,325.079,80.4688,6912.3369,545.0428,465.1909559954237,4213.616834366998,5456.6164212604535,2945.2095125262244,-3049.0507342000615,5456.6164212604535,52.3282,-45.9925,10
3676,STARLINK-4506,satellite,2,155,53.2026,9.4947,120.5039,314.7268,75.2307,6912.7965,544.8657,1077.2490574513306,4238.098828438056,5350.546050274085,2573.1473353286383,-3535.6555265012644,5350.546050274085,50.9154,-53.954,15
3677,STARLINK-4504,satellite,2,155,53.2329,9.4914,70.6393,309.7667,20.406,6922.7551,539.7032,6155.38644376008,2492.555538781814,1931.766397676467,-2013.2540173534474,-6328.382387905101,1931.766397676467,16.3145,-107.6475,18
3678,STARLINK-4505,satellite,2,155,53.2108,9.4525,67.5968,53.0002,120.5969,6915.1568,543.2738,-4055.111454177336,2936.5848229402086,4764.196779153591,4849.517020535802,1244.8469768033995,4764.196779153591,43.7551,14.3967,17
3679,STARLINK-4502,satellite,2,155,53.2101,9.4992,112.5157,307.926,60.4418,6914.9775,543.2403,2768.3359351109543,4113.48539581682,4814.264432651019,1397.2196360872908,-4757.33362712318,4814.264432651019,44.333,-73.6326,74
3680,STARLINK-4494,satellite,2,118,53.2047,4.1856,57.7562,50.5062,108.2625,6913.1795,544.4894,-2446.5639740962165,3761.9351942130147,5254.858514712054,4457.286466090407,-520.0279261840433,5254.858514712054,49.6785,-6.6546,16
3681,STARLINK-4508,satellite,2,155,53.2013,9.466,59.643,40.8422,100.4852,6912.3883,544.9704,-1909.687375005869,3807.6872664419234,5440.617824313365,4149.607143073264,-962.3662231375962,5440.617824313365,52.1127,-13.0571,16
3682,STARLINK-4564,satellite,2,130,53.2126,359.6842,70.2163,165.2648,235.4811,6915.9057,554.3669,-3941.9766228662775,-3394.310613007351,-4568.341541476097,-94.26170679321437,5201.119010696735,-4568.341541476097,-41.465,91.0383,4
3683,STARLINK-4563,satellite,2,155,53.2238,9.4539,89.7527,50.8642,140.6169,6919.298,540.6893,-5702.202402040128,1712.8140257008395,3513.4961839533603,4959.785794433514,3293.8380339362816,3513.4961839533603,30.7011,33.5885,5
3684,STARLINK-4565,satellite,2,130,53.2021,359.6298,79.3131,176.1318,255.4449,6912.7741,558.2959,-1765.8629872462639,-4002.7496924561156,-5366.140076869841,-1952.2556330224722,3915.2235100330927,-5366.140076869841,-50.9832,116.5023,4
3685,STARLINK-4561,satellite,2,130,53.2276,359.7211,94.6926,120.7736,215.4662,6920.1028,548.6666,-5649.450742484353,-2376.89889718804,-3217.2142362411164,1779.1260473771736,5865.206950036359,-3217.2142362411164,-27.8414,73.1256,4
3686,STARLINK-4577,satellite,2,130,53.2081,359.5227,106.0413,189.3982,295.4395,6914.2802,556.4991,2942.714870499945,-3769.108884772271,-5006.806370512725,-4779.681201423115,142.82929354042471,-5006.806370512725,-46.4935,178.2884,9
3687,STARLINK-4575,satellite,2,130,53.2039,359.6442,75.8018,174.4731,250.2749,6913.3896,557.5073,-2360.916956493059,-3889.0331702917147,-5218.805476694357,-1484.7118559221678,4300.481203303861,-5218.805476694357,-49.0945,109.0469,4
3688,STARLINK-4576,satellite,2,130,53.231,359.4468,54.9426,280.4307,335.3732,6922.1521,545.5313,6274.767594055178,-1787.0759815198935,-2310.348974595383,-5382.607093390333,-3686.989259723219,-2310.348974595383,-19.6116,-145.5896,4
3689,STARLINK-4585,satellite,2,130,53.2007,359.5775,94.3895,181.0659,275.4553,6912.1219,559.1936,627.769962444743,-4133.363144192731,-5518.978551615699,-3581.492521550415,2156.7793873266555,-5518.978551615699,-53.0253,148.9436,6
3690,STARLINK-4583,satellite,2,130,53.225,359.3735,85.5104,309.9388,35.4491,6920.1302,540.2914,5658.103639312523,2338.87254466337,3211.872618883633,-1813.9130316910432,-5847.579079144047,3211.872618883633,27.8279,-107.2338,69
3691,STARLINK-4582,satellite,2,130,53.2205,359.4799,103.2213,212.2067,315.428,6918.1943,551.6072,4905.101035769899,-2953.653875646996,-3891.4494460665605,-5405.510807498783,-1887.999019663228,-3891.4494460665605,-34.3665,-160.7471,4
3692,STARLINK-4550,satellite,2,130,53.2348,359.3985,65.9268,309.5703,15.4971,6923.3667,539.6252,6676.557284145007,1036.1198355613396,1480.4930690166839,-3466.812211250448,-5799.239137510901,1480.4930690166839,12.4338,-120.8712,5
3693,STARLINK-4584,satellite,2,130,53.2391,359.424,54.397,301.1663,355.5634,6924.1257,542.0307,6895.779912177647,-389.7118984889051,-428.86282440507705,-4703.977089007225,-5057.297253188871,-428.86282440507705,-3.5751,-132.927,4
3694,STARLINK-4555,satellite,2,130,53.2201,359.1262,83.9729,51.8599,135.8328,6918.2713,541.3799,-4914.089611313858,2959.1570334093503,3857.7739007653704,5415.4860972194365,1891.4009060011058,3857.7739007653704,34.0861,19.2522,10
3695,STARLINK-4559,satellite,2,130,53.2074,359.1712,62.3202,53.5118,115.832,6914.2773,543.841,-2957.087120872341,3768.615650512742,4981.2582894363695,4788.480732758526,-131.45506349708725,4981.2582894363695,46.2968,-1.5725,19
3696,STARLINK-4551,satellite,2,130,53.2031,359.2793,119.3716,316.1568,75.5284,6912.799,544.989,1777.138005163386,3985.738274695381,5357.908474058132,1931.964647303463,-3913.034843358466,5357.908474058132,51.0109,-63.7233,34
3697,STARLINK-4581,satellite,2,130,53.2037,359.291,122.8043,307.6226,70.4269,6913.3614,544.5195,2363.142545487581,3871.046305273826,5213.924114842345,1469.44984137013,-4290.706160012005,5213.924114842345,49.157,-71.0951,57
3698,STARLINK-4553,satellite,2,130,53.2018,359.2216,71.3366,24.4434,95.78,6912.0656,545.1607,-639.8553836490873,4126.930787159462,5504.817544670062,3584.261472385382,-2143.3717203422993,5504.817544670062,52.9847,-30.8792,9
3699,STARLINK-4556,satellite,2,130,53.2317,359.0941,106.0911,49.7331,155.8243,6922.2094,539.7309,-6281.426235415856,1794.824308140336,2268.7485967637995,5392.82195516334,3687.164385807921,2268.7485967637995,19.2615,34.3611,4
3700,STARLINK-4580,satellite,2,130,53.2385,359.0661,125.628,50.3054,175.9334,6924.1514,540.0174,-6894.964437881456,406.06002560176813,393.0417890086023,4716.035897158942,5046.228766192621,393.0417890086023,3.2771,46.9372,4
3701,STARLINK-4691,satellite,2,176,53.234,189.7339,133.6836,56.795,190.4786,6923.8181,542.2222,6579.178896730582,1892.8931434192407,-1008.177395985773,-2745.3465133163586,-6271.49997444075,-1008.177395985773,-8.4286,-113.6414,4
3702,STARLINK-4673,satellite,2,176,53.2037,189.5106,104.0009,186.4783,290.4792,6913.4547,557.0445,-3030.7476963916138,3431.0696876648826,-5193.454749536814,4575.7889852672615,140.80469843961788,-5193.454749536814,-48.7798,1.7625,4
3703,STARLINK-4689,satellite,2,176,53.2269,189.7078,111.7295,98.7756,210.5051,6921.0383,547.0653,5523.512302714785,3078.8510334270113,-2814.38725288495,-1158.5524453472656,-6216.612266794193,-2814.38725288495,-24.1237,-100.5568,3
3704,STARLINK-4674,satellite,2,176,53.2149,189.6664,68.4124,162.1001,230.5125,6916.9123,552.7047,3802.485837772577,3893.0158567750827,-4278.854910020036,567.0954790185632,-5412.28913910186,-4278.854910020036,-38.3493,-84.0184,10
3705,STARLINK-4672,satellite,2,176,53.2051,189.635,72.8957,172.3967,245.2924,6914.1076,556.3939,2222.4990686151914,4198.248143607564,-5036.44390313741,1811.0506554778829,-4391.455921285432,-5036.44390313741,-46.8517,-67.5886,9
3706,STARLINK-4684,satellite,2,176,53.2141,189.4648,107.5906,202.922,310.5126,6917.1183,552.6524,-4954.23621035862,2369.298973654888,-4215.17074929355,4987.239967212862,2299.0153466267448,-4215.17074929355,-37.6797,24.7487,4
3707,STARLINK-4676,satellite,2,176,53.1982,189.2145,87.2958,3.4357,90.7315,6911.9802,545.7118,749.8869263324887,-4071.6172809357563,5532.57055239093,-3611.97201113671,2023.3773438150627,5532.57055239093,53.3619,150.743,5
3708,STARLINK-4677,satellite,2,176,53.1985,189.8672,58.1968,46.9714,105.1682,6912.7952,544.8782,2465.9957573431,-3626.369574383032,5340.36039257017,-4365.381296211627,418.49432962805673,5340.36039257017,50.7816,174.524,4
3709,STARLINK-4675,satellite,2,176,53.2259,189.3527,80.9738,309.5198,30.4935,6921.1,540.2689,-5537.854944830647,-3041.0262009236644,2810.6237812391487,1196.8182099142118,6203.491268399368,2810.6237812391487,24.1147,79.0803,4
3710,STARLINK-4648,satellite,2,140,53.2369,184.4127,48.0972,309.8793,357.9766,6924.2079,540.8009,-6905.359101731848,-386.2347469271894,-195.7086365666653,4113.016387329879,5560.239005758714,-195.7086365666653,-1.6309,53.509,4
3711,STARLINK-4692,satellite,2,140,53.2076,184.6713,71.2918,166.7386,238.0305,6915.3927,554.8227,3366.9087837247803,3804.3046910712255,-4703.194497942223,777.0218903663562,-5020.462719941371,-4703.194497942223,-42.9695,-81.2021,10
3712,STARLINK-4690,satellite,2,140,53.223,184.3574,88.8003,309.2324,38.0327,6919.5756,540.724,-5236.089664529987,-2956.5864764364956,3411.790739429495,1069.0660190270787,5917.358905339993,3411.790739429495,29.7225,79.7591,4
3713,STARLINK-4590,satellite,2,135,53.1983,179.5923,87.5228,177.9659,265.4887,6912.064,559.0517,573.9882924004536,4130.701777549545,-5526.595347558618,2811.9225382595414,-3079.813529045513,-5526.595347558618,-53.1316,-47.6034,5
3714,STARLINK-4591,satellite,2,140,53.2078,184.509,106.4646,191.4164,297.8809,6914.723,556.0677,-3515.784095543334,3399.3604998071105,-4900.814970953825,4861.165512805461,534.284073536847,-4900.814970953825,-45.2377,6.2721,4
3715,STARLINK-4647,satellite,2,135,53.2159,179.6917,71.6248,153.8672,225.4921,6917.9304,551.3887,4868.585941360337,2930.0235600803317,-3953.888004950342,-854.7936381593859,-5617.6058038277815,-3953.888004950342,-34.9975,-98.6519,4
3716,STARLINK-4660,satellite,2,140,53.2053,184.157,64.2524,54.0283,118.2806,6914.7124,543.6065,3530.0377658443153,-3398.3501826877828,4873.719163966588,-4869.491424046638,-545.8973013282371,4873.719163966588,45.0233,-173.6035,4
3717,STARLINK-4610,satellite,2,135,53.1995,179.6085,82.709,177.597,260.306,6912.3304,558.4367,1193.6850430562217,4079.945946303995,-5464.453677818521,2377.087505640952,-3524.244301592075,-5464.453677818521,-52.2908,-56.0005,6
3718,STARLINK-4658,satellite,2,135,53.2009,179.537,102.8585,182.6496,285.508,6912.8513,558.0851,-1818.7965780500722,4011.0700855131836,-5342.068791364934,4248.058128847949,-1162.1989318332085,-5342.068791364934,-50.6703,-15.3008,4
3719,STARLINK-4655,satellite,2,135,53.2044,179.6466,72.7979,172.6684,245.4663,6914.1069,556.323,2897.87853943655,3754.494197018063,-5043.333693738253,1038.2471641904472,-4627.739138155879,-5043.333693738253,-46.9357,-77.3549,10
3720,STARLINK-4605,satellite,2,171,53.2082,169.3327,108.8219,191.7439,300.5658,6915.1461,555.2531,-2798.9302444215496,4160.2004883370655,-4773.8241810786885,4988.789623018259,-503.2461759049643,-4773.8241810786885,-43.7705,-5.7602,2
3721,STARLINK-4609,satellite,2,135,53.223,179.4483,77.4898,247.9921,325.4819,6920.2908,547.9986,-5680.249729280227,2403.1005528591672,-3141.6556993512067,5476.929874650338,2836.0832855018134,-3141.6556993512067,-27.1367,27.3762,4
3722,STARLINK-4615,satellite,2,135,53.2166,179.3374,100.5399,305.0928,45.6327,6917.9321,541.9924,-4867.919408772535,-2903.114933961838,3958.056299777798,875.0737063576006,5599.907293744974,3958.056299777798,35.0945,81.1185,4
3723,STARLINK-4608,satellite,2,135,53.2332,179.4191,45.4579,300.0009,345.4588,6923.4659,542.9881,-6687.694899231304,1107.8624537753503,-1391.877818238239,5123.685703786094,4438.520822358226,-1391.877818238239,-11.6732,40.9016,4
3724,STARLINK-4568,satellite,2,135,53.2336,179.0718,116.4803,49.409,165.8893,6923.5284,539.6099,6690.987875067978,-1117.891116272261,1350.884555250819,-5133.505711709362,-4434.649749415899,1350.884555250819,11.3305,-139.1775,4
3725,STARLINK-4573,satellite,2,135,53.2299,179.3702,74.6809,310.815,25.4959,6921.975,539.6402,-6261.00032575908,-1713.116521427591,2384.4157003425707,2680.4719387146197,5911.849412908532,2384.4157003425707,20.2851,65.6101,5
3726,STARLINK-4596,satellite,2,135,53.1976,179.2374,103.5559,342.1854,85.7413,6912.0296,545.389,-568.0248050230764,-4120.777277688002,5517.5022897414865,-2808.0944699039396,3068.886279992492,5517.5022897414865,53.157,132.4592,6
3727,STARLINK-4554,satellite,2,135,53.2255,179.096,93.5612,52.352,145.9132,6920.3644,540.7167,5689.224944898061,-2410.032369476731,3104.056780267235,-5487.995962110493,-2838.562455792527,3104.056780267235,26.8168,-152.6506,9
3728,STARLINK-4595,satellite,2,135,53.201,179.1821,55.2797,50.4856,105.7653,6912.8769,544.994,1820.4872598736963,-4010.0787761735696,5325.301653367297,-4248.37511302579,1160.2648635131798,5325.301653367297,50.5836,164.7246,4
3729,STARLINK-4600,satellite,2,135,53.2357,179.045,130.9705,54.9437,185.9143,6924.142,541.5751,6888.890561703555,311.9725373598333,-571.1832995856345,-4159.642080505226,-5500.137979840616,-571.1832995856345,-4.7642,-127.0995,4
3730,STARLINK-4602,satellite,2,135,53.2136,179.1315,69.2238,56.5341,125.758,6916.2097,543.079,3987.833151666596,-3419.794171655601,4492.232384792157,-5178.3705676216205,-884.468024527111,4492.232384792157,40.7095,-170.3074,4
3731,STARLINK-4598,satellite,2,171,53.2046,169.532,106.3156,188.9125,295.2281,6914.2212,556.3038,-2220.1726880295355,4224.881146317231,-5015.161257006574,4668.927603418326,-989.9002471044712,-5015.161257006574,-46.5957,-11.9705,3
3732,STARLINK-4599,satellite,2,135,53.2293,179.0201,123.067,82.8761,205.9431,6921.9096,545.8225,6253.939018921851,1705.8625328680878,-2425.4878466672603,-2681.543951158907,-5901.782973935878,-2425.4878466672603,-20.6306,-114.4352,4
3733,STARLINK-4606,satellite,2,171,53.2304,169.4462,47.3882,293.1082,340.4964,6922.8366,544.1379,-6159.940652320751,2554.5867770850364,-1850.9038734382464,5899.85838480858,3108.448725807682,-1850.9038734382464,-15.6038,27.7833,4
3734,STARLINK-4593,satellite,2,171,53.22,169.4781,92.7505,227.7247,320.4752,6919.2581,549.3994,-4767.813873625125,3568.257058743637,-3528.3204862623134,5790.757544249302,1389.8325922663535,-3528.3204862623134,-30.8013,13.4962,4
3735,STARLINK-4592,satellite,2,171,53.2296,169.3985,70.297,310.2427,20.5397,6922.7146,539.6717,-6633.140429797371,-236.25133882923265,1943.7709673200256,4054.5694320193525,5254.981767565452,1943.7709673200256,16.4188,52.3474,5
3736,STARLINK-4586,satellite,2,171,53.2078,169.3252,115.1865,305.3757,60.5622,6914.7717,543.5846,-4005.709479420235,-2913.27643347126,4820.0752552810345,316.59045145142045,4942.940268442047,4820.0752552810345,44.3976,86.3353,4
3737,STARLINK-4396,satellite,2,171,53.2086,169.6813,69.5698,165.6433,235.2132,6916.008,554.2314,4495.877467114455,2642.6700531812617,-4553.308403538748,-837.871372062973,-5147.289653124822,-4553.308403538748,-41.3,-99.2455,3
3738,STARLINK-4594,satellite,2,171,53.2316,169.0955,111.1079,49.7864,160.8943,6922.9185,539.7774,6161.10336858265,-2566.95259732451,1813.4704914152194,-5910.116274145876,-3101.44578887776,1813.4704914152194,15.2905,-152.3109,9
3739,STARLINK-4422,satellite,2,171,53.1972,169.2715,115.7548,324.9767,80.7315,6912.2744,545.23,-1854.0135092251758,-3806.880270333256,5460.609460481277,-1745.2384887252686,3857.9588000021454,5460.609460481277,52.3803,114.3407,4
3740,STARLINK-4597,satellite,2,171,53.1988,169.2155,61.2379,39.4732,100.711,6912.3965,545.2874,500.54988784286064,-4235.8148524056705,5436.698985632367,-3579.076349164672,2320.105631416392,5436.698985632367,52.0566,147.047,6
3741,STARLINK-4588,satellite,2,171,53.219,169.363,92.8932,307.661,40.5542,6919.0586,541.1966,-5659.359087362511,-1675.5290365264827,3600.1327312260914,2325.1471242708376,5424.890200036407,3600.1327312260914,31.5397,66.7997,5
3742,STARLINK-4725,satellite,2,176,53.2026,189.089,58.3832,52.5039,110.8871,6913.525,544.4232,3043.7892103742606,-3429.5663780185487,5170.044598326658,-4582.96138360546,-151.80004877194298,5170.044598326658,48.6051,-178.1029,3
3743,STARLINK-4711,satellite,2,176,53.2131,189.0396,79.0234,51.9014,130.9248,6917.2528,541.9471,4963.135305026485,-2377.2838567708786,4182.673009957744,-4999.0677567365665,-2300.7633853181424,4182.673009957744,37.4079,-155.2863,9
3744,STARLINK-4724,satellite,2,136,53.235,174.3709,46.8412,306.2522,353.0935,6924.011,541.6904,-6787.439697878824,1169.4381342895183,-666.5807486115216,5234.770819512497,4475.946566867436,-666.5807486115216,-5.5621,40.5318,4
3745,STARLINK-4731,satellite,2,176,53.2126,189.2443,104.4559,306.1649,50.6208,6916.911,542.4359,-3814.5835176396176,-3862.600887916976,4279.009541167039,-535.9652676874205,5402.173105724917,4279.009541167039,38.4184,95.6659,3
3746,STARLINK-4714,satellite,2,176,53.227,189.7116,100.7315,49.6897,150.4213,6921.2314,540.1735,6272.301331139459,-999.6447816516205,2734.1436930985788,-4775.116189085911,-4187.997022303954,2734.1436930985788,23.4198,-138.7477,5
3747,STARLINK-4717,satellite,2,176,53.2329,189.6847,120.7873,49.7018,170.4891,6923.9094,539.8445,6840.382322217857,473.29887305429156,915.6522949068849,-4004.5234687722973,-5565.845301964196,915.6522949068849,7.653,-125.7343,3
3748,STARLINK-4716,satellite,2,176,53.2028,189.5524,75.2399,175.3316,250.5715,6913.3191,557.3109,1621.9563011311798,4238.702334628884,-5228.170175700344,2225.7257424859736,-3955.184527124209,-5228.170175700344,-49.2148,-60.632,9
3749,STARLINK-4667,satellite,2,136,53.2034,174.4735,105.7941,187.1903,292.9843,6913.859,556.7677,-2323.1601035092817,4060.2603770414994,-5103.795670317402,4608.029097172195,-805.5153850329839,-5103.795670317402,-47.6693,-9.9155,4
3750,STARLINK-4694,satellite,2,136,53.2333,174.3521,61.8933,311.1718,13.0651,6923.6002,539.5852,-6797.363233555654,-268.2722117145338,1252.604998330469,4134.813396141535,5401.799245396009,1252.604998330469,10.4966,52.5677,5
3751,STARLINK-4685,satellite,2,161,53.1987,194.1789,110.5973,332.5734,83.1707,6912.2455,545.2968,210.09926200561358,-4186.009575717367,5493.616693659034,-3355.251049507519,2511.79383363195,5493.616693659034,52.8295,143.1809,6
3752,STARLINK-4627,satellite,2,161,53.2292,194.2982,72.9411,310.13,23.0712,6922.3574,539.8444,-5764.963939145496,-3143.477456251008,2170.9302626440262,1263.030384792208,6443.680158472944,2170.9302626440262,18.4008,78.91,4
3753,STARLINK-4683,satellite,2,161,53.2334,194.0098,111.053,52.425,163.478,6923.2163,540.2017,6719.3997985139185,463.0093345997325,1575.8421344436977,-3935.1736838821544,-5466.1795958307775,1575.8421344436977,13.2473,-125.7506,4
3754,STARLINK-4686,satellite,2,156,53.2084,199.2144,109.4115,306.2745,55.686,6915.855,542.8615,-2554.024038071153,-4510.809420285445,4571.655401141848,-1839.827870475859,4846.181364765609,4571.655401141848,41.5861,110.789,4
3755,STARLINK-4699,satellite,2,156,53.1989,199.1651,122.0928,313.5739,75.6667,6912.7494,544.946,-299.2402400681202,-4349.948817632708,5360.887750265132,-3156.101880914957,3008.424895952247,5360.887750265132,51.0506,136.3723,6
3756,STARLINK-4695,satellite,2,156,53.2126,199.7164,78.3155,51.8975,130.2131,6917.0688,541.8292,5267.324279137579,-1470.0649270599126,4227.196428237968,-4495.252364288803,-3114.2418230959215,4227.196428237968,37.8755,-145.2864,4
3757,STARLINK-4644,satellite,2,171,53.2082,169.0784,65.7496,55.1122,120.8618,6915.1827,543.5115,2807.9568642319873,-4160.63523117527,4751.166998310142,-4994.889145634141,496.57799096482546,4751.166998310142,43.6039,174.3225,4
3758,STARLINK-4642,satellite,2,156,53.2223,199.2562,87.2572,308.3186,35.5758,6920.0904,540.7086,-4514.752312680159,-4128.232825578073,3221.9044637159172,-293.190835408474,6110.591938680216,3221.9044637159172,27.9205,92.747,4
3759,STARLINK-4707,satellite,2,156,53.2346,199.3089,48.8035,306.7591,355.5626,6924.1411,541.2484,-6616.466385952047,-1978.6876807357412,-428.85853536381137,2703.1432317551416,6354.986155999483,-428.85853536381137,-3.5755,66.9571,4
3760,STARLINK-4700,satellite,2,156,53.2166,199.3632,103.4173,212.1578,315.5751,6918.2084,551.2218,-5626.287437528505,1098.233199538191,-3880.9020589625925,4438.391317527273,3627.934536724371,-3880.9020589625925,-34.2627,39.2625,4
3761,STARLINK-4705,satellite,2,156,53.1981,199.1141,64.7167,31.1163,95.8331,6912.075,545.678,2012.057756312828,-3661.128566533192,5504.448423999088,-4102.213033241589,789.9917881388615,5504.448423999088,52.974,169.0996,4
3762,STARLINK-4663,satellite,2,156,53.2326,199.2866,64.433,311.1064,15.5394,6923.3674,539.5917,-5923.574209518868,-3247.9449141688337,1484.3882002988166,1283.943319730446,6632.448049768037,1484.3882002988166,12.4671,79.0439,4
3763,STARLINK-4697,satellite,2,156,53.2296,199.3322,55.7756,279.734,335.5096,6922.161,545.5848,-6512.073106595366,-464.45899862676976,-2298.33154959014,3801.6456872438393,5307.570854516058,-2298.33154959014,-19.5054,54.3872,4
3764,STARLINK-4701,satellite,2,156,53.199,199.4641,95.6801,179.8006,275.4807,6912.0689,558.7462,-1999.089001648561,3672.0720205598254,-5518.266836561296,4102.351144782071,-806.9602503195476,-5518.266836561296,-53.0204,-11.1284,4
3765,STARLINK-4640,satellite,2,156,53.2042,199.4124,106.6303,188.9283,295.5587,6914.2299,556.1695,-4060.432062168924,2535.522276506599,-5001.363775728552,4544.303860263679,1505.0861011062505,-5001.363775728552,-46.431,18.325,4
3766,STARLINK-4651,satellite,2,156,53.224,199.6083,90.3893,125.1809,215.5702,6919.995,548.9176,4495.144315628413,4160.564195240753,-3225.359781995357,330.59227070805633,-6116.152842399694,-3225.359781995357,-27.9168,-86.906,9
3767,STARLINK-4641,satellite,2,156,53.2,199.5193,79.3144,176.2688,255.5832,6912.7388,558.1433,282.60792602194505,4361.784350631555,-5369.206828268407,3175.831628359414,-3003.1855469778675,-5369.206828268407,-51.025,-43.3995,4
3768,STARLINK-4661,satellite,2,156,53.214,199.5804,70.1674,160.0569,230.2243,6917.0605,552.5931,3105.1282216853147,4486.048635012619,-4260.987496799151,1468.803350848678,-5254.433399077477,-4260.987496799151,-38.1615,-74.3824,13
3769,STARLINK-4574,satellite,2,156,53.228,199.6843,109.4884,46.0516,155.5399,6922.1398,538.6315,6503.340416981884,506.2816593865129,2293.307953808681,-3763.886543177427,-5327.561899018081,2293.307953808681,19.4815,-125.2409,13
3770,STARLINK-4616,satellite,2,156,53.2092,199.5713,70.0011,165.508,235.5091,6915.9298,554.2235,2549.1017761024796,4533.129966904166,-4569.575479620138,1860.1468573692662,-4856.649136060029,-4569.575479620138,-41.4797,-69.0426,13
3771,STARLINK-4618,satellite,2,166,53.2364,209.2903,50.8895,309.618,0.5074,6924.2502,540.5138,-6015.934718744984,-3416.6992473497253,49.08785231867011,1213.0770583814742,6811.29564308216,49.08785231867011,0.409,79.9016,4
3772,STARLINK-4652,satellite,2,156,53.2348,199.6616,124.97,50.5352,175.5052,6924.1713,540.1931,6604.034273876318,2014.9953597988829,434.3334060077079,-2667.265083158946,-6368.608322601198,434.3334060077079,3.6217,-112.7246,4
3773,STARLINK-4662,satellite,2,166,53.2319,209.2655,69.2987,311.3771,20.6758,6922.6589,539.46,-4930.051425594399,-4438.208005880099,1956.0896556553414,-266.4743956076982,6628.12860156991,1956.0896556553414,16.5263,92.3023,4
3774,STARLINK-4607,satellite,2,166,53.2205,209.3438,88.0636,232.454,320.5175,6919.2646,549.1664,-5948.220540479043,-320.9845917189938,-3525.06823226174,3551.933514521508,4782.063050056607,-3525.06823226174,-30.771,53.3964,4
3775,STARLINK-4637,satellite,2,166,53.208,209.3888,107.8045,192.7198,300.5244,6915.1377,555.0982,-4816.472792079274,1386.4884616251977,-4775.73567757581,4142.998099993732,2820.6962180476035,-4775.73567757581,-43.7937,34.2484,4
3776,STARLINK-4645,satellite,2,166,53.2188,209.5875,84.3909,136.1827,220.5736,6919.0414,549.903,3241.2214065739495,4940.42073999065,-3606.0812769623944,1731.5173737211596,-5649.346942706276,-3606.0812769623944,-31.5533,-72.9598,12
3777,STARLINK-4670,satellite,2,166,53.199,209.0907,60.6397,40.1182,100.7579,6912.4346,545.1211,3104.270858315645,-2926.501995412623,5435.73542459795,-4234.488911690242,-519.629817961014,5435.73542459795,52.0454,-173.004,5
3778,STARLINK-4656,satellite,2,166,53.2305,209.6223,130.337,70.2278,200.5648,6922.7168,544.4484,4913.657821509057,4467.90618538129,-1947.4168915384307,299.7967095441716,-6634.481200605817,-1947.4168915384307,-16.4387,-87.4127,2
3779,STARLINK-4589,satellite,2,166,53.2071,209.5487,70.7685,169.8834,240.652,6914.8198,555.4606,1169.3806116231056,4817.5631502857295,-4832.5660557192,2960.1946274059246,-3976.633436678328,-4832.5660557192,-44.4461,-53.3361,12
3780,STARLINK-4612,satellite,2,166,53.2311,209.6681,111.2627,49.2656,160.5283,6922.8705,539.5472,6348.8585207697715,2028.435206960302,1846.7858667361631,-2493.9512640991225,-6180.838211592777,1846.7858667361631,15.5788,-111.9739,9
3781,STARLINK-4718,satellite,2,177,53.2254,229.4224,80.9248,309.5219,30.4467,6921.1079,540.1759,-2284.3807729709856,-5892.228088310296,2806.66806155753,-3075.0195453922797,5520.960256698809,2806.66806155753,24.079,119.1166,6
3782,STARLINK-4719,satellite,2,177,53.2127,229.384,105.5217,304.8826,50.4043,6916.9975,542.5458,-446.8068546919156,-5420.891305476047,4265.815239300092,-3885.929319181086,3805.9495842055376,4265.815239300092,38.2781,135.5957,7
3783,STARLINK-4722,satellite,2,139,53.204,219.7284,73.135,172.2479,245.3829,6914.1081,556.4426,-191.5802680827396,4742.589392736848,-5040.054650262,3771.702916387775,-2881.512494807314,-5040.054650262,-46.895,-37.3792,4
3784,STARLINK-4664,satellite,2,139,53.2015,219.6185,101.2085,184.1939,285.4024,6912.8465,558.1572,-3966.075023845635,1907.2902805761635,-5344.877164672253,4000.6267003128337,1833.7102589821816,-5344.877164672253,-50.7062,24.6246,4
3785,STARLINK-4709,satellite,2,160,53.2184,224.1813,86.0556,52.1338,138.1894,6918.817,541.2535,5618.567526475699,1612.1279161178281,3691.3546587592136,-2347.8810962985967,-5353.009604431639,3691.3546587592136,32.4332,-113.6827,83
3786,STARLINK-4706,satellite,2,139,53.2104,219.5697,109.2352,196.1337,305.3688,6916.097,553.9789,-5242.659695835672,53.41806463658863,-4520.975161085937,3389.412701940828,4000.026963895553,-4520.975161085937,-40.9463,49.7238,4
3787,STARLINK-4678,satellite,2,139,53.1975,219.6746,86.4485,178.9951,265.4436,6912.0653,559.014,-2216.231017879386,3533.375754670961,-5526.164769729083,4134.307790676286,-551.2923364791632,-5526.164769729083,-53.1261,-7.5953,4
3788,STARLINK-4462,satellite,2,139,53.2348,219.4789,54.9418,310.4946,5.4364,6924.1284,539.987,-5066.285239079697,-4681.431518778862,525.0523011495018,-366.62311998557,6888.296935863394,525.0523011495018,4.3797,93.0466,4
3789,STARLINK-4536,satellite,2,139,53.2164,219.4195,98.4501,307.0357,45.4858,6918.0103,541.649,-1869.681792401228,-5357.687840661012,3947.9281017147155,-2928.5534529286974,4860.463319082136,3947.9281017147155,34.9938,121.07,6
3790,STARLINK-4687,satellite,2,139,53.2323,219.5025,45.6601,299.7727,345.4328,6923.4459,542.9718,-5830.713215233549,-3456.6443691173,-1394.299682363254,1064.0452508303931,6694.282231653724,-1394.299682363254,-11.6938,80.9685,4
3791,STARLINK-4743,satellite,2,139,53.1984,219.3209,107.9019,337.7182,85.6201,6912.0548,545.3911,2207.053299926048,-3527.2598544045127,5516.677246311092,-4123.740206522186,554.4484271062195,5516.677246311092,53.1456,172.3423,5
3792,STARLINK-4666,satellite,2,139,53.2243,219.1754,95.9585,49.8371,145.7956,6920.3349,540.1443,5902.623364358275,1808.2599958223814,3113.143477876936,-2378.3773777876922,-5696.848939790092,3113.143477876936,26.904,-112.66,67
3793,STARLINK-4734,satellite,2,139,53.2039,219.3737,119.0853,306.4703,65.5556,6914.0774,544.0631,179.86153987547064,-4727.17035427799,5037.93878546983,-3752.3538585548436,2880.6822546194926,5037.93878546983,46.979,142.4865,7
3794,STARLINK-4739,satellite,2,139,53.2357,219.8295,128.254,51.9304,180.1844,6924.2477,540.7183,5304.796069614254,4441.776328432277,-17.837627064559307,29.883510728243564,-6918.767611923579,-17.837627064559307,-0.1486,-89.7525,5
3795,STARLINK-4728,satellite,2,139,53.1995,219.2615,57.7978,47.9038,105.7016,6912.8785,544.9623,3969.960159707692,-1901.9580347263131,5326.835232329492,-3999.0049259997286,-1840.1053332231302,5326.835232329492,50.604,-155.2909,8
3796,STARLINK-4730,satellite,2,139,53.198,219.3337,119.1247,321.3109,80.4356,6912.3044,545.2378,1699.2132442190639,-3884.9681889280937,5456.012791095372,-4074.650918632306,1173.679415173331,5456.012791095372,52.3179,163.9313,4
3797,STARLINK-4742,satellite,2,139,53.2325,219.1499,116.0578,49.808,165.8658,6923.5115,539.6962,5840.0509803774485,3450.800484361435,1353.0804328349457,-1074.505740069381,-6697.735203099228,1353.0804328349457,11.349,-99.1142,15
3798,STARLINK-4723,satellite,2,139,53.2156,219.0638,73.9619,151.9675,225.9294,6917.8903,551.5626,1861.6613935383232,5346.829713461418,-3983.463688988479,2925.320652556853,-4847.357033339849,-3983.463688988479,-35.2965,-58.8895,15
3799,STARLINK-4712,satellite,2,139,53.2286,219.0984,121.0731,84.8123,205.8854,6921.903,545.9664,3691.79951846421,5330.915534876321,-2420.4979638439454,1744.2280006985382,-6245.455372196446,-2420.4979638439454,-20.5859,-74.396,9
3800,STARLINK-4710,satellite,2,166,53.2305,209.5301,55.4876,279.6851,335.1727,6922.0665,545.5376,-6322.986184498922,-1582.442969295882,-2327.952197679962,2820.611417756366,5876.089794281621,-2327.952197679962,-19.7671,64.3583,3
3801,STARLINK-4715,satellite,2,166,53.221,209.2007,89.0467,51.7322,140.7789,6919.3179,541.1235,5952.464042935511,328.3030747199956,3501.4889426030736,-3549.012238856274,-4790.002423773828,3501.4889426030736,30.5829,-126.5355,44
3802,STARLINK-4726,satellite,2,166,53.1986,209.3495,116.5697,323.997,80.5667,6912.2835,545.2985,1014.2621410428601,-4114.435638007487,5458.18343510433,-3813.767509465484,1847.291447986581,5458.18343510433,52.3467,154.1556,5
3803,STARLINK-4727,satellite,2,161,53.2362,194.5246,52.9979,309.9486,2.9464,6924.182,540.2219,-6634.980970948266,-1938.827581887056,284.88884260596234,2745.6395793637735,6343.775545947596,284.88884260596234,2.3747,66.5966,3
3804,STARLINK-4729,satellite,2,141,53.2079,204.2365,67.0126,56.0728,123.0853,6915.6115,543.2942,4864.2700558518445,-1613.7961145318932,4637.58998652493,-4348.4342100526355,-2712.3017893256374,4637.58998652493,42.3184,-148.0465,4
3805,STARLINK-4763,satellite,2,161,53.2175,194.5816,98.908,218.7974,317.7054,6918.664,550.5465,-5657.814955079029,1410.38614022459,-3730.988852852353,4698.723593987057,3452.832998823267,-3730.988852852353,-32.7745,36.3101,4
3806,STARLINK-4768,satellite,2,161,53.1975,194.3089,57.8606,45.2721,103.1327,6912.6524,545.1922,2517.7218422757505,-3518.303420807124,5388.405609958999,-4315.26179987991,309.6737548335512,5388.405609958999,51.4119,175.8954,5
3807,STARLINK-4738,satellite,2,163,53.198,249.3567,83.2199,177.4112,260.6311,6912.3158,558.8834,-3432.184870650161,2497.4640792811515,-5469.892033050278,4113.778579473183,1045.9663535157895,-5469.892033050278,-52.3596,14.2657,4
3808,STARLINK-4758,satellite,2,163,53.1983,249.7046,118.1376,322.1969,80.3345,6912.3405,545.2071,3424.903704231112,-2503.5473591924347,5454.387950283537,-4113.809333396431,-1036.4784278680459,5454.387950283537,52.2962,-165.8586,6
3809,STARLINK-4748,satellite,2,141,53.2154,204.4843,73.6817,154.4052,228.0869,6917.4593,552.1864,2930.060901701429,4723.963257794552,-4125.865212307343,1763.6844097093947,-5271.669854194241,-4125.865212307343,-36.7529,-71.5019,13
3810,STARLINK-4757,satellite,2,163,53.2202,248.8629,88.2886,52.6794,140.9679,6919.3694,541.0442,4368.119919055062,4069.1585238584844,3487.2671550129157,341.3832198760925,-5960.031897290718,3487.2671550129157,30.4461,-86.7218,93
3811,STARLINK-4751,satellite,2,163,53.2068,249.5991,66.8858,53.5783,120.464,6915.1466,543.3832,4565.591128257928,2040.4964535500046,4770.526627550853,-1345.7581240168597,-4816.345419404662,4770.526627550853,43.827,-105.6111,107
3812,STARLINK-4756,satellite,2,163,53.2193,249.4471,84.4598,136.1451,220.6048,6919.0495,550.053,-680.7969434942694,5868.09215397205,-3608.473254083627,4950.2054362851495,-3223.8883579231515,-3608.473254083627,-31.5758,-33.0747,9
3813,STARLINK-4764,satellite,2,163,53.2321,249.5267,111.1153,49.4604,160.5758,6922.9047,539.5898,3571.1866923304415,5629.00515898333,1842.4948663129787,2050.6345338939973,-6343.0254200767895,1842.4948663129787,15.5416,-72.0845,16
3814,STARLINK-4760,satellite,2,163,53.2064,249.4039,70.0803,170.5153,240.5957,6914.9302,555.4978,-2185.7646029919665,4452.576186563508,-4829.879653694681,4822.160042870287,-1161.7977955695599,-4829.879653694681,-44.4146,-13.546,4
3815,STARLINK-4759,satellite,2,163,53.237,249.5014,128.1444,52.4468,180.5912,6924.2513,540.724,2382.724183497769,6495.3808569328485,-57.1880873715511,3476.327419278036,-5981.847096441911,-57.1880873715511,-0.4765,-59.8372,6
3816,STARLINK-4761,satellite,2,163,53.1984,249.2966,98.1728,182.3962,280.5689,6912.4281,558.8529,-4262.924054951668,253.50635792500503,-5449.869869299755,2917.653646281573,3118.346384244992,-5449.869869299755,-52.0898,46.9043,4
3817,STARLINK-4649,satellite,2,163,53.2314,249.4768,129.8831,70.6514,200.5345,6922.7906,544.5195,911.2937039613062,6579.312900435504,-1944.7077069223649,4480.664369511147,-4903.209282144689,-1944.7077069223649,-16.415,-47.5782,14
3818,STARLINK-4747,satellite,2,163,53.22,249.203,94.082,226.535,320.617,6919.2885,549.6899,-4358.1513659254615,-4068.045593958217,-3517.8911466112922,-346.8934136906034,5951.650463726755,-3517.8911466112922,-30.6991,93.3357,4
3819,STARLINK-4771,satellite,2,163,53.1998,249.3661,79.4065,176.0318,255.4384,6912.7695,558.2541,-3143.22309961946,3043.623165473546,-5365.788426924381,4349.489260577255,474.80164227991054,-5365.788426924381,-50.979,6.2299,4
3820,STARLINK-4737,satellite,2,163,53.2354,249.1471,52.5048,308.0962,0.601,6924.2348,540.708,-2422.17142994407,-6480.748462234499,58.138950240434085,-3439.8744102549254,6002.855912685682,58.138950240434085,0.4845,119.8144,5
3821,STARLINK-4783,satellite,2,163,53.2076,249.2456,108.9445,191.6569,300.6014,6915.1497,555.223,-4586.237471634754,-2030.9270612054358,-4772.014857919812,1366.3077362095946,4826.120807039241,-4772.014857919812,-43.75,74.1928,4
3822,STARLINK-4778,satellite,2,147,53.1978,239.6693,80.2071,15.2747,95.4818,6912.0253,545.0874,3889.6721057124323,-1510.9868502591873,5507.28372404495,-3646.8815689595795,-2028.0249440271884,5507.28372404495,53.0195,-150.9216,8
3823,STARLINK-4776,satellite,2,163,53.2306,249.1711,49.3737,291.1125,340.4861,6922.9036,544.271,-3612.9635401851324,-5604.951694828005,-1851.8796742418526,-2005.444324595219,6359.80991107527,-1851.8796742418526,-15.6119,107.5017,4
3824,STARLINK-4773,satellite,2,147,53.2046,239.6244,61.4641,53.8895,115.3536,6914.2346,544.0601,4723.629545894299,661.538721658041,5001.12590462724,-2507.7779293250233,-4057.2600883217765,5001.12590462724,46.5337,-121.7201,69
3825,STARLINK-4784,satellite,2,147,53.1996,239.7348,122.1889,313.1513,75.3402,6912.7682,544.9247,2577.4187007673336,-3528.8291743773866,5353.05708815333,-4361.487552021421,270.46041219437336,5353.05708815333,50.9477,176.4516,5
3826,STARLINK-4766,satellite,2,147,53.2326,239.5311,120.9848,49.377,170.3618,6923.9109,539.7916,4055.6824308473488,5526.577064814758,927.780174666435,1662.3868025167787,-6650.419847801972,927.780174666435,7.755,-75.9655,9
3827,STARLINK-4750,satellite,2,147,53.2166,239.5781,83.1312,52.3178,135.449,6918.197,541.5236,4998.641937103106,2777.59510852989,3884.1438527264536,-1055.1472465600893,-5620.330959149267,3884.1438527264536,34.3502,-100.6328,109
3828,STARLINK-4754,satellite,2,147,53.2219,239.4724,96.7596,118.8488,215.6084,6920.0836,548.6441,780.0920857964637,6073.3984782139605,-3228.149076613149,4175.1652759597655,-4479.141397178006,-3228.149076613149,-27.9442,-47.0116,12
3829,STARLINK-4769,satellite,2,147,53.2263,239.546,106.5742,48.9386,155.5129,6922.1382,539.6816,4669.037416520619,4555.4372123220455,2295.9870942880075,523.3811715364221,-6502.152777469871,2295.9870942880075,19.5021,-85.398,46
3830,STARLINK-4745,satellite,2,147,53.1994,239.3819,79.4474,176.1434,255.5907,6912.7353,558.2081,-2579.393898539887,3528.5439358193344,-5369.395129592949,4362.529557092401,-268.75835675821673,-5369.395129592949,-51.0268,-3.5253,4
3831,STARLINK-4753,satellite,2,147,53.2314,239.5181,133.695,61.8892,195.5842,6923.3352,543.2852,2422.3614780647804,6309.2288295386425,-1489.3333379540948,3307.771403234342,-5893.458398753558,-1489.3333379540948,-12.5025,-60.6962,6
3832,STARLINK-4746,satellite,2,147,53.2043,239.2745,106.4575,189.1579,295.6154,6914.279,556.292,-4743.582384313497,-662.4898958298896,-4999.099541195511,2519.7892148697706,4073.220962760552,-4999.099541195511,-46.4027,58.2581,4
3833,STARLINK-4777,satellite,2,147,53.2088,239.4323,70.7861,164.8345,235.6206,6915.8925,554.2812,-958.3279864815138,5106.217370251096,-4575.676386796629,4541.204539334492,-2523.7491344932705,-4575.676386796629,-41.5468,-29.0629,4
3834,STARLINK-4780,satellite,2,147,53.2275,239.1958,55.438,280.1423,335.5803,6922.1818,545.5219,-4698.646189356467,-4535.834679611268,-2292.0257016771266,-489.38721866258106,6512.416786702768,-2292.0257016771266,-19.4499,94.2975,4
3835,STARLINK-4770,satellite,2,147,53.1978,239.3287,93.7877,181.7941,275.5818,6912.1553,559.03,-3893.987739154032,1526.4797757830245,-5517.468375029828,3661.5593769994343,2021.4509509914,-5517.468375029828,-53.0064,28.9019,4
3836,STARLINK-4767,satellite,2,147,53.2233,239.1179,86.9415,308.7294,35.6709,6920.0846,540.6042,-811.3726221277185,-6059.468355203724,3229.3554225069547,-4144.468453686672,4494.314576890423,3229.3554225069547,27.9911,132.681,7
3837,STARLINK-4755,satellite,2,147,53.2183,239.2305,101.496,214.074,315.57,6918.2405,551.3265,-5022.311323374153,-2763.1846309108596,-3881.3987656657428,1081.3527115142624,5629.340693784217,-3881.3987656657428,-34.2671,79.1264,4
3838,STARLINK-4797,satellite,2,143,53.2047,234.4288,72.8991,170.2287,243.1278,6914.4563,556.0577,-1188.3422809761335,4697.112980646906,-4945.350613986566,4373.307520329297,-2085.4757400527183,-4945.350613986566,-45.7636,-25.4948,4
3839,STARLINK-4794,satellite,2,147,53.2348,239.169,48.2467,307.3385,355.5853,6924.1771,541.1824,-3809.3760435161553,-5760.421376671366,-426.6729475384663,-1999.6337900431706,6610.239404397152,-426.6729475384663,-3.5573,106.8309,4
3840,STARLINK-4800,satellite,2,177,53.1981,229.7114,88.8,1.5639,90.3639,6911.9926,545.5447,3185.8392624102416,-2643.1643561364845,5532.76722193652,-4068.5600681583455,-763.3535165651542,5532.76722193652,53.3665,-169.3736,6
3841,STARLINK-4703,satellite,2,147,53.2275,239.2026,66.6793,263.6556,330.3349,6921.2278,546.9429,-4841.045398806582,-4116.338004067164,-2744.0946664690173,-75.64566839514382,6354.072461806449,-2744.0946664690173,-23.4855,90.6821,4
3842,STARLINK-4795,satellite,2,177,53.234,229.5507,120.8464,49.7129,170.5593,6923.8758,539.8473,4944.0135159482,4752.249365878931,908.9728195769785,499.2071160479409,-6839.43973850653,908.9728195769785,7.5968,-85.8254,9
3843,STARLINK-4809,satellite,2,147,53.2096,239.0769,109.7515,305.9623,55.7138,6915.8892,542.9658,933.0841703512873,-5097.655221878803,4573.302027736655,-4518.49373595568,2537.705496750491,4573.302027736655,41.6036,150.6803,6
3844,STARLINK-4790,satellite,2,143,53.2311,234.1476,73.6157,309.4744,23.0901,6922.3937,539.9439,-2410.2332781565506,-6107.427851320712,2172.700379647448,-3160.2346282375543,5755.242523882851,2172.700379647448,18.416,118.7714,5
3845,STARLINK-4799,satellite,2,177,53.2266,229.5705,100.0297,50.5414,150.5711,6921.2883,540.1382,5454.0630191907285,3265.435511470555,2721.518370056178,-970.6237625004494,-6282.337304582294,2721.518370056178,23.3054,-98.7828,48
3846,STARLINK-4781,satellite,2,177,53.2125,229.6127,75.1496,55.31,130.4596,6917.1375,542.5451,5305.635366910504,1375.8435588835196,4212.241349037683,-2329.8390297871665,-4961.306505388799,4212.241349037683,37.7137,-115.1548,82
3847,STARLINK-4788,satellite,2,177,53.2353,229.5236,134.0776,56.5274,190.605,6923.7958,542.2007,3835.390544939004,5668.646856982799,-1020.2129806124289,1912.4001797572764,-6571.643886719123,-1020.2129806124289,-8.53,-73.7746,5
3848,STARLINK-4779,satellite,2,177,53.2023,229.0577,122.4518,308.315,70.7668,6913.3153,544.6175,1460.4774652787817,-4280.635612641449,5224.774437553169,-4226.638290726006,1610.0821203187493,5224.774437553169,49.2936,159.1463,6
3849,STARLINK-4762,satellite,2,166,53.2079,209.6625,65.4555,55.1221,120.5776,6915.0552,543.3693,4818.7169981673815,-1356.7284044773437,4765.034973124599,-4121.531507343192,-2841.429834769856,4765.034973124599,43.764,-145.4172,13
3850,STARLINK-4793,satellite,2,139,53.2354,219.5446,131.037,54.5412,185.5782,6924.1313,541.5008,5054.256562135201,4695.0764764308415,-538.8249787689172,384.8050045616321,-6887.755630383914,-538.8249787689172,-4.4938,-86.8023,4
3851,STARLINK-4789,satellite,2,166,53.198,209.3787,97.9059,182.6708,280.5767,6912.3964,558.5777,-3107.4857846754235,2929.2800526091414,-5449.487971579669,4238.679846593243,520.3294020694207,-5449.487971579669,-52.0876,6.9985,4
3852,STARLINK-4810,satellite,2,139,53.2285,219.1635,76.5089,309.1213,25.6302,6921.9644,539.9216,-3703.4168807578135,-5326.062146349344,2396.172508931413,-1733.0737814267593,6251.295053633964,2396.172508931413,20.3886,105.4952,5
3853,STARLINK-4732,satellite,2,166,53.1989,209.4171,82.97,177.5546,260.5246,6912.353,558.8366,-1016.4765846826613,4123.301509369233,-5468.231986873989,3822.003946287749,-1851.2497991723312,-5468.231986873989,-52.3376,-25.844,4
3854,STARLINK-4740,satellite,2,166,53.2071,209.1162,114.0242,306.7076,60.7318,6914.8999,543.5363,-1194.9231672660442,-4798.6901178800135,4828.0018706378205,-2929.3589679718975,3984.234463466104,4828.0018706378205,44.4901,126.3247,7
3855,STARLINK-5028,satellite,2,110,53.2345,269.7162,132.9579,57.5099,190.4677,6923.8471,542.2525,-718.785142533596,6808.412502452,-1007.1547473994942,5698.028760975547,-3795.207652259255,-1007.1547473994942,-8.42,-33.6658,9
3856,STARLINK-5029,satellite,2,110,53.2022,269.605,76.95,173.4538,250.4039,6913.3593,557.5803,-3890.8376050476377,2348.948126827055,-5222.931333728065,4292.423810288643,1493.7444240044194,-5222.931333728065,-49.1459,19.1877,4
3857,STARLINK-5031,satellite,2,110,53.2133,269.6522,74.8463,155.5885,230.4348,6916.9622,552.8591,-3169.0578234508826,4428.844553793981,-4274.09335044465,5431.894849288228,-390.01271302594836,-4274.09335044465,-38.298,-4.1068,4
3858,STARLINK-5050,satellite,2,143,53.1979,234.2656,112.7916,330.3423,83.1338,6912.1719,545.3303,2853.545500369583,-3070.760204503341,5493.163693881876,-4185.3635550598065,-234.5678328714994,5493.163693881876,52.8229,-176.7922,5
3859,STARLINK-5046,satellite,2,110,53.2344,269.3633,59.8643,310.5965,10.4608,6923.8649,539.7175,676.0959271555982,-6810.36148662118,1006.128437805162,-5672.2643240650405,3829.3010744923677,1006.128437805162,8.4145,145.977,5
3860,STARLINK-5052,satellite,2,110,53.2098,269.4593,109.105,196.1523,305.2573,6916.0667,554.272,-3423.2485025837286,-3964.308117185122,-4527.349423411143,-864.1597209826836,5166.003981323738,-4527.349423411143,-41.0142,99.4964,6
3861,STARLINK-5043,satellite,2,110,53.2023,269.4954,105.1818,185.2429,290.4247,6913.4821,557.5287,-3907.5828942156404,-2381.8481850779017,-5195.558794718533,662.8459265817025,4528.028282767194,-5195.558794718533,-48.8016,81.6718,4
3862,STARLINK-5037,satellite,2,110,53.2258,269.3368,81.6352,308.8279,30.4631,6921.0896,540.235,2029.6059653988889,-5984.17202387231,2808.0753409573344,-5900.965475266705,2260.137528069735,2808.0753409573344,24.0916,159.0426,4
3863,STARLINK-5035,satellite,2,110,53.2186,269.4358,96.4664,221.2065,317.6729,6915.6903,547.2547,-2839.9339583679816,-5087.698142730446,-3731.5901976707364,-2101.1336312109183,5434.623698401655,-3731.5901976707364,-32.798,111.1375,8
3864,STARLINK-5044,satellite,2,110,53.198,269.1966,88.5692,2.0982,90.6674,6911.9998,545.4484,4139.795938750622,22.444705838352444,5532.420443233658,-2626.675953034308,-3199.8418112568656,5532.420443233658,53.3627,-129.3818,27
3865,STARLINK-5042,satellite,2,110,53.1978,269.192,64.9764,27.7676,92.744,6901.7339,535.3341,4132.848491193171,272.064300937747,5518.366389573734,-2430.160545856294,-3353.919402186918,5518.366389573734,53.2803,-125.9261,42
3866,STARLINK-5045,satellite,2,110,53.214,269.0928,77.6889,53.134,130.8229,6917.2314,542.0916,3203.5060680133456,4468.602484472037,4189.241588848847,1392.5482325949188,-5318.991324670943,4189.241588848847,37.4757,-75.3289,81
3867,STARLINK-5021,satellite,2,139,53.2081,219.208,72.2418,53.4648,125.7066,6916.1401,542.6666,5250.54820341402,-54.565460713248534,4494.538769061745,-3395.333726335676,-4005.36424219877,4494.538769061745,40.7377,-130.2878,55
3868,STARLINK-5022,satellite,2,110,53.2164,269.3081,100.5251,304.7528,45.2778,6918.0341,541.9645,2882.313251007591,-4899.739967950679,3934.0227779785077,-5611.107380939274,911.402978948431,3934.0227779785077,34.8511,170.7741,3
3869,STARLINK-4787,satellite,2,110,53.2271,269.0571,101.1205,49.7592,150.8797,6921.3445,539.9188,2113.601487098378,6006.795782622296,2695.4531434468927,3272.248482857382,-5462.71879990459,2695.4531434468927,23.0703,-59.0778,8
3870,STARLINK-5003,satellite,2,170,53.2295,259.7139,123.584,81.8845,205.4685,6921.9712,545.712,-637.2005076425316,6466.408845798744,-2384.103071097263,5382.757055779446,-3639.5596335849095,-2384.103071097263,-20.2636,-34.0647,12
3871,STARLINK-5054,satellite,2,170,53.2007,259.1828,58.3264,47.3989,105.7253,6912.9083,544.8758,4265.120535419501,1091.8007856007023,5326.233223741091,-1883.8640105413083,-3979.238435540481,5326.233223741091,50.597,-115.334,70
3872,STARLINK-5057,satellite,2,170,53.2047,259.6363,72.6133,172.8478,245.4611,6914.0886,556.4895,-3193.4077543677654,3507.0011208371857,-5043.267579192262,4738.102459625376,217.47420376085307,-5043.267579192262,-46.9335,2.628,4
3873,STARLINK-4796,satellite,2,170,53.235,259.7423,132.7971,52.6099,185.407,6924.1321,541.2039,842.6598959870869,6847.82430877594,-522.3128687222959,4731.113705886222,-5021.885757974109,-522.3128687222959,-4.356,-46.7077,9
3874,STARLINK-5048,satellite,2,170,53.2159,259.6802,73.3819,151.9883,225.3702,6918.0366,551.6508,-2031.1342990304913,5313.259712953795,-3945.78199078942,5385.68521594363,-1830.4726364417863,-3945.78199078942,-34.914,-18.7717,4
3875,STARLINK-5059,satellite,2,170,53.2243,259.0961,94.8845,50.9787,145.8631,6920.3841,540.3845,3363.5324317170416,5180.135738754942,3107.8614007712727,1837.8583634170334,-5896.561144188758,3107.8614007712727,26.8537,-72.6886,54
3876,STARLINK-5053,satellite,2,170,53.2234,259.4386,79.7768,245.6208,325.3976,6920.2686,548.2583,-3357.7970964983792,-5169.683770558249,-3148.4966009401714,-1833.4787035454294,5885.472578516671,-3148.4966009401714,-27.1995,107.3032,8
3877,STARLINK-5040,satellite,2,170,53.2335,259.4164,45.8383,299.5675,345.4058,6923.5121,543.0722,-2256.0115927206807,-6391.416187430849,-1396.866471320634,-3477.2552793615982,5817.945076192717,-1396.866471320634,-11.7154,120.8658,4
3878,STARLINK-5051,satellite,2,147,53.2338,239.1253,125.4476,50.4883,175.9359,6924.1078,540.2743,3793.20175101058,5772.416513960277,392.7906563787635,2019.193827678271,-6605.454429543589,392.7906563787635,3.2749,-73.0024,10
3879,STARLINK-5036,satellite,2,170,53.2148,259.4649,102.202,208.2438,310.4457,6914.8554,550.237,-3921.3911120450894,-3837.1660770954386,-4217.924737864461,-448.17920913797946,5468.115502925544,-4217.924737864461,-37.724,94.6856,4
3880,STARLINK-5012,satellite,2,170,53.235,259.389,54.8668,310.5986,5.4654,6924.143,539.9884,-880.4578241074425,-6841.411105510187,527.8422255189558,-4702.038597455887,5046.874767880138,527.8422255189558,4.403,132.9742,6
3881,STARLINK-5023,satellite,2,170,53.2276,259.3641,75.3122,310.1601,25.4722,6921.9913,539.8323,597.551091383086,-6464.550897525468,2382.3447353962097,-5356.004661153402,3668.8826205281466,2382.3447353962097,20.2661,145.5887,5
3882,STARLINK-5025,satellite,2,170,53.1987,259.5348,97.7085,182.5122,280.2207,6912.3972,558.7305,-4236.936521607798,-466.69360325876835,-5455.8527757629045,2346.8738759524713,3558.316598874875,-5455.8527757629045,-52.1716,56.5933,4
3883,STARLINK-5002,satellite,2,170,53.1984,259.2316,106.2093,339.3734,85.5827,6912.0619,545.3798,3954.922037466422,-1293.9266377584015,5516.392189053985,-3521.5300983489465,-2216.8627004757814,5516.392189053985,53.1418,-147.8089,9
3884,STARLINK-5004,satellite,2,170,53.216,259.329,98.7039,306.8225,45.5265,6918.013,541.7541,2005.9333165841906,-5306.225414033047,3950.7198645136978,-5364.177424837397,1845.3718243154865,3950.7198645136978,35.0215,161.0159,4
3885,STARLINK-5001,satellite,2,109,53.2335,254.3913,62.4691,310.4753,12.9444,6923.6364,539.6804,-920.6193762020943,-6742.283007443965,1241.2528232157806,-4600.111285680606,5014.468700436797,1241.2528232157806,10.4003,132.5323,6
3886,STARLINK-5011,satellite,2,170,53.2333,259.067,115.7345,50.0508,165.7853,6923.5293,539.6805,2269.918896845032,6390.682635610465,1360.6411233852145,3467.8087009942246,-5828.178030967828,1360.6411233852145,11.4133,-59.247,10
3887,STARLINK-5014,satellite,2,109,53.1989,254.2471,109.9542,332.7917,82.746,6908.228,541.2097,3712.8814181916955,-1953.366045774196,5485.379543220144,-3874.375128640683,-1609.4547824984656,5485.379543220144,52.7613,-157.4415,8
3888,STARLINK-5009,satellite,2,163,53.2309,249.3887,70.1866,310.2334,20.42,6922.7665,539.7253,-929.7084973291797,-6575.167328893453,1932.9850335770395,-4465.713516228755,4914.73153731979,1932.9850335770395,16.325,132.2595,6
3889,STARLINK-5018,satellite,2,170,53.2067,259.831,66.9829,53.1757,120.1586,6915.0712,543.3303,4135.804408804036,2785.7268448693712,4785.332516009892,-497.8250360432973,-4961.58466576932,4785.332516009892,43.9978,-95.7296,112
3890,STARLINK-4772,satellite,2,149,53.202,244.555,102.912,184.9945,287.9065,6913.171,557.7911,-4478.050260603921,-226.7507225446373,-5275.447821632795,2685.4972474353262,3590.606433555012,-5275.447821632795,-49.8122,53.2063,4
3891,STARLINK-4782,satellite,2,163,53.22,249.3582,92.6671,307.8502,40.5173,6919.0604,541.0791,663.8624460220874,-5866.266437629925,3597.415419671189,-4937.985089304512,3235.7531615232997,3597.415419671189,31.5138,146.7641,7
3892,STARLINK-4775,satellite,2,149,53.2122,244.5032,108.0005,199.9134,307.914,6916.6165,553.3375,-4783.399797221016,-2431.7387530687247,-4374.068893137413,1183.810381584526,5233.818869972765,-4374.068893137413,-39.3584,77.255,4
3893,STARLINK-4791,satellite,2,149,53.2007,244.1978,57.273,50.961,108.234,6913.1837,544.6836,4480.7691465570815,235.40627522999893,5255.597756429637,-2680.573397229785,-3598.226580027932,5255.597756429637,49.6861,-126.685,46
3894,STARLINK-4633,satellite,2,171,53.2189,169.6077,86.1189,54.4401,140.5589,6919.1729,541.4906,4777.57918196825,-3550.0435971379275,3518.000678238201,-5782.979345330126,-1408.9791599032092,3518.000678238201,30.7407,-166.3071,9
3895,STARLINK-4635,satellite,2,171,53.2365,169.5529,127.7044,52.8672,180.5716,6924.2563,540.8588,6811.450098113101,-1213.908541000119,-55.297948877142225,-5284.3247158861695,-4466.02045249152,-55.297948877142225,-0.4608,-139.7973,4
3896,STARLINK-4634,satellite,2,171,53.232,169.5278,128.3677,72.264,200.6316,6922.6779,544.6519,6634.628842591647,258.14936044559965,-1953.556045689627,-4038.669851224892,-5270.112598802283,-1953.556045689627,-16.4915,-127.4642,4
3897,STARLINK-4629,satellite,2,171,53.1993,169.4039,82.7852,177.7699,260.5551,6912.3677,558.7245,1869.0689985031024,3812.50568294273,-5468.655623737045,1739.9517255754745,-3873.136519192543,-5468.655623737045,-52.3445,-65.8087,8
3898,STARLINK-4468,satellite,2,171,53.2188,169.4956,83.8898,136.775,220.6649,6918.997,550.0451,5655.2336683506155,1698.364862154705,-3612.845418105326,-2304.9405548554405,-5436.300220483672,-3612.845418105326,-31.6185,-112.9765,4
3899,STARLINK-4567,satellite,2,128,53.2276,164.5378,111.1343,96.916,208.0503,6921.5524,547.0103,6407.398264502063,249.42672004106396,-2607.3972907101743,-3900.25734627198,-5089.691428904698,-2607.3972907101743,-22.2519,-127.4631,4
3900,STARLINK-5156,satellite,2,171,53.1974,169.3471,96.9959,183.5866,280.5826,6912.4228,558.3207,-495.9007485591637,4241.636631184486,-5449.139564981944,3580.586868293854,-2327.401242164579,-5449.139564981944,-52.0856,-33.0241,4
3901,STARLINK-5159,satellite,2,129,53.2009,149.0812,77.3268,13.4431,90.7699,6911.9845,545.331,-2046.8708637969805,-3598.2222219934943,5532.4116306549,-1461.5080089098296,3873.0966721476525,5532.4116306549,53.3639,110.6739,4
3902,STARLINK-5137,satellite,2,128,53.1977,164.0553,95.7119,352.5839,88.2958,6912.0033,545.5525,-1334.2388323883035,-3921.990264978948,5530.413349515938,-2165.776198279027,3531.517288561757,5530.413349515938,53.3338,121.5196,5
3903,STARLINK-5134,satellite,2,129,53.2344,149.6045,134.1369,56.4522,190.5891,6923.8111,542.2739,6252.281809168654,-2785.114134538185,-1018.702898558528,-6136.220675083507,-3032.2737987100304,-1018.702898558528,-8.5172,-153.7033,4
3904,STARLINK-5094,satellite,2,128,53.2339,164.5795,118.8964,49.1816,168.0779,6923.7081,539.6948,6296.9621510529905,-2624.1424597069554,1144.728378790133,-6040.891345148044,-3169.461742432969,1144.728378790133,9.5837,-152.3154,9
3905,STARLINK-5148,satellite,2,128,53.1987,164.3932,87.7722,180.323,268.0952,6912.0305,559.167,1336.8490027874104,3930.4842859014802,-5540.773839644926,2170.64518528685,-3538.9506153043694,-5540.773839644926,-53.326,-58.4768,6
3906,STARLINK-5123,satellite,2,128,53.2164,164.4934,72.2303,155.8357,228.066,6917.4737,552.2748,5282.375767811103,1734.6807566713599,-4124.624655285113,-2038.864398062777,-5172.585721497129,-4124.624655285113,-36.7395,-111.5127,4
3907,STARLINK-5133,satellite,2,128,53.234,164.2051,55.8913,312.1945,8.0858,6924.0151,539.6628,-6748.683325723917,1303.8074466912,779.4488441255485,5313.413492490472,4360.307047304313,779.4488441255485,6.5095,39.3731,4
3908,STARLINK-5149,satellite,2,129,53.2347,149.2616,60.318,310.2131,10.5311,6923.8632,539.8087,-6232.2822207860745,2825.674250558509,1012.8301033808328,6154.657982795539,2990.9800675709516,1012.8301033808328,8.4708,25.9184,4
3909,STARLINK-5120,satellite,2,157,53.2243,159.5382,94.543,121.0699,215.613,6920.0692,548.7156,6116.067338398138,293.6501111642675,-3228.6407434338144,-3680.165000965226,-4893.760889262765,-3228.6407434338144,-27.9485,-126.9436,4
3910,STARLINK-5142,satellite,2,157,53.229,159.6132,105.9781,49.5293,155.5073,6922.1593,539.7804,5301.1860412268425,-3801.0441732830423,2296.587756303011,-6310.530180846688,-1651.5807844517758,2296.587756303011,19.5071,-165.3336,9
3911,STARLINK-5147,satellite,2,157,53.2053,159.6921,62.0153,53.3934,115.4087,6914.2645,543.8206,1483.2883750657825,-4535.524132316983,4998.727173619618,-4437.339505100478,1755.3181121693174,4998.727173619618,46.5069,158.4173,6
3912,STARLINK-5119,satellite,2,129,53.2127,149.1799,104.1378,306.5522,50.69,6916.8879,542.2933,-5401.4920352834615,-506.8911394249162,4283.1535146529295,3059.704490247779,4480.096345706835,4283.1535146529295,38.4633,55.6687,5
3913,STARLINK-5113,satellite,2,157,53.2344,159.5884,125.4848,50.1606,175.6454,6924.1368,540.1221,6355.423711078965,-2700.5036302629633,420.8072622277257,-6136.987460611063,-3165.67770196379,420.8072622277257,3.5088,-152.7137,4
3914,STARLINK-5118,satellite,2,129,53.203,149.4256,76.4157,174.0829,250.4987,6913.4005,557.4659,3978.284341586801,2189.986622925098,-5225.955732062419,-855.6349561718398,-4459.896471094639,-5225.955732062419,-49.1853,-100.8603,4
3915,STARLINK-5108,satellite,2,157,53.2112,159.4964,71.1206,164.4314,235.552,6915.925,554.2168,4865.504385364138,1830.6762256347968,-4572.031002144907,-1698.755844588138,-4913.118861535895,-4572.031002144907,-41.5069,-109.0733,4
3916,STARLINK-5121,satellite,2,168,53.2364,154.2309,52.9634,310.1207,3.0841,6924.1954,540.2818,-6318.201028492831,2802.7455420492474,298.19476796148894,6191.888125063651,3071.7370096771842,298.19476796148894,2.4856,26.3856,4
3917,STARLINK-5125,satellite,2,157,53.2058,159.3358,106.6039,188.9927,295.5966,6914.2602,556.2147,-1478.923841267297,4554.5469859286695,-4999.922388884961,4449.189809221115,-1770.8258008126381,-4999.922388884961,-46.4133,-21.7031,4
3918,STARLINK-5097,satellite,2,157,53.201,159.4502,79.0801,176.5048,255.585,6912.7469,558.0117,3023.7254455328693,3155.9747661031397,-5369.216829662785,497.3218435017499,-4342.322336978075,-5369.216829662785,-51.0265,-83.4664,8
3919,STARLINK-5131,satellite,2,157,53.2176,159.2933,103.997,211.513,315.5099,6918.2098,551.152,-3592.2439712003993,4463.273641094358,-3885.4104239282624,5728.662076858276,-86.36638859602809,-3885.4104239282624,-34.3084,-0.8637,4
3920,STARLINK-5130,satellite,2,129,53.213,149.6804,75.6916,54.7761,130.4676,6917.1352,542.3568,2282.93048218835,-4983.3035668282555,4211.653460880846,-5292.602862728947,1425.987714919486,4211.653460880846,37.7088,164.9209,4
3921,STARLINK-5128,satellite,2,157,53.2363,159.2355,47.7971,307.6932,355.4903,6924.1916,541.1275,-6334.281234998646,2749.904222473811,-435.8323839190894,6161.497450682821,3117.858425596705,-435.8323839190894,-3.6338,26.8405,4
3922,STARLINK-5079,satellite,2,157,53.199,159.3898,92.8052,182.733,275.5382,6912.1373,558.8589,827.6937691287193,4099.0073162264935,-5517.825383344169,2625.501099390306,-3254.793684864391,-5517.825383344169,-53.0131,-51.1084,5
3923,STARLINK-5088,satellite,2,129,53.2265,149.6471,99.364,51.079,150.4431,6921.2762,540.1511,4158.685592006909,-4801.696621787177,2732.2869854210817,-6350.8401670524045,-133.3621888018726,2732.2869854210817,23.403,-178.797,4
3924,STARLINK-5109,satellite,2,129,53.2263,149.2337,81.1616,309.4295,30.5911,6921.0574,540.1595,-6192.246060686601,1234.6906311640164,2818.7078393369006,4904.851655327326,3976.2799788251473,2818.7078393369006,24.1889,39.0311,4
3925,STARLINK-5114,satellite,2,157,53.2293,159.2593,53.3226,282.2737,335.5963,6922.1303,545.3048,-5288.070237026028,3832.877012159924,-2290.6011648353096,6326.64842629889,1621.1578307105915,-2290.6011648353096,-19.438,14.3724,4
3926,STARLINK-5129,satellite,2,157,53.2228,159.1824,86.7534,308.9056,35.659,6920.0684,540.6061,-6108.563596829563,-259.12788998190626,3228.4032498554516,3701.9369167694854,4865.938711506448,3228.4032498554516,27.9821,52.7366,5
3927,STARLINK-5135,satellite,2,157,53.2337,159.2086,63.7269,311.8239,15.5508,6923.3932,539.3648,-6623.366145500756,1327.6559848748432,1485.421627154341,5251.728744649342,4248.64622016983,1485.421627154341,12.4763,38.9728,4
3928,STARLINK-5096,satellite,2,157,53.1993,159.0463,68.8206,27.0119,95.8325,6912.1236,545.4928,-816.8626522214009,-4096.708506276492,5504.392870704681,-2630.64966749865,3244.991140955794,5504.392870704681,52.9752,129.031,6
3929,STARLINK-5132,satellite,2,157,53.2079,159.142,106.0776,309.5543,55.6319,6915.9386,542.5767,-4862.345086060909,-1803.637077619387,4568.50071899773,1717.5443020330295,4893.418847212851,4568.50071899773,41.5533,70.6594,4
3930,STARLINK-5145,satellite,2,129,53.2023,149.1341,121.6577,309.1229,70.7806,6913.2501,544.4905,-3957.8265409497344,-2187.944847707905,5225.115047735568,844.1403686023863,4442.850506482694,5225.115047735568,49.2992,79.242,4
3931,STARLINK-5099,satellite,2,157,53.2007,159.0944,124.5332,311.247,75.7803,6912.715,545.2386,-3017.5774448210536,-3142.7619732963917,5363.9394763463715,-491.08132840528447,4329.15298703826,5363.9394763463715,51.0878,96.4717,4
3932,STARLINK-5127,satellite,2,129,53.2023,149.0351,57.7066,53.1166,110.8232,6913.5543,544.5244,115.8493518706686,-4581.609145523205,5172.295013216823,-3599.464416944292,2836.9736244495853,5172.295013216823,48.6324,141.756,7
3933,STARLINK-5124,satellite,2,129,53.2352,149.621,119.9898,50.5427,170.5325,6923.912,539.9644,5542.207995573348,-4038.3107869073624,911.560494510454,-6647.0355876310505,-1685.5092330259843,911.560494510454,7.6185,-165.7712,9
3934,STARLINK-5126,satellite,2,129,53.2142,149.3293,107.3179,203.2647,310.5826,6917.1534,552.4746,-2267.532909271568,5005.196566214353,-4210.67304444182,5299.6152717272535,-1451.8182161513198,-4210.67304444182,-37.6337,-15.3202,4
3935,STARLINK-5098,satellite,2,129,53.1982,149.432,89.7892,180.7389,270.5282,6912.0285,559.1422,2054.2349216872103,3603.4439593376383,-5543.538862795607,1460.8228795664093,-3882.0981435431895,-5543.538862795607,-53.3645,-69.3788,7
3936,STARLINK-5055,satellite,2,129,53.2023,149.3756,104.513,186.0546,290.5676,6913.5088,557.1683,-115.13915184964902,4580.101996680145,-5190.468555485924,3597.851109290366,-2836.557547390885,-5190.468555485924,-48.7411,-38.2524,4
3937,STARLINK-5195,satellite,2,159,53.2321,289.7104,110.6203,49.8506,160.4709,6922.8758,539.5161,-895.5850386529321,6603.069495436963,1852.0320157487247,5652.9366600741105,-3528.017352596112,1852.0320157487247,15.6243,-31.9684,4
3938,STARLINK-5189,satellite,2,163,53.207,249.31,114.8179,305.6928,60.5106,6914.974,543.555,2168.675292893721,-4455.748720911581,4817.56217414573,-4813.686896754311,1176.9739376590708,4817.56217414573,44.3687,166.2604,4
3939,STARLINK-5176,satellite,2,159,53.2365,289.6856,128.7996,51.6642,180.4638,6924.2576,540.664,-2362.144446365714,6502.926698634798,-44.868694503359066,6512.5199601385,-2335.5654137941165,-44.868694503359066,-0.3739,-19.7292,4
3940,STARLINK-5163,satellite,2,159,53.2208,289.6291,85.0302,135.3565,220.3867,6919.1474,550.052,-4300.717886781384,4064.1571683635984,-3592.522701329798,5874.026480033957,713.6951328840844,-3592.522701329798,-31.4205,6.9275,4
3941,STARLINK-5158,satellite,2,159,53.2317,289.66,129.4214,70.9593,200.3807,6922.813,544.5182,-3541.358934930321,5624.132861037183,-1930.783755361688,6589.4262447830515,-866.9228969022753,-1930.783755361688,-16.2943,-7.4949,4
3942,STARLINK-5226,satellite,2,159,53.2212,289.0424,89.7215,51.1924,140.9138,6919.2963,540.709,716.1233518934813,5923.974565349831,3491.1940482433365,4101.0406048562245,-4334.48650515368,3491.1940482433365,30.4856,-46.5852,4
3943,STARLINK-5167,satellite,2,159,53.2,289.4768,98.0455,182.4343,280.4798,6912.4136,558.7654,-3424.966812777899,-2547.0550941650636,-5451.481980477748,227.49136848602507,4262.174914126185,-5451.481980477748,-52.1124,86.9448,4
3944,STARLINK-5173,satellite,2,159,53.1997,289.5338,82.2814,178.2045,260.486,6912.34,558.9551,-4237.684177526325,-289.1532274333024,-5467.769412575707,2483.965874192079,3445.502911512518,-5467.769412575707,-52.3301,54.211,4
3945,STARLINK-5169,satellite,2,170,53.2106,259.1128,72.3055,53.5189,125.8244,6916.1856,542.6655,4059.8778341820685,3338.75409554177,4488.047717929645,-23.78764163303839,-5256.360060639431,4488.047717929645,40.6667,-90.2593,112
3946,STARLINK-5209,satellite,2,109,53.2162,254.0639,80.0741,53.2879,133.3621,6917.7537,541.785,4196.879442103076,3737.5925569190117,4025.087962344498,195.61394673848653,-5616.505172874428,4025.087962344498,35.779,-88.0053,106
3947,STARLINK-5170,satellite,2,159,53.2079,289.4244,108.0686,192.402,300.4706,6915.1575,555.2293,-2202.771471436141,-4499.3631879499235,-4778.451733023561,-2055.3532386181028,4568.587781465287,-4778.451733023561,-43.8238,114.2224,8
3948,STARLINK-5172,satellite,2,149,53.2147,244.6819,72.8871,155.0621,227.9493,6917.487,552.2632,-799.668101502657,5507.83748714637,-4116.992438869348,4748.914162821862,-2902.336495226844,-4116.992438869348,-36.6606,-31.4315,4
3949,STARLINK-5187,satellite,2,159,53.2357,289.3319,52.0013,308.4916,0.4929,6924.2543,540.5944,2323.9085469033744,-6516.594610517503,47.685236921806236,-6498.617233080284,2373.7165606087574,47.685236921806236,0.3973,159.9345,4
3950,STARLINK-5151,satellite,2,159,53.2315,289.36,49.4985,290.9824,340.481,6922.8719,544.2689,856.5430399763817,-6613.127900137707,-1852.3715682295608,-5635.741646501692,3564.4835105240877,-1852.3715682295608,-15.6162,147.6875,7
3951,STARLINK-5174,satellite,2,159,53.221,289.2747,92.7829,307.8083,40.5912,6919.0507,541.0456,4275.204892276926,-4066.5142368415327,3602.8558191757065,-5859.545925309522,-692.5579099050176,3602.8558191757065,31.567,-173.2593,5
3952,STARLINK-5222,satellite,2,159,53.2316,289.3041,70.1602,310.2502,20.4103,6922.7788,539.7121,3505.402060726432,-5640.257623981372,1932.1238463042632,-6578.86956142833,904.889477194273,1932.1238463042632,16.3176,172.1684,4
3953,STARLINK-5181,satellite,2,159,53.1987,289.181,117.8635,322.834,80.6975,6912.3094,545.1736,4225.111144920596,287.1479899929517,5460.145570279176,-2477.4789044233944,-3434.5474859472074,5460.145570279176,52.3746,-125.8044,45
3954,STARLINK-5168,satellite,2,159,53.1994,289.1266,58.9413,41.824,100.7653,6912.3876,544.8652,3418.9564623523515,2551.7501731809325,5435.4308565601505,-220.03997355043458,-4260.548632257323,5435.4308565601505,52.044,-92.9565,58
3955,STARLINK-5146,satellite,2,115,53.202,284.1239,59.9174,48.3603,108.2777,6913.1757,544.5074,3282.729082762706,3060.789104964453,5254.2288037660555,258.6611812222551,-4480.829674202522,5254.2288037660555,49.6703,-86.6962,83
3956,STARLINK-5192,satellite,2,159,53.2077,289.0737,66.7903,54.0114,120.8017,6915.2024,543.3438,2203.730910464569,4506.638521336619,4753.985999820942,2060.338730902812,-4573.972562409387,4753.985999820942,43.6375,-65.7509,49
3957,STARLINK-5212,satellite,2,115,53.2129,284.0722,74.8096,53.559,128.3686,6916.6966,542.3449,2104.7052857323374,4950.739997536272,4340.105410276586,2465.3120513501235,-4781.406419921123,4340.105410276586,39.0692,-62.7242,38
3958,STARLINK-5201,satellite,2,159,53.236,289.6761,124.6109,50.6764,175.2873,6924.1581,540.1253,-2001.159318595175,6606.745453222918,455.3473120223869,6361.857923289149,-2679.643234829047,455.3473120223869,3.7972,-22.841,4
3959,STARLINK-5171,satellite,2,153,53.2118,265.1362,105.733,306.5757,52.3086,6916.5743,542.4573,2905.381133656804,-4488.544724611559,4380.323381871526,-5309.43185195468,631.0362003057021,4380.323381871526,39.4997,173.2221,4
3960,STARLINK-5175,satellite,2,113,53.2358,279.7005,125.1081,50.3973,175.5054,6924.1668,540.0659,-842.2603714330281,6852.9069178999725,434.30924575061687,5811.125933173534,-3728.6124962894473,434.30924575061687,3.6216,-32.6856,6
3961,STARLINK-5160,satellite,2,115,53.2286,284.6618,118.8322,89.0442,207.8764,6921.5952,546.393,-3422.848405197008,5428.745799722174,-2592.344045688348,6363.390365593254,-833.3277974697605,-2592.344045688348,-22.1189,-7.4608,4
3962,STARLINK-5210,satellite,2,113,53.2333,279.675,134.286,61.2099,195.496,6923.3443,543.1199,-2211.664965067735,6387.881712193184,-1481.1093139077261,6327.888548390614,-2377.881663545751,-1481.1093139077261,-12.4326,-20.5951,5
3963,STARLINK-5178,satellite,2,113,53.2009,279.558,78.7311,176.6852,255.4163,6912.7829,558.4172,-4247.494482343467,1052.6746169603236,-5365.457498432569,3522.746569775121,2596.0720005170083,-5365.457498432569,-50.973,36.3882,4
3964,STARLINK-5183,satellite,2,113,53.2233,279.6453,97.7141,117.804,215.518,6920.0743,548.5472,-3317.559937765474,5151.038760415694,-3221.0552187433873,6082.455053712258,-736.9835625992735,-3221.0552187433873,-27.878,-6.9086,4
3965,STARLINK-5166,satellite,2,113,53.1978,279.514,90.5236,179.7577,270.2813,6912.0065,559.3792,-4085.000140257077,-719.0898647669452,-5543.867625229446,2055.6223697937203,3602.6008733017497,-5543.867625229446,-53.3665,60.2912,4
3966,STARLINK-5211,satellite,2,153,53.2002,264.5902,80.5962,177.3496,257.9458,6912.5452,558.5462,-3901.5201100013737,1821.8380538250055,-5421.674264368721,3893.6435439396896,1838.6117088300039,-5421.674264368721,-51.7154,25.2771,4
3967,STARLINK-5184,satellite,2,113,53.206,279.0991,62.4439,53.3726,115.8165,6914.2987,543.8278,3203.219348260376,3560.971334863856,4981.808357158689,694.3236148084108,-4739.097567967036,4981.808357158689,46.3035,-81.6649,81
3968,STARLINK-5153,satellite,2,113,53.2101,279.6057,71.0366,164.4377,235.4743,6915.9324,554.1135,-4022.637475575246,3298.743025354675,-4567.6548761032545,5107.4519729301,988.5606463140865,-4567.6548761032545,-41.4593,10.9543,4
3969,STARLINK-5143,satellite,2,113,53.2352,279.3502,49.1234,306.3317,355.4551,6924.1806,541.3133,796.8246471218761,-6859.280756625503,-439.2412981913335,-5787.0122496799895,3767.645317506358,-439.2412981913335,-3.6621,146.9338,5
3970,STARLINK-5177,satellite,2,113,53.2296,279.3685,55.0246,280.4386,335.4632,6922.136,545.5197,-672.6790874116773,-6492.350897944303,-2302.392377993255,-4566.143527535738,4664.059457449347,-2302.392377993255,-19.5414,134.3922,7
3971,STARLINK-5221,satellite,2,113,53.2166,279.0491,82.7289,53.1459,135.8748,6918.2836,541.515,2065.6486019820923,5353.803703963508,3854.763851661276,2800.407338580283,-5008.775996735095,3854.763851661276,34.0552,-60.7904,35
3972,STARLINK-5213,satellite,2,113,53.2099,279.2492,109.1846,306.4206,55.6052,6915.9034,542.8667,3998.71541496472,-3304.58566408404,4567.360070853246,-5096.669584426354,-966.421506553702,4567.360070853246,41.5385,-169.2631,4
3973,STARLINK-5193,satellite,2,113,53.198,279.1436,65.6258,30.1067,95.7325,6912.1161,545.578,3956.7964997572535,1335.9593081947198,5505.3354032996995,-1499.0718402204923,-3897.9237334126115,5505.3354032996995,52.9873,-111.0359,64
3974,STARLINK-5188,satellite,2,113,53.2234,279.2885,86.7997,308.7315,35.5313,6920.1188,540.5407,3282.22911118155,-5164.571637723433,3218.3770722183585,-6070.30379088973,772.8130600440812,3218.3770722183585,27.888,172.7447,4
3975,STARLINK-5197,satellite,2,109,53.235,254.4002,47.6051,305.3012,352.9064,6924.0718,541.6895,-2339.1684411067677,-6476.169895977363,-684.5469368068577,-3489.362460878698,5936.062258268849,-684.5469368068577,-5.7125,120.4481,4
3976,STARLINK-5217,satellite,2,113,53.2019,279.7984,57.888,52.2194,110.1074,6913.3935,544.3704,3426.016892872112,3002.5057157109704,5196.238076391177,122.29999152435757,-4553.863747983163,5196.238076391177,48.9349,-88.4616,87
3977,STARLINK-5198,satellite,2,113,53.2298,279.0151,105.7997,50.0971,155.8967,6922.1919,539.7423,680.5453485149524,6499.545217649296,2262.3081351241394,4566.655528846601,-4674.7071874619,2262.3081351241394,19.2047,-45.6699,4
3978,STARLINK-5185,satellite,2,113,53.2012,279.2001,121.7303,313.9229,75.6532,6912.7535,544.7972,4232.253120044468,-1049.0739850370599,5360.610924199753,-3510.2418013017223,-2586.6436156922955,5360.610924199753,51.0484,-143.6141,18
3979,STARLINK-5204,satellite,2,153,53.2011,264.2529,120.4901,312.4474,72.9375,6913.0631,544.6203,3734.1545901167224,-2413.6194995902347,5289.747934644714,-4242.1192931553,-1331.8759305324138,5289.747934644714,50.1259,-162.5695,6
3980,STARLINK-5179,satellite,2,113,53.1999,279.491,93.5643,181.8599,275.4243,6912.1365,559.1373,-3964.4392101075196,-1326.3530088625982,-5519.159678165966,1511.3448738263405,3897.6694609876354,-5519.159678165966,-53.0284,68.8059,4
3981,STARLINK-5200,satellite,2,170,53.2047,259.2804,117.4322,308.1547,65.5869,6914.0977,543.9414,3172.0662669904423,-3507.498673104948,5039.146934376853,-4724.855236402542,-200.7344989062266,5039.146934376853,46.9948,-177.5673,4
3982,STARLINK-5203,satellite,2,149,53.2332,244.0421,133.3296,55.0998,188.4294,6924.0052,541.8684,2450.2070237188336,6420.168039779353,-812.5903684856198,3375.3533588116593,-5985.738201863177,-812.5903684856198,-6.7854,-60.5814,4
3983,STARLINK-5290,satellite,2,133,53.2027,319.4458,120.8171,309.4894,70.3065,6913.3793,544.4591,4303.132725800771,1446.9442414286952,5209.9202803347525,-1634.863861501938,-4235.306251974727,5209.9202803347525,49.1069,-111.107,85
3984,STARLINK-5297,satellite,2,133,53.2288,319.5938,56.2879,279.0243,335.3122,6922.0683,545.5817,3666.908493503201,-5394.07952127654,-2315.662816164769,-6492.588089145975,623.3872682856804,-2315.662816164769,-19.6584,174.5155,6
3985,STARLINK-5294,satellite,2,133,53.2362,319.5779,48.1382,307.1687,355.3069,6924.1468,541.0656,5030.073723179249,-4729.351908055497,-453.5160008306242,-6851.698008119076,-850.0856053266675,-453.5160008306242,-3.7814,-172.9275,4
3986,STARLINK-5233,satellite,2,138,53.1995,274.4338,57.8891,45.1107,102.9998,6912.6386,545.0911,3901.090422042678,1861.5807658346102,5391.354855673959,-1059.0369110380082,-4190.75533164817,5391.354855673959,51.4521,-104.1822,75
3987,STARLINK-5269,satellite,2,133,53.2354,319.5753,47.3707,302.7809,350.1517,6923.8853,542.1692,4730.8440445986835,-4960.357660767715,-948.1684324275285,-6838.345447708725,-472.2976125846337,-948.1684324275285,-7.9237,-176.0491,4
3988,STARLINK-5273,satellite,2,133,53.2242,319.5141,86.7162,308.7164,35.4326,6920.1145,540.5441,5842.764599376774,-1832.4719251349368,3210.6516199880225,-5141.6329375707355,-3325.576980829928,3210.6516199880225,27.8153,-147.1055,9
3989,STARLINK-5161,satellite,2,117,53.2275,309.6259,65.8996,264.4046,330.3042,6921.2401,546.8996,2253.632113245846,-5940.230643444754,-2746.6579221490783,-6010.231159285407,2059.689105454462,-2746.6579221490783,-23.5089,161.0836,11
3990,STARLINK-5278,satellite,2,117,53.2148,309.6638,108.4985,201.781,310.2795,6917.1077,552.7832,422.19500833679666,-5464.127916314139,-4229.870110336751,-4474.2011231981405,3164.8802220748416,-4229.870110336751,-37.8329,144.7259,15
3991,STARLINK-5279,satellite,2,133,53.2102,319.4752,109.6284,305.8402,55.4686,6915.9138,542.8529,5193.8434013283795,46.24038331800409,4559.920187819299,-3281.549804884702,-4026.112061112174,4559.920187819299,41.4562,-129.1823,56
3992,STARLINK-5280,satellite,2,117,53.236,309.6001,47.3205,303.0071,350.3276,6923.8975,542.1097,3812.0192786938646,-5699.600083880792,-931.3949835543875,-6820.358624177825,706.8524138112477,-931.3949835543875,-7.7828,174.0831,5
3993,STARLINK-5243,satellite,2,133,53.2313,319.2412,105.7876,49.9837,155.7713,6922.1923,539.7,-3667.751297946863,5404.039975917289,2273.394724109379,6500.790771114238,-629.1001471140997,2273.394724109379,19.3026,-5.5275,5
3994,STARLINK-5245,satellite,2,117,53.236,309.5775,59.6995,310.6557,10.3552,6923.8494,539.7211,4909.046772149623,-4770.706971822556,996.0989034331682,-6806.224276713403,-730.5452191521631,996.0989034331682,8.33,-173.8736,4
3995,STARLINK-5282,satellite,2,117,53.2035,309.012,104.1918,186.5829,290.7747,6913.5388,557.3383,-1466.930843990527,-4348.8494320918,-5183.626150634857,-2409.4916666342856,3906.2421062289345,-5183.626150634857,-48.6538,121.6676,5
3996,STARLINK-5155,satellite,2,117,53.2276,309.5503,81.2469,309.1241,30.371,6921.1147,540.1547,5412.546927885237,-3267.405500740382,2800.438109113596,-5971.026117487184,-2078.088077323564,2800.438109113596,24.0224,-160.8106,9
3997,STARLINK-5117,satellite,2,117,53.2033,309.4643,121.2676,309.2296,70.4972,6913.357,544.4516,4478.532003695675,698.816082959725,5216.106899807108,-2322.5581325783924,-3892.469209476619,5216.106899807108,49.1853,-120.8237,65
3998,STARLINK-5242,satellite,2,117,53.1995,309.0586,89.5708,181.1372,270.7081,6912.0375,559.3855,-3166.4287903531904,-2679.676469782571,-5543.6405453196285,-39.67810842794297,4147.934777066236,-5543.6405453196285,-53.3633,90.5481,4
3999,STARLINK-5248,satellite,2,109,53.2107,254.2412,73.8197,159.4337,233.2534,6916.3706,553.6069,-2072.371424941949,4888.3888871971185,-4442.4855841667195,5085.090621175143,-1527.3907849089594,-4442.4855841667195,-40.0936,-16.7185,4
4000,STARLINK-5256,satellite,2,117,53.2141,309.513,103.9432,306.4877,50.431,6916.9596,542.2491,5263.10386319637,-1366.8064456905342,4267.3485336094855,-4413.101168903014,-3176.941958519324,4267.3485336094855,38.2962,-144.2503,5
4001,STARLINK-5154,satellite,2,117,53.2147,309.3089,78.4393,52.2887,130.728,6917.1856,541.9321,-430.0741203748478,5476.659135178471,4195.155351052651,4488.875817583945,-3166.8206337366296,4195.155351052651,37.5386,-35.2023,5
4002,STARLINK-5186,satellite,2,117,53.1984,309.4079,86.5148,4.0821,90.5969,6911.9894,545.316,3152.2951588482574,2683.214395867268,5532.417963083699,51.4271557914047,-4139.318725386427,5532.417963083699,53.3642,-89.2882,59
4003,STARLINK-5164,satellite,2,117,53.2261,309.177,109.6572,101.159,210.8162,6921.0328,547.2704,-5400.866545231874,3267.1854066528,-2840.30993004201,5963.3968956458075,2069.240775224538,-2840.30993004201,-24.3593,19.1363,4
4004,STARLINK-5122,satellite,2,117,53.2046,309.3554,58.6134,52.0098,110.6232,6913.5449,544.3981,1451.8915055932987,4338.57724027408,5179.166346933171,2411.1924920612455,-3888.109075124528,5179.166346933171,48.7198,-58.1951,24
4005,STARLINK-5227,satellite,2,117,53.2346,309.2489,120.33,50.4548,170.7848,6923.9149,539.8667,-3806.7620085768567,5707.438686021543,887.4634263657958,6823.032664341517,-715.9040480176836,887.4634263657958,7.416,-5.9898,5
4006,STARLINK-5231,satellite,2,113,53.205,279.0936,107.367,188.3234,295.6904,6914.3034,556.4756,-3215.586786032832,-3554.260800745358,-4996.141371463305,-681.2613038525828,4744.32832486297,-4996.141371463305,-46.3656,98.1715,4
4007,STARLINK-5239,satellite,2,117,53.2038,309.1155,75.9091,174.8757,250.7848,6913.3254,557.485,-4475.757638200879,-702.5589120967045,-5235.176539016088,2317.906192242656,3892.724796956904,-5235.176539016088,-49.3019,59.2285,4
4008,STARLINK-5162,satellite,2,117,53.2173,309.8639,77.3292,147.8095,225.1386,6918.1197,551.464,-5385.225123133567,1864.9481624077591,-3930.00370373402,4874.407991356677,2952.7661622782102,-3930.00370373402,-34.7556,31.2062,4
4009,STARLINK-5235,satellite,2,117,53.2349,309.2257,133.9396,56.8593,190.799,6923.8196,542.2693,-4899.659723047196,4774.919363356166,-1038.6559982350184,6803.470456171035,720.631723012846,-1038.6559982350184,-8.6853,6.0463,5
4010,STARLINK-5240,satellite,2,117,53.2262,309.2824,100.3181,50.4131,150.7312,6921.282,539.9402,-2252.57434108841,5950.390767908498,2707.953040045527,6017.37365040483,-2066.991970074923,2707.953040045527,23.1833,-18.9578,4
4011,STARLINK-5238,satellite,2,125,53.2338,299.6273,47.0751,298.2226,345.2977,6923.45,543.1179,2395.2805264246017,-6338.332675376324,-1407.000486186676,-6407.030363492825,2204.947125282848,-1407.000486186676,-11.8015,161.0094,6
4012,STARLINK-5281,satellite,2,125,53.2363,299.6038,55.9953,309.3245,5.3199,6924.1313,540.108,3736.6178328066903,-5799.493239279345,513.8477937649859,-6849.068480966622,828.6709865352896,513.8477937649859,4.286,173.1013,4
4013,STARLINK-4619,satellite,2,125,53.2107,299.6952,108.8436,196.4661,305.3097,6916.0521,554.0582,-956.7197737460909,-5152.0361218945145,-4524.3423178161975,-3353.385500808366,4026.61080932226,-4524.3423178161975,-40.9827,129.7877,15
4014,STARLINK-5268,satellite,2,125,53.2289,299.2217,122.6876,83.1025,205.7901,6921.9235,545.8449,-4615.615095140219,4558.8330176635445,-2412.1691118393687,6455.785811109935,640.0708948992946,-2412.1691118393687,-20.5123,5.6622,4
4015,STARLINK-5263,satellite,2,125,53.2184,299.5442,98.4582,306.928,45.3862,6917.9604,541.5063,4957.264003067404,-2770.8066763384295,3941.2155806168134,-5298.12750758841,-2044.9158777525547,3941.2155806168134,34.9266,-158.8949,9
4016,STARLINK-5271,satellite,2,125,53.1981,299.4455,107.7532,337.763,85.5162,6912.0553,545.2466,3859.1023372039376,1558.2211230511598,5515.769001607575,-1265.6509709380323,-3964.7006869496877,5515.769001607575,53.1346,-107.7046,68
4017,STARLINK-5258,satellite,2,125,53.2295,299.5766,74.9996,310.3448,25.3445,6922.0327,539.8191,4625.950188473433,-4560.806615915399,2371.249432478745,-6463.905136009138,-646.7631148185105,2371.249432478745,20.1677,-174.2861,8
4018,STARLINK-5237,satellite,2,125,53.212,299.3399,71.6916,53.9674,125.659,6916.1677,542.7403,957.3714552963548,5160.330751582785,4497.48774305997,3359.3518796166272,-4032.40976564429,4497.48774305997,40.7695,-50.2027,12
4019,STARLINK-5246,satellite,2,125,53.225,299.3011,95.0605,50.6499,145.7104,6920.3606,540.4022,-762.0403920011394,6122.9126128069165,3120.0907176621713,5198.173153065059,-3324.117972314602,3120.0907176621713,26.9677,-32.598,4
4020,STARLINK-5244,satellite,2,125,53.2013,299.3889,57.569,48.038,105.607,6912.8757,544.8754,2561.288278384448,3576.2690436620337,5329.3463669331395,1116.0744891770544,-4254.911944124473,5329.3463669331395,50.6376,-75.3023,62
4021,STARLINK-5250,satellite,2,125,53.236,299.2464,131.5191,54.2,185.7192,6924.1094,541.4179,-3723.859723978832,5805.693262256668,-552.3942013971857,6845.69113007537,-842.4478920927861,-552.3942013971857,-4.6072,-7.0157,5
4022,STARLINK-5199,satellite,2,125,53.2052,299.492,119.0639,306.389,65.4529,6914.1,544.0881,4690.712332924505,-645.4440735806714,5033.938142090127,-3492.4573020299076,-3197.2053790565974,5033.938142090127,46.9302,-137.5271,29
4023,STARLINK-5205,satellite,2,125,53.2166,299.187,76.4595,149.3279,225.7873,6917.947,551.5215,-4947.943323193184,2765.4887655422153,-3973.9380099999003,5288.082658727391,2041.1401314801647,-3973.9380099999003,-35.2,21.106,4
4024,STARLINK-5247,satellite,2,125,53.2342,299.2705,115.8895,49.8785,165.7679,6923.5048,539.6054,-2390.224609385758,6346.234023882004,1362.2681726120286,6409.88128334589,-2213.883895465822,1362.2681726120286,11.4272,-19.0542,4
4025,STARLINK-5241,satellite,2,125,53.2012,299.0343,101.3698,184.425,285.7948,6912.8953,558.09,-2574.5087682014123,-3584.484183865094,-5334.635923796342,-1113.952431941564,4270.33163130177,-5334.635923796342,-50.5734,104.6203,4
4026,STARLINK-5249,satellite,2,125,53.2045,299.1407,73.9414,171.8602,245.8015,6914.0474,556.706,-4685.640693512089,636.7981919624123,-5056.962339212923,3482.5653501014385,3198.824663568775,-5056.962339212923,-47.0977,42.5683,4
4027,STARLINK-5264,satellite,2,153,53.2348,264.3124,127.2861,50.8306,178.1167,6924.2427,540.5207,820.7245529599865,6867.375841324415,182.1489999371006,4760.167656438562,-5017.493758883393,182.1489999371006,1.518,-46.5075,7
4028,STARLINK-5262,satellite,2,125,53.1992,299.089,86.9466,178.8441,265.7907,6912.0692,559.241,-3861.6890086270446,-1566.8665487844419,-5529.029515474872,1260.6504723397172,3972.2126287045917,-5529.029515474872,-53.1631,72.3923,4
4029,STARLINK-5255,satellite,2,138,53.2061,274.5443,117.0836,305.8133,62.897,6914.5243,543.8051,3922.6342265164053,-2846.7771576911246,4926.603967797222,-4695.802752924686,-1200.2649566720095,4926.603967797222,45.6452,-165.662,4
4030,STARLINK-5259,satellite,2,159,53.2085,289.1586,72.8846,167.878,240.7626,6914.9178,555.7573,-4527.619687924115,2006.8669060735328,-4838.077708043645,4435.888798831323,2202.2137456600394,-4838.077708043645,-44.5076,26.4023,4
4031,STARLINK-5464,satellite,2,169,53.2345,344.6843,67.3553,310.4527,17.808,6923.0821,539.5507,6685.557148066626,-518.2551712112181,1694.4935023615703,-4668.626967211099,-4813.437965070415,1694.4935023615703,14.2661,-134.125,3
4032,STARLINK-5215,satellite,2,169,53.2377,344.7024,50.1359,307.676,357.8119,6924.1842,540.8411,6627.227898043411,-1976.6235556060167,-211.63431975364696,-5753.565340002326,-3837.144272959434,-211.63431975364696,-1.7637,-146.3,4
4033,STARLINK-5220,satellite,2,120,53.236,349.6766,59.9789,310.3357,10.3146,6923.8264,539.7518,6828.33373298612,-490.2864670054109,992.2443769117349,-4738.292040491023,-4941.16493630644,992.2443769117349,8.2975,-133.7993,4
4034,STARLINK-5202,satellite,2,120,53.236,349.6978,47.2249,303.0549,350.2798,6923.8806,542.0952,6585.4830257791755,-1907.7682844302428,-935.9534474562865,-5673.921274387699,-3848.9977762989447,-935.9534474562865,-7.8211,-145.8483,4
4035,STARLINK-5214,satellite,2,120,53.2032,349.5664,120.5871,309.8114,70.3984,6913.2879,544.4131,2986.0805452109676,3414.9850428685677,5212.891628850858,720.668649394405,-4478.776235009235,5212.891628850858,49.1449,-80.859,77
4036,STARLINK-5191,satellite,2,120,53.228,349.6477,80.6766,309.6248,30.3014,6921.1392,540.0281,6248.120112948797,981.6926147590143,2794.598666363511,-3235.064849726115,-5434.802733657793,2794.598666363511,23.9696,-120.7632,27
4037,STARLINK-5458,satellite,2,120,53.2249,349.3848,94.7061,50.8015,145.5076,6920.298,540.3808,-5169.283705319862,3353.7128076318554,3136.2277391218213,5882.074275130306,1835.7793560255736,3136.2277391218213,27.1185,17.333,7
4038,STARLINK-5471,satellite,2,120,53.2044,349.4568,60.0354,50.5363,110.5717,6913.505,544.2897,-1678.111173445239,4253.996099142529,5180.816243208639,4345.134852499554,-1425.6026920412592,5180.816243208639,48.7415,-18.1642,14
4039,STARLINK-5472,satellite,2,120,53.2161,349.4092,77.6939,52.9591,130.653,6917.1951,541.9045,-3849.2413914786,3914.2546348440633,4199.929470637862,5470.336189605982,462.02879667552946,4199.929470637862,37.5887,4.8278,15
4040,STARLINK-5444,satellite,2,116,53.2028,334.8526,103.6294,183.9182,287.5476,6913.0994,557.79,209.27370333182697,-4466.320736032909,-5286.035877234382,-3570.4187734636334,2691.454287578038,-5286.035877234382,-49.948,142.9903,10
4041,STARLINK-5448,satellite,2,116,53.2257,334.6827,83.6934,309.0431,32.7365,6920.6771,540.3302,6214.823213133568,-463.6793876242067,2995.0717537910828,-4325.990023513483,-4486.071383902982,2995.0717537910828,25.8071,-133.9593,15
4042,STARLINK-5451,satellite,2,169,53.2232,344.3019,89.0016,129.2318,218.2335,6919.5443,549.4091,-5928.558125502105,-997.9510037772728,-3431.3503703105152,3018.460910589063,5199.288546007323,-3431.3503703105152,-29.8685,59.8626,4
4043,STARLINK-5452,satellite,2,116,53.2139,334.644,106.7858,306.0739,52.8597,6916.4501,542.5614,5184.1842352016665,1194.503907763782,4412.77363114844,-2391.810302465887,-4752.036326375723,4412.77363114844,39.8489,-116.7172,77
4044,STARLINK-5453,satellite,2,120,53.2361,349.3461,121.4397,49.3052,170.7448,6923.908,539.6378,-6586.572271048908,1916.608725983175,891.2639311040901,5681.419517465729,3844.1898440145615,891.2639311040901,7.4482,34.0833,4
4045,STARLINK-5454,satellite,2,116,53.2047,334.1438,105.5433,187.6552,293.1985,6913.8887,556.9535,791.9672523141496,-4619.413956953174,-5095.9198613936,-4060.3681142420587,2340.8562987245055,-5095.9198613936,-47.571,150.036,14
4046,STARLINK-5465,satellite,2,120,53.2362,349.3203,131.9801,58.7756,190.7557,6923.7847,542.3783,-6823.943639270599,500.32408233119884,-1034.5801430933784,4743.212022389976,4931.3761456572565,-1034.5801430933784,-8.6508,46.1142,4
4047,STARLINK-5470,satellite,2,120,53.216,349.0572,106.0357,204.7066,310.7423,6917.1808,552.5611,3839.855666851546,-3941.3396220723475,-4200.777607140422,-5485.183313614476,-437.50837113665216,-4200.777607140422,-37.5296,-175.4396,9
4048,STARLINK-5468,satellite,2,120,53.2275,349.2937,112.9225,97.848,210.7705,6921.0771,547.0882,-6237.502809012028,-978.0988640825548,-2836.4962073286024,3231.049272982536,5424.337680852063,-2836.4962073286024,-24.3252,59.2195,4
4049,STARLINK-5450,satellite,2,116,53.201,334.5408,77.9336,15.0771,93.0107,6912.0383,545.3753,1449.1108496047711,3887.955879388337,5525.345126539173,2066.2224312668222,-3598.172875091248,5525.345126539173,53.2655,-60.1337,23
4050,STARLINK-5447,satellite,2,116,53.2027,334.5949,120.8157,312.1412,72.957,6913.0239,544.6384,3527.2285972841155,2705.7729164697016,5290.421545449429,-170.67165025094897,-4442.231403337791,5290.421545449429,50.1344,-92.2002,80
4051,STARLINK-5449,satellite,2,116,53.2351,334.3737,123.2331,50.0009,173.234,6924.0553,539.975,-5983.010539931964,3410.9978126491214,652.9201013612867,6445.853815309417,2425.3432314819056,652.9201013612867,5.4491,20.6195,4
4052,STARLINK-5443,satellite,2,116,53.2054,334.479,61.4566,51.5694,113.0261,6913.8914,544.1702,-798.1271683942646,4602.275478431253,5093.072572847219,4051.11445635662,-2325.1705782150843,5093.072572847219,47.6519,-29.854,8
4053,STARLINK-5439,satellite,2,116,53.2172,334.438,80.5671,52.5763,133.1434,6917.7061,541.6899,-2961.149162540299,4764.08094446915,4039.531807255985,5557.069733770536,-764.0991966221719,4039.531807255985,35.9276,-7.8291,15
4054,STARLINK-5442,satellite,2,120,53.2137,349.26,70.7664,159.9902,230.7567,6916.8257,553.1052,-4901.19598659215,-2338.32534956487,-4293.988556012018,1330.9229278522732,5264.801202279323,-4293.988556012018,-38.5068,75.8131,4
4055,STARLINK-5440,satellite,2,127,53.213,294.3703,71.6966,161.4503,233.1469,6916.4112,553.7455,-4735.1496131887725,2413.385558928275,-4436.544357848071,4881.240738948504,2102.275092311845,-4436.544357848071,-40.0283,23.3008,4
4056,STARLINK-5441,satellite,2,120,53.2047,349.2125,75.7921,174.9682,250.7604,6913.3102,557.6604,-2973.9478056028024,-3419.105353674535,-5234.586557978725,-731.5879309712716,4472.071787128731,-5234.586557978725,-49.2927,99.2907,4
4057,STARLINK-5399,satellite,2,116,53.2339,334.3588,132.7482,60.4282,193.1765,6923.6228,542.8774,-6483.135922847374,2064.5899863470545,-1263.7027104316442,5729.227468162361,3670.0866234862215,-1263.7027104316442,-10.5856,32.6432,4
4058,STARLINK-5446,satellite,2,133,53.2353,319.2587,130.9535,64.818,195.7715,6923.3385,543.276,-5780.700428968975,3493.53518542191,-1506.8439368488946,6380.1564274293205,2216.9550069397706,-1506.8439368488946,-12.6519,19.1611,4
4059,STARLINK-5445,satellite,2,116,53.2122,334.2926,71.3678,161.8426,233.2104,6916.3869,553.7256,-5175.90481634956,-1193.0962303996882,-4440.163592136433,2387.6057047227755,4744.76640960119,-4440.163592136433,-40.0676,63.2881,4
4060,STARLINK-5425,satellite,2,116,53.2292,334.4031,102.6412,50.4565,153.0977,6921.7747,539.7547,-4752.290516844983,4353.414177539246,2506.3386310107094,6385.009221382496,876.4344816099824,2506.3386310107094,21.3706,7.8158,5
4061,STARLINK-5431,satellite,2,120,53.2052,349.102,104.264,186.4576,290.7216,6913.5262,557.432,1672.2641955676963,-4271.812550582887,-5185.622548022684,-4355.110062745536,1441.4806098132956,-5185.622548022684,-48.6779,161.6862,11
4062,STARLINK-5433,satellite,2,121,53.227,324.4696,97.7761,50.3453,148.1214,6920.7954,540.0314,-3507.841262331604,5191.092398441615,2924.983967084654,6234.801898330666,-616.1460049751347,2924.983967084654,25.1624,-5.6439,8
4063,STARLINK-5436,satellite,2,116,53.2248,334.3301,101.743,111.5045,213.2475,6920.485,548.0228,-6201.8133900501,459.9211640206023,-3039.795105980221,4314.789198910399,4478.460781461074,-3039.795105980221,-26.1896,46.0663,4
4064,STARLINK-5415,satellite,2,116,53.2025,334.2411,77.6497,175.4588,253.1085,6913.0847,558.0684,-3536.367536042252,-2699.6584661721486,-5304.956959505336,181.21335172464373,4445.358580036624,-5304.956959505336,-50.1889,87.6657,4
4065,STARLINK-5435,satellite,2,120,53.2362,349.3254,130.4288,55.0292,185.458,6924.173,541.4221,-6841.830045285188,888.7836891499112,-527.2545997342094,5053.548951206114,4697.043518260143,-527.2545997342094,-4.3971,42.9061,4
4066,STARLINK-5420,satellite,2,121,53.2,324.2445,88.4383,179.7561,268.1944,6912.0054,559.2884,-2599.3143040642826,-3236.595509573729,-5541.273759367819,-830.4151777320712,4067.234438349752,-5541.273759367819,-53.3316,101.5396,4
4067,STARLINK-5421,satellite,2,121,53.236,324.4324,119.1702,48.9815,168.1517,6923.7414,539.6307,-5012.325465764068,4629.204923617909,1137.7721131032781,6763.301288116929,900.3890746511578,1137.7721131032781,9.525,7.5831,5
4068,STARLINK-5428,satellite,2,108,53.2183,339.2759,77.4188,148.3346,225.7533,6917.9447,551.611,-5568.492829383281,-1067.887663115581,-3971.788695457716,2734.684311060616,4966.890191132314,-3971.788695457716,-35.1777,61.1636,4
4069,STARLINK-5429,satellite,2,120,53.2298,349.0158,65.3003,265.4336,330.7339,6921.3084,546.8038,5541.596025275019,-3138.9350645709783,-2710.5392613645913,-5954.589427092334,-2259.439001543812,-2710.5392613645913,-23.1823,-159.221,4
4070,STARLINK-5426,satellite,2,127,53.225,293.9559,84.4191,308.8549,33.274,6920.5558,540.4033,4422.6651652411465,-4360.7149451576715,3038.595287797139,-6180.106550374369,-618.1302636004685,3038.595287797139,26.2097,-174.2883,7
4071,STARLINK-5430,satellite,2,120,53.1999,349.1403,90.081,180.6848,270.7657,6911.9322,559.1525,-690.4466214365483,-4090.175769492714,-5543.41140201882,-2706.3604476129676,3143.5437789212665,-5543.41140201882,-53.3627,130.726,4
4072,STARLINK-5422,satellite,2,116,53.2361,334.007,63.162,310.093,13.255,6923.5763,539.7397,6467.847480926568,-2097.527344624794,1270.5591505210675,-5744.808033947485,-3637.2864406132944,1270.5591505210675,10.6486,-147.6603,9
4073,STARLINK-5417,satellite,2,116,53.1994,334.1878,92.7475,180.4609,273.2084,6912.0377,559.3504,-1454.2767110760064,-3896.637140976674,-5535.365047273504,-2069.6032640665685,3607.6923497135836,-5535.365047273504,-53.2492,119.8413,4
4074,STARLINK-5412,satellite,2,116,53.2311,334.0497,63.4683,269.6679,333.1362,6921.7691,546.468,4732.9522300264525,-4385.519216694082,-2505.5118109966133,-6397.36283271038,-841.0495813929564,-2505.5118109966133,-21.3414,-172.5104,5
4075,STARLINK-5410,satellite,2,116,53.2178,334.0865,104.3539,208.844,313.1979,6917.7296,551.8807,2941.716205114187,-4788.848258453074,-4041.9175684930433,-5563.716619372633,794.8705889874192,-4041.9175684930433,-35.8908,171.8694,10
4076,STARLINK-5413,satellite,2,133,53.1994,319.6465,75.7522,19.6293,95.3815,6912.1104,545.0711,2174.399761105665,3559.9369749148386,5508.297623960299,1350.5997529552635,-3946.7766460466655,5508.297623960299,53.0336,-71.1089,45
4077,STARLINK-5414,satellite,2,116,53.2367,334.0277,47.9926,305.1803,353.1729,6923.9658,541.43,5960.858647924056,-3451.329252928298,-658.9397833965357,-6462.740557588189,-2382.539384344842,-658.9397833965357,-5.4983,-159.7632,4
4078,STARLINK-5408,satellite,2,152,53.2071,329.2687,71.8448,168.8674,240.7123,6914.8607,555.6201,-4759.320136922507,-1377.9263531197203,-4835.523673645513,1979.3234053465294,4542.25583354629,-4835.523673645513,-44.4791,66.4545,4
4079,STARLINK-5424,satellite,2,152,53.1996,329.5184,70.1151,25.1931,95.3082,6912.0976,545.3711,1539.7654282670355,3876.1274804322193,5509.207447587872,1999.2226717715432,-3660.375735812219,5509.207447587872,53.0428,-61.3575,24
4080,GW-Aerzen - Germany,gateway,-1,-1,0.0,0.0,0.0,0.0,0.0,0.0,0.0,-2964.746645400075,2580.7858427512137,5006.151327231624,3879.356462935868,633.065297606657,5006.151327231624,52.0489,9.2683,87
4081,GW-Akita - Japan,gateway,-1,-1,0.0,0.0,0.0,0.0,0.0,0.0,0.0,-17.59275626625025,-4912.601415975118,4054.1213253712945,-3768.9327717185865,3151.048704729812,4054.1213253712945,39.72,140.1024,121
4082,GW-Akron - OH,gateway,-1,-1,0.0,0.0,0.0,0.0,0.0,0.0,0.0,3212.008426047177,3588.9697094065273,4167.240395121281,710.2546338642912,-4763.742232647558,4167.240395121281,41.0575,-81.5199,147
4083,GW-Alfouvar de Cima - Portugal,gateway,-1,-1,0.0,0.0,0.0,0.0,0.0,0.0,0.0,-2532.897776690756,4142.653327374159,4121.769842280612,4805.381477106525,-696.747154605368,4121.769842280612,40.5167,-8.25,123
4084,GW-Anchorage - AK,gateway,-1,-1,0.0,0.0,0.0,0.0,0.0,0.0,0.0,2889.334630361456,-1063.5195640909765,5567.084492090704,-2663.6811020846476,-1544.06329397708,5567.084492090704,61.2181,-149.9003,27
4085,GW-Angeles - Philippines,gateway,-1,-1,0.0,0.0,0.0,0.0,0.0,0.0,0.0,-2077.7490008059335,-5796.907090450947,1655.592340791762,-3133.640235013455,5301.082116245261,1655.592340791762,15.145,120.5887,87
4086,GW-Ashburn - VA,gateway,-1,-1,0.0,0.0,0.0,0.0,0.0,0.0,0.0,3039.502572610961,3922.3912964170013,3993.671395436735,1076.990861368146,-4843.946743683914,3993.671395436735,39.0157,-77.4649,147
4087,GW-Awarua - NZ,gateway,-1,-1,0.0,0.0,0.0,0.0,0.0,0.0,0.0,2068.4790148588,-3878.7194519174186,-4605.929432412995,-4305.680097218514,885.5444212517859,-4605.929432412995,-46.5294,168.3781,112
4088,GW-Ballinspittle - Ireland,gateway,-1,-1,0.0,0.0,0.0,0.0,0.0,0.0,0.0,-2049.0034961561923,3395.115443731664,4978.7896528558485,3921.116152393403,-591.6690992143409,4978.7896528558485,51.6508,-8.5808,86
4089,GW-Bandon - OR,gateway,-1,-1,0.0,0.0,0.0,0.0,0.0,0.0,0.0,4633.184239141751,430.59181585209,4347.578624070986,-2627.7235609353374,-3840.165933005453,4347.578624070986,43.2476,-124.3828,126
4090,GW-Banning - CA,gateway,-1,-1,0.0,0.0,0.0,0.0,0.0,0.0,0.0,5165.722844878156,1177.7026083238316,3539.0036036489396,-2392.9479734046517,-4727.100161867464,3539.0036036489396,33.9191,-116.8494,137
4091,GW-Bastrop - TX,gateway,-1,-1,0.0,0.0,0.0,0.0,0.0,0.0,0.0,4666.154461861922,2948.169700977703,3185.5204015573986,-711.544373685221,-5473.427322253744,3185.5204015573986,30.1579,-97.4069,127
4092,GW-Baxley - GA,gateway,-1,-1,0.0,0.0,0.0,0.0,0.0,0.0,0.0,3677.3132303420994,3991.1999768105898,3339.63397536852,722.5900830006675,-5378.677664713789,3339.63397536852,31.7791,-82.3485,140
4093,GW-Beekmantown - NY,gateway,-1,-1,0.0,0.0,0.0,0.0,0.0,0.0,0.0,2528.915966964363,3765.8394124710794,4468.678500613651,1282.6209670556327,-4351.074109154784,4468.678500613651,44.7629,-73.5754,135
4094,GW-Bellingham - WA,gateway,-1,-1,0.0,0.0,0.0,0.0,0.0,0.0,0.0,4179.869509115196,529.0569456525121,4772.412698746351,-2262.4395167145235,-3554.233784964437,4772.412698746351,48.7519,-122.4787,105
4095,GW-Big Ivy - TN,gateway,-1,-1,0.0,0.0,0.0,0.0,0.0,0.0,0.0,3901.7782129898073,3467.988483467105,3652.3841482225275,176.62901296094083,-5217.242522310311,3652.3841482225275,35.1599,-88.061,138
4096,GW-Bluffdale - UT,gateway,-1,-1,0.0,0.0,0.0,0.0,0.0,0.0,0.0,4626.027540201017,1484.2055312701148,4118.653973424939,-1812.4138220239636,-4507.56619468728,4118.653973424939,40.4798,-111.9042,142
4097,GW-Boca Chica - TX,gateway,-1,-1,0.0,0.0,0.0,0.0,0.0,0.0,0.0,4834.041123582906,3082.663095207963,2785.243981303388,-715.2773436182334,-5688.509792973399,2785.243981303388,26.0621,-97.1668,102
4098,GW-Boise - ID,gateway,-1,-1,0.0,0.0,0.0,0.0,0.0,0.0,0.0,4501.655408318028,1072.6462040605375,4374.493341273842,-2049.6699309488517,-4149.014879280208,4374.493341273842,43.5811,-116.29,127
4099,GW-Boorowa - Australia,gateway,-1,-1,0.0,0.0,0.0,0.0,0.0,0.0,0.0,769.8543996579064,-5209.281295606257,-3586.731514629568,-4500.138924380216,2734.5999844042854,-3586.731514629568,-34.4392,148.7142,124
4100,GW-Brewster - WA,gateway,-1,-1,0.0,0.0,0.0,0.0,0.0,0.0,0.0,4204.061402564072,734.6196208812797,4724.027075217828,-2119.7128462500937,-3704.134948048609,4724.027075217828,48.0962,-119.7806,111
4101,GW-Bridgewater - CT,gateway,-1,-1,0.0,0.0,0.0,0.0,0.0,0.0,0.0,2649.869402827514,3979.0284447358663,4207.94739869386,1369.417693438839,-4580.302435096969,4207.94739869386,41.5454,-73.3544,147
4102,GW-Broadview - IL,gateway,-1,-1,0.0,0.0,0.0,0.0,0.0,0.0,0.0,3544.127915453698,3173.16146770997,4234.38260664759,178.18338777381095,-4753.740323322143,4234.38260664759,41.8642,-87.8534,143
4103,GW-Broken Hill - Australia,gateway,-1,-1,0.0,0.0,0.0,0.0,0.0,0.0,0.0,109.7121906332849,-5415.85373057261,-3355.7753477215288,-4237.482762441892,3374.4997012503422,-3355.7753477215288,-31.9505,141.4681,119
4104,GW-Brooklyn Park - MN,gateway,-1,-1,0.0,0.0,0.0,0.0,0.0,0.0,0.0,3631.414875414879,2668.185081727627,4498.650132933382,-266.13512193607374,-4498.395016515379,4498.650132933382,45.144,-93.3858,132
4105,GW-Bulla Bulling - Australia,gateway,-1,-1,0.0,0.0,0.0,0.0,0.0,0.0,0.0,-1805.8609086558624,-5159.360695978435,-3275.391970336726,-2816.704095764341,4684.689365317923,-3275.391970336726,-31.1,121.0167,120
4106,GW-Burbank - CA,gateway,-1,-1,0.0,0.0,0.0,0.0,0.0,0.0,0.0,5177.564163288176,1039.1488242347957,3564.826113836498,-2507.1255540294674,-4647.722280882001,3564.826113836498,34.2001,-118.3438,138
4107,GW-Butte - MT,gateway,-1,-1,0.0,0.0,0.0,0.0,0.0,0.0,0.0,4240.510548019148,1309.2206300046228,4565.540937191646,-1700.8453362866144,-4099.160097864369,4565.540937191646,46.0038,-112.5348,123
4108,GW-Cabo San Lucas - Mexico,gateway,-1,-1,0.0,0.0,0.0,0.0,0.0,0.0,0.0,5532.127343253204,1989.0401941349046,2465.5524127373988,-2002.6466886057208,-5527.216304476469,2465.5524127373988,22.8905,-109.9167,101
4109,GW-Cal-Nev-Ari - NV,gateway,-1,-1,0.0,0.0,0.0,0.0,0.0,0.0,0.0,5038.037151988424,1332.7923202880481,3664.9629290919297,-2192.060399212137,-4727.898573366433,3664.9629290919297,35.2987,-114.8745,132
4110,GW-Calais - ME,gateway,-1,-1,0.0,0.0,0.0,0.0,0.0,0.0,0.0,2083.609619750726,3993.181948701787,4500.79740573565,1741.959444446185,-4153.613898385393,4500.79740573565,45.1714,-67.2476,127
4111,GW-Caldera - Chile,gateway,-1,-1,0.0,0.0,0.0,0.0,0.0,0.0,0.0,2937.7935913510923,4865.3725675434625,-2884.7987214764667,1867.5580190351716,-5367.933350175414,-2884.7987214764667,-27.0667,-70.8167,126
4112,GW-Calrossie - Australia,gateway,-1,-1,0.0,0.0,0.0,0.0,0.0,0.0,0.0,446.9973306366045,-5117.003619717653,-3768.4729957842665,-4222.934896423304,2924.09875318364,-3768.4729957842665,-36.45,145.3,127
4113,GW-Calverton - NY,gateway,-1,-1,0.0,0.0,0.0,0.0,0.0,0.0,0.0,2636.5213916427324,4043.6159027329404,4154.782582673207,1427.6416357976982,-4611.281164401205,4154.782582673207,40.9089,-72.7976,147
4114,GW-Camaçari - Brazil,gateway,-1,-1,0.0,0.0,0.0,0.0,0.0,0.0,0.0,-148.36494318921018,6221.340704069032,-1393.004502519905,4881.978377000174,-3859.194143726957,-1393.004502519905,-12.6996,-38.3263,84
4115,GW-Canyonleigh - Australia,gateway,-1,-1,0.0,0.0,0.0,0.0,0.0,0.0,0.0,903.6526292169202,-5181.745573979912,-3595.335677230786,-4564.403000815915,2614.0582460790197,-3595.335677230786,-34.5333,150.2,126
4116,GW-Cass County - ND,gateway,-1,-1,0.0,0.0,0.0,0.0,0.0,0.0,0.0,3682.38818833315,2340.740387554118,4636.454062895554,-550.653527326215,-4328.490386306258,4636.454062895554,46.93,-97.25,120
4117,GW-Cataby - Australia,gateway,-1,-1,0.0,0.0,0.0,0.0,0.0,0.0,0.0,-2298.968567212201,-4981.294322381859,-3242.104488385175,-2364.7537709288513,4950.402933307676,-3242.104488385175,-30.75,115.5333,133
4118,GW-Centennial - CO,gateway,-1,-1,0.0,0.0,0.0,0.0,0.0,0.0,0.0,4466.175636233197,2067.9699108744912,4043.1714145195974,-1261.1244436555373,-4757.393141582874,4043.1714145195974,39.5919,-104.8469,142
4119,GW-Chalfont Grove - UK,gateway,-1,-1,0.0,0.0,0.0,0.0,0.0,0.0,0.0,-2504.205714295125,3078.6002009571953,4976.434783037542,3968.2848736111105,-39.25071606089162,4976.434783037542,51.6167,-0.5667,91
4120,GW-Chantilly - VA,gateway,-1,-1,0.0,0.0,0.0,0.0,0.0,0.0,0.0,3044.5484257429334,3927.7983216407724,3984.5646533564354,1077.9288665968497,-4851.282730447183,3984.5646533564354,38.9102,-77.4727,146
4121,GW-Chapel Hill - NC,gateway,-1,-1,0.0,0.0,0.0,0.0,0.0,0.0,0.0,3292.6843587665203,3989.4794350032225,3718.831786658103,966.9155255784419,-5081.6130131263135,3718.831786658103,35.8958,-79.2267,143
4122,GW-Charcas - Mexico,gateway,-1,-1,0.0,0.0,0.0,0.0,0.0,0.0,0.0,5153.400043457175,2807.253669430868,2490.107877949607,-1131.1641920196485,-5758.35677456078,2490.107877949607,23.1314,-101.1136,90
4123,GW-Charleston - SC,gateway,-1,-1,0.0,0.0,0.0,0.0,0.0,0.0,0.0,3467.541647839062,4097.666469688982,3433.1444862873627,938.4883278220464,-5285.258294052769,3433.1444862873627,32.7765,-79.9311,137
4124,GW-Chaska - MN,gateway,-1,-1,0.0,0.0,0.0,0.0,0.0,0.0,0.0,3659.875881773309,2668.2810935384127,4475.624628242786,-284.2383186655065,-4520.3566277809,4475.624628242786,44.851,-93.598,132
4125,GW-Chattanooga - TN,gateway,-1,-1,0.0,0.0,0.0,0.0,0.0,0.0,0.0,3735.879868534334,3657.794550539439,3640.747165938728,428.63539058540533,-5210.809060790256,3640.747165938728,35.0317,-85.2975,142
4126,GW-Chicago - IL,gateway,-1,-1,0.0,0.0,0.0,0.0,0.0,0.0,0.0,3535.2690820234957,3185.552940417463,4232.496315264907,193.37626442949443,-4754.837603837685,4232.496315264907,41.8414,-87.6711,140
4127,GW-Chico - CA,gateway,-1,-1,0.0,0.0,0.0,0.0,0.0,0.0,0.0,4863.60281043012,663.854102155333,4058.8506678205636,-2595.392441906564,-4166.446044180401,4058.8506678205636,39.7754,-121.9199,127
4128,GW-Clarksville - GA,gateway,-1,-1,0.0,0.0,0.0,0.0,0.0,0.0,0.0,3639.2469364612834,3787.7020586424273,3605.8560937702155,590.3133176976507,-5219.419061211287,3605.8560937702155,34.6485,-83.5473,145
4129,GW-Cobargo - Australia,gateway,-1,-1,0.0,0.0,0.0,0.0,0.0,0.0,0.0,855.7250784014932,-5068.810320308007,-3762.990326259522,-4446.891423249789,2578.809830695872,-3762.990326259522,-36.3886,149.89,133
4130,GW-Colburn - ID,gateway,-1,-1,0.0,0.0,0.0,0.0,0.0,0.0,0.0,4131.439288811136,964.640733625078,4746.52208947599,-1896.333985054254,-3795.160043954569,4746.52208947599,48.4,-116.55,112
4131,GW-Conrad - MT,gateway,-1,-1,0.0,0.0,0.0,0.0,0.0,0.0,0.0,4058.951078019532,1298.6882044983508,4729.503803939931,-1592.9940148314022,-3952.7262711918725,4729.503803939931,48.17,-111.95,115
4132,GW-Corpus Christi - TX,gateway,-1,-1,0.0,0.0,0.0,0.0,0.0,0.0,0.0,4775.856375614002,3012.235851361589,2956.241487538237,-732.3093691631808,-5598.75807055072,2956.241487538237,27.7931,-97.4519,118
4133,GW-Cromwell - NZ,gateway,-1,-1,0.0,0.0,0.0,0.0,0.0,0.0,0.0,2180.8493269712317,-3951.837955167728,-4491.275812907106,-4433.710717309093,845.775553012511,-4491.275812907106,-45.05,169.2,119
4134,GW-Dallas - TX,gateway,-1,-1,0.0,0.0,0.0,0.0,0.0,0.0,0.0,4507.155404228476,2912.9332864656863,3435.3261101857984,-637.1109466058342,-5328.575776976505,3435.3261101857984,32.7999,-96.8182,125
4135,GW-Debeque - CO,gateway,-1,-1,0.0,0.0,0.0,0.0,0.0,0.0,0.0,4599.519973725895,1810.6322656861166,4017.2001562803393,-1544.3041602126973,-4695.646691457616,4017.2001562803393,39.289,-108.205,143
4136,GW-Delta - UT,gateway,-1,-1,0.0,0.0,0.0,0.0,0.0,0.0,0.0,4720.639283601886,1452.5302979121584,4022.1045547156004,-1897.212711439644,-4560.138532960369,4022.1045547156004,39.3461,-112.5894,138
4137,GW-Denver - CO,gateway,-1,-1,0.0,0.0,0.0,0.0,0.0,0.0,0.0,4461.616960329468,2051.833022855387,4056.31572945914,-1270.6300511906563,-4743.579231697377,4056.31572945914,39.7457,-104.9954,142
4138,GW-Douglas - WY,gateway,-1,-1,0.0,0.0,0.0,0.0,0.0,0.0,0.0,4274.519246254188,1933.794330730021,4306.341276135844,-1241.966004234662,-4524.22322001097,4306.341276135844,42.7401,-105.3504,139
4139,GW-Draper - UT,gateway,-1,-1,0.0,0.0,0.0,0.0,0.0,0.0,0.0,4623.910005419543,1490.765937074983,4118.662419802617,-1806.0132966750425,-4510.126693297535,4118.662419802617,40.4799,-111.8229,142
4140,GW-Dubois - ID,gateway,-1,-1,0.0,0.0,0.0,0.0,0.0,0.0,0.0,4371.005923016731,1375.432090734216,4421.691876967793,-1733.2396257078733,-4241.861220637101,4421.691876967793,44.1704,-112.2251,130
4141,GW-Dubuque - IA,gateway,-1,-1,0.0,0.0,0.0,0.0,0.0,0.0,0.0,3662.599201587376,2967.3875704583743,4282.175539361034,-55.81993293987674,-4713.481307893978,4282.175539361034,42.4446,-90.6785,140
4142,GW-Duluth - MN,gateway,-1,-1,0.0,0.0,0.0,0.0,0.0,0.0,0.0,3465.3760280523925,2665.040862252573,4628.710868091355,-162.51118697458855,-4368.622657930555,4628.710868091355,46.8281,-92.1304,123
4143,GW-Dumas - TX,gateway,-1,-1,0.0,0.0,0.0,0.0,0.0,0.0,0.0,4581.044870897781,2407.0625811615446,3715.864984410053,-1073.5610977357617,-5062.350140817536,3715.864984410053,35.8628,-101.9732,138
4144,GW-Eagan - MN,gateway,-1,-1,0.0,0.0,0.0,0.0,0.0,0.0,0.0,3639.4302226137283,2697.6415125847416,4474.702762080795,-248.58799633505612,-4523.375518766138,4474.702762080795,44.8393,-93.1456,134
4145,GW-Edison - NJ,gateway,-1,-1,0.0,0.0,0.0,0.0,0.0,0.0,0.0,2760.732880799365,3994.047953182793,4122.1412691519345,1310.1702354175923,-4675.2025673414655,4122.1412691519345,40.5211,-74.3451,145
4146,GW-El Marques,gateway,-1,-1,0.0,0.0,0.0,0.0,0.0,0.0,0.0,5198.528259497448,2930.274097448121,2243.9903195280685,-1065.3237849675227,-5871.651180387969,2243.9903195280685,20.7351,-100.2836,82
4147,GW-Elbert - CO,gateway,-1,-1,0.0,0.0,0.0,0.0,0.0,0.0,0.0,4478.318032457442,2103.3011230427933,4011.6038053300435,-1241.692573037247,-4789.301365344502,4011.6038053300435,39.2239,-104.5347,140
4148,GW-Elfordstown - Ireland,gateway,-1,-1,0.0,0.0,0.0,0.0,0.0,0.0,0.0,-2048.8260663151536,3350.935122190538,5008.504376504216,3887.00677914721,-563.5891606535524,5008.504376504216,52.0833,-8.25,85
4149,GW-Evanston - WY,gateway,-1,-1,0.0,0.0,0.0,0.0,0.0,0.0,0.0,4546.761771540795,1541.5785029868912,4184.865022236572,-1717.6418834763601,-4483.214610984386,4184.865022236572,41.2683,-110.9632,140
4150,GW-Fair Park - UT,gateway,-1,-1,0.0,0.0,0.0,0.0,0.0,0.0,0.0,4606.700704576856,1476.4973573623477,4142.852190082945,-1806.0017470057892,-4487.771553639839,4142.852190082945,40.7669,-111.9212,143
4151,GW-Fairbanks - AK,gateway,-1,-1,0.0,0.0,0.0,0.0,0.0,0.0,0.0,2585.8917321790423,-841.4040418539923,5750.044065246111,-2298.9680864109355,-1452.4264352676194,5750.044065246111,64.8378,-147.7164,18
4152,GW-Falda del Carmen - Argentina,gateway,-1,-1,0.0,0.0,0.0,0.0,0.0,0.0,0.0,2278.7081001551537,4941.17966169722,-3316.4346176433874,2346.825848345945,-4909.192957342204,-3316.4346176433874,-31.5333,-64.45,137
4153,GW-Foggia - Italy,gateway,-1,-1,0.0,0.0,0.0,0.0,0.0,0.0,0.0,-3932.4038616187154,2729.3461554370465,4201.018759821047,4611.680997646454,1282.7817207223459,4201.018759821047,41.4621,15.5444,131
4154,GW-Fort Lauderdale - FL,gateway,-1,-1,0.0,0.0,0.0,0.0,0.0,0.0,0.0,3717.38095830404,4360.981663663301,2791.2437426903803,981.5413161207401,-5645.67612467426,2791.2437426903803,26.1224,-80.1373,110
4155,GW-Franklin Park - IL,gateway,-1,-1,0.0,0.0,0.0,0.0,0.0,0.0,0.0,3540.7794331454893,3169.718154754868,4239.723486485437,177.67237492067179,-4748.964592620032,4239.723486485437,41.9288,-87.8574,142
4156,GW-Frederick - MD,gateway,-1,-1,0.0,0.0,0.0,0.0,0.0,0.0,0.0,3018.6609222859806,3903.1441660126684,4027.957161302396,1075.4913534648745,-4815.6169379465255,4027.957161302396,39.4143,-77.4105,148
4157,GW-Fremont - CA,gateway,-1,-1,0.0,0.0,0.0,0.0,0.0,0.0,0.0,5020.5883341670415,683.7822527391662,3860.8684521833743,-2680.3193590543738,-4299.971339882813,3860.8684521833743,37.4921,-121.9367,135
4158,GW-Ft. Lauderdale - FL,gateway,-1,-1,0.0,0.0,0.0,0.0,0.0,0.0,0.0,3719.4700202484028,4354.788440143508,2798.075579983853,975.4415163332245,-5643.32822349965,2798.075579983853,26.1911,-80.1934,109
4159,GW-Gaffney - SC,gateway,-1,-1,0.0,0.0,0.0,0.0,0.0,0.0,0.0,3493.889243596707,3886.1660756548486,3644.3890664541996,758.9148251617778,-5170.454245251673,3644.3890664541996,35.0718,-81.6498,148
4160,GW-Goodyear - AZ,gateway,-1,-1,0.0,0.0,0.0,0.0,0.0,0.0,0.0,5088.910765695025,1583.0235885686548,3492.2004293547425,-2032.002663544659,-4926.859206281312,3492.2004293547425,33.4121,-112.4129,135
4161,GW-Goonhilly - UK,gateway,-1,-1,0.0,0.0,0.0,0.0,0.0,0.0,0.0,-2324.881481741031,3381.4696643207735,4866.37631156975,4086.8098239665233,-370.6702815100416,4866.37631156975,50.0502,-5.1825,100
4162,GW-Gordon - GA,gateway,-1,-1,0.0,0.0,0.0,0.0,0.0,0.0,0.0,3696.5363062893825,3886.987922601481,3439.165884240814,630.1234400430977,-5326.912823059299,3439.165884240814,32.8411,-83.2538,144
4163,GW-Grant District - WV,gateway,-1,-1,0.0,0.0,0.0,0.0,0.0,0.0,0.0,3154.9773975237263,3833.535185765709,3990.4186761805963,934.867655965931,-4876.053410824996,3990.4186761805963,38.978,-79.1466,145
4164,GW-Greenville - PA,gateway,-1,-1,0.0,0.0,0.0,0.0,0.0,0.0,0.0,3123.5734441973887,3632.9274414966962,4196.081001328883,800.559823310803,-4723.767228153335,4196.081001328883,41.4028,-80.3812,145
4165,GW-Guarapari - Brazil,gateway,-1,-1,0.0,0.0,0.0,0.0,0.0,0.0,0.0,83.95196295699587,5969.805937336969,-2236.3574224816775,4540.0534713704665,-3877.3116122701613,-2236.3574224816775,-20.6614,-40.4981,100
4166,GW-Hamshire - TX,gateway,-1,-1,0.0,0.0,0.0,0.0,0.0,0.0,0.0,4533.755156956413,3176.6355763521046,3157.135759986205,-451.184585019859,-5517.46154299377,3157.135759986205,29.8622,-94.6749,118
4167,GW-Hawkins - TX,gateway,-1,-1,0.0,0.0,0.0,0.0,0.0,0.0,0.0,4437.598080606637,3037.6468939850165,3417.9413736709544,-496.7219131861624,-5354.702859963493,3417.9413736709544,32.6136,-95.2998,125
4168,GW-Hawthorne - CA,gateway,-1,-1,0.0,0.0,0.0,0.0,0.0,0.0,0.0,5194.294668303336,1043.996844737516,3539.1508744491744,-2514.0802835968534,-4663.692404159597,3539.1508744491744,33.9207,-118.328,135
4169,GW-Highlands Ranch - CO,gateway,-1,-1,0.0,0.0,0.0,0.0,0.0,0.0,0.0,4475.572934114061,2054.6656320194197,4039.585479277236,-1277.3636090475882,-4756.127222673615,4039.585479277236,39.55,-105.0333,144
4170,GW-Hillman - MI,gateway,-1,-1,0.0,0.0,0.0,0.0,0.0,0.0,0.0,3146.847103602059,3234.8685020025455,4491.950984067111,479.39570523220493,-4487.449239434556,4491.950984067111,45.0586,-83.9022,134
4171,GW-Hillsboro - TX,gateway,-1,-1,0.0,0.0,0.0,0.0,0.0,0.0,0.0,4562.453891561659,2913.5959296294172,3361.4657837903487,-671.9183153937884,-5371.55029123042,3361.4657837903487,32.011,-97.13,124
4172,GW-Hinds - NZ,gateway,-1,-1,0.0,0.0,0.0,0.0,0.0,0.0,0.0,2391.1083224758827,-3936.439761521954,-4397.425448335542,-4556.147317912892,674.1502973222035,-4397.425448335542,-43.8667,171.5833,121
4173,GW-Hitterdal - MN,gateway,-1,-1,0.0,0.0,0.0,0.0,0.0,0.0,0.0,3638.194637045729,2401.9473671907353,4640.01301035054,-475.3308124547708,-4333.574966527509,4640.01301035054,46.9769,-96.2595,123
4174,GW-Honolulu - HI,gateway,-1,-1,0.0,0.0,0.0,0.0,0.0,0.0,0.0,5240.163172576709,-2806.6881092610233,2303.920525672351,-5506.415772697083,-2239.686039624574,2303.920525672351,21.315,-157.8664,99
4175,GW-Howell - UT,gateway,-1,-1,0.0,0.0,0.0,0.0,0.0,0.0,0.0,4544.880412530363,1411.8505018345654,4232.099116579194,-1816.2639573705437,-4398.914075188259,4232.099116579194,41.8366,-112.4352,140
4176,GW-Ibi - Spain,gateway,-1,-1,0.0,0.0,0.0,0.0,0.0,0.0,0.0,-3147.983973997998,3870.857308360772,3960.0007645965616,4989.073386825167,-49.861238563499725,3960.0007645965616,38.6264,-0.5726,138
4177,GW-Inman - KS,gateway,-1,-1,0.0,0.0,0.0,0.0,0.0,0.0,0.0,4257.979401622644,2652.4127251486243,3925.6957055403213,-678.4371416752896,-4970.453187986841,3925.6957055403213,38.2319,-97.7725,143
4178,GW-Iron Mountain - CO,gateway,-1,-1,0.0,0.0,0.0,0.0,0.0,0.0,0.0,4458.601899492555,2052.9829914647544,4059.029864990322,-1267.8195518730774,-4741.993636150363,4059.029864990322,39.7775,-104.9685,142
4179,GW-Irvine - CA,gateway,-1,-1,0.0,0.0,0.0,0.0,0.0,0.0,0.0,5199.466909957768,1090.4419704452778,3517.629757729816,-2481.644832706411,-4697.335283217063,3517.629757729816,33.6872,-117.8479,137
4180,GW-Isle of Man - UK,gateway,-1,-1,0.0,0.0,0.0,0.0,0.0,0.0,0.0,-2158.2943209031514,3060.1287075881664,5145.828471946263,3733.149516909652,-293.62691812102247,5145.828471946263,54.1391,-4.4973,75
4181,GW-Itaboraí - Brazil,gateway,-1,-1,0.0,0.0,0.0,0.0,0.0,0.0,0.0,325.04719148588464,5876.118420743833,-2450.659626335426,4313.9830987449795,-4002.995527731766,-2450.659626335426,-22.7446,-42.8586,104
4182,GW-Kalama - WA,gateway,-1,-1,0.0,0.0,0.0,0.0,0.0,0.0,0.0,4405.8222637911695,529.4508547766301,4566.019593670926,-2406.4447456067646,-3728.352412806928,4566.019593670926,46.01,-122.84,114
4183,GW-Kaua'i - HI,gateway,-1,-1,0.0,0.0,0.0,0.0,0.0,0.0,0.0,5140.0046441971535,-2930.093098771238,2374.3512947819418,-5537.406105780971,-2083.8010772371636,2374.3512947819418,21.9994,-159.378,103
4184,GW-Kaunas - Lithuania,gateway,-1,-1,0.0,0.0,0.0,0.0,0.0,0.0,0.0,-3292.3826692201087,1634.638293234054,5194.894348484196,3360.5609494068785,1489.4482520751124,5194.894348484196,54.8985,23.9036,70
4185,GW-Kenansville - FL,gateway,-1,-1,0.0,0.0,0.0,0.0,0.0,0.0,0.0,3731.2073530602493,4231.660590627987,2965.2174962576237,873.2003591135302,-5573.722346748973,2965.2174962576237,27.8847,-81.0962,123
4186,GW-Kent - WA,gateway,-1,-1,0.0,0.0,0.0,0.0,0.0,0.0,0.0,4286.89150465513,560.1420178847441,4673.566958188921,-2306.871354775639,-3656.4384864783283,4673.566958188921,47.4211,-122.2481,111
4187,GW-Ketchikan - AK,gateway,-1,-1,0.0,0.0,0.0,0.0,0.0,0.0,0.0,3633.2489743636224,-123.29413833360034,5223.128501678996,-2415.305366607839,-2716.9835369941266,5223.128501678996,55.342,-131.636,70
4188,GW-Ki Ki - Australia,gateway,-1,-1,0.0,0.0,0.0,0.0,0.0,0.0,0.0,-53.4095139915266,-5178.735806910947,-3710.215702988859,-3950.844008929499,3348.5801096990754,-3710.215702988859,-35.8,139.7167,122
4189,GW-Kihei - HI,gateway,-1,-1,0.0,0.0,0.0,0.0,0.0,0.0,0.0,5328.969324707128,-2684.8068570831265,2245.1188915946063,-5469.347554846982,-2385.8623698360025,2245.1188915946063,20.746,-156.432,95
4190,GW-Kiowa - CO,gateway,-1,-1,0.0,0.0,0.0,0.0,0.0,0.0,0.0,4472.905022151701,2103.570483770143,4017.457928867074,-1238.0281987525343,-4785.308171525886,4017.457928867074,39.292,-104.5052,140
4191,GW-Kuparuk - AK,gateway,-1,-1,0.0,0.0,0.0,0.0,0.0,0.0,0.0,2024.5311228175515,-732.9613100667032,5983.592257456843,-1857.0012095811521,-1089.727056159354,5983.592257456843,70.3316,-149.5947,0
4192,GW-Lawrence - KS,gateway,-1,-1,0.0,0.0,0.0,0.0,0.0,0.0,0.0,4094.1407889290617,2809.315561900397,3989.8749514150722,-453.0647571237109,-4944.590483726722,3989.8749514150722,38.9717,-95.2353,146
4193,GW-Lekki,gateway,-1,-1,0.0,0.0,0.0,0.0,0.0,0.0,0.0,-4363.212126213494,4596.706620485524,714.0473050553732,6323.727758698961,421.66224281068673,714.0473050553732,6.4711,3.8148,76
4194,GW-Lepe - Spain,gateway,-1,-1,0.0,0.0,0.0,0.0,0.0,0.0,0.0,-2730.1605281492507,4287.472262388684,3839.9299968454175,5042.802351510362,-637.4475302470759,3839.9299968454175,37.2547,-7.2044,129
4195,GW-Limestone - ME,gateway,-1,-1,0.0,0.0,0.0,0.0,0.0,0.0,0.0,2064.3140195973406,3845.5633778955134,4635.30756103583,1640.692744956519,-4044.487282903029,4635.30756103583,46.9149,-67.9195,124
4196,GW-Lindon - UT,gateway,-1,-1,0.0,0.0,0.0,0.0,0.0,0.0,0.0,4631.596988302071,1501.4317075473507,4106.215902846529,-1802.7155703046294,-4522.853569048928,4106.215902846529,40.3327,-111.7312,142
4197,GW-Lisle - IL,gateway,-1,-1,0.0,0.0,0.0,0.0,0.0,0.0,0.0,3561.060694305589,3161.248217538274,4229.119187654264,158.20194155354562,-4759.161239872611,4229.119187654264,41.8006,-88.0961,143
4198,GW-Litchfield - MN,gateway,-1,-1,0.0,0.0,0.0,0.0,0.0,0.0,0.0,3685.516463422074,2596.2269628239183,4496.768470430382,-356.0585934051617,-4494.068126176037,4496.768470430382,45.12,-94.53,128
4199,GW-Lithia Springs - GA,gateway,-1,-1,0.0,0.0,0.0,0.0,0.0,0.0,0.0,3746.6011865699047,3761.3976615830256,3523.0454374106935,501.50899597082685,-5285.226726142371,3523.0454374106935,33.7459,-84.5795,145
4200,GW-Llano Grande - Mexico,gateway,-1,-1,0.0,0.0,0.0,0.0,0.0,0.0,0.0,5067.140478930577,3251.1004773434715,2098.8984338845485,-734.5400830196223,-5975.451264418218,2098.8984338845485,19.34,-97.008,85
4201,GW-Lockport - NY,gateway,-1,-1,0.0,0.0,0.0,0.0,0.0,0.0,0.0,2931.8600142978057,3620.819025731123,4341.367933071051,913.6834339933272,-4568.513559461214,4341.367933071051,43.1709,-78.6903,141
4202,GW-Loring - ME,gateway,-1,-1,0.0,0.0,0.0,0.0,0.0,0.0,0.0,2060.98680676424,3844.1133907144836,4637.972115557402,1641.7019804974889,-4041.0009880668536,4637.972115557402,46.95,-67.89,124
4203,GW-Los Angeles - CA,gateway,-1,-1,0.0,0.0,0.0,0.0,0.0,0.0,0.0,5184.250219490362,1050.6979841824786,3551.787568726685,-2502.508815694745,-4660.243150268136,3551.787568726685,34.0581,-118.2354,136
4204,GW-Lunenburg - VT,gateway,-1,-1,0.0,0.0,0.0,0.0,0.0,0.0,0.0,2420.976340174558,3868.45247644049,4440.9082946623,1430.5174546312578,-4333.551755103297,4440.9082946623,44.412,-71.7318,140
4205,GW-Luz - Brazil,gateway,-1,-1,0.0,0.0,0.0,0.0,0.0,0.0,0.0,527.4451508578162,5980.533882410763,-2145.8366428596087,4265.064446561129,-4225.424141137406,-2145.8366428596087,-19.79,-44.7325,100
4206,GW-Lynnwood - WA,gateway,-1,-1,0.0,0.0,0.0,0.0,0.0,0.0,0.0,4253.1429239241525,551.7464435320741,4705.080784675351,-2291.7775456112854,-3625.10752264099,4705.080784675351,47.8417,-122.3009,109
4207,GW-Madera - CA,gateway,-1,-1,0.0,0.0,0.0,0.0,0.0,0.0,0.0,5035.125278100455,868.080628989725,3804.8670492482925,-2547.788940778979,-4428.8623886769965,3804.8670492482925,36.8588,-119.9105,137
4208,GW-Manaus - Brazil,gateway,-1,-1,0.0,0.0,0.0,0.0,0.0,0.0,0.0,2212.5997463535755,5972.052007738709,-344.71427244102125,3182.28688112354,-5516.706719314419,-344.71427244102125,-3.119,-60.0217,80
4209,GW-Mandale - NC,gateway,-1,-1,0.0,0.0,0.0,0.0,0.0,0.0,0.0,3292.6868016467315,3989.479274523817,3718.8298091962747,966.9138419076269,-5081.614790391052,3718.8298091962747,35.8958,-79.2267,143
4210,GW-Manistique - MI,gateway,-1,-1,0.0,0.0,0.0,0.0,0.0,0.0,0.0,3224.7869758995303,3054.439188289223,4561.964774860574,290.7806733223104,-4432.188668695229,4561.964774860574,45.9575,-86.2464,129
4211,GW-Marathon - ON,gateway,-1,-1,0.0,0.0,0.0,0.0,0.0,0.0,0.0,3065.4612293185537,2890.100048139457,4772.566666993161,266.0802512055635,-4204.63222370629,4772.566666993161,48.754,-86.379,119
4212,GW-Marcell - MN,gateway,-1,-1,0.0,0.0,0.0,0.0,0.0,0.0,0.0,3486.322341186941,2532.804909613729,4686.477076952602,-277.6423470744862,-4300.285909556895,4686.477076952602,47.593,-93.6941,119
4213,GW-Marsala - Italy,gateway,-1,-1,0.0,0.0,0.0,0.0,0.0,0.0,0.0,-3983.3659943230596,3097.82768803814,3887.804382113178,4927.769457192355,1086.659655212814,3887.804382113178,37.7986,12.4357,136
4214,GW-Mazahua - Mexico,gateway,-1,-1,0.0,0.0,0.0,0.0,0.0,0.0,0.0,5222.576253811088,2971.952373304252,2131.2474531950525,-1048.6116501526262,-5916.77422614928,2131.2474531950525,19.65,-100.05,85
4215,GW-McGregor - TX,gateway,-1,-1,0.0,0.0,0.0,0.0,0.0,0.0,0.0,4604.784933137433,2909.046617607592,3307.6128780147205,-702.4543344639706,-5401.217863765214,3307.6128780147205,31.44,-97.41,125
4216,GW-Merida - Mexico,gateway,-1,-1,0.0,0.0,0.0,0.0,0.0,0.0,0.0,4557.68763836099,3837.9043707788005,2268.0250159151437,42.36637490462423,-5958.207084214935,2268.0250159151437,20.9674,-89.5926,90
4217,GW-Merredin - Australia,gateway,-1,-1,0.0,0.0,0.0,0.0,0.0,0.0,0.0,-2041.5721951680716,-5046.908891571603,-3311.7080753530254,-2579.6334426284775,4794.246310900247,-3311.7080753530254,-31.4833,118.2833,125
4218,GW-Merrillan - WI,gateway,-1,-1,0.0,0.0,0.0,0.0,0.0,0.0,0.0,3551.298984407818,2861.3555065476057,4443.923617351971,-66.32625854196448,-4560.118489571749,4443.923617351971,44.45,-90.8333,133
4219,GW-Mesa - AZ,gateway,-1,-1,0.0,0.0,0.0,0.0,0.0,0.0,0.0,5072.846077452176,1631.9573421279272,3493.0428783394937,-1984.0889486222293,-4945.750007430857,3493.0428783394937,33.4212,-111.8592,136
4220,GW-Miami - FL,gateway,-1,-1,0.0,0.0,0.0,0.0,0.0,0.0,0.0,3746.258218108154,4357.382756209771,2758.2823567298387,960.329090864707,-5665.5982171431915,2758.2823567298387,25.7915,-80.3797,109
4221,GW-Milano - Italy,gateway,-1,-1,0.0,0.0,0.0,0.0,0.0,0.0,0.0,-3375.7864347051236,2946.7111177764737,4523.679503125828,4423.447269489191,715.6498574129862,4523.679503125828,45.4642,9.19,119
4222,GW-Milwaukee - WI,gateway,-1,-1,0.0,0.0,0.0,0.0,0.0,0.0,0.0,3480.5796667064888,3099.298466216202,4339.771502445436,161.93308679473003,-4657.667170846569,4339.771502445436,43.1512,-88.0088,136
4223,GW-Minneapolis - MN,gateway,-1,-1,0.0,0.0,0.0,0.0,0.0,0.0,0.0,3636.240538720721,2684.5936573662066,4485.061096938221,-256.59097086699774,-4512.587886598593,4485.061096938221,44.9709,-93.2544,133
4224,GW-Molokai - HI,gateway,-1,-1,0.0,0.0,0.0,0.0,0.0,0.0,0.0,5287.679163113871,-2732.0134634381,2285.1672833782054,-5479.301666540333,-2323.9409939763927,2285.1672833782054,21.1333,-157.0167,97
4225,GW-Monterey,gateway,-1,-1,0.0,0.0,0.0,0.0,0.0,0.0,0.0,5097.3907823457,744.0574089310791,3748.1908470483677,-2682.98969511655,-4397.565293617202,3748.1908470483677,36.2231,-121.3877,133
4226,GW-Montes Carlos,gateway,-1,-1,0.0,0.0,0.0,0.0,0.0,0.0,0.0,3674.0376661401992,5111.649529261685,1022.7746267368026,1586.8501869554095,-6091.750172682537,1022.7746267368026,9.2895,-75.3994,79
4227,GW-Mossoró - Brazil,gateway,-1,-1,0.0,0.0,0.0,0.0,0.0,0.0,0.0,-260.2767660575442,6346.849333012294,-572.8694231894522,5050.029544193972,-3853.237866220564,-572.8694231894522,-5.1878,-37.3441,96
4228,GW-Mt. Ayr - IN,gateway,-1,-1,0.0,0.0,0.0,0.0,0.0,0.0,0.0,3615.007477197992,3299.6616861816724,4075.8587510149932,230.25493000768617,-4889.072403908519,4075.8587510149932,39.975,-87.3036,144
4229,GW-Muallim - Turkey,gateway,-1,-1,0.0,0.0,0.0,0.0,0.0,0.0,0.0,-4587.841242154593,1693.233934346788,4080.817303072195,4233.014672134626,2448.859980711654,4080.817303072195,40.0333,30.05,137
4230,GW-Murayjat - Oman,gateway,-1,-1,0.0,0.0,0.0,0.0,0.0,0.0,0.0,-5788.018880782799,-837.924895564557,2536.530908078503,3051.8408226912525,4988.942602181371,2536.530908078503,23.588,58.545,98
4231,GW-Myrtle Beach - SC,gateway,-1,-1,0.0,0.0,0.0,0.0,0.0,0.0,0.0,3357.0633145724028,4115.6700015792285,3519.733726228335,1022.9005114133176,-5211.745216690604,3519.733726228335,33.71,-78.8958,141
4232,GW-Nemaha - NE,gateway,-1,-1,0.0,0.0,0.0,0.0,0.0,0.0,0.0,4034.974065639854,2723.839807354745,4106.9014986315515,-481.04921811897975,-4844.472175197589,4106.9014986315515,40.3408,-95.6708,144
4233,GW-New Braunfels - TX,gateway,-1,-1,0.0,0.0,0.0,0.0,0.0,0.0,0.0,4724.148682547454,2902.6703308758556,3141.81953519533,-783.594350747231,-5488.994053379802,3141.81953519533,29.703,-98.1245,125
4234,GW-New York - NY,gateway,-1,-1,0.0,0.0,0.0,0.0,0.0,0.0,0.0,2729.1904136455387,3998.461965962877,4138.721090052997,1333.7118485028002,-4653.750220236328,4138.721090052997,40.7178,-74.0083,145
4235,GW-Niland - CA,gateway,-1,-1,0.0,0.0,0.0,0.0,0.0,0.0,0.0,5177.3340438644145,1312.5301196025127,3474.442537726075,-2296.616025269567,-4822.1445383870705,3474.442537726075,33.2205,-115.4668,136
4236,GW-Nome - AK,gateway,-1,-1,0.0,0.0,0.0,0.0,0.0,0.0,0.0,2235.490018874438,-1607.1900035133099,5733.983888637863,-2664.4385550962334,-693.7164536012145,5733.983888637863,64.5011,-165.4064,19
4237,GW-Norcross - GA,gateway,-1,-1,0.0,0.0,0.0,0.0,0.0,0.0,0.0,3714.046873274165,3776.660638736477,3541.01913587279,534.0449463144686,-5269.924643899094,3541.01913587279,33.941,-84.2135,144
4238,GW-North Miami - FL,gateway,-1,-1,0.0,0.0,0.0,0.0,0.0,0.0,0.0,3726.984767985895,4363.833526592098,2774.042278282638,977.6021528467394,-5654.887491308516,2774.042278282638,25.9496,-80.1918,110
4239,GW-Northlake - IL,gateway,-1,-1,0.0,0.0,0.0,0.0,0.0,0.0,0.0,3544.246714669046,3166.820958826801,4238.996250629422,173.22859400238642,-4749.7822701600735,4238.996250629422,41.92,-87.9113,142
4240,GW-Noviciado - Chile,gateway,-1,-1,0.0,0.0,0.0,0.0,0.0,0.0,0.0,2763.9025037335073,4556.404808406886,-3492.6262935669047,1740.8705622690609,-5036.799729356206,-3492.6262935669047,-33.4167,-70.9333,147
4241,GW-Otaru - Japan,gateway,-1,-1,0.0,0.0,0.0,0.0,0.0,0.0,0.0,55.83693879093985,-4657.144194882033,4342.971954192009,-3619.259550089169,2931.3938876830093,4342.971954192009,43.1907,140.9945,119
4242,GW-Oxford - AL,gateway,-1,-1,0.0,0.0,0.0,0.0,0.0,0.0,0.0,3837.5574780042307,3682.0936369468554,3508.9866492636434,382.3951218712032,-5304.567363979821,3508.9866492636434,33.5936,-85.8768,139
4243,GW-Panaca - NV,gateway,-1,-1,0.0,0.0,0.0,0.0,0.0,0.0,0.0,4867.164028380957,1331.7260180220692,3887.9271652705806,-2083.750052265451,-4595.733411102758,3887.9271652705806,37.8,-114.39,141
4244,GW-Perry - FL,gateway,-1,-1,0.0,0.0,0.0,0.0,0.0,0.0,0.0,3830.105572985657,3981.7256776915015,3176.285590090593,617.7164904605116,-5490.198030127583,3176.285590090593,30.0616,-83.5805,132
4245,GW-Peñuelas - Mexico,gateway,-1,-1,0.0,0.0,0.0,0.0,0.0,0.0,0.0,5260.534029506624,2721.9133038243617,2358.2031543620615,-1265.255077559132,-5786.290685563947,2358.2031543620615,21.8422,-102.3344,92
4246,GW-Phoenix - AZ,gateway,-1,-1,0.0,0.0,0.0,0.0,0.0,0.0,0.0,5064.249616934312,1605.9022342832975,3517.343649325232,-1998.6476729522387,-4922.494656990297,3517.343649325232,33.6841,-112.0983,136
4247,GW-Pimba - Australia,gateway,-1,-1,0.0,0.0,0.0,0.0,0.0,0.0,0.0,-333.7861936279631,-5445.527109977376,-3292.777045745681,-3977.0686293301537,3734.7160328669124,-3292.777045745681,-31.2833,136.8,122
4248,GW-Pine Valley - CA,gateway,-1,-1,0.0,0.0,0.0,0.0,0.0,0.0,0.0,5227.75352947981,1238.420507497495,3426.138960105419,-2385.843403039555,-4813.610243315468,3426.138960105419,32.7014,-116.3651,132
4249,GW-Piscataway - NJ,gateway,-1,-1,0.0,0.0,0.0,0.0,0.0,0.0,0.0,2770.463016478194,3985.3450488412973,4124.02335750407,1297.2591823641926,-4677.131503151166,4124.02335750407,40.5434,-74.498,145
4250,GW-Piti - GU,gateway,-1,-1,0.0,0.0,0.0,0.0,0.0,0.0,0.0,473.93240146448017,-6187.08817388762,1470.1676427393768,-5063.5504569318455,3586.799236467414,1470.1676427393768,13.4156,144.6879,84
4251,GW-Ponce - PR,gateway,-1,-1,0.0,0.0,0.0,0.0,0.0,0.0,0.0,2747.2082433283454,5409.967874791988,1959.5528605130066,2408.335824036838,-5569.095446942291,1959.5528605130066,18.0111,-66.6141,96
4252,GW-Port St. Lucie - FL,gateway,-1,-1,0.0,0.0,0.0,0.0,0.0,0.0,0.0,3705.9395240428075,4294.783853700971,2905.953092794692,937.9104088053688,-5594.593834312527,2905.953092794692,27.2813,-80.4831,117
4253,GW-Porto Alegre - Brazil,gateway,-1,-1,0.0,0.0,0.0,0.0,0.0,0.0,0.0,1104.1641999729297,5414.908293724685,-3173.694800551917,3461.4937188856807,-4307.954461698176,-3173.694800551917,-30.0346,-51.2177,141
4254,GW-Presidente Prudente - Brazil,gateway,-1,-1,0.0,0.0,0.0,0.0,0.0,0.0,0.0,1198.231163263855,5788.540603854063,-2387.3125466568554,3688.920471261738,-4618.963736574459,-2387.3125466568554,-22.1257,-51.3875,111
4255,GW-Prosser - WA,gateway,-1,-1,0.0,0.0,0.0,0.0,0.0,0.0,0.0,4355.598232569278,762.0315246827759,4581.185437429602,-2195.4012390294956,-3838.2471790960426,4581.185437429602,46.2068,-119.7687,120
4256,GW-Prudhoe Bay - AK,gateway,-1,-1,0.0,0.0,0.0,0.0,0.0,0.0,0.0,2045.7746756070387,-699.4912629263514,5980.393857723555,-1844.8140748589037,-1127.4498123942697,5980.393857723555,70.2466,-148.569,0
4257,GW-Puerto Montt - Chile,gateway,-1,-1,0.0,0.0,0.0,0.0,0.0,0.0,0.0,2624.1853502878143,4002.74836228822,-4201.584693249738,1404.0733231682805,-4575.688069310821,-4201.584693249738,-41.4689,-72.9411,138
4258,GW-Puerto Saavedra - Chile,gateway,-1,-1,0.0,0.0,0.0,0.0,0.0,0.0,0.0,2761.595813716409,4142.26585205553,-3973.592943164693,1423.6704256612238,-4770.528308954775,-3973.592943164693,-38.7833,-73.3833,143
4259,GW-Punta Arenas - Chile,gateway,-1,-1,0.0,0.0,0.0,0.0,0.0,0.0,0.0,1986.5462579920597,3276.990802282335,-5081.493130378486,1252.852812858101,-3621.5182703803694,-5081.493130378486,-53.1638,-70.9171,88
4260,GW-Punta Gorda - FL,gateway,-1,-1,0.0,0.0,0.0,0.0,0.0,0.0,0.0,3833.6098246945267,4205.263364976833,2871.2828380241913,787.4871396741862,-5635.660410427375,2871.2828380241913,26.9298,-82.0454,118
4261,GW-Puwera - NZ,gateway,-1,-1,0.0,0.0,0.0,0.0,0.0,0.0,0.0,2890.4972496111855,-4297.346016317113,-3710.215702988859,-5152.801656205376,520.3770035018075,-3710.215702988859,-35.8,174.2333,128
4262,GW-Redmond - WA,gateway,-1,-1,0.0,0.0,0.0,0.0,0.0,0.0,0.0,4265.077852021688,566.8795017752316,4692.545845282756,-2287.755330402595,-3643.9562293684853,4692.545845282756,47.674,-122.1215,109
4263,GW-Rio Negro - Brazil,gateway,-1,-1,0.0,0.0,0.0,0.0,0.0,0.0,0.0,1005.5943233619274,5642.303385939485,-2789.512780573044,3699.423852232864,-4377.3360167677865,-2789.512780573044,-26.105,-49.7978,126
4264,GW-Riverside - GA,gateway,-1,-1,0.0,0.0,0.0,0.0,0.0,0.0,0.0,3735.749129951007,3766.1671821903683,3529.425157014219,512.1099055195249,-5279.922371664779,3529.425157014219,33.8151,-84.4601,145
4265,GW-Robbins - CA,gateway,-1,-1,0.0,0.0,0.0,0.0,0.0,0.0,0.0,4923.837520805829,690.7173646636354,3981.5232168981,-2613.1914484542476,-4229.952347588417,3981.5232168981,38.875,-121.7071,132
4266,GW-Robertsdale - AL,gateway,-1,-1,0.0,0.0,0.0,0.0,0.0,0.0,0.0,4086.580773413527,3677.303551581665,3223.029385579362,219.66652233556877,-5493.127565155685,3223.029385579362,30.55,-87.71,130
4267,GW-Rolette County - ND,gateway,-1,-1,0.0,0.0,0.0,0.0,0.0,0.0,0.0,3659.7167381433,2102.8937162582165,4765.697891024262,-719.1932747370581,-4159.140490401534,4765.697891024262,48.6604,-99.8105,114
4268,GW-Rolette - ND,gateway,-1,-1,0.0,0.0,0.0,0.0,0.0,0.0,0.0,3660.871665478796,2100.9999066561263,4765.646474277451,-721.3881438987403,-4158.819676869493,4765.646474277451,48.6597,-99.8406,114
4269,GW-Roll - AZ,gateway,-1,-1,0.0,0.0,0.0,0.0,0.0,0.0,0.0,5165.639755144832,1451.7153136345364,3436.528558302181,-2182.0464875948373,-4902.038816426162,3436.528558302181,32.8128,-113.9953,134
4270,GW-Saguenay - QC,gateway,-1,-1,0.0,0.0,0.0,0.0,0.0,0.0,0.0,2206.8294373868007,3620.7101334166896,4748.5813121200745,1376.6520012468686,-4010.5445145773206,4748.5813121200745,48.4279,-71.0548,122
4271,GW-Salem - OR,gateway,-1,-1,0.0,0.0,0.0,0.0,0.0,0.0,0.0,4490.042393006487,535.7084530308201,4483.047941128777,-2455.4181539523915,-3797.1549779914335,4483.047941128777,44.9453,-122.8886,120
4272,GW-Salt Lake City - UT,gateway,-1,-1,0.0,0.0,0.0,0.0,0.0,0.0,0.0,4620.370215587617,1476.717997502314,4127.625448686977,-1814.5622194637635,-4498.430940331434,4127.625448686977,40.5861,-111.968,142
4273,GW-Sambro Creek - NS,gateway,-1,-1,0.0,0.0,0.0,0.0,0.0,0.0,0.0,1847.1904607752733,4166.933065099615,4446.564396509353,2026.651037396026,-4082.6620408774047,4446.564396509353,44.4833,-63.6,133
4274,GW-San Clemente - Chile,gateway,-1,-1,0.0,0.0,0.0,0.0,0.0,0.0,0.0,2737.499180516652,4416.7031342977225,-3686.175216380994,1650.235249747934,-4927.260086532275,-3686.175216380994,-35.5333,-71.4833,146
4275,GW-San Jose - CA,gateway,-1,-1,0.0,0.0,0.0,0.0,0.0,0.0,0.0,5035.4258776521065,699.4411590008,3838.8256974236224,-2677.7463138357316,-4321.389404227768,3838.8256974236224,37.2422,-121.7844,135
4276,GW-Sanderson - TX,gateway,-1,-1,0.0,0.0,0.0,0.0,0.0,0.0,0.0,4905.599963535211,2531.699635918727,3184.00584853938,-1184.9371598703901,-5391.691569063088,3184.00584853938,30.1421,-102.3949,126
4277,GW-Sandston - VA,gateway,-1,-1,0.0,0.0,0.0,0.0,0.0,0.0,0.0,3088.404148322505,4017.0877920636494,3860.69232758864,1118.6265364627238,-4942.05515797263,3860.69232758864,37.4901,-77.2461,142
4278,GW-Santa Clara - CA,gateway,-1,-1,0.0,0.0,0.0,0.0,0.0,0.0,0.0,5027.319443486862,680.8028345226818,3852.682553325154,-2686.910904468104,-4303.247968431005,3852.682553325154,37.3992,-121.9803,136
4279,GW-Santa Elena - Chile,gateway,-1,-1,0.0,0.0,0.0,0.0,0.0,0.0,0.0,2733.5521789195514,4319.997108226302,-3801.1278524247605,1578.3423161740234,-4862.460083428332,-3801.1278524247605,-36.8167,-72.0167,150
4280,GW-Santiago de los Caballeros - DR,gateway,-1,-1,0.0,0.0,0.0,0.0,0.0,0.0,0.0,3099.0479087239214,5156.747309746102,2110.5615243168318,1988.778604196924,-5678.107115987537,2110.5615243168318,19.4517,-70.697,99
4281,GW-Seattle - WA,gateway,-1,-1,0.0,0.0,0.0,0.0,0.0,0.0,0.0,4274.462164023345,552.6764335095319,4685.7421990183175,-2304.6778063138768,-3642.106291819092,4685.7421990183175,47.5832,-122.3251,110
4282,GW-Secaucus - NJ,gateway,-1,-1,0.0,0.0,0.0,0.0,0.0,0.0,0.0,2730.6260525986595,3991.5369585412213,4144.416340719094,1327.466271669913,-4650.432154984074,4144.416340719094,40.7855,-74.0686,145
4283,GW-Shakopee - MN,gateway,-1,-1,0.0,0.0,0.0,0.0,0.0,0.0,0.0,3658.0695876608274,2680.2168401988824,4470.0038845184345,-273.90033283444774,-4526.589668428973,4470.0038845184345,44.7797,-93.4627,134
4284,GW-Slope County - ND,gateway,-1,-1,0.0,0.0,0.0,0.0,0.0,0.0,0.0,3965.309238633591,1911.9911972589518,4599.85274476137,-1061.2612586344283,-4272.3661169556035,4599.85274476137,46.45,-103.95,129
4285,GW-Springbrook Creek - Australia,gateway,-1,-1,0.0,0.0,0.0,0.0,0.0,0.0,0.0,1185.3009659249035,-5669.209429874208,-2662.327586518485,-5119.377894723678,2708.660907277194,-2662.327586518485,-24.8333,152.1167,100
4286,GW-Springer - OK,gateway,-1,-1,0.0,0.0,0.0,0.0,0.0,0.0,0.0,4446.3022773389,2839.2354595232973,3572.6388585793516,-654.95543101529,-5234.68196927637,3572.6388585793516,34.2853,-97.1317,133
4287,GW-St James - MN,gateway,-1,-1,0.0,0.0,0.0,0.0,0.0,0.0,0.0,3753.8679567815766,2643.9256112014646,4412.206108125534,-363.0090149572301,-4577.1270169811005,4412.206108125534,44.0515,-94.5346,133
4288,GW-St. John's - NL,gateway,-1,-1,0.0,0.0,0.0,0.0,0.0,0.0,0.0,971.4294675167768,4200.970966704997,4684.114484206668,2612.1614074201393,-3430.5167329490014,4684.114484206668,47.5615,-52.7126,119
4289,GW-Sterling - VA,gateway,-1,-1,0.0,0.0,0.0,0.0,0.0,0.0,0.0,3038.007556686477,3926.261649583699,3991.022758764894,1080.9238523798938,-4845.2682155719785,3991.022758764894,38.985,-77.4239,147
4290,GW-Sullivan - ME,gateway,-1,-1,0.0,0.0,0.0,0.0,0.0,0.0,0.0,2173.7893830173803,4001.992171502616,4450.376221930592,1691.144024621483,-4228.632581636097,4450.376221930592,44.5314,-68.2022,132
4291,GW-Sunnyvale - CA,gateway,-1,-1,0.0,0.0,0.0,0.0,0.0,0.0,0.0,5026.974870477599,677.0575985427676,3853.7845770495114,-2689.5727369397932,-4300.590870202369,3853.7845770495114,37.4117,-122.0217,136
4292,GW-Sunset - TX,gateway,-1,-1,0.0,0.0,0.0,0.0,0.0,0.0,0.0,4521.881505474016,2816.3445452507126,3495.578957206033,-720.8395067257429,-5278.219335406097,3495.578957206033,33.4486,-97.7767,129
4293,GW-Surrency - GA,gateway,-1,-1,0.0,0.0,0.0,0.0,0.0,0.0,0.0,3675.616243689795,4000.3847209847227,3330.561528066973,730.7414052112536,-5383.23784403719,3330.561528066973,31.6829,-82.2697,140
4294,GW-Surubim - Brazil,gateway,-1,-1,0.0,0.0,0.0,0.0,0.0,0.0,0.0,-434.1178088317504,6304.117799067808,-863.2783373891131,5128.174666928745,-3692.178771665679,-863.2783373891131,-7.8311,-35.7531,91
4295,GW-Sussex - NJ,gateway,-1,-1,0.0,0.0,0.0,0.0,0.0,0.0,0.0,2745.101837404669,3944.7040000450006,4179.31112407032,1282.1838636983744,-4631.660424228554,4179.31112407032,41.2018,-74.5263,145
4296,GW-Suva - Fiji,gateway,-1,-1,0.0,0.0,0.0,0.0,0.0,0.0,0.0,3743.974514293217,-4768.982556306212,-1973.2838672126627,-6060.805360341597,164.85803008841205,-1973.2838672126627,-18.1416,178.4419,93
4297,GW-Tapachula - Mexico,gateway,-1,-1,0.0,0.0,0.0,0.0,0.0,0.0,0.0,4895.25869534354,3747.409978322047,1629.7520148531166,-242.86276823408556,-6160.16695518635,1629.7520148531166,14.9032,-92.2577,77
4298,GW-Te Hana - NZ,gateway,-1,-1,0.0,0.0,0.0,0.0,0.0,0.0,0.0,2897.065161721178,-4256.120946526885,-3752.0926891608506,-5125.274322559201,488.9940503102116,-3752.0926891608506,-36.2667,174.55,127
4299,GW-Tea Gardens - Australia,gateway,-1,-1,0.0,0.0,0.0,0.0,0.0,0.0,0.0,1102.961735800593,-5260.123609952824,-3422.90008809028,-4752.005597374848,2510.7504426249748,-3422.90008809028,-32.6667,152.15,127
4300,GW-Thomaston - GA,gateway,-1,-1,0.0,0.0,0.0,0.0,0.0,0.0,0.0,3759.863826860568,3816.8086690294303,3449.0368367926544,535.6764879692438,-5330.821241867874,3449.0368367926544,32.9471,-84.2618,142
4301,GW-Tionesta - CA,gateway,-1,-1,0.0,0.0,0.0,0.0,0.0,0.0,0.0,4773.378618784092,570.6879362435607,4177.581177117269,-2609.459203933544,-4037.5179035944325,4177.581177117269,41.1811,-122.8747,127
4302,GW-Toa Baja - PR,gateway,-1,-1,0.0,0.0,0.0,0.0,0.0,0.0,0.0,2706.4969120614564,5413.694743722178,2005.0736499489838,2437.2045323681446,-5540.14894931603,2005.0736499489838,18.4441,-66.2545,97
4303,GW-Toonpan - Australia,gateway,-1,-1,0.0,0.0,0.0,0.0,0.0,0.0,0.0,675.7526801011552,-5984.473437802178,-2092.975133677806,-5036.537384045274,3302.0986041513215,-2092.975133677806,-19.2833,146.75,87
4304,GW-Torrumbarry - Australia,gateway,-1,-1,0.0,0.0,0.0,0.0,0.0,0.0,0.0,384.99463171529993,-5149.45422973139,-3731.1803178330356,-4208.306110804728,2992.5339443875473,-3731.1803178330356,-36.0333,144.5833,123
4305,GW-Tracy City - TN,gateway,-1,-1,0.0,0.0,0.0,0.0,0.0,0.0,0.0,3753.3481350149614,3618.9388005227697,3661.412572167218,387.58012146307857,-5199.434768702858,3661.412572167218,35.2595,-85.7369,143
4306,GW-Tromsø - Norway,gateway,-1,-1,0.0,0.0,0.0,0.0,0.0,0.0,0.0,-1899.8046129118907,1157.4432988977717,5957.558011663977,2103.9747719356533,722.6497882535989,5957.558011663977,69.6496,18.956,1
4307,GW-Tucson - AZ,gateway,-1,-1,0.0,0.0,0.0,0.0,0.0,0.0,0.0,5117.710631658714,1735.7063349561827,3376.412541127345,-1932.9092126409475,-5046.533519782407,3376.412541127345,32.1701,-110.9577,133
4308,GW-Tukwila - WA,gateway,-1,-1,0.0,0.0,0.0,0.0,0.0,0.0,0.0,4280.258135073567,555.3779550634443,4680.166191245388,-2306.30071792401,-3648.2915692604806,4680.166191245388,47.5089,-122.2994,110
4309,GW-Tulelake - CA,gateway,-1,-1,0.0,0.0,0.0,0.0,0.0,0.0,0.0,4722.606343138205,694.2676833301119,4216.137244777536,-2481.9400290108583,-4077.3756241925216,4216.137244777536,41.644,-121.3293,128
4310,GW-Uruguaiana - Brazil,gateway,-1,-1,0.0,0.0,0.0,0.0,0.0,0.0,0.0,1656.8449438484472,5288.3299920458385,-3146.7960891578136,3011.1153441546317,-4652.3922509741415,-3146.7960891578136,-29.7547,-57.0883,136
4311,GW-Vernon - UT,gateway,-1,-1,0.0,0.0,0.0,0.0,0.0,0.0,0.0,4666.178919753966,1449.995809342713,4085.6357553615235,-1864.380978874595,-4516.613457434489,4085.6357553615235,40.09,-112.43,141
4312,GW-Villahermosa - Mexico,gateway,-1,-1,0.0,0.0,0.0,0.0,0.0,0.0,0.0,4862.5311290483205,3630.3918776668897,1957.2581230377264,-312.0043528569256,-6060.248134374697,1957.2581230377264,17.9893,-92.9472,82
4313,GW-Villarejo de Salvanes - Spain,gateway,-1,-1,0.0,0.0,0.0,0.0,0.0,0.0,0.0,-2898.115419517306,3927.216548597315,4092.147527714251,4872.858382700877,-278.1258466276979,4092.147527714251,40.1667,-3.2667,130
4314,GW-Villenave d’Ornon,gateway,-1,-1,0.0,0.0,0.0,0.0,0.0,0.0,0.0,-2862.3448565131316,3517.9832307764873,4469.5384657913,4535.11441111667,-44.287331299694394,4469.5384657913,44.7738,-0.5595,120
4315,GW-Virginia Beach - VA,gateway,-1,-1,0.0,0.0,0.0,0.0,0.0,0.0,0.0,3029.0044581833226,4120.944169912255,3798.2043586302134,1236.4789284729989,-4962.6775755302215,3798.2043586302134,36.7838,-76.0093,145
4316,GW-Wagin - Australia,gateway,-1,-1,0.0,0.0,0.0,0.0,0.0,0.0,0.0,-2081.017190095871,-4912.677768590399,-3483.3633667202007,-2451.1525520896635,4738.869756583439,-3483.3633667202007,-33.3167,117.35,133
4317,GW-Wailuku - HI,gateway,-1,-1,0.0,0.0,0.0,0.0,0.0,0.0,0.0,5320.136102915297,-2688.8142606810525,2261.107013069235,-5466.789710005605,-2376.5059538240994,2261.107013069235,20.9005,-156.5046,96
4318,GW-Warra - Australia,gateway,-1,-1,0.0,0.0,0.0,0.0,0.0,0.0,0.0,1048.77406867196,-5590.196916096997,-2876.566720914238,-4971.383938332883,2763.2535796674442,-2876.566720914238,-26.9833,150.9333,107
4319,GW-Warren - MO,gateway,-1,-1,0.0,0.0,0.0,0.0,0.0,0.0,0.0,3895.2107388788722,3101.512614071844,3972.684252970245,-101.17391838585417,-4978.133288067175,3972.684252970245,38.7728,-91.1643,141
4320,GW-Watkins - CO,gateway,-1,-1,0.0,0.0,0.0,0.0,0.0,0.0,0.0,4447.164933036597,2080.8779029861093,4057.382754357103,-1239.0504597600493,-4751.008603121519,4057.382754357103,39.7582,-104.617,140
4321,GW-Weehawken - NJ,gateway,-1,-1,0.0,0.0,0.0,0.0,0.0,0.0,0.0,2728.586342984248,3995.0307476820294,4142.406412007896,1331.457379977021,-4651.093995110152,4142.406412007896,40.7616,-74.0253,145
4322,GW-Wellington - UT,gateway,-1,-1,0.0,0.0,0.0,0.0,0.0,0.0,0.0,4657.042211536592,1603.513332886646,4038.7378931324747,-1740.4163811991302,-4607.629324157119,4038.7378931324747,39.5401,-110.6928,141
4323,GW-West Jordan - UT,gateway,-1,-1,0.0,0.0,0.0,0.0,0.0,0.0,0.0,4618.521497697832,1474.501474203152,4130.466712627204,-1815.087085685907,-4495.592763307252,4130.466712627204,40.6198,-111.9863,142
4324,GW-Westbury - NY,gateway,-1,-1,0.0,0.0,0.0,0.0,0.0,0.0,0.0,2696.13606209201,4017.499623419909,4141.926951090866,1369.4717127328145,-4640.474126370793,4141.926951090866,40.7559,-73.5579,147
4325,GW-Westminster - CO,gateway,-1,-1,0.0,0.0,0.0,0.0,0.0,0.0,0.0,4455.677471569612,2041.11767094456,4068.1532313463435,-1275.081994721972,-4732.165358906106,4068.1532313463435,39.8845,-105.0802,140
4326,GW-Willemstad - Curaçao,gateway,-1,-1,0.0,0.0,0.0,0.0,0.0,0.0,0.0,3051.4296471732896,5438.12101236404,1335.7483983252014,2235.703357090265,-5821.1694302656,1335.7483983252014,12.1696,-68.99,89
4327,GW-Wise - VA,gateway,-1,-1,0.0,0.0,0.0,0.0,0.0,0.0,0.0,3468.4983182291335,3740.9743404617443,3815.3838730320713,663.4084138862585,-5058.18731127431,3815.3838730320713,36.9773,-82.528,150
4328,GW-Wola Krobowska - Poland,gateway,-1,-1,0.0,0.0,0.0,0.0,0.0,0.0,0.0,-3540.216241220916,2024.021994735222,4887.722382555579,3818.4683846669054,1431.4661243199619,4887.722382555579,50.35,20.55,101
4329,GW-Yamaguchi - Japan,gateway,-1,-1,0.0,0.0,0.0,0.0,0.0,0.0,0.0,-811.3923001124829,-5218.990495552889,3563.5415837766304,-3497.7215388020154,3957.5451095791295,3563.5415837766304,34.1861,131.4706,119
