id,name,kind,shell_id,plane_id,inclination_deg,raan_deg,argp_deg,true_anomaly_deg,arg_of_lat_deg,semi_major_axis_km,altitude_km,eci_x_km,eci_y_km,eci_z_km,ecef_x_km,ecef_y_km,ecef_z_km,lat_deg,lon_deg,degree
0,STARLINK-5372,satellite,0,82,43.0158,63.8941,55.2895,326.3165,21.606,6868.8923,484.5665,1148.246335140586,6541.324073078766,1723.5749864145107,4684.958875202606,-4707.2869694616975,1723.5749864145107,14.6358,-45.1362,4
1,STARLINK-5368,satellite,0,82,43.006,63.858,75.486,323.721,39.207,6866.5148,485.9095,-504.6867812826147,6169.065518131515,2957.751729664756,5333.029954165932,-3141.794013325759,2957.751729664756,25.6803,-30.5032,3
2,STARLINK-4659,satellite,0,82,43.0211,63.9306,28.9063,324.9012,353.8075,6869.9834,485.9967,3485.1087479955795,5891.8215413538055,-505.16383595953187,2807.7116037086134,-6243.100160250198,-505.16383595953187,-4.2469,-65.7851,7
3,STARLINK-5387,satellite,0,82,43.0121,63.9656,15.2864,314.6261,329.9125,6865.3333,486.8593,4866.517654237031,4231.2110268818415,-2346.8198286017946,654.5231949904476,-6415.42985467277,-2346.8198286017946,-20.1126,-84.1747,4
4,STARLINK-5304,satellite,0,82,42.991,64.0376,100.372,199.7379,300.1098,6863.404,495.5991,5414.198039652579,1194.8827176204122,-4050.2372887961783,-2142.750050814861,-5113.698010361843,-4050.2372887961783,-36.3183,-112.7347,3
5,STARLINK-5082,satellite,0,82,42.9832,63.7317,97.316,346.0761,83.392,6861.2671,489.541,-4119.6433427969505,2913.267334032175,4644.5077707955215,4754.670734177993,1688.6959587034817,4644.5077707955215,42.8076,19.5533,14
6,STARLINK-5360,satellite,0,82,43.0046,63.8541,77.7309,323.9751,41.706,6866.1243,485.9528,-739.2930985586942,6067.88078715982,3112.7715330118094,5385.49516652605,-2891.7422679215997,3112.7715330118094,27.1312,-28.2336,4
7,STARLINK-5432,satellite,1,111,42.9981,52.7126,59.8239,251.7436,311.5675,6874.6048,502.5435,5756.599939545285,1350.1787363401183,-3507.919314736988,-2213.093920695205,-5483.032079262322,-3507.919314736988,-30.8363,-111.9803,4
8,STARLINK-5087,satellite,0,27,42.9885,52.4897,98.8322,326.796,65.6282,6862.6676,488.3768,-1901.6163787213243,5027.453849967054,4259.582107679969,5204.778016382766,-1342.2827070138535,4259.582107679969,38.5699,-14.4612,13
9,STARLINK-5084,satellite,0,27,42.981,52.4058,92.8394,358.2971,91.1365,6861.1265,489.3732,-4057.3015417717756,2952.2281596925304,4674.2541360560535,4750.597044646464,1615.2939754550716,4674.2541360560535,43.1488,18.779,15
10,STARLINK-5418,satellite,0,27,42.9936,52.2982,89.7677,35.0289,124.7966,6864.0985,487.3968,-5653.154866251918,-577.4531851106395,3840.784127947368,2785.0776487178755,4953.277158955904,3840.784127947368,34.2203,60.6523,5
11,STARLINK-5427,satellite,0,27,43.0211,52.6188,38.2547,325.7877,4.0424,6878.0652,493.055,3879.7992414093287,5661.319893379178,330.4724727639449,2391.9119117032656,-6432.8953431144255,330.4724727639449,2.774,-69.6036,10
12,STARLINK-5416,satellite,0,27,43.0073,52.5492,81.6917,321.9077,43.5994,6875.2047,495.8636,274.8715129008691,6055.638362069044,3231.148032287648,4791.179553448553,-3713.6112892147435,3231.148032287648,28.2073,-37.779,4
13,STARLINK-5078,satellite,0,27,43.0033,52.7084,70.5881,241.5851,312.1732,6865.2432,493.2541,5753.315460285874,1412.6102112904618,-3470.5324535409372,-2160.1735131062323,-5516.317321173685,-3470.5324535409372,-30.5188,-111.3852,4
14,STARLINK-5407,satellite,0,27,42.9853,52.3398,83.1685,26.6999,109.8684,6862.24,488.7012,-5159.216791492143,1037.571317003212,4397.543717082527,3820.528375008573,3619.06549750576,4397.543717082527,40.0593,43.4488,5
15,STARLINK-5409,satellite,1,111,43.0209,52.6153,31.82,327.9673,359.7873,6884.1083,499.5907,4190.70705233256,5453.513257313562,-17.419219272352368,2042.9331356426799,-6567.286856035588,-17.419219272352368,-0.146,-72.7203,7
16,STARLINK-5406,satellite,0,27,43.0053,52.6787,2.4165,319.0047,321.4212,6869.587,493.7916,5745.922820247436,2370.880872180991,-2921.188782935977,-1372.6764268628694,-6062.381099324664,-2921.188782935977,-25.3093,-102.7581,4
17,STARLINK-5400,satellite,0,27,43.0195,52.2071,138.1538,32.487,170.6408,6874.1902,488.7919,-4797.104543298168,-4853.704808524621,761.8519838861555,-1203.307690141965,6717.344190263899,761.8519838861555,6.4096,100.1559,4
18,STARLINK-5403,satellite,0,27,43.014,52.6027,57.0256,326.8542,23.8798,6873.6412,489.7635,2198.537437961807,6222.259367713172,1896.1764470502674,3819.04935449117,-5381.908632927037,1896.1764470502674,16.1262,-54.6402,8
19,STARLINK-5405,satellite,1,111,43.0174,52.6394,15.6453,327.6334,343.2788,6883.3721,501.4682,5147.888606850503,4358.1843516389745,-1350.2051151399353,596.1927931505707,-6718.562502857836,-1350.2051151399353,-11.3887,-84.929,4
20,STARLINK-5359,satellite,1,111,43.0206,53.0578,136.3784,31.6208,167.9992,6883.5636,498.5737,-4877.834297835282,-4747.463615054305,975.4626369254811,-1069.959651717465,6722.117564956697,975.4626369254811,8.2057,99.0439,4
21,STARLINK-5411,satellite,0,27,43.02,52.6361,21.2994,326.7967,348.0961,6869.8276,486.9675,4899.2280768483215,4710.426007130463,-966.0593157481039,1027.361152660561,-6718.264506525023,-966.0593157481039,-8.14,-81.3056,4
22,STARLINK-5398,satellite,0,27,42.9862,52.4431,100.9902,336.703,77.6932,6861.6371,489.1574,-2994.524609613636,4146.355294597309,4568.338327907368,5114.293768128329,58.6440099291297,4568.338327907368,41.9485,0.657,19
23,STARLINK-5379,satellite,0,27,43.0173,52.5848,50.5926,326.6686,17.2612,6875.5511,490.9052,2801.568988689132,6114.719508826676,1390.3474787816028,3383.716509581851,-5812.834597061351,1390.3474787816028,11.7503,-59.7958,10
24,STARLINK-5401,satellite,0,27,43.0198,52.1778,156.8027,31.8672,188.6699,6869.9506,485.9423,-3563.369139582758,-5823.793456700282,-705.9004981431674,-2707.0195820370695,6267.8716350690875,-705.9004981431674,-5.9396,113.3589,4
25,STARLINK-5397,satellite,1,111,43.0218,53.0499,142.3578,31.4563,173.8141,6884.7084,499.5311,-4543.150749600981,-5138.564249299319,505.62789242204786,-1582.4512321294933,6673.897615015448,505.62789242204786,4.2424,103.3391,4
26,STARLINK-5491,satellite,1,104,42.9848,220.1145,101.7404,186.4023,288.1427,6878.4457,512.9136,-4721.370112869645,2277.9755041295166,-4458.935285502918,4582.101991377702,2546.5367620997245,-4458.935285502918,-40.5599,29.0634,4
27,STARLINK-5655,satellite,0,49,42.998,219.7976,82.1667,325.6094,47.7761,6876.2087,497.873,-1165.655169660822,-5814.332233846402,3469.736933881579,-4080.7255858950725,4302.660803819376,3469.736933881579,30.4883,133.4836,7
28,STARLINK-5653,satellite,1,104,42.9864,220.239,72.2439,175.4775,247.7214,6874.339,508.0215,-1017.0064823979872,5238.134276823531,-4339.278727249272,4867.3100468081775,-2186.6974631881026,-4339.278727249272,-39.2931,-24.1926,4
29,STARLINK-5547,satellite,0,73,42.9908,231.1618,93.2284,324.8843,58.1126,6863.6029,487.7716,1045.8905151927536,-5493.536755280329,3971.04335494511,-5092.703500443397,2310.23897204546,3971.04335494511,35.5476,155.5992,6
30,STARLINK-5608,satellite,0,73,42.9807,231.0374,85.2222,10.9521,96.1742,6861.2503,489.7875,4342.382591296921,-2563.083454169025,4648.389297075115,-4596.780519680257,-2072.508676971388,4648.389297075115,42.8499,-155.7312,4
31,STARLINK-5665,satellite,1,104,42.9816,219.8022,105.5827,331.6242,77.2069,6877.064,505.0711,1969.7800871280187,-4741.720402175065,4569.928196429765,-5010.507595254522,1121.9445627775342,4569.928196429765,41.8472,167.3786,4
32,STARLINK-5574,satellite,1,104,43.0071,219.4938,177.078,37.043,214.121,6876.4347,499.5134,2598.3178100590862,5795.623343056559,-2630.2757728325614,3240.0076654036898,-5462.861494196761,-2630.2757728325614,-22.622,-59.3279,14
33,STARLINK-5654,satellite,0,49,42.9952,219.4514,72.5598,159.0144,231.5742,6868.8706,498.3119,795.612810858451,5752.959426944606,-3670.3994368557055,4243.762139075294,-3964.848650304823,-3670.3994368557055,-32.4537,-43.0539,11
34,STARLINK-5635,satellite,1,104,43.0053,220.0277,21.9161,298.9278,320.8439,6879.7773,504.6033,-6127.309684164074,-998.3505450483649,-2962.549152878294,2714.242798037114,5583.324619772065,-2962.549152878294,-25.6496,64.074,3
35,STARLINK-5625,satellite,1,104,43.0114,219.5868,119.2053,33.0846,152.2898,6880.067,497.3278,6178.740843653936,2076.5988217673716,2180.1863589078307,-1862.5738339592458,-6246.59265461206,2180.1863589078307,18.6011,-106.6032,30
36,STARLINK-5586,satellite,0,49,42.992,219.8499,91.1586,327.3578,58.5164,6870.3269,494.8341,-8.57522129748943,-5585.504658051952,3992.5112561432065,-4560.344259086977,3225.0885349324612,3992.5112561432065,35.7262,144.7319,7
37,STARLINK-5689,satellite,1,103,43.0169,271.2144,10.203,322.4982,332.7012,6877.3384,497.9139,-2175.0542016535314,-6155.858833303535,-2150.7472741830975,-3778.3070323299803,5324.458162586842,-2150.7472741830975,-18.3394,125.36,7
38,STARLINK-5690,satellite,0,46,42.9915,270.5535,79.6146,157.1102,236.7248,6863.9301,494.7767,-4234.919324054731,3726.3341588183353,-3914.211893139397,5485.6429919420825,1314.4690598813065,-3914.211893139397,-34.924,13.4751,4
39,STARLINK-5694,satellite,0,46,42.9994,270.8225,97.0377,38.4779,135.5157,6866.4911,487.7267,3445.445990439191,4944.863874719536,3278.7246363163986,2056.5720303178027,-5665.093847118008,3278.7246363163986,28.6974,-70.0478,59
40,STARLINK-5692,satellite,0,46,42.9816,270.5752,81.0406,176.3108,257.3514,6861.6012,497.2787,-4915.873674822321,1454.1583326375458,-4567.3390374935325,4020.821981248268,3180.1542475642696,-4567.3390374935325,-41.8764,38.3412,4
41,STARLINK-5696,satellite,1,103,43.0134,271.2019,11.4237,325.928,337.3517,6879.3231,499.0275,-1802.411263309894,-6384.68232844702,-1806.1441313066,-4180.03243057634,5151.716575726977,-1806.1441313066,-15.3202,129.0554,2
42,STARLINK-5695,satellite,0,46,42.9822,271.0103,101.4688,332.8031,74.2719,6868.5606,496.2346,4866.314179297169,-1775.4282655546497,4505.215221951748,-4254.8567619832,-2954.5478762011808,4505.215221951748,41.191,-145.2241,8
43,STARLINK-5704,satellite,0,46,43.0198,271.1299,25.67,328.3453,354.0154,6870.024,486.0296,-388.5159777646238,-6835.638155724874,-488.2589128606898,-5363.232484647559,4255.8936754342585,-488.2589128606898,-4.1045,141.5669,5
44,STARLINK-5701,satellite,0,46,42.9841,271.0269,99.4951,330.0894,69.5845,6864.7886,491.7581,4746.088621213889,-2308.6609306191376,4384.059493450449,-4621.424103582812,-2549.0609541176113,4384.059493450449,39.8907,-151.12,4
45,STARLINK-5706,satellite,0,46,42.9793,270.929,83.6461,12.5757,96.2218,6870.1446,498.6775,4981.560614989696,825.1002283873258,4653.871217578837,-2195.726592474317,-4547.034338863349,4653.871217578837,42.8435,-115.7755,84
46,STARLINK-5371,satellite,0,46,42.9946,270.8372,89.1195,39.8088,128.9282,6869.1913,492.1012,3842.256473679342,4369.703470567748,3641.428646954078,1357.8457642669787,-5658.0471994041245,3641.428646954078,32.1998,-76.5051,77
47,STARLINK-5373,satellite,0,46,42.9838,270.5626,80.6784,175.8968,256.5752,6861.6088,497.2571,-4900.941766683031,1546.0189896106397,-4553.2490155098885,4087.300843929203,3115.0243542981357,-4553.2490155098885,-41.7187,37.3118,4
48,STARLINK-5013,satellite,0,46,42.9847,271.0201,100.0711,327.7559,67.827,6862.7798,489.2094,4691.757821497416,-2505.4099682263454,4330.524370581678,-4750.933361463223,-2391.2972963238753,4330.524370581678,39.3273,-153.2824,4
49,STARLINK-5362,satellite,0,46,42.982,270.4816,97.9737,184.9599,282.9336,6861.7883,497.2617,-4882.378396826622,-1577.836396350802,-4562.219562735145,1523.3376973948086,4899.655984163017,-4562.219562735145,-41.8191,72.7292,4
50,STARLINK-5344,satellite,0,46,42.9916,270.8444,86.4219,36.4028,122.8247,6873.7917,497.8098,4166.744024007211,3785.249346832748,3935.9839728886514,693.1920647618083,-5586.533195162167,3935.9839728886514,35.1285,-82.9267,97
51,STARLINK-5363,satellite,0,46,43.0198,271.1492,34.9666,331.3793,6.3459,6870.759,485.8048,691.3741014312355,-6809.266519124564,517.6011813092254,-5963.854707278233,3358.056834997864,517.6011813092254,4.3518,150.6175,5
52,STARLINK-5365,satellite,1,103,42.9796,270.9657,90.6789,351.9389,82.6179,6875.142,503.6759,5000.041833043465,-798.8020126990743,4646.081503732608,-3533.6630552849015,-3626.531179983335,4646.081503732608,42.7163,-134.2569,44
53,STARLINK-5366,satellite,0,46,43.0103,270.6844,171.642,37.4888,209.1308,6873.8399,494.888,-2517.234647400948,5971.954174820418,-2281.496624820316,6331.448213947581,-1383.2824911531168,-2281.496624820316,-19.5062,-12.3242,4
54,STARLINK-5141,satellite,1,103,42.9856,270.9941,100.431,335.6116,76.0426,6874.4472,502.1982,4905.892390398209,-1572.401724552183,4546.394831467546,-4111.716937013886,-3103.8703515796005,4546.394831467546,41.6054,-142.9514,21
55,STARLINK-5367,satellite,1,103,42.9929,271.0457,86.7048,327.5251,54.23,6879.7227,503.1485,4152.575135578308,-3943.3768403571607,3803.6370703177836,-5615.599290883405,-1122.116645415362,3803.6370703177836,33.7568,-168.6999,7
56,STARLINK-5737,satellite,0,68,42.9829,296.5979,102.6437,182.3389,284.9827,6859.3548,494.7552,-3542.6367876242007,-3758.295210081473,-4520.380999896901,-1030.739624205952,5060.892621093776,-4520.380999896901,-41.3704,101.5118,7
57,STARLINK-5751,satellite,0,46,42.9818,270.6208,98.9179,181.0082,279.9261,6861.5582,497.4526,-4934.603947492872,-1237.0740793936136,-4610.878974559461,1831.94777507793,4746.012615439071,-4610.878974559461,-42.3653,68.8935,4
58,STARLINK-5752,satellite,0,68,42.9934,296.5023,99.7046,193.8461,293.5507,6870.4313,504.2725,-2899.1379391723895,-4514.705280473057,-4297.0597906873745,-2019.7385257325036,4970.736449214736,-4297.0597906873745,-38.8647,112.1132,7
59,STARLINK-5754,satellite,0,68,43.0194,296.4657,12.2095,322.2781,334.4876,6866.0078,486.2156,825.619327615938,-6507.369209410597,-2016.5274075322345,-5794.4455941269125,3074.394502730789,-2016.5274075322345,-17.1891,152.0506,8
60,STARLINK-5757,satellite,0,46,43.023,270.8505,157.7724,32.4851,190.2574,6869.9566,486.5048,-993.790895773434,6740.607606435103,-833.9919622346745,6081.973636257392,-3071.320226925705,-833.9919622346745,-7.0217,-26.7932,7
61,STARLINK-5742,satellite,0,68,43.0078,296.0547,108.6587,36.7545,145.4132,6867.2215,485.7195,77.62964940569563,6325.014084992073,2656.4119863058863,5124.993066198432,-3707.5970127877918,2656.4119863058863,22.9081,-35.8833,3
62,STARLINK-5736,satellite,1,105,43.0186,296.8637,142.8766,31.822,174.6986,6879.9562,494.5804,-2678.0842829645444,6314.527752835321,433.215402687382,6704.122310626337,-1449.1860515997914,433.215402687382,3.6366,-12.1976,2
63,STARLINK-5767,satellite,0,68,43.0206,296.4004,57.5201,324.442,21.9621,6875.0657,491.2594,4514.246606613536,-4870.3097253205915,1752.4437932849078,-6581.5997842217585,-883.6761432822888,1752.4437932849078,14.8715,-172.3529,7
64,STARLINK-5727,satellite,0,68,43.0187,296.3599,35.4373,328.2083,3.6456,6870.1398,485.3012,3327.1274087673396,-5995.649181102683,297.73066476725205,-6817.433636787863,734.9724518793535,297.73066476725205,2.5018,173.8468,4
65,STARLINK-5728,satellite,0,68,42.9798,296.2492,93.542,346.7551,80.297,6864.9549,493.0702,4949.26044724574,1151.208750988772,4610.865825217572,-1910.5736994544702,-4708.520861372187,4610.865825217572,42.3985,-112.0858,92
66,STARLINK-5697,satellite,0,68,43.02,296.4346,26.2648,328.2554,354.5202,6870.0875,485.8448,2612.563883014125,-6331.470745745846,-447.19362276369185,-6680.221108687977,1512.50050780318,-447.19362276369185,-3.7589,167.2425,3
67,STARLINK-5762,satellite,0,68,42.9794,296.2371,95.4328,348.1365,83.5693,6866.5128,494.727,4815.16333675138,1516.2659195022998,4649.329091033105,-1534.9361750117694,-4809.24435196207,4649.329091033105,42.8224,-107.7012,105
68,STARLINK-5760,satellite,0,68,43.0192,296.3956,57.1273,327.0231,24.1504,6874.2491,490.1104,4625.311227450246,-4699.231363901441,1916.6540898307753,-6505.759428469374,-1073.0207924985145,1916.6540898307753,16.3042,-170.6343,7
69,STARLINK-5759,satellite,0,68,42.9802,296.1884,84.1354,13.6281,97.7635,6861.3441,489.3371,4051.9163418103008,3025.103777225154,4632.349677551517,138.04859507187004,-5054.72269164293,4632.349677551517,42.6708,-88.4356,105
70,STARLINK-5703,satellite,0,68,43.0211,296.0135,137.918,32.5122,170.4302,6869.8564,484.9757,-2218.3957088699262,6447.5801810643125,778.4293864733914,6548.0232203797195,-1901.5681996062672,778.4293864733914,6.5533,-16.1935,2
71,STARLINK-5750,satellite,0,68,42.9992,296.0803,95.4937,39.4406,134.9344,6865.6345,486.8175,1059.9794804691949,5913.253602259774,3311.9214665634768,4222.463361733426,-4273.280686132471,3311.9214665634768,29.0192,-45.3427,3
72,STARLINK-5729,satellite,0,68,42.9852,296.2821,102.0868,327.0036,69.0905,6862.3722,488.9934,5286.085626231212,-119.4450880822515,4368.194431588357,-3143.1976785244988,-4251.7380834940195,4368.194431588357,39.7373,-126.4745,63
73,STARLINK-5743,satellite,0,87,43.0026,284.8233,99.929,36.1476,136.0765,6876.325,497.1914,2103.482345464301,5675.651742979662,3250.6073512980515,3427.0481314628346,-4989.28870580819,3250.6073512980515,28.3863,-55.5156,7
74,STARLINK-5744,satellite,1,105,42.9997,296.5181,84.5691,224.6192,309.1883,6877.7167,506.5801,-1548.4052812743776,-5630.1262386500475,-3636.061212413171,-3709.644850777374,4509.369740808024,-3636.061212413171,-32.0708,129.4425,14
75,STARLINK-5748,satellite,0,46,42.9923,270.5569,102.7214,199.7001,302.4215,6870.2593,501.1355,-4207.087481852959,-3725.536391034149,-3955.6863474359884,-621.1421539428115,5585.104198265141,-3955.6863474359884,-35.3104,96.346,5
76,STARLINK-5714,satellite,0,46,43.0201,270.4026,32.0353,328.8054,0.8408,6870.4552,485.5342,121.85968412404019,-6862.243158645269,68.71271413732612,-5679.030078773542,3854.0690594972466,68.71271413732612,0.5772,145.8373,5
77,STARLINK-5948,satellite,0,39,42.9863,347.3124,101.3987,180.3406,281.7394,6861.5197,497.4575,282.7793275011685,-5104.310397649879,-4583.510093845495,-4334.905948173716,2709.71201497628,-4583.510093845495,-42.0567,147.9909,15
78,STARLINK-5940,satellite,1,112,43.0144,335.8713,11.4841,325.9257,337.4098,6879.0268,498.3632,5003.57950026845,-4357.104251007529,-1801.6131459604098,-6444.062172818189,-1579.3125031190846,-1801.6131459604098,-15.2823,-166.2294,4
79,STARLINK-5939,satellite,1,112,42.9972,335.9402,101.7912,203.6865,305.4777,6878.0773,508.4262,1975.5336049971502,-5369.59908856181,-3820.7781744598815,-5527.016042670824,1478.9932590840965,-3820.7781744598815,-33.8996,165.019,16
80,STARLINK-5774,satellite,1,112,42.9907,336.1343,76.4884,163.6822,240.1706,6879.519,511.5149,-4897.506547637424,-2608.6265320610105,-4071.0494711386496,689.5424916138379,5505.909000354353,-4071.0494711386496,-36.4363,82.8616,4
81,STARLINK-5758,satellite,0,23,43.0163,321.9003,45.7385,327.6794,13.4179,6873.0033,488.1846,5974.242013970638,-3204.06777436677,1086.9046704815528,-6060.879121893779,-3036.998882782092,1086.9046704815528,9.1647,-153.3854,9
82,STARLINK-5795,satellite,1,99,43.0112,321.9769,13.2377,310.2926,323.5303,6874.9966,498.6977,2514.04325072018,-5758.059223613061,-2786.8748939475768,-6154.7835057015745,1262.655727849423,-2786.8748939475768,-24.0527,168.4066,9
83,STARLINK-5798,satellite,1,99,42.9875,322.2119,82.7609,161.0087,243.7696,6873.0659,505.6896,-5166.181163844126,-1703.4318533113055,-4205.422036979022,1584.1953787245334,5203.982407595289,-4205.422036979022,-37.8798,73.0687,1
84,STARLINK-6076,satellite,0,70,42.9934,91.7142,93.1276,322.7955,55.9231,6866.7615,490.8289,-4270.4683963838515,3718.801655345157,3875.8663607242875,5499.967878591842,1347.8647598216585,3875.8663607242875,34.5565,13.77,12
85,STARLINK-6101,satellite,0,15,43.0024,89.6021,115.7718,108.9847,224.7565,6865.6959,493.1216,3501.6771622621495,-4900.238504735787,-3297.2914365715715,-6022.671651468186,-38.814051643681594,-3297.2914365715715,-28.85,-179.6308,8
86,STARLINK-6107,satellite,0,78,42.9908,78.3014,83.8407,155.5696,239.4103,6872.3426,504.0039,3529.528815295635,-4303.528301441719,-4035.377270395628,-5551.000176694727,-405.3720977659505,-4035.377270395628,-36.113,-175.8233,9
87,STARLINK-6091,satellite,1,101,43.0106,78.3722,167.3571,42.3632,209.7203,6875.1843,496.66,1237.2826501754168,-6347.982411875714,-2324.075886856303,-5901.350744435651,2646.093053741177,-2324.075886856303,-19.8798,155.8491,9
88,STARLINK-6079,satellite,0,78,43.0126,78.4561,116.2023,37.3939,153.5962,6875.8932,492.7199,-3419.5145022509046,-5580.9215099421635,2083.689114405017,-2591.3910069699405,6010.362466626675,2083.689114405017,17.7626,113.3235,5
89,STARLINK-6092,satellite,0,78,42.982,78.2327,85.0234,176.3089,261.3323,6861.477,497.9108,4650.41153637101,-2025.7441996075815,-4627.768500905806,-4335.059299820524,-2633.8617820409486,-4627.768500905806,-42.5529,-148.7183,4
90,STARLINK-6094,satellite,0,15,43.0194,89.7042,130.1968,33.3853,163.582,6866.8904,482.2731,-1451.460345642767,-6572.507772614276,1322.7519548229495,-4535.75044958622,4973.083893835584,1322.7519548229495,11.186,132.3667,6
91,STARLINK-6115,satellite,0,78,42.9803,78.6433,94.5794,349.4944,84.0738,6861.5082,490.3603,-4753.720577896914,1677.0555031237282,4650.867330046732,4109.581642446364,2919.19735840967,4650.867330046732,42.8737,35.3877,8
92,STARLINK-6126,satellite,0,78,42.9966,78.0993,99.545,203.9399,303.4848,6863.8179,494.6757,4879.358557330749,2842.9142339042055,-3905.1141808155876,-487.59265095977736,-5626.060315981509,-3905.1141808155876,-34.8318,-94.9533,4
93,STARLINK-6119,satellite,0,78,42.9904,78.5537,81.6095,31.3986,113.0081,6874.1688,500.1119,-5066.1646011833245,-1713.8523057883099,4311.712216201949,1518.0538895520601,5128.238087370239,4311.712216201949,39.0501,73.5103,4
94,STARLINK-6124,satellite,0,78,43.0195,77.9992,21.2389,330.6113,351.8502,6875.0283,490.8404,2110.1184615795487,6502.781302207974,-664.3234983684615,4099.275035417889,-5471.262082028618,-664.3234983684615,-5.5846,-53.1581,8
95,STARLINK-6122,satellite,0,78,43.02,78.4085,150.2191,34.6484,184.8674,6870.0786,485.8762,-957.0905451813966,-6785.261796818731,-397.3519791117463,-4994.474282402821,4691.591052666484,-397.3519791117463,-3.3394,136.7911,2
96,STARLINK-6121,satellite,1,102,42.9849,26.7114,88.1876,8.0352,96.2228,6876.3219,504.2345,-2911.966142234149,4129.64367697853,4658.118993379698,5053.0686797716435,0.7936231093150664,4658.118993379698,42.8488,0.009,18
97,STARLINK-6117,satellite,0,78,42.9885,78.1641,97.7487,183.6317,281.3804,6869.8787,505.8723,5103.130094448894,316.50076223631726,-4595.180258266466,-2681.4699357443765,-4353.369784094293,-4595.180258266466,-42.1245,-121.6311,4
98,STARLINK-6120,satellite,0,78,43.0111,78.3623,168.7,40.6866,209.3866,6868.1343,489.6766,1206.0369242622944,-6355.969402091261,-2298.0325651975572,-5889.876696486576,2676.2332863913,-2298.0325651975572,-19.6689,155.564,10
99,STARLINK-6071,satellite,0,78,42.9912,77.6822,83.4409,34.6412,118.0821,6863.1129,487.9051,-5012.814394281448,-2209.9088318300423,4126.0145011857885,1081.8668822288198,5370.434735256746,4126.0145011857885,37.1573,78.6103,4
100,STARLINK-5566,satellite,0,78,42.9983,77.8782,93.1377,322.4339,55.5716,6872.5332,496.2072,-3235.2227861772044,4666.152362598893,3863.118923795291,5677.825225646899,-44.102768565704615,3863.118923795291,34.3963,-0.445,13
101,STARLINK-5564,satellite,0,78,43.0046,77.918,77.1401,322.61,39.7501,6866.5266,486.1311,-2032.9231011166898,5829.021524877824,2991.968485437722,5935.587586345182,-1696.7817412289269,2991.968485437722,25.9981,-15.9534,6
102,STARLINK-5489,satellite,1,101,43.0107,78.0315,5.1828,324.1993,329.3821,6874.2908,495.8342,3729.699521672568,5254.1667101345765,-2387.243741770819,2145.606967381429,-6075.631414213279,-2387.243741770819,-20.4461,-70.5493,10
103,STARLINK-5090,satellite,1,101,43.0066,78.0359,12.0925,311.013,323.1055,6878.9601,503.1654,4094.0603951631133,4754.985332849103,-2816.3066624205676,1527.6775776029924,-6085.837432411607,-2816.3066624205676,-24.3059,-75.9087,9
104,STARLINK-4774,satellite,1,101,43.0202,78.3964,154.1443,31.5929,185.7372,6878.9643,494.475,-883.3879652200984,-6799.36366267106,-468.72308527336156,-5048.46399750038,4639.475377700566,-468.72308527336156,-3.9351,137.4174,4
105,STARLINK-5375,satellite,1,101,43.0173,78.4272,125.5819,37.4657,163.0476,6884.9337,500.6607,-2756.320897523047,-6151.178381211313,1368.161691215389,-3439.585605966665,5796.857012798454,1368.161691215389,11.5436,120.6829,4
106,STARLINK-5377,satellite,1,101,43.0198,77.9798,29.8904,328.2761,358.1665,6881.9464,497.3929,1588.4436124708634,6687.831752250963,-150.08020247795292,4551.087247985678,-5151.490222997401,-150.08020247795292,-1.2586,-48.541,8
107,STARLINK-5376,satellite,0,78,42.9958,77.6474,91.8142,37.2589,129.0731,6870.0956,492.4404,-4733.21984870322,-3392.7962997327513,3634.253661023154,-46.04834512698095,5823.428235803155,3634.253661023154,32.1271,90.4531,4
108,STARLINK-5374,satellite,0,78,43.0188,77.9971,21.0351,325.306,346.3411,6869.6998,486.9338,2546.4213450312113,6278.077581466764,-1105.9034389698922,3664.239338525297,-5698.409414507686,-1105.9034389698922,-9.328,-57.2578,6
109,STARLINK-5111,satellite,1,101,43.011,77.9294,61.2633,327.1873,28.4506,6878.7752,495.8042,-1077.4261004024333,6408.768844823148,2233.0994372315904,5858.93314075501,-2811.773027889495,2233.0994372315904,19.0739,-25.6369,4
110,STARLINK-30107,satellite,0,94,43.02,122.4629,128.7615,36.1405,164.9019,6867.0182,482.3893,2452.7209193189447,-6289.323820791969,1219.0491496703946,-6553.679256972729,1618.8644870931755,1219.0491496703946,10.299,166.1248,4
111,STARLINK-30106,satellite,0,79,43.0164,139.9357,15.6484,324.8057,340.4541,6869.04,487.6122,-3870.0947737392016,5448.917294553723,-1566.785723513715,6683.394791941353,23.817969295086918,-1566.785723513715,-13.2731,0.2042,4
112,STARLINK-30095,satellite,0,52,42.9829,114.3484,74.135,30.0668,104.2018,6859.1912,486.9559,-3736.169069205189,-3536.929247808844,4531.243343343847,-738.3039237569905,5091.535636117676,4531.243343343847,41.5492,98.2507,3
113,STARLINK-30103,satellite,0,79,42.979,140.0874,94.2419,185.2289,279.4708,6861.3898,497.91,2312.6029628044,4525.50578509803,-4617.193167901355,2366.4974584658457,-4497.55765428328,-4617.193167901355,-42.4332,-62.2478,13
114,STARLINK-30113,satellite,0,79,43.0112,139.9341,22.8352,312.8901,335.7253,6868.5625,488.5531,-3460.949092920136,5607.466266343485,-1925.2000704580685,6577.255384147905,-401.9429855865735,-1925.2000704580685,-16.3827,-3.4971,4
115,STARLINK-30098,satellite,0,79,42.9816,140.1236,81.1395,184.034,265.1735,6861.1317,497.583,3652.2299004177444,3470.6480210358086,-4664.2677876219,732.4907063947262,-4984.740544548988,-4664.2677876219,-42.9705,-81.6404,10
116,STARLINK-30049,satellite,0,79,42.9853,140.4192,82.1863,24.777,106.9633,6859.4394,486.6544,-1514.8226187454327,-4971.581422240712,4470.8991554245995,-3190.735070009434,4102.501568219523,4470.8991554245995,40.8804,127.8741,7
117,STARLINK-30083,satellite,0,52,42.9816,114.7587,96.3204,185.8491,282.1696,6861.5254,497.6226,3852.735867987406,3370.803829511243,-4575.950932650263,535.362351636637,-5091.098042463376,-4575.950932650263,-41.9705,-83.997,9
118,STARLINK-30089,satellite,0,21,42.9813,100.4534,81.2741,19.3817,100.6558,6858.9052,486.2186,-4616.514677736812,-2140.6309544722435,4592.694123993869,910.1633647685574,5006.606765308949,4592.694123993869,42.2452,79.6966,4
119,STARLINK-30086,satellite,0,79,42.9924,140.1421,72.1279,164.8369,236.9648,6863.7413,494.8555,5571.529072520909,833.0567591758264,-3925.0219928770684,-2529.132748943749,-5033.826308900066,-3925.0219928770684,-35.0339,-116.6762,4
120,STARLINK-30109,satellite,0,79,42.9831,140.0202,92.9311,183.9573,276.8884,6859.6136,496.4376,2572.4943801911836,4349.396589096931,-4646.488788530165,2072.8194436486024,-4608.513597614261,-4646.488788530165,-42.7768,-65.7827,13
121,STARLINK-30108,satellite,0,95,42.9803,128.7769,83.5672,181.9795,265.5468,6874.2111,510.6239,4245.948207155818,2725.8915461653996,-4675.480737965636,-218.30220605733945,-5040.923035133168,-4675.480737965636,-42.997,-92.4797,5
122,STARLINK-30104,satellite,0,79,43.0168,140.2924,169.529,36.1134,205.6424,6868.3956,488.7826,6148.96237140112,-2282.8413740214596,-2026.7658136781308,-5408.5840941357155,-3710.568835167085,-2026.7658136781308,-17.2724,-145.5479,4
123,STARLINK-30101,satellite,0,79,43.0124,139.8491,63.9556,325.8677,29.8233,6865.3775,482.8459,-6156.2181243761825,1930.3445698427502,2326.785555184408,5124.652949262636,3919.589762058392,2326.785555184408,19.9459,37.4106,4
124,STARLINK-30111,satellite,0,79,43.0171,139.8055,49.9351,326.4723,16.4073,6869.4582,484.7471,-5942.835398456404,3165.8113084743695,1322.3376428194067,6011.515515434076,3033.3702414486197,1322.3376428194067,11.1783,26.7752,3
125,STARLINK-30099,satellite,0,79,42.9932,139.9179,86.6881,218.3423,305.0304,6861.6633,491.7707,-367.48359672761137,5681.747950116334,-3832.293685517627,4855.673931729194,-2973.1691225425734,-3832.293685517627,-34.1096,-31.4795,6
126,STARLINK-30094,satellite,0,79,43.0116,139.7677,61.0801,324.3425,25.4226,6868.3223,485.0007,-6122.012619204339,2358.222350925006,2009.2622687857697,5454.6693093460835,3645.110957402717,2009.2622687857697,17.1284,33.753,4
127,STARLINK-30112,satellite,0,79,43.0163,139.8412,24.2643,324.829,349.0933,6869.786,486.4004,-4538.844572841659,5072.553802405428,-886.0289871867669,6761.0750685793255,787.2585672744489,-886.0289871867669,-7.4623,6.6416,4
128,STARLINK-6156,satellite,0,95,42.9834,129.5654,96.4619,333.6199,70.0818,6866.0066,492.6254,-5127.342341487643,-1204.036201842352,4398.5275747917985,1969.9970413561903,4884.511676637369,4398.5275747917985,40.0424,68.035,4
129,STARLINK-6158,satellite,0,95,42.9942,128.971,104.3809,197.5468,301.9277,6863.6358,494.5321,1029.9546580626084,5503.238490504367,-3973.466224666119,3904.638273162138,-4012.5104905521493,-3973.466224666119,-35.5321,-45.7806,12
130,STARLINK-6188,satellite,0,95,42.9822,128.6847,96.7095,341.6019,78.3114,6861.4802,489.226,-4703.378525100566,-1986.2182196801386,4578.502525255932,1086.4183242366757,4988.639853840853,4578.502525255932,42.0624,77.714,4
131,STARLINK-6189,satellite,0,95,43.0142,129.3172,120.7681,37.5057,158.2737,6872.4985,488.9272,2603.49190269723,-6111.766385208384,1733.7548449184046,-6495.420019292923,1393.333128774998,1733.7548449184046,14.7145,167.893,3
132,STARLINK-6191,satellite,0,95,42.9855,128.7077,98.1312,331.4844,69.6156,6862.2271,488.6581,-5163.518094785645,-1076.7270753282387,4383.081627568794,2094.895134696117,4840.730800669484,4383.081627568794,39.9017,66.5988,3
133,STARLINK-6157,satellite,0,95,43.0163,128.8339,51.7066,325.217,16.9235,6869.2696,484.7907,-5254.310682230995,4198.018535009388,1362.7215150270247,6458.4926139518275,1875.9033880290299,1362.7215150270247,11.5242,16.1962,5
134,STARLINK-6159,satellite,0,95,42.9808,129.4608,77.9696,22.5311,100.5007,6867.2289,495.2213,-3016.874282514247,-4103.651713994011,4601.003410798557,-1615.932300786755,4830.139814284454,4601.003410798557,42.2707,108.4978,4
135,STARLINK-6160,satellite,0,95,43.0062,129.3579,97.7683,38.0522,135.8206,6874.0115,495.0399,417.2235078421429,-6028.3311058928375,3264.824140645614,-5167.609546222889,3132.197783594985,3264.824140645614,28.5314,148.7791,7
136,STARLINK-6166,satellite,0,95,42.9897,129.1605,81.2663,159.9853,241.2516,6863.996,496.0993,5500.04614338787,220.12451393054263,-4104.977261906846,-2988.925139917242,-4622.260149429025,-4104.977261906846,-36.8852,-122.8882,4
137,STARLINK-6153,satellite,0,95,42.9846,129.0099,102.3075,184.8231,287.1306,6865.671,500.3048,2457.895059534317,4595.030230158834,-4475.743235640763,2339.6131126059427,-4656.367835886581,-4475.743235640763,-40.8353,-63.3226,14
138,STARLINK-6173,satellite,0,95,42.9812,129.0478,100.4884,175.6905,276.1789,6862.0119,498.1363,3412.9689087522606,3720.1126216048806,-4654.051420493154,1074.2392146927668,-4932.9103781793765,-4654.051420493154,-42.8498,-77.7145,11
139,STARLINK-5836,satellite,0,95,42.9872,129.068,87.1315,182.3267,269.4582,6867.5724,504.1437,3943.844114450149,3117.7213193449775,-4685.576834044103,276.01473103444806,-5019.751835741808,-4685.576834044103,-43.1627,-86.8527,10
140,STARLINK-6178,satellite,0,95,43.0198,128.8546,30.7313,328.6025,359.3338,6870.1063,485.4134,-4260.092650095869,5381.16648426424,-54.443369108211584,6852.715654990759,381.61534378768545,-54.443369108211584,-0.4573,3.1874,5
141,STARLINK-6176,satellite,0,95,42.9914,129.5887,89.5877,326.5949,56.1826,6870.1914,493.8887,-5649.9690677579365,285.763006830912,3889.2609830778533,3488.7876800767112,4453.332626925535,3889.2609830778533,34.675,51.9245,4
142,STARLINK-6145,satellite,0,95,43.0126,129.3132,116.7008,38.0857,154.7865,6877.6508,494.5237,2282.5041320857426,-6165.4004911280435,1996.6356237665264,-6354.320999709784,1686.5921147798788,1996.6356237665264,16.9931,165.1351,4
143,STARLINK-6298,satellite,0,95,43.0127,128.8063,62.2665,324.917,27.1834,6868.2198,484.8714,-5610.727454729861,3319.700381680764,2138.1277880512935,5945.952531996577,2673.26049659107,2138.1277880512935,18.2642,24.2084,4
144,STARLINK-6303,satellite,0,95,43.0129,128.8817,8.6404,327.3387,335.9791,6873.1574,493.1805,-2347.0036007928356,6168.0460120953485,-1907.6247065143657,6393.644569557,-1635.3980028219903,-1907.6247065143657,-16.2178,-14.3478,4
145,STARLINK-6305,satellite,1,108,43.0183,117.5947,15.2655,326.1097,341.3752,6877.5222,495.7842,-1594.6161093155017,6515.480075740656,-1497.496367058427,6244.131242948776,-2450.5318145849355,-1497.496367058427,-12.6609,-21.4277,5
146,STARLINK-5775,satellite,1,110,42.9873,143.1789,76.6761,31.0196,107.6957,6877.0668,504.2828,-1198.271410545585,-5086.57230382833,4464.771260023941,-3467.10277837256,3910.0218029578336,4464.771260023941,40.6858,131.5641,3
147,STARLINK-5335,satellite,0,4,42.9812,143.2564,95.2452,345.7259,80.971,6872.6886,500.6919,-3832.871980303549,-3332.0712582444253,4625.047802919,-515.1490216068853,5052.546681917161,4625.047802919,42.5008,95.8217,4
148,STARLINK-5334,satellite,0,4,43.0034,143.3708,80.371,323.1362,43.5072,6877.3229,498.0195,-6063.619890352917,197.1428914412604,3226.473078335303,3654.6787262107237,4842.486438030786,3226.473078335303,28.1533,52.9577,5
149,STARLINK-5339,satellite,1,110,43.0191,143.0191,145.4038,33.987,179.3908,6883.6661,499.0174,5461.250298463792,-4179.413116324038,49.88486288511383,-6562.513496733381,-2055.7639515675137,49.88486288511383,0.4182,-162.6064,3
150,STARLINK-5349,satellite,1,110,43.0184,143.0373,127.7035,33.6501,161.3536,6884.1476,500.0195,4239.931747181168,-5202.660339147831,1500.095053571551,-6695.198859961093,-467.9829600233959,1500.095053571551,12.6753,-176.0016,2
151,STARLINK-6280,satellite,1,98,43.023,129.5977,17.1745,328.8294,346.0039,6876.306,493.4279,-3313.3680349072424,5911.548103999534,-1133.8239566785555,6740.7665922220485,-697.7639069403866,-1133.8239566785555,-9.5565,-5.9099,2
152,STARLINK-6319,satellite,0,95,43.0169,129.5596,45.7657,328.1162,13.8819,6869.9174,484.9966,-5171.074285420645,4369.554770568595,1123.248141043706,6550.740397874949,1709.040197884927,1123.248141043706,9.4783,14.6221,5
153,STARLINK-6310,satellite,0,95,42.9839,129.2989,73.0774,36.3464,109.4238,6862.5737,489.375,-2217.1293090960203,-4762.039210753536,4410.029601259886,-2614.8338883831725,4555.801088082062,4410.029601259886,40.1911,119.854,7
154,STARLINK-6308,satellite,0,95,43.0035,129.2191,104.0707,36.3106,140.3812,6866.4883,486.2649,862.7858867623556,-6116.968707823185,2983.7198765713506,-5496.767111307587,2819.0879700590394,2983.7198765713506,25.9207,152.8484,4
155,STARLINK-6314,satellite,0,95,43.0196,129.1513,141.4833,34.0471,175.5304,6870.2608,485.6365,4017.1046182122836,-5553.400133763961,364.9259074226876,-6853.492816465478,-83.7781236846682,364.9259074226876,3.0667,-179.2996,4
156,STARLINK-6249,satellite,0,80,43.0107,155.1393,166.6971,42.6776,209.3747,6868.0812,489.7878,6463.69260357779,-280.9276757298876,-2297.2014726354723,-3953.6610660813076,-5121.211439404747,-2297.2014726354723,-19.6611,-127.6687,4
157,STARLINK-6226,satellite,0,80,42.9844,154.4855,78.0349,32.2711,110.306,6862.1926,489.004,121.18754199738558,-5271.67970004546,4385.430460857721,-4378.6035771975085,2938.217826159241,4385.430460857721,39.9249,146.1368,7
158,STARLINK-6086,satellite,0,80,43.0045,154.6924,73.6801,324.8259,38.5061,6866.6141,485.9398,-6188.395939893732,-528.8424286455064,2913.161498523822,3133.1877050694843,5362.746817446291,2913.161498523822,25.266,59.7044,5
159,STARLINK-6187,satellite,0,80,43.0123,154.7951,9.0738,325.6703,334.7441,6868.4222,488.2521,-4705.281607006289,4581.583919504564,-1997.9328171517568,6455.6756732647455,1206.1665781774336,-1997.9328171517568,-17.0206,10.583,4
160,STARLINK-6291,satellite,0,80,43.0237,154.7748,20.1259,328.1951,348.321,6876.6759,493.211,-5653.690733250484,3787.4776544452097,-948.9919819776846,6353.04121798585,2438.8671904671332,-948.9919819776846,-7.9879,21.0013,4
161,STARLINK-6244,satellite,0,80,43.0144,155.1487,167.8158,34.9902,202.806,6872.8026,492.1854,6563.656096761676,-894.5831859285521,-1816.2706747223733,-4512.8231974938435,-4849.359465049403,-1816.2706747223733,-15.424,-132.9413,4
162,STARLINK-6263,satellite,0,80,42.9929,154.6541,91.4798,322.6739,54.1537,6864.2209,487.6046,-5371.0861603477915,-1955.7950716644168,3791.4044708158594,1495.9832266132519,5516.859168940077,3791.4044708158594,33.7206,74.8282,4
163,STARLINK-6255,satellite,0,80,42.9806,154.9696,87.9614,181.0818,269.0432,6865.2516,501.6634,2230.0889194203155,4504.6831201484,-4682.865743698,2397.0184900964928,-4418.1182600295715,-4682.865743698,-43.1511,-61.5183,12
164,STARLINK-6199,satellite,0,80,43.0087,154.7998,2.5989,325.3937,327.9926,6868.2366,490.3515,-4134.843110058509,4886.650824757628,-2482.198255983154,6376.363381014947,564.1576562933168,-2482.198255983154,-21.3153,5.0562,4
165,STARLINK-6074,satellite,0,80,43.0158,154.7226,52.0222,325.7259,17.7481,6869.1985,484.5819,-6562.516605492875,1407.5959287519195,1426.9590090250024,4931.4751326208425,4552.856632088358,1426.9590090250024,12.0756,42.7139,4
166,STARLINK-6295,satellite,0,80,42.9925,155.0679,89.0796,147.1316,236.2112,6871.9453,502.4394,5227.865881031107,2177.658858570208,-3895.4835182964152,-1232.1278116769258,-5527.625243271353,-3895.4835182964152,-34.6888,-102.566,4
167,STARLINK-6252,satellite,0,80,43.0197,154.3206,153.8719,30.8609,184.7328,6870.019,485.7637,6344.243182935575,-2591.0400874308452,-386.3783267355382,-5772.999530932197,-3692.6124511996636,-386.3783267355382,-3.2472,-147.3956,4
168,STARLINK-5302,satellite,0,80,42.9795,154.5398,92.065,356.9934,89.0584,6861.2959,489.9819,-2258.372096021501,-4481.082582215017,4674.825320845874,-2361.433398888338,4427.637963444395,4674.825320845874,43.1505,118.0728,7
169,STARLINK-6265,satellite,1,109,43.0154,154.7953,9.4377,320.1179,329.5556,6876.27,497.8551,-4277.117178408775,4827.547432044357,-2375.931151612265,6410.026490692335,714.4969944653435,-2375.931151612265,-20.3387,6.3602,3
170,STARLINK-30126,satellite,0,9,43.0199,205.478,16.749,328.6844,345.4334,6869.5183,486.6791,-6540.4064279123095,-1718.3798979339306,-1177.8252636448265,2363.7353666262698,6335.8109845907065,-1177.8252636448265,-9.9409,69.5407,4
171,STARLINK-30130,satellite,0,56,43.0063,202.1164,25.2679,293.6691,318.9369,6863.6862,489.147,-6035.048557020081,1106.0036872459925,-3074.95943107298,4381.070315346851,4295.495097631765,-3074.95943107298,-26.7621,44.4349,4
172,STARLINK-30068,satellite,0,1,43.0206,191.1996,136.9946,33.3688,170.3635,6867.3323,482.3785,6797.707108760522,490.0355817239773,783.4993077432202,-3515.9599514889073,-5838.405812152407,783.4993077432202,6.5987,-121.0569,4
173,STARLINK-30053,satellite,0,56,43.0179,202.4508,168.6255,30.0592,198.6847,6866.6843,484.8506,5393.837363118305,3967.847735439158,-1499.7403221090779,135.4500883203477,-6694.695693231672,-1499.7403221090779,-12.7009,-88.8409,4
174,STARLINK-30125,satellite,0,56,43.01,202.4279,167.3865,45.4713,212.8578,6864.9289,487.5405,4290.020521824246,4716.152727380384,-2539.8396593690404,1383.0358227112326,-6223.63113774813,-2539.8396593690404,-21.8444,-77.4711,8
175,STARLINK-30132,satellite,0,9,43.0027,205.1008,99.1444,37.5524,136.6968,6865.8349,486.5422,5980.444942705217,-998.1431973744762,3208.949582050839,-4261.45128705585,-4313.008750656945,3208.949582050839,28.0382,-134.6555,19
176,STARLINK-30066,satellite,0,56,42.994,202.1609,141.0817,156.7453,297.8271,6860.503,491.4387,-4640.728552320616,2902.376936827348,-4138.093023655076,5045.991935593051,2120.876886026389,-4138.093023655076,-37.2617,22.7975,3
177,STARLINK-30080,satellite,0,28,42.9994,194.3068,23.645,289.2141,312.8591,6869.509,496.4553,-5437.561119936424,2413.813801316744,-3434.056970667083,5105.761066834316,3053.6489531166394,-3434.056970667083,-30.1494,30.8828,4
178,STARLINK-30070,satellite,0,56,43.0201,202.4593,161.2433,30.3869,191.6301,6867.2286,483.9252,5824.665588001775,3502.1351178811897,-943.7382616702565,-493.41883344356194,-6778.511448006262,-943.7382616702565,-7.9543,-94.1633,3
179,STARLINK-30071,satellite,0,9,43.005,205.8131,165.8339,53.8812,219.7151,6866.3896,491.2228,3357.175300477242,5187.423584560379,-2992.009661481448,2305.684037981268,-5732.696622078139,-2992.009661481448,-25.9777,-68.0901,15
180,STARLINK-30085,satellite,0,56,43.0185,202.0772,15.1838,324.8734,340.0572,6866.523,485.2244,-6620.91173864275,-838.7331149263894,-1596.816367873475,3129.09336046255,5894.804511642491,-1596.816367873475,-13.5371,62.0396,3
181,STARLINK-30119,satellite,0,33,43.0202,38.339,131.9908,32.9501,164.941,6869.4647,484.6684,-6006.074467099938,-3088.094456817904,1216.3784004558524,936.3513756547711,6688.236238343311,1216.3784004558524,10.2727,82.0304,2
182,STARLINK-30120,satellite,0,33,42.9818,38.5125,82.3338,13.0433,95.3771,6861.2172,489.7978,-3613.227662369427,3508.3262115940715,4655.018192913239,4949.268603172227,931.9373587979377,4655.018192913239,42.9255,10.6638,19
183,STARLINK-30084,satellite,0,33,42.9843,37.739,98.1874,333.9979,72.1853,6861.9762,488.8544,-1264.205599734897,5061.335367719495,4451.544467651977,4865.227702951299,-1882.7880659714544,4451.544467651977,40.6508,-21.1559,12
184,STARLINK-30114,satellite,0,33,43.0179,38.1649,123.3836,34.1431,157.5267,6868.7728,484.887,-6170.094436671804,-2410.2079247642996,1789.3815281957861,1584.9184549312547,6431.733910017057,1789.3815281957861,15.2068,76.1569,4
185,STARLINK-30151,satellite,0,33,43.0138,38.3545,115.1399,35.5634,150.7033,6867.5684,483.2474,-6213.613046015372,-1787.3151048254178,2289.60411293631,2119.1100261935167,6108.424925169797,2289.60411293631,19.613,70.8675,5
186,STARLINK-30152,satellite,0,33,42.9858,38.1429,82.6655,175.1204,257.7859,6861.5152,496.9339,1889.3227874176616,-4757.608266794516,-4575.085577059204,-4977.138118352609,1196.8597103122013,-4575.085577059204,-41.9659,166.4787,13
187,STARLINK-30128,satellite,0,17,42.9865,12.5668,83.3539,176.9473,260.3012,6858.8023,495.8612,-51.80648818906046,-5082.610481673484,-4613.372285755593,-4124.398542953918,2970.681719658847,-4613.372285755593,-42.4056,144.2359,14
188,STARLINK-30069,satellite,0,12,43.0113,34.9505,112.004,35.591,147.595,6865.0073,482.5601,-6285.180800951955,-1114.2278977175931,2506.9511821046444,2710.4882044143437,5779.1223557247795,2506.9511821046444,21.5641,64.8728,5
189,STARLINK-30144,satellite,0,12,42.9876,35.0091,93.2807,28.7586,122.0393,6861.2993,484.8095,-5417.834088487414,1395.3755599405936,3962.541110041708,4261.9798635643365,3624.2967326404023,3962.541110041708,35.4778,40.3771,5
190,STARLINK-30142,satellite,0,12,42.9842,35.1388,97.8552,345.9559,83.8112,6858.7502,486.9637,-2265.1927966586763,4502.445682288288,4646.650018343713,4985.139138045804,-742.6326833063134,4646.650018343713,42.852,-8.473,17
191,STARLINK-30133,satellite,0,33,42.9959,37.7748,91.8451,321.7707,53.6158,6864.2389,487.2678,742.0556842540874,5684.600785623103,3765.595363080264,4218.746391859627,-3881.6892729341403,3765.595363080264,33.4631,-42.6173,5
192,STARLINK-30123,satellite,0,34,42.9842,325.2768,98.2503,341.3982,79.6485,6858.8648,486.8408,3822.5353987795806,3353.126553471427,4597.865787334272,538.3138689694404,-5056.229102502505,4597.865787334272,42.2989,-83.9229,106
193,STARLINK-30076,satellite,0,33,43.0187,38.2744,163.6985,36.2407,199.9392,6869.0555,487.9307,-4006.0128792334526,-5341.144245082265,-1597.1730069494167,-2057.500128090267,6351.58675121959,-1597.1730069494167,-13.5347,107.9489,2
194,STARLINK-30073,satellite,0,69,43.0212,223.6891,19.6872,328.4327,348.1198,6867.3494,484.3454,-5569.058149991917,-3891.593475746112,-963.8151453781387,27.82913464462858,6793.977774303212,-963.8151453781387,-8.1241,89.7653,4
195,STARLINK-30078,satellite,0,57,43.0192,350.674,128.1586,32.5492,160.7078,6866.5499,482.2828,-6120.072695567424,2684.14357722012,1546.1152489317442,5719.941742489256,3455.7463744741012,1546.1152489317442,13.1054,31.1386,4
196,STARLINK-30135,satellite,0,33,42.9842,38.4079,80.995,17.11,98.105,6861.2792,489.3602,-3843.1689139385107,3291.2090425356428,4628.872102447765,4904.289235233112,1244.9704253147206,4628.872102447765,42.6311,14.2438,14
197,STARLINK-30137,satellite,0,33,42.9889,38.084,79.3497,165.9654,245.3152,6862.6875,496.196,557.8347706507197,-5360.664873600666,-4253.874105643402,-4702.9087786079535,2632.595019841685,-4253.874105643402,-38.4568,150.7608,17
198,STARLINK-30136,satellite,0,33,42.9994,38.2871,100.1231,36.0704,136.1935,6863.3312,482.9907,-6034.564852905029,-341.30354623955765,3236.8199070478768,3197.842155567921,5128.9635037369,3236.8199070478768,28.3192,58.057,5
199,STARLINK-6205,satellite,0,17,42.9811,13.0315,86.1595,179.5222,265.6818,6861.3778,497.9584,625.7583410559772,-4996.4746526446825,-4667.783943254885,-4444.3737433024635,2367.250406223553,-4667.783943254885,-43.0077,151.9585,17
200,STARLINK-6203,satellite,0,17,42.9838,12.5957,92.9081,354.2604,87.1685,6861.1834,489.3738,-762.0400797993993,4963.794186308209,4669.723015878756,4496.18103119557,-2237.03239627078,4669.723015878756,43.0969,-26.4522,9
201,STARLINK-6185,satellite,0,17,42.9888,12.9287,107.5156,189.2009,296.7165,6862.9448,496.0163,4012.3895183339882,-3681.958093215383,-4181.935864401962,-5321.16223877006,-1158.1526133106615,-4181.935864401962,-37.6943,-167.7211,7
202,STARLINK-6192,satellite,0,17,43.0202,12.8115,24.9933,325.9213,350.9146,6869.9091,486.2673,6785.019119631543,730.2690709455269,-739.4902762866174,-3312.2961216492176,-5966.445488919913,-739.4902762866174,-6.223,-119.037,4
203,STARLINK-6183,satellite,0,88,43.013,1.4825,58.6758,326.6974,25.3732,6877.8298,494.2826,6150.043747788882,2312.6370036683106,2008.3837355377173,-1653.115396629264,-6359.13024680894,2008.3837355377173,17.0968,-104.572,22
204,STARLINK-6098,satellite,1,107,43.0168,1.5563,12.8444,321.1801,334.0245,6882.409,502.8701,6241.724117649486,-2034.158446670591,-2055.4703038362018,-5258.768854671875,-3929.665466695814,-2055.4703038362018,-17.4875,-143.2307,4
205,STARLINK-6110,satellite,1,107,43.0124,1.464,70.3025,324.1155,34.418,6879.8669,498.2694,5595.537452291698,2984.608989291423,2650.123132329108,-784.4044676396131,-6293.062833796056,2650.123132329108,22.8065,-97.105,49
206,STARLINK-6116,satellite,1,107,43.0179,1.5341,16.2334,328.5874,344.8208,6881.5581,498.8144,6669.228302811922,-1138.2553380691884,-1228.3331034523217,-4772.8126953794845,-4795.257067613269,-1228.3331034523217,-10.3531,-134.8656,4
207,STARLINK-5950,satellite,1,107,43.0198,1.5047,38.4682,328.9116,7.3799,6882.6638,497.6221,6799.333207121518,824.5119738678231,602.5298738999089,-3243.5141855325664,-6032.442936718574,602.5298738999089,5.0587,-118.266,4
208,STARLINK-5961,satellite,1,107,43.0115,1.5455,9.6641,323.0479,332.712,6877.9042,498.5533,6169.471462285778,-2139.0014204775916,-2149.950031674158,-5302.833493102403,-3810.2050004160064,-2149.950031674158,-18.3306,-144.3019,4
209,STARLINK-5965,satellite,1,107,43.0182,1.4918,47.1031,326.5951,13.6982,6885.4963,500.8179,6649.479365170538,1364.494573148657,1111.254506578546,-2715.824001761983,-6221.07074862796,1111.254506578546,9.3543,-113.5838,6
210,STARLINK-5966,satellite,0,88,42.9986,1.1655,95.409,36.5531,131.9621,6876.7043,498.1761,-4669.135817469024,3642.3777889316534,3484.261933509449,5667.194806121018,1717.7451116943184,3484.261933509449,30.6279,16.8622,9
211,STARLINK-5808,satellite,0,46,43.0035,270.8447,104.3309,35.7323,140.0633,6866.5237,486.224,3142.710048151664,5307.027371401794,3003.6336841863094,2527.0054208320585,-5626.3140305751385,3003.6336841863094,26.1066,-65.8132,39
212,STARLINK-5828,satellite,1,102,42.9981,27.2404,75.4136,234.9169,310.3305,6875.4089,503.7826,5711.443104181812,-1371.6000352382316,-3574.795753274929,-4411.709422102223,-3877.974853439093,-3574.795753274929,-31.4832,-138.6839,4
213,STARLINK-5834,satellite,1,102,42.9845,27.423,81.554,169.4369,250.9909,6876.1944,510.617,202.42724478970104,-5255.768690296362,-4434.881843594843,-4412.404916831668,2862.6498502702716,-4434.881843594843,-40.3128,147.0256,15
214,STARLINK-5843,satellite,1,102,43.014,27.1845,9.6913,325.0887,334.7799,6878.6102,498.7226,6511.243397559248,936.160553527892,-1998.3893340186899,-2986.2762808010766,-5861.30029421505,-1998.3893340186899,-16.9978,-116.9984,4
215,STARLINK-5838,satellite,1,102,42.9863,27.4375,82.033,164.961,246.994,6876.2587,509.9348,-251.8340191743324,-5350.143170401758,-4317.61477804835,-4227.819531331117,3288.311774680922,-4317.61477804835,-39.0471,142.125,15
216,STARLINK-5542,satellite,0,96,42.9902,27.0208,93.8121,327.497,61.3091,6866.8855,491.3249,934.3200563958911,5418.947159802052,4104.411800414882,3890.8428906569898,-3885.7797015186416,4104.411800414882,36.9093,-44.9627,6
217,STARLINK-6155,satellite,1,102,43.0165,27.5488,163.5367,34.2424,197.779,6885.22,503.1202,-5098.433992558492,-4392.113470728758,-1433.2428524088798,-652.4177896821219,6697.689224198092,-1433.2428524088798,-12.0962,95.5636,3
218,STARLINK-6194,satellite,1,102,42.9926,27.2535,109.0195,192.9855,302.005,6878.951,510.397,5196.771620779176,-2124.337671664787,-3979.182661575859,-4730.428684167332,-3023.6220474452352,-3979.182661575859,-35.4962,-147.4139,4
219,STARLINK-6245,satellite,0,96,42.9974,26.8284,88.1323,34.547,122.6793,6874.9778,498.7985,-5218.736589316005,2099.875574914499,3943.3990553288786,4723.089790937607,3055.6688049474697,3943.3990553288786,35.1985,32.9014,7
220,STARLINK-6184,satellite,1,102,42.9945,27.0264,96.4573,323.42,59.8773,6877.7801,502.4074,1096.7721790448159,5440.7283465803,4053.9891565886414,3815.0491049924535,-4031.108343930413,4053.9891565886414,36.3154,-46.5774,4
221,STARLINK-6248,satellite,0,96,42.9831,26.8858,83.7445,19.5405,103.285,6861.6582,489.1447,-3613.552111409279,3642.2235903123565,4550.4340691541465,5058.895900270264,855.0577839695999,4550.4340691541465,41.7477,9.5935,21
222,STARLINK-6240,satellite,0,96,43.0004,26.794,98.1209,36.2365,134.3575,6875.3158,496.182,-5906.068802241583,1041.420614729443,3349.6163614029647,4253.972177075717,4227.283561610277,3349.6163614029647,29.337,44.8197,6
223,STARLINK-6232,satellite,1,102,43.0201,26.7045,153.0073,32.6202,185.6275,6878.9546,494.257,-5888.274053035187,-3513.5906032488506,-459.7685349569918,520.7036645195365,6837.101574837247,-459.7685349569918,-3.86,85.6448,4
224,STARLINK-6247,satellite,0,96,42.9809,26.9118,84.5749,9.8162,94.3911,6873.3177,501.4169,-2737.05625113997,4230.227805718751,4669.664636703665,5034.506569063393,-200.1195048914746,4669.664636703665,43.0023,-2.2763,18
225,STARLINK-6251,satellite,1,102,42.9995,26.7946,97.1904,35.5994,132.7898,6877.8825,499.1001,-5829.511880310473,1187.8247416106308,3439.2377524223866,4329.5267239584155,4080.359631943393,3439.2377524223866,30.1867,43.3029,4
226,STARLINK-6259,satellite,1,102,42.9918,26.8207,86.6352,34.5331,121.1683,6879.1962,503.2815,-5116.181892274266,2234.2097108678295,4010.794228324492,4773.800413130723,2894.4498272666833,4010.794228324492,35.8637,31.2293,6
227,STARLINK-6254,satellite,0,96,42.9962,27.0409,89.0274,322.5247,51.5522,6870.6012,493.1345,2014.3187367997725,5443.256660881602,3666.57664233852,3288.4726212512287,-4782.517210521634,3666.57664233852,32.4434,-55.4875,10
228,STARLINK-6225,satellite,1,102,43.0061,26.7698,106.5681,35.6905,142.2586,6878.8356,497.6873,-6237.359405397066,298.7239028918104,2869.082426411858,3837.8052131978297,4925.965841112352,2869.082426411858,24.8124,52.078,2
229,STARLINK-6100,satellite,0,28,42.9904,194.5003,90.1291,330.0754,60.2044,6874.2926,498.8558,-2212.942938075545,-5076.3361794587645,4064.9094088930233,-2874.13494646996,4733.461076584506,4064.9094088930233,36.4506,121.2659,7
230,STARLINK-6170,satellite,1,106,42.9915,194.7346,100.8758,200.3415,301.2173,6879.8342,510.9323,-4544.33868135955,3256.130664630736,-4013.156872646005,5279.595940603463,1838.2784500756925,-4013.156872646005,-35.8418,19.1974,4
231,STARLINK-6162,satellite,0,28,43.0198,194.1967,145.8528,33.7245,179.5773,6870.5846,486.2156,6663.609242347328,1647.558227908797,34.54737621891639,-2492.60421701201,-6395.70640870738,34.54737621891639,0.2902,-111.2924,4
232,STARLINK-6143,satellite,1,106,43.0194,194.1855,154.795,30.7177,185.5127,6879.0939,494.6766,6514.041095961799,2144.4504060021704,-450.4429743963161,-2000.298380869712,-6559.74125489505,-450.4429743963161,-3.7813,-106.9583,3
233,STARLINK-6133,satellite,0,28,43.0064,194.2506,107.6515,36.4075,144.059,6872.744,491.6506,6113.574567306538,-1488.0569118519331,2748.929574268638,-4738.582281995955,-4139.558589956378,2748.929574268638,23.7313,-138.86,6
234,STARLINK-6127,satellite,0,28,42.9838,194.0391,78.7355,172.7631,251.4986,6870.1909,504.6346,959.3102490562216,5155.313740164558,-4444.28918126827,3660.96534738208,-3754.3133378477355,-4444.28918126827,-40.4583,-45.7212,7
235,STARLINK-6112,satellite,0,28,43.0167,194.1691,162.6743,35.0354,197.7097,6869.816,487.9775,5967.125725786609,3081.308637604012,-1424.701348824195,-919.457476410048,-6652.492036567283,-1424.701348824195,-12.0501,-97.8691,4
236,STARLINK-5347,satellite,0,28,43.0183,194.176,162.2818,29.1168,191.3986,6875.2191,491.6124,6285.721621532311,2611.50138360306,-926.2051839629017,-1487.0106513804192,-6642.216128871497,-926.2051839629017,-7.7967,-102.6189,4
237,STARLINK-5336,satellite,0,28,43.0131,194.1566,172.4619,32.1642,204.6261,6873.576,493.079,5543.132175671048,3556.75158368115,-1952.6830860754862,-286.5733053074035,-6579.868683010566,-1952.6830860754862,-16.6119,-92.4938,4
238,STARLINK-5355,satellite,1,106,43.0172,194.1687,164.046,31.1754,195.2213,6880.8291,498.0836,6109.43883132647,2903.6295735062663,-1231.5134847090362,-1146.676057968937,-6666.44144592456,-1231.5134847090362,-10.3813,-99.7598,4
239,STARLINK-5357,satellite,0,28,42.9799,193.9701,90.4131,180.8553,271.2684,6867.5633,503.8702,-1361.0483367595177,4840.914952568989,-4683.817438058845,4740.863945668545,-1676.6392580581962,-4683.817438058845,-43.1448,-19.4765,4
240,STARLINK-5361,satellite,1,106,43.0197,194.1942,143.9734,29.5569,173.5303,6880.194,494.6264,6759.2145637100575,1125.6201545370234,528.3277032118948,-2974.2905971577134,-6173.135159238724,528.3277032118948,4.4364,-115.7253,3
241,STARLINK-5358,satellite,1,106,43.0016,194.1146,158.0235,64.2687,222.2922,6875.8235,501.4886,4107.048026500887,4521.463998376107,-3155.2483065548663,1329.327256170815,-5961.909864011486,-3155.2483065548663,-27.4643,-77.4304,9
242,STARLINK-5150,satellite,1,106,43.0059,194.1289,171.6783,44.6863,216.3646,6875.8672,499.439,4640.3937338158175,4241.6045453179995,-2779.9835079507807,793.2992232400031,-6236.596785595989,-2779.9835079507807,-23.9868,-82.7509,8
243,STARLINK-5791,satellite,1,106,43.0119,194.2273,116.3683,37.4598,153.8281,6883.7438,501.1486,6528.052906713402,-633.046695679569,2069.2042271945434,-4278.544907622857,-4970.943204786657,2069.2042271945434,17.6126,-130.7189,3
244,STARLINK-6164,satellite,1,106,42.9958,194.2792,89.8399,38.3072,128.1471,6880.6483,503.4797,5091.062827650477,-2785.078845460673,3687.2991467467655,-5209.578291519622,-2556.5365076690205,3687.2991467467655,32.5937,-153.8611,9
245,STARLINK-5525,satellite,0,23,42.9992,321.6715,110.6446,118.7519,229.3965,6864.9314,493.2579,-5869.51912577521,-219.52861118124738,-3554.9399660090826,3202.2834689232704,4923.903752474138,-3554.9399660090826,-31.3424,56.9619,4
246,STARLINK-5870,satellite,0,23,43.0059,321.6905,164.4916,54.9697,219.4614,6866.4707,491.1457,-6137.028726169585,782.0067171709194,-2976.0695411334027,4175.008691840481,4565.518427800675,-2976.0695411334027,-25.8296,47.5582,4
247,STARLINK-5983,satellite,0,23,43.0186,321.741,157.848,32.6141,190.4621,6869.7761,486.3188,-5864.533371124764,3464.154757569282,-850.3575003429196,6210.25148301477,2797.4803597413734,-850.3575003429196,-7.1604,24.2497,4
248,STARLINK-6294,satellite,0,23,42.9806,322.4038,85.3951,180.5401,265.9352,6861.3624,497.8323,-3442.480859552494,-3673.0072320342406,-4669.161072583723,-1018.7345918906257,4929.89213129928,-4669.161072583723,-43.0244,101.6755,6
249,STARLINK-6350,satellite,0,23,43.019,322.1671,33.6399,330.9905,4.6305,6870.3456,485.0738,5651.305041262522,-3875.904658776989,377.99860612355144,-6423.942083977058,-2385.970178991524,377.99860612355144,3.177,-159.6241,4
250,STARLINK-6230,satellite,0,23,42.9829,321.5276,92.3229,179.5535,271.8764,6861.1559,497.7913,-2947.219954532079,-4070.187914330309,-4678.575942005832,-1628.712058346131,4753.928075744362,-4678.575942005832,-43.1323,108.9116,8
251,STARLINK-6233,satellite,0,23,42.9827,322.0231,103.1965,329.5394,72.7359,6861.9502,489.0121,4552.492499078869,2524.1672712223613,4465.0182430013365,-559.7955595346702,-5175.2523898651325,4465.0182430013365,40.7984,-96.1736,116
252,STARLINK-6250,satellite,0,23,42.9791,321.9826,100.7743,342.5444,83.3187,6861.5155,489.8791,3697.903776061488,3434.585035193244,4643.691618170034,676.6998708857419,-5001.294231069234,4643.691618170034,42.7957,-82.2944,94
253,STARLINK-5840,satellite,0,23,42.9895,322.0542,93.2762,325.6381,58.9143,6872.4995,497.0029,5441.868127392026,1212.2365068629986,4010.4349622842956,-2144.5080932399615,-5146.312379026841,4010.4349622842956,35.8979,-112.6219,91
254,STARLINK-5872,satellite,0,23,43.0022,322.0981,79.0591,321.9238,40.9829,6872.9921,493.2536,6113.845206041358,-585.680724815528,3071.626408002454,-4001.1854559030435,-4659.682399297756,3071.626408002454,26.7135,-130.6521,23
255,STARLINK-5866,satellite,0,23,43.0168,321.7695,131.8014,33.2923,165.0937,6869.8635,485.0908,-4410.587519571763,5117.727297827037,1204.3261437841693,6724.102306548845,656.4016558409265,1204.3261437841693,10.1693,5.5755,5
256,STARLINK-6368,satellite,0,23,42.9895,321.6178,76.3818,166.8136,243.1954,6862.982,495.8362,-5210.42143770574,-1591.4650435059546,-4178.6495886528,1701.1998653798062,5175.63247934363,-4178.6495886528,-37.6607,71.8046,4
257,STARLINK-6360,satellite,0,23,43.0157,321.7718,129.7545,32.7766,162.5312,6869.4848,484.7841,-4209.888072404754,5233.490897113372,1405.2537490700104,6703.088450011686,425.6639327735749,1405.2537490700104,11.8889,3.6336,5
258,STARLINK-6365,satellite,0,23,43.0109,321.7063,170.2131,38.0648,208.2779,6868.1232,489.0458,-6218.627329308781,1880.0010692978149,-2218.4853369630227,5119.4618999147,3999.6049475802924,-2218.4853369630227,-18.9638,37.9989,4
259,STARLINK-6330,satellite,0,23,42.9984,321.4011,63.3401,249.5153,312.8554,6865.2686,492.941,1353.0621600307454,-5790.132593133969,-3432.4376409600254,-5512.101109309049,2230.0569534730075,-3432.4376409600254,-30.1508,157.973,17
260,STARLINK-5485,satellite,0,23,43.0119,321.7115,172.0918,34.3637,206.4555,6868.3743,488.8411,-6209.74746475801,2052.964094164944,-2086.2718074993873,5255.716260814916,3892.6946622878995,-2086.2718074993873,-17.7957,36.5258,4
261,STARLINK-5509,satellite,0,23,43.0115,321.7874,119.7774,34.0865,153.8639,6868.4137,485.1432,-3472.7551986404533,5546.814212211978,2061.7536598264664,6534.4837939652925,-357.3487384699202,2061.7536598264664,17.5897,-3.1302,4
262,STARLINK-30239,satellite,0,80,43.0165,154.3955,127.6743,34.8632,162.5375,6869.1626,484.7686,5252.3207462677565,-4186.508123210303,1404.7759742986095,-6447.938136838915,-1880.9086290617183,1404.7759742986095,11.8848,-163.7377,9
263,STARLINK-30235,satellite,0,80,43.0147,154.4003,121.2628,37.7035,158.9663,6869.1732,485.4636,4998.185709614955,-4391.619849130389,1680.2248415085646,-6469.165703890969,-1555.0178078324482,1680.2248415085646,14.258,-166.484,9
264,STARLINK-30236,satellite,0,80,42.9873,154.4897,81.8234,33.9711,115.7944,6862.8975,488.1655,748.0360391167143,-5361.849647041423,4210.24901056012,-4813.461305509294,2477.817550519088,4210.24901056012,38.0452,152.762,5
265,STARLINK-30201,satellite,0,80,42.9892,154.4825,83.3301,36.396,119.7261,6863.5304,488.6617,1192.4186047743449,-5397.3397190511005,4061.5962500040323,-5098.499249941544,2135.051186787831,4061.5962500040323,36.4791,157.278,6
266,STARLINK-30233,satellite,0,80,43.0068,154.4005,105.266,39.2316,144.4976,6875.3111,494.3423,3782.708665950165,-5047.00868103662,2720.9381598035316,-6304.5493893957355,-183.9523704205364,2720.9381598035316,23.4655,-178.3287,4
267,STARLINK-30184,satellite,0,11,42.9873,125.8131,74.1899,171.1818,245.3717,6860.1129,493.5592,5374.654554368348,351.12388844624417,-4254.039841769291,-2809.6092786874165,-4595.247029806298,-4254.039841769291,-38.4761,-121.4423,4
268,STARLINK-6316,satellite,0,83,42.9813,180.3631,100.5447,337.1682,77.7128,6861.5809,489.3265,-1428.353500642281,-4911.3400853724725,4568.372126392223,-3191.3161533329885,3997.1185079328684,4568.372126392223,41.9477,128.604,4
269,STARLINK-6320,satellite,0,83,42.9806,180.3245,95.0517,347.7123,82.764,6861.2468,489.6326,-835.6084406151308,-4982.033660784945,4638.185729872299,-3590.6063237718818,3553.3712289755003,4638.185729872299,42.7349,135.2986,5
270,STARLINK-6375,satellite,0,83,42.9961,180.195,91.1488,38.0577,129.2065,6864.7849,487.5147,4349.314355200337,-3872.8824376750836,3624.8024900379705,-5671.332024615162,-1323.5357203257909,3624.8024900379705,32.0595,-166.8638,7
271,STARLINK-6359,satellite,0,83,42.9832,180.2582,77.2202,29.4491,106.6693,6861.844,489.2825,1988.9238030593385,-4797.440436087874,4479.359364242836,-5067.079713372195,1138.4005492439735,4479.359364242836,40.955,167.3378,2
272,STARLINK-6372,satellite,0,83,42.9828,180.3666,94.6174,339.0164,73.6339,6864.6574,491.8309,-1902.345058088164,-4827.974643610501,4488.009228516893,-2850.0883365597765,4336.502317903719,4488.009228516893,41.0323,123.3142,5
273,STARLINK-6376,satellite,0,83,43.0197,180.1117,139.0061,32.9409,171.947,6869.8901,485.103,6796.723648376168,-689.6784140443925,655.9428748479014,-4479.626785331309,-5157.911644390287,655.9428748479014,5.5186,-130.9742,2
274,STARLINK-6331,satellite,0,83,42.9832,179.8461,93.5303,187.559,281.0893,6861.4706,497.3366,-1307.325589851614,4932.509393593183,-4593.6389272367105,4784.775938024439,-1773.3212733930097,-4593.6389272367105,-42.1716,-20.3356,4
275,STARLINK-6324,satellite,0,83,43.0193,180.0852,160.4377,29.6704,190.1081,6869.7898,486.2306,6756.201556675477,890.8181594125911,-821.8865581675473,-3164.4689179627367,-6035.391696883568,-821.8865581675473,-6.9196,-117.6689,2
276,STARLINK-6215,satellite,0,80,42.9803,154.2807,96.6072,345.2465,81.8537,6861.2597,489.1539,-3030.628280307059,-4052.5695330343847,4627.920827593709,-1566.2561865796595,4811.950659709261,4627.920827593709,42.6219,108.0297,4
277,STARLINK-6369,satellite,0,80,43.005,154.9733,105.7436,36.2821,142.0257,6872.3197,491.5624,3597.1902444048446,-5089.021231666729,2881.4797604804007,-6232.001998426108,-8.114333561002995,2881.4797604804007,24.9507,-179.9254,4
278,STARLINK-6371,satellite,0,80,43.0012,154.8276,144.0855,80.0047,224.0902,6865.7423,492.2486,5948.825343627687,1064.385501530548,-3257.9715548685667,-2557.435981220349,-5475.487253826368,-3257.9715548685667,-28.4788,-115.0359,4
279,STARLINK-30240,satellite,0,83,42.983,179.7813,90.0783,177.4168,267.4951,6860.6265,495.2289,319.1013175380605,5014.994012355686,-4674.884997438008,3915.1310625773017,-3150.196717295642,-4674.884997438008,-43.1102,-38.8209,3
280,STARLINK-30207,satellite,0,75,43.0188,165.3789,133.1312,34.2062,167.3374,6867.1065,482.0126,6198.572386523216,-2753.238321928887,1025.8853360129385,-5821.643465479938,-3480.098884965864,1025.8853360129385,8.6541,-149.1296,9
281,STARLINK-30205,satellite,0,83,43.0094,180.0358,113.7119,36.8303,150.5422,6867.9566,485.2018,5975.467478067935,-2463.5403688209044,2301.5247640116536,-5456.318725287523,-3464.6541960684253,2301.5247640116536,19.7134,-147.5853,7
282,STARLINK-30222,satellite,0,83,43.0154,179.5193,58.3338,329.834,28.1678,6868.0645,484.9396,-6067.966981398064,-2317.215898855148,2209.4225149530407,1602.0844607511215,6294.68332721067,2209.4225149530407,18.8952,75.7206,3
283,STARLINK-30172,satellite,0,83,42.9882,180.2773,96.5682,324.7671,61.3353,6865.9984,491.3977,-3270.1651924615358,-4420.117745407764,4105.322392462541,-1728.661105974335,5219.497298586062,4105.322392462541,36.9183,108.3245,2
284,STARLINK-30214,satellite,0,83,43.0178,179.5844,17.4407,330.0016,347.4423,6869.7354,486.768,-6692.125888922768,1139.7930017440622,-1018.2114428386527,4787.261905046456,4813.0863749268065,-1018.2114428386527,-8.5828,45.1541,1
285,STARLINK-30182,satellite,0,83,42.9946,179.6601,94.5676,212.4852,307.0529,6864.4318,494.1779,-4113.247280571309,4032.3389048241042,-3736.690427667669,5665.653317221133,1038.7168639944607,-3736.690427667669,-33.1356,10.389,2
286,STARLINK-30191,satellite,0,60,43.0051,117.9428,100.1894,34.789,134.9783,6863.0988,484.197,-862.4546589713781,-5944.171912754831,3308.4867475593983,-4361.537902854372,4129.6482766852605,3308.4867475593983,28.9985,136.5643,7
287,STARLINK-30208,satellite,0,83,43.0116,179.5225,49.6025,334.5383,24.1408,6868.5439,484.3515,-6277.671024694224,-1999.503499472966,1914.0646790466335,1982.5857841794596,6283.034406006351,1914.0646790466335,16.2957,72.4871,3
288,STARLINK-30224,satellite,0,83,42.9845,179.8361,77.4819,174.0069,251.4888,6862.8679,497.3533,2193.6706135967333,4756.981434231423,-4439.385346978558,2624.215629608817,-4533.713208386379,-4439.385346978558,-40.4563,-59.9368,14
289,STARLINK-30043,satellite,0,83,43.0019,179.6261,44.3195,272.9391,317.2586,6865.9168,492.2934,-5020.086742640359,3440.6753060394653,-3178.0707154433235,5704.53408724484,2120.803694990402,-3178.0707154433235,-27.7201,20.3939,2
290,STARLINK-30105,satellite,0,23,42.9955,322.1897,92.473,322.8207,55.2937,6861.5474,484.9622,5611.513709212332,863.7853278846912,3843.7512224679926,-2527.0539886993233,-5084.211771705192,3843.7512224679926,34.2643,-116.4292,77
291,STARLINK-30102,satellite,0,1,42.9839,191.2324,94.4511,167.888,262.3391,6854.7457,491.5576,-71.81824954513212,5056.402861460871,-4635.293941485267,4174.204068915859,-2854.5381674456016,-4635.293941485267,-42.6872,-34.3664,4
292,STARLINK-30158,satellite,0,1,42.9889,191.2801,78.7373,169.165,247.9022,6859.8398,493.9131,1622.1772957085377,5066.939668128031,-4336.1477643407015,3206.823438674643,-4245.187888931256,-4336.1477643407015,-39.3558,-52.9325,13
293,STARLINK-30146,satellite,0,1,42.9989,191.328,103.3785,125.5907,228.9692,6864.9294,493.258,3675.2627050054516,4599.405822061683,-3532.1338030606853,1641.8050496141602,-5653.898305229794,-3532.1338030606853,-31.1191,-73.8075,12
294,STARLINK-30197,satellite,0,1,43.018,191.0151,16.1578,327.6684,343.8262,6869.3549,487.0626,-6738.393535997673,112.60156330468381,-1304.4880969997891,3974.3490480599608,5442.7177220777085,-1304.4880969997891,-11.0218,53.8626,4
295,STARLINK-30215,satellite,0,1,43.0254,191.4125,158.0694,26.0163,184.0856,6867.8014,483.0551,6637.6798265644165,1704.4688962296314,-333.5460346711634,-2431.1493695253503,-6407.302118774404,-333.5460346711634,-2.8039,-110.7785,4
296,STARLINK-30162,satellite,0,83,43.0176,179.9758,14.6962,328.5841,343.2803,6869.3639,487.0514,-6573.550467595724,1446.6446130525044,-1347.2586585377637,4969.748525457744,4539.377267887344,-1347.2586585377637,-11.3878,42.4086,3
297,STARLINK-30178,satellite,0,1,43.0071,191.3599,175.783,40.0485,215.8315,6866.9443,490.3793,4877.907422014145,3977.5973584667336,-2741.213158814116,440.67110942544787,-6278.620114096724,-2741.213158814116,-23.6653,-85.9852,6
298,STARLINK-30217,satellite,0,83,42.9932,180.1036,85.6616,220.0737,305.7353,6867.2553,497.0852,-4018.9415715002547,4070.8143630969676,-3801.963201813443,5642.766960281595,939.4689807992148,-3801.963201813443,-33.7739,9.4525,2
299,STARLINK-30216,satellite,0,1,42.9851,190.7365,72.8546,34.2536,107.1082,6859.5941,487.1022,2874.605460179532,-4333.895498175268,4467.726065175775,-5198.487607334042,147.42230900451852,4467.726065175775,40.8421,178.3756,4
300,STARLINK-30165,satellite,0,45,43.0114,267.6547,66.1184,325.8215,31.9399,6865.0658,483.1941,2412.731938635054,-5923.873616388087,2475.065721355791,-6231.940735795564,1440.9957307987993,2475.065721355791,21.2745,166.9805,4
301,STARLINK-30140,satellite,0,46,43.0163,270.6563,161.2072,37.609,198.8162,6869.3261,487.9889,-1693.2818458361749,6479.230605338585,-1510.554037866322,6271.34902304198,-2349.0027836903414,-1510.554037866322,-12.788,-20.534,5
302,STARLINK-30077,satellite,0,45,42.9825,267.0717,87.0878,178.4223,265.51,6858.6906,495.4236,-4971.794917697882,792.341028829439,-4665.109080696244,3512.1077864590775,3607.166187730543,-4665.109080696244,-42.9969,45.765,4
303,STARLINK-30088,satellite,0,45,43.0234,267.6945,33.6444,330.0036,3.6479,6867.5731,482.9229,43.435698775484305,-6854.4137908756975,297.8457934791357,-5627.446929043976,3913.657641806267,297.8457934791357,2.5036,145.183,5
304,STARLINK-30091,satellite,0,45,43.0012,267.1936,140.6077,82.4647,223.0724,6863.4032,489.7065,-3178.2235902960883,5175.31604222087,-3196.6147351060476,6061.1476679135685,-384.04462570012834,-3196.6147351060476,-27.9071,-3.6255,4
305,STARLINK-30116,satellite,0,45,42.9918,267.5811,97.6399,322.6272,60.2672,6860.82,485.8601,4207.515385061926,-3581.286915296113,4059.8619462520587,-5351.30060244762,-1375.639323168578,4059.8619462520587,36.4784,-165.5833,6
306,STARLINK-30092,satellite,0,45,43.0071,267.6292,78.8748,320.1839,39.0586,6864.0211,483.8721,2937.08120524851,-5451.445363618494,2947.5525434049664,-6147.906814136431,740.2326414286572,2947.5525434049664,25.5936,173.1344,4
307,STARLINK-30039,satellite,0,45,43.02,267.6724,52.1232,325.6157,17.739,6866.8596,482.5256,1261.4389117959888,-6590.2540211007845,1425.9317034670662,-6113.287848617081,2765.9334537871387,1425.9317034670662,12.0705,155.6558,5
308,STARLINK-30171,satellite,1,103,43.0086,270.6309,164.8517,46.3462,211.1978,6879.7247,502.0545,-2669.70689087687,5853.872513686027,-2430.020803745031,6322.78138733675,-1190.6274890292786,-2430.020803745031,-20.8092,-10.6643,2
309,STARLINK-30204,satellite,0,45,42.9891,267.3894,81.645,35.3497,116.9947,6860.4711,485.738,4605.731512143135,2905.210058746409,4165.47195613942,-279.02567719205257,-5438.3042319143115,4165.47195613942,37.5867,-92.9371,123
310,STARLINK-30155,satellite,0,45,42.9832,267.0895,81.9185,176.489,258.4075,6858.9835,494.9599,-4842.247949988822,1627.191898964198,-4583.991726474144,4119.83077450095,3020.2836083223324,-4583.991726474144,-42.0809,36.2455,4
311,STARLINK-30161,satellite,0,45,42.9912,267.1532,82.3988,154.8055,237.2043,6861.2265,492.2007,-4030.183022101165,3922.476229152491,-3934.0254068662157,5528.000257341492,1034.1219051597454,-3934.0254068662157,-35.1415,10.5958,4
312,STARLINK-30176,satellite,0,45,43.0069,267.2072,165.6369,50.3813,216.0182,6864.5772,488.2678,-2677.223686164957,5688.165152671395,-2752.698773117745,6191.672077541826,-1089.0116409004793,-2752.698773117745,-23.7783,-9.9753,4
313,STARLINK-30154,satellite,0,55,42.9875,307.1951,81.6168,34.5387,116.1556,6860.5324,485.9378,1758.9136026441558,5128.82711265685,4196.029814054149,3178.6264325309185,-4392.604991973032,4196.029814054149,37.9088,-54.1093,22
314,STARLINK-30145,satellite,0,55,42.9929,307.3948,88.3334,325.9168,54.2503,6864.1897,487.2967,5668.343978044091,-710.9890697564091,3795.836853838524,-3846.9307940084796,-4223.357950357877,3795.836853838524,33.767,-132.3295,38
315,STARLINK-30226,satellite,0,55,42.9824,307.3011,92.0497,357.0268,89.0764,6861.181,489.7578,4057.3120993639986,2952.0016206900714,4674.9495036691405,75.1901485544606,-5017.015196485124,4674.9495036691405,43.1537,-89.1414,107
316,STARLINK-30203,satellite,0,55,43.0081,307.0155,166.7535,49.2372,215.9906,6866.9626,490.5571,-5699.771058766564,2659.2248152298353,-2751.8579241742314,5457.418395332046,3126.571796485483,-2751.8579241742314,-23.7621,29.8085,4
317,STARLINK-30169,satellite,0,62,42.9937,293.1886,102.105,201.3731,303.4781,6861.3107,491.9134,-2358.097139343437,-5128.67012369245,-3903.6406363159526,-2833.2794772560655,4882.254270313543,-3903.6406363159526,-34.8329,120.1275,10
318,STARLINK-30164,satellite,0,55,42.9812,307.3071,96.1738,345.9613,82.1351,6861.3158,489.7309,4521.930656042563,2265.832790502059,4631.581570090233,-753.3358240945321,-5001.433817287567,4631.581570090233,42.659,-98.5657,108
319,STARLINK-30072,satellite,0,55,42.9873,307.6053,103.7007,195.1914,298.8921,6863.178,495.5091,-1459.4088067421628,-5311.500666352332,-4098.79031627017,-3500.4929779293525,4253.053292086185,-4098.79031627017,-36.8243,129.4562,15
320,STARLINK-30230,satellite,0,55,43.0079,307.1255,107.0147,36.0143,143.0291,6866.8731,486.2602,-902.6203208365757,6191.491645996873,2814.4408226665487,5580.628615405197,-2829.4657628175783,2814.4408226665487,24.3528,-26.8857,4
321,STARLINK-30213,satellite,0,55,43.0181,307.4952,23.1028,328.8935,351.9962,6869.8601,485.9586,3582.9232457849753,-5818.133664511348,-652.0188177180011,-6819.718563676166,423.6236956985133,-652.0188177180011,-5.4848,176.4455,4
322,STARLINK-30212,satellite,0,55,43.0008,307.8417,127.6978,93.9773,221.6751,6863.5767,490.0066,-5780.9225833644,2001.004043433816,-3112.5084125147437,4966.180195019502,3572.1334475754225,-3112.5084125147437,-27.1113,35.7272,4
323,STARLINK-30219,satellite,0,55,42.9906,308.2432,96.4984,323.1095,59.6079,6866.0633,490.73,5548.876574611913,-46.53593089696834,4035.747219113567,-3235.012322905123,-4508.535472167574,4035.747219113567,36.1979,-125.6606,61
324,STARLINK-30074,satellite,0,55,43.0162,307.4603,53.221,327.8107,21.0317,6868.9397,485.124,5324.765135464402,-3988.865997492333,1680.0315417323359,-6328.135033520557,-2053.9918917409377,1680.0315417323359,14.257,-162.0176,9
325,STARLINK-30082,satellite,0,55,42.9823,307.2716,83.0158,12.0445,95.0603,6858.7514,488.0186,3609.6573055658464,3506.944345015479,4656.193463935854,786.6854616937775,-4970.856112081759,4656.193463935854,42.9527,-81.007,91
326,STARLINK-30153,satellite,0,55,43.0196,307.0665,172.9377,21.1999,194.1376,6867.8507,484.0156,-4988.206940612062,4570.706436845776,-1143.409903475714,6609.791996823993,1443.6812573817124,-1143.409903475714,-9.6515,12.3208,4
327,STARLINK-30147,satellite,0,55,43.0021,307.1504,100.7476,36.7517,137.4993,6863.4985,483.999,-352.69568126926714,6075.98621895479,3159.8087699646885,5169.382614750258,-3212.3957039618117,3159.8087699646885,27.5837,-31.8579,4
328,STARLINK-30157,satellite,0,6,42.986,281.6078,85.5181,359.4488,84.9669,6861.0275,489.1445,5015.833473871341,416.14046254635645,4657.475085167638,-2549.7341059837418,-4339.425573847284,4657.475085167638,42.9586,-120.4374,71
329,STARLINK-30168,satellite,0,55,43.0182,307.0804,124.8594,34.0096,158.869,6866.4077,482.4368,-2415.2521840268905,6194.369882352267,1687.0054706504327,6454.481568523088,-1594.7818137398142,1687.0054706504327,14.3232,-13.8787,4
330,STARLINK-30231,satellite,0,55,43.0162,307.1014,117.4792,36.7322,154.2114,6868.5358,485.1788,-1986.0238023187592,6244.02018487892,2036.4341058143395,6247.763750933619,-1974.215470781222,2036.4341058143395,17.3668,-17.5359,4
331,STARLINK-30081,satellite,0,55,43.0212,307.0834,148.0372,32.0247,180.0619,6867.5572,482.7603,-4141.281369331383,5470.070768118043,-5.059282394619479,6856.928205369167,233.2834640592721,-5.059282394619479,-0.0425,1.9485,5
332,STARLINK-30149,satellite,0,55,43.0195,307.0996,129.6571,32.1543,161.8114,6869.2169,484.6439,-2683.2381941749727,6144.041218700686,1461.2948957714282,6567.745395202239,-1346.7479822046034,1461.2948957714282,12.3705,-11.5881,4
333,STARLINK-30259,satellite,0,62,42.9886,292.9809,74.3093,172.9097,247.219,6860.0113,493.5811,-5298.957105993191,639.4259738177581,-4314.660582139983,3575.617389773712,3962.672364591394,-4314.660582139983,-39.1262,47.9393,4
334,STARLINK-30256,satellite,0,62,42.9959,293.2137,89.8938,37.1008,126.9947,6861.8914,484.8737,2054.8609204239565,5370.6739070374015,3734.5693579176136,3205.7891485301166,-4773.835727503045,3734.5693579176136,33.1653,-56.1173,21
335,STARLINK-30261,satellite,0,62,43.0203,293.1275,137.0424,32.4613,169.5037,6867.2892,482.2764,-1809.150415458145,6562.06649491336,852.6299884692878,6405.812023420992,-2302.023942102243,852.6299884692878,7.1839,-19.7667,4
336,STARLINK-30260,satellite,0,62,42.9811,292.9281,90.8063,177.67,268.4763,6858.6576,495.2553,-4693.90918534495,-1787.3396762435548,-4677.540209699338,1243.5149820334268,4866.31657909743,-4677.540209699338,-43.1403,75.6657,4
337,STARLINK-30253,satellite,0,62,43.0155,293.0818,168.8175,35.9745,204.792,6866.0564,486.1915,-4378.086050495243,4906.464160530137,-1963.1239787026914,6532.701746938678,751.5556597166194,-1963.1239787026914,-16.7206,6.5627,4
338,STARLINK-30257,satellite,0,62,43.0003,293.0631,125.0974,100.9686,226.0659,6862.9268,490.2409,-5191.206301258993,2965.2706426310865,-3370.7691291323354,5414.554676813747,2534.5710678683345,-3370.7691291323354,-29.5684,25.0845,4
339,STARLINK-30250,satellite,0,62,43.0207,293.1099,151.2245,32.4325,183.657,6867.5277,483.1189,-2981.800330441194,6172.195143670717,-298.57771065822755,6762.772967472419,-1118.9405223674255,-298.57771065822755,-2.5097,-9.3948,5
340,STARLINK-30269,satellite,0,62,42.9852,293.3689,98.1101,346.4402,84.5503,6858.7259,487.1301,4840.985759273168,1382.5146779894876,4652.945621960148,-1659.1346444246205,-4753.289617518795,4652.945621960148,42.9226,-109.2415,103
341,STARLINK-30266,satellite,0,62,43.0222,292.7198,16.4193,329.9147,346.334,6867.0238,484.1534,1481.897010102993,-6607.867361981643,-1106.0923600271828,-6254.700608965012,2595.891005860439,-1106.0923600271828,-9.3335,157.4601,6
342,STARLINK-30270,satellite,0,62,43.0126,292.6708,65.9059,322.7514,28.6573,6865.4956,482.4213,4538.726943092827,-4626.208933405143,2243.6315314423205,-6396.189505126465,-1044.323309126239,2243.6315314423205,19.2063,-170.727,9
343,STARLINK-30268,satellite,0,62,42.9808,293.2917,77.9516,27.6726,105.6241,6859.3852,487.152,3706.6342711153948,3606.03521675448,4501.416299026128,811.8037757218352,-5107.210807672272,4501.416299026128,41.2153,-80.9683,94
344,STARLINK-30251,satellite,0,62,43.0234,292.6975,39.1808,328.2727,7.4534,6867.3905,482.2856,3224.9841320895316,-6024.441085342201,607.1867065435807,-6782.116872311947,835.0471683024819,607.1867065435807,5.1094,172.9808,4
345,STARLINK-30254,satellite,0,12,43.0065,34.5161,146.2959,72.3437,218.6396,6864.0669,489.1845,-2641.394771143664,-5620.031894382595,-2923.169080009556,-3071.670132781701,5396.903503517508,-2923.169080009556,-25.346,119.6465,9
346,STARLINK-30264,satellite,0,79,42.9824,140.2101,87.0372,13.2383,100.2755,6858.8437,486.9496,-2218.4547172896464,-4574.454596114479,4598.898294956068,-2460.748891088614,4448.807826776037,4598.898294956068,42.3098,118.9481,6
347,STARLINK-30166,satellite,0,17,43.0246,12.688,148.3358,30.4327,178.7685,6870.1017,485.0878,-6717.762416232767,-1401.9024043714016,100.64454896910759,2724.590065440081,6298.4340282039175,100.64454896910759,0.8455,66.6076,4
348,STARLINK-30218,satellite,0,17,43.0106,12.7387,108.4298,36.9068,145.3366,6867.2114,485.8539,-6133.298547332425,1538.7666903783072,2661.741582472454,4791.39361066209,4126.463530171367,2661.741582472454,22.9561,40.7358,5
349,STARLINK-30138,satellite,0,17,43.0162,12.7193,123.9272,32.7879,156.715,6868.781,485.0505,-6584.737043968389,546.8504101368587,1850.43222681587,4240.751271530478,5066.935559318773,1850.43222681587,15.7382,50.0725,5
350,STARLINK-30255,satellite,0,17,43.0094,12.6316,161.8524,52.289,214.1414,6867.8399,490.9527,-4928.891345140291,-3992.273368905031,-2628.4904046761817,-423.2921684618941,6328.747133863544,-2628.4904046761817,-22.6357,93.8265,4
351,STARLINK-30252,satellite,0,67,42.993,357.9338,102.3133,197.4077,299.7211,6860.7938,492.6754,3243.269566258437,-4479.518532541823,-4064.464581913806,-5529.917118830321,-70.00301187237177,-4064.464581913806,-36.4841,-179.2747,7
352,STARLINK-30258,satellite,0,17,42.9904,13.3025,95.5591,179.8965,275.4556,6861.9108,498.723,1785.8737836173216,-4715.836878508039,-4661.221972861541,-4883.39449993876,1257.346727707184,-4661.221972861541,-42.9269,165.5614,13
353,STARLINK-30174,satellite,0,17,42.9823,12.4919,85.1941,176.6216,261.8158,6861.3298,497.6391,121.11802503164247,-5065.494856444704,-4633.382593394095,-4210.039353648155,2819.481575997464,-4633.382593394095,-42.6187,146.1896,16
354,STARLINK-30248,satellite,0,17,42.9872,12.5307,80.3513,170.6092,250.9606,6862.0593,496.5646,-1156.3469321832924,-5120.468854612242,-4425.2446932878565,-3518.9626795266477,3895.2844798194583,-4425.2446932878565,-40.3068,132.0944,16
355,STARLINK-30052,satellite,0,17,43.0013,12.3377,64.8788,246.2496,311.1283,6865.0484,493.0479,5219.606712037427,-2729.7805256312645,-3526.953472271359,-5238.440835231071,-2693.4612605800485,-3526.953472271359,-31.0696,-152.789,4
356,STARLINK-30245,satellite,0,17,42.9935,12.5616,102.3866,137.65,240.0366,6864.9374,497.9726,-2401.7857335513986,-4994.365748289136,-4057.798829030329,-2698.335340184242,4840.583676529879,-4057.798829030329,-36.3822,119.137,9
357,STARLINK-30041,satellite,0,17,43.0226,12.6727,149.5472,32.9355,182.4826,6867.5783,482.9534,-6639.982295346008,-1715.7569543232294,-202.77321530199737,2423.2496942866183,6415.687627055791,-202.77321530199737,-1.7042,69.3081,4
358,STARLINK-30244,satellite,0,17,43.0112,12.7233,115.5389,34.6749,150.2138,6867.9109,485.2043,-6357.125313498694,1119.5536766923203,2324.903027519567,4577.709343500361,4550.936151271588,2324.903027519567,19.9219,44.832,5
359,STARLINK-30246,satellite,0,17,42.9928,12.7731,87.7658,34.7151,122.4809,6863.6031,487.7152,-4527.780674856326,3312.9269956081525,3945.4062101598297,5316.478274288168,1792.0217289010668,3945.4062101598297,35.2846,18.6274,10
360,STARLINK-30075,satellite,0,17,42.9934,12.4316,105.3904,175.3435,280.734,6861.3886,497.4823,2310.9949028047236,-4543.165269121752,-4600.092970976933,-5044.809903353775,728.6570814637117,-4600.092970976933,-42.2433,171.7812,9
361,STARLINK-30148,satellite,0,17,42.9979,12.5793,67.8378,171.6068,239.4446,6863.4245,495.1721,-2464.8573507147735,-4980.65472753453,-4032.1582640029915,-2650.790092709534,4884.235370933479,-4032.1582640029915,-36.1336,118.4897,9
362,STARLINK-30249,satellite,0,17,43.0003,12.3511,92.3395,216.579,308.9185,6864.7437,494.0285,5049.273830435418,-2893.8909121381557,-3643.3358774447506,-5274.438636718118,-2459.6885765419333,-3643.3358774447506,-32.2085,-154.9984,4
363,STARLINK-30141,satellite,0,17,42.9912,12.5551,84.6257,159.6111,244.2368,6862.8242,495.4861,-1929.632796846868,-5063.205718061993,-4216.1644162476405,-3026.6315151985086,4494.333826641041,-4216.1644162476405,-38.0602,123.9576,12
364,STARLINK-30150,satellite,0,17,42.9826,12.4466,99.4854,178.1919,277.6773,6861.249,497.7462,1968.600568493677,-4663.250357247396,-4639.179762430238,-4945.690910809583,1077.6982450468527,-4639.179762430238,-42.6836,167.707,12
365,STARLINK-30056,satellite,0,17,43.0233,12.6543,151.2696,32.1285,183.3981,6870.0642,486.0312,-6620.4637471329215,-1791.290256404394,-277.5989138882332,2350.267339508457,6443.252629117567,-277.5989138882332,-2.3323,69.9598,4
366,STARLINK-30100,satellite,0,17,42.9799,12.8594,79.1934,22.5958,101.7893,6861.4942,488.9214,-2458.940319805124,4476.078302222712,4576.43771019183,5075.215216295046,-569.0825707043847,4576.43771019183,42.0414,-6.3978,18
367,STARLINK-30309,satellite,0,65,43.0104,24.026,70.508,329.797,40.3049,6865.364,482.3255,3455.2744308764227,5090.921020177115,3025.2650871403475,2170.2884820537606,-5757.277666659335,3025.2650871403475,26.3249,-69.3453,50
368,STARLINK-30306,satellite,0,65,43.018,24.0554,56.6231,323.4778,20.1009,6866.4763,482.807,5179.848343233749,4199.840821945298,1608.3722210482101,448.3579338991231,-6653.455264123241,1608.3722210482101,13.6418,-86.1448,20
369,STARLINK-30323,satellite,0,17,42.9915,12.4242,93.317,171.1755,264.4925,6861.201,497.5417,431.9675225795355,-5023.545092008186,-4660.11228630225,-4354.847362589402,2541.2409725469097,-4660.11228630225,-42.9234,149.7346,17
370,STARLINK-30329,satellite,0,65,43.017,24.1068,18.7731,325.1669,343.94,6866.9554,484.4599,6585.823032013764,1426.3793701604757,-1295.0339064465852,-2628.5672711611996,-6204.6963839983755,-1295.0339064465852,-10.9452,-112.9595,3
371,STARLINK-30330,satellite,0,65,43.0085,24.1459,9.2586,314.1993,323.4579,6864.4073,488.0603,6253.459855955648,-471.1529143455124,-2787.1686229413854,-3988.0154696476156,-4839.7807649310325,-2787.1686229413854,-24.0952,-129.4888,3
372,STARLINK-30311,satellite,0,65,42.9856,23.52,72.8303,173.486,246.3163,6860.1218,494.3392,-693.0960210016101,-5316.6601555899215,-4285.887375564942,-3946.2199531481897,3629.683923668948,-4285.887375564942,-38.8117,137.3925,13
373,STARLINK-30328,satellite,0,17,42.9825,12.362,88.9385,178.6309,267.5694,6861.3659,498.2031,789.9864290114186,-4964.651136518407,-4677.12771979965,-4512.982699874202,2214.684315199772,-4677.12771979965,-43.1126,153.8611,16
374,STARLINK-30326,satellite,0,65,42.989,23.8137,80.5264,24.5214,105.0479,6859.2267,486.4108,-3583.5281016972945,3711.6627017221176,4514.018337631753,5098.353332263848,790.5105732395125,4514.018337631753,41.361,8.8137,21
375,STARLINK-30324,satellite,0,65,43.0224,24.0762,38.9503,326.9436,5.8939,6867.4673,482.5587,6020.5244717911155,3254.220397901385,480.65969071355926,-808.8944990558368,-6795.760075440447,480.65969071355926,4.0426,-96.7879,6
376,STARLINK-30312,satellite,0,65,42.9843,23.4026,100.6356,181.0597,281.6953,6859.0511,494.8774,3229.6634784958756,-3959.603806913544,-4582.343290037181,-5097.128239990054,-358.4301844853495,-4582.343290037181,-42.063,-175.9776,9
377,STARLINK-30263,satellite,0,65,43.0021,23.5764,121.5186,103.0546,224.5732,6863.4936,490.678,-3072.2948195427025,-5184.5752917767395,-3285.4654105639042,-2467.4894355580504,5498.209917755069,-3285.4654105639042,-28.7483,114.1696,6
378,STARLINK-30280,satellite,0,65,43.0284,23.6481,151.4197,31.5729,182.9926,6867.5595,482.9196,-6171.280143638723,-2988.1907088616767,-244.4192551817386,1113.1902020707034,6765.706903037598,-244.4192551817386,-2.0543,80.6566,2
379,STARLINK-30247,satellite,0,65,43.0178,23.6233,168.1044,36.0577,204.1621,6866.0309,485.8878,-4913.496719986877,-4390.5793651338745,-1916.3019813147052,-757.7152112708867,6545.647778292832,-1916.3019813147052,-16.3115,96.6031,2
380,STARLINK-30277,satellite,0,44,42.9906,241.7038,79.6235,34.2469,113.8704,6860.0769,486.3977,5353.290460439018,269.0200186031183,4275.200905245737,-2864.4075856164864,-4530.481178384846,4275.200905245737,38.7505,-122.3032,67
381,STARLINK-30265,satellite,0,65,42.9823,23.4756,85.1098,175.5549,260.6646,6859.1093,495.3114,952.5394880353088,-4988.188658083603,-4617.537251058528,-4625.875664040158,2095.383474627374,-4617.537251058528,-42.4569,155.6309,16
382,STARLINK-30286,satellite,0,65,43.018,23.6819,126.7917,34.8075,161.5992,6866.7987,482.5926,-6596.777133162566,-1164.5386225878228,1477.2694405568784,2848.8927109223273,6062.790534874918,1477.2694405568784,12.5117,64.8313,5
383,STARLINK-30243,satellite,0,65,42.9939,23.9592,98.1035,324.4373,62.5408,6860.4484,485.8672,1082.0703432141866,5350.221873009492,4148.622219819367,3749.5445216843927,-3966.9467097503866,4148.622219819367,37.4081,-46.6138,5
384,STARLINK-30299,satellite,0,65,43.0126,23.7176,108.624,31.681,140.305,6864.0239,484.1799,-6119.716863630762,809.8076607661413,2988.1041071648606,4187.757454791802,4535.351192386093,2988.1041071648606,25.9701,47.2819,5
385,STARLINK-30294,satellite,0,17,42.9998,12.5424,99.9572,132.0253,231.9825,6862.0459,491.0944,-3267.350455760079,-4777.90855920345,-3687.4519011438097,-2022.7213802640274,5423.337295308856,-3687.4519011438097,-32.6616,110.4538,8
386,STARLINK-30276,satellite,0,65,43.0152,23.6874,117.6136,35.5826,153.1962,6868.243,484.9984,-6516.811811469414,-388.6496074902359,2110.6526365576447,3436.9899021525252,5550.40404979774,2110.6526365576447,18.0211,58.2329,4
387,STARLINK-30289,satellite,0,17,43.0202,13.0035,41.2582,326.3799,7.6381,6869.986,485.0925,6477.660373209751,2180.384540602534,622.3613624006108,-1949.967096541278,-6550.709043909429,622.3613624006108,5.2353,-106.5768,7
388,STARLINK-30288,satellite,0,74,43.0132,49.5758,114.6691,35.7939,150.4629,6865.4099,482.5898,-5751.240880856633,-2939.3576796895854,2306.4393430105856,911.0986863555765,6394.254798059573,2306.4393430105856,19.7651,81.8907,4
389,STARLINK-30347,satellite,0,33,42.9787,37.8132,88.4256,2.5172,90.9427,6861.1615,489.3022,-3164.577867675622,3893.7737656022355,4674.290604755296,5005.823407244446,343.16065298662375,4674.290604755296,43.1497,3.9216,17
390,STARLINK-30345,satellite,0,74,43.021,49.1358,24.6038,323.8087,348.4125,6867.2161,484.2287,5160.1481964718705,4424.3737533538215,-940.3799187721715,643.2290332154587,-6766.717736816483,-940.3799187721715,-7.9254,-84.5699,3
391,STARLINK-30333,satellite,0,74,42.9865,48.8899,84.966,9.6658,94.6318,6858.6692,486.9334,-4129.912421004927,2869.325962251602,4658.770402349519,4724.671982365147,1722.406090872777,4658.770402349519,42.9906,20.0296,14
392,STARLINK-30336,satellite,0,74,42.9974,49.201,68.2916,244.6235,312.9151,6862.8616,490.8407,5836.802133691794,1135.6882340518082,-3428.0173102354197,-2434.615048101637,-5425.006588050364,-3428.0173102354197,-30.1183,-114.1694,4
393,STARLINK-30346,satellite,0,74,42.9999,49.0227,94.1569,317.9652,52.1221,6861.9706,485.1768,-227.66135005193547,5774.291632679709,3691.273872739433,4850.755692234777,-3140.771046064053,3691.273872739433,32.7314,-32.9223,4
394,STARLINK-30315,satellite,0,74,43.0148,49.1488,10.3178,323.9478,334.2656,6865.881,486.082,5691.3768628922,3250.8692552134357,-2032.6630076520678,-621.9956680551073,-6524.802134844956,-2032.6630076520678,-17.3313,-95.4454,3
395,STARLINK-30287,satellite,0,74,43.0128,49.0696,69.7993,321.029,30.8283,6865.3513,483.7427,1916.9852213734855,6133.892635200644,2397.898951625911,3909.039100252208,-5100.87095620272,2397.898951625911,20.5794,-52.5353,6
396,STARLINK-30335,satellite,0,74,43.0219,49.0992,42.9423,326.7317,9.674,6867.3006,482.3107,3790.807829691913,5663.304548607163,786.5273521376376,2444.806320165504,-6361.302104821536,786.5273521376376,6.6244,-68.977,10
397,STARLINK-30318,satellite,0,74,42.9872,48.942,103.7225,329.5986,73.3211,6859.3811,486.5759,-2329.9937413744033,4638.976116884603,4477.702358521884,5134.06658083605,-768.3297413298955,4477.702358521884,40.9563,-8.5113,17
398,STARLINK-30348,satellite,0,74,42.981,49.3215,86.8038,183.8077,270.6116,6858.5578,494.7045,3855.1579146452314,-3216.8539981601184,-4678.537789588117,-4850.422947784603,-1297.6091167740128,-4678.537789588117,-43.1561,-165.0227,3
399,STARLINK-30349,satellite,0,74,42.9997,49.4483,111.3187,116.7404,228.0591,6864.9575,493.3142,-145.39373031143984,-5915.098608746219,-3483.023789129248,-4750.90849320281,3526.811502932747,-3483.023789129248,-30.6399,143.4119,15
400,STARLINK-30341,satellite,0,27,43.0201,52.5167,16.3762,336.2793,352.6555,6874.0533,489.7387,4654.267990783219,5014.428187875709,-598.9750678379987,1416.969209010132,-6693.1979533037065,-598.9750678379987,-5.0346,-78.0468,5
401,STARLINK-30300,satellite,0,74,42.991,49.2497,104.5432,187.336,291.8792,6859.8629,494.1699,5199.0416605310575,-1103.497858066216,-4343.147127230828,-3897.3581451765453,-3613.6326873272965,-4343.147127230828,-39.4298,-137.1633,3
402,STARLINK-30281,satellite,0,74,43.0186,49.5432,134.6405,37.0593,171.6998,6867.3535,482.1963,-4955.666997860586,-4695.338120853705,675.6316514792284,-982.5119482310012,6755.701720355175,675.6316514792284,5.6872,98.2748,4
403,STARLINK-30325,satellite,0,74,42.9872,49.3882,78.8929,170.6,249.4929,6859.6984,494.117,2004.742713710361,-4886.325582035703,-4383.21609309938,-5148.84359200726,1176.6820755314973,-4383.21609309938,-39.8651,167.1271,13
404,STARLINK-30338,satellite,0,74,43.0184,49.5108,161.1756,31.8078,192.9834,6867.0543,483.8177,-3484.0939856778386,-5816.744508547842,-1051.6982212283567,-2746.932412571615,6199.015236271117,-1051.6982212283567,-8.8712,113.8993,4
405,STARLINK-30334,satellite,0,74,43.0085,49.4805,167.5565,46.5566,214.1131,6864.9132,487.6551,-1552.0286325089246,-6147.773051015115,-2625.2741330019758,-4130.653347967553,4810.572656331018,-2625.2741330019758,-22.618,130.6514,11
406,STARLINK-30375,satellite,0,15,42.9936,88.7734,100.4275,201.4082,301.8357,6863.6108,495.0406,4343.04791233092,3529.5386180874643,-3977.682104144218,382.6109491084605,-5583.306984842859,-3977.682104144218,-35.5724,-86.0798,10
407,STARLINK-30365,satellite,0,22,43.0138,103.5674,120.0253,35.5112,155.5365,6868.5423,485.2309,-554.5402189560585,-6558.763581926616,1938.4020849492367,-5041.275806294502,4232.071930262576,1938.4020849492367,16.5065,139.9871,5
408,STARLINK-30351,satellite,0,22,43.0194,103.568,147.2175,34.1708,181.3883,6867.7333,483.14,1727.3256903017416,-6639.3165956139965,-113.41271577928549,-6421.808829465504,2413.4105027886817,-113.41271577928549,-0.953,159.403,4
409,STARLINK-30242,satellite,0,25,42.9932,74.9469,100.4418,201.5638,302.0055,6861.1579,492.5008,5055.761456816322,2407.193020150112,-3968.8607967734115,-945.3614994750573,-5519.202277485324,-3968.8607967734115,-35.4969,-99.7196,4
410,STARLINK-30331,satellite,0,92,43.0183,30.7497,61.1104,324.4322,25.5426,6865.9218,482.803,4213.054845440788,5022.551391484155,2017.7090385564666,1677.8129212016443,-6337.254722057519,2017.7090385564666,17.2084,-75.1709,23
411,STARLINK-30364,satellite,0,22,42.9852,103.4076,76.9098,176.8492,253.759,6861.8264,497.1623,5136.1672668995225,-749.7794148139759,-4494.564595911809,-3572.0231272330584,-3766.036927986907,-4494.564595911809,-41.0661,-133.4855,4
412,STARLINK-30308,satellite,0,22,43.0162,103.5881,128.6692,35.7568,164.426,6869.6422,485.4176,243.6655652144215,-6742.333803707496,1257.0016432450814,-5651.2010197043155,3685.4260355053884,1257.0016432450814,10.6185,146.8897,5
413,STARLINK-30361,satellite,0,22,43.0047,103.4969,152.7497,68.7334,221.4832,6866.157,491.8342,4434.341204948063,-4225.10376313783,-3101.845681537849,-6008.206483007772,-1190.1002431413397,-3101.845681537849,-27.0032,-168.7959,5
414,STARLINK-30363,satellite,0,15,42.9996,89.0084,109.0458,119.5951,228.6409,6865.0371,493.2986,3689.877341217813,-4601.309571397429,-3514.5620626823447,-5886.774786374026,-364.86597481441146,-3514.5620626823447,-30.9473,-176.4533,8
415,STARLINK-30362,satellite,0,22,42.9957,104.0852,91.5973,215.6118,307.2092,6864.9239,494.2582,2868.8710967452116,5000.614603957603,-3729.1159914213963,2434.332323067685,-5225.9538773244085,-3729.1159914213963,-33.0595,-65.0231,15
416,STARLINK-30350,satellite,0,21,42.9836,100.3967,99.2026,340.301,79.5036,6858.8977,486.9269,-5075.577258165818,338.49026086244965,4595.742581900003,3200.9491157616626,3953.4775727975752,4595.742581900003,42.2743,51.0045,5
417,STARLINK-30307,satellite,0,22,42.9816,103.7349,78.1893,24.0561,102.2453,6861.6002,489.4776,-4417.483665962714,-2577.1240523807546,4569.220798143398,438.72646963835297,5095.414546947623,4569.220798143398,41.9561,85.0788,3
418,STARLINK-30356,satellite,0,22,43.0181,103.1575,18.2304,327.8979,346.1283,6869.608,486.8953,-345.29460893673945,6763.204090609863,-1122.7739244475088,5726.812658229959,-3614.3844172610998,-1122.7739244475088,-9.4716,-32.2574,10
419,STARLINK-30370,satellite,0,15,42.9824,88.8617,98.8807,185.3159,284.1966,6859.2364,495.416,4900.712037536705,1586.394201870671,-4536.897378823117,-1526.905914911182,-4919.571461580296,-4536.897378823117,-41.5497,-107.243,4
420,STARLINK-30368,satellite,0,22,42.9947,103.6335,88.544,36.3342,124.8781,6864.0602,487.3009,-3075.034413608455,-4781.590573780793,3837.0109684493877,-2136.5334384635194,5268.270107584925,3837.0109684493877,34.1827,112.0749,5
421,STARLINK-30397,satellite,0,11,43.0232,126.0464,45.3299,326.7607,12.0907,6867.1775,482.2446,-4796.472345534138,4805.365438436236,980.3733362006807,6691.121799949711,1151.7695154105147,980.3733362006807,8.2672,9.7668,5
422,STARLINK-30354,satellite,0,95,43.0008,128.6827,41.4175,274.248,315.6655,6865.8039,492.4387,-330.0842427490803,6026.6750549856,-3272.3200804147514,5116.050832221881,-3202.466503777786,-3272.3200804147514,-28.6147,-32.0451,9
423,STARLINK-30383,satellite,0,95,42.9897,128.9212,75.9004,165.2899,241.1903,6860.7821,492.8189,5500.334528588726,190.42046203870257,-4100.603107003797,-3013.3697538339347,-4605.381917433907,-4100.603107003797,-36.8601,-123.1973,4
424,STARLINK-30384,satellite,0,95,43.0178,128.6311,18.0218,328.0577,346.0796,6869.6875,486.6873,-3216.3325283893764,5958.510137101579,-1126.6016624522763,6723.243927173987,-804.1325032828687,-1126.6016624522763,-9.5045,-6.8205,4
425,STARLINK-30305,satellite,0,11,43.0233,126.0715,21.2272,329.5991,350.8264,6867.3594,483.6199,-3341.9287269796964,5945.978830131397,-746.3700986498164,6785.363574775496,-694.2571733102834,-746.3700986498164,-6.2836,-5.842,5
426,STARLINK-30360,satellite,0,11,43.0186,126.083,16.0,327.7797,343.7797,6866.8759,484.464,-2747.906286414766,6150.09241572923,-1307.6546729950933,6609.9497298678125,-1297.3782214714495,-1307.6546729950933,-11.0531,-11.1047,4
427,STARLINK-30355,satellite,0,95,43.016,129.0363,129.4944,33.5383,163.0327,6869.4297,484.8781,2996.4413563607095,-6020.320243026395,1366.1535729878663,-6647.074165512596,1019.4712692750243,1366.1535729878663,11.5534,171.2804,1
428,STARLINK-30385,satellite,0,52,42.9887,114.3478,73.9365,171.7511,245.6876,6861.0117,494.5722,5334.101767368363,-688.2632224471442,-4265.4471168824575,-3635.782816323859,-3963.2601782547363,-4265.4471168824575,-38.5913,-132.5324,3
429,STARLINK-30359,satellite,0,52,43.0217,114.5339,135.5647,32.0036,167.5683,6867.2328,481.926,1799.399410685308,-6542.2607449039815,1007.5181177930083,-6384.005864831637,2298.5828267176935,1007.5181177930083,8.4981,160.1984,5
430,STARLINK-30380,satellite,0,11,43.0035,125.7014,93.7907,38.8015,132.5921,6862.6256,484.7247,-289.83868000490156,-5923.249951569195,3443.217760827134,-4674.349225418901,3649.569257873753,3443.217760827134,30.2954,142.0185,7
431,STARLINK-30369,satellite,0,11,43.0124,125.65,116.3003,37.4236,153.7239,6865.8508,482.8151,1780.3850974935426,-6291.706600119176,2071.340671525115,-6168.261596205189,2169.7677106410497,2071.340671525115,17.6803,160.62,5
432,STARLINK-30376,satellite,0,11,43.0126,125.5809,170.2263,40.0698,210.2961,6865.2944,487.0676,5506.516060175382,-3346.207132293552,-2361.6323919207207,-5907.57646557939,-2572.8120017821307,-2361.6323919207207,-20.2443,-156.4664,4
433,STARLINK-30389,satellite,0,95,42.9962,128.7016,84.3876,224.2635,308.6511,6864.6857,493.8634,379.30189999804224,5798.7865990146165,-3656.636864240352,4521.075622344976,-3650.9822197994354,-3656.636864240352,-32.341,-38.9225,11
434,STARLINK-30388,satellite,0,11,43.0212,125.6126,157.1425,31.8899,189.0323,6867.342,483.7129,4586.235822758225,-5050.533860485958,-734.9493174026474,-6770.381570185158,-838.680327635719,-734.9493174026474,-6.187,-172.9385,5
435,STARLINK-30381,satellite,0,11,42.9828,125.7427,92.2851,357.8193,90.1045,6858.6046,487.1406,-4063.162239122927,-2939.671058849356,4673.795767982225,-61.741275550692436,5014.692545965735,4673.795767982225,43.161,90.7054,4
436,STARLINK-30382,satellite,0,11,42.9949,125.5321,96.3714,135.1006,231.4721,6862.1033,491.2659,5680.362158115215,-1196.7774011129336,-3661.4278857346235,-4250.911761245693,-3953.2947769253187,-3661.4278857346235,-32.4023,-137.0776,4
437,STARLINK-30378,satellite,0,11,43.0096,125.9995,69.9417,323.3461,33.2878,6864.9756,483.3132,-5596.682922917772,3020.3543135354007,2567.647814291042,5693.191755560446,2834.249028118362,2567.647814291042,22.1103,26.4656,4
438,STARLINK-30387,satellite,0,52,42.9809,114.3393,83.2928,176.5452,259.838,6861.3947,497.6201,5004.128989289038,934.0173984003486,-4607.567162471382,-2119.7064102748736,-4628.232943164928,-4607.567162471382,-42.3266,-114.6075,4
439,STARLINK-30372,satellite,0,64,43.0217,9.6846,125.8259,32.4374,158.2632,6866.3475,482.5518,-6593.209981347363,758.8741595855968,1733.1849990175235,4418.929513457438,4951.703727336689,1733.1849990175235,14.7236,48.2541,5
440,STARLINK-30367,satellite,0,11,42.9864,125.7635,76.3524,34.8557,111.208,6859.8169,486.3634,-2344.3702156906625,-4745.019930997951,4357.890349943053,-2527.6136176416376,4649.99518856717,4357.890349943053,39.6435,118.5273,6
441,STARLINK-30374,satellite,0,75,42.9812,165.252,85.2578,179.9347,265.1925,6860.7226,497.5266,1830.6068734869575,4693.799455860204,-4664.324071044171,2781.752745300976,-4200.56264339692,-4664.324071044171,-42.9716,-56.4861,12
442,STARLINK-30394,satellite,0,75,43.0183,165.4331,160.759,34.7571,195.5161,6866.9537,484.5541,6736.904207483877,-363.99366517494775,-1252.3343009385396,-4178.9650762649335,-5296.66126729466,-1252.3343009385396,-10.58,-128.2728,4
443,STARLINK-30379,satellite,0,75,43.0229,165.4638,141.1711,33.1041,174.2753,6867.5456,482.5564,6482.287059314402,-2197.6555306455025,466.9190531700815,-5531.002351005757,-4032.089823391897,466.9190531700815,3.9268,-143.908,4
444,STARLINK-30395,satellite,0,75,43.0154,165.4932,119.7074,33.9992,153.7066,6866.7751,483.1731,5397.088950873473,-3691.272273264538,2072.8266265622906,-6126.567512600482,-2284.563558441834,2072.8266265622906,17.6925,-159.5498,9
445,STARLINK-30403,satellite,0,75,43.0063,165.523,102.9183,35.9712,138.8895,6863.7538,483.7051,4178.410285425848,-4484.220725600136,3075.4356705651467,-6072.540270425152,-831.6265347613335,3075.4356705651467,26.7896,-172.2019,9
446,STARLINK-30413,satellite,0,75,42.9997,165.9613,52.3422,262.4229,314.765,6863.4384,490.5556,-3824.4754868817236,4630.0740836817295,-3323.4988842306975,5987.833826943926,458.3064815671481,-3323.4988842306975,-29.1128,4.3769,4
447,STARLINK-30398,satellite,0,75,42.9846,165.7148,97.8476,337.4201,75.2678,6859.1671,487.7217,-2886.669616325608,-4270.681855315718,4521.11846342496,-1827.4707794396345,4819.951818580205,4521.11846342496,41.4305,110.7641,4
448,STARLINK-30386,satellite,0,75,42.9962,165.783,93.2964,320.5657,53.8621,6861.7452,485.3864,-4914.671468424144,-2933.1013628162123,3776.452650749957,434.2241206552456,5706.884321601222,3776.452650749957,33.5826,85.6489,4
449,STARLINK-30391,satellite,0,75,43.0092,165.8301,68.2539,324.6298,32.8837,6864.5772,483.3506,-6250.964599709283,-1230.1733321934487,2540.0250586931425,2596.0071618696643,5817.957688878459,2540.0250586931425,21.8602,65.9533,5
450,STARLINK-30401,satellite,0,75,43.0092,165.8286,64.5383,323.0613,27.5996,6868.1264,485.2709,-6464.53194863856,-765.0641025508593,2168.280493940591,3099.2083995511707,5724.5439724166745,2168.280493940591,18.5297,61.5693,5
451,STARLINK-30390,satellite,0,75,42.986,165.7179,102.3513,332.0912,74.4425,6861.7681,489.2993,-2974.8556941650427,-4229.946855007198,4504.720009499861,-1743.3679581630938,4868.560871524737,4504.720009499861,41.2363,109.7018,4
452,STARLINK-30409,satellite,0,75,42.9833,165.1447,99.3206,191.5572,290.8778,6862.2255,496.4302,-1161.870294746655,5163.424464969704,-4373.696398026554,4889.709403167227,-2025.2497968992259,-4373.696398026554,-39.7454,-22.4987,4
453,STARLINK-30415,satellite,0,75,43.0208,165.8706,36.5887,327.4342,4.0229,6870.0353,485.0527,-6725.0429267293,1329.8805930369494,328.4995420891213,4961.594165168396,4730.472291246935,328.4995420891213,2.7606,43.634,4
454,STARLINK-30407,satellite,0,47,42.9823,60.1036,87.7341,7.0287,94.7628,6858.6618,486.5599,-4616.083283062658,1997.4530933183144,4657.279954147894,4292.157534229358,2622.10362829839,4657.279954147894,42.9765,31.421,10
455,STARLINK-30408,satellite,0,75,43.0056,165.0848,7.5418,313.5446,321.0864,6866.5326,490.9174,-4350.046041170769,4422.181051046558,-2941.293968114153,6120.720113995833,1007.6562383410097,-2941.293968114153,-25.5072,9.3488,4
456,STARLINK-30377,satellite,0,75,42.9813,165.2718,85.2978,173.7966,259.0943,6859.0239,495.1969,2509.438384407596,4438.507208672383,-4594.900251354398,2181.983183473109,-4608.316030136764,-4594.900251354398,-42.202,-64.663,14
457,STARLINK-30422,satellite,0,75,43.0195,165.4334,150.1763,38.2135,188.3898,6869.9425,486.3763,6756.721386177647,-999.2135203594637,-683.3070325677966,-4709.576547823851,-4946.877832520944,-683.3070325677966,-5.7485,-133.5923,4
458,STARLINK-30402,satellite,0,75,43.0193,165.4382,156.9405,31.5546,188.4951,6867.5968,483.7896,6754.754892578277,-988.9822615049201,-691.5504981142349,-4700.081086382008,-4951.165252121532,-691.5504981142349,-5.8203,-133.5097,4
459,STARLINK-30411,satellite,0,75,43.0131,165.3812,169.0839,40.6594,209.7433,6865.332,487.178,6394.148574623239,905.0541561391185,-2322.6126655446815,-2944.2369463755804,-5747.671513186718,-2322.6126655446815,-19.8955,-117.1237,4
460,STARLINK-30418,satellite,0,75,42.9807,165.2496,83.6515,180.9364,264.5879,6861.2008,497.6971,1899.450440687706,4670.9450198957775,-4660.0165568794155,2723.408672385546,-4243.664048754694,-4660.0165568794155,-42.9211,-57.3093,13
461,STARLINK-30432,satellite,0,24,43.0187,216.3862,154.9168,33.2296,188.1464,6867.3646,483.5903,5046.335132035896,4601.633543035576,-663.3372555098153,853.6846695588379,-6775.82113209684,-663.3372555098153,-5.5822,-82.8191,5
462,STARLINK-30427,satellite,0,24,43.0188,216.4102,134.2892,32.5622,166.8513,6867.1342,482.347,6053.293382969903,3046.8582100148647,1064.6300057602773,-997.260723124551,-6703.072189851106,1064.6300057602773,8.9831,-98.4622,12
463,STARLINK-30393,satellite,0,24,42.9936,216.2925,86.6391,147.1198,233.7589,6864.2177,494.3033,874.1444172909302,5667.222114763159,-3776.2084034330214,4128.439307070499,-3979.638657991045,-3776.2084034330214,-33.5306,-43.9486,11
464,STARLINK-30439,satellite,0,24,43.0061,216.4505,107.8827,37.8189,145.7017,6864.5323,482.8912,6236.052128791811,1092.8297159306353,2635.8258372707005,-2699.6724971506205,-5726.638747918227,2635.8258372707005,22.7307,-115.2403,34
465,STARLINK-30442,satellite,0,24,42.9977,216.4583,93.8149,30.7046,124.5195,6861.4588,484.5696,5579.86107214737,-1014.1670363068565,3852.329659619321,-4043.7525337555994,-3976.3613779109915,3852.329659619321,34.3535,-135.4814,30
466,STARLINK-30441,satellite,0,24,43.0104,216.3058,164.2123,45.0511,209.2634,6865.4699,487.171,3372.3304139368483,5521.806137576785,-2288.3891524500464,2570.2583844680125,-5937.737555569125,-2288.3891524500464,-19.5905,-66.5937,11
467,STARLINK-30460,satellite,0,24,42.9872,216.5428,78.1525,32.1332,110.2857,6859.6778,486.5955,4710.630531368978,-2364.037612564755,4384.689711482622,-4646.256841149432,-2488.1742709783302,4384.689711482622,39.9337,-151.83,4
468,STARLINK-30444,satellite,0,24,42.9884,216.6873,99.5429,328.151,67.6939,6860.0951,486.6881,685.3296796383023,-5275.629511426141,4325.135169382015,-4706.86153098495,2479.3946922096893,4325.135169382015,39.2863,152.2215,6
469,STARLINK-30446,satellite,0,56,43.017,202.3788,359.0475,333.7425,332.79,6865.6693,485.5387,-6516.06118675745,-202.09437276304638,-2140.4366052814694,3589.037437766127,5442.307028768457,-2140.4366052814694,-18.2827,56.5964,4
470,STARLINK-30445,satellite,0,24,42.9827,216.6172,82.6283,6.3125,88.9408,6858.6108,487.3865,2889.200403498403,-4100.337489990279,4673.167271047727,-5015.998967315946,0.9291288828277273,4673.167271047727,43.1519,179.9894,4
471,STARLINK-30447,satellite,0,1,43.0089,190.7511,14.0627,311.8579,325.9207,6864.7351,487.637,-6108.838869244361,1702.272112973453,-2623.0047538221347,4910.941561919065,4012.2681431347237,-2623.0047538221347,-22.5975,39.249,4
472,STARLINK-30434,satellite,0,24,43.0145,216.787,55.3006,329.8346,25.1352,6866.075,482.5254,-3697.249117411711,-5424.427797426265,1987.431393918837,-2303.465281447667,6147.203889806947,1987.431393918837,16.9431,110.5419,5
473,STARLINK-30429,satellite,0,24,42.9965,216.7276,90.5769,321.3796,51.9565,6864.553,487.4031,-1025.2375344025081,-5694.576309059334,3683.9376628170703,-4063.745064752264,4118.893952306757,3683.9376628170703,32.6464,134.6138,7
474,STARLINK-30284,satellite,0,83,43.0181,179.8759,128.8576,35.5938,164.4515,6869.3401,485.5253,6608.856389833967,-1359.3537247885006,1255.0596170114968,-4918.7431966353815,-4618.526896760348,1255.0596170114968,10.6017,-136.803,2
475,STARLINK-30433,satellite,0,24,42.9777,216.1703,91.2832,181.6318,272.915,6858.6239,495.5789,-3241.666705033601,3842.5820432619375,-4673.074443622263,5008.39671482934,435.66286576796495,-4673.074443622263,-43.0867,4.9714,4
476,STARLINK-30358,satellite,0,24,42.986,216.2385,78.0106,173.673,251.6837,6859.482,494.3634,-1077.9452440069879,5119.501727910425,-4442.5899168414135,4805.45608486213,-2068.53951077001,-4442.5899168414135,-40.5128,-23.2898,4
477,STARLINK-30436,satellite,0,24,43.006,216.3283,165.4897,50.8323,216.322,6864.4477,488.3319,2693.6780237078992,5670.674818411382,-2772.69460081145,3082.939965789116,-5468.81480385943,-2772.69460081145,-23.9614,-60.5887,15
478,STARLINK-30339,satellite,0,24,42.9909,216.6928,99.4536,323.7085,63.1621,6862.9516,488.5003,191.89716094837422,-5439.703691957314,4173.072998074478,-4556.676397975529,2977.2304211812093,4173.072998074478,37.6492,146.8403,7
479,STARLINK-30282,satellite,0,24,42.9848,216.1234,101.3722,185.6613,287.0335,6859.3009,494.2363,-4453.955702368118,2692.356235737365,-4474.1320969485005,4766.7236645472585,2089.2221051426054,-4474.1320969485005,-40.8613,23.6675,4
480,STARLINK-30340,satellite,0,24,42.9903,216.261,85.6095,152.435,238.0445,6863.5405,495.6118,409.8246211569779,5585.719118490424,-3972.601385360669,4329.340344104275,-3553.1713265316916,-3972.601385360669,-35.5167,-39.3764,10
481,STARLINK-30279,satellite,0,24,42.9792,216.1915,86.0994,179.7673,265.8667,6858.5958,495.3633,-2558.114057358276,4334.095408286388,-4666.96089094853,5016.304984820244,-406.22018395293094,-4666.96089094853,-43.0185,-4.6297,4
482,STARLINK-30465,satellite,0,54,42.994,245.1944,81.1921,154.3729,235.565,6863.9719,494.4869,-2130.883605552855,5261.90289622111,-3861.53454235396,5528.495743243889,-1289.9697076320178,-3861.53454235396,-34.3901,-13.1339,3
483,STARLINK-30470,satellite,0,54,43.0035,245.2343,164.5293,53.7469,218.2763,6866.5489,490.922,-566.3311974797696,6196.579163908756,-2900.52122857457,5391.034429994503,-3107.261195078529,-2900.52122857457,-25.1293,-29.9581,6
484,STARLINK-30473,satellite,0,54,42.9885,245.5395,94.2774,328.6944,62.9717,6863.2963,488.6657,2777.524333849431,-4687.693338083573,4165.966233640939,-5431.729401476436,430.61115426248455,4165.966233640939,37.573,175.4672,4
485,STARLINK-30443,satellite,0,54,42.998,245.3774,94.3919,39.2595,133.6514,6865.3757,486.5551,5272.6340794534935,2791.9513401257527,3384.7640225564005,-755.8319886369203,-5918.139946503254,3384.7640225564005,29.7209,-97.2781,101
486,STARLINK-30467,satellite,0,54,42.987,245.1667,73.0216,172.3163,245.338,6862.6384,496.0239,-2939.0967085751686,4516.940707969394,-4254.399183371814,5385.255242633754,-200.1719095030714,-4254.399183371814,-38.4636,-2.1287,2
487,STARLINK-30474,satellite,0,54,43.0065,245.2497,168.6786,42.8006,211.4791,6867.6486,490.0497,70.4652585500773,6414.834983979416,-2445.3035480495864,5202.535490187356,-3753.4914010411335,-2445.3035480495864,-20.9846,-35.8094,12
488,STARLINK-30479,satellite,0,54,42.9852,245.4391,79.187,32.9762,112.1631,6862.5635,488.7997,5301.446055151288,421.86155697004244,4330.609123610439,-2709.613231667792,-4576.165816892912,4330.609123610439,39.331,-120.6304,66
489,STARLINK-30481,satellite,0,54,43.0206,245.2956,151.888,31.1067,182.9947,6870.1863,485.6102,2626.516716146664,6336.577090491944,-244.64512331937334,3665.9068049340794,-5797.579372590186,-244.64512331937334,-2.0554,-57.6941,3
490,STARLINK-30457,satellite,0,54,43.0224,245.7374,21.2886,329.5377,350.8263,6869.9906,486.0141,-3513.797763175519,-5848.834395290968,-746.6207918995894,-2756.0471401031555,6241.7820104169905,-746.6207918995894,-6.2835,113.8238,4
491,STARLINK-30472,satellite,0,44,43.0102,241.9258,112.9173,36.0693,148.9866,6865.1704,482.8782,5046.165114781805,3970.2853940633204,2410.4347424437037,337.7533092355673,-6411.931938039722,2410.4347424437037,20.6946,-86.9847,53
492,STARLINK-30462,satellite,0,54,42.9808,245.5413,97.7802,342.8788,80.659,6861.6096,490.0551,4045.802833926739,-3063.2061347191107,4613.798701940802,-4834.679386435398,-1541.9557792514915,4613.798701940802,42.4548,-162.3106,4
493,STARLINK-30449,satellite,0,54,42.9881,245.1652,69.1881,174.0758,243.2638,6863.0916,496.1892,-2773.485504854838,4687.416732959772,-4181.266440445256,5429.176354736321,-433.7529057461107,-4181.266440445256,-37.6861,-4.5678,1
494,STARLINK-30466,satellite,0,54,42.9938,245.3952,87.1997,39.5583,126.758,6864.367,487.5423,5363.63305286279,2058.56974945298,3747.4520932961054,-1407.6867513776156,-5569.980875112683,3747.4520932961054,33.2796,-104.1832,107
495,STARLINK-30428,satellite,0,54,42.9859,245.5857,97.3832,329.3133,66.6965,6862.7445,488.9476,3074.4375919584204,-4375.295785762498,4294.887200392615,-5347.458894208434,7.943205226971257,4294.887200392615,38.9448,179.9149,2
496,STARLINK-30482,satellite,0,54,42.9826,245.9451,82.9961,183.8856,266.8817,6861.4481,498.0827,-4427.833852270068,2385.523424810217,-4674.337843378332,4500.885307878645,2244.6527746957236,-4674.337843378332,-43.0816,26.5061,4
497,STARLINK-30463,satellite,0,54,43.0087,245.7715,5.6169,320.0398,325.6567,6867.6897,490.2305,-4908.84453481163,-4006.858041855564,-2641.8075214350984,-446.76281729030217,6320.76490779553,-2641.8075214350984,-22.7593,94.043,4
498,STARLINK-30453,satellite,0,44,43.016,242.3439,12.2931,326.4255,338.7185,6868.9117,487.9587,-4582.703448303993,-4820.253935198013,-1699.7565006452323,-1299.4936324400887,6522.831838560374,-1699.7565006452323,-14.4218,101.2671,3
499,STARLINK-30478,satellite,0,54,42.9877,244.9945,103.3965,190.9157,294.3121,6862.7498,496.1355,-5342.938382423357,-627.0661600795477,-4266.33951559013,2565.795993295159,4728.307672759899,-4266.33951559013,-38.5904,61.5137,4
500,STARLINK-30477,satellite,0,44,43.0209,241.8941,138.2315,31.9369,170.1685,6867.3256,482.3404,3939.805069549757,5558.900295439074,799.1956875249773,2273.627492869659,-6422.931924312278,799.1956875249773,6.7315,-70.5068,10
501,STARLINK-30450,satellite,0,58,42.9847,256.1953,100.1995,181.9219,282.1214,6861.539,497.4579,-5112.961897763418,-228.3368927611856,-4576.939736286223,2759.1948202253684,4310.610287258386,-4576.939736286223,-41.9828,57.3769,4
502,STARLINK-30483,satellite,0,19,43.0222,110.9604,155.0545,31.253,186.3075,6867.479,483.2614,2954.20702288821,-6171.327162466126,-514.3084927538778,-6746.165687054593,1140.99369107872,-514.3084927538778,-4.3256,170.4003,5
503,STARLINK-30454,satellite,0,58,42.9844,256.1808,100.5989,185.9085,286.5073,6861.8543,497.1711,-5142.4312942964525,-744.1579211500382,-4488.384230217529,2354.569776487172,4631.886418709226,-4488.384230217529,-40.9976,63.054,3
504,STARLINK-30501,satellite,0,58,43.0135,256.4064,169.6125,39.0386,208.6511,6867.1156,488.2512,-923.3069752774588,6420.486342817102,-2245.1291157905866,5779.714891644175,-2944.492557335389,-2245.1291157905866,-19.2026,-26.9967,7
505,STARLINK-30499,satellite,0,19,42.9855,111.5313,97.5171,186.9537,284.4708,6859.1457,495.3264,3893.1872140363894,3379.955964954411,-4531.569560852038,519.536826038062,-5129.433740185911,-4531.569560852038,-41.4909,-84.2165,10
506,STARLINK-30496,satellite,0,58,43.0079,256.5094,111.672,33.1231,144.7951,6864.844,483.4082,4118.759206506618,4774.722196835379,2696.8704675953713,1529.5792258077943,-6117.396247596907,2696.8704675953713,23.2853,-75.9617,44
507,STARLINK-30485,satellite,0,58,43.0118,256.4959,115.058,35.9216,150.9796,6868.0441,485.3841,3767.586034787602,5265.5128065581885,2270.533030795393,2133.0523894513613,-6113.1348054341715,2270.533030795393,19.4369,-70.7646,19
508,STARLINK-30492,satellite,0,58,42.981,256.6691,93.5464,354.5485,88.0949,6858.6199,487.2513,4824.913454782555,-1377.5217742274615,4671.14990499682,-3905.7768797874874,-3149.9623886532395,4671.14990499682,43.1298,-141.1142,24
509,STARLINK-30440,satellite,0,58,43.0176,256.8598,42.4684,327.4204,9.8889,6869.7954,484.7445,-697.7872192293511,-6779.505950712603,804.0444731604036,-5139.166968381549,4476.334528401941,804.0444731604036,6.7702,138.9434,2
510,STARLINK-30452,satellite,0,58,43.0207,256.8703,30.3131,328.724,359.0371,6870.1041,485.2932,-1640.9733837564843,-6663.906415532573,-78.69408520529862,-4501.267047141528,5180.640629448368,-78.69408520529862,-0.6611,130.9862,3
511,STARLINK-30471,satellite,0,58,43.0109,255.9614,70.1183,325.4283,35.5466,6867.0807,485.7885,1475.3011432764633,-6122.7832166484495,2720.6894787033684,-5854.419261869614,2321.801646927406,2720.6894787033684,23.4944,158.3672,3
512,STARLINK-30461,satellite,0,58,43.0033,256.0985,57.5992,256.6592,314.2584,6865.4232,492.8513,-4641.999507481934,-3787.330645586855,-3353.8202043251113,-421.07551362766293,5976.180072444861,-3353.8202043251113,-29.393,94.0303,2
513,STARLINK-30396,satellite,0,45,43.004,267.6106,13.3677,308.0079,321.3756,6863.9822,488.5524,-3353.6077588731496,-5226.320797915635,-2921.7962306061218,-2339.5319181100476,5752.191277004271,-2921.7962306061218,-25.3357,112.1326,8
514,STARLINK-30524,satellite,0,45,43.0224,267.5573,27.4571,329.2979,356.755,6867.5544,483.1224,-575.6410908228521,-6831.900087108085,-264.99021876823974,-5252.365356489822,4406.685787257439,-264.99021876823974,-2.2272,140.0037,5
515,STARLINK-30521,satellite,0,45,43.0213,267.1077,148.4547,32.3424,180.7971,6867.5583,482.8284,276.4691596046006,6855.081587748063,-65.1179121395021,5443.680074493529,-4175.515060140137,-65.1179121395021,-0.5472,-37.4896,7
516,STARLINK-30528,satellite,0,45,43.0151,267.1367,124.5261,35.0774,159.6035,6866.487,482.4097,2066.910631274692,6333.933566040234,1630.8312519899177,3986.162288407051,-5338.665019194308,1630.8312519899177,13.8368,-53.2528,7
517,STARLINK-30495,satellite,0,45,42.9841,267.3558,96.326,345.3615,81.6875,6858.8207,486.7744,4911.152562899599,-1218.921979567173,4624.710982878596,-3825.8326397758165,-3311.8265203318333,4624.710982878596,42.6037,-139.1189,28
518,STARLINK-30494,satellite,0,94,43.0169,121.8934,58.1324,326.0228,24.1553,6866.1012,482.6047,-5048.998107600198,4229.398198184174,1914.8429242500845,6365.850114730231,1690.0128183368956,1914.8429242500845,16.3068,14.868,5
519,STARLINK-30498,satellite,0,45,42.9851,267.2707,80.4443,22.5157,102.9601,6859.0685,486.9614,4955.027295452648,1303.0615618403535,4555.155834786688,-1789.7801091119488,-4800.724121802234,4555.155834786688,41.817,-110.4462,100
520,STARLINK-30505,satellite,0,45,43.0137,267.5628,7.8209,327.7232,335.5442,6865.9545,485.8376,-2341.011426730608,-6152.598518354897,-1937.9974167538924,-3680.026238764817,5458.224061922397,-1937.9974167538924,-16.5014,123.9885,7
521,STARLINK-30502,satellite,0,45,42.9946,267.2055,86.479,37.748,124.227,6861.4573,485.1513,4329.52496780869,3649.835664621362,3865.886399449894,488.7263735149558,-5641.5630243268415,3865.886399449894,34.4878,-85.0489,102
522,STARLINK-30489,satellite,0,45,42.9827,267.295,85.2444,10.6282,95.8726,6858.7227,486.987,5016.2592305658645,465.1976485666382,4649.233991019249,-2509.8827544482347,-4368.037783649829,4649.233991019249,42.8813,-119.8818,71
523,STARLINK-30503,satellite,0,45,42.9936,267.6172,106.7466,193.653,300.3996,6860.8414,492.467,-4470.432881035572,-3289.938613915317,-4036.6856792274634,-113.3824129183739,5549.379303635304,-4036.6856792274634,-36.197,91.1705,4
524,STARLINK-30512,satellite,0,45,43.0034,267.1113,100.975,37.443,138.418,6863.6546,483.5634,3582.5729993301384,4955.055608901741,3104.060914760482,1985.8966863593673,-5783.045887241846,3104.060914760482,27.0594,-71.0475,53
525,STARLINK-30509,satellite,0,6,43.02,281.9753,16.0845,329.5682,345.6526,6867.0862,484.3261,163.25169918300352,-6761.104653625122,-1160.0804612131853,-5620.2129609521235,3761.966710126923,-1160.0804612131853,-9.7931,146.2031,6
526,STARLINK-30511,satellite,0,6,43.0192,281.9741,21.494,327.8285,349.3225,6869.7622,486.3867,489.84047772322293,-6791.477245541773,-867.6787112418673,-5833.201455121919,3512.5300930086437,-867.6787112418673,-7.307,148.9453,5
527,STARLINK-30508,satellite,0,6,42.9897,282.0692,103.1071,196.5205,299.6276,6863.3398,495.4268,-3559.479066949041,-4232.107446888674,-4069.6103441612345,-1408.3040815031661,5347.644741760667,-4069.6103441612345,-36.5206,104.7539,8
528,STARLINK-30510,satellite,1,100,42.9828,285.1986,97.288,339.5747,76.8627,6874.0265,501.798,5132.805115742779,-223.7435454343496,4561.5574772659975,-3140.133189318715,-4066.363619212853,4561.5574772659975,41.7779,-127.6761,57
529,STARLINK-30515,satellite,1,100,42.9984,285.0263,91.8255,39.8796,131.7052,6877.2467,499.4008,2438.6607820606678,5388.405878143195,3498.8657982575965,2999.156608720141,-5097.748910444608,3498.8657982575965,30.7638,-59.5304,21
530,STARLINK-30519,satellite,0,6,42.9839,282.1747,88.7885,178.8804,267.6689,6861.1652,497.4952,-4964.424543009597,-785.3688466430576,-4677.103870327753,2218.3279220295176,4510.137082047251,-4677.103870327753,-43.1178,63.8096,4
531,STARLINK-30537,satellite,0,67,42.9988,358.2765,87.4708,35.4878,122.9586,6861.2328,485.0653,-3601.757415392687,4317.671307429453,3923.2947861250186,5604.174286327283,456.2593196898664,3923.2947861250186,35.0737,4.6544,13
532,STARLINK-30534,satellite,0,67,43.0186,358.1291,164.9081,35.9145,200.8226,6866.3775,485.1876,-6468.674560317818,-1573.102245105352,-1664.1771009938366,2441.149142839951,6193.4798056722675,-1664.1771009938366,-14.1196,68.4882,3
533,STARLINK-30536,satellite,0,67,43.0186,358.1741,136.0021,35.1844,171.1865,6869.8499,484.6191,-6753.552732559454,984.4494167180261,717.345681065482,4695.683565328005,4952.794263831904,717.345681065482,6.0374,46.5264,3
534,STARLINK-30538,satellite,0,67,42.997,358.4729,95.6366,323.5947,59.2313,6860.9256,485.5344,3621.0937702157553,4213.756760345239,4017.5709442076977,1357.8060245567153,-5387.4324986702195,4017.5709442076977,36.0413,-75.8542,80
535,STARLINK-30517,satellite,0,67,43.0201,358.5987,12.1327,338.9649,351.0975,6869.9199,484.9216,6759.128476209821,-942.0444693412055,-724.5831266656536,-4664.23654523568,-4981.783113526199,-724.5831266656536,-6.0983,-133.1145,2
536,STARLINK-30523,satellite,0,67,42.9891,358.4062,117.004,324.5502,81.5542,6860.1733,487.9832,1144.610800598442,4930.999597102954,4624.380165870855,3370.8626639751587,-3776.5295989961996,4624.380165870855,42.5907,-48.2485,8
537,STARLINK-30531,satellite,0,67,43.0122,358.208,113.4313,35.2743,148.7057,6867.6736,485.3435,-5778.257975641576,2787.8808295402746,2431.012887547523,5607.794870371451,3116.5977354511597,2431.012887547523,20.8714,29.0636,3
538,STARLINK-30552,satellite,0,67,43.0226,358.5897,30.7695,329.2275,359.997,6870.0042,484.9339,6860.985636101903,-169.16874336889603,-0.24301907982427381,-4091.2151988438154,-5510.326683535106,-0.24301907982427381,-0.002,-126.5925,3
539,STARLINK-30545,satellite,0,67,42.9822,357.981,68.913,188.2724,257.1854,6859.2022,494.7792,-1693.8386225228658,-4839.322817927707,-4562.750481178904,-2979.494362252348,4172.618837201931,-4562.750481178904,-41.8437,125.5291,12
540,STARLINK-30535,satellite,0,67,42.9933,358.0447,88.9827,147.0103,235.993,6861.5567,491.9256,-3978.301297507359,-4028.0176869543156,-3879.6670713133503,-1000.188554797901,5572.381048978687,-3879.6670713133503,-34.5888,100.1757,5
541,STARLINK-30540,satellite,0,67,43.0275,358.1417,146.7578,32.2902,179.0479,6867.7816,482.8004,-6853.677372924681,305.74414739236613,77.78722683526485,4198.633791803773,5425.6656087643205,77.78722683526485,0.6537,52.2656,3
542,STARLINK-30539,satellite,0,67,42.9857,357.9944,79.5264,173.8869,253.4133,6861.8549,496.5952,-2127.13867422714,-4741.807294931618,-4486.278694277634,-2650.145392203788,4470.591097588834,-4486.278694277634,-40.9785,120.6593,8
543,STARLINK-30530,satellite,0,67,43.0221,358.1659,135.6743,32.6732,168.3474,6869.6752,484.3446,-6684.774685570729,1227.8587572011288,945.6242793156783,4855.006634570124,4756.338960036681,945.6242793156783,7.9698,44.4118,2
544,STARLINK-30526,satellite,0,2,42.9865,333.2251,102.8437,335.8538,78.6975,6863.9461,491.9031,3417.340771336904,3787.8472831630506,4586.922348379281,1127.0829666971786,-4975.508916099769,4586.922348379281,42.137,-77.2364,85
545,STARLINK-30527,satellite,0,95,43.0142,129.7264,165.7271,39.5643,205.2914,6865.9326,486.1206,5614.2367184333,-3401.959016737733,-2000.0041715368836,-6015.208080930776,-2628.7355944014134,-2000.0041715368836,-17.0443,-156.394,4
546,STARLINK-30522,satellite,0,67,43.0093,358.633,12.8244,311.6232,324.4475,6867.1849,490.5895,5514.30935587255,-3051.4271504645403,-2722.904857052845,-5671.129586982972,-2749.018831238162,-2722.904857052845,-23.4971,-154.1387,2
547,STARLINK-30486,satellite,0,67,43.0233,358.1617,141.4676,31.0248,172.4924,6867.5331,482.5991,-6777.230104572517,873.1863164816328,611.6001076642759,4618.384895825142,5036.250905944715,611.6001076642759,5.1464,47.4783,3
548,STARLINK-30520,satellite,0,67,42.988,358.0151,77.0638,166.2619,243.3257,6860.3221,493.5765,-3234.816755209982,-4377.03868873122,-4181.935960864412,-1713.816595986851,5165.785496684623,-4181.935960864412,-37.71,108.3539,8
549,STARLINK-30497,satellite,0,67,43.004,358.0717,160.0546,61.9287,221.9833,6863.5934,489.0443,-5211.407714761612,-3183.548521433541,-3130.989015347554,400.48647902818817,6093.714970189706,-3130.989015347554,-27.2896,86.2399,3
550,STARLINK-30525,satellite,0,67,43.0189,358.1746,122.6055,35.7293,158.3348,6866.3582,482.3533,-6312.365807683577,2053.537746757649,1727.615598572116,5315.308527917505,3976.23875294463,1727.615598572116,14.6757,36.7992,3
551,STARLINK-30568,satellite,0,14,43.0067,318.8099,84.1685,321.3472,45.5156,6862.9806,484.2257,5971.95239422804,-472.14051893616823,3336.9402514366093,-3826.6326073432033,-4609.123013867724,3336.9402514366093,29.2714,-129.7005,30
552,STARLINK-30575,satellite,0,14,42.9904,318.7537,98.8295,327.9364,66.7659,6860.0271,485.9568,5071.508409289021,1681.6295149196656,4295.6028832330785,-1547.4698562890778,-5114.040713058009,4295.6028832330785,38.9727,-106.8354,109
553,STARLINK-30577,satellite,0,14,42.9876,318.3169,76.7101,166.8969,243.607,6860.4579,493.8523,-5269.745504698656,-1329.9101920249789,-4192.310686459703,1949.1599082154587,5073.4263033328,-4192.310686459703,-37.818,68.9837,4
554,STARLINK-30566,satellite,0,14,42.9826,318.2009,95.5619,190.3482,285.9101,6859.5498,491.5626,-1815.030011366247,-4851.665007772021,-4498.1368866947205,-2919.757964820604,4278.784957983551,-4498.1368866947205,-41.1466,124.3089,12
555,STARLINK-30544,satellite,0,14,43.0229,318.05,24.3252,325.336,349.6612,6867.3188,484.3287,4418.836090048134,-5182.359682317273,-840.2685603543603,-6781.681670018856,-625.905739029231,-840.2685603543603,-7.0771,-174.7269,5
556,STARLINK-30553,satellite,0,14,42.9816,318.2427,93.747,178.0763,271.8234,6858.7288,496.1118,-3179.7334013617506,-3889.633253280459,-4677.455957221936,-1347.1743386238466,4839.945521399399,-4677.455957221936,-43.1327,105.5543,7
557,STARLINK-30541,satellite,0,14,42.9949,318.1337,81.0039,226.3105,307.3144,6861.9073,491.2865,433.76048831756384,-5749.698692341927,-3722.248866203007,-4949.398463493733,2958.1477420017136,-3722.248866203007,-33.0071,149.1342,16
558,STARLINK-30573,satellite,0,14,42.9878,318.3113,74.3022,176.3111,250.6133,6859.6482,493.6181,-4850.732980348866,-2021.2526388413723,-4414.081822140765,1142.6811483174567,5129.2643205383065,-4414.081822140765,-40.2055,77.4409,4
559,STARLINK-30582,satellite,0,14,43.0243,318.0241,45.0169,325.9613,10.9782,6867.1923,482.3381,5645.422868619919,-3794.1797129156303,891.3718690273707,-6353.755595582427,-2428.248111508024,891.3718690273707,7.5121,-159.0844,9
560,STARLINK-30558,satellite,0,14,42.9866,318.5943,78.6652,30.5189,109.184,6859.6035,486.3784,1442.9639312303593,5042.539431327591,4414.773776401808,3290.133519444486,-4084.6505661504507,4414.773776401808,40.2643,-51.149,14
561,STARLINK-30579,satellite,0,62,42.9908,292.597,99.1896,324.8609,64.0505,6860.3171,486.2297,5316.120677770603,-1037.0912113480285,4203.833414442707,-3910.535887382885,-3747.5867321205587,4203.833414442707,37.9898,-136.219,31
562,STARLINK-30588,satellite,0,14,42.9955,318.369,106.6636,122.908,229.5715,6862.3668,491.3218,-5865.593766919257,100.71224272102853,-3562.966511370198,3461.769172187368,4736.189121313582,-3562.966511370198,-31.4309,53.8362,4
563,STARLINK-30585,satellite,0,14,43.0191,318.4463,153.9427,33.1342,187.0769,6867.4164,483.1768,-5505.278028052393,4053.994828941772,-576.7010424705765,6485.369980518731,2164.009347260207,-576.7010424705765,-4.8516,18.4526,4
564,STARLINK-30587,satellite,0,14,43.0116,318.0868,11.2414,317.2345,328.4759,6865.1706,487.4507,2600.6329879185237,-5860.382794587781,-2447.7380613032196,-6288.305714263072,1250.8355930804423,-2447.7380613032196,-21.0149,168.7499,8
565,STARLINK-30576,satellite,0,14,43.0035,318.3914,149.3154,73.0733,222.3887,6863.5803,489.4685,-6036.924573779041,836.0686596650309,-3155.6669421032693,4161.5211075032375,4452.551087295503,-3155.6669421032693,-27.5206,46.935,4
566,STARLINK-30571,satellite,0,14,42.9974,318.5385,93.6454,36.8399,130.4853,6862.438,484.6626,-810.7353336759355,5806.194466054785,3556.63269409727,5212.768464493591,-2682.5791497171112,3556.63269409727,31.4029,-27.2311,4
567,STARLINK-30567,satellite,0,14,42.9823,318.6677,89.9905,358.1086,88.0991,6858.5839,486.6533,3480.7887393508445,3613.2951171293575,4670.867085567142,947.8581634245269,-4926.799849140614,4670.867085567142,43.1313,-79.11,85
568,STARLINK-30569,satellite,0,23,42.9909,321.5533,105.5129,195.8529,301.3658,6863.6113,495.0166,132.52445413433765,-5580.538607070919,-3997.5452626359406,-4637.5796351055415,3106.9002243404907,-3997.5452626359406,-35.777,146.1803,16
569,STARLINK-30480,satellite,0,72,42.9836,176.1672,83.2677,176.3314,259.599,6858.8953,495.0861,1566.4639164300047,4844.671700774369,-4602.620265569052,3057.2529796418426,-4071.5914957461437,-4602.620265569052,-42.29,-53.0981,14
570,STARLINK-30532,satellite,0,14,43.0085,318.4092,168.7693,39.6148,208.384,6865.5172,486.7174,-6099.105374713969,2223.5928831750516,-2225.2601925317717,5331.432601205774,3703.9543869723607,-2225.2601925317717,-19.0306,34.7892,4
571,STARLINK-30506,satellite,0,14,43.0072,318.4836,115.1691,36.6463,151.8153,6865.5332,482.3252,-2956.236200762354,5780.512816399817,2209.458685403622,6427.904604177039,-914.1680889530185,2209.458685403622,18.9031,-8.0942,4
572,STARLINK-30604,satellite,0,64,43.0086,9.0211,102.8037,34.9266,137.7302,6863.4925,483.7354,-5540.431335496571,2535.4676722041927,3146.1623468784487,5264.4627729958465,3067.6387355563465,3146.1623468784487,27.4558,30.2296,5
573,STARLINK-30500,satellite,0,64,42.9874,9.2164,92.2449,336.1817,68.4266,6862.3207,487.3704,1741.6034634774583,5008.05793286549,4347.765148617111,3089.8895444190985,-4308.875663815699,4347.765148617111,39.5266,-54.3557,22
574,STARLINK-30613,satellite,0,64,42.983,9.1157,77.6676,24.6213,102.2889,6859.004,486.39,-2216.887543912696,4606.887276264166,4566.530725732355,5042.67296854615,-842.288603065416,4566.530725732355,41.949,-9.4827,16
575,STARLINK-30597,satellite,0,64,43.0228,8.9281,148.4461,31.6746,180.1207,6867.5871,482.9833,-6776.334434432936,-1075.2510857236812,-9.8608897971087,3025.323094978943,6158.1079428358935,-9.8608897971087,-0.0829,63.8363,4
576,STARLINK-30598,satellite,0,64,42.981,9.1864,91.5347,349.4827,81.0174,6858.8233,485.56,265.72957572509995,5060.054078127285,4615.433241986951,3982.7107306168186,-3132.5348708701163,4615.433241986951,42.5077,-38.1862,5
577,STARLINK-30603,satellite,0,64,42.9885,9.2507,94.4012,325.3454,59.7466,6860.8633,485.3199,2712.9076835070027,4831.021852870164,4038.1083953361353,2385.5745914284475,-5000.7673522042,4038.1083953361353,36.2556,-64.4969,50
578,STARLINK-30602,satellite,0,64,42.9848,9.9726,90.952,9.1999,100.1518,6872.0286,499.5423,-2048.699579578444,4661.1807629979685,4609.334812305578,4990.148255857333,-1011.0373174473943,4609.334812305578,42.3319,-11.4535,15
579,STARLINK-30610,satellite,0,64,43.0213,9.3483,49.0697,325.8607,14.9304,6869.5131,484.9873,6332.744900169783,2352.5565578043684,1206.3107169611242,-1725.750322880478,-6531.459725924417,1206.3107169611242,10.1863,-104.8005,12
580,STARLINK-30551,satellite,0,17,42.9897,12.4726,85.1648,32.9426,118.1074,6863.3358,488.1207,-4110.675488792754,3622.8865904724025,4125.051993996026,5329.507740961913,1272.5201218893703,4125.051993996026,37.1458,13.429,14
581,STARLINK-30586,satellite,0,17,42.9807,12.5524,90.3257,2.8381,93.1638,6861.3174,489.7095,-1458.1632187450805,4807.493358406426,4668.269617058379,4769.499554175107,-1578.007086912592,4668.269617058379,43.0776,-18.307,14
582,STARLINK-30609,satellite,0,17,43.0046,12.4134,108.2505,32.1357,140.3862,6866.473,486.0208,-5848.811768016039,1987.9389443719117,2983.362272761011,4994.615746026376,3635.149775976062,2983.362272761011,25.9183,36.0476,5
583,STARLINK-30583,satellite,0,17,42.9936,12.4514,93.3164,31.2639,124.5803,6864.0806,487.7711,-4692.031552862721,3194.1158429760694,3851.019440399331,5314.00144291667,1994.7242355999056,3851.019440399331,34.3219,20.5747,9
584,STARLINK-30557,satellite,0,17,43.0205,12.7708,36.0544,326.3265,2.3809,6870.1284,485.3397,6641.814124648041,1719.168017988666,194.53134609306989,-2421.517083653536,-6419.150142660894,194.53134609306989,1.6343,-110.6681,4
585,STARLINK-30591,satellite,0,64,43.021,8.9206,163.2789,30.96,194.2389,6867.0384,484.0984,-6379.050153650659,-2250.2869384490996,-1151.4779866429772,1836.018593166099,6510.384619490119,-1151.4779866429772,-9.7201,74.2508,4
586,STARLINK-30584,satellite,0,64,42.9908,9.0603,88.3994,28.0604,116.4599,6860.3683,485.1933,-3723.3483176899445,3952.131209822527,4184.85378402885,5375.456283818621,766.246393304864,4184.85378402885,37.7952,8.1126,16
587,STARLINK-30590,satellite,0,17,43.0184,12.753,47.4379,326.2231,13.661,6869.5969,484.8053,6242.164741973144,2627.752984017072,1105.7200712946733,-1448.6322585862385,-6615.978460539802,1105.7200712946733,9.3294,-102.3505,12
588,STARLINK-30608,satellite,0,64,42.9938,9.0472,84.4109,37.3874,121.7982,6863.625,487.9733,-4239.671527652618,3642.453718987461,3975.2105541016385,5419.821700062124,1366.6808321219614,3975.2105541016385,35.5892,14.1528,13
589,STARLINK-30615,satellite,0,64,42.995,9.4794,106.7807,195.0404,301.8211,6863.7524,495.1831,4273.625938217708,-3612.654411258166,-3978.4963076029435,-5415.02816153925,-1411.6021269207267,-3978.4963076029435,-35.5799,-165.3892,6
590,STARLINK-30578,satellite,0,64,42.9937,9.0344,87.5574,36.0035,123.5609,6861.341,484.8596,-4399.3500867099665,3531.763575334766,3895.9033106197367,5421.348201295036,1560.9672699360074,3895.9033106197367,34.7951,16.0627,12
591,STARLINK-30574,satellite,0,64,43.0104,8.9894,106.0714,38.7197,144.791,6864.5046,483.0092,-5986.157408901794,1980.2224934032104,2697.1117416902803,5067.440215064537,3751.854383405164,2697.1117416902803,23.289,36.5157,4
592,STARLINK-30570,satellite,0,64,42.9833,9.1527,81.8064,6.5865,88.393,6860.7277,489.5559,-607.8123338785974,4981.563421199686,4673.6640124567,4421.846557881323,-2373.3274049744496,4673.6640124567,43.1406,-28.2237,7
593,STARLINK-30581,satellite,0,64,43.0226,9.3186,60.3769,324.0449,24.4218,6865.9885,482.6186,5827.211602889059,3057.179299240539,1934.8856001263925,-858.5681736252687,-6524.231834000652,1934.8856001263925,16.4822,-97.4969,24
594,STARLINK-30795,satellite,0,82,42.9845,63.4094,98.3134,182.3203,280.6336,6861.4361,497.7107,4981.613145184961,-1076.7057329508543,-4601.003252230067,-3750.1886399188897,-3451.3547961158874,-4601.003252230067,-42.2518,-137.3762,4
595,STARLINK-30765,satellite,0,82,42.992,63.3499,107.7802,186.7536,294.5339,6862.6477,496.0061,5362.037326388951,498.8333479897443,-4259.128924041894,-2681.6102799932187,-4670.036970398599,-4259.128924041894,-38.5142,-119.8651,2
596,STARLINK-30768,satellite,0,82,43.0164,63.2607,17.8617,321.3939,339.2556,6868.9741,487.8995,4476.143280444578,4933.334579311041,-1658.791605543018,1453.314013857588,-6500.886640729888,-1658.791605543018,-14.0673,-77.3984,5
597,STARLINK-30799,satellite,0,82,42.9982,63.5493,94.5978,138.4542,233.052,6864.3858,494.0348,1754.7103617747207,-5482.473598951076,-3742.014566771325,-5492.046510410463,1724.5145242657104,-3742.014566771325,-33.1896,162.5676,16
598,STARLINK-30759,satellite,0,82,42.9967,63.332,94.5235,210.8611,305.3847,6864.1287,494.4828,5443.046420038524,1715.3681859586836,-3817.4016382851787,-1733.954752478338,-5437.153966962051,-3817.4016382851787,-33.944,-107.6879,3
599,STARLINK-30781,satellite,0,82,43.0228,63.6772,139.2059,30.3497,169.5555,6869.7294,484.3741,-3807.6246283316004,-5645.453440186062,848.7629734928668,-2420.526832407439,6364.762345066908,848.7629734928668,7.149,110.8219,4
600,STARLINK-30754,satellite,0,82,43.0064,63.7153,105.1929,34.3114,139.5043,6863.86,482.9351,-5228.615492289248,-3233.2321097627637,3037.1590966950494,369.79207523098415,6136.404783169414,3037.1590966950494,26.4338,86.5514,3
601,STARLINK-30766,satellite,0,47,43.0206,60.6566,49.7411,326.7587,16.4998,6866.8756,482.1223,1981.429951613484,6431.125113319772,1329.1568137278311,4114.85088081693,-5324.794559883358,1329.1568137278311,11.2411,-52.3042,8
602,STARLINK-30767,satellite,0,47,43.0102,60.6274,69.5505,320.9483,30.4988,6865.2773,483.0435,680.4749697901542,6398.407656637069,2374.4105968804874,4837.65257034323,-4242.615270522925,2374.4105968804874,20.3712,-41.2507,4
603,STARLINK-30787,satellite,0,47,43.0138,60.6412,59.5093,324.0405,23.5498,6866.1839,482.7141,1336.3238678050398,6462.844594969416,1869.5632824541708,4512.453487243408,-4815.795392648614,1869.5632824541708,15.9107,-46.8625,4
604,STARLINK-30756,satellite,0,82,43.0031,63.732,95.4852,36.9782,132.4634,6865.2454,486.8685,-5368.126640945712,-2514.9694981818375,3451.3608830452517,1037.239627070251,5836.607676214949,3451.3608830452517,30.364,79.923,2
605,STARLINK-30783,satellite,0,47,42.9925,60.5592,94.0114,324.9699,58.9812,6861.0043,485.247,-2006.1202898994525,5189.230049701701,4006.609196148207,5397.214762529123,-1350.0740473807675,4006.609196148207,35.9296,-14.0439,12
606,STARLINK-30757,satellite,0,47,42.9832,60.4903,96.1646,344.0382,80.2028,6858.9058,486.7739,-3726.1590134570806,3449.3716092583586,4605.6282919256655,4966.147566081385,1058.2078454769562,4605.6282919256655,42.3873,12.0289,21
607,STARLINK-30770,satellite,0,82,42.9843,63.8742,97.633,345.1058,82.7388,6858.938,487.3762,-4085.1450695773246,2968.691100803211,4636.721144588071,4780.094953117103,1628.566649131839,4636.721144588071,42.7357,18.8139,15
608,STARLINK-30758,satellite,0,47,42.9975,60.5758,89.1292,322.8273,51.9565,6861.9727,484.5252,-1364.068856488973,5620.501712768876,3682.4594645129364,5379.795631206412,-2123.328122296083,3682.4594645129364,32.6472,-21.5384,7
609,STARLINK-30761,satellite,0,82,42.9887,63.9457,96.9524,324.7469,61.6993,6860.6124,485.5732,-2539.251298777531,4859.542465797235,4116.0070478708285,5434.908813863253,-724.3730532133127,4116.0070478708285,37.067,-7.5917,15
610,STARLINK-30772,satellite,0,82,43.0167,63.6922,119.5199,34.5654,154.0853,6868.3684,485.0555,-4700.462942548357,-4560.48807223249,2045.6806423846172,-1019.3283321848127,6469.4182955232145,2045.6806423846172,17.4484,98.954,2
611,STARLINK-30776,satellite,0,82,43.0075,63.9854,83.0303,315.7365,38.7668,6863.0382,483.2524,-476.68755753369413,6182.224469738257,2928.7914864785084,5327.65365056889,-3172.260550666965,2928.7914864785084,25.4217,-30.771,4
612,STARLINK-30782,satellite,0,82,43.0095,63.7016,112.604,35.5638,148.1679,6867.571,485.4249,-4954.667822498634,-4053.272976245445,2468.3168628269623,-458.2988221700799,6384.960238001681,2468.3168628269623,21.2065,94.1055,3
613,STARLINK-30769,satellite,0,82,42.9887,63.5263,81.8321,159.0005,240.8326,6863.1978,495.589,2434.0154866211797,-4950.4601687962695,-4088.0504912085817,-5448.588507147037,862.7691184409376,-4088.0504912085817,-36.7117,171.0021,9
614,STARLINK-30775,satellite,0,82,43.0049,63.2826,9.059,311.0408,320.0999,6866.3271,490.829,5244.179009099378,3256.4121460852807,-3003.4374455996385,-359.81288158394864,-6162.480688399481,-3003.4374455996385,-26.0859,-93.3416,3
615,STARLINK-30780,satellite,0,82,43.015,63.6006,173.3969,36.5629,209.9599,6867.862,489.1563,-399.1694881568582,-6441.785458398169,-2338.7092986365774,-5035.18090959633,4037.6836651652384,-2338.7092986365774,-20.0331,141.2741,14
616,STARLINK-30753,satellite,0,25,43.0233,74.8248,44.3657,325.5161,9.8819,6869.8159,484.749,938.7903274284415,6750.415753610371,803.567739685363,4976.536681092585,-4656.556967030927,803.567739685363,6.7661,-43.0975,6
617,STARLINK-30824,satellite,0,25,43.0149,74.8654,16.8442,320.5917,337.4359,6866.2223,485.749,3513.1049903705757,5614.617415711822,-1796.3564957339886,2565.010179628138,-6106.2720359139885,-1796.3564957339886,-15.2655,-67.2146,8
618,STARLINK-30791,satellite,0,25,43.0188,74.3663,158.9609,35.5236,194.4845,6869.5301,487.0594,-582.2329571476085,-6738.785420718891,-1171.3713408995554,-5172.460646954199,4358.425750037792,-1171.3713408995554,-9.8853,139.8818,5
619,STARLINK-30810,satellite,0,25,43.0127,74.3495,164.464,46.4393,210.9034,6865.239,487.4458,893.1804593130356,-6365.604884396115,-2404.443922609705,-5717.500456334328,2937.4964525873183,-2404.443922609705,-20.6264,152.8071,12
620,STARLINK-30819,satellite,0,25,43.0133,74.7711,74.253,319.6227,33.8757,6864.8113,483.6572,-1201.4068984254302,6228.724922092669,2607.918800764664,5783.206462333397,-2606.7059106672846,2607.918800764664,22.4743,-24.2629,4
621,STARLINK-30806,satellite,0,25,42.9931,74.6976,100.078,322.1556,62.2337,6860.5399,485.8373,-3437.129161516082,4251.910304349441,4136.956925140465,5455.574546259332,359.58932045387394,4136.956925140465,37.2854,3.771,16
622,STARLINK-30821,satellite,0,25,42.9849,74.577,82.5066,15.1507,97.6573,6858.795,486.7208,-5033.939717719937,441.2073956300297,4632.1443559267345,3260.915059809764,3860.2650194387943,4632.1443559267345,42.6886,49.8109,5
623,STARLINK-30778,satellite,0,25,42.9856,74.6266,96.7478,346.8234,83.5712,6858.7045,487.0526,-4601.525221660526,2061.239479300785,4644.681541564519,4335.905420303284,2573.454243383924,4644.681541564519,42.8289,30.6901,10
624,STARLINK-30809,satellite,0,25,42.985,75.0918,77.6065,174.9718,252.5783,6859.3981,494.386,4100.582576633789,-3218.2226512606094,-4464.885678005045,-4992.942638118868,-1497.417214183834,-4464.885678005045,-40.7582,-163.3057,4
625,STARLINK-30801,satellite,0,25,42.9961,75.1486,91.4126,140.0105,231.4231,6862.0437,491.3502,2696.3439524981504,-5142.668866484633,-3659.070715376135,-5756.829472378247,759.0969677458089,-3659.070715376135,-32.3785,172.4883,10
626,STARLINK-30793,satellite,0,25,43.0063,74.75,79.0355,322.0323,41.0678,6863.6813,484.0185,-1818.634724101368,5854.876722272889,3072.9527869864332,5833.2582978329265,-1886.8257268448212,3072.9527869864332,26.7649,-17.9243,6
627,STARLINK-30755,satellite,0,25,43.0092,74.4496,109.9342,37.3795,147.3137,6864.9535,482.9975,-4156.60472632622,-4834.805937361806,2526.3584501910673,-1556.883740656898,6182.946249236251,2526.3584501910673,21.7379,104.1334,4
628,STARLINK-30760,satellite,0,25,42.9926,74.5092,83.6067,34.1717,117.7784,6863.0528,487.9711,-5130.798539000291,-1894.8109358846086,4137.740868720665,1407.3869804860528,5285.325346439307,4137.740868720665,37.2801,75.0892,4
629,STARLINK-30826,satellite,0,25,43.0029,74.7383,86.267,321.8568,48.1239,6862.6118,484.3974,-2397.3328960932763,5398.6380626824375,3482.2349480323796,5793.769896159525,-1150.9684343587385,3482.2349480323796,30.6765,-11.2359,9
630,STARLINK-30796,satellite,0,25,43.0213,74.4064,134.7251,33.7946,168.5196,6867.2487,482.2813,-2768.635972698902,-6206.994345857455,931.5471992655655,-3478.111200166977,5839.080958344544,931.5471992655655,7.8528,120.7806,5
631,STARLINK-30820,satellite,0,25,43.0212,74.3707,154.1707,35.5416,189.7123,6867.3561,483.9468,-1007.1318044620956,-6741.380413245775,-789.7870555001984,-4929.776856692711,4707.209841389036,-789.7870555001984,-6.6504,136.323,5
632,STARLINK-30785,satellite,0,25,43.0198,74.8412,20.1362,324.1497,344.2859,6866.9891,484.833,3038.9153248647863,6020.58616699838,-1268.0011021731852,3170.0303700919653,-5952.593686675153,-1268.0011021731852,-10.7134,-61.9626,6
633,STARLINK-30807,satellite,0,25,43.0191,74.7827,56.3721,330.5535,26.9256,6865.6208,482.8395,-586.0467808286922,6497.016623267502,2119.009989355872,5647.954617008173,-3264.2433237352247,2119.009989355872,18.1008,-30.0258,4
634,STARLINK-30822,satellite,0,25,42.9865,74.9629,103.7894,186.9682,290.7576,6862.2377,496.6161,5167.09807479181,1131.5958780691608,-4377.562258361897,-2052.1109874564722,-4875.269453162642,-4377.562258361897,-39.7861,-112.8273,4
635,STARLINK-30830,satellite,0,25,43.0206,74.3657,148.1273,34.5454,182.6727,6867.5485,483.05,-1621.7901395624124,-6663.162753288956,-218.28309975427646,-4511.711614064936,5164.532839000126,-218.28309975427646,-1.8345,131.1403,4
636,STARLINK-30827,satellite,0,25,43.0171,74.3509,165.7856,38.1565,203.9421,6866.0666,486.0679,268.84367451278723,-6588.836097640203,-1899.915020756274,-5540.2467495047185,3576.409372190845,-1899.915020756274,-16.1678,147.1564,8
637,STARLINK-30798,satellite,0,25,43.0101,74.8772,356.0504,327.0573,323.1077,6864.3844,487.9628,4339.958085649585,4512.414520127575,-2810.122897706983,1187.7399495536179,-6147.0639169352835,-2810.122897706983,-24.3066,-79.064,10
638,STARLINK-30762,satellite,0,25,42.9837,75.04,87.956,178.7502,266.7062,6858.6553,495.6262,4741.2156493944,-1675.0603782396165,-4671.961959993851,-4100.746242243831,-2910.1260044083497,-4671.961959993851,-43.0736,-144.6383,4
639,STARLINK-30800,satellite,0,11,43.0063,125.9536,77.0154,323.3731,40.3886,6863.8426,483.5784,-5697.037610637941,2320.2846113489686,3030.7857558466035,5178.812408956295,3319.6174851218007,3030.7857558466035,26.3714,32.6599,5
640,STARLINK-30841,satellite,0,11,42.9876,125.7171,79.1982,33.4634,112.6616,6862.453,488.5004,-2216.1089529278383,-4847.946455289091,4315.1442916908645,-2685.637630278303,4604.462427192791,4315.1442916908645,39.166,120.2537,7
641,STARLINK-30839,satellite,0,11,42.9891,125.0315,99.6262,327.1777,66.8039,6862.5318,488.8167,-5326.634037129534,-435.00499806192,4298.509134915203,2713.382520235848,4604.325663191547,4298.509134915203,38.9846,59.4887,5
642,STARLINK-30846,satellite,0,11,43.023,126.0234,34.0838,323.8587,357.9426,6867.5992,483.2281,-3887.017588459859,5651.637075786195,-168.06844534700198,6858.836864426085,-79.1469303711241,-168.06844534700198,-1.4124,-0.6611,5
643,STARLINK-30838,satellite,0,11,42.9787,125.3666,94.2535,179.5562,273.8097,6858.7522,496.1883,3822.2657518871924,3272.294255719866,-4669.309417131335,472.40134316765347,-5009.437308225385,-4669.309417131335,-43.0389,-84.6128,10
644,STARLINK-30837,satellite,0,11,43.0129,125.9512,68.247,324.8245,33.0715,6867.4176,485.2522,-5591.118419306027,3046.798309853501,2553.7619598341726,5711.599646455654,2814.4652419663894,2553.7619598341726,21.978,26.2324,4
645,STARLINK-30813,satellite,0,11,42.9943,125.2787,96.4983,206.7501,303.2484,6863.8458,494.6709,1254.3748846730898,5498.603918013177,-3915.550959612653,3771.550871635398,-4193.269061383345,-3915.550959612653,-34.9383,-48.0308,12
646,STARLINK-30805,satellite,0,11,43.003,125.2428,41.9533,274.3772,316.3305,6863.3292,489.8453,-34.14966818078796,6054.381645145037,-3232.2004939267295,4968.194443725987,-3460.310285832212,-3232.2004939267295,-28.2444,-34.8569,11
647,STARLINK-30851,satellite,0,11,42.9876,125.297,103.6993,191.4732,295.1725,6860.2515,493.67,2021.7401711502232,5008.294669606092,-4235.459496083129,2928.6827217244936,-4537.9804244531215,-4235.459496083129,-38.2772,-57.163,14
648,STARLINK-30818,satellite,0,11,43.0184,125.2049,17.1486,319.0708,336.2194,6868.6081,488.9498,-1968.048763042679,6300.331240844278,-1888.696124557939,6283.4330262884405,-2021.350806322323,-1888.696124557939,-16.0628,-17.8327,4
649,STARLINK-30794,satellite,0,11,42.9922,125.0667,87.3028,321.0335,48.3363,6865.0652,485.1904,-5686.251406635687,1578.3124611458913,3493.4704619692416,4566.150653924878,3738.2875076879973,3493.4704619692416,30.7821,39.307,5
650,STARLINK-30835,satellite,0,11,42.9803,125.3807,89.7294,180.4384,270.1679,6860.9997,497.9858,4083.8691402660384,2924.853996447019,-4680.960285164608,37.700374070469955,-5023.080403213184,-4680.960285164608,-43.1581,-89.57,9
651,STARLINK-30836,satellite,0,11,42.9912,125.4879,87.8206,145.7582,233.5788,6864.5635,495.0747,5657.655939687826,-973.2493685265465,-3767.7593586923877,-4055.130067650741,-4063.521280817556,-3767.7593586923877,-33.4416,-134.9408,4
652,STARLINK-30855,satellite,0,11,42.9858,125.834,101.4668,334.4043,75.8711,6859.1482,486.7101,-4922.397404855245,-1490.4313730193248,4532.78554500531,1617.8346526545702,4882.007059158763,4532.78554500531,41.5683,71.6655,4
653,STARLINK-30840,satellite,0,11,42.9825,125.7662,80.6307,14.9803,95.611,6861.2389,489.4094,-3659.2902783073946,-3462.2306229409187,4652.9872553112855,-721.5429618282237,4985.661639299345,4652.9872553112855,42.9053,98.2349,4
654,STARLINK-30875,satellite,0,11,42.9829,125.3273,97.4743,183.5645,281.0389,6858.9182,495.0191,3260.7847460035896,3921.9069199969304,-4592.856949691893,1326.8554587215935,-4924.786862448995,-4592.856949691893,-42.1803,-74.9212,12
655,STARLINK-30872,satellite,0,35,43.0148,343.6146,121.0838,34.3309,155.4148,6866.0213,482.5082,-5395.193200083531,3761.241032488676,1946.7087352981853,6182.66390125343,2242.7016865472283,1946.7087352981853,16.586,19.9378,4
656,STARLINK-30865,satellite,0,52,42.9989,114.1984,65.1181,247.0783,312.1964,6865.173,493.174,1502.9515782745862,5731.256581399739,-3468.934262917119,3818.491319458218,-4530.484465451585,-3468.934262917119,-30.5036,-49.8743,12
657,STARLINK-30874,satellite,0,11,42.9981,125.4935,106.9625,122.3795,229.342,6864.9253,493.3206,5698.721475178935,-1430.3520145148743,-3552.0003275893405,-4452.4005181317125,-3833.72703295798,-3552.0003275893405,-31.3132,-139.27,4
658,STARLINK-30871,satellite,0,11,42.9896,125.6974,82.7153,35.5642,118.2795,6860.6783,485.6984,-1691.3358506144382,-5214.981583523827,4116.975218259054,-3287.9791813610254,4387.008408813781,4116.975218259054,37.0764,126.8509,7
659,STARLINK-30861,satellite,1,113,42.9976,216.7037,35.0102,275.4696,310.4798,6875.9558,503.4575,-5864.857530757344,398.92887321033567,-3566.6818611689946,3705.0908923446423,4563.770325227462,-3566.6818611689946,-31.4054,50.9286,3
660,STARLINK-30867,satellite,0,24,43.0127,216.2244,118.1804,34.6464,152.8268,6865.9418,482.9603,6276.040472958958,1758.2711322768696,2136.787850824642,-2178.816437504347,-6142.716038079406,2136.787850824642,18.2576,-109.5296,22
661,STARLINK-30880,satellite,0,24,42.9794,216.0109,80.3863,176.9252,257.3115,6861.6311,498.0406,-1661.4221419350545,4851.203958631937,-4566.944992868984,4922.333504180191,-1437.0581949188424,-4566.944992868984,-41.8663,-16.275,4
662,STARLINK-30777,satellite,0,24,42.9822,216.8622,80.3338,177.2503,257.5841,6861.5463,497.7778,-1761.7403401515464,4810.629566771174,-4571.838336740718,4946.968394090697,-1331.6867359398032,-4571.838336740718,-41.9231,-15.0664,4
663,STARLINK-30860,satellite,0,24,43.01,216.1259,164.8585,49.2336,214.0921,6867.2566,490.498,2933.352756846065,5624.926070826455,-2625.0126059735485,2907.459235079577,-5638.353704292595,-2625.0126059735485,-22.6057,-62.7218,12
664,STARLINK-30853,satellite,0,24,43.0205,216.5987,37.8298,327.1185,4.9483,6870.02,485.2107,-5231.460874031802,-4424.161076197617,403.90181925811095,-601.9685168966695,6824.8822707306,403.90181925811095,3.3949,95.0406,4
665,STARLINK-30866,satellite,0,24,42.9983,216.2571,94.6413,36.1736,130.8149,6864.8986,486.8804,5860.703200029458,-410.1055097872939,3540.3373038068735,-3711.8325504395357,-4553.935401989245,3540.3373038068735,31.2317,-129.1829,41
666,STARLINK-30817,satellite,0,24,43.0188,216.585,42.4444,327.4957,9.9402,6869.8266,484.8406,-4911.610296493979,-4724.326869558989,808.2030795439549,-1031.5889582986154,6736.394012836473,808.2030795439549,6.8052,98.7064,4
667,STARLINK-30847,satellite,0,24,43.0221,216.6096,17.8513,338.8844,356.7357,6870.0722,485.3007,-5670.831346572726,-3857.0587817949104,-266.6495849861899,114.69236274603573,6857.264488804614,-266.6495849861899,-2.2405,89.0418,4
668,STARLINK-30848,satellite,0,24,43.0006,216.5049,84.7671,321.9689,46.736,6862.8057,484.4341,-1605.1228364892434,-5731.29998701442,3405.5908265963217,-3759.6609890020877,4614.01865071508,3405.5908265963217,29.9323,129.1743,8
669,STARLINK-30843,satellite,0,24,43.0037,216.6502,32.7074,288.4952,321.2026,6865.2638,490.6262,-6170.142721620884,-670.0209572502528,-2933.6808985868647,3007.279563933406,5429.167423525841,-2933.6808985868647,-25.4377,61.0174,4
670,STARLINK-30877,satellite,0,24,42.987,216.4316,102.9007,333.2619,76.1626,6861.5969,489.5261,1573.1725284175157,-4893.365852573846,4540.475046449075,-4905.94944718385,1533.4800921367691,4540.475046449075,41.6333,162.642,5
671,STARLINK-30864,satellite,0,24,43.0213,216.6011,30.2387,330.0188,0.2574,6870.0323,485.1581,-5496.394462123758,-4110.233899743548,21.03885790594362,-192.7406125377888,6860.555797465999,21.03885790594362,0.1767,91.6092,4
672,STARLINK-30854,satellite,0,24,43.0139,216.6344,10.7544,325.171,335.9255,6866.0791,485.8867,-6249.124918727213,-2096.1255902778944,-1909.6307208142973,1887.1653982552068,6315.371050041598,-1909.6307208142973,-16.2532,73.3628,4
673,STARLINK-30849,satellite,0,24,42.9859,216.3322,79.0387,27.7307,106.7694,6861.8494,489.2489,4440.040242086012,-2697.4203953156075,4477.2242477242635,-4762.845460264304,-2074.930664395205,4477.2242477242635,40.9316,-156.4597,4
674,STARLINK-30886,satellite,0,24,42.9917,216.4836,95.1809,325.5408,60.7216,6860.7917,485.7273,-94.99358627665929,-5510.844072159008,4078.0025633063437,-4449.53099164451,3252.7065842892735,4078.0025633063437,36.6683,143.8324,7
675,STARLINK-30850,satellite,0,24,42.9984,216.5097,88.534,322.5774,51.1114,6867.1121,489.7168,-1138.4244798339585,-5702.715788827885,3642.4489789987074,-4005.1853501697756,4216.096295771419,3642.4489789987074,32.2225,133.5304,7
676,STARLINK-30823,satellite,0,24,42.9832,216.3626,85.26,11.3904,96.6504,6863.7181,492.0589,3595.344847496523,-3543.2317912324643,4645.816262959842,-4967.4953522968535,-897.2101335413952,4645.816262959842,42.803,-169.7618,3
677,STARLINK-30873,satellite,0,24,43.0136,216.2101,120.3763,32.6398,153.0161,6868.1612,484.9454,6277.908636468055,1775.2421683220475,2123.68623431012,-2166.021583796066,-6154.020807777509,2123.68623431012,18.1364,-109.3905,24
678,STARLINK-30808,satellite,0,24,42.9883,216.7109,106.7409,186.8384,293.5794,6860.028,493.6118,-4951.521965533661,2047.5268783001616,-4289.052565535717,4526.347560066472,2867.4228599919184,-4289.052565535717,-38.8506,32.3541,4
679,STARLINK-30881,satellite,0,24,42.9838,216.6531,96.519,195.4735,291.9925,6865.1679,498.9778,-4844.85645131195,2202.2675959248745,-4342.153117032586,4591.3689610052925,2691.0867064806594,-4342.153117032586,-39.386,30.3754,4
680,STARLINK-30883,satellite,0,24,42.9935,216.2726,87.3951,35.0512,122.4463,6863.679,487.9028,5471.525704110848,-1236.1247715297966,3947.076233739145,-4162.751350997705,-3759.933399849269,3947.076233739145,35.3006,-137.9106,23
681,STARLINK-30907,satellite,0,6,43.0007,281.7098,131.7906,94.1821,225.9727,6862.8747,489.9994,-4501.7915159820495,3938.077585013331,-3365.391873242843,5812.468432316609,1410.6001000550395,-3365.391873242843,-29.5178,13.6411,4
682,STARLINK-30896,satellite,0,79,43.0192,140.1353,41.2978,327.1902,8.4881,6867.3295,482.2139,-5682.418470300364,3780.7814281459496,690.824195796296,6364.119530219843,2466.2056856836602,690.824195796296,5.8155,21.1822,4
683,STARLINK-30832,satellite,0,6,42.9829,282.3828,97.6474,186.0043,283.6517,6861.5797,497.3233,-4419.948246962261,-2629.511010809548,-4548.886825266288,397.328210321779,5127.611622878229,-4548.886825266288,-41.6695,85.5691,4
684,STARLINK-30903,satellite,0,6,43.0117,281.751,172.5079,39.3681,211.8761,6865.0739,487.0947,-3781.1745626996767,5165.73080853204,-2472.0649421621915,6400.702467332288,114.29691382775053,-2472.0649421621915,-21.2348,1.023,4
685,STARLINK-30905,satellite,0,6,42.9805,281.5518,93.2902,175.7266,269.0168,6861.0916,497.5317,-4943.9786953229805,-890.282867887561,-4680.002152572957,2120.7971183143195,4553.871815017556,-4680.002152572957,-43.1507,65.028,4
686,STARLINK-30842,satellite,0,45,43.0073,267.5111,70.2244,323.5459,33.7702,6873.3549,492.3705,2540.9670842542855,-5824.539854523901,2603.7851579699172,-6224.633247416154,1278.952374157248,2603.7851579699172,22.4067,168.3892,4
687,STARLINK-30858,satellite,0,6,42.9857,281.6548,77.8163,171.0236,248.8399,6862.3222,496.8297,-5088.328111744052,1481.1812822334718,-4365.897375461669,4142.268406052538,3305.539807024345,-4365.897375461669,-39.6579,38.5899,4
688,STARLINK-30885,satellite,0,6,43.0145,281.7562,176.7614,32.4315,209.1928,6867.9285,488.933,-3617.8348363449577,5368.244977326992,-2284.1245087627417,6472.1185073324405,-135.8862270891408,-2284.1245087627417,-19.5473,-1.2028,4
689,STARLINK-30890,satellite,0,6,42.9977,281.708,104.8141,124.5553,229.3693,6864.9266,493.4531,-4638.927302922901,3604.5489985606023,-3553.501804065151,5618.871042118857,1714.8493277445466,-3553.501804065151,-31.3273,16.9719,4
690,STARLINK-30909,satellite,0,6,42.9972,281.7045,110.9652,119.4356,230.4008,6864.7615,493.2987,-4676.377054194935,3500.2759981042273,-3607.605013917558,5555.220630806938,1805.535421685878,-3607.605013917558,-31.8596,18.005,4
691,STARLINK-30918,satellite,0,6,42.989,281.9327,78.3885,36.3806,114.7691,6862.7132,488.8519,3862.945473228935,3753.3836019551654,4246.465715927889,842.179805910194,-5319.865540319879,4246.465715927889,38.4265,-81.0042,94
692,STARLINK-30892,satellite,0,6,43.0217,281.7844,160.2348,28.4587,188.6935,6869.8733,485.7619,-2128.133618954258,6486.910998209161,-707.8168825879866,6528.165711563574,-1998.0038641544127,-707.8168825879866,-5.9559,-17.0172,4
693,STARLINK-30891,satellite,0,6,42.986,281.9448,73.4366,36.1227,109.5593,6862.1091,489.3673,4150.128849135246,3224.9319443169497,4406.514896774385,244.7921883423038,-5250.126883650254,4406.514896774385,40.1527,-87.3305,110
694,STARLINK-30889,satellite,0,6,42.9978,282.136,84.3938,324.7993,49.1931,6862.5778,484.9744,4653.506115920541,-3583.1433222062633,3539.74859075533,-5609.774777361663,-1739.0980954673375,3539.74859075533,31.2356,-162.7759,9
695,STARLINK-30870,satellite,0,6,43.0204,282.209,39.1862,327.4365,6.6228,6867.4656,482.3914,2006.526230817549,-6538.155357079491,539.8169534752928,-6499.986134005274,2126.923422694221,539.8169534752928,4.5412,161.8809,4
696,STARLINK-30888,satellite,0,6,42.9874,281.6304,78.7665,172.4429,251.2094,6862.0724,496.7114,-5102.9821009793495,1207.6246259225898,-4431.929348763057,3927.1210862222283,3475.1264054993794,-4431.929348763057,-40.3791,41.5058,4
697,STARLINK-30859,satellite,0,6,43.0116,282.2316,12.411,319.6975,332.1084,6868.15,489.1411,-1009.4778963881191,-6427.383376115754,-2190.702841228279,-4671.7812200806375,4528.218514887195,-2190.702841228279,-18.7173,135.894,9
698,STARLINK-30884,satellite,0,6,43.0174,282.2017,46.2331,327.1905,13.4236,6869.6646,484.6205,2549.1724263381216,-6277.786475598763,1086.8128383281814,-6599.819646694356,1533.383097441896,1086.8128383281814,9.1687,166.9201,4
699,STARLINK-30852,satellite,0,6,43.0197,281.7289,178.9302,25.9067,204.8369,6866.0339,486.088,-3329.419386413655,5669.298038772543,-1966.5715256680628,6552.012649237614,-545.0724238920758,-1966.5715256680628,-16.7511,-4.7556,4
700,STARLINK-30964,satellite,0,35,42.9773,343.8485,98.8033,345.7965,84.5998,6858.6067,486.926,2008.6766494562746,4616.607968121667,4652.500560256592,2616.066043052582,-4301.633349296818,4652.500560256592,42.9191,-58.6939,31
701,STARLINK-30844,satellite,0,35,43.0019,344.1503,70.8974,239.1719,310.0693,6862.4132,490.92,3200.9255354961792,-4901.660885889659,-3582.1054099981866,-5850.55665659577,207.8233192281977,-3582.1054099981866,-31.621,177.9656,10
702,STARLINK-30876,satellite,0,35,43.0148,344.1003,14.6825,316.6854,331.3679,6865.459,487.1476,5134.5496697747785,-3962.814690301189,-2243.464566392498,-6197.249787414783,-1913.5296322342685,-2243.464566392498,-19.191,-162.8408,4
703,STARLINK-30952,satellite,0,35,43.0149,344.0158,63.4273,324.5123,27.9397,6865.6018,482.4549,6471.752036698357,590.2686594457405,2192.175507328303,-3246.23644059274,-5629.737159637293,2192.175507328303,18.7494,-119.9687,18
704,STARLINK-30925,satellite,0,35,43.0205,344.037,47.8412,325.9515,13.7927,6867.0576,482.2095,6733.918461695858,-682.5702247935511,1115.7942459887342,-4437.631833326302,-5110.673504773327,1115.7942459887342,9.4188,-130.968,4
705,STARLINK-30954,satellite,0,35,42.9943,343.7286,84.4801,35.5411,120.0212,6860.8653,485.7199,-2076.3751550995125,5129.337502469526,4048.2718285051824,5388.739111346026,-1258.1445818364746,4048.2718285051824,36.3587,-13.1418,12
706,STARLINK-30906,satellite,0,39,43.0205,347.3031,25.2037,324.6209,349.8246,6869.7766,486.5064,6396.279721444099,-2349.9222127196026,-827.3547055700133,-5605.903786540817,-3874.063940726497,-827.3547055700133,-6.9656,-145.3529,4
707,STARLINK-30940,satellite,0,61,42.9805,198.7858,92.9376,180.893,273.8306,6858.6643,495.242,-2047.4748543631983,4595.441228102494,-4668.709482440195,4935.710745698732,-974.1626121894777,-4668.709482440195,-43.0394,-11.165,4
708,STARLINK-30933,satellite,0,61,43.0053,198.0945,166.419,44.6185,211.0375,6865.1273,487.2756,4785.737123809685,4285.9617655480315,-2413.439248060638,745.8150169701273,-6380.9488349626845,-2413.439248060638,-20.7076,-83.3334,6
709,STARLINK-30919,satellite,0,35,42.9966,343.4481,91.777,141.3882,233.1653,6861.9269,491.5651,-5088.686996143913,-2679.0076226507654,-3746.093948536627,742.1651632970862,5702.719356353886,-3746.093948536627,-33.2439,82.5851,4
710,STARLINK-30931,satellite,0,2,42.9938,332.5968,83.8232,35.8113,119.6345,6860.9171,485.7588,-1003.601125182155,5430.192377391958,4063.9239048942136,5016.564318855981,-2308.308235208991,4063.9239048942136,36.5213,-24.7089,6
711,STARLINK-30922,satellite,0,35,43.0246,344.0505,23.9292,328.7202,352.6495,6867.3972,483.6137,6366.874064280572,-2487.069983876499,-598.9774619659784,-5701.058822593379,-3771.0119008613933,-598.9774619659784,-5.0392,-146.517,4
712,STARLINK-30949,satellite,0,35,43.0002,343.9369,84.672,324.5036,49.1756,6862.4554,484.1752,5357.40061602128,2406.193200206467,3538.5621422957433,-1119.9676189462498,-5765.169521339064,3538.5621422957433,31.2281,-100.9936,101
713,STARLINK-30967,satellite,0,35,42.9892,343.8894,103.3304,327.0392,70.3696,6859.6393,486.6008,3523.526909643788,3898.8579254451934,4403.060912833916,1156.6379965346187,-5126.258240740812,4403.060912833916,40.1344,-77.2853,87
714,STARLINK-30955,satellite,0,35,42.9903,343.4692,79.1148,168.0781,247.1929,6860.0673,493.7492,-3867.2658596472515,-3679.594204774783,-4314.080908166897,-779.3792199876103,5280.883143230578,-4314.080908166897,-39.1188,98.3954,6
715,STARLINK-30895,satellite,0,35,42.9839,343.7791,77.4457,28.4281,105.8738,6859.3002,486.6236,-452.95963409244973,5155.665966134224,4495.81614140769,4474.930283207979,-2600.204404445938,4495.81614140769,41.1569,-30.1592,5
716,STARLINK-30917,satellite,0,93,42.9829,235.0721,81.4396,19.7407,101.1804,6858.9329,487.1492,4794.991718841459,-1727.1434613158526,4585.367339211219,-4174.299091782289,-2924.0720258006363,4585.367339211219,42.1555,-144.989,9
717,STARLINK-30899,satellite,0,35,43.0154,343.5828,168.7608,36.1816,204.9424,6865.9906,486.03,-6566.68809524786,-271.05580335664376,-1974.2160274941227,3561.8407631898885,5523.4187028037395,-1974.2160274941227,-16.8183,57.1836,4
718,STARLINK-30902,satellite,0,35,42.9814,343.8217,88.3432,3.3497,91.6928,6858.6029,487.0134,1202.2413688838656,4870.811893648907,4671.56388422575,3288.4647793178983,-3788.9566119913657,4671.56388422575,43.1364,-49.045,12
719,STARLINK-30912,satellite,0,56,43.0003,201.5907,97.4923,38.4829,135.9752,6863.2476,483.8582,5867.116504859162,-1426.4087951585586,3250.0984147068984,-4546.198075477845,-3973.6357647648097,3250.0984147068984,28.4419,-138.8447,9
720,STARLINK-30900,satellite,0,35,42.9955,343.6559,89.457,37.7226,127.1796,6861.8759,484.7163,-2851.6725192378744,5000.1420474247225,3725.3736821075236,5729.828181839007,-550.0233249642067,3725.3736821075236,33.0741,-5.4832,11
721,STARLINK-30908,satellite,0,35,42.9848,343.6563,79.71,33.3897,113.0997,6859.9649,485.7984,-1282.8778421746724,5183.401590091536,4299.357116762673,4975.755914359319,-1937.854659881504,4299.357116762673,39.0142,-21.2789,12
722,STARLINK-30869,satellite,0,2,42.9939,332.864,97.6995,323.1312,60.8307,6863.3299,488.3936,4973.013724703064,2373.651204873673,4084.0891724427283,-925.1017636414501,-5432.2437606748435,4084.0891724427283,36.7152,-99.6647,113
723,STARLINK-30969,satellite,0,2,42.9948,332.8694,98.2414,321.4102,59.6516,6863.4111,488.2515,5058.470470148105,2272.5918005501344,4036.4021586068484,-1056.9379403903524,-5443.866197791005,4036.4021586068484,36.2199,-100.9874,118
724,STARLINK-30951,satellite,0,2,43.0124,333.011,25.9857,310.0378,336.0235,6868.687,489.2455,4664.287140544026,-4664.818123166495,-1903.2018441565328,-6500.08784510655,-1124.7046979385432,-1903.2018441565328,-16.1888,-170.1834,5
725,STARLINK-30950,satellite,0,10,43.0105,136.432,17.6661,312.9106,330.5768,6865.453,487.0336,-2631.995144871062,5906.042622218431,-2299.7239278957454,6343.694807428064,-1251.5087248180967,-2299.7239278957454,-19.6919,-11.1602,4
726,STARLINK-30942,satellite,0,2,43.0131,332.5093,166.6509,41.1708,207.8217,6868.0986,489.2201,-6467.496736669419,724.365623236024,-2185.7456252913316,4318.294644531135,4868.834661186331,-2185.7456252913316,-18.6732,48.4294,4
727,STARLINK-30959,satellite,0,2,43.018,332.5089,164.1394,42.0377,206.1771,6868.5062,489.0482,-6487.561071238337,879.7544481306647,-2066.181345514268,4456.860973470614,4795.707122542762,-2066.181345514268,-17.6183,47.0973,4
728,STARLINK-30971,satellite,0,2,43.0048,333.0243,25.2574,300.4286,325.6861,6867.3152,490.8328,3769.965814218853,-5094.8627974099645,-2639.864743369083,-6336.320943147519,-145.9659900149574,-2639.864743369083,-22.7395,-178.6803,7
729,STARLINK-30963,satellite,0,2,42.9911,332.6836,77.554,35.0623,112.6162,6859.961,486.2608,-218.13017793126622,5322.8572241039465,4315.437210701535,4476.286621095779,-2888.468086809828,4315.437210701535,39.1844,-32.8334,5
730,STARLINK-30961,satellite,0,2,42.9973,332.6445,92.0365,34.0214,126.058,6864.3652,487.3977,-1722.2165235200478,5457.149732256941,3781.4762516933356,5452.626898874574,-1736.482898224722,3781.4762516933356,33.6219,-17.665,8
731,STARLINK-30975,satellite,0,2,42.9896,332.6928,80.3639,28.541,108.9048,6862.1346,489.4678,202.8890849233167,5236.869899150567,4424.426724342279,4163.43572417261,-3183.04465757136,4424.426724342279,40.3482,-37.3988,5
732,STARLINK-30976,satellite,0,2,42.9934,332.8933,96.0612,322.5216,58.5828,6863.6021,487.9331,5133.305680607173,2181.9439050218452,3991.43027250526,-1174.144740970683,-5452.805749562947,3991.43027250526,35.7566,-102.1519,115
733,STARLINK-30926,satellite,0,2,42.9865,332.2425,100.1021,182.9951,283.0972,6861.6556,497.4018,-901.5001282327598,-5053.668188237429,-4559.697583716691,-3611.1930627641873,3648.4995959230237,-4559.697583716691,-41.7898,134.7056,16
734,STARLINK-30943,satellite,0,55,42.9893,307.0495,97.619,202.2596,299.8786,6860.8588,493.2062,-1414.3764075960305,-5351.973691115703,-4058.1151175231025,-3559.5187514745967,4239.564750143536,-4058.1151175231025,-36.4148,130.0167,16
735,STARLINK-30946,satellite,0,2,43.0174,332.9507,54.2352,326.3953,20.6306,6866.4256,482.2235,6520.644665824826,-1345.4843080609267,1648.7532002872726,-4856.584052437808,-4554.418318819067,1648.7532002872726,13.9923,-136.839,4
736,STARLINK-30944,satellite,0,2,42.9884,332.7385,95.9129,1.3168,97.2296,6861.4869,489.6925,1512.3911934798143,4819.242888646493,4638.967268006748,3067.622777944064,-4012.7446509993424,4638.967268006748,42.7433,-52.6032,22
737,STARLINK-30928,satellite,0,2,42.9847,332.7852,99.8029,344.0153,83.8182,6861.2225,489.5756,2937.7006873935043,4097.730926020071,4648.526518330625,1656.7087145825049,-4762.016411752479,4648.526518330625,42.8531,-70.8172,70
738,STARLINK-30957,satellite,0,2,43.0205,332.5764,128.2726,33.5247,161.7973,6869.15,484.5745,-5064.103749825524,4393.1377401982,1462.399989126838,6508.384918680225,1608.0210644287185,1462.399989126838,12.3802,13.8781,5
739,STARLINK-30966,satellite,0,2,42.9935,332.8707,92.3187,323.5904,55.9091,6861.4438,485.5445,5314.430268399554,1943.9052326464112,3872.2503979272265,-1473.0591262832656,-5463.701441483148,3872.2503979272265,34.5502,-105.0887,106
740,STARLINK-30935,satellite,0,2,43.0194,332.995,20.6381,322.0053,342.6434,6869.303,487.507,5157.915262938123,-4309.142438537411,-1397.159165358331,-6493.781124492262,-1733.091204305821,-1397.159165358331,-11.8147,-165.0569,4
741,STARLINK-30958,satellite,0,2,43.0161,332.5904,122.1472,32.9258,155.073,6866.1132,482.4727,-4548.65152094408,4739.649555957126,1972.0802225523305,6494.627671761891,987.0764800440705,1972.0802225523305,16.8085,8.6419,5
742,STARLINK-30962,satellite,0,2,42.9821,332.3011,97.0404,181.1541,278.1945,6861.3307,498.4437,-1444.6294538792783,-4857.390725526388,-4633.788953127853,-3137.8435438986585,3979.338740728015,-4633.788953127853,-42.6171,128.257,13
743,STARLINK-30977,satellite,0,2,42.9844,333.2531,76.5051,170.8668,247.3719,6862.5192,496.366,-4445.5192945602885,-2951.1705413944023,-4320.885486377007,149.1540877450073,5333.835619965325,-4320.885486377007,-39.1743,88.3982,4
744,STARLINK-30947,satellite,0,67,42.9869,358.3893,102.3315,340.8632,83.1947,6861.3062,489.8559,952.3655813262657,4956.654813332048,4643.169438252014,3502.593606370626,-3634.1801231686754,4643.169438252014,42.7899,-46.0563,8
745,STARLINK-30941,satellite,0,67,43.0158,358.5392,57.575,327.0728,24.6478,6868.5248,484.9709,6287.530255066995,1932.5414156591507,1952.0863758501023,-2042.99729511043,-6252.512701609823,1952.0863758501023,16.627,-108.0947,16
746,STARLINK-30980,satellite,0,67,43.0199,358.5899,15.6928,332.7319,348.4247,6868.439,484.6665,6696.023899217973,-1171.8589487880088,-939.4448150873149,-4815.71668214437,-4797.797650179635,-939.4448150873149,-7.917,-135.1068,2
747,STARLINK-30965,satellite,0,35,43.0171,343.4639,126.8775,33.1695,160.047,6868.9184,484.9183,-5695.92903800877,3477.0630875282413,1597.4908190608144,6123.660925042666,2652.2353205906397,1597.4908190608144,13.5435,23.418,4
748,STARLINK-30990,satellite,0,67,42.9832,358.3289,89.9064,8.5033,98.4097,6861.2853,488.8854,-857.7300120062354,4989.655726419758,4624.910294050362,4572.45043642294,-2173.72078431094,4624.910294050362,42.5897,-25.4262,9
749,STARLINK-30984,satellite,0,40,42.996,354.6406,81.6348,151.5634,233.1982,6861.9686,491.8648,-4469.1049012613585,-3618.003525358283,-3747.8298814859722,-382.2897739612164,5737.307962512378,-3747.8298814859722,-33.2597,93.8121,4
750,STARLINK-30956,satellite,0,2,43.0145,332.4083,60.2735,326.5981,26.8716,6868.3473,485.1028,6474.529364170569,-825.0856631601238,2115.595617992821,-4404.66951270395,-4816.553054095395,2115.595617992821,18.0645,-132.4425,4
751,STARLINK-30997,satellite,0,40,42.9832,354.9206,89.6422,2.174,91.8162,6858.6279,487.3976,227.3830062764603,5012.256877700232,4671.675920598591,3965.7372380512716,-3073.6542092971467,4671.675920598591,43.1347,-37.7776,5
752,STARLINK-30994,satellite,0,1,43.0192,191.501,42.7845,324.7409,7.5255,6867.4068,482.3698,-6533.710232655702,-1999.7718819961465,612.9785917479829,2129.883005239445,6492.461426017441,612.9785917479829,5.1582,71.8377,4
753,STARLINK-30991,satellite,0,40,42.9946,354.6166,74.3303,165.984,240.3143,6860.9462,492.9671,-3793.3161521908382,-4023.1305868310596,-4066.184300667583,-1102.7730045468236,5418.368652058505,-4066.184300667583,-36.5002,101.504,7
754,STARLINK-30979,satellite,0,40,43.0238,355.161,34.6652,325.2359,359.9011,6867.5453,482.7254,6835.667267464769,-587.3843358328799,-8.080649101764633,-4418.454525983197,-5248.678590968369,-8.080649101764633,-0.0679,-130.0914,4
755,STARLINK-31005,satellite,0,40,43.0107,355.1082,71.99,323.2176,35.2076,6864.6018,483.0229,5829.456613785058,2402.785145343707,2697.0396827770987,-1394.7274877566615,-6149.038632305274,2697.0396827770987,23.2883,-102.7796,47
756,STARLINK-30987,satellite,0,40,43.0192,355.1406,48.0798,325.9638,14.0436,6867.0309,482.1204,6733.816453913268,648.913763251399,1135.6415559344075,-3349.2911493239294,-5877.722509968511,1135.6415559344075,9.588,-119.6757,5
757,STARLINK-31000,satellite,0,40,42.9882,354.9941,98.7429,339.0326,77.7755,6858.9894,486.9275,1873.737520103951,4755.725944948075,4568.442096477321,2807.518404262517,-4271.494114174198,4568.442096477321,41.9665,-56.6843,29
758,STARLINK-30993,satellite,0,40,42.9942,355.054,103.9912,312.5215,56.5127,6861.3378,484.9346,4129.3833658192,3840.6118732246146,3899.2892338762836,759.9676381496004,-5587.893675762228,3899.2892338762836,34.8292,-82.2551,97
759,STARLINK-30978,satellite,0,40,42.9892,354.8758,81.4092,31.7929,113.2021,6859.9545,486.1266,-2278.5564715191535,4832.1474925473085,4296.636901777115,5262.318756884,-921.667122436231,4296.636901777115,38.9827,-9.9343,15
760,STARLINK-30953,satellite,0,61,43.0008,198.8538,136.915,87.612,224.527,6863.1044,489.8125,3492.8701120276673,4912.004061602598,-3282.286843395627,2002.39089092254,-5684.923591451958,-3282.286843395627,-28.7219,-70.5963,12
761,STARLINK-30986,satellite,0,40,43.0075,354.8213,95.1167,39.3467,134.4634,6862.9983,484.392,-4460.672578815256,3997.8620969017215,3338.26748654115,5837.642399909664,1342.546986892719,3338.26748654115,29.2834,12.9517,8
762,STARLINK-30985,satellite,0,40,43.0224,354.7439,146.09,30.6863,176.7763,6867.5447,482.2893,-6794.899905570148,908.3306198596329,263.22188444313053,4657.290347682934,5030.444896733406,263.22188444313053,2.2126,47.2058,4
763,STARLINK-30981,satellite,0,40,43.019,354.7118,162.2638,35.6225,197.8863,6866.8726,484.9177,-6644.6731279560845,-932.4482328064689,-1437.8580455044773,3066.1858547744855,5968.219582775625,-1437.8580455044773,-12.1686,62.8081,4
764,STARLINK-31002,satellite,0,40,43.0179,355.1852,14.5014,323.8755,338.3769,6866.5592,485.882,6202.014574636483,-2377.934305048382,-1725.2733260276061,-5516.873777750986,-3699.1431526088377,-1725.2733260276061,-14.6476,-146.1576,4
765,STARLINK-30989,satellite,0,12,43.013,35.0008,118.8736,35.8111,154.6848,6865.9346,482.7259,-6309.066259919795,-1799.7616192075739,2000.728217759483,2163.9321459447942,6193.614181217439,2000.728217759483,17.0594,70.7415,5
766,STARLINK-30968,satellite,0,12,43.0009,35.0437,97.3556,36.0531,133.4087,6862.8321,483.8542,-5949.518032333994,276.96071112729476,3397.2320656524535,3654.177826052112,4703.238933773677,3397.2320656524535,29.8543,52.1546,5
767,STARLINK-30982,satellite,0,12,42.9902,35.1033,80.4581,31.7155,112.1736,6859.8852,485.9167,-4787.1612639045115,2311.2544968541783,4328.87066289721,4647.2078799568535,2581.1371982758733,4328.87066289721,39.332,29.0485,10
768,STARLINK-30998,satellite,0,12,43.0166,34.9932,124.0476,35.5776,159.6252,6869.004,484.8657,-6271.337827225997,-2257.9293016444162,1629.8019584727642,1767.7138596080142,6426.749612749035,1629.8019584727642,13.8229,74.6208,4
769,STARLINK-30983,satellite,0,12,42.9866,34.78,84.2368,177.3274,261.5642,6861.308,497.6301,2006.7107752186814,-4655.218049441826,-4630.790836585553,-4961.082878344008,1041.921252988754,-4630.790836585553,-42.5893,168.1392,12
770,STARLINK-31017,satellite,0,16,43.0225,162.4946,149.8342,35.5425,185.3768,6867.5187,483.6006,6656.478591269274,-1606.575322311348,-438.68691269407987,-5148.246013373426,-4515.014339741417,-438.68691269407987,-3.6885,-138.7492,4
771,STARLINK-31028,satellite,0,12,42.9986,34.4387,86.4712,322.7315,49.2027,6862.4391,484.1281,1547.8988420427777,5664.40848446801,3539.8743309369584,3737.9570605458725,-4528.707466554426,3539.8743309369584,31.2412,-50.464,6
772,STARLINK-31011,satellite,0,12,42.9871,34.3853,99.6738,330.7821,70.4559,6859.6032,486.0798,-776.3316215492085,5195.195906254743,4404.913655438191,4693.55014199103,-2358.6730073495246,4404.913655438191,40.1584,-26.6811,6
773,STARLINK-31021,satellite,0,12,43.0182,34.9155,159.7751,37.5437,197.3188,6869.24,487.2469,-4518.520684851267,-4976.014447752493,-1394.1245122823502,-1463.7825210570702,6560.113542822114,-1394.1245122823502,-11.7891,102.5786,4
774,STARLINK-31010,satellite,0,12,43.0175,34.8824,160.8374,36.2641,197.1015,6866.8267,484.994,-4536.629503616463,-4961.291692567653,-1376.6913001515713,-1441.3155821462792,6566.4322051237605,-1376.6913001515713,-11.6436,102.38,4
775,STARLINK-31003,satellite,0,12,42.9819,34.3602,99.0953,338.4267,77.522,6859.0465,486.2505,-1540.821098907739,4877.903290451595,4563.04883539119,4874.6719731839075,-1551.0136439416206,4563.04883539119,41.9109,-17.6499,14
776,STARLINK-31015,satellite,0,12,42.991,34.4281,93.8439,322.4118,56.2558,6861.3744,485.2356,783.7704857242154,5593.135901557146,3887.6473385658155,4119.954100632238,-3863.0873140874583,3887.6473385658155,34.7087,-43.1571,5
777,STARLINK-30932,satellite,0,12,43.0193,34.5129,48.5102,325.2832,13.7934,6867.0682,482.2114,4811.931068895788,4759.919965583843,1115.824356292884,1118.1108292510348,-6675.428590291399,1115.824356292884,9.419,-80.4914,16
778,STARLINK-30992,satellite,0,12,43.024,34.5437,29.804,322.7276,352.5316,6867.4582,483.6269,5973.621894825568,3320.697074812664,-608.5211671126626,-727.5372678900516,-6795.724915624519,-608.5211671126626,-5.1197,-96.1107,4
779,STARLINK-30948,satellite,0,12,43.0188,34.5611,17.9612,320.5019,338.4631,6866.3458,485.7338,6301.736778694949,2104.360994528362,-1718.7232310655374,-1910.7464703432343,-6363.117911002424,-1718.7232310655374,-14.5911,-106.7142,4
780,STARLINK-31001,satellite,0,12,42.9857,34.6249,100.9562,178.0628,279.019,6861.2862,497.3551,3704.164517449584,-3470.2987233870986,-4623.3111193985,-4970.58014638416,-1028.173628453026,-4623.3111193985,-42.5067,-168.3131,8
781,STARLINK-31004,satellite,0,12,43.0075,34.6013,31.9711,285.2607,317.2318,6863.4661,489.571,6082.319091382753,55.91940491811148,-3178.7521626299576,-3458.6130133871666,-5003.571577670739,-3178.7521626299576,-27.7385,-124.6533,4
782,STARLINK-30988,satellite,0,12,42.9946,34.6571,113.0423,183.0208,296.0631,6860.3597,493.4882,5045.003161262291,-1994.6528873396421,-4204.521408876292,-4536.990304827034,-2974.2925229412745,-4204.521408876292,-37.9497,-146.7525,4
783,STARLINK-31009,satellite,0,12,42.983,34.7315,93.3135,181.539,274.8525,6858.6779,495.9697,3327.882772660293,-3781.25786829734,-4663.122564006247,-5007.946951112236,-541.4629719337804,-4663.122564006247,-42.97,-173.8291,9
784,STARLINK-31044,satellite,0,21,42.9868,100.1818,75.9871,171.4728,247.4599,6862.4288,496.4003,5031.116907330615,-1770.4752767911025,-4323.851664993544,-4345.759290376026,-3092.1022348989304,-4323.851664993544,-39.2061,-144.5673,4
785,STARLINK-31062,satellite,0,22,42.9953,103.2186,92.5236,321.9007,54.4243,6864.144,487.5808,-4884.802509640164,2951.6966457940316,3804.430952411028,5226.925980098712,2291.9540670675983,3804.430952411028,33.852,23.677,9
786,STARLINK-31096,satellite,0,21,43.0151,101.1687,150.3144,51.5587,201.8731,6875.3766,495.0057,3071.6445037664093,-5893.713773082281,-1746.4712939779151,-6586.921161465994,885.0602291198242,-1746.4712939779151,-14.8114,172.3472,5
787,STARLINK-31094,satellite,0,21,43.0098,99.9757,15.6341,309.1308,324.7649,6867.1585,490.5443,1881.1314132454893,6024.517782095567,-2701.786772223307,3840.2992145780763,-5008.549874284538,-2701.786772223307,-23.3044,-52.5209,12
788,STARLINK-31075,satellite,0,21,42.9889,99.7624,99.7203,330.1415,69.8617,6862.2062,488.7737,-5042.08857494455,1528.3397662915454,4390.3729978962365,4154.172326345937,3240.5758626879942,4390.3729978962365,39.9805,37.957,6
789,STARLINK-30857,satellite,0,21,42.9811,100.163,82.417,177.0042,259.4212,6861.4404,497.5825,5082.653538782758,-369.49564920540905,-4601.446690004109,-3230.368205790731,-3941.397630929794,-4601.446690004109,-42.2578,-129.338,4
790,STARLINK-31059,satellite,0,84,42.9847,303.4722,80.7686,174.3618,255.1303,6859.0977,494.5937,-5019.3098097795755,-1207.2300714606565,-4522.7941336868125,1905.1437764579446,4798.0519591821785,-4522.7941336868125,-41.3985,68.3437,4
791,STARLINK-31087,satellite,0,21,42.9871,99.6241,78.9848,33.0185,112.0033,6862.4274,488.7966,-4156.4654434845,-3311.0510029427464,4335.653725576002,-311.53036011345677,5304.923426562965,4335.653725576002,39.3856,93.3608,4
792,STARLINK-31052,satellite,0,21,43.0091,99.8605,73.1045,320.9881,34.0926,6867.2637,485.0718,-3743.193948394147,5115.594775593917,2622.9287973827963,6337.841556024767,112.13944044759107,2622.9287973827963,22.6058,1.0137,7
793,STARLINK-31074,satellite,0,21,43.0178,99.9405,14.1668,326.7427,340.9096,6867.4608,485.7564,496.9054667546757,6671.325105706618,-1531.293781675282,5166.4835868815835,-4249.816590796044,-1531.293781675282,-12.9709,-39.4398,12
794,STARLINK-31071,satellite,0,41,42.9989,300.0382,94.6668,136.6679,231.3347,6862.1087,491.1921,-5539.365730314845,1750.1188859812994,-3654.675119510281,4621.947844631804,3519.245221742633,-3654.675119510281,-32.3357,37.2864,4
795,STARLINK-31080,satellite,0,21,42.9924,99.7777,96.4041,325.6203,62.0244,6863.1397,487.5942,-4912.040052970779,2417.9657803915607,4129.990845732998,4806.376540178018,2621.7247283344077,4129.990845732998,37.201,28.6111,9
796,STARLINK-31088,satellite,0,21,43.0122,99.9458,12.1034,315.8675,327.9709,6867.5712,489.8632,1617.049839169431,6192.518182858114,-2483.687657203361,4129.763697454341,-4889.49725744626,-2483.687657203361,-21.3303,-49.8149,13
797,STARLINK-31038,satellite,0,21,42.9895,100.0296,105.8932,192.917,298.8101,6865.845,498.5393,3758.832589964584,4026.397439412985,-4103.990988190457,1125.3107999933716,-5392.065873383743,-4103.990988190457,-36.8596,-78.2117,11
798,STARLINK-31082,satellite,0,21,43.0232,99.9238,20.8903,329.6609,350.5512,6869.8253,486.0733,-355.4049703857598,6811.481277966514,-768.8256851832804,5772.096849381284,-3633.935587544982,-768.8256851832804,-6.4711,-32.1933,8
799,STARLINK-31069,satellite,0,21,42.9806,100.1342,86.0076,180.0757,266.0834,6861.1656,498.0435,5015.858797394325,420.11066047882287,-4670.143539225216,-2546.503674267988,-4341.733695125213,-4670.143539225216,-43.034,-120.3924,4
800,STARLINK-31067,satellite,0,21,42.9796,100.1015,92.7998,182.3564,275.1562,6861.1996,498.0414,4817.245822382592,1485.0064400789154,-4662.071783075978,-1561.6857781064098,-4792.936362064342,-4662.071783075978,-42.9419,-108.0472,4
801,STARLINK-31085,satellite,0,21,43.0099,100.2824,168.8109,41.1799,209.9909,6867.8816,489.641,3530.4498775884326,-5402.635455294113,-2340.843532814149,-6449.88069103927,227.12391402933957,-2340.843532814149,-20.0507,177.9832,7
802,STARLINK-31089,satellite,0,21,43.0086,100.2233,154.7528,60.833,215.5859,6866.9957,490.8356,3866.1144116037885,-4976.229852189318,-2725.183852753555,-6294.752748129969,-292.90275748245756,-2725.183852753555,-23.5171,-177.3359,7
803,STARLINK-31061,satellite,0,21,43.0209,100.3195,152.7651,32.8186,185.5837,6867.4659,483.2946,1703.479340266904,-6630.8849714838025,-455.4854473807842,-6401.178246180914,2428.043333300736,-455.4854473807842,-3.8301,159.2277,4
804,STARLINK-31054,satellite,0,67,43.0171,358.5898,164.3237,43.0302,207.3539,6865.7314,486.7218,-6150.288207160001,-2154.8494680808035,-2151.255369255077,1782.2231104447324,6268.42101695604,-2151.255369255077,-18.3751,74.1286,3
805,STARLINK-31134,satellite,0,67,42.9842,358.8551,74.6741,12.2428,86.9169,6858.7637,487.806,468.7369009636837,4999.830397842611,4667.634614416026,3816.524853310872,-3263.7641357145385,4667.634614416026,43.0852,-40.536,5
806,STARLINK-31133,satellite,0,67,43.0082,358.543,172.3385,56.2536,228.5921,6862.5698,489.732,-4633.033921361012,-3647.0212491262714,-3510.6627011055944,-311.55982422504024,5888.0130590878625,-3510.6627011055944,-30.9271,93.0289,2
807,STARLINK-31068,satellite,0,67,42.9855,358.483,76.6444,173.0806,249.725,6859.7476,494.8471,-2502.49633087435,-4645.611105482452,-4390.12906305275,-2355.2581916653066,4721.964557259504,-4390.12906305275,-39.9353,116.5095,7
808,STARLINK-31129,satellite,0,67,42.9861,358.4334,83.9079,180.0081,263.916,6858.5598,494.8858,-863.6109117914025,-4970.5090970167785,-4653.09610469412,-3565.053198850382,3569.619052484226,-4653.09610469412,-42.8641,134.9633,13
809,STARLINK-30774,satellite,0,67,42.9881,358.362,98.9201,186.3166,285.2367,6859.2081,494.8511,1664.6215140110135,-4893.863742688462,-4515.48800338543,-4959.044582744577,1459.0215705261837,-4515.48800338543,-41.3153,163.6054,14
810,STARLINK-31086,satellite,0,67,42.9881,358.0622,98.8114,327.8778,66.6892,6860.0004,485.4124,2866.878729048067,4510.814090938844,4292.612197806159,2035.1441736114393,-4942.127639255799,4292.612197806159,38.9442,-67.6184,65
811,STARLINK-31065,satellite,0,67,43.0218,358.2039,35.3043,327.6594,2.9637,6867.5516,482.3527,6856.04905757346,44.45322894239202,242.00703615890362,-3913.7681248165018,-5629.369754651728,242.00703615890362,2.0342,-124.8086,3
812,STARLINK-31092,satellite,0,67,43.0007,358.2989,90.7775,215.6736,306.4511,6861.7476,491.641,3956.0993619086225,-4156.743011752342,-3765.09675755499,-5676.793881099074,-838.5975545885261,-3765.09675755499,-33.4339,-171.5968,5
813,STARLINK-31091,satellite,0,88,43.0171,2.063,141.6997,40.1306,181.8303,6867.5851,483.1423,-6847.555318929989,-406.9986030555884,-149.50497818697153,3612.5497860209325,5831.307379328901,-149.50497818697153,-1.2564,58.2214,4
814,STARLINK-31084,satellite,0,88,43.0132,2.0291,159.1623,43.8982,203.0606,6866.1946,486.2399,-6240.885951593338,-2187.952309604797,-1833.8018593819731,1807.3644114291228,6361.542788836644,-1833.8018593819731,-15.5905,74.1397,4
815,STARLINK-31064,satellite,0,88,42.9946,2.1853,83.8197,34.3748,118.1945,6860.5917,485.5581,-3405.3673080217927,4292.853067237203,4120.547132587048,5470.739371511932,310.0398174762023,4120.547132587048,37.1147,3.2436,16
816,STARLINK-31081,satellite,0,88,42.9863,1.9068,74.5681,177.9123,252.4804,6859.4547,494.549,-1905.717308269885,-4854.054450366091,-4462.701022145652,-2869.461622225766,4354.28444922145,-4462.701022145652,-40.7329,123.3848,10
817,STARLINK-31022,satellite,0,88,42.9882,2.3286,108.6801,326.9503,75.6304,6859.1609,486.7787,1502.6091844758987,4923.028122677048,4528.210475954785,3158.0870192754774,-4064.545071299388,4528.210475954785,41.5166,-52.1534,21
818,STARLINK-31025,satellite,0,67,43.0089,358.0564,74.0717,324.2385,38.3102,6864.1578,483.455,5483.385256946954,2924.423889370073,2899.8311027442046,-768.9801552430451,-6166.720237019349,2899.8311027442046,25.1523,-97.108,65
819,STARLINK-31018,satellite,0,67,43.0114,358.6898,109.9964,33.6879,143.6842,6864.5018,482.9663,-5456.267533702899,3095.2755113660437,2770.395255709361,5673.528126402808,2676.315468983219,2770.395255709361,23.9603,25.2542,4
820,STARLINK-31008,satellite,0,67,43.0018,358.7231,93.9178,35.6591,129.5768,6862.2841,484.8258,-4281.48290996698,3961.6307828894182,3604.621822813223,5704.789070421536,1216.9618031291386,3604.621822813223,31.8743,12.042,11
821,STARLINK-31077,satellite,0,67,43.0231,358.6518,135.7312,29.2249,164.9561,6867.0159,482.2563,-6592.159080574936,1457.1875004358646,1214.8236833847475,4989.087025546433,4548.512658722338,1214.8236833847475,10.2631,42.3552,2
822,STARLINK-31078,satellite,0,67,43.0248,358.6235,152.9694,32.9386,185.908,6867.6815,484.0641,-6836.081165564381,-352.24846688331104,-481.9393451657283,3650.688726304183,5790.384832482315,-481.9393451657283,-4.0525,57.7696,4
823,STARLINK-31070,satellite,0,67,42.9895,358.7811,80.6312,27.8112,108.4424,6859.4869,486.4059,-2067.0820582767274,4802.221284353287,4434.490307433671,5116.018070632836,-1077.2727604945562,4434.490307433671,40.4806,-11.891,15
824,STARLINK-31090,satellite,0,57,43.0006,350.7572,101.1068,129.9719,231.0787,6862.2047,491.0273,-4883.017607871108,-3161.833537708702,-3641.6228122345806,229.03367707931537,5812.795872359731,-3641.6228122345806,-32.2074,87.7436,4
825,STARLINK-31113,satellite,0,20,43.015,16.2797,113.4843,36.2987,149.7831,6865.249,482.5539,-6396.153072927864,761.1917061505493,2354.606400300563,4307.289724599846,4789.304978198144,2354.606400300563,20.1955,48.0332,5
826,STARLINK-31128,satellite,0,20,42.9934,16.5487,94.3982,323.2781,57.6763,6861.1619,485.0206,2307.077502846778,5106.282726844825,3950.7575543323655,2844.3761305309895,-4827.655157390708,3950.7575543323655,35.3555,-59.4941,33
827,STARLINK-31083,satellite,0,20,43.0235,16.2452,138.0751,32.8172,170.8922,6867.3876,482.3703,-6725.400395198494,-1132.7582538088495,740.9258143657642,2948.974327324552,6149.609918855735,740.9258143657642,6.2387,64.3805,4
828,STARLINK-30828,satellite,0,20,43.0266,16.6581,34.1475,326.9195,1.067,6867.5629,482.5501,6544.844472183211,2055.8187946989483,87.17368613064949,-2090.4883101972523,-6533.8532816886245,87.17368613064949,0.7326,-107.7419,4
829,STARLINK-31131,satellite,0,86,43.0094,5.7764,103.9507,37.9811,141.9318,6864.1591,483.3973,-5682.726782709084,2532.9563093720567,2884.320892291757,5344.393418351603,3185.390139682565,2884.320892291757,25.0088,30.796,5
830,STARLINK-31124,satellite,0,20,42.9993,16.3306,92.1199,36.4059,128.5258,6862.0592,484.6976,-5201.6402616070545,2564.029356365531,3658.3330904936965,5092.613587510763,2774.273742761608,3658.3330904936965,32.4065,28.58,7
831,STARLINK-31126,satellite,0,20,43.0108,16.1697,167.4198,45.9777,213.3974,6864.8458,487.2788,-4733.382291819692,-4248.323309279671,-2576.669285408977,-745.215562327507,6316.471532932458,-2576.669285408977,-22.1785,96.7286,4
832,STARLINK-31066,satellite,0,16,42.9865,162.4006,79.7108,169.2333,248.9441,6859.7479,494.1163,3767.238752775093,3720.649403256041,-4367.298443172345,870.5659437045368,-5222.780364903525,-4367.298443172345,-39.692,-80.5366,12
833,STARLINK-31058,satellite,0,20,42.9912,16.3689,79.1346,35.2251,114.3598,6860.1225,486.2248,-4000.7638252229444,3586.3501126620795,4258.862816426675,5236.319399829501,1203.7347958637097,4258.862816426675,38.5765,12.9463,16
834,STARLINK-31125,satellite,0,20,43.0251,16.6776,18.7607,328.0802,346.8409,6867.1237,484.0218,6728.13939376985,823.5493241167202,-1065.841219267313,-3203.2828003259287,-5973.698393155359,-1065.841219267313,-8.9912,-118.2016,4
835,STARLINK-31110,satellite,0,20,42.981,16.439,83.823,9.2752,93.0983,6858.6077,486.8712,-1772.5109607863294,4698.14750927217,4666.652878293524,4861.237211576544,-1258.077063526509,4666.652878293524,43.0813,-14.5097,14
836,STARLINK-31112,satellite,0,20,42.9994,16.5718,89.5147,321.0753,50.59,6862.2048,484.6325,3067.2461140856976,4955.207925978342,3613.0034561816296,2282.9259468054147,-5361.9337403081545,3613.0034561816296,31.9581,-66.9374,59
837,STARLINK-31147,satellite,0,20,43.0086,16.7146,18.0319,307.6928,325.7247,6864.7134,487.8941,6244.306063923293,-1075.809458338514,-2636.3168369844493,-4476.954589908027,-4483.927052317116,-2636.3168369844493,-22.7176,-134.9554,4
838,STARLINK-31144,satellite,0,20,43.0192,16.1973,165.6335,33.4473,199.0808,6866.7489,484.9649,-5770.118968601572,-3383.941802380332,-1530.4149227047624,558.5966126736624,6665.8311453278075,-1530.4149227047624,-12.9648,85.2098,4
839,STARLINK-31095,satellite,0,20,42.9865,16.9296,71.2549,183.5195,254.7744,6859.4104,494.8276,-313.68215602718413,-5159.588983811143,-4515.574774857076,-4036.4372951553514,3229.0755548847287,-4515.574774857076,-41.3164,141.3408,14
840,STARLINK-31107,satellite,0,20,43.0082,17.0235,161.08,58.5056,219.5856,6863.9806,488.7947,-4121.050734885653,-4606.273903715888,-2982.994606685723,-1390.578578517932,6022.218001079223,-2982.994606685723,-25.9036,103.0022,8
841,STARLINK-31121,satellite,0,20,43.0225,16.2345,146.3998,31.5805,177.9803,6867.6064,483.2093,-6633.074972026453,-1747.2829388505315,164.9873457864647,2393.5024419955857,6428.205606005695,164.9873457864647,1.3865,69.5775,4
842,STARLINK-31137,satellite,0,20,43.0188,16.6874,15.9012,323.826,339.7271,6866.5375,485.2259,6665.159346045749,183.22353657238216,-1622.146196770714,-3690.3640904411805,-5553.299276332703,-1622.146196770714,-13.7559,-123.6054,4
843,STARLINK-31106,satellite,0,20,43.0187,16.6264,58.7106,323.5726,22.2833,6866.1992,482.3256,5537.351754279415,3638.0619134278336,1774.3929544650737,-216.78432518349607,-6621.9909009987505,1774.3929544650737,15.0822,-91.875,26
844,STARLINK-31115,satellite,0,76,43.0242,151.4751,141.5317,36.3149,177.8467,6867.607,482.4299,5933.497031410391,-3439.4567043136744,175.88276708484022,-6229.797953348001,-2868.0772135814727,175.88276708484022,1.4782,-155.2796,4
845,STARLINK-31180,satellite,0,76,43.0222,151.059,33.0374,328.6607,1.6981,6867.5818,482.825,-6073.438542872376,3188.5391023804796,138.7148348451665,6105.33876021065,3127.0234991964044,138.7148348451665,1.1657,27.1206,4
846,STARLINK-31164,satellite,0,76,43.0014,150.699,99.4517,36.8256,136.2773,6863.2394,483.7809,2625.2777747851865,-5447.9480135671265,3232.3790375415406,-5965.403221961579,993.0686545861066,3232.3790375415406,28.2734,170.5486,4
847,STARLINK-31152,satellite,0,76,42.9869,150.7531,80.1168,34.8446,114.9614,6860.2211,486.2928,303.03830159819387,-5380.927667177592,4238.130811135376,-4572.669893480141,2852.526041404902,4238.130811135376,38.3545,148.0432,7
848,STARLINK-31157,satellite,0,76,42.9821,150.8206,85.0919,8.6686,93.7605,6858.6659,487.0649,-2047.2692850876435,-4588.442426880486,4663.663407199923,-2570.809990349143,4316.949319135122,4663.663407199923,43.0456,120.7745,7
849,STARLINK-31076,satellite,0,76,42.9837,150.8964,97.1256,335.2125,72.3381,6859.5388,485.7052,-4141.243916864027,-3163.3748761199204,4453.239843727495,-199.59785991459648,5207.39882092274,4453.239843727495,40.6922,92.1951,4
850,STARLINK-31101,satellite,0,76,43.0193,151.029,47.8684,328.0705,15.9389,6867.0532,482.2651,-6437.6424982141225,1989.9379894806586,1285.176638849724,5335.503543873426,4115.275940943087,1285.176638849724,10.8644,37.643,3
851,STARLINK-31108,satellite,0,76,42.996,150.9554,86.5595,324.7592,51.3187,6862.2782,484.8051,-5647.2102921581745,-1342.0800114431388,3650.259187026077,2156.6887025432998,5388.956919599054,3650.259187026077,32.3258,68.1885,5
852,STARLINK-31042,satellite,0,76,43.0188,151.0221,51.6494,325.0897,16.7391,6869.3191,484.5854,-6448.50355998124,1919.4813952081859,1348.3213206320916,5284.173775286358,4164.746631215036,1348.3213206320916,11.4011,38.2436,4
853,STARLINK-31159,satellite,0,76,43.0054,150.6744,104.5437,38.8132,143.3569,6864.404,483.2684,3331.421798305526,-5304.551896377323,2791.673332820465,-6255.042863699221,333.28785287034214,2791.673332820465,24.1546,176.95,4
854,STARLINK-31148,satellite,0,76,42.9831,150.8096,71.4543,29.4491,100.9035,6858.9215,487.2891,-1269.7989211824424,-4931.899481004908,4589.794272674205,-3299.471243225252,3879.3699625199692,4589.794272674205,42.2043,130.3817,7
855,STARLINK-31151,satellite,0,76,42.9943,150.9488,96.886,321.4851,58.3711,6861.0461,485.4829,-5216.6967337195965,-1986.795938110528,3981.052806929185,1381.69359789772,5408.53082757431,3981.052806929185,35.6644,75.6694,4
856,STARLINK-31156,satellite,0,76,43.0045,150.7049,101.3587,37.3059,138.6645,6866.2357,485.7754,2870.685665179688,-5409.640072619246,3090.061555511228,-6075.483779667586,770.4146588378132,3090.061555511228,26.9183,172.7731,4
857,STARLINK-31167,satellite,0,86,43.0252,5.6214,19.0246,327.6302,346.6548,6867.0775,484.0763,6757.704123179271,-498.2832404475646,-1080.6516762447159,-4300.709840823042,-5236.291251371803,-1080.6516762447159,-9.1171,-129.3972,4
858,STARLINK-31176,satellite,0,76,43.0144,151.1058,8.2757,322.7074,330.9831,6868.0318,489.6801,-4079.7348535291917,5032.816692453237,-2271.8148157194787,6464.080802357276,434.9019608290018,-2271.8148157194787,-19.4355,3.849,2
859,STARLINK-31181,satellite,0,67,42.9899,358.8269,103.4501,188.322,291.7721,6859.8338,493.9794,2449.805832573454,-4713.498748268711,-4346.177945194196,-5264.0068340548005,713.3380112302842,-4346.177945194196,-39.4639,172.2827,7
860,STARLINK-31183,satellite,0,76,43.0083,151.13,25.1782,293.5392,318.7174,6866.0983,491.6765,-2918.6926504275575,5391.628651000001,-3089.693607121508,6088.421380627353,-720.7991328127757,-3089.693607121508,-26.8897,-6.7517,4
861,STARLINK-31165,satellite,0,76,42.9909,151.1803,106.9253,191.1703,298.0956,6860.5831,493.0713,-697.0448535708274,5438.369958176111,-4128.580642885689,4846.626316405943,-2563.5820016148054,-4128.580642885689,-37.1515,-27.8762,4
862,STARLINK-31160,satellite,0,76,43.0194,151.0301,13.5337,320.9219,334.4556,6868.4064,488.9491,-4370.789583980597,4893.709452305157,-2019.6919726942342,6518.072901107772,752.9405334145804,-2019.6919726942342,-17.2098,6.5894,4
863,STARLINK-31179,satellite,0,76,43.0236,151.038,47.2023,325.3477,12.55,6869.6765,484.6865,-6388.56548811355,2289.759161381018,1017.3987862222459,5552.285268115509,3902.4215962029666,1017.3987862222459,8.5786,35.1015,4
864,STARLINK-31189,satellite,0,30,43.0016,96.2435,116.0386,109.7886,225.8272,6862.9876,490.5815,4099.034557163791,-4362.805248378108,-3357.473267359631,-5927.56972562485,-836.7025062435596,-3357.473267359631,-29.4389,-171.9655,7
865,STARLINK-31185,satellite,0,30,42.9827,96.9504,92.4481,182.0595,274.5076,6858.7094,495.6409,4903.7390280152595,1141.2228259634144,-4665.16183585422,-1892.5085530898352,-4665.560777640966,-4665.16183585422,-42.9958,-112.0791,4
866,STARLINK-31166,satellite,0,30,43.0026,96.3989,94.8207,39.0782,133.8989,6862.95,484.1575,-3061.0442970176837,-5127.736380433749,3369.912309880579,-2427.514400572634,5456.266709989604,3369.912309880579,29.5891,113.9845,6
867,STARLINK-31187,satellite,0,30,42.9834,96.9266,98.9575,182.4941,281.4515,6859.044,495.5524,4721.217961876936,1946.3707052827126,-4586.702809075954,-1129.2656579559714,-4980.262748057918,-4586.702809075954,-42.107,-102.7757,4
868,STARLINK-31162,satellite,0,30,43.0059,96.3941,103.2526,37.586,140.8385,6864.067,483.3225,-2555.0094901627854,-5636.686911580861,2953.7570449270793,-3135.0537716284216,5335.892679112586,2953.7570449270793,25.6535,120.436,6
869,STARLINK-31184,satellite,0,30,43.0227,96.3351,135.6853,33.5754,169.2607,6867.2758,482.3931,-185.13446806467027,-6801.9942516329775,872.1864245302144,-5452.911737665235,4070.2769133986903,872.1864245302144,7.3495,143.2608,5
870,STARLINK-31192,satellite,0,30,42.9879,96.8721,102.7521,192.9822,295.7343,6860.3356,493.5517,4133.6596327439665,3499.914946645114,-4215.736415761743,479.0369104912306,-5395.0968695208685,-4215.736415761743,-38.0683,-84.9259,10
871,STARLINK-31161,satellite,0,30,43.0174,96.3564,119.9257,35.2759,155.2016,6865.9933,482.4767,-1401.0805980852354,-6420.985289307042,1962.6049765143046,-4440.930501806042,4844.606816446207,1962.6049765143046,16.7254,132.5107,6
872,STARLINK-31195,satellite,0,30,42.9851,97.0207,77.6333,175.5353,253.1686,6859.4743,495.0187,5013.033877317766,-1385.1776602003645,-4479.464828068773,-4020.419662732271,-3299.31076756487,-4479.464828068773,-40.9146,-140.6264,4
873,STARLINK-31193,satellite,0,30,42.9872,96.4808,79.0906,26.4703,105.561,6859.3112,486.6887,-4592.621660444177,-2372.634047129334,4503.037722710044,706.770850081313,5120.746137337184,4503.037722710044,41.2367,82.1416,4
874,STARLINK-31168,satellite,0,30,42.9855,96.5491,96.7415,347.5565,84.298,6858.7268,487.0474,-5035.1562581232365,107.52068022606595,4650.91553982359,2988.8787661012243,4053.5124228183995,4650.91553982359,42.9,53.5966,4
875,STARLINK-31191,satellite,0,30,43.0222,96.3051,156.0219,34.4409,190.4628,6867.3352,484.0086,1646.5413386663224,-6606.860883087877,-850.1808793106935,-6348.737536256485,2460.739889574218,-850.1808793106935,-7.1614,158.8139,5
876,STARLINK-31170,satellite,0,30,43.0001,96.6556,88.8663,319.9594,48.8256,6862.5916,484.696,-4272.640157510043,4046.5059587548403,3520.1184037745047,5769.066641709053,1160.8335252419704,3520.1184037745047,31.0449,11.377,11
877,STARLINK-31141,satellite,0,30,43.0213,96.7525,19.1636,333.256,352.4195,6867.1045,483.0332,-142.54715034860268,6831.663200082245,-617.5169877193198,5665.954750249021,-3819.5416659019497,-617.5169877193198,-5.196,-33.9848,8
878,STARLINK-31188,satellite,0,30,43.0141,96.7005,62.4561,325.1854,27.6415,6865.672,482.6603,-3019.6541569994147,5762.8872301021565,2170.680014222971,6450.036572156058,-852.1787797215261,2170.680014222971,18.5583,-7.5263,5
879,STARLINK-31138,satellite,0,30,43.02,96.719,46.7385,326.7555,13.494,6867.1108,482.2815,-1942.7132839168648,6487.763422276719,1092.091332838744,6422.032805248288,-2150.0473890715916,1092.091332838744,9.2168,-18.5102,4
880,STARLINK-31163,satellite,0,30,42.9952,96.2185,84.7196,148.1815,232.9011,6861.8996,491.7896,4428.899537410281,-3681.9850333357745,-3733.1706625155066,-5561.155842792153,-1498.5695146907046,-3733.1706625155066,-33.1135,-164.9187,4
881,STARLINK-31174,satellite,0,30,42.9896,96.1975,76.2533,163.7166,239.9698,6860.8778,493.1415,4692.174261797417,-2945.7009231646566,-4051.9318888144817,-5111.042947149668,-2137.964738764153,-4051.9318888144817,-36.351,-157.3003,4
882,STARLINK-31169,satellite,0,30,43.0088,96.6829,72.5778,322.1398,34.7176,6864.6685,483.2892,-3492.8460976600345,5266.524694178908,2664.294154058454,6316.965869522096,-179.43918086114584,2664.294154058454,22.9885,-1.6271,6
883,STARLINK-31238,satellite,0,83,43.0058,180.0526,70.9733,324.9076,35.8808,6864.5219,482.9634,-5553.641774387459,-2944.3466039375917,2741.445054920432,793.1746028426232,6235.622497533486,2741.445054920432,23.6947,82.7509,2
884,STARLINK-31158,satellite,0,83,43.0251,180.1137,32.0168,328.7162,0.733,6867.5042,482.48,-6859.913197250255,-77.77125760808669,59.88582009574865,3888.762115294665,5651.724219472064,59.88582009574865,0.5033,55.4694,2
885,STARLINK-31237,satellite,0,83,42.9912,180.0065,97.6414,326.4711,64.1125,6860.4352,486.0767,-2992.918159954746,-4512.085916616245,4205.974071641003,-1963.5662765612917,5045.878110761772,4205.974071641003,38.0135,111.2631,3
886,STARLINK-31244,satellite,0,83,43.0156,180.1637,3.1292,329.3287,332.4579,6865.5271,486.0358,-6090.973886618558,2302.6099991928413,-2164.6163109697623,5391.331909815586,3651.782569383925,-2164.6163109697623,-18.4952,34.1115,2
887,STARLINK-31226,satellite,0,83,42.9873,180.4055,85.1876,162.1898,247.3774,6860.0343,494.2941,2607.415365417785,4653.249837738088,-4319.986437506634,2301.0527372575434,-4812.120659396008,-4319.986437506634,-39.1788,-64.4439,13
888,STARLINK-31197,satellite,0,83,43.0206,180.5417,151.3745,32.5444,183.9189,6867.5057,483.2488,6841.748652174612,407.54307879529813,-319.93423657844477,-3608.75925963317,-5826.875027544261,-319.93423657844477,-2.6893,-121.7712,2
889,STARLINK-31213,satellite,0,83,43.0125,180.1742,353.8537,331.3889,325.2426,6864.6879,487.81,-5646.88162943599,2843.6467358361606,-2668.90507041923,5577.682587797703,2977.0884845552773,-2668.90507041923,-23.0144,28.0911,2
890,STARLINK-31199,satellite,0,83,43.0173,180.1413,27.2313,319.319,346.5503,6867.0185,484.242,-6676.504504563889,1150.4623708492554,-1088.8281917538002,4786.982225858734,4794.171172946847,-1088.8281917538002,-9.1864,45.043,2
891,STARLINK-31200,satellite,0,83,43.0173,180.1487,16.2514,323.303,339.5544,6866.392,485.0572,-6434.22425716814,1735.880986252235,-1635.2886771653991,5125.881883211489,4258.856596473655,-1635.2886771653991,-13.8699,39.7216,2
892,STARLINK-31149,satellite,0,83,43.0004,179.7866,91.4682,36.5381,128.0062,6861.9993,484.5388,4207.112401346153,-3966.822881561123,3684.5412622124254,-5666.184356638895,-1153.1840129910547,3684.5412622124254,32.6678,-168.4963,7
893,STARLINK-31242,satellite,0,83,42.996,180.2261,101.944,202.1513,304.0953,6861.4042,492.1436,-3863.819455645696,4141.817356723825,-3875.9579999644097,5611.427548971251,771.7724178353554,-3875.9579999644097,-34.5499,7.8311,2
894,STARLINK-31223,satellite,0,83,42.9901,180.2523,103.6827,193.3115,296.9942,6860.4154,493.4812,-3135.1010825547423,4459.859716410331,-4170.274085100067,5451.527982063908,-7.081572549319932,-4170.274085100067,-37.5875,-0.0744,3
895,STARLINK-31219,satellite,0,83,42.984,179.9653,97.1116,334.1383,71.2499,6859.6332,486.2744,-2206.514894796822,-4747.5915975806465,4425.968136363874,-2609.1406804666567,4538.8014792357435,4425.968136363874,40.3879,119.8925,5
896,STARLINK-31198,satellite,0,83,43.0161,180.0705,56.2236,325.6957,21.9193,6866.2677,482.0843,-6360.701524649161,-1879.8896297676513,1746.7165107053347,2128.1894847997346,6281.983637559872,1746.7165107053347,14.8422,71.2848,3
897,STARLINK-31196,satellite,0,83,43.0187,180.5685,129.569,33.098,162.667,6866.7701,482.4142,6562.663955747087,-1429.145080311928,1394.2647002778237,-4949.17312165624,-4540.561558719055,1394.2647002778237,11.7988,-137.4655,2
898,STARLINK-31203,satellite,0,72,43.0229,176.6321,38.029,327.0658,5.0948,6867.4281,482.3264,-6847.643764468175,-43.19331334627474,415.67465840206006,3909.9552144082536,5621.773831158579,415.67465840206006,3.4954,55.1813,4
899,STARLINK-31201,satellite,0,83,42.9849,179.8228,76.6497,37.2316,113.8813,6860.0937,486.386,2761.4794058091306,-4594.694391744028,4274.380827869597,-5346.472908692698,390.1442026315501,4274.380827869597,38.7417,175.8264,2
900,STARLINK-31214,satellite,0,83,43.0107,180.0265,76.4489,326.6211,43.07,6863.3756,483.1904,-5007.349706567875,-3426.18049044091,3194.0047859554747,84.60473155657154,6066.721180039638,3194.0047859554747,27.9113,89.201,3
901,STARLINK-31215,satellite,0,83,43.0136,180.0718,63.8425,325.1148,28.9573,6865.4235,482.4558,-5997.789648163201,-2435.421429290991,2265.1362543767705,1465.0371908817856,6305.42815605702,2265.1362543767705,19.3975,76.9197,2
902,STARLINK-31177,satellite,0,83,42.9938,180.0019,89.7677,327.2168,56.9845,6861.3683,484.6571,-3735.335420288733,-4204.904293640304,3920.1757357238016,-1284.7503593963847,5475.7070168855025,3920.1757357238016,35.0442,103.2043,2
903,STARLINK-30945,satellite,0,83,42.9964,180.4345,89.206,144.1758,233.3818,6861.7795,491.4598,4063.0692931113585,4059.8793675997836,-3756.5866522315287,977.3915975624665,-5660.022811358726,-3756.5866522315287,-33.3496,-80.2026,9
904,STARLINK-31212,satellite,0,83,42.9811,179.8936,84.9659,7.441,92.4069,6858.8063,486.8952,278.57826248169175,-5011.133568288705,4669.38312574131,-4256.327886404845,2659.4620529290637,4669.38312574131,43.1124,148.0018,5
905,STARLINK-30996,satellite,0,14,43.006,318.3532,100.0996,37.7054,137.805,6863.5268,483.8223,-1558.1086997228083,5893.023010181138,3141.5388660286185,5714.335324971645,-2121.7433191735176,3141.5388660286185,27.4118,-20.3701,6
906,STARLINK-31006,satellite,0,45,42.9885,267.9607,74.4141,169.1156,243.5297,6860.3717,493.5016,-4382.638312608696,3217.3527151276944,-4189.3673950070815,5154.737563495597,1728.4553000215592,-4189.3673950070815,-37.7891,18.537,4
907,STARLINK-31178,satellite,0,14,42.9845,318.5236,98.6424,342.4883,81.1306,6858.829,486.8439,4073.5961493898717,3012.329158982659,4618.026790768955,115.11653682116086,-5065.082500150562,4618.026790768955,42.5273,-88.698,107
908,STARLINK-30863,satellite,0,14,43.0081,318.7587,24.592,296.2129,320.8049,6864.0039,488.9755,1908.6657496610283,-5891.273967501298,-2958.438539390683,-5914.878639945832,1834.2095242365617,-2958.438539390683,-25.6743,162.7713,14
909,STARLINK-31206,satellite,0,50,42.9826,253.3612,99.8056,331.3881,71.1937,6859.5596,486.438,3915.961434714481,-3476.925367134565,4424.488005983217,-5098.022857999187,-1197.4668705700058,4424.488005983217,40.3704,-166.7815,4
910,STARLINK-31224,satellite,0,14,42.995,318.1725,79.7287,156.9114,236.6401,6861.4063,492.3574,-5608.621956250372,-607.3928876122546,-3909.2906766181713,2734.9490143780304,4934.128115159591,-3909.2906766181713,-34.8879,61.0007,4
911,STARLINK-31186,satellite,0,14,42.9905,318.589,95.0231,324.8492,59.8723,6860.8742,485.2789,5449.866558641667,976.8021762018734,4043.3823542843193,-2341.547473040579,-5017.204742676022,4043.3823542843193,36.3106,-115.0186,82
912,STARLINK-31211,satellite,0,14,42.978,318.0765,85.1275,179.9856,265.1131,6858.6879,495.7035,-3778.0951649053054,-3332.1243826793207,-4662.269314606321,-546.7520176219514,5007.805727856585,-4662.269314606321,-42.9623,96.2309,4
913,STARLINK-30862,satellite,0,55,43.0214,307.5067,34.0787,328.8793,2.958,6867.5804,482.4356,4376.834426930854,-5277.505828169513,241.54466452819182,-6835.249714682747,-536.7575850043693,241.54466452819182,2.0303,-175.5099,4
914,STARLINK-31210,satellite,0,3,42.9922,314.948,84.5369,36.378,120.9149,6860.9888,485.2062,556.546593303275,5532.412233348688,4010.91485175757,4201.236592021293,-3642.38113437968,4010.91485175757,35.9744,-40.9246,5
915,STARLINK-31231,satellite,0,3,43.007,314.8962,104.7343,37.3915,142.1258,6864.2381,483.4274,-1639.8387222299707,6007.786854124673,2871.7333188286907,5855.225612792288,-2121.062691864441,2871.7333188286907,24.8923,-19.913,5
916,STARLINK-31207,satellite,0,3,43.0203,314.8549,129.2143,34.0507,163.265,6866.9564,482.5911,-3609.714249428704,5675.564445787338,1347.6453029676775,6718.625905559284,-319.5851716861261,1347.6453029676775,11.3987,-2.7233,5
917,STARLINK-31217,satellite,0,49,42.9769,220.4714,88.7658,176.5307,265.2965,6859.6559,496.8586,-2820.851284705974,4173.438898678082,-4664.20504886864,5036.3688094366,-98.91120644715747,-4664.20504886864,-42.9754,-1.1251,4
918,STARLINK-31208,satellite,0,14,42.9936,318.792,106.7162,192.8787,299.5949,6860.8304,493.031,-325.68780984439184,-5517.241505583297,-4069.809541746789,-4321.84579272554,3444.949248437896,-4069.809541746789,-36.5376,141.4416,15
919,STARLINK-31235,satellite,0,3,43.021,314.8345,144.1667,33.4522,177.619,6867.5426,482.6644,-4685.319758817666,5008.025593202084,194.4679496799797,6792.724698318441,944.1571677368916,194.4679496799797,1.6344,7.9131,5
920,STARLINK-31220,satellite,0,14,43.0217,318.2935,132.0778,34.0395,166.1173,6867.0635,482.364,-4171.168333108119,5329.056252686568,1122.9826065519633,6758.8900088729,338.95671608609655,1122.9826065519633,9.4798,2.871,5
921,STARLINK-31225,satellite,0,3,42.981,314.6256,79.764,175.6053,255.3693,6859.1969,494.9634,-4675.781497540572,-2179.107726429974,-4527.682858039505,912.8610476845901,5077.216540955265,-4527.682858039505,-41.4502,79.8074,4
922,STARLINK-31240,satellite,0,3,43.0039,315.1882,81.4258,321.5801,43.0058,6863.4067,483.7984,5968.173158218842,-1107.654075577697,3190.054706537546,-4343.889097569446,-4239.883949549216,3190.054706537546,27.8711,-135.6942,16
923,STARLINK-31202,satellite,0,3,43.0157,314.3701,64.5781,324.6241,29.2022,6864.2612,481.6859,5934.5555332559725,-2568.2837568675413,2282.435254897262,-5518.358868292887,-3370.8672821429773,2282.435254897262,19.5538,-148.5815,9
924,STARLINK-31234,satellite,0,3,42.9848,315.0837,101.0423,337.3876,78.4299,6858.982,486.781,4442.615680616064,2508.286911670629,4579.031305721552,-509.46993949214726,-5076.295666888187,4579.031305721552,42.0868,-95.7312,118
925,STARLINK-31153,satellite,0,3,43.0196,314.8002,165.6602,33.0825,198.7427,6866.6378,485.0817,-5722.8203007969505,3475.0440732968973,-1504.3271759366075,6137.504051915334,2675.378014279936,-1504.3271759366075,-12.7399,23.5527,4
926,STARLINK-31241,satellite,0,3,42.997,315.1481,98.6983,318.7299,57.4282,6861.0413,485.5497,5597.448835476019,392.6271509901393,3940.4826899399736,-2904.049360943573,-4801.258882279698,3940.4826899399736,35.2469,-121.1677,68
927,STARLINK-31205,satellite,0,3,42.9849,315.0114,82.0428,17.7556,99.7984,6858.756,486.3548,2668.332612714744,4319.499680958158,4605.475880125884,1993.166307148971,-4669.621451244292,4605.475880125884,42.3888,-66.8854,58
928,STARLINK-31265,satellite,0,44,42.9791,242.0385,88.3797,180.4956,268.8753,6858.566,495.2402,-4371.1007490660695,2472.917676904325,-4678.104841828947,4539.629884407297,2147.930191563037,-4678.104841828947,-43.1469,25.3212,4
929,STARLINK-31276,satellite,0,44,42.9828,241.6265,96.5294,349.1752,85.7046,6858.6546,487.0303,4156.16617874889,-2828.300500562315,4660.6406344196,-4706.2660830515715,-1767.5012255655172,4660.6406344196,43.0113,-159.4157,4
930,STARLINK-31259,satellite,0,44,42.9926,241.6994,96.8853,327.4992,64.3845,6860.3197,486.2001,2576.240078278526,-4753.737078034773,4215.785430207201,-5369.740325144243,633.1808497822161,4215.785430207201,38.117,173.2749,4
931,STARLINK-31281,satellite,0,44,43.0037,241.7527,81.5905,321.6061,43.1967,6863.385,484.0969,657.9655679730682,-6028.538058099485,3201.544551027858,-5306.4818524164875,2935.5476757440883,3201.544551027858,27.9788,151.0486,6
932,STARLINK-31274,satellite,0,44,42.9868,242.13,73.6381,166.8826,240.5207,6860.7805,493.0511,-2284.8852231346436,5029.088373363746,-4073.9430464335123,5426.933720836141,-1029.9615233847564,-4073.9430464335123,-36.5805,-10.7462,4
933,STARLINK-31257,satellite,0,44,43.0111,241.8632,16.9279,315.5374,332.4653,6865.6551,486.8543,-4915.513279255983,-4272.347541296065,-2164.1554225715595,-659.9171720659815,6479.176925981639,-2164.1554225715595,-18.4888,95.8156,4
934,STARLINK-31292,satellite,0,44,43.0165,241.7928,59.2536,322.6749,21.9285,6866.3369,482.6873,-1357.0855091925887,-6492.770783470668,1747.5787427401935,-4524.951724109781,4850.0067443692005,1747.5787427401935,14.8483,133.0142,6
935,STARLINK-31286,satellite,0,44,43.0232,241.8234,32.1543,328.5172,0.6715,6867.5935,482.8812,-3187.66565343694,-6075.304833055598,54.86469334613832,-3129.052138550263,6105.700111116192,54.86469334613832,0.461,117.1343,5
936,STARLINK-31252,satellite,0,5,43.011,158.8711,70.139,324.1768,34.3158,6864.8192,482.667,-6302.241612619351,-595.1737125826043,2637.1570943103134,3144.5641583795386,5494.014683800463,2637.1570943103134,22.7436,60.2148,5
937,STARLINK-31261,satellite,0,44,43.0116,242.2079,166.3681,38.8817,205.2497,6865.9415,486.2112,1000.4653810040944,6488.909677285015,-1996.856951934055,4727.261987213118,-4556.300460110227,-1996.856951934055,-17.0164,-43.945,13
938,STARLINK-31290,satellite,0,59,42.9809,227.7614,86.7956,2.4275,89.2231,6858.6046,487.0484,3650.154060752531,-3439.791040781754,4673.147136011313,-4914.526802844231,-1001.6053991449351,4673.147136011313,43.1543,-168.4806,4
939,STARLINK-31279,satellite,0,44,42.9975,242.3472,88.9983,38.3788,127.3771,6861.9101,485.0549,5461.896393535967,1837.4757203244612,3715.9557976395163,-1645.0111399131654,-5522.912962021463,3715.9557976395163,32.9782,-106.5863,93
940,STARLINK-31266,satellite,0,44,43.0132,241.8496,14.574,324.9301,339.5041,6866.4682,485.2481,-4581.585870780753,-4838.57563599963,-1639.0529145860532,-1315.1126753119984,6532.474410807958,-1639.0529145860532,-13.9021,101.3826,3
941,STARLINK-31313,satellite,0,44,43.0063,241.8747,15.4467,309.9463,325.393,6864.7094,488.2172,-5176.711808586636,-3638.1021880376998,-2658.657115533589,8.969276148708369,6327.246812939288,-2658.657115533589,-22.9196,89.9188,4
942,STARLINK-31307,satellite,0,44,43.0198,241.8444,18.424,328.2013,346.6253,6867.0963,484.1352,-4173.1631229483355,-5338.11543776228,-1082.8991775740037,-1958.7212003612524,6486.461141243911,-1082.8991775740037,-9.1361,106.8028,4
943,STARLINK-31316,satellite,0,28,43.009,195.185,11.5847,316.1725,327.7572,6864.9971,487.1252,-6302.803306605271,1063.405204401258,-2497.3253063922725,4500.519127019648,4538.886178109374,-2497.3253063922725,-21.4622,45.2432,4
944,STARLINK-31310,satellite,0,44,42.9832,242.4556,86.6973,5.2875,91.9848,6858.6257,487.2636,4553.807531133172,-2107.2599987156855,4671.1305284273,-4346.027594854514,-2507.937773860331,4671.1305284273,43.1295,-150.0123,4
945,STARLINK-31343,satellite,0,44,43.0188,242.2704,127.8764,34.9631,162.8395,6866.7684,482.3607,4359.50248058322,5112.983533367158,1380.806337028284,1667.3516172589036,-6509.055313570401,1380.806337028284,11.6834,-75.6321,17
946,STARLINK-31295,satellite,0,44,42.9806,241.9855,97.7116,185.2751,282.9867,6859.0732,494.9661,-5044.065940903366,936.4710155683788,-4559.605205966246,3671.5505597835313,3583.19629187884,-4559.605205966246,-41.807,44.3022,4
947,STARLINK-31291,satellite,0,44,42.9854,241.9403,98.9044,198.2149,297.1193,6860.4547,493.3002,-5415.307873802879,-658.8393420686691,-4165.158097251119,2581.521905995996,4805.764590113808,-4165.158097251119,-37.5347,61.7566,4
948,STARLINK-31312,satellite,0,39,42.9935,347.6779,77.1146,165.1264,242.2409,6860.5176,492.7869,-4070.879567571579,-3657.6788361639146,-4141.456857707382,-644.1550870700546,5434.679304797565,-4141.456857707382,-37.2885,96.7595,4
949,STARLINK-31308,satellite,0,57,42.9859,351.5019,76.903,33.5335,110.4365,6859.6847,486.3848,-1673.0682234579401,5001.638576841974,4380.185337767984,5052.000373469794,-1514.2119931368843,4380.185337767984,39.886,-16.6848,14
950,STARLINK-31270,satellite,0,33,43.0212,38.4587,58.5086,324.5402,23.0488,6866.2013,482.2343,3721.065898233765,5462.662433346119,1832.1189439193429,2320.994173370983,-6188.699243529866,1832.1189439193429,15.5852,-69.4421,15
951,STARLINK-31341,satellite,0,77,42.9965,42.036,83.6813,224.2784,307.9598,6862.0106,491.6414,5785.911337408247,-112.74551229572678,-3690.419193388492,-3425.6956011481757,-4664.128128939658,-3690.419193388492,-32.6881,-126.2964,4
952,STARLINK-31338,satellite,0,77,43.0114,41.9884,21.3894,307.8032,329.1926,6865.2274,487.5301,6100.761865117596,2033.023450678802,-2397.6922522570826,-1853.2624855811355,-6157.751037953768,-2397.6922522570826,-20.5656,-106.7499,4
953,STARLINK-31334,satellite,0,77,43.0204,41.9222,46.2574,325.2714,11.5288,6867.2788,482.23,4331.490415835802,5236.637750130869,935.3990044332343,1784.558891859548,-6557.402969930864,935.3990044332343,7.8855,-74.776,9
954,STARLINK-31297,satellite,0,33,43.0234,38.4915,36.5146,325.3506,1.8651,6867.575,482.5873,5265.4350664973845,4395.6086283840405,152.35249051012718,559.057136682475,-6836.200463075153,152.35249051012718,1.2804,-85.3248,4
955,STARLINK-31182,satellite,0,33,43.0184,38.0268,170.0754,37.0755,207.1508,6865.7214,486.4557,-3399.6093702093085,-5565.264552357869,-2136.480677899251,-2590.0621795672473,5985.072373306886,-2136.480677899251,-18.2452,113.4007,7
956,STARLINK-31327,satellite,0,33,43.0219,38.5114,25.2824,322.4311,347.7135,6867.181,484.2598,5911.118008986587,3339.5196196383326,-996.2768628471928,-676.1412387651235,-6755.482250095552,-996.2768628471928,-8.3997,-95.7156,4
957,STARLINK-31256,satellite,0,33,43.0243,38.0581,155.5199,30.2974,185.8173,6867.5875,483.527,-5061.448945528387,-4608.425538083344,-474.52220310249146,-850.5282738341637,6792.087530623988,-474.52220310249146,-3.9903,97.1376,2
958,STARLINK-31272,satellite,0,33,43.0205,38.086,130.7532,34.0179,164.7711,6866.9474,482.0277,-6021.988762432364,-3045.7931531074955,1229.3046823649881,980.0951348644542,6676.871880828117,1229.3046823649881,10.3872,81.6492,4
959,STARLINK-31278,satellite,0,33,43.0126,38.1241,107.7107,35.8257,143.5365,6864.4619,483.2991,-6178.6783562330065,-1060.5599133701064,2780.296040654353,2692.9922543740267,5661.152380700532,2780.296040654353,24.0499,64.5597,4
960,STARLINK-31309,satellite,0,33,42.9924,38.1784,85.9192,36.3151,122.2344,6861.202,485.3376,-5496.860058175392,1074.185439687682,3954.7476626097437,4044.9873795145954,3873.9413983136906,3954.7476626097437,35.3946,43.7626,5
961,STARLINK-31325,satellite,0,33,42.9849,38.223,78.364,29.6726,108.0366,6859.5203,486.3797,-4617.993916519759,2432.9238771299833,4444.430673375943,4649.188253677384,2372.7694761166604,4444.430673375943,40.5902,27.038,11
962,STARLINK-31342,satellite,0,33,42.9824,38.2924,91.2775,355.486,86.7636,6858.6938,486.7211,-2798.8515793814945,4169.458839333936,4666.05271180274,5020.440632225034,-114.59945292226769,4666.05271180274,43.0756,-1.3076,19
963,STARLINK-31298,satellite,0,33,42.9889,38.3582,98.3239,327.0931,65.417,6860.2571,485.854,-593.5961768930154,5345.8906456229215,4250.923750580099,4711.437013069827,-2594.85346176934,4250.923750580099,38.494,-28.8441,5
964,STARLINK-31322,satellite,0,33,42.9829,38.6551,102.5624,181.5776,284.14,6859.1535,495.5,4351.125380326192,-2755.2181921628135,-4538.130621779974,-4758.858050164122,-1968.9564292111197,-4538.130621779974,-41.5628,-157.5229,4
965,STARLINK-31329,satellite,0,33,43.0102,38.5421,21.5432,304.9803,326.5234,6864.8604,487.9496,6202.275273892287,1401.7797345112476,-2582.2883208436283,-2427.6932323483074,-5877.032462632165,-2582.2883208436283,-22.2271,-112.4446,2
966,STARLINK-31340,satellite,0,67,43.0081,358.7734,9.2486,317.8502,327.0988,6864.7072,487.1345,5701.995716217052,-2848.51666807251,-2542.575780062132,-5613.416896433866,-3019.3299095784987,-2542.575780062132,-21.8705,-151.7252,2
967,STARLINK-31344,satellite,0,33,42.997,38.5938,93.3289,211.9865,305.3153,6861.6246,492.2868,5656.432708954265,-726.5447013788861,-3819.4753178986653,-3852.7824545508884,-4204.659980537575,-3819.4753178986653,-33.9772,-132.4994,3
968,STARLINK-31348,satellite,0,57,42.9834,351.5253,78.1991,25.0893,103.2884,6858.8651,486.7103,-839.2344685315911,5059.734646792897,4548.779143976768,4619.072920613172,-2229.213884575917,4548.779143976768,41.7473,-25.7625,9
969,STARLINK-31289,satellite,0,33,43.0046,38.4133,82.3943,321.9221,44.3164,6863.214,483.605,1667.495888477004,5793.181398839463,3267.2871733297693,3774.3033230522287,-4700.651836027018,3267.2871733297693,28.607,-51.2379,4
970,STARLINK-31283,satellite,0,57,43.0094,351.4153,110.7142,35.08,145.7941,6864.9674,483.2471,-5187.529694110007,3634.3500449900293,2629.889330914602,5959.305175994349,2146.0769781531717,2629.889330914602,22.6754,19.8051,5
971,STARLINK-31439,satellite,0,71,43.0191,20.5957,172.9773,27.9163,200.8936,6866.4728,485.6483,-5372.049097010683,-3930.29278055969,-1669.7255012485386,-117.30800483996276,6655.249933219141,-1669.7255012485386,-14.1667,91.0098,4
972,STARLINK-31410,satellite,0,65,43.0124,24.0345,163.8208,47.0564,210.8771,6865.173,487.3364,-4330.60145171905,-4751.022248942277,-2402.556988999868,-1388.155617096204,6276.889781277024,-2402.556988999868,-20.6098,102.4704,4
973,STARLINK-31395,satellite,0,65,42.9881,24.294,89.4278,1.0529,90.4807,6858.618,487.2151,-2115.4840035102457,4546.794954068789,4674.153066765625,4935.133315069364,-890.5481940611674,4674.153066765625,43.1645,-10.229,15
974,STARLINK-31486,satellite,0,71,43.0264,20.6211,155.6531,24.0895,179.7426,6867.6777,482.3389,-6428.795203593051,-2395.052577022448,21.03183659907197,1746.3556392947792,6634.449984553822,21.03183659907197,0.1767,75.2528,4
975,STARLINK-31411,satellite,0,65,43.0175,23.6067,66.15,321.2557,27.4057,6865.7672,483.3007,4655.482488331076,4553.8148172888805,2153.9564534782417,1039.7893970748028,-6428.808956490143,2153.9564534782417,18.4085,-80.8126,33
976,STARLINK-31382,satellite,0,65,42.9981,23.5422,92.5738,323.2489,55.8227,6861.4494,485.2019,1874.0169075960391,5341.8154773211545,3868.436982587957,3286.3948426202883,-4609.397021531387,3868.436982587957,34.5135,-54.512,17
977,STARLINK-31394,satellite,0,17,43.0099,13.3426,23.3857,299.5816,322.9673,6864.3249,488.539,6028.347571697014,-1676.5785369950945,-2819.504713310745,-4843.566110524403,-3961.2822884613274,-2819.504713310745,-24.3907,-140.7222,4
978,STARLINK-31403,satellite,0,88,42.9843,2.4375,80.6875,16.0719,96.7594,6858.655,487.1053,-1017.9563723759085,4941.332189236509,4641.521043326755,4625.267592665868,-2014.9190248445427,4641.521043326755,42.7924,-23.5395,11
979,STARLINK-31514,satellite,0,65,42.9964,23.9849,91.0376,140.9187,231.9562,6862.0349,491.7911,-2257.533489584167,-5331.5912069167125,-3686.2722821624243,-3057.0756169367155,4916.971723184573,-3686.2722821624243,-32.6461,121.8708,10
980,STARLINK-31478,satellite,0,65,42.9851,23.7927,101.8455,186.6984,288.5438,6859.5409,494.0249,3917.509845728408,-3474.8662206377276,-4436.436991106856,-5097.231939242821,-1199.9188307010672,-4436.436991106856,-40.4476,-166.7534,5
981,STARLINK-31498,satellite,0,65,43.015,24.1313,111.2378,35.8768,147.1146,6864.9631,482.9236,-6368.976241462772,130.22405866408909,2540.2610481524957,3775.91352193213,5130.623134148746,2540.2610481524957,21.8638,53.6486,5
982,STARLINK-31563,satellite,0,65,43.0224,23.6602,25.2302,326.8663,352.0965,6867.466,483.5169,6501.816917733277,2095.6368463300637,-643.7259254295561,-2033.152963812965,-6521.626028005394,-643.7259254295561,-5.4168,-107.3152,2
983,STARLINK-31551,satellite,0,71,42.9943,20.1197,88.9626,324.2125,53.1751,6861.8643,484.4841,2477.841623767373,5182.80445277116,3742.5542306479874,2808.535311694056,-5011.3162453697005,3742.5542306479874,33.2474,-60.732,35
984,STARLINK-31536,satellite,0,65,42.9824,23.864,86.4515,180.8814,267.3329,6858.9078,495.7144,1737.192392230749,-4716.336192044153,-4674.567258503561,-4855.754905235866,1297.4239030817012,-4674.567258503561,-43.1027,165.0404,12
985,STARLINK-31548,satellite,0,65,42.9908,24.221,80.6443,31.0693,111.7136,6859.8121,486.0717,-4224.3850398110135,3208.131603276229,4343.012506152537,5056.0233616397,1604.4204919759618,4343.012506152537,39.4841,17.6057,14
986,STARLINK-31542,satellite,0,65,42.9882,23.5011,100.0031,329.9933,69.9964,6859.6671,486.2988,271.5276340439296,5256.611799173706,4392.495440291369,4140.025678563939,-3250.520303596473,4392.495440291369,40.021,-38.1371,5
987,STARLINK-31554,satellite,0,65,43.0186,24.0659,152.0445,37.5624,189.6068,6867.3186,483.8375,-5835.979959882127,-3523.3317999233213,-781.2443662596858,482.6125866086094,6799.971629039614,-781.2443662596858,-6.5782,85.9404,2
988,STARLINK-31558,satellite,0,65,43.0005,23.5582,83.369,325.4441,48.8131,6862.4645,483.9381,2630.4883089499,5263.75430020151,3519.0844037953393,2786.7521280353517,-5182.720391194419,3519.0844037953393,31.0386,-61.7331,35
989,STARLINK-31275,satellite,0,65,43.0227,24.0943,134.11,34.273,168.383,6867.202,482.3162,-6546.371249519618,-1821.248982253534,942.5129869732494,2283.0924471680673,6399.954161521839,942.5129869732494,7.9458,70.3669,4
990,STARLINK-31590,satellite,0,65,42.9996,24.178,89.0869,36.8156,125.9025,6861.6842,484.4657,-5331.286958467541,2058.644083008296,3787.461741382013,4754.235149163899,3171.416756039116,3787.461741382013,33.6985,33.7061,6
991,STARLINK-31567,satellite,0,65,43.0108,23.6952,12.6213,318.3102,330.9315,6865.4467,486.8527,6472.335050116877,177.9649491548382,-2274.404532258063,-3583.566759861791,-5392.665556263691,-2274.404532258063,-19.467,-123.6051,3
992,STARLINK-31503,satellite,0,65,42.9946,23.7416,79.0505,230.6556,309.7061,6862.2868,491.5028,5568.790824609045,-1769.971154071786,-3600.9195682125105,-4655.127219914693,-3531.8578256925052,-3600.9195682125105,-31.8031,-142.8123,2
993,STARLINK-31305,satellite,0,25,43.0185,74.6265,125.7629,35.478,161.2409,6866.6759,482.3149,-3277.0188587566363,-5835.055339030509,1504.9558647591411,-2881.2046849614276,6040.31315194431,1504.9558647591411,12.7506,115.501,5
994,STARLINK-31459,satellite,0,25,42.986,74.8762,101.416,334.8332,76.2492,6859.1367,486.4916,-4277.156780256457,2843.9137215864,4540.065481295719,4788.736015250601,1857.3967683193005,4540.065481295719,41.6513,21.1997,12
995,STARLINK-31438,satellite,0,82,43.0211,63.8355,14.6715,322.4023,337.0738,6866.2419,485.6593,4540.997327903885,4810.813924851516,-1823.812196207913,1315.8068011427483,-6483.304698503839,-1823.812196207913,-15.5048,-78.5275,4
996,STARLINK-31467,satellite,0,25,42.9846,74.8289,89.2766,1.1313,90.4079,6858.6372,486.6518,-4852.444005033436,1265.1927406127452,4673.509425781585,3829.826977371386,3237.1825429349014,4673.509425781585,43.1616,40.2064,7
997,STARLINK-31444,satellite,0,86,43.0106,5.3704,75.9782,322.8881,38.8663,6862.5415,482.1822,5020.582578294128,3631.884116891453,2934.8259389896393,75.90202143822047,-6196.052819912086,2934.8259389896393,25.4821,-89.2982,69
998,STARLINK-31505,satellite,0,25,42.998,74.9513,93.3856,321.6065,54.9921,6861.578,485.0378,-2945.22581869552,4865.039070841353,3829.931792156104,5673.303010631777,-395.718629179886,3829.931792156104,34.1239,-3.99,12
999,STARLINK-31494,satellite,0,25,43.021,74.6243,141.3202,34.0707,175.3909,6867.5534,482.5007,-2201.806229956257,-6486.758651597111,376.1309809821262,-4033.3532386277197,5536.971205523416,376.1309809821262,3.1625,126.0711,5
1000,STARLINK-31303,satellite,0,82,42.9932,64.0366,76.4881,168.7137,245.2019,6860.2224,493.797,2837.143094555071,-4583.484409735568,-4248.86944631001,-5380.903998693169,321.84224414826775,-4248.86944631001,-38.4193,176.5771,9
1001,STARLINK-31408,satellite,0,25,43.0023,75.1201,40.0725,275.8798,315.9524,6863.266,489.7938,4639.34003221911,3871.4084268643837,-3254.37203184838,491.3283285524011,-6022.4476432518095,-3254.37203184838,-28.4556,-85.336,10
1002,STARLINK-31427,satellite,0,25,42.9895,75.1496,103.0917,191.656,294.7477,6860.2229,493.486,5143.451720753425,1608.660326087902,-4250.1027103225715,-1648.5608895860903,-5130.802144087971,-4250.1027103225715,-38.4346,-107.8126,4
1003,STARLINK-31423,satellite,0,25,43.013,75.0854,6.2814,323.965,330.2464,6865.3128,486.7172,3939.6741277610595,5116.076663621121,-2323.181240498322,1911.7632094668977,-6167.692768931289,-2323.181240498322,-19.902,-72.7784,9
1004,STARLINK-31433,satellite,0,25,42.9868,74.7573,76.7926,34.8113,111.6039,6859.8654,486.1058,-5162.263330266407,-1209.5117924482138,4346.000407592142,1985.6412663196788,4916.208928490823,4346.000407592142,39.5162,68.0064,4
1005,STARLINK-31285,satellite,0,25,43.0179,74.5897,161.1377,35.4052,196.5428,6866.9078,484.9595,-370.8104502974896,-6721.350351040233,-1333.0112010341477,-5280.020919055793,4175.5754125403755,-1333.0112010341477,-11.2694,141.6622,6
1006,STARLINK-31284,satellite,0,25,43.0025,74.7009,94.7141,38.2056,132.9197,6862.8111,484.2642,-4774.254967702382,-3535.016924045628,3424.8002900784636,-138.64935691668802,5938.908275579483,3424.8002900784636,30.1191,91.3374,4
1007,STARLINK-31424,satellite,0,0,42.9849,71.3943,100.9994,339.6453,80.6446,6858.882,486.9014,-4334.0462546927965,2634.88375029746,4611.839385229464,4650.66317277892,2024.327386752493,4611.839385229464,42.4567,23.5224,11
1008,STARLINK-31405,satellite,0,25,43.0218,75.0224,47.329,325.1787,12.5077,6867.186,482.4417,681.57386420378,6750.485774072273,1013.6589015612442,5124.788767920376,-4446.3626935412,1013.6589015612442,8.5496,-40.9455,5
1009,STARLINK-31426,satellite,0,25,43.0221,75.0443,23.9766,327.301,351.2776,6867.4053,483.6705,2485.260004516836,6356.155200377529,-709.9433177459314,3763.2937067081575,-5693.403788454504,-709.9433177459314,-5.9757,-56.5356,6
1010,STARLINK-31407,satellite,0,82,42.9861,63.6511,100.2716,328.7679,69.0395,6859.7836,486.0033,-3108.070692129745,4276.079114324154,4364.8832151033175,5285.74229118192,76.71017172460918,4364.8832151033175,39.722,0.8315,18
1011,STARLINK-31393,satellite,0,47,43.0226,60.311,44.3761,325.3632,9.7392,6867.3541,482.2174,2611.7347782594547,6293.843162638818,791.7803628631777,3639.4950284202887,-5760.876343575634,791.7803628631777,6.6689,-57.7169,8
1012,STARLINK-31425,satellite,0,25,43.0151,74.6533,118.4604,35.6958,154.1562,6865.9261,482.6996,-3741.9366014264015,-5374.244892552966,2039.7123323450955,-2236.7019072841786,6154.816185084452,2039.7123323450955,17.4021,109.9715,5
1013,STARLINK-31463,satellite,0,5,43.0076,158.1182,168.0301,50.6805,218.7106,6864.1409,488.6501,6139.1081744633175,916.5809158280175,-2927.519524923984,-2787.874485158736,-5545.8566162517545,-2927.519524923984,-25.3884,-116.6884,4
1014,STARLINK-31487,satellite,0,16,42.9844,162.2375,97.1057,187.0715,284.1772,6859.2581,495.5211,-115.8067219536297,5149.363653965155,-4537.523266802462,4275.529005467035,-2872.1436177595797,-4537.523266802462,-41.5559,-33.8918,4
1015,STARLINK-31386,satellite,0,16,43.0196,162.0368,58.2052,324.9839,23.1891,6866.2561,482.5667,-6606.671738070871,66.07253120496911,1842.6918691864996,3860.427467449349,5361.8631838724505,1842.6918691864996,15.6766,54.2469,5
1016,STARLINK-31409,satellite,0,80,43.0224,155.1466,36.399,327.3241,3.7231,6867.5933,482.5153,-6348.97351654501,2581.8828586183377,303.95360955235526,5768.240289020538,3701.7546890005246,303.95360955235526,2.5552,32.6902,4
1017,STARLINK-31489,satellite,0,16,42.9848,161.7908,78.0387,30.3487,108.3874,6859.4647,486.2356,567.0667721374779,-5196.34702062856,4435.412320355818,-4573.923389723724,2530.377819179574,4435.412320355818,40.4919,151.0478,7
1018,STARLINK-31502,satellite,0,80,43.008,154.7613,105.603,39.7439,145.347,6864.7592,483.3188,3887.1856018317512,-4984.9578277108185,2659.9351882427777,-6314.026648865629,-305.0965823441998,2659.9351882427777,22.9487,-177.2336,3
1019,STARLINK-31447,satellite,0,16,43.017,162.0543,42.5231,326.492,9.0151,6867.4425,482.3946,-6688.072549067436,1339.9228072790143,733.3606006777325,4948.501695510602,4694.468928492823,733.3606006777325,6.1747,43.491,4
1020,STARLINK-31504,satellite,0,16,43.0123,162.1211,6.6227,320.0364,326.659,6864.9263,486.9564,-4609.183709593099,4384.557048735807,-2572.773914031427,6239.270075355928,1241.1381507170236,-2572.773914031427,-22.1443,11.2506,4
1021,STARLINK-31474,satellite,0,80,43.0162,155.1859,11.456,323.9987,335.4547,6866.0953,485.9724,-4791.183781148594,4511.619464376416,-1944.780525500403,6447.982969668178,1316.6882087079725,-1944.780525500403,-16.5605,11.5412,4
1022,STARLINK-31500,satellite,0,16,43.0201,162.0844,25.1826,322.6647,347.8472,6867.2439,484.1378,-6057.904863760459,3068.4225659147855,-985.5487385888536,5998.212393289852,3183.532074029053,-985.5487385888536,-8.3088,27.957,4
1023,STARLINK-31480,satellite,0,16,42.9863,161.9295,95.141,330.6856,65.8266,6860.1044,486.3998,-4088.444857397536,-3479.0759285006848,4264.8173099113255,-488.0546619973114,5346.134427336816,4264.8173099113255,38.6391,95.2161,4
1024,STARLINK-31282,satellite,0,16,42.9936,162.168,89.6951,215.7038,305.3989,6861.7245,492.4596,-2531.836018165099,5113.387146206577,-3815.382136835356,5638.115217246783,-876.6861051248683,-3815.382136835356,-33.935,-8.8383,4
1025,STARLINK-31485,satellite,0,16,42.9817,162.3054,84.9193,178.0683,262.9875,6858.8607,496.1322,2313.338754130974,4493.75155325929,-4644.930850958203,2340.1193676896196,-4479.863899578698,-4644.930850958203,-42.7615,-62.4191,13
1026,STARLINK-31455,satellite,0,5,42.9834,158.8619,81.837,178.4281,260.2651,6858.964,496.0209,2867.4495248847043,4197.811331618151,-4612.717910816658,1778.9840391107814,-4762.258134773078,-4612.717910816658,-42.397,-69.5164,13
1027,STARLINK-31475,satellite,0,5,42.9844,158.8169,91.5478,182.945,274.4929,6858.7206,495.218,1307.3960597449784,4861.519000417057,-4665.116207717667,3220.284570782917,-3869.5501975850166,-4665.116207717667,-42.9986,-50.2324,7
1028,STARLINK-31445,satellite,0,13,42.9922,169.092,96.2997,207.3782,303.6779,6861.4579,492.0857,-2946.559538794736,4822.326724587838,-3894.6182658555936,5639.160704455928,-370.01986927249305,-3894.6182658555936,-34.74,-3.7541,4
1029,STARLINK-31495,satellite,0,80,43.018,154.7235,124.7949,41.7835,166.5783,6867.1894,482.7437,5536.964626279427,-3902.064483009379,1086.3737976564487,-6379.446639982667,-2277.4426600568413,1086.3737976564487,9.1676,-160.3536,9
1030,STARLINK-31477,satellite,0,80,42.9846,154.5363,78.9877,179.5788,258.5665,6858.9848,494.8492,3344.188192251939,3858.1968852590253,-4586.626882396271,1226.7296112287174,-4956.2498253774875,-4586.626882396271,-42.1114,-76.098,12
1031,STARLINK-31446,satellite,0,16,42.9982,161.7273,91.705,37.8972,129.6022,6862.2369,484.4869,2938.9537699770035,-5039.455353327819,3602.8843239719085,-5812.247673466742,501.33472104662746,3602.8843239719085,31.859,175.0702,4
1032,STARLINK-31479,satellite,0,75,42.9935,166.0825,85.2522,31.9198,117.1719,6860.5622,486.0054,1965.9885482127534,-5083.538396997145,4159.408905707996,-5287.706369051473,1321.981452267948,4159.408905707996,37.5209,165.9632,4
1033,STARLINK-31349,satellite,0,16,42.9975,161.9845,77.6979,326.7104,44.4083,6863.2781,484.0196,-5743.880746187361,-1822.4473004902884,3272.4092218234377,1819.7593812377527,5744.732890560135,3272.4092218234377,28.6541,72.4234,5
1034,STARLINK-31464,satellite,0,16,42.9809,161.8581,91.6396,355.4217,87.0613,6858.6389,487.2734,-1893.5768739559837,-4650.3101136808855,4667.600207389519,-2709.92687904212,4226.974549394481,4667.600207389519,43.089,122.6641,7
1035,STARLINK-31402,satellite,0,0,42.9994,70.8214,98.5949,130.8601,229.455,6862.4401,491.188,2137.0723299070933,-5467.108556904566,-3556.9840819802935,-5699.7852080331295,1403.1402989439048,-3556.9840819802935,-31.373,166.1702,15
1036,STARLINK-31578,satellite,0,60,43.0194,117.9634,41.0629,326.7628,7.8257,6867.4373,482.3475,-3790.088866739483,5682.675580863229,637.2821296982714,6828.360705674878,-176.2539313521773,637.2821296982714,5.3633,-1.4786,3
1037,STARLINK-31565,satellite,0,11,42.9919,126.0839,78.9944,159.0389,238.0333,6861.1389,492.4281,5581.997956480646,-428.1773074244267,-3970.396009160728,-3566.0278631407855,-4315.724999585922,-3970.396009160728,-35.5131,-129.5665,4
1038,STARLINK-31570,satellite,0,60,43.0149,118.8094,56.1864,324.9482,21.1346,6866.4458,482.2744,-4667.531003380968,4734.4629834554335,1687.1375750822522,6558.880676763979,1087.2302779100494,1687.1375750822522,14.3247,9.412,5
1039,STARLINK-31611,satellite,0,60,43.0178,118.8227,48.1159,325.9325,14.0484,6867.091,482.0928,-4274.743464907674,5243.164864835146,1135.9848702638674,6748.361751297665,473.09952888934765,1135.9848702638674,9.5909,4.0102,5
1040,STARLINK-31632,satellite,0,95,43.0214,129.6501,151.7238,32.4054,184.1293,6867.5299,483.3082,4644.993412056915,-5038.762201758224,-337.0901502955238,-6794.61315418,-893.4877777360172,-337.0901502955238,-2.8336,-172.5086,4
1041,STARLINK-31599,satellite,0,60,42.9825,118.1787,92.6127,183.3125,275.9252,6858.7432,495.3741,4067.841373076851,2983.0099526095314,-4654.465467164979,94.46823239214984,-5043.486647841152,-4654.465467164979,-42.8759,-88.9269,9
1042,STARLINK-31614,satellite,0,60,43.0098,118.4789,102.58,38.9799,141.5599,6864.178,483.6153,-179.07356126530203,-6208.113076745589,2908.2553444414784,-4970.997851631194,3723.1593671345677,2908.2553444414784,25.2297,143.1677,7
1043,STARLINK-31493,satellite,0,60,42.9957,118.3159,87.9227,145.6507,233.5734,6861.7738,491.6101,5488.8488627768165,-1671.872005276146,-3765.9137293668355,-4528.887927316259,-3523.037323424416,-3765.9137293668355,-33.4422,-142.1205,4
1044,STARLINK-31634,satellite,0,60,42.9821,118.6186,88.0905,3.9311,92.0216,6858.6342,487.1469,-4283.850161963099,-2612.922348856529,4670.850491565549,332.4741767899803,5006.8149888999305,4670.850491565549,43.1272,86.2009,4
1045,STARLINK-31633,satellite,0,60,42.9866,118.5701,79.143,26.9256,106.0686,6859.476,486.4626,-3324.663169910917,-3970.9893123459233,4491.582214545186,-1330.1692592917914,5005.2763214195065,4491.582214545186,41.1111,104.8826,4
1046,STARLINK-31594,satellite,0,95,43.0164,129.6762,128.8719,34.0505,162.9224,6866.8336,482.5891,3052.9024038260004,-5987.38496024877,1374.3155591134098,-6652.684616184992,954.3474980714727,1374.3155591134098,11.6273,171.8364,2
1047,STARLINK-31572,satellite,0,95,43.008,129.7021,111.7568,37.0096,148.7664,6865.1912,482.8087,1745.280198851869,-6172.98743963353,2425.6857034267236,-6051.001440707558,2130.0606721248096,2425.6857034267236,20.8317,160.607,3
1048,STARLINK-31573,satellite,0,60,43.0205,117.9707,33.9934,326.7678,0.7612,6867.5997,482.749,-3276.461222953082,6027.658538507901,62.188764940683406,6814.405085868203,-794.8263508817316,62.188764940683406,0.5226,-6.6529,5
1049,STARLINK-31588,satellite,0,60,43.0065,118.0319,24.1433,301.2727,325.416,6864.7126,488.2318,-140.90523958206023,6326.344572096975,-2657.1320094535927,5251.989061821864,-3529.745150282953,-2657.1320094535927,-22.9057,-33.9042,11
1050,STARLINK-31596,satellite,0,60,42.9945,118.0859,107.4248,196.7651,304.1899,6861.4429,492.2394,1847.7579927462618,5357.710105503758,-3871.5713755726492,3314.515271071637,-4597.092090899169,-3871.5713755726492,-34.5048,-54.2083,16
1051,STARLINK-31612,satellite,0,60,43.0225,118.415,143.5204,33.4325,176.9529,6867.5853,482.6467,3025.60581878068,-6152.54079101433,248.8295264566815,-6771.947041043144,1071.8124971475913,248.8295264566815,2.0915,171.0063,4
1052,STARLINK-31550,satellite,0,60,43.0083,118.7803,71.5179,323.8473,35.3652,6864.5786,483.1244,-5236.518242886029,3504.2228157897853,2707.4535042489542,5881.1709973421075,2261.0901244315564,2707.4535042489542,23.383,21.0299,5
1053,STARLINK-31473,satellite,0,60,42.9893,118.2925,74.4404,166.1241,240.5645,6860.8117,493.0793,5448.927016725349,-897.6937039247522,-4075.91350729524,-3873.1161786780276,-3936.448994478153,-4075.91350729524,-36.6008,-134.5354,4
1054,STARLINK-31562,satellite,0,81,42.9833,133.4004,99.1882,334.2901,73.4783,6859.3828,486.1792,-4832.702731855173,-1887.013075819192,4480.773247833744,1242.013098305485,5037.185474690273,4480.773247833744,40.9932,76.1489,4
1055,STARLINK-31600,satellite,0,11,43.0041,126.1318,159.2546,57.5665,216.8211,6864.3835,488.5178,5668.914468949607,-2663.6247233667314,-2805.390317493081,-5443.236663567844,-3098.816313947554,-2805.390317493081,-24.261,-150.3473,3
1056,STARLINK-31628,satellite,0,60,42.9986,118.5053,89.9066,37.5089,127.4155,6861.9517,484.8627,-1511.9361133208577,-5561.875046973236,3714.027596110017,-3674.871726819719,4440.239029638874,3714.027596110017,32.96,129.6122,7
1057,STARLINK-31605,satellite,0,83,42.9821,180.5315,96.7344,341.0578,77.7922,6859.0919,486.6744,-1404.0696078344276,-4914.930444706728,4568.049307477641,-3208.241842134721,3979.338766971896,4568.049307477641,41.964,128.8766,4
1058,STARLINK-31532,satellite,0,1,43.0037,191.158,38.8903,279.7029,318.5932,6863.6138,489.5232,-5692.797367135215,2260.7929144538534,-3096.0716810449667,5127.744152505936,3350.4277893647486,-3096.0716810449667,-26.9588,33.1603,4
1059,STARLINK-31593,satellite,0,1,42.9923,190.7701,83.6522,37.7886,121.4407,6860.9757,485.1195,4312.723276437946,-3534.87681786084,3988.7030063554025,-5373.982895938322,-1488.3695813681468,3988.7030063554025,35.7454,-164.5195,9
1060,STARLINK-31555,satellite,0,1,42.9785,191.2769,90.6669,185.4968,276.1636,6858.7109,495.4967,-1699.0319956662247,4752.079338496092,-4652.159229801825,4862.983339069458,-1349.2074731455723,-4652.159229801825,-42.8486,-15.5064,4
1061,STARLINK-31561,satellite,0,1,43.0039,190.7346,99.0884,36.4671,135.5554,6863.1664,483.7636,5463.758299633174,-2538.037181861912,3274.788825843882,-5222.387901528725,-3003.489986547375,3274.788825843882,28.678,-150.096,9
1062,STARLINK-31413,satellite,0,1,42.995,190.9768,93.5609,324.0333,57.5943,6861.1289,485.689,-2801.1409497285945,-4856.333662623993,3947.6810541837426,-2355.427619167291,5087.467738850566,3947.6810541837426,35.3199,114.8435,5
1063,STARLINK-31422,satellite,0,1,43.0144,191.5565,123.3209,32.7386,156.0595,6866.0285,481.9137,6548.946449098295,-737.9072202667251,1898.555474949779,-4376.289924695285,-4927.605214897949,1898.555474949779,16.166,-131.6088,4
1064,STARLINK-31416,satellite,0,1,42.9887,191.2121,99.2297,197.844,297.0737,6860.6232,493.4162,-3933.524727300957,3777.787818151289,-4167.176981408726,5354.050370964158,1038.480719339025,-4167.176981408726,-37.5552,10.9769,4
1065,STARLINK-31552,satellite,0,1,43.0228,191.5351,144.553,32.6421,177.1951,6867.5379,482.1924,6762.770100551642,1129.7187557680115,229.0556842361166,-2972.989142420628,-6178.402662428077,229.0556842361166,1.9254,-115.6964,4
1066,STARLINK-31557,satellite,0,38,43.0137,187.1177,169.2465,41.4816,210.7281,6865.2043,487.2933,5536.122117075756,3275.254741860595,-2392.1495559666787,-512.614535324818,-6411.95508853808,-2392.1495559666787,-20.5167,-94.5709,4
1067,STARLINK-31559,satellite,0,1,43.016,191.0637,45.8438,329.2224,15.0662,6866.9524,481.7778,-6250.193097130228,-2550.4457389293934,1216.337591974303,1516.4444805437067,6577.999951053966,1216.337591974303,10.2768,77.0182,4
1068,STARLINK-31501,satellite,0,1,43.0063,191.4553,150.115,69.4949,219.6099,6863.9088,489.1804,4546.643967331587,4186.235559539351,-2984.5898624212346,802.0574328267011,-6128.070120361866,-2984.5898624212346,-25.9169,-82.5434,10
1069,STARLINK-31549,satellite,0,1,42.9833,190.9085,105.6523,333.2868,78.9391,6858.8562,487.291,-360.0546705949307,-5082.1982420860295,4587.376040966415,-3946.4649012078366,3222.3893497239233,4587.376040966415,42.177,140.7675,7
1070,STARLINK-31560,satellite,0,1,42.9826,191.3499,76.9009,177.9385,254.8394,6859.2904,494.7529,806.1269625745188,5104.872185820034,-4516.583191584449,3707.9934968660395,-3600.0479080906402,-4516.583191584449,-41.3282,-44.1538,7
1071,STARLINK-31571,satellite,0,1,42.9897,191.3927,72.9836,167.9015,240.8851,6860.6728,493.1605,2407.386388015629,4959.4999019470115,-4088.770254196371,2666.611103388167,-4825.073442125238,-4088.770254196371,-36.7344,-61.0725,15
1072,STARLINK-31553,satellite,0,97,42.9925,184.2733,99.832,199.2243,299.0563,6860.7519,493.0357,-3651.147892259064,4127.870020723292,-4091.229192064053,5477.497379448835,605.9820931884603,-4091.229192064053,-36.7608,6.313,4
1073,STARLINK-31547,satellite,0,83,43.0218,179.8342,39.0702,328.8882,7.9584,6867.3646,482.0768,-6795.933231008304,-674.7280010051027,648.0251395734571,3363.9804908737997,5943.366185309784,648.0251395734571,5.4542,60.4899,2
1074,STARLINK-31537,satellite,0,1,43.0172,191.4893,161.4734,36.9148,198.3882,6866.6559,485.1887,6066.2015654844045,2848.113846920627,-1476.8317182357346,-1167.140483119867,-6599.116381059602,-1476.8317182357346,-12.5031,-100.0298,4
1075,STARLINK-31451,satellite,0,1,42.9863,190.8383,81.4069,18.7547,100.1616,6858.8568,486.8233,2116.05018776009,-4620.634370557462,4600.789681952672,-4995.8118064236105,932.6278884393959,4600.789681952672,42.3321,169.4256,4
1076,STARLINK-31428,satellite,0,1,43.007,191.026,72.3376,324.007,36.3446,6864.4089,483.0871,-4853.2991795584185,-3973.5599309332865,2772.1080417346957,-451.54913754605644,6256.18053027583,2772.1080417346957,23.9755,94.1282,4
1077,STARLINK-31419,satellite,0,1,43.0205,191.0812,33.9363,327.0522,0.9885,6867.5587,482.6774,-6715.26432435298,-1403.3664022629534,80.75173978856398,2721.9542022770693,6297.235705103832,80.75173978856398,0.6786,66.6238,4
1078,STARLINK-31583,satellite,0,83,43.0109,180.2204,172.8038,39.6112,212.415,6864.9838,487.4724,5783.049678912938,2712.258948577811,-2509.416745367935,-1115.0433096583483,-6289.41099074481,-2509.416745367935,-21.57,-100.0534,2
1079,STARLINK-31461,satellite,0,83,43.0092,180.3165,112.5888,36.2593,148.8481,6865.1349,482.7962,5883.532912048803,-2561.8740710143593,2420.035168315586,-5483.723340963068,-3332.8571230513326,2420.035168315586,20.781,-148.7099,7
1080,STARLINK-31534,satellite,0,39,43.0069,347.1612,155.8605,65.5968,221.4574,6863.6745,489.1476,-5753.130138787741,-2096.68848454687,-3099.176376412636,1600.9387162589805,5910.2964580334165,-3099.176376412636,-26.9896,74.8438,4
1081,STARLINK-31544,satellite,0,39,42.9945,347.7823,106.5008,192.0471,298.548,6860.6746,492.986,2272.4970743918275,-5003.947443977696,-4111.31378134983,-5399.247493228066,1025.6020095927943,-4111.31378134983,-36.971,169.2446,11
1082,STARLINK-31545,satellite,0,39,43.0088,347.2629,117.4329,40.3873,157.8202,6866.3743,482.5655,-5777.927933241914,3247.3676523017994,1766.3103370908807,5983.164019729933,2851.595375217603,1766.3103370908807,15.0114,25.4826,4
1083,STARLINK-31507,satellite,0,39,42.9926,347.3318,82.6115,39.8839,122.4953,6861.2406,485.653,-2666.2811842689935,4934.919922050813,3943.573406011108,5569.706274694796,-663.9744003094384,3943.573406011108,35.278,-6.7982,14
1084,STARLINK-31543,satellite,0,39,43.0205,347.6842,18.6897,322.3033,340.993,6866.6175,485.4023,5990.472953980155,-2980.3833341105037,-1524.8494074920084,-5887.403171124252,-3179.1405963321995,-1524.8494074920084,-12.916,-151.6314,4
1085,STARLINK-31366,satellite,0,39,42.9946,347.5395,92.7558,326.0767,58.8325,6860.9885,485.1032,4390.456993738079,3424.0842637857486,4000.426534934837,269.1036826188273,-5561.29920678341,4000.426534934837,35.8666,-87.2297,105
1086,STARLINK-31374,satellite,0,68,43.0225,296.4303,139.6813,32.6485,172.3299,6867.4254,482.5015,-2426.869090699482,6386.385186283992,624.745034398156,6618.117398467898,-1695.9161037848096,624.745034398156,5.2574,-14.373,2
1087,STARLINK-31400,satellite,0,39,43.0175,347.2006,164.3295,35.91,200.2395,6866.5545,485.5561,-6663.318078726998,-266.2077635112398,-1619.6259945046631,3621.476496000799,5599.605555801004,-1619.6259945046631,-13.7335,57.1077,4
1088,STARLINK-31391,satellite,0,39,43.0202,347.2253,144.8402,34.386,179.2262,6867.5489,482.5198,-6675.245107135561,1582.938393325393,63.21352193788983,5139.738783555913,4543.971438533918,63.21352193788983,0.5312,41.4795,4
1089,STARLINK-31387,satellite,0,39,43.008,347.7252,25.48,294.2197,319.6997,6863.835,489.1678,4424.491662927707,-4284.677833661345,-3027.8581547098124,-6051.224259633313,-1147.7262623164684,-3027.8581547098124,-26.3208,-169.2604,4
1090,STARLINK-31396,satellite,0,85,42.9914,336.9687,82.0888,32.5044,114.5932,6860.1288,485.734,-841.7989695771481,5312.48676260494,4250.703250845829,4827.136156997651,-2372.7405315035626,4250.703250845829,38.4925,-26.1761,6
1091,STARLINK-31412,satellite,0,39,42.986,347.4733,97.7773,342.3251,80.1024,6858.8646,486.6548,2221.72912899764,4566.852664858097,4604.394454151218,2452.648942736665,-4447.104310543079,4604.394454151218,42.3742,-61.1226,36
1092,STARLINK-31483,satellite,0,39,43.0196,347.6331,50.2709,326.0564,16.3273,6866.8691,482.1897,6732.107803149809,-32.70545138010501,1315.635680345801,-3905.4248375509037,-5483.612126875953,1315.635680345801,11.1252,-125.4584,4
1093,STARLINK-31568,satellite,0,39,43.0226,347.6542,35.0414,327.121,2.1624,6867.5013,482.5527,6737.713081182182,-1280.974662190445,176.61901803624062,-4928.921031590363,-4769.005254123087,176.61901803624062,1.4844,-135.9447,4
1094,STARLINK-31615,satellite,0,90,43.0085,340.6506,77.1141,322.119,39.2331,6864.0232,483.6965,6062.78646108174,1232.608530763628,2958.5884485353613,-2485.598229153555,-5665.554245262861,2958.5884485353613,25.697,-113.6881,63
1095,STARLINK-31457,satellite,0,90,43.0163,340.6693,60.5365,324.6261,25.1626,6865.9633,482.7016,6563.998758120389,-42.896416604448326,1989.5720691587167,-3816.898614272907,-5340.337514382875,1989.5720691587167,16.9615,-125.5545,5
1096,STARLINK-31398,satellite,0,39,42.9868,347.3976,78.708,22.6703,101.3783,6858.927,486.7532,-247.2355655326003,5092.815655205827,4582.29178859878,4305.032294876745,-2732.1408570646654,4582.29178859878,42.1238,-32.4008,5
1097,STARLINK-31399,satellite,0,39,42.9972,347.2903,99.7079,37.1482,136.8561,6863.354,483.0604,-4125.7280441322255,4445.914201461474,3197.5332198603246,6010.877831168939,810.6372059421633,3197.5332198603246,27.9454,7.6807,9
1098,STARLINK-31401,satellite,0,90,42.9954,340.6095,96.3749,324.2088,60.5838,6860.757,485.6627,4626.689362708455,3002.401981837192,4072.7435114111136,-211.66116741586453,-5511.431000180227,4072.7435114111136,36.6139,-92.1993,121
1099,STARLINK-31414,satellite,0,39,43.0063,347.5935,73.2127,324.2617,37.4744,6864.28,483.3394,5970.938752787913,1810.5725279889543,2845.8498944005205,-1960.284277503947,-5923.476008225543,2845.8498944005205,24.6535,-108.3112,60
1100,STARLINK-31415,satellite,0,39,42.9885,347.922,81.006,174.8862,255.8921,6859.3112,494.8861,-2654.830844237883,-4411.404925823437,-4538.83672406036,-2076.063631057427,4711.536907517203,-4538.83672406036,-41.5753,113.7799,8
1101,STARLINK-31466,satellite,0,39,42.9838,347.8494,95.5008,181.7445,277.2453,6858.8234,495.3406,-202.16534417270896,-5051.617322377159,-4642.227058014302,-4012.4374205020017,3075.72013432313,-4642.227058014302,-42.7368,142.5282,13
1102,STARLINK-31622,satellite,0,34,43.0021,326.0898,120.7462,106.181,226.9272,6862.8897,490.6959,-5935.63247251449,-428.013570745968,-3419.4729895297323,3069.9704084616683,5098.059450092837,-3419.4729895297323,-30.0363,58.9443,4
1103,STARLINK-31319,satellite,0,23,43.0219,322.2799,29.2175,329.4971,358.7146,6867.5672,483.065,5357.061458260908,-4285.6607629379405,-105.01375616137337,-6589.326255527627,-1909.3913011178604,-105.01375616137337,-0.8825,-163.84,4
1104,STARLINK-31625,satellite,0,34,42.9857,325.908,99.4113,184.0613,283.4726,6859.2118,495.1867,-1412.6774006154742,-4940.104330716306,-4551.132725252218,-3223.858228382,4000.878198579078,-4551.132725252218,-41.7105,128.8614,13
1105,STARLINK-31631,satellite,0,23,42.9852,322.112,96.7389,339.7664,76.5053,6859.1519,486.4219,4257.107285172256,2866.035121527582,4544.860790977859,-110.18582658167544,-5130.787350779296,4544.860790977859,41.7055,-91.2303,116
1106,STARLINK-31620,satellite,0,23,43.0054,322.3569,87.9756,228.3728,316.3484,6863.3056,491.1262,1816.5841248786915,-5777.226855703925,-3231.8905087454345,-5768.610110455291,1843.7639270201973,-3231.8905087454345,-28.2357,162.2751,14
1107,STARLINK-31511,satellite,0,34,42.9936,326.0277,74.4149,173.871,248.2859,6859.8041,493.5823,-4711.788797884888,-2448.7533133221727,-4347.984957643612,713.2130974898195,5262.002807196972,-4347.984957643612,-39.4862,82.2812,4
1108,STARLINK-31364,satellite,0,23,43.0091,322.2289,70.845,323.0692,33.9142,6864.9121,482.8915,6212.511084252599,-1274.1665297420723,2610.0300975248,-4620.762143186669,-4343.656470483053,2610.0300975248,22.4962,-136.7705,4
1109,STARLINK-31597,satellite,0,34,42.996,325.8429,93.2177,211.6787,304.8965,6861.5321,491.9152,937.4965640199505,-5611.588269285038,-3838.8317829898747,-5126.741324408711,2466.849428750503,-3838.8317829898747,-34.1749,154.3044,21
1110,STARLINK-31621,satellite,0,34,42.9843,325.9709,89.5096,179.7203,269.2299,6858.7848,495.6845,-2886.1345583625166,-4109.326936780926,-4679.338853921536,-1695.8964003265578,4726.550112046537,-4679.338853921536,-43.1576,109.7381,8
1111,STARLINK-31462,satellite,0,34,43.0191,325.7424,22.1132,324.947,347.0602,6867.2262,484.228,4895.022090495236,-4693.078562811333,-1048.3057463147468,-6656.12395117061,-1297.0125711837086,-1048.3057463147468,-8.8418,-168.9735,5
1112,STARLINK-31592,satellite,0,34,43.0198,326.1364,178.7773,26.937,205.7142,6865.9728,486.1333,-6346.9884414776725,1637.5570546772594,-2031.3844510713582,4995.2565232171555,4244.204006740356,-2031.3844510713582,-17.3199,40.3528,4
1113,STARLINK-31267,satellite,0,23,42.9836,321.6337,87.9888,179.6803,267.6691,6858.5984,495.2669,-3332.717858642157,-3760.2078490586623,-4675.559145129988,-1153.2473671635835,4890.418377149852,-4675.559145129988,-43.1176,103.2689,7
1114,STARLINK-31381,satellite,0,23,42.9864,322.487,92.2811,181.5605,273.8415,6858.6712,495.6626,-2685.879897406629,-4253.834729773474,-4669.45057088623,-1929.3855409545172,4646.130881268376,-4669.45057088623,-43.0446,112.5515,8
1115,STARLINK-31546,satellite,0,23,43.0155,322.2517,54.5105,325.4746,19.9851,6866.4779,482.0634,6146.222178779847,-2590.8920249597522,1599.2380894699909,-5658.789026388142,-3530.8462598581773,1599.2380894699909,13.5644,-148.0376,9
1116,STARLINK-31575,satellite,0,23,43.0217,322.309,345.5757,351.8927,337.4684,6866.348,487.6648,3841.5010852627406,-5398.261403838039,-1794.6371198080376,-6625.517239804866,-29.632368969725245,-1794.6371198080376,-15.2462,-179.7437,5
1117,STARLINK-31610,satellite,0,34,43.0128,325.6899,66.6178,322.9034,29.5213,6865.5383,482.9099,6322.627327595767,-1322.9354237970094,2305.408023856031,-4724.066458099656,-4405.561321631506,2305.408023856031,19.755,-136.9981,4
1118,STARLINK-31581,satellite,0,14,43.0143,318.7539,67.1576,324.3651,31.5227,6865.0639,482.9187,6124.297531455415,-1883.0677386473558,2446.1498756555675,-5067.620464164117,-3920.7380929246488,2446.1498756555675,21.0152,-142.2714,9
1119,STARLINK-31566,satellite,0,34,43.023,325.7226,38.0288,330.2753,8.3041,6867.5566,482.243,6017.2196335078725,-3224.597093725004,676.0126776139489,-6102.420147563272,-3060.2984948116114,676.0126776139489,5.6904,-153.3667,8
1120,STARLINK-31515,satellite,0,34,43.0098,325.7895,11.6353,314.4409,326.0763,6864.7517,487.6975,3134.648885227603,-5517.750571265804,-2612.5421297380344,-6315.929355068813,616.9533062905231,-2612.5421297380344,-22.5023,174.4209,7
1121,STARLINK-31531,satellite,0,46,43.0185,270.6799,135.8197,33.4745,169.2942,6867.244,482.2854,851.6774687766778,6751.253513410861,869.4156599848466,5027.4113548385885,-4585.838372904606,869.4156599848466,7.3261,-42.37,6
1122,STARLINK-31753,satellite,0,46,43.0142,271.1732,63.0545,324.4292,27.4838,6865.6364,482.6936,2438.493069614965,-6035.979023659628,2159.283680427815,-6338.41177564746,1484.5293486330488,2159.283680427815,18.4573,166.8183,4
1123,STARLINK-31733,satellite,0,46,43.0197,270.7674,156.0097,34.349,190.3587,6867.309,483.914,-992.3864872667504,6737.203040189883,-841.7667690089697,6078.381782995616,-3070.506577911937,-841.7667690089697,-7.0902,-26.8007,7
1124,STARLINK-31657,satellite,0,46,42.9819,270.9716,81.8404,16.5093,98.3497,6858.7894,486.8839,4944.348947438237,1079.4773923133046,4624.156363151928,-1966.3732211338,-4663.178562928619,4624.156363151928,42.5966,-112.8642,91
1125,STARLINK-31754,satellite,0,53,43.0136,278.6136,116.5042,35.9514,152.4557,6865.6228,482.8015,1382.1893642271882,6360.1269843339305,2163.6767312451507,4402.072418809933,-4794.102743474345,2163.6767312451507,18.4959,-47.441,3
1126,STARLINK-31638,satellite,0,46,42.9834,270.9442,78.2567,27.2182,105.4749,6859.246,486.4471,4802.417593982477,1908.5096683198778,4504.43015730684,-1206.994229785259,-5024.81729322848,4504.43015730684,41.254,-103.5069,117
1127,STARLINK-31670,satellite,0,6,43.0219,282.4821,31.0152,328.3223,359.3375,6867.5804,482.803,1426.1640416606062,-6710.857323015325,-54.12454241853285,-6306.768487816282,2700.781576633264,-54.12454241853285,-0.4548,156.8177,4
1128,STARLINK-31712,satellite,0,6,43.0179,282.4722,24.444,327.8342,352.2782,6867.4125,483.4726,810.2544751634797,-6784.327888800109,-628.9612698925247,-6011.963978136851,3246.5221919553096,-628.9612698925247,-5.2922,151.6305,5
1129,STARLINK-31684,satellite,0,53,42.9991,278.658,93.846,37.3683,131.2144,6862.4921,484.2956,3049.3106676842904,5034.181476350148,3517.7018328640784,2357.80807007478,-5392.774776455105,3517.7018328640784,31.0232,-66.3843,58
1130,STARLINK-31678,satellite,0,53,42.9799,278.7887,88.9364,359.7834,88.7198,6858.5727,486.8559,4978.375076494816,614.7159554313961,4672.194879898007,-2365.847804003375,-4423.218090533081,4672.194879898007,43.1449,-118.141,73
1131,STARLINK-31744,satellite,0,53,42.987,278.7188,79.098,30.8837,109.9817,6859.6631,486.3275,4303.495269354038,3030.074423355071,4393.023314648852,-2.83547040920551,-5263.213325006949,4393.023314648852,40.0266,-90.0309,115
1132,STARLINK-31719,satellite,0,46,43.0048,271.2949,42.6266,274.1831,316.8096,6863.3746,489.8007,-3321.224551991285,-5080.2450071160965,-3203.892771763868,-2238.7951194880916,5641.561687160218,-3203.892771763868,-27.9757,111.6451,8
1133,STARLINK-31728,satellite,0,46,42.986,271.0619,99.8222,330.1692,69.9914,6859.5933,486.3041,4755.000488735653,-2257.992904508376,4392.179283524743,-4585.14539904176,-2585.537327971236,4392.179283524743,40.0175,-150.5816,4
1134,STARLINK-31720,satellite,0,46,43.002,271.5708,132.4392,92.4401,224.8793,6863.1165,490.0172,-3673.647809266238,4764.301181996635,-3302.8840767388806,6010.64456151306,257.6934893524443,-3302.8840767388806,-28.9178,2.4549,4
1135,STARLINK-31731,satellite,0,46,43.0179,270.7575,163.0289,34.4205,197.4494,6866.7609,484.8094,-1590.8594422569486,6525.81015540789,-1403.803329612699,6250.410085192491,-2459.5539669555606,-1403.803329612699,-11.8764,-21.4798,6
1136,STARLINK-31742,satellite,0,46,43.0082,270.8322,111.7389,36.2109,147.9498,6865.0672,482.8123,2576.587042868117,5850.884296115891,2482.4152969788447,3297.6950815017576,-5476.938468291434,2482.4152969788447,21.342,-58.9476,8
1137,STARLINK-31512,satellite,0,73,42.9854,230.9307,83.4057,178.0692,261.4748,6858.8641,495.1307,-3213.7618886463497,3919.430461038739,-4627.928122145615,5055.131076932501,368.57890724422606,-4627.928122145615,-42.576,4.1702,4
1138,STARLINK-31458,satellite,0,46,42.9905,270.8994,83.095,36.5186,119.6136,6860.8132,485.3773,4306.14110651468,3455.8870585502473,4064.285195630256,343.6760053040038,-5510.707159162864,4064.285195630256,36.5275,-86.4314,108
1139,STARLINK-31357,satellite,0,46,42.9813,271.4156,95.3306,179.0574,274.3881,6858.6884,495.4226,-4992.066796458892,-648.6697411678259,-4665.645074178096,2345.984306298118,4453.971370363422,-4665.645074178096,-43.003,62.2234,4
1140,STARLINK-31508,satellite,0,46,42.9846,271.4858,79.1665,174.0199,253.1864,6859.3786,494.5239,-4856.145511890881,1860.0457752078662,-4479.519837190062,4318.1598072669485,2897.484322206221,-4479.519837190062,-40.9188,33.8616,4
1141,STARLINK-31535,satellite,0,53,42.9857,278.8552,99.2639,328.2087,67.4725,6859.9217,485.8537,4981.393972070704,-1882.125791432567,4317.5220135092495,-4408.368501329125,-2987.134171115723,4317.5220135092495,39.2097,-145.8782,5
1142,STARLINK-31533,satellite,0,46,43.0099,271.5961,171.2304,39.4827,210.7131,6865.1247,486.8841,-2726.2503868746326,5826.187549765365,-2390.782209117988,6332.730662987246,-1128.4612917757247,-2390.782209117988,-20.5058,-10.1038,4
1143,STARLINK-31524,satellite,0,43,43.0199,264.1168,19.235,327.7933,347.0282,6867.119,484.2295,-1805.6006534257333,-6536.103489841692,-1050.8647729124402,-4301.9582127279955,5241.564469270061,-1050.8647729124402,-8.8636,129.3771,4
1144,STARLINK-31635,satellite,0,63,43.0081,249.0038,165.7766,51.8824,217.6589,6864.2713,488.5308,-915.8430514656399,6171.010134133083,-2860.036620465953,5571.506407266716,-2806.8578382734368,-2860.036620465953,-24.7644,-26.7384,7
1145,STARLINK-31650,satellite,0,63,43.0163,249.4607,54.9555,324.5385,19.494,6866.592,482.3122,-701.3976805206047,-6642.288797675499,1561.5799109012437,-5024.933039284147,4400.2280768927985,1561.5799109012437,13.2387,138.792,5
1146,STARLINK-31658,satellite,0,8,43.0029,209.0976,134.6426,90.7886,225.4312,6863.0372,489.9852,2469.576869023451,5466.505985387232,-3334.672349310339,3045.179094325266,-5168.015275110402,-3334.672349310339,-29.2226,-59.4919,17
1147,STARLINK-31669,satellite,0,63,43.015,249.0909,125.1809,35.9368,161.1177,6866.6502,482.1798,3832.443241505252,5483.494277732144,1514.3490299916134,2273.8511002113114,-6291.735203212883,1514.3490299916134,12.8317,-70.13,13
1148,STARLINK-31671,satellite,0,63,43.0091,249.549,14.7361,308.2188,322.9549,6864.3163,488.3129,-4746.675338209712,-4076.033454703639,-2820.175745546608,-596.73652651366,6228.072013725916,-2820.175745546608,-24.3978,95.473,4
1149,STARLINK-31674,satellite,0,63,42.9785,249.2482,68.6038,28.8827,97.4865,6858.7578,487.3748,4966.822852252088,-926.7130631365712,4633.868794480665,-3619.0714625845944,-3525.6840606820306,4633.868794480665,42.7032,-135.7489,32
1150,STARLINK-31679,satellite,0,31,43.0068,238.7411,102.4582,36.5614,139.0196,6863.6847,483.4788,5497.4509323686025,2718.8562993982955,3067.361983270395,-945.1037339842946,-6059.779308076091,3067.361983270395,26.7147,-98.8646,71
1151,STARLINK-31370,satellite,0,63,43.0172,249.5257,12.8106,324.2316,337.0422,6866.2353,485.7372,-4043.6632694908612,-5235.083436014932,-1826.0845049311902,-1949.1196331457418,6321.2533468255515,-1826.0845049311902,-15.5244,107.1368,4
1152,STARLINK-31404,satellite,0,63,42.982,249.6668,102.7292,177.806,280.5352,6858.9145,495.4366,-5065.255162489815,538.6374283361243,-4600.7346819899185,3358.591363231507,3829.7263864617016,-4600.7346819899185,-42.266,48.7499,4
1153,STARLINK-31453,satellite,0,73,42.9989,231.5381,96.6749,37.272,133.9469,6862.8276,484.1849,5787.269779983914,1480.3624800929495,3366.974461241758,-2124.3592554946144,-5583.105079825776,3366.974461241758,29.5607,-110.8317,74
1154,STARLINK-31476,satellite,0,63,43.0259,249.4917,31.0774,327.1228,358.2002,6867.6225,483.2124,-2550.186683091184,-6368.1165768389765,-147.0363254685092,-3735.6628766046783,5753.362819011559,-147.0363254685092,-1.2356,122.9957,5
1155,STARLINK-31538,satellite,0,63,43.0008,249.124,102.0453,37.9086,139.9539,6863.8614,483.6251,4885.736722559933,3755.198783834632,3009.1756861757576,254.38388531625776,-6156.88476968468,3009.1756861757576,26.1691,-87.6341,72
1156,STARLINK-31564,satellite,0,63,43.0196,249.056,149.8446,32.5609,182.4055,6867.541,483.0018,2253.7514676278556,6477.421558278394,-196.46597979901915,3995.793445144682,-5574.048839508243,-196.46597979901915,-1.6511,-54.3649,5
1157,STARLINK-31452,satellite,0,63,42.9939,249.6026,101.0072,200.6927,301.6999,6861.1111,492.4544,-5260.279536639569,-1891.7507986283572,-3982.034982134369,1484.4884394062217,5389.3929120977355,-3982.034982134369,-35.6326,74.6,4
1158,STARLINK-31513,satellite,0,54,42.9996,246.0747,55.1177,258.1092,313.227,6862.7719,490.1932,-5249.294427144746,-2813.3349843138885,-3410.4621653138493,724.9070683208829,5911.383548638655,-3410.4621653138493,-29.9516,83.0088,4
1159,STARLINK-31392,satellite,0,63,43.0054,249.4173,77.2392,323.4084,40.6476,6863.7322,483.659,1229.007866987436,-6019.342330449154,3046.8302522815293,-5627.97088129394,2463.510947319206,3046.8302522815293,26.5213,156.3597,4
1160,STARLINK-31619,satellite,0,63,42.9876,249.1795,82.179,36.4779,118.6569,6860.6516,485.6713,5282.221655512045,1508.9647844213919,4102.156137044624,-1809.9986290553206,-5186.785642515234,4102.156137044624,36.9212,-109.2371,101
1161,STARLINK-31509,satellite,0,63,42.981,249.7532,83.0685,176.2132,259.2817,6858.9136,495.0536,-4187.050082806006,2904.973037078807,-4597.645968128648,4786.7277171948,1748.5692732973737,-4597.645968128648,-42.2341,20.067,4
1162,STARLINK-31734,satellite,0,43,42.9995,263.986,122.7115,104.5973,227.3088,6862.7525,490.3191,-3181.470641350681,5014.407832729228,-3440.292053985921,5931.5009147514465,-288.6836556081829,-3440.292053985921,-30.2397,-2.7864,4
1163,STARLINK-31738,satellite,0,46,42.9978,270.9935,96.3582,37.2791,133.6373,6862.8878,484.2221,3546.9952898501806,4794.266011476964,3384.389846405618,1874.9741375887952,-5661.3279500834215,3384.389846405618,29.7284,-71.6757,59
1164,STARLINK-31721,satellite,0,66,42.9938,274.5647,86.3016,35.8122,122.1138,6861.1399,485.4395,3944.1053654547827,3971.376795265142,3960.139722850174,973.5953313895131,-5511.797611893617,3960.139722850174,35.4494,-79.9827,95
1165,STARLINK-31737,satellite,0,66,43.0025,274.8068,82.1458,322.0003,44.1461,6863.2019,483.9126,3892.823533035389,-4610.510531899385,3257.3618864207865,-6011.22227179108,-525.4419313607983,3257.3618864207865,28.5109,-175.0045,5
1166,STARLINK-31539,satellite,0,66,43.0198,274.9101,15.1325,325.3203,340.4528,6866.6213,485.2912,-1118.97760363194,-6586.758627415958,-1566.456641841514,-4738.957718607223,4709.541361377077,-1566.456641841514,-13.2749,135.1784,5
1167,STARLINK-31397,satellite,0,66,42.9833,275.1255,88.2894,174.4543,262.7437,6858.7614,495.2335,-5038.377194761233,418.48184050447395,-4641.9982868381085,3244.897084035208,3876.985261971199,-4641.9982868381085,-42.735,50.0719,4
1168,STARLINK-31481,satellite,0,66,43.0181,274.4288,168.4037,31.4439,199.8475,6866.5388,485.1304,-2196.7509842433456,6303.689537166513,-1589.4675807529513,6417.944334111839,-1836.357043714106,-1589.4675807529513,-13.4738,-15.9673,4
1169,STARLINK-31540,satellite,0,66,42.9826,274.6307,78.677,22.2215,100.8984,6858.9032,486.683,4803.84029001537,1689.4474802170641,4589.423345392616,-1386.8633197209965,-4899.767795804123,4589.423345392616,42.2048,-105.804,108
1170,STARLINK-31574,satellite,0,66,43.0052,274.9509,24.4083,294.8397,319.248,6863.7629,489.0993,-2815.322557057195,-5462.3440050976305,-3055.6949873880126,-2842.5764921996993,5448.210900497037,-3055.6949873880126,-26.5816,117.5531,8
1171,STARLINK-31556,satellite,0,66,42.9976,274.9916,96.0444,209.0965,305.1409,6861.5937,491.8439,-3745.5108307896444,-4292.6216157189,-3827.4749855946584,-1350.5831361514274,5534.562034311572,-3827.4749855946584,-34.0605,103.7137,8
1172,STARLINK-31582,satellite,0,66,42.9919,275.1937,78.8631,162.6739,241.537,6860.6877,493.0287,-4691.441166951634,2858.114252777655,-4114.440743655365,5039.032039919022,2187.8284680405864,-4114.440743655365,-37.0035,23.4693,4
1173,STARLINK-31519,satellite,0,66,43.0179,274.4771,131.2684,33.283,164.5514,6866.9196,482.2101,815.7626984147071,6695.908046865173,1246.5859910237125,5002.867246779253,-4524.596408885768,1246.5859910237125,10.5345,-42.1262,5
1174,STARLINK-31736,satellite,0,45,43.0134,267.9154,64.7175,319.9299,24.6474,6866.0681,483.0077,1863.4907269087691,-6306.414321417625,1951.410000731083,-6228.164056261139,2110.315561936909,1951.410000731083,16.626,161.2819,5
1175,STARLINK-31675,satellite,0,66,42.982,274.7007,98.4862,341.1249,79.6111,6858.8911,486.7574,5017.587035653923,-827.7835474925378,4597.074942133292,-3567.4596112797262,-3624.1740002032952,4597.074942133292,42.2906,-134.5482,40
1176,STARLINK-31722,satellite,0,66,43.0213,274.4476,154.1629,31.6036,185.7665,6867.4584,483.2015,-1031.871617137152,6766.874771957689,-470.34754888542733,6125.383122280035,-3055.328921556162,-470.34754888542733,-3.9553,-26.5099,7
1177,STARLINK-31741,satellite,0,66,43.0055,274.512,107.2965,36.0057,143.3022,6864.3979,483.3253,2555.145566433203,5717.373224518675,2795.2838621864707,3200.9239339594064,-5382.491191178316,2795.2838621864707,24.1876,-59.2604,8
1178,STARLINK-31699,satellite,0,66,42.9836,274.7467,97.6923,327.5823,65.2746,6860.2464,486.0148,4777.318758643609,-2480.813075702458,4245.766538129797,-4780.125009674672,-2475.4015694725413,4245.766538129797,38.4379,-152.6225,4
1179,STARLINK-31750,satellite,0,66,43.024,274.8767,34.2673,327.5386,1.8059,6867.5263,482.5886,740.4459051147011,-6819.046624367815,147.52209473725893,-6000.121069967294,3323.583028816604,147.52209473725893,1.2398,151.0171,5
1180,STARLINK-31723,satellite,0,66,43.0168,274.8477,56.9633,325.9694,22.9327,6866.2148,482.2534,2480.869254834248,-6129.043360916853,1823.2533162470852,-6438.892427296773,1503.5122511243649,1823.2533162470852,15.5078,166.8567,4
1181,STARLINK-31724,satellite,0,31,43.0191,238.8253,44.2835,327.3496,11.6332,6867.2712,482.2896,-2612.829500955214,-6272.348663167094,943.736758916867,-3621.2958818768884,5749.387088142299,943.736758916867,7.9562,122.2051,5
1182,STARLINK-31730,satellite,0,66,43.0045,275.2462,152.8566,67.4219,220.2784,6863.8957,489.2329,-3709.997048873136,4917.38902077892,-3026.330335417472,6156.712712851566,199.20204752048238,-3026.330335417472,-26.3062,1.8532,4
1183,STARLINK-31718,satellite,0,66,42.9857,275.0523,102.145,181.7334,283.8784,6859.1416,494.583,-4710.206623730668,-2069.095922375504,-4542.9121035872795,1022.6126382594598,5041.970623307838,-4542.9121035872795,-41.623,78.5348,4
1184,STARLINK-31747,satellite,0,42,43.0065,289.775,79.7344,319.8823,39.6166,6863.9331,483.8654,4796.593333251552,-3889.408753659956,2982.7107366667005,-5942.538799387988,-1679.595390386713,2982.7107366667005,25.921,-164.2176,9
1185,STARLINK-31388,satellite,0,41,43.004,300.5964,143.8948,79.8839,223.7787,6863.2745,489.6364,-5511.159475443034,2497.8583412051294,-3238.5983246667492,5216.858035031158,3065.3820803978783,-3238.5983246667492,-28.3062,30.4381,4
1186,STARLINK-31332,satellite,0,41,42.9989,300.131,84.425,323.2144,47.6393,6862.6752,484.2658,5524.162128498666,-2135.752810115627,3455.4315885381197,-4928.3843116430135,-3284.636260624108,3455.4315885381197,30.4163,-146.3176,9
1187,STARLINK-31689,satellite,0,68,42.9831,297.0274,79.5369,176.9094,256.4463,6859.0892,494.7965,-5079.061845966079,-785.2577639961224,-4549.103460139611,2284.4668145484125,4603.771319721644,-4549.103460139611,-41.6907,63.6086,4
1188,STARLINK-31471,satellite,0,41,43.0204,300.2,45.7429,326.5627,12.3056,6867.1623,482.4347,4295.351539605106,-5255.105808087415,997.5122107663392,-6769.99493218627,-483.06368229692816,997.5122107663392,8.4125,-175.9187,4
1189,STARLINK-31470,satellite,0,68,42.9882,296.9109,99.7754,192.0281,291.8035,6859.8439,493.9103,-3002.8398558457725,-4382.977913931529,-4345.048808780417,-1852.3241139928234,4979.602189993508,-4345.048808780417,-39.4521,110.4043,7
1190,STARLINK-31587,satellite,0,41,42.9907,300.5206,77.7548,167.2992,245.054,6860.1602,493.4629,-5391.361830132535,181.94398638179433,-4243.395863839601,3254.935564097863,4301.776432029152,-4243.395863839601,-38.3632,52.8871,4
1191,STARLINK-31606,satellite,0,41,42.9942,299.8943,88.6576,36.937,125.5946,6861.8518,485.6561,1546.5198801526192,5492.8375169459,3802.3890234887613,3598.518857763711,-4428.730038915741,3802.3890234887613,33.8422,-50.9048,6
1192,STARLINK-31666,satellite,0,62,43.0095,293.3255,12.4874,312.0118,324.4992,6864.5663,488.1403,-463.8403579522555,-6284.430388274228,-2718.511628077563,-4869.307495471904,3999.882210424573,-2718.511628077563,-23.4659,140.5987,16
1193,STARLINK-31683,satellite,0,41,43.0234,300.2065,38.6613,326.5775,5.2388,6867.4204,482.2538,3832.88427582385,-5673.637102114292,427.3845154268306,-6845.629656202919,136.06780831880474,427.3845154268306,3.594,178.8613,4
1194,STARLINK-31751,satellite,0,41,43.023,300.6589,148.5022,32.8346,181.3368,6867.58,483.0126,-3598.390316965425,5840.801203043769,-109.21517365864975,6847.157093654029,-424.04162712094865,-109.21517365864975,-0.9178,-3.5438,5
1195,STARLINK-31510,satellite,0,68,42.9855,296.9611,95.7787,181.916,277.6946,6858.767,495.1999,-4018.220855465734,-3074.9999210678516,-4637.520198060948,-198.2445645476233,5055.929434880831,-4637.520198060948,-42.6844,92.2454,4
1196,STARLINK-31663,satellite,0,41,43.0176,300.6181,162.4872,40.1339,202.6211,6866.2071,485.9584,-4887.194512033124,4468.552271800728,-1800.7991811561647,6468.09864068259,1419.9752035377812,-1800.7991811561647,-15.3037,12.382,4
1197,STARLINK-31692,satellite,0,41,42.9852,300.3972,93.9292,179.3349,273.2641,6858.6901,495.5105,-4126.041997116881,-2873.5601319331877,-4672.152221861553,28.522239072077824,5027.997302672949,-4672.152221861553,-43.0767,89.675,4
1198,STARLINK-31685,satellite,0,41,42.9841,299.9486,78.3424,25.9698,104.3122,6859.1985,486.6761,3364.5143835913173,3894.3434768552306,4528.952275864416,1244.5629479324834,-4993.689139479084,4528.952275864416,41.5257,-76.0054,84
1199,STARLINK-31686,satellite,0,41,42.9822,300.0226,96.3217,346.7433,83.065,6858.7457,486.8886,4724.5285651393515,1774.204674022094,4639.491685722339,-1271.8921186681216,-4883.775468488438,4639.491685722339,42.771,-104.5974,110
1200,STARLINK-31668,satellite,0,41,43.0098,299.8406,110.8031,35.9898,146.7929,6864.8957,483.0296,-472.90112032017333,6344.033991843615,2562.04973739147,5457.726320701668,-3268.581675220545,2562.04973739147,22.0606,-30.917,4
1201,STARLINK-31690,satellite,0,41,43.0124,300.1743,62.515,323.7668,26.2818,6865.8824,482.5072,5010.759860566002,-4200.244590663744,2071.6640304942684,-6319.990651321977,-1675.5557790960847,2071.6640304942684,17.684,-165.1513,9
1202,STARLINK-31701,satellite,0,41,42.9957,300.3267,104.5887,196.7719,301.3607,6860.7158,492.2699,-1896.3665711166739,-5247.30603201726,-3996.520613514188,-3196.271287597105,4573.212942973012,-3996.520613514188,-35.783,124.9501,13
1203,STARLINK-31697,satellite,0,41,43.0063,300.1566,69.242,324.2644,33.5064,6864.8339,482.9586,5266.539587878836,-3553.649654503468,2582.249248513756,-5938.8665318779,-2257.150729169,2582.249248513756,22.2438,-159.19,9
1204,STARLINK-31662,satellite,0,41,42.984,300.444,88.7545,177.4738,266.2283,6858.6057,495.1393,-4547.981965010987,-2149.298837481792,-4669.2622613074445,863.5936996973123,4955.585875424709,-4669.2622613074445,-43.0466,80.1145,4
1205,STARLINK-31702,satellite,0,41,43.0219,300.6551,141.8804,32.402,174.2825,6867.4927,482.3929,-3050.6703867400524,6127.109419128557,466.3148521218331,6765.60174480611,-1036.6738509208685,466.3148521218331,3.9218,-8.7115,5
1206,STARLINK-31770,satellite,0,36,43.0218,329.5343,162.6058,31.6727,194.2785,6867.1229,484.3491,-6359.105482573865,2305.1838144351195,-1154.6743593062085,5547.919197388843,3869.4557157407767,-1154.6743593062085,-9.747,34.8943,4
1207,STARLINK-31778,satellite,0,34,43.022,326.0908,154.1237,30.5705,184.6942,6867.5526,482.5575,-5903.686308397298,3473.8959674957578,-383.07242566221595,6240.771315709746,2823.8694385462372,-383.07242566221595,-3.2209,24.3461,4
1208,STARLINK-31776,satellite,0,2,43.0182,332.9786,163.8589,40.1532,204.012,6866.222,486.2166,-6512.113853073801,1029.1518130101604,-1905.2165753122597,4593.11622367886,4729.700164428593,-1905.2165753122597,-16.2138,45.8394,4
1209,STARLINK-31765,satellite,0,34,43.0221,325.6735,23.8054,330.4308,354.2362,6867.5908,483.1769,5353.521753887368,-4265.562835603518,-470.1312987638615,-6570.859918073771,-1918.0775299446955,-470.1312987638615,-3.9535,-163.7271,3
1210,STARLINK-31767,satellite,0,36,42.9975,329.4457,81.7549,155.4527,237.2075,6861.027,492.0611,-5346.026847909896,-1744.1607985649232,-3934.5526646227845,1654.5235795869178,5374.44431308158,-3934.5526646227845,-35.1477,72.889,4
1211,STARLINK-31782,satellite,0,2,43.011,333.06,113.8464,33.7919,147.6383,6865.0105,482.9314,-3948.2475419747802,5017.553376676903,2504.094962932172,6375.849200708932,336.22538620836116,2504.094962932172,21.5371,3.0187,5
1212,STARLINK-31755,satellite,0,2,42.9997,333.1149,90.6478,35.7463,126.3941,6861.7729,485.0423,-1803.2388735422485,5440.032848524997,3764.159812579801,5485.317395865918,-1660.3978121810576,3764.159812579801,33.461,-16.841,8
1213,STARLINK-31585,satellite,0,34,43.0155,325.2666,121.5414,35.6072,157.1487,6866.3113,482.1299,-4084.620676268994,5201.611371756727,1817.057299314814,6604.8592652644165,341.64457824448266,1817.057299314814,15.4541,2.9611,5
1214,STARLINK-31667,satellite,0,34,43.0014,325.3035,98.131,37.7382,135.8692,6863.3426,483.8785,-2058.883727818278,5672.550017271905,3256.3835108758776,5822.653540188347,-1585.4121401258683,3256.3835108758776,28.5017,-15.2314,8
1215,STARLINK-31729,satellite,0,34,43.013,326.0459,171.4397,41.4225,212.8622,6865.0248,487.4686,-6302.34807664277,961.0664540542285,-2540.259331561076,4416.610770939983,4597.47640627857,-2540.259331561076,-21.8485,46.1495,4
1216,STARLINK-31448,satellite,0,34,42.9911,325.7877,102.2393,195.6534,297.8927,6860.5537,493.2855,160.4412031573455,-5474.778992982443,-4136.485156749935,-4567.221723352194,3023.149372990398,-4136.485156749935,-37.2331,146.4985,15
1217,STARLINK-31748,satellite,0,34,43.0045,325.5896,79.8168,323.9891,43.8059,6863.3465,483.799,6044.401816785632,67.18091007518274,3237.472963861076,-3427.5624999200004,-4979.068377375645,3237.472963861076,28.3218,-124.5433,42
1218,STARLINK-31746,satellite,0,2,42.9895,333.149,80.6113,24.5995,105.2108,6859.1558,486.5544,580.870574452671,5129.600517252513,4510.701147282032,3857.986186913376,-3430.1828919822647,4510.701147282032,41.323,-41.6407,6
1219,STARLINK-31762,satellite,0,36,42.9837,329.3808,82.946,175.0115,257.9575,6859.1413,495.3006,-3733.5995768181347,-3496.6739025532083,-4576.757554919171,-706.8818235426522,5066.242421001807,-4576.757554919171,-41.997,97.9431,4
1220,STARLINK-31768,satellite,0,36,42.9826,329.3323,91.9641,180.2041,272.1681,6858.6856,495.6055,-2335.9577820879913,-4448.3588777173045,-4676.221928864464,-2289.9859698318,4472.198533455029,-4676.221928864464,-43.1225,117.1147,8
1221,STARLINK-31769,satellite,0,36,43.0239,329.563,139.4641,33.6881,173.1522,6867.5423,482.5559,-5569.930889088304,3966.298176419916,558.1258226847152,6450.941194353606,2267.379333169387,558.1258226847152,4.6954,19.3656,5
1222,STARLINK-31784,satellite,0,2,43.0233,333.0096,148.7778,34.021,182.7988,6867.717,483.5852,-6218.214051118343,2892.1377646286664,-228.6002925573808,5946.488758059758,3416.126210400578,-228.6002925573808,-1.9211,29.8764,4
1223,STARLINK-31777,satellite,0,2,43.0207,333.0352,129.5019,32.2981,161.8,6866.71,481.9549,-5097.368571557597,4350.624300570993,1461.6369709538176,6492.802241250447,1659.7039540337148,1461.6369709538176,12.3784,14.339,5
1224,STARLINK-31758,satellite,0,34,42.987,325.3885,79.24,28.4056,107.6456,6859.4818,486.2068,1004.1095881359527,5113.365600755778,4454.243135005256,3600.868173296914,-3766.761504331858,4454.243135005256,40.6996,-46.2899,10
1225,STARLINK-31774,satellite,0,34,42.9814,325.9013,91.1256,171.3222,262.4478,6858.8303,495.6861,-3537.8019576868933,-3616.389994084547,-4639.030514090417,-917.5396709245808,4975.182432173483,-4639.030514090417,-42.6978,100.4493,5
1226,STARLINK-31763,satellite,0,36,43.0165,329.5951,117.777,34.1338,151.9108,6865.7005,482.7184,-4023.6353503772966,5098.789498093143,2203.098970502502,6485.681712269073,351.03917987777896,2203.098970502502,18.8455,3.0981,5
1227,STARLINK-31749,satellite,0,0,42.9888,70.8191,101.2969,325.7394,67.0363,6860.0141,486.0957,-3482.3658223918337,4043.362499011094,4304.192654817578,5311.182049776037,516.7177696855464,4304.192654817578,39.0643,5.5567,19
1228,STARLINK-31781,satellite,0,37,42.9844,57.0251,91.4591,176.7429,268.2021,6858.6665,495.5551,4092.9606445128693,-2912.1494745961336,-4677.386440417586,-4738.3838630933915,-1667.5310389608594,-4677.386440417586,-43.1362,-160.612,4
1229,STARLINK-31541,satellite,0,82,43.0215,64.0236,39.5472,325.5889,5.1361,6867.496,482.2345,2589.1123090884594,6339.126372638531,419.0133429122222,3689.5409378035506,-5768.475828641948,419.0133429122222,3.5236,-57.3969,6
1230,STARLINK-31797,satellite,0,0,43.0081,71.0294,19.3006,301.6292,320.9298,6864.057,488.7926,4723.388607591297,4010.571576616962,-2950.452500883413,556.6481940574482,-6171.322961694979,-2950.452500883413,-25.6008,-84.8459,9
1231,STARLINK-31798,satellite,0,0,43.0098,71.4482,107.9088,36.3011,144.2099,6864.5389,483.0247,-4550.114632736886,-4340.6442006816515,2735.678890550152,-926.2629605988459,6219.869144586583,2735.678890550152,23.6417,98.4702,4
1232,STARLINK-31802,satellite,0,0,43.0212,71.3881,149.6073,37.0133,186.6206,6867.502,483.6678,-1627.1998014585024,-6644.052148925141,-539.7523736038474,-4492.974887151779,5157.943855348451,-539.7523736038474,-4.5398,131.0584,4
1233,STARLINK-31791,satellite,0,0,43.0147,70.9223,59.5166,325.0498,24.5664,6866.0597,482.4764,68.41236680645274,6576.888143927151,1945.296695832541,5336.171616602405,-3845.1801502437374,1945.296695832541,16.5737,-35.7761,4
1234,STARLINK-31727,satellite,0,0,42.9966,71.4991,86.3746,36.5874,122.9621,6861.295,485.2562,-5173.787157162997,-2202.5253702182354,3923.0887352320697,1180.645919551123,5497.751064455994,3923.0887352320697,35.0705,77.8798,4
1235,STARLINK-31807,satellite,0,0,43.0215,71.4109,129.5285,35.8501,165.3786,6867.0559,482.4303,-3315.949407568351,-5887.89137921781,1181.4637620923431,-2901.9601897303273,6102.574245696698,1181.4637620923431,9.9782,115.4325,5
1236,STARLINK-31806,satellite,0,0,42.9863,71.1977,85.0548,179.2439,264.2987,6858.776,495.9093,4510.021144096306,-2255.877054275041,-4657.003304766958,-4442.2715596748385,-2386.5237049533916,-4657.003304766958,-42.9007,-151.754,4
1237,STARLINK-31804,satellite,0,0,43.0021,70.8773,84.0949,321.6986,45.7935,6863.0046,484.1667,-1830.1734166876204,5694.941239694031,3352.4546715649817,5709.183814318841,-1785.2480592448758,3352.4546715649817,29.4209,-17.3643,8
1238,STARLINK-31660,satellite,0,92,43.0034,30.7917,136.1946,87.0299,223.2245,6863.4048,489.8574,-2536.4371027112284,-5513.068062319678,-3205.872404911161,-3044.7149624814606,5249.489825975558,-3205.872404911161,-27.9942,120.1138,9
1239,STARLINK-31800,satellite,0,0,43.0179,71.3437,157.8976,42.8504,200.748,6866.4785,485.8124,-368.8149450606601,-6649.028063074809,-1658.6085061113909,-5222.058358585993,4132.276024998645,-1658.6085061113909,-14.0701,141.645,7
1240,STARLINK-31789,satellite,0,0,43.0162,70.9843,13.9062,328.2559,342.1621,6866.668,484.7487,3581.3436580366615,5674.856241908228,-1433.984027145925,2574.930489226201,-6196.753080358899,-1433.984027145925,-12.1356,-67.4357,6
1241,STARLINK-31795,satellite,0,17,43.0044,12.5914,157.5756,67.4148,224.9905,6863.0998,488.9653,-3962.909350365495,-4520.48899843124,-3308.944812583212,-1411.5756136137338,5843.5370787908205,-3308.944812583212,-28.9807,103.5803,8
1242,STARLINK-31796,satellite,0,0,42.9943,71.0604,90.5155,216.277,306.7924,6861.843,491.7639,5136.720351066408,2583.297163942461,-3748.1136337151297,-848.0679786680533,-5686.835755132272,-3748.1136337151297,-33.263,-98.4819,4
1243,STARLINK-31801,satellite,0,0,42.9861,71.5628,79.2588,22.4458,101.7045,6858.9688,486.8321,-5098.370422687639,233.70703973607894,4576.973366460909,3128.437308954288,4032.478140213681,4576.973366460909,42.0632,52.1953,5
1244,STARLINK-31787,satellite,0,0,42.9839,71.1236,99.6913,185.9105,285.6018,6859.3008,494.9449,5173.343993870533,182.0986201454277,-4507.283533237348,-2831.7764943250113,-4333.323190412128,-4507.283533237348,-41.2234,-123.1642,4
1245,STARLINK-31277,satellite,0,0,42.9908,71.2659,76.1589,167.0381,243.197,6860.4671,493.5696,3249.7200796935404,-4370.312696587844,-4177.430258966154,-5444.374717052132,-138.19407600839295,-4177.430258966154,-37.6625,-178.546,9
1246,STARLINK-31799,satellite,0,47,43.0083,60.4915,74.6635,323.1787,37.8422,6864.2025,483.2379,-9.956167776473551,6228.310061776326,2869.6606500522125,5096.414935926982,-3580.2933052700287,2869.6606500522125,24.8738,-35.0885,4
1247,STARLINK-31764,satellite,0,0,43.021,70.9511,35.4124,327.9355,3.3479,6867.5769,482.5404,1958.4394080385966,6569.491693881014,273.35005387600984,4241.190092433933,-5385.723036953389,273.35005387600984,2.2977,-51.78,6
1248,STARLINK-31589,satellite,0,2,43.0037,332.9881,81.712,319.8679,41.5799,6863.7254,483.7813,6081.668703691654,635.434317376512,3104.0492537340583,-2984.574619904073,-5336.926581037697,3104.0492537340583,27.0584,-119.2153,46
1249,STARLINK-31665,satellite,0,36,43.0217,329.6081,28.4959,328.1388,356.6347,6867.5526,483.0784,5759.175106067981,-3719.165794873836,-274.7951702206964,-6357.981507871811,-2564.442094817653,-274.7951702206964,-2.3097,-158.0337,4
1250,STARLINK-31912,satellite,0,2,42.9874,333.3529,81.2456,164.8278,246.0734,6860.1936,494.4007,-4546.6547744042255,-2853.6480546440375,-4278.080760176882,287.13266012137365,5360.310783236179,-4278.080760176882,-38.7276,86.9338,4
1251,STARLINK-31904,satellite,0,2,42.9932,333.167,100.2393,202.3119,302.5512,6861.3457,492.9806,1385.2974020019508,-5443.331857292533,-3945.3782412782534,-5247.217510808696,2003.9009443761731,-3945.3782412782534,-35.2531,159.0983,19
1252,STARLINK-31858,satellite,0,2,42.9837,332.8624,54.5828,29.7241,84.3069,6858.6866,484.0468,2880.1210200237833,4128.904595238343,4648.795244250377,1715.362794065618,-4732.914612720004,4648.795244250377,42.8991,-70.0778,66
1253,STARLINK-31881,satellite,0,36,42.9963,329.2742,88.5539,35.3756,123.9295,6861.5076,484.9125,-1163.8697969213893,5531.953833952693,3879.448355304846,5192.07708683728,-2235.9431230487576,3879.448355304846,34.6271,-23.2989,7
1254,STARLINK-31885,satellite,0,36,43.0006,329.68,51.5032,262.5101,314.0132,6863.0557,490.2893,2294.1245455968833,-5523.516965658718,-3366.324944075742,-5836.375728618764,1307.2740550548629,-3366.324944075742,-29.5254,167.3749,15
1255,STARLINK-31880,satellite,0,36,43.0108,329.5488,68.0382,323.8534,31.8916,6865.1328,483.0265,6362.6442611454795,-667.1427574924072,2471.6365514323247,-4211.113228741227,-4816.102867203182,2471.6365514323247,21.2442,-131.1659,4
1256,STARLINK-31886,satellite,0,2,42.9832,333.2826,89.26,177.8331,267.0931,6858.8346,495.6624,-2565.5434545982494,-4322.917203018792,-4673.644677653978,-2055.18141192454,4587.576236496521,-4673.644677653978,-43.0926,114.1318,8
1257,STARLINK-31909,satellite,0,2,43.0086,332.7309,105.9119,34.9331,140.845,6864.026,483.4912,-3275.9848634175037,5250.872577150558,2953.5701449677304,6179.228433385187,-347.67170557350306,2953.5701449677304,25.6511,-3.2203,8
1258,STARLINK-31910,satellite,0,2,42.9928,332.9262,99.0256,323.8339,62.8595,6860.5308,486.0767,4816.128728335747,2550.232600000159,4160.564056907112,-690.3847847266567,-5405.751667531759,4160.564056907112,37.5327,-97.278,115
1259,STARLINK-31902,satellite,0,2,43.0034,333.4082,128.4832,96.2951,224.7782,6863.2632,490.2617,-5939.147065959003,-980.6152205156463,-3297.243770901471,2620.3290855955142,5419.312646911835,-3297.243770901471,-28.8628,64.1954,4
1260,STARLINK-31913,satellite,0,36,42.9962,329.4982,90.6995,322.3526,53.0521,6861.9585,484.5025,5585.0336771792045,1361.2431963359638,3736.6851626423277,-2105.2028095140363,-5349.17800653624,3736.6851626423277,33.1885,-111.4824,85
1261,STARLINK-31866,satellite,0,34,43.0168,325.7064,131.483,32.3161,163.7991,6866.9437,482.4683,-4653.808621275149,4867.690762041868,1305.7106238160243,6659.867620065666,999.2553835349163,1305.7106238160243,11.0398,8.5331,5
1262,STARLINK-31917,satellite,0,2,43.0068,333.1086,15.1219,308.7649,323.8869,6864.4832,488.1945,3606.819069684224,-5145.681995195021,-2758.9294267331607,-6283.861028177843,16.660602020719665,-2758.9294267331607,-23.8356,179.8481,7
1263,STARLINK-31860,satellite,0,36,43.0146,329.6298,16.3103,318.9046,335.2149,6866.1311,486.3161,4312.041182549647,-4964.983712468226,-1962.611738627199,-6542.480770365105,-663.8582638498578,-1962.611738627199,-16.7158,-174.2061,5
1264,STARLINK-31854,satellite,0,41,43.009,300.1292,162.0219,55.082,217.1039,6864.319,488.43,-5365.866447058598,3214.347957461718,-2824.0544527204033,5718.766964473175,2533.823183522845,-2824.0544527204033,-24.433,23.8968,4
1265,STARLINK-31842,satellite,0,36,42.9869,329.7328,103.7948,189.0425,292.8373,6860.0798,494.1665,-31.523296028198153,-5339.315585057811,-4313.115084740364,-4345.901330046198,3102.0035887368676,-4313.115084740364,-39.1056,144.4816,15
1266,STARLINK-31871,satellite,0,2,43.021,333.0371,41.0439,325.2697,6.3136,6867.5217,482.4093,6327.704438243278,-2600.123897800381,514.7309206928561,-5770.895367386096,-3673.8609663891766,514.7309206928561,4.3297,-147.5184,4
1267,STARLINK-31875,satellite,0,36,43.0218,329.5692,50.6217,327.0443,17.666,6866.8643,482.2556,6406.421443192259,-1998.2545538584861,1420.2453211162972,-5324.313085845472,-4084.9659892959235,1420.2453211162972,12.0221,-142.5035,7
1268,STARLINK-31877,satellite,0,2,42.9849,333.2258,97.5893,183.7445,281.3338,6859.0914,495.2282,-1013.4876262189601,-5002.997412431462,-4588.506709688659,-3505.2561337379884,3710.838141739283,-4588.506709688659,-42.1297,133.3681,15
1269,STARLINK-31884,satellite,0,2,43.0229,333.0961,20.4062,324.5293,344.9356,6867.0432,484.577,5319.04591460684,-4161.081145043189,-1216.8515719949494,-6465.599120395382,-1950.095831407297,-1216.8515719949494,-10.2769,-163.2161,4
1270,STARLINK-32108,satellite,0,40,43.0076,354.8596,150.9693,68.0188,218.9881,6864.1211,489.2361,-5596.247664570512,-2667.0442174318177,-2945.4069446849144,1044.3736652930336,6110.678884394908,-2945.4069446849144,-25.5521,80.3013,4
1271,STARLINK-32080,satellite,0,40,42.9822,355.115,82.8335,16.0582,98.8917,6858.8097,485.8479,-633.7284350929502,5026.2997007377,4616.877387593377,4473.343057192291,-2377.919742916229,4616.877387593377,42.5219,-27.994,8
1272,STARLINK-32091,satellite,0,35,43.021,343.7235,141.1631,35.4315,176.5946,6867.4479,482.4693,-6490.468679446682,2205.4353898645586,278.03794103434836,5542.075008230224,4034.2946770030753,278.03794103434836,2.3372,36.0523,4
1273,STARLINK-32085,satellite,0,57,42.9906,351.2261,73.7723,213.0346,286.8069,6859.5265,493.238,1228.0332406722914,-5051.51302961984,-4479.339440504138,-4836.358815933849,1906.6942419155844,-4479.339440504138,-40.9261,158.4836,18
1274,STARLINK-32100,satellite,0,2,43.0227,333.1073,135.3245,33.393,168.7175,6867.2762,482.2759,-5556.096248549313,3918.0680718187705,915.724113837853,6403.549748590975,2283.8593555361226,915.724113837853,7.7186,19.629,5
1275,STARLINK-32089,satellite,0,57,43.0206,351.0547,45.1442,326.8186,11.9627,6867.1385,482.1766,6790.92365352119,-16.578218999192405,970.0980000303492,-3926.1299817901363,-5540.976653207209,970.0980000303492,8.18,-125.32,4
1276,STARLINK-32103,satellite,0,90,43.0211,340.6697,45.0626,325.9789,11.0416,6867.2432,482.5121,6671.673467650401,-1322.3732144060198,896.4240753747124,-4924.709317121202,-4691.176389669063,896.4240753747124,7.5547,-136.3912,4
1277,STARLINK-32105,satellite,0,57,43.0052,350.9859,82.7875,324.5425,47.3301,6862.7297,483.9588,5167.53790901196,2913.175516076725,3438.645517414386,-596.1990111634262,-5902.083222696233,3438.645517414386,30.2548,-95.7682,105
1278,STARLINK-32106,satellite,0,35,42.9927,343.5976,75.6861,164.5283,240.2144,6860.7988,492.7957,-4501.013046130205,-3216.884040763611,-4061.9060157282647,-36.05290212053768,5532.283575649626,-4061.9060157282647,-36.4568,90.3734,4
1279,STARLINK-32090,satellite,0,40,42.9934,355.0696,76.0155,43.9967,120.0121,6860.9612,486.6221,-3043.9354219504867,4621.851781523846,4049.103963515939,5531.406452330638,-174.9268489827021,4049.103963515939,36.3618,-1.8113,16
1280,STARLINK-32088,satellite,0,35,43.017,343.6908,163.4699,34.3397,197.8096,6866.7161,485.058,-6701.447245953459,361.8844306798865,-1431.871006050263,4156.812631828504,5268.895925650524,-1431.871006050263,-12.1169,51.7289,4
1281,STARLINK-32107,satellite,0,57,43.022,351.4789,158.5504,29.1868,187.7372,6867.5513,483.4245,-6823.931527912975,339.5275342339954,-630.2531107450623,4209.108456210175,5381.888743555344,-630.2531107450623,-5.3032,51.9715,4
1282,STARLINK-32104,satellite,0,39,43.023,347.9443,159.0585,33.3098,192.3682,6867.2616,484.3173,-6779.338565141647,349.11377730415734,-1002.8312040444974,4191.251560469568,5339.917805283317,-1002.8312040444974,-8.4553,51.872,4
1283,STARLINK-32094,satellite,0,57,43.0223,351.5116,134.3426,32.5082,166.8508,6867.1492,482.2655,-6438.44395107639,2114.4293382555497,1064.7301854787106,5437.717693486842,4044.205512034235,1064.7301854787106,8.9841,36.6394,4
1284,STARLINK-32099,satellite,0,57,43.0155,351.0296,60.4439,325.4277,25.8716,6866.2776,482.778,6437.296457757382,1199.3043032151604,2041.796001864017,-2728.5926149055936,-5952.469977971228,2041.796001864017,17.4203,-114.6266,20
1285,STARLINK-32096,satellite,0,57,43.0014,351.163,86.6731,221.4269,308.1,6862.2071,491.7647,3578.043188344887,-4553.907233118326,-3683.7771266137083,-5783.597648285645,-300.7696597953512,-3683.7771266137083,-32.6214,-177.0231,9
1286,STARLINK-32102,satellite,0,57,43.0207,351.0813,25.7984,324.9458,350.7442,6867.2397,483.4941,6565.072833641688,-1846.9775970191258,-752.9434681456288,-5292.074352666615,-4301.79690370883,-752.9434681456288,-6.3393,-140.8932,4
1287,STARLINK-32092,satellite,0,57,42.9891,351.3424,81.2643,170.4564,251.7207,6859.4908,494.3341,-2845.795336219112,-4388.816431801034,-4443.775284842759,-1947.57714801891,4854.606474288903,-4443.775284842759,-40.5261,111.8597,8
1288,STARLINK-32093,satellite,0,57,42.9852,351.2957,88.0289,177.7126,265.7416,6858.789,495.5386,-1261.5584481516003,-4872.389031819868,-4666.858575433325,-3255.5784046513254,3838.347801680973,-4666.858575433325,-43.016,130.3037,14
1289,STARLINK-32087,satellite,0,57,43.0135,351.1164,12.4224,317.1069,329.5293,6865.2773,487.0958,5450.942430549105,-3427.4740809265454,-2373.983556806024,-5941.980949508969,-2480.5673448339066,-2373.983556806024,-20.3547,-157.3412,4
1290,STARLINK-32086,satellite,0,57,42.9894,350.9265,98.6389,329.9878,68.6267,6859.7851,486.0764,3203.6329289188775,4217.3864132796125,4353.067821252917,1601.2921029506117,-5048.3141446622385,4353.067821252917,39.5931,-72.4013,78
1291,STARLINK-32098,satellite,0,57,43.0148,351.4511,167.9032,41.3185,209.2217,6865.5044,486.6889,-6286.706216131189,-1532.0564097647864,-2285.447675013862,2369.8569832865596,6021.100378619494,-2285.447675013862,-19.5657,68.5158,4
1292,STARLINK-31472,satellite,0,52,42.9964,114.8342,92.5459,138.2995,230.8454,6862.2243,491.4795,5352.942327995959,-2298.103276590668,-3629.5955320388675,-4962.432654203754,-3051.152632894632,-3629.5955320388675,-32.0861,-148.4147,4
1293,STARLINK-31817,satellite,0,52,43.0102,114.5438,14.3597,315.4997,329.8594,6865.3224,487.025,-173.16948669269206,6445.216639419763,-2350.545784811815,5367.737558114549,-3571.862078437695,-2350.545784811815,-20.1454,-33.641,12
1294,STARLINK-31833,satellite,0,52,43.0157,114.9658,118.7362,34.3938,153.13,6865.6912,482.7473,527.5985132014204,-6503.305377754663,2114.8011911843114,-5619.419823291276,3315.6389847307128,2114.8011911843114,18.0639,149.458,5
1295,STARLINK-31849,satellite,0,29,43.0104,107.9547,165.7074,45.6745,211.3818,6865.1776,487.4342,4292.0837344672955,-4768.035633260369,-2437.7716653124385,-6370.007771062668,-761.0174638735613,-2437.7716653124385,-20.9254,-173.1872,5
1296,STARLINK-31661,satellite,0,29,42.9847,107.7722,96.7835,178.168,274.9515,6858.7073,495.5009,4582.7904049879835,2091.034894524303,-4662.2556317872,-931.270275235333,-4950.467705240718,-4662.2556317872,-42.9637,-100.6538,4
1297,STARLINK-31707,satellite,0,52,42.9877,114.7712,75.8421,176.2335,252.0757,6859.4896,494.608,5222.653400616973,83.5752485526514,-4452.816358463052,-2940.7136254843927,-4316.861908613375,-4452.816358463052,-40.6236,-124.2633,4
1298,STARLINK-31821,satellite,0,52,43.0228,114.9143,156.6292,31.8342,188.4634,6867.4017,483.6422,3528.6305605179828,-5844.232701624113,-689.0225751251832,-6809.769839541979,483.03647462540783,-689.0225751251832,-5.7991,175.9426,5
1299,STARLINK-31819,satellite,0,52,43.0119,114.8634,181.1568,35.6177,216.7745,6864.3329,487.9167,5036.808744883831,-3724.254129254142,-2802.504887418808,-5945.9502036359845,-1971.0878538730742,-2802.504887418808,-24.2367,-161.6596,4
1300,STARLINK-31726,satellite,0,52,43.0199,114.5082,29.9864,320.9597,350.9461,6867.4256,483.6502,-2092.56429197354,6493.0130865918,-736.6693967361274,6512.660012464362,-2030.591987756968,-736.6693967361274,-6.2016,-17.317,4
1301,STARLINK-31759,satellite,0,52,42.9816,115.1362,89.5438,359.8152,89.359,6858.6321,486.9538,-4572.401799883461,-2060.6735764135256,4673.280244858896,950.1005715021636,4924.484004658527,4673.280244858896,43.1566,79.0799,3
1302,STARLINK-31818,satellite,0,52,42.9999,115.007,94.9059,36.9413,131.8472,6862.6288,484.2486,-1451.6701306753382,-5724.856796533529,3483.5364083493105,-3842.8062110852334,4484.882599707136,3483.5364083493105,30.6899,130.5911,6
1303,STARLINK-31816,satellite,0,52,42.9941,115.2254,91.9605,321.9859,53.9464,6861.7254,484.9753,-5387.677978837512,1922.611198443417,3780.124880237035,4675.538934269795,3295.882810137209,3780.124880237035,33.6218,35.1808,5
1304,STARLINK-31809,satellite,0,29,42.9863,107.8426,77.3306,176.4239,253.7545,6859.3548,495.1529,5177.224051606791,-350.81008420653995,-4493.238205697883,-3269.582301273646,-4029.4600346591064,-4493.238205697883,-41.0661,-129.0565,4
1305,STARLINK-31779,satellite,0,52,42.9987,114.5901,81.0133,227.6242,308.6375,6862.1534,491.3563,1782.062960639797,5528.3857357119905,-3656.163471213234,3491.866249186091,-4641.731071087935,-3656.163471213234,-32.3496,-53.0467,16
1306,STARLINK-31805,satellite,0,52,43.0179,114.4753,46.1729,326.0769,12.2498,6867.2032,482.2229,-3745.8989869035186,5660.441930189939,992.9760178259685,6784.728211315603,-199.56243062104394,992.9760178259685,8.3742,-1.6848,5
1307,STARLINK-31681,satellite,0,29,42.9972,107.9033,89.329,143.3095,232.6385,6861.8862,491.2633,5076.792818213864,-2736.6686915111604,-3720.069971415625,-5161.7888462069695,-2572.764418546439,-3720.069971415625,-32.9855,-153.5072,4
1308,STARLINK-31636,satellite,0,52,42.9886,114.6325,97.9029,196.3883,294.2912,6860.2486,493.4881,2982.7859608394865,4473.721197073095,-4265.474611887171,1938.046711453583,-5015.4928353598725,-4265.474611887171,-38.5988,-68.8729,13
1309,STARLINK-31640,satellite,0,52,43.0173,114.8875,164.9255,37.6469,202.5724,6866.3197,485.7966,4413.857451058684,-4937.7879609155925,-1797.075822605247,-6578.913737181299,-762.7460809184284,-1797.075822605247,-15.2717,-173.3868,5
1310,STARLINK-31677,satellite,0,52,42.986,115.067,79.0037,31.6725,110.6762,6859.6641,486.2274,-3224.5306229735847,-4180.5486603230565,4373.2368111608985,-1559.142772931044,5044.170759742399,4373.2368111608985,39.8114,107.1763,4
1311,STARLINK-31783,satellite,0,52,42.9861,115.2057,99.6966,328.345,68.0416,6859.9,486.0248,-5300.051782368036,338.6493172691239,4335.186628243371,3330.4097596211013,4136.859084968927,4335.186628243371,39.3996,51.1639,5
1312,STARLINK-31808,satellite,0,52,43.009,114.4379,69.8208,323.6308,33.4516,6864.9106,482.8745,-4883.916514188976,4065.7030383286447,2578.6155131635705,6136.94318071957,1649.3968928254162,2578.6155131635705,22.2112,15.0436,5
1313,STARLINK-31822,satellite,0,52,42.9826,114.6987,92.9432,180.1903,273.1335,6858.744,495.5222,4398.288929288455,2435.8305872919445,-4672.526156759164,-543.1529738992101,-4998.31981794211,-4672.526156759164,-43.0809,-96.2018,4
1314,STARLINK-31363,satellite,0,10,42.987,137.0044,98.5989,189.1451,287.7441,6859.4936,494.8665,1731.144421747695,4924.273084221016,-4457.425387025603,3027.4343692345574,-4252.054510105564,-4457.425387025603,-40.6725,-54.5494,14
1315,STARLINK-31868,satellite,0,10,42.9827,136.9901,96.7326,183.9803,280.7129,6858.9837,495.7013,2432.606860609649,4478.334002826411,-4598.307546322636,2258.801778659059,-4568.464304761834,-4598.307546322636,-42.2366,-63.6907,14
1316,STARLINK-31848,satellite,0,10,42.9869,136.7621,96.273,325.8184,62.0914,6860.612,485.6766,-5373.860239085912,-1030.4492992515952,4130.969913429968,2253.9083398723665,4985.9900544435895,4130.969913429968,37.2235,65.6747,5
1317,STARLINK-31890,satellite,0,10,43.0039,136.8192,76.9301,324.0611,40.9913,6863.6757,483.429,-6025.2316328255465,1143.2774863070824,3067.841920658701,4405.879867088698,4265.996042740865,3067.841920658701,26.7194,44.0759,5
1318,STARLINK-31862,satellite,0,79,43.0194,139.9049,154.3564,37.8023,192.1587,6867.2552,484.0879,5811.890698793875,-3511.947657547729,-985.9989587130332,-6218.984783705279,-2726.9173262356044,-985.9989587130332,-8.3127,-156.3234,4
1319,STARLINK-31870,satellite,0,79,43.0109,139.871,154.2503,59.1332,213.3834,6864.8605,488.2705,6161.6714738510655,-1582.2690658867496,-2576.0930227062995,-4843.297080550735,-4124.590178194776,-2576.0930227062995,-22.1699,-139.582,4
1320,STARLINK-31888,satellite,0,79,43.0187,139.956,123.3192,33.6024,156.9217,6866.1907,482.391,3565.956826048114,-5564.62753860451,1834.2966966910421,-6602.741398301475,291.4339647170776,1834.2966966910421,15.6038,177.4727,4
1321,STARLINK-31863,satellite,0,79,43.0222,139.9356,137.9751,33.1113,171.0864,6867.3703,482.2861,4686.649420507681,-4956.961078864115,725.2348251919161,-6751.753450244509,-974.6646988734286,725.2348251919161,6.1062,-171.7857,4
1322,STARLINK-31873,satellite,0,79,42.9882,140.0518,83.769,30.7205,114.4894,6860.1356,485.4096,-751.6719930936328,-5323.111905277927,4253.759161053219,-3917.7448060357724,3681.277872708427,4253.759161053219,38.5273,136.7824,7
1323,STARLINK-31865,satellite,0,79,42.9823,140.1216,86.8594,6.4482,93.3076,6858.5719,487.1038,-2906.5931221657183,-4095.8113143235637,4665.97452164828,-1673.0623035705291,4735.484814539399,4665.97452164828,43.0717,109.4585,4
1324,STARLINK-31823,satellite,0,79,42.9852,140.1922,99.1986,332.7109,71.9095,6859.4812,486.2532,-4687.186049608594,-2299.17052757878,4443.015972956626,821.2990200858793,5155.7119875084445,4443.015972956626,40.5755,80.9489,4
1325,STARLINK-31916,satellite,0,79,42.9978,140.2528,86.6856,324.0004,50.686,6862.2058,484.5,-5820.930600068906,-205.479396851577,3617.7874546047237,3185.77232364344,4876.09572662971,3617.7874546047237,32.006,56.8416,5
1326,STARLINK-31907,satellite,0,79,43.0077,140.2841,73.1745,323.3263,36.5008,6864.3851,483.3013,-6146.614510816871,1227.9020128699055,2782.4881988258335,4544.981861135659,4316.451456896317,2782.4881988258335,24.0701,43.5227,5
1327,STARLINK-31687,satellite,0,79,42.9848,140.6146,77.717,177.315,255.0319,6859.258,495.1444,4448.254276056975,2624.2843153118406,-4521.104278698618,-417.9086978882126,-5147.7360647453825,-4521.104278698618,-41.3756,-94.6413,6
1328,STARLINK-31810,satellite,0,79,43.0096,140.3842,7.7664,325.0989,332.8653,6865.7114,486.2523,-3245.152415124511,5657.077081942679,-2134.894997019591,6493.473628660623,-606.906535076514,-2134.894997019591,-18.2318,-5.3396,4
1329,STARLINK-31812,satellite,0,79,43.0176,140.3199,49.2015,326.0825,15.284,6866.9685,482.2598,-5936.79988995357,3207.5061500962997,1233.622557327839,6042.117241279612,3004.4147315059467,1233.622557327839,10.4237,26.4386,3
1330,STARLINK-31815,satellite,0,79,43.0179,140.3506,26.5938,327.5267,354.1205,6867.439,483.2125,-4927.2182375518805,4750.713772819678,-479.49618022955593,6721.781566505106,1290.121499671486,-479.49618022955593,-4.0324,10.8647,5
1331,STARLINK-31814,satellite,0,79,43.0034,140.6652,37.413,196.3952,233.8082,6861.7825,490.8897,5701.5106602226315,564.1880147669483,-3777.3990312332066,-2823.779984430881,-4985.157823396016,-3777.3990312332066,-33.5615,-119.5288,4
1332,STARLINK-31794,satellite,0,79,42.9841,140.4892,99.8728,190.5743,290.4471,6859.722,494.0417,1143.3144451129797,5155.047360409651,-4384.627666529656,3554.7338984654766,-3904.55479146739,-4384.627666529656,-39.881,-47.6851,8
1333,STARLINK-31824,satellite,0,79,42.9961,140.4283,63.5497,248.1533,311.7031,6862.5602,490.6378,-1132.0257385194136,5797.551476222001,-3494.367141783121,5390.815114552023,-2414.994367039348,-3494.367141783121,-30.7637,-24.1316,4
1334,STARLINK-31947,satellite,0,9,43.0199,205.4859,162.1738,32.6602,194.834,6866.9219,484.4358,5435.076795976187,4013.6356358924018,-1198.5741929822557,149.11457074988243,-6754.783167552771,-1198.5741929822557,-10.1212,-88.7354,4
1335,STARLINK-31929,satellite,0,9,43.0189,205.9692,12.1341,323.2009,335.3351,6865.9976,485.7131,-6523.180448245618,-848.4010118958821,-1953.683116132965,3064.883624823944,5820.494463844622,-1953.683116132965,-16.6391,62.2302,4
1336,STARLINK-31927,satellite,0,9,42.9787,205.6957,84.0627,11.6376,95.7002,6858.6724,486.5684,2777.2502360504823,-4201.558061486054,4650.014170656904,-5034.23119455808,150.74912079091666,4650.014170656904,42.8935,178.2848,4
1337,STARLINK-31855,satellite,0,9,43.0086,205.4362,168.5205,47.4449,215.9654,6864.3503,487.9828,3750.1670894437057,5047.229322652606,-2749.1869260336753,1964.6753512692032,-5973.133833952341,-2749.1869260336753,-23.7472,-71.793,11
1338,STARLINK-31887,satellite,0,9,42.9992,206.0082,68.6886,245.5908,314.2794,6862.8963,490.5098,-5882.468213342235,1128.6851547442684,-3351.2227870223983,4311.699979460794,4157.716410078935,-3351.2227870223983,-29.3791,43.9584,4
1339,STARLINK-31852,satellite,0,61,42.9869,197.9726,114.8583,322.1474,77.0057,6859.0158,487.6861,41.504814007853696,-5124.296444872871,4555.165945607474,-4212.231518946049,2918.431485459275,4555.165945607474,41.8116,145.284,7
1340,STARLINK-31906,satellite,0,9,42.9952,205.8316,88.896,324.2949,53.1909,6861.7923,484.6153,-1948.0433204524086,-5403.817880541687,3743.4625840888402,-3294.422003075577,4705.624733239233,3743.4625840888402,33.2557,124.996,7
1341,STARLINK-31857,satellite,0,9,42.9879,205.3437,73.1685,178.1957,251.3643,6859.469,494.1204,-54.24220837254515,5238.186627835023,-4434.347865076131,4312.657731337385,-2973.6382862639257,-4434.347865076131,-40.424,-34.5868,4
1342,STARLINK-31851,satellite,0,9,43.0215,205.5117,140.0611,33.4591,173.5202,6867.5195,482.4825,6395.8123878273245,2425.0581619214126,528.232560620715,-1702.8277247132014,-6624.7793117156125,528.232560620715,4.4435,-104.4152,8
1343,STARLINK-31903,satellite,0,61,43.0014,198.6561,94.5905,38.3057,132.8962,6862.7312,484.2149,5597.312652329502,-1987.6942703102386,3426.010204916311,-4849.514947620108,-3429.7291748709863,3426.010204916311,30.131,-144.7309,9
1344,STARLINK-31922,satellite,0,9,42.9961,205.3985,121.1406,108.9712,230.1118,6862.3094,490.8885,2323.8860213445446,5367.096760011343,-3591.1931246615877,3047.8670011766467,-4991.661107753941,-3591.1931246615877,-31.7105,-58.5921,16
1345,STARLINK-31889,satellite,0,9,42.984,206.0914,104.5036,181.4095,285.913,6859.2589,495.1038,-3813.95991292821,3509.1202782074415,-4500.511730620334,5065.569196336455,1095.5473798413602,-4500.511730620334,-41.1471,12.2036,4
1346,STARLINK-31859,satellite,0,61,42.9807,198.7643,81.4351,16.0452,97.4803,6858.7308,486.9523,2444.5728755033897,-4421.159911736015,4633.839460417739,-5022.050158801376,549.184587612936,4633.839460417739,42.7061,173.7592,4
1347,STARLINK-31895,satellite,0,9,43.0127,205.5432,117.0633,35.3323,152.3956,6865.5943,482.6974,6485.902237821559,524.0779172294907,2167.9552341024305,-3308.489735218186,-5603.1670663886325,2167.9552341024305,18.5341,-120.5605,17
1348,STARLINK-31899,satellite,0,9,42.9987,205.5874,94.3987,36.7687,131.1675,6862.4319,484.1429,5701.199410793127,-1455.4894882868352,3520.1103072360656,-4474.374167787842,-3821.269445979205,3520.1103072360656,31.0476,-139.5015,12
1349,STARLINK-31896,satellite,0,9,42.982,205.6483,80.5226,29.386,109.9086,6859.5879,486.097,4145.473240190182,-3240.419520299175,4394.491909956041,-5036.948824614537,-1521.3196872725498,4394.491909956041,40.0442,-163.194,4
1350,STARLINK-31892,satellite,0,9,43.0195,205.9127,35.0608,335.4833,10.5441,6867.3293,481.6361,-5664.568759562167,-3772.4233930178148,856.373545516668,180.26050344783434,6803.383249449676,856.373545516668,7.2163,88.4823,4
1351,STARLINK-31891,satellite,0,9,43.021,205.9468,23.4206,326.0535,349.4741,6867.2641,483.73,-6467.035943052443,-2127.608359114468,-855.2004554009942,1986.9822013114058,6511.61830501279,-855.2004554009942,-7.2042,73.0307,4
1352,STARLINK-31882,satellite,0,61,42.9933,198.6844,81.2818,37.4319,118.7137,6860.615,485.6061,4529.239246298566,-3111.101699175644,4100.336502094719,-5152.357710956227,-1909.4952084712584,4100.336502094719,36.9026,-159.665,9
1353,STARLINK-31691,satellite,0,9,42.9834,205.2715,92.4398,180.094,272.5337,6858.6252,495.3922,-2415.819935752767,4406.5472743198125,-4674.926959216374,4993.54063074268,-564.2666142151801,-4674.926959216374,-43.1094,-6.447,4
1354,STARLINK-31569,satellite,0,9,42.9803,205.7628,98.3946,336.0372,74.4318,6859.2416,486.2931,442.89550462199094,-5150.632418039091,4502.03983304375,-4465.017705162392,2605.530200622504,4502.03983304375,41.2285,149.7346,7
1355,STARLINK-31654,satellite,0,56,42.9836,201.8701,108.024,182.9411,290.9651,6859.7604,495.4062,-4026.3196450937876,3437.061257443703,-4370.532249676318,5129.022830590047,1310.6352563450723,-4370.532249676318,-39.7181,14.3342,4
1356,STARLINK-31442,satellite,0,51,42.9877,213.2407,73.5229,175.1285,248.6513,6859.8011,494.1861,-473.50885305130294,5280.777859733855,-4358.8086762696175,4589.029276102249,-2655.491619427502,-4358.8086762696175,-39.5993,-30.0563,4
1357,STARLINK-31651,satellite,0,8,42.9817,209.3176,95.4419,348.6408,84.0827,6858.6705,487.1108,1826.3960913456358,-4695.6102556383985,4648.858733958521,-4890.209231971031,1212.5724814972568,4648.858733958521,42.8761,166.0739,4
1358,STARLINK-31584,satellite,0,8,43.0049,209.1511,103.9035,36.529,140.4325,6864.0677,483.821,6173.108929073584,-214.77907959959123,2979.5096677056035,-3732.175513587099,-4921.815705511791,2979.5096677056035,25.8914,-127.1728,29
1359,STARLINK-31950,satellite,0,8,43.0028,209.4404,78.0636,323.5168,41.5804,6863.6018,483.4802,-2831.137598122157,-5419.593964461805,3103.888632945071,-2798.5231452514095,5436.506878927302,3103.888632945071,27.0582,117.2378,6
1360,STARLINK-31931,satellite,0,8,42.9938,209.6227,91.8631,210.6139,302.4769,6861.2144,492.2966,-5296.9321080993595,1859.8142048539885,-3948.2867442200127,4571.929030300168,3257.89250533058,-3948.2867442200127,-35.287,35.4731,4
1361,STARLINK-31938,satellite,0,8,43.0181,209.0506,165.735,31.58,197.315,6866.7192,484.4808,5001.588662567425,4486.234757371944,-1393.2616025870436,785.1446448089765,-6672.760997855602,-1393.2616025870436,-11.7866,-83.2892,4
1362,STARLINK-31941,satellite,0,1,42.9924,191.5573,78.195,35.4125,113.6076,6859.9794,487.3174,3611.143764557262,-3952.4708986281494,4284.529273288996,-5311.087452076808,-674.340840521673,4284.529273288996,38.8444,-172.764,4
1363,STARLINK-31952,satellite,0,8,43.0164,209.4799,53.3921,326.9156,20.3077,6866.4841,482.121,-4743.3128712875905,-4680.834478779666,1624.0055490389868,-1093.0049595398189,6573.778865392142,1624.0055490389868,13.7784,99.4401,4
1364,STARLINK-31921,satellite,0,13,42.9784,168.9688,87.6683,180.9599,268.6282,6858.7048,495.8492,1121.9061856228548,4896.155816194186,-4678.021110572628,3355.464498194963,-3737.89690429581,-4678.021110572628,-43.1412,-48.0861,6
1365,STARLINK-31760,satellite,0,8,43.0057,209.5656,12.3797,311.2892,323.6689,6864.4564,487.902,-6275.681407091534,-141.81507692222493,-2773.0994594601048,3499.8119973005373,5211.1039735269205,-2773.0994594601048,-23.9667,56.1144,4
1366,STARLINK-31945,satellite,0,9,43.0123,205.2343,16.428,312.5535,328.9815,6865.1959,487.7192,-6422.981205111307,-168.23245566760033,-2412.585163683747,3563.086426460171,5346.719072284267,-2412.585163683747,-20.6985,56.3203,4
1367,STARLINK-31937,satellite,0,56,42.9824,202.3622,82.8432,10.0845,92.9278,6858.6142,486.7994,2229.2719672771345,-4498.468913523967,4667.453657840438,-4961.193016902468,769.7011881680783,4667.453657840438,43.091,171.1812,3
1368,STARLINK-31940,satellite,0,56,43.0225,201.715,44.2343,324.4869,8.7212,6867.3499,482.4943,-6018.490850019842,-3215.4566033212095,709.7277966059296,839.4062286377641,6771.764206094203,709.7277966059296,5.975,82.9338,4
1369,STARLINK-31933,satellite,0,8,42.9837,209.2464,76.8546,28.2776,105.1323,6859.2792,486.9177,3926.900885924921,-3349.8907368394207,4512.120598008987,-5000.494472895869,-1279.5989774841007,4512.120598008987,41.3361,-165.6463,4
1370,STARLINK-31936,satellite,0,72,42.981,176.9742,76.2525,27.2744,103.527,6859.142,486.8727,1343.9075275599366,-4954.126003887336,4544.190038763753,-4823.520793704398,1755.8755815052102,4544.190038763753,41.6947,159.9973,6
1371,STARLINK-31935,satellite,0,8,43.0169,209.531,16.1348,328.8483,344.9831,6866.8989,484.1963,-6407.084690538846,-2135.544525306682,-1212.8984171511415,1945.9547960393927,6467.189852097732,-1212.8984171511415,-10.2438,73.2536,4
1372,STARLINK-31934,satellite,0,9,43.0206,205.6068,154.4119,33.1804,187.5923,6867.4068,483.4499,5846.796165023934,3537.146286282546,-618.5065984267098,-477.55312326329096,-6816.771395636094,-618.5065984267098,-5.204,-94.0073,4
1373,STARLINK-31926,satellite,0,61,42.9979,198.7863,80.5445,235.4783,316.0228,6863.2372,491.1256,-5799.271051116034,1709.5896716999885,-3250.605571416707,4738.5655269218505,3755.0284042818616,-3250.605571416707,-28.4137,38.3947,4
1374,STARLINK-31919,satellite,0,8,42.9887,209.3808,97.112,325.7297,62.8417,6860.4276,485.6402,-537.7157956143357,-5423.472618249933,4159.320466975963,-4123.04466562501,3564.2244883033236,4159.320466975963,37.5223,139.1578,7
1375,STARLINK-31974,satellite,0,37,42.9859,56.709,78.5573,27.4929,106.0502,6859.3329,486.3816,-5068.7891379120965,1060.976374743697,4491.884572601012,3787.55863554942,3531.6701112441046,4491.884572601012,41.115,42.9977,5
1376,STARLINK-31975,satellite,0,37,42.983,56.7532,88.0475,3.7486,91.796,6858.7104,486.7969,-4309.689110640538,2568.320270776453,4671.3007484962845,4582.224509219115,2042.7696372245457,4671.3007484962845,43.1351,24.0275,11
1377,STARLINK-31976,satellite,0,47,42.9872,60.6687,82.1192,174.4067,256.5259,6859.1368,495.2989,3473.427336003745,-3786.2309541365667,-4551.306443116621,-5095.866946998363,-657.557872015497,-4551.306443116621,-41.7116,-172.6473,9
1378,STARLINK-31965,satellite,0,37,43.013,56.9318,62.6403,325.6076,28.2478,6865.4224,482.4758,1307.5127638364265,6358.037738564953,2214.287382721326,4443.38958849249,-4731.862474490129,2214.287382721326,18.9455,-46.8008,4
1379,STARLINK-31969,satellite,0,27,42.992,53.217,81.8157,35.7021,117.5179,6860.5796,485.8921,-5458.908908374804,126.09544135624145,4146.286835277445,3248.2051711532795,4389.162755738013,4146.286835277445,37.3833,53.4967,5
1380,STARLINK-31951,satellite,0,37,43.0218,56.531,156.7376,34.3404,191.0779,6867.2601,483.7653,-2909.4775143310926,-6148.694970650041,-899.5153011439962,-3349.314861478119,5920.608009924077,-899.5153011439962,-7.5795,119.497,4
1381,STARLINK-31949,satellite,0,37,42.998,56.6356,91.5582,35.8212,127.3794,6861.9473,484.2805,-5617.005501461248,-1284.902987539942,3715.4562721670463,2186.0196207298372,5331.326730619609,3715.4562721670463,32.9774,67.7048,5
1382,STARLINK-31977,satellite,0,74,42.995,49.5184,82.0829,153.2016,235.2844,6861.4152,491.962,601.0133630800754,-5651.853600362544,-3847.2101965017055,-4965.787734701236,2765.071130445406,-3847.2101965017055,-34.2594,150.8899,16
1383,STARLINK-31963,satellite,0,37,43.0016,56.8874,87.2683,321.9893,49.2576,6862.5699,484.592,-737.6238558292704,5824.072758477027,3543.237936258706,5185.258137578181,-2752.6370075623654,3543.237936258706,31.2718,-27.962,4
1384,STARLINK-31961,satellite,0,74,43.0051,49.6998,98.6697,37.5729,136.2426,6863.3003,483.8068,-5848.432626046807,-1534.1351488282464,3234.659646732195,2115.6473046524293,5664.07726982921,3234.659646732195,28.295,69.5183,5
1385,STARLINK-31964,satellite,0,37,42.9878,56.4007,76.3884,171.2634,247.6517,6859.9083,493.9475,2423.5638550777853,-4743.418535911322,-4328.3631987361605,-5273.342352283578,752.0250009666578,-4328.3631987361605,-39.2715,171.8838,9
1386,STARLINK-31905,satellite,0,27,42.9947,53.3956,96.7311,324.2155,60.9466,6860.7867,485.57,-1533.7451136391223,5286.725275045058,4087.0610907922373,5204.743801112286,-1792.3393016377674,4087.0610907922373,36.7639,-19.002,11
1387,STARLINK-31928,satellite,0,37,43.0222,56.997,17.4331,328.3664,345.7995,6867.0129,483.938,4655.1533014819015,4908.203414793803,-1148.434777976763,1329.6368409607658,-6632.720323702129,-1148.434777976763,-9.6944,-78.6644,4
1388,STARLINK-31953,satellite,0,27,42.9893,53.3252,95.07,347.1303,82.2003,6858.8121,486.9574,-3428.980125863152,3713.491433785849,4631.129785094625,5010.805467128545,663.1379215216401,4631.129785094625,42.6753,7.5388,20
1389,STARLINK-31942,satellite,0,37,43.0203,56.5608,135.6753,34.2016,169.8769,6867.3136,482.3103,-4457.06674453921,-5149.69087289667,822.6410411393687,-1641.1426859183516,6609.947861831386,822.6410411393687,6.93,103.9437,4
1390,STARLINK-31676,satellite,0,37,42.9837,56.8249,100.9065,329.7319,70.6384,6859.6659,485.7918,-2716.4317084407026,4491.114349604158,4409.3879052722305,5235.858109718998,-367.28624086977993,4409.3879052722305,40.2094,-4.0126,18
1391,STARLINK-31908,satellite,0,74,43.0186,49.6574,118.5475,38.7536,157.3011,6866.3624,482.1246,-5571.082073117911,-3570.059183212043,1805.6830742462034,291.79969298169226,6610.3805470054585,1805.6830742462034,15.3551,87.4725,4
1392,STARLINK-31914,satellite,0,37,43.0225,56.9609,42.6821,324.3097,6.9919,6867.466,482.4393,3200.751327470928,6041.192990834563,569.7829413255901,3093.6317012141126,-6096.7421390492345,569.7829413255901,4.7938,-63.0957,10
1393,STARLINK-31850,satellite,0,37,43.0037,56.4675,146.028,73.3129,219.3409,6864.0173,489.426,-279.90808867128646,-6182.500154882048,-2967.6029200612975,-4891.967602973666,3790.8191297760764,-2967.6029200612975,-25.7577,142.2277,16
1394,STARLINK-31924,satellite,0,37,43.0126,56.5919,111.2863,37.3308,148.6172,6865.1796,482.823,-5403.693984961995,-3449.6557150757103,2436.3022668324847,293.77049699206043,6404.196446921815,2436.3022668324847,20.927,87.3736,4
1395,STARLINK-31898,satellite,0,27,42.9872,53.2784,84.8952,11.4704,96.3656,6858.7244,487.0365,-4449.235378576352,2370.7146349167606,4645.380862435402,4501.111871355617,2270.677268069044,4645.380862435402,42.837,26.7696,11
1396,STARLINK-31861,satellite,0,74,43.0233,49.5876,151.4237,34.3175,185.7412,6867.5655,483.3517,-4043.750366202028,-5523.35188732562,-468.3167513606444,-2184.6842584662354,6487.409944360874,-468.3167513606444,-3.9381,108.6113,4
1397,STARLINK-31872,satellite,0,43,43.0205,264.1833,144.2136,33.4471,177.6607,6867.521,482.653,898.4143468940583,6799.01166507103,191.058141995274,5039.518868098935,-4651.554314264409,191.058141995274,1.6058,-42.7075,7
1398,STARLINK-31972,satellite,0,43,42.98,263.9454,95.4618,181.2063,276.6681,6858.7563,495.4904,-5043.774146797284,-266.4906290586667,-4647.693026846285,2688.1476382318206,4276.0422325259415,-4647.693026846285,-42.7978,57.8443,4
1399,STARLINK-31958,satellite,0,63,42.9916,249.3611,82.4164,156.1035,238.5199,6861.0915,492.744,-2743.392966948006,4863.309142049594,-3991.415781674489,5555.6033854790885,-559.6890257064402,-3991.415781674489,-35.7275,-5.7527,4
1400,STARLINK-31959,satellite,0,91,42.9827,260.0212,96.1303,347.6902,83.8205,6858.7292,487.0356,4782.6368531986955,-1590.7499295889786,4646.650337933266,-4055.7002708753885,-2992.5567531599063,4646.650337933266,42.8514,-143.5777,17
1401,STARLINK-31957,satellite,0,43,42.9901,263.4589,77.5787,37.1277,114.7064,6860.1824,486.3304,4852.856943141148,2328.0304508259983,4247.123743372654,-893.1615249106751,-5307.749879278938,4247.123743372654,38.4503,-99.552,113
1402,STARLINK-31968,satellite,0,43,42.9831,263.5967,110.2044,322.052,72.2564,6859.4565,486.2539,4513.696889848846,-2608.894954940343,4451.520234258731,-4732.926785802737,-2186.1373560632674,4451.520234258731,40.6692,-155.2078,4
1403,STARLINK-31970,satellite,0,43,42.9884,263.8738,102.7236,195.0906,297.8142,6860.6179,492.9805,-4756.832826431023,-2710.2911885077156,-4139.080614059653,525.3984422969637,5449.503953750859,-4139.080614059653,-37.2623,84.493,4
1404,STARLINK-31932,satellite,0,91,43.0212,260.6357,128.6737,39.3242,167.9979,6867.1834,482.8659,2121.0140956044957,6451.458025575629,973.3532983221659,4051.0487045802283,-5450.597750947689,973.3532983221659,8.2068,-53.3792,8
1405,STARLINK-31956,satellite,0,43,43.0129,263.7935,8.8648,324.3186,333.1834,6865.7352,486.292,-2912.551467098077,-5843.751991686747,-2111.8890374600373,-3098.3001590719127,5747.4280781174575,-2111.8890374600373,-18.0285,118.328,8
1406,STARLINK-31960,satellite,0,43,42.9933,263.6427,94.6427,323.4598,58.1025,6861.0848,485.4253,3830.3471148472854,-4072.085426842081,3969.4347312911955,-5535.147461937677,-784.5899045510776,3969.4347312911955,35.5451,-171.9322,4
1407,STARLINK-31432,satellite,0,43,42.9781,263.9664,86.7765,182.7817,269.5583,6858.602,495.0936,-4987.742846903126,580.3990529209776,-4678.676621131575,3348.0664251530543,3742.311181639992,-4678.676621131575,-43.1546,48.1825,4
1408,STARLINK-31853,satellite,0,43,42.9952,263.8346,63.1301,248.8356,311.9658,6862.6318,490.5437,-4203.741890454217,-4161.897930193124,-3479.968555858322,-979.7276766430529,5833.778701881399,-3479.968555858322,-30.6239,99.5333,7
1409,STARLINK-31971,satellite,0,91,43.0114,260.6244,112.08,34.7787,146.8587,6864.9054,482.6795,3640.3229845576707,5218.913622824618,2557.5046753030815,2168.2871788573807,-5982.2689294619595,2557.5046753030815,22.0206,-70.0768,28
1410,STARLINK-31962,satellite,0,43,43.0183,264.1616,158.7422,33.1172,191.8595,6867.2128,483.8619,-342.5670278978359,6785.157430562048,-962.0399154505491,5743.18462157759,-3629.262174132478,-962.0399154505491,-8.1096,-32.2898,9
1411,STARLINK-31879,satellite,0,43,43.0032,264.2575,97.7434,37.4752,135.2185,6863.142,484.003,4001.699209251181,4489.3494364083135,3294.412760829104,1363.7751297351085,-5857.300770749028,3294.412760829104,28.8646,-76.8931,66
1412,STARLINK-31876,satellite,0,43,43.0212,263.7591,27.8544,326.5056,354.3601,6867.5125,483.5038,-1232.3818407029007,-6734.267266123999,-460.0742548197724,-4794.1855108405625,4887.218626225952,-460.0742548197724,-3.8686,134.4494,4
1413,STARLINK-31955,satellite,0,43,43.0083,263.6944,72.291,324.5849,36.8758,6864.3362,483.2962,2388.588534244557,-5783.1713812414355,2807.0442785120763,-6103.028269425374,1379.6638551941755,2807.0442785120763,24.2959,167.2617,4
1414,STARLINK-31946,satellite,0,43,43.0167,264.2122,120.9631,35.4695,156.4327,6866.1715,482.5719,2628.94336351986,6052.740111870331,1870.9352028997646,3432.515932444763,-5636.030557400486,1870.9352028997646,15.9231,-58.6573,8
1415,STARLINK-31948,satellite,0,91,43.0217,260.6034,156.2145,33.0107,189.2251,6867.3009,483.6417,312.36037746972744,6813.197202837036,-750.5032406288148,5388.7674096958535,-4180.718949458248,-750.5032406288148,-6.3185,-37.8051,9
1416,STARLINK-31900,satellite,0,43,42.9846,263.5219,88.529,5.0001,93.5292,6858.6535,487.0973,5021.0505615889515,-145.43109138275412,4665.097557851652,-3011.7376802612503,-4020.1411778279735,4665.097557851652,43.0617,-126.8392,64
1417,STARLINK-31973,satellite,0,43,42.9923,264.0826,85.35,148.863,234.2129,6861.6544,491.8665,-3636.9135881229713,4412.023936045899,-3796.5387884373986,5701.548117900049,430.6329283576248,-3796.5387884373986,-33.7485,4.3193,4
1418,STARLINK-31966,satellite,0,43,42.9821,264.0119,77.0181,178.4209,255.439,6859.1805,494.6936,-4653.302294937967,2223.119988992299,-4529.026459138224,4498.048939935971,2522.506782443401,-4529.026459138224,-41.4672,29.2837,4
1419,STARLINK-32302,satellite,0,7,43.0189,85.5849,162.3667,34.4289,196.7956,6866.9595,484.9253,939.7215692536173,-6661.60568135606,-1352.8119470661484,-5986.24984353423,3069.9966925686126,-1352.8119470661484,-11.439,152.8494,7
1420,STARLINK-32364,satellite,0,7,43.0054,85.6741,102.8424,37.5659,140.4083,6863.9473,483.5424,-3585.563611941333,-5028.391477773897,2980.9419544498865,-2044.114362685891,5827.742593945634,2980.9419544498865,25.9059,109.3286,5
1421,STARLINK-32331,satellite,0,15,42.9847,89.3508,100.8793,331.2729,72.1522,6859.4876,486.4606,-4749.619306675327,2155.1188886005316,4449.199472623757,4497.961466817274,2640.4097457350813,4449.199472623757,40.6422,30.4139,10
1422,STARLINK-32398,satellite,0,7,42.9828,85.8741,99.0404,337.5469,76.5873,6859.1261,486.5548,-4751.181997081283,1937.034943909834,4546.294080504986,4320.611964986047,2767.335720749558,4546.294080504986,41.7206,32.6394,9
1423,STARLINK-32365,satellite,0,7,43.0222,85.6046,150.4121,32.3703,182.7824,6867.5606,483.0722,-282.43318173076653,-6851.602771402957,-227.24307400730973,-5437.4005191459055,4178.385409895918,-227.24307400730973,-1.9099,142.4594,5
1424,STARLINK-32333,satellite,0,15,43.0193,89.4972,41.8815,326.578,8.4595,6867.405,482.2372,-678.278740505977,6791.733133599754,688.5228243198587,5941.979009189159,-3358.658431906187,688.5228243198587,5.796,-29.477,6
1425,STARLINK-32399,satellite,0,78,42.9908,78.3734,102.8735,194.7008,297.5743,6860.6467,493.3764,4999.245024831659,2215.1240789519775,-4148.596582849493,-1069.7862549383672,-5362.348633966453,-4148.596582849493,-37.3598,-101.2824,4
1426,STARLINK-32421,satellite,0,7,43.0051,85.9737,77.2305,323.9406,41.1711,6863.7199,483.4707,-2930.6421330491326,5380.846694504414,3078.9808562102457,6086.4934767209015,-704.8202746769907,3078.9808562102457,26.8239,-6.6055,8
1427,STARLINK-32403,satellite,0,7,42.9822,85.8013,83.7863,14.0227,97.8089,6858.8475,486.708,-5023.2824026580665,-565.1317411494641,4630.2449171036105,2432.2485030500625,4431.355007344768,4630.2449171036105,42.6671,61.2388,4
1428,STARLINK-32390,satellite,0,7,43.0213,86.045,33.0778,325.6395,358.7173,6867.6046,482.8618,585.1193407402284,6835.194947247035,-104.78842104972637,5249.597515671182,-4416.331116802569,-104.78842104972637,-0.8806,-40.0729,7
1429,STARLINK-32348,satellite,0,15,42.9962,89.4133,88.1395,322.7771,50.9166,6862.2003,484.5585,-3848.301413793896,4362.436653642119,3629.5774201839554,5782.8089549939805,631.9793655569625,3629.5774201839554,32.1223,6.2369,12
1430,STARLINK-32455,satellite,0,15,43.011,89.5631,19.9602,306.0786,326.0388,6864.8024,488.0055,2846.754929732535,5670.762619768579,-2615.2536598341717,2994.8167140023147,-5593.982049421812,-2615.2536598341717,-22.5258,-61.837,14
1431,STARLINK-32396,satellite,0,15,43.0112,89.4632,64.8484,324.8453,29.6937,6865.3902,482.7113,-2428.3162257184076,5980.807205095449,2317.5052648364635,6287.453987711064,-1461.0601866539137,2317.5052648364635,19.8635,-13.0821,4
1432,STARLINK-32355,satellite,0,15,43.0011,89.5961,66.3461,245.5834,311.9296,6862.6373,490.6287,3766.4751459129075,4559.694315801139,-3482.375363980574,1556.795141916449,-5705.570625663503,-3482.375363980574,-30.6469,-74.7381,12
1433,STARLINK-32370,satellite,0,7,43.0088,85.5453,159.1334,58.8985,218.0319,6864.242,488.682,2662.7357052779334,-5629.609017038406,-2884.1800894420567,-6135.464279918663,1067.116296719459,-2884.1800894420567,-24.9869,170.1335,8
1434,STARLINK-32405,satellite,0,15,42.9872,89.6557,100.5188,190.1749,290.6937,6859.7543,494.2598,4711.381034070631,2397.16676262725,-4377.954734505033,-755.1421794157349,-5231.948014354932,-4377.954734505033,-39.8068,-98.2129,4
1435,STARLINK-32419,satellite,0,7,43.0178,86.0123,55.2705,324.6655,19.936,6866.5642,482.1395,-1257.4098739594265,6551.379603605586,1595.5547421075096,6079.192710252901,-2746.8291343434407,1595.5547421075096,13.5324,-24.3154,4
1436,STARLINK-32320,satellite,0,15,42.9836,89.725,89.0522,180.412,269.4642,6858.6628,495.949,5020.858587206839,-88.28657804428019,-4679.675136220323,-2964.92028659932,-4052.907988926374,-4679.675136220323,-43.1593,-126.1875,4
1437,STARLINK-32341,satellite,0,7,42.99,85.9159,96.8739,325.5589,62.4328,6860.548,485.5801,-4208.279430903318,3481.3839773030168,4144.086854075049,5270.0856294722025,1433.8227310294324,4144.086854075049,37.3621,15.22,13
1438,STARLINK-32339,satellite,0,7,42.9962,85.4922,81.999,157.3497,239.3486,6860.9776,492.8025,4030.259239799014,-3827.7291374044103,-4026.650987576789,-5450.603098936736,-1088.77258744941,-4026.650987576789,-36.091,-168.7037,6
1439,STARLINK-32327,satellite,0,7,43.0169,85.6314,127.0224,34.5581,161.5804,6866.7163,482.3173,-2075.83498646296,-6368.413319582269,1478.6347815319475,-4009.2023929492743,5365.824752302887,1478.6347815319475,12.524,126.7661,5
1440,STARLINK-32337,satellite,0,7,42.991,85.7275,84.9831,34.1088,119.0918,6860.7605,485.4657,-4618.37841403545,-2997.7177343215435,4085.1974482074907,210.70147431482485,5501.939265260572,4085.1974482074907,36.7451,87.8069,4
1441,STARLINK-32362,satellite,0,5,42.9946,158.0536,89.8959,37.2406,127.1365,6861.8753,484.864,2345.292165900299,-5255.386512438861,3727.507666109651,-5646.700759723753,1110.9695174453698,3727.507666109651,33.0947,168.8694,4
1442,STARLINK-32472,satellite,0,5,42.9805,158.6156,88.6318,178.942,267.5738,6858.7564,496.8396,2100.2321188899045,4566.436663532214,-4676.038055578125,2522.309235111966,-4347.559646254078,-4676.038055578125,-43.1108,-59.8791,13
1443,STARLINK-32352,satellite,0,5,43.0138,157.9914,119.9875,35.4809,155.4684,6866.0048,482.6781,5004.876669581521,-4268.9733848684455,1942.7360142485059,-6372.776203320649,-1631.1491963724898,1942.7360142485059,16.5508,-165.643,9
1444,STARLINK-32427,satellite,0,5,42.9848,158.2382,98.9343,331.376,70.3104,6859.6935,486.4508,-3895.9250328991952,-3529.086095732061,4400.983066973003,-639.8502176014185,5217.5925705343625,4400.983066973003,40.1127,96.9915,4
1445,STARLINK-32346,satellite,0,5,42.997,158.2979,85.5735,323.6869,49.2604,6862.3819,484.3327,-5562.751819941486,-1875.6931564584868,3542.945948945178,1671.8819992022593,5627.3655655369475,3542.945948945178,31.2703,73.4534,5
1446,STARLINK-32330,satellite,0,13,42.9814,168.944,94.7862,187.7646,282.5508,6859.1103,495.7029,-523.9715566743779,5096.854826000057,-4568.015567741431,4467.774692222516,-2508.2792127392513,-4568.015567741431,-41.8958,-29.3105,4
1447,STARLINK-32379,satellite,0,5,43.0207,157.9608,141.4174,35.2483,176.6657,6867.5414,482.6702,6239.201446139731,-2840.503136446599,272.2482226757478,-5916.377302004407,-3463.029363722192,272.2482226757478,2.2884,-149.6583,4
1448,STARLINK-32433,satellite,0,13,42.9795,169.017,84.2553,177.1726,261.4279,6858.9313,495.5608,1950.3802631251824,4679.686594112387,-4627.141357359637,2701.2104190849645,-4290.327733603842,-4627.141357359637,-42.5638,-57.8053,13
1449,STARLINK-32394,satellite,0,13,42.9856,169.0636,77.3388,170.0003,247.3392,6860.0288,494.2501,3475.5240775288853,4047.630552680598,-4318.624751778422,1305.8933296406617,-5172.738473582101,-4318.624751778422,-39.1644,-75.8313,12
1450,STARLINK-32486,satellite,0,13,43.0,169.1222,102.4983,123.5814,226.0797,6863.0368,491.4603,5358.41762739577,2652.6132717202595,-3372.128250033945,-919.14333061839,-5907.97530264573,-3372.128250033945,-29.5757,-98.843,4
1451,STARLINK-32391,satellite,0,13,43.0186,169.1667,172.3123,32.6386,204.9509,6866.0373,486.3502,6509.139599225446,909.4089332752062,-1975.0560462283245,-3006.9294864500716,-5844.16786152166,-1975.0560462283245,-16.8248,-117.2266,4
1452,STARLINK-32483,satellite,0,13,43.0193,169.1971,148.5033,35.2101,183.7135,6867.6118,483.3227,6786.564682163274,-964.1954256660928,-303.1839457070167,-4698.148847229341,-4991.44572376971,-303.1839457070167,-2.5484,-133.2662,4
1453,STARLINK-32451,satellite,0,13,43.0091,169.2699,101.1832,40.0494,141.2327,6864.145,483.2947,4668.686198579645,-4080.4724162191555,2928.9315052789316,-6025.010255541997,-1464.9700955812066,2928.9315052789316,25.4229,-166.3338,9
1454,STARLINK-32556,satellite,0,13,43.0226,169.229,128.1931,34.3034,162.4965,6866.8314,482.437,6144.919322376379,-2704.3573583822554,1407.6522047982291,-5750.778721954239,-3464.4085052818464,1407.6522047982291,11.9137,-148.9342,9
1455,STARLINK-32466,satellite,0,13,42.9959,169.3057,85.9187,41.144,127.0626,6861.9711,484.415,3317.808169039112,-4698.86602054869,3730.987993295674,-5752.145010558775,-4.55006742107734,3730.987993295674,33.1319,-179.9547,4
1456,STARLINK-32316,satellite,0,75,43.0094,165.6836,154.5954,61.7632,216.3585,6864.5325,488.7552,6091.317036446515,1516.1644528427225,-2775.448084645875,-2270.2730314662954,-5852.243864464661,-2775.448084645875,-23.985,-111.2029,4
1457,STARLINK-32415,satellite,0,13,42.9835,169.4412,86.0612,358.7855,84.8467,6858.5811,486.7417,-1520.5105080867263,-4797.105529422628,4654.758123251918,-3044.8509856822293,4006.6265287158053,4654.758123251918,42.9463,127.2332,7
1458,STARLINK-32393,satellite,0,13,42.9826,169.3683,79.9599,25.8943,105.8542,6859.3633,485.5954,950.4902852499574,-5086.411442846425,4495.47529285156,-4704.97693087876,2153.6492816083774,4495.47529285156,41.1606,155.4046,6
1459,STARLINK-32324,satellite,0,13,43.0036,169.5595,78.7532,323.5238,42.277,6863.4843,483.6937,-5601.067329002153,-2398.264516449058,3146.284766311673,1266.8362786658513,5959.761216519501,3146.284766311673,27.4572,77.9995,4
1460,STARLINK-32318,satellite,0,13,43.0197,169.6202,41.2328,325.6535,6.8863,6867.4208,482.3461,-6807.742778613119,635.582289805113,561.1863353800504,4441.760237644916,5198.085472378226,561.1863353800504,4.7214,49.4861,4
1461,STARLINK-32401,satellite,0,13,43.021,169.6521,18.753,326.9053,345.6583,6866.9963,484.1066,-6316.464745627675,2416.5135302328986,-1159.61344906469,5614.3466022668745,3770.461079784587,-1159.61344906469,-9.7894,33.8844,2
1462,STARLINK-32588,satellite,0,13,43.0153,169.5995,55.9906,325.0082,20.9989,6866.4019,482.545,-6623.088628963939,-611.6684468971206,1676.8741062889878,3315.937765987116,5765.760835149282,1676.8741062889878,14.2352,60.0964,5
1463,STARLINK-32569,satellite,0,13,43.0073,169.686,8.6015,315.8517,324.4532,6864.5181,487.7713,-4971.056067662047,3870.070532195882,-2721.3066410415613,6027.249225632196,1833.3333368830324,-2721.3066410415613,-23.4928,16.9184,2
1464,STARLINK-32303,satellite,0,51,42.9991,212.991,54.8651,257.4433,312.3084,6862.5381,490.1716,-5895.812303509974,598.0000282308631,-3461.2872240246215,3885.6352683653104,4474.376527877303,-3461.2872240246215,-30.4441,49.0283,4
1465,STARLINK-32434,satellite,0,51,43.0174,213.3635,129.8163,34.0351,163.8514,6866.7332,482.0363,6270.027497982479,2458.4791976407405,1301.5386789141892,-1603.0404408485865,-6541.225124981761,1301.5386789141892,11.0048,-103.7699,14
1466,STARLINK-32460,satellite,0,51,42.9859,212.6305,77.9435,30.0826,108.0261,6859.317,486.3474,4358.0028353621765,-2872.1823365166842,4444.757257385113,-4858.420555115728,-1907.188977750287,4444.757257385113,40.594,-158.5673,4
1467,STARLINK-32559,satellite,0,51,43.009,212.8587,64.6431,325.4651,30.1083,6865.1685,482.6524,-3618.7825734953344,-5332.288150505584,2346.7124462829975,-2273.3637669927434,6029.983533740397,2346.7124462829975,20.1246,110.6569,5
1468,STARLINK-32541,satellite,0,24,43.0228,216.799,148.7155,31.9384,180.6538,6867.462,482.7767,5459.175584567662,4155.317880359105,-53.41887215284572,251.03338022227996,-6856.110193979232,-53.41887215284572,-0.4489,-87.9031,6
1469,STARLINK-32544,satellite,0,51,43.0191,212.9228,22.1294,325.3668,347.4963,6867.1145,483.9817,-6213.409199346291,-2729.206868716085,-1013.5172951364018,1349.1419630037224,6650.927752910163,-1013.5172951364018,-8.5465,78.5331,4
1470,STARLINK-32555,satellite,0,24,42.9913,216.926,82.8994,34.0715,116.9708,6860.3383,485.6532,5170.798401342507,-1704.787007344169,4166.472285128106,-4372.546575746711,-3244.116411391771,4166.472285128106,37.5978,-143.4272,6
1471,STARLINK-32547,satellite,0,51,42.9838,212.656,75.7847,25.1662,100.9509,6858.7979,487.2175,3753.447050921995,-3442.8634173369032,4589.075833916779,-4976.550086667865,-1084.261273585766,4589.075833916779,42.1968,-167.7088,4
1472,STARLINK-32616,satellite,0,51,42.982,213.1209,88.0288,181.883,269.9118,6858.4328,494.9345,-2734.5710863036843,4210.811560658075,-4679.041720941174,5017.204972551411,-190.9641034990549,-4679.041720941174,-43.16,-2.1797,4
1473,STARLINK-32605,satellite,0,51,43.0168,212.889,38.3738,330.5201,8.8939,6867.1912,482.1739,-5270.219545005508,-4331.493981534293,723.5559165430002,-503.8967746102906,6803.171481387428,723.5559165430002,6.0921,94.236,4
1474,STARLINK-32579,satellite,0,24,43.0165,216.7664,165.4614,36.4165,201.8778,6866.1995,485.6072,3982.307155854298,5309.41992881048,-1744.484168432571,2045.2284284569735,-6313.933080057916,-1744.484168432571,-14.815,-72.0517,6
1475,STARLINK-32537,satellite,0,24,42.9874,216.972,71.7559,30.9647,102.7206,6858.8204,487.1832,4148.251207096594,-3000.4082993056973,4559.830593759114,-4842.37735057868,-1661.8723279251788,4559.830593759114,41.8678,-161.0581,4
1476,STARLINK-32564,satellite,0,24,43.0026,216.8635,103.9766,34.2238,138.2004,6863.4748,482.7201,6094.390988573409,392.4045330816748,3116.879359603769,-3190.543747261401,-5207.303854779266,3116.879359603769,27.1838,-121.496,42
1477,STARLINK-32536,satellite,0,24,42.9857,217.0384,98.8156,342.7325,81.548,6858.6684,487.2897,2183.690176058121,-4566.6869319746565,4623.54436456098,-4990.688803493959,846.2609446033075,4623.54436456098,42.5865,170.376,4
1478,STARLINK-32624,satellite,0,51,43.0046,212.546,99.5103,36.9366,136.4469,6863.1756,484.0865,6048.310652494584,-239.0758541862719,3222.710665899679,-3680.132034779509,-4805.813897741358,3222.710665899679,28.18,-127.4437,31
1479,STARLINK-32622,satellite,0,51,42.9822,212.6778,84.3208,9.5318,93.8526,6858.5047,487.0371,3089.284172474773,-3963.056051070713,4663.1565465517915,-5019.0706010723425,-241.70284169335704,4663.1565465517915,43.04,-177.2429,4
1480,STARLINK-32620,satellite,0,51,42.9852,213.0479,98.4523,192.664,291.1163,6859.6564,493.8322,-4626.699865766259,2577.4397460260866,-4365.234375778226,4772.323509689412,2296.622653189301,-4365.234375778226,-39.6715,25.6986,4
1481,STARLINK-32609,satellite,0,51,43.0117,212.9436,11.1272,322.418,333.5452,6865.6457,486.0219,-6371.371403972595,-1465.055107705761,-2085.352969332203,2473.399882405604,6051.698361426352,-2085.352969332203,-17.7952,67.7696,4
1482,STARLINK-32567,satellite,0,8,42.9886,209.7033,77.5098,175.6193,253.1292,6859.2129,494.3183,-650.4933216676225,5160.068982471726,-4478.370100344658,4592.33778676999,-2441.2880038220546,-4478.370100344658,-40.9076,-27.9951,4
1483,STARLINK-32420,satellite,0,51,42.9944,212.8084,88.5959,322.7593,51.3552,6861.9646,484.6459,-1476.5715024762092,-5612.260681454767,3651.9252833613027,-3736.429442494698,4440.363541399143,3651.9252833613027,32.3432,130.0796,7
1484,STARLINK-32354,satellite,0,24,43.0181,216.8245,123.3691,36.0903,159.4595,6866.3395,482.1913,6196.1112587065045,2441.23518905231,1641.8881811415738,-1574.548023133288,-6470.874940947617,1641.8881811415738,13.933,-103.6759,17
1485,STARLINK-32361,satellite,0,51,43.0119,213.3646,114.822,34.8809,149.703,6865.2427,482.7328,6337.0409458000895,1143.7286249116707,2360.1793136859287,-2716.255069540225,-5838.506787988369,2360.1793136859287,20.2448,-114.9493,23
1486,STARLINK-32500,satellite,0,24,43.0032,216.7178,174.2441,48.7574,223.0015,6863.323,489.2358,1976.6696710729507,5744.487863233864,-3192.2856373748814,3556.3739175429764,-4925.298809006499,-3192.2856373748814,-27.8682,-54.1684,15
1487,STARLINK-32499,satellite,0,19,43.0125,110.7756,56.7107,327.1587,23.8694,6866.039,482.0127,-4122.075044889314,5144.266837876062,1893.20401937862,6579.568266402129,405.2966848183051,1893.20401937862,16.119,3.5249,5
1488,STARLINK-32372,satellite,0,19,43.019,110.8386,19.0631,322.4437,341.5068,6866.6646,484.7884,-827.747151793636,6647.989651501692,-1484.927051085339,5910.606965840511,-3153.673579991068,-1484.927051085339,-12.5735,-28.0827,8
1489,STARLINK-32452,satellite,0,22,42.9841,104.0473,102.0028,184.7545,286.7574,6859.1842,494.2972,4183.514972798676,3086.5532545276737,-4480.650101137389,112.45368238287398,-5197.688206307167,-4480.650101137389,-40.9329,-88.7606,9
1490,STARLINK-32458,satellite,0,30,42.991,96.8347,97.2082,325.5962,62.8044,6860.4885,485.3586,-4801.423272677253,2580.1534311936475,4157.942463763132,4875.208139794798,2437.868488164537,4157.942463763132,37.5096,26.5675,9
1491,STARLINK-32487,satellite,0,19,43.0206,111.2345,147.2966,31.6921,178.9887,6867.4478,482.6114,2401.9606446514626,-6426.008570249295,82.61263388166842,-6636.152415617641,1739.103849706511,82.61263388166842,0.6943,165.315,4
1492,STARLINK-32513,satellite,0,30,42.9983,96.6294,89.7487,36.8523,126.601,6861.794,484.7274,-3526.895254191997,-4525.504278593826,3753.8653335354593,-1666.8836559030872,5490.052639756399,3753.8653335354593,33.3594,106.8893,4
1493,STARLINK-32514,satellite,0,22,42.9824,104.116,84.473,180.9172,265.3901,6858.6415,495.3071,4988.2781685027385,685.6479256194435,-4664.247667658123,-2313.57755648918,-4472.179675994339,-4664.247667658123,-42.988,-117.3537,4
1494,STARLINK-32498,satellite,0,30,43.0144,96.4937,161.4725,42.9526,204.4251,6866.0277,486.3512,2768.300600230367,-5973.825787723962,-1935.8872091481187,-6477.629216752276,1179.1532918110854,-1935.8872091481187,-16.4817,169.6831,5
1495,STARLINK-32518,satellite,0,22,42.9904,104.2328,84.7525,39.4763,124.2289,6861.4377,484.6769,-3070.897401836431,-4757.550393341498,3865.2272016824268,-2119.2678475446824,5251.038029585476,3865.2272016824268,34.4839,111.9785,5
1496,STARLINK-32471,satellite,0,22,43.0076,103.9537,7.811,314.3521,322.1631,6863.9683,488.1507,1680.569927878642,6002.115448193852,-2871.3429572911423,3937.5419573670956,-4831.714858092415,-2871.3429572911423,-24.8703,-50.8221,12
1497,STARLINK-32450,satellite,0,22,42.9925,104.0041,100.6608,200.2394,300.9002,6860.8099,492.5484,3326.6348883756837,4462.27839172377,-4015.8484048454284,1730.5859781889433,-5289.943317078076,-4015.8484048454284,-35.9808,-71.8847,12
1498,STARLINK-32613,satellite,0,19,42.979,111.4828,90.7818,349.013,79.7948,6858.8449,485.9705,-5037.286076383911,-677.3869329039321,4598.964196516574,2348.5654665336533,4507.476491520036,4598.964196516574,42.318,62.4788,4
1499,STARLINK-32610,satellite,0,19,42.9915,111.3437,86.0681,36.286,122.3541,6861.0659,485.3993,-2610.5660899682775,-4959.514465538164,3949.5115648136343,-2549.5613449330817,4991.149766576592,3949.5115648136343,35.3404,117.0587,5
1500,STARLINK-32612,satellite,0,19,42.9811,111.4089,79.6041,21.4933,101.0974,6858.8476,486.7912,-4100.203521798499,-3024.883962542522,4586.283518942204,-110.04834871345585,5094.063335684119,4586.283518942204,42.1685,91.2376,4
1501,STARLINK-32601,satellite,0,19,43.0184,110.8044,35.2831,327.4508,2.7339,6867.5435,482.3115,-2657.557537036656,6320.837784750143,223.2461069573088,6697.453332288539,-1469.5990016336343,223.2461069573088,1.8765,-12.3761,5
1502,STARLINK-32593,satellite,0,19,42.999,111.5908,81.0347,323.3297,44.3643,6863.1694,483.6394,-5064.308886865724,3267.794026564546,3269.7595449846344,5588.708938730296,2256.5537218941117,3269.7595449846344,28.6305,21.9874,7
1503,STARLINK-32586,satellite,0,19,43.0177,111.2058,173.0228,27.0235,200.0463,6866.463,484.9349,3934.990616746772,-5387.626062298483,-1604.6714414432765,-6670.688340301511,-112.17311446362474,-1604.6714414432765,-13.6055,-179.0366,5
1504,STARLINK-32611,satellite,0,19,43.0033,111.1686,145.6664,75.6999,221.3664,6863.7222,489.5235,4953.2959698265895,-3605.488648844427,-3093.5737255830513,-5800.762067816049,-1971.2556389856736,-3093.5737255830513,-26.9353,-161.2309,4
1505,STARLINK-32607,satellite,0,19,43.0053,111.2871,108.0062,35.4785,143.4847,6864.3013,483.2273,-779.6015208157094,-6218.952293312346,2783.283103208734,-4633.864003971634,4220.242949220938,2783.283103208734,24.0777,137.6746,7
1506,STARLINK-32606,satellite,0,19,42.9953,110.9005,95.2018,211.0419,306.2437,6861.5996,491.8441,2334.6871196666857,5235.194943257614,-3774.8497559239263,2933.8346620594243,-4924.494310723313,-3774.8497559239263,-33.5306,-59.2151,15
1507,STARLINK-32578,satellite,0,19,42.9872,110.9254,102.6072,196.5672,299.1744,6860.6048,493.9392,2900.1069861124197,4691.426279213183,-4086.674697687128,2163.622253137948,-5073.3460171681945,-4086.674697687128,-36.7076,-66.9033,14
1508,STARLINK-32517,satellite,0,19,42.9889,111.5508,93.671,324.8535,58.5245,6861.0513,485.0438,-5293.0401421342685,1758.366595786765,3986.929817812955,4486.768974199718,3313.1603045404095,3986.929817812955,35.7276,36.4432,5
1509,STARLINK-32522,satellite,0,19,42.9916,111.1108,75.8511,166.6957,242.5468,6860.5238,492.674,5295.244654857221,-1347.205913517663,-4152.784400739446,-4151.978932032884,-3551.851724969104,-4152.784400739446,-37.4083,-139.4543,4
1510,STARLINK-32560,satellite,0,19,43.0072,110.8731,12.6908,307.7261,320.4169,6863.6821,488.2241,1103.3355308825498,6080.987118542973,-2982.5322594527447,4334.580009802497,-4405.3569399327935,-2982.5322594527447,-25.9016,-45.464,12
1511,STARLINK-32637,satellite,0,38,43.0016,187.293,119.8402,104.8116,224.6517,6862.9817,490.2365,4395.281694630193,4118.938464788699,-3289.7867972857903,834.2596147726993,-5965.581794513126,-3289.7867972857903,-28.7916,-82.0391,11
1512,STARLINK-32582,satellite,0,28,43.014,194.6828,61.3362,323.4081,24.7443,6865.7569,482.0397,-5493.272901652107,-3609.272415869038,1958.3439612662467,214.9193191304567,6569.376243620317,1958.3439612662467,16.6892,88.1262,4
1513,STARLINK-32615,satellite,0,38,43.0234,187.7795,44.1786,328.1651,12.3437,6866.9512,482.0903,-6494.397477859634,-1969.2972931115607,1000.5588962518378,2132.1412800039434,6442.771452658339,1000.5588962518378,8.4388,71.6888,4
1514,STARLINK-32592,satellite,0,28,42.9848,195.0184,76.7398,166.5698,243.3096,6860.2773,493.3621,1815.1609211380544,5131.559204709901,-4180.967288500004,3148.452691544305,-4440.152552579369,-4180.967288500004,-37.7012,-54.6601,14
1515,STARLINK-32225,satellite,0,38,43.0187,187.8074,28.6786,322.3178,350.9963,6867.777,483.8939,-6821.069221220786,-142.78993204146485,-732.620806307514,3813.239525413581,5657.435691830845,-732.620806307514,-6.1671,56.0191,4
1516,STARLINK-32595,satellite,0,28,42.9958,194.8141,92.1118,214.8169,306.9287,6861.6506,491.3626,-5012.423083644683,2824.9797889579518,-3741.3338091888404,5196.882968783492,2469.271833201655,-3741.3338091888404,-33.1974,25.4145,4
1517,STARLINK-32480,satellite,0,38,43.0138,187.827,359.113,337.9261,337.0391,6865.9596,485.4447,-6526.076924664437,1078.6438815706788,-1826.1232802797942,4641.613124845152,4712.598036025639,-1826.1232802797942,-15.5254,45.4348,4
1518,STARLINK-32510,satellite,0,28,43.0174,195.1659,130.9773,34.5651,165.5424,6866.8643,482.4283,6738.954541489701,529.2296925421324,1168.4235183739725,-3450.0746389587366,-5812.966313797685,1168.4235183739725,9.867,-120.6897,5
1519,STARLINK-32456,satellite,0,38,42.9982,187.8712,35.4152,280.2418,315.657,6863.0887,489.553,-5342.26866021717,2803.0429143968913,-3271.2891047059675,5368.9929758858125,2751.508394095497,-3271.2891047059675,-28.6181,27.1343,4
1520,STARLINK-32509,satellite,0,38,42.9974,187.7098,85.1269,322.5606,47.6874,6862.5254,484.2953,-4076.6893915182195,-4294.303196468269,3457.986729647749,-1161.149567217724,5806.218047977949,3457.986729647749,30.441,101.309,4
1521,STARLINK-32491,satellite,0,28,43.0194,195.136,153.4263,33.345,186.7713,6867.3056,483.4455,6422.765537194418,2350.0739329160397,-551.9440709836394,-1779.6447309270025,-6603.607292050878,-551.9440709836394,-4.6427,-105.0826,4
1522,STARLINK-32577,satellite,0,28,43.0187,194.7312,22.2102,327.1412,349.3513,6867.1152,483.7695,-6757.46806589105,-818.1923606088404,-865.0218848334714,3224.5589559643186,5994.58363358176,-865.0218848334714,-7.2873,61.7237,4
1523,STARLINK-32618,satellite,0,38,43.0146,187.8138,18.3898,325.5989,343.9887,6866.8986,484.5051,-6722.598094634992,474.3303761148856,-1291.1641193153498,4260.905802070119,5221.397915652523,-1291.1641193153498,-10.912,50.7839,4
1524,STARLINK-32598,satellite,0,38,42.9828,187.1844,82.0133,177.9906,260.0039,6858.5805,494.7766,563.5861458235697,5054.821055158502,-4608.181832471402,3806.8239560928278,-3372.9714808690164,-4608.181832471402,-42.3552,-41.542,5
1525,STARLINK-32630,satellite,0,28,42.9816,194.8748,99.1536,186.5785,285.7321,6859.1408,494.6477,-3039.3132507004993,4193.401761681009,-4504.031730967986,5178.551871721482,68.14603908490555,-4504.031730967986,-41.1895,0.7539,4
1526,STARLINK-32599,satellite,0,28,42.979,194.9462,81.6444,182.8815,264.5259,6858.5085,495.2122,-656.5634105726677,4998.20419956927,-4657.7024521838,4463.535671783337,-2343.068509329671,-4657.7024521838,-42.914,-27.6966,4
1527,STARLINK-32473,satellite,0,38,43.0067,187.7379,66.4603,327.117,33.5773,6864.6787,483.3843,-5288.561875492425,-3517.928664598309,2587.2475223239335,171.63475464039666,6349.429132694839,2587.2475223239335,22.2877,88.4516,4
1528,STARLINK-32492,satellite,0,28,43.0041,194.6349,79.5126,326.3269,45.8395,6862.7734,484.0006,-3713.168212358092,-4687.651554509678,3355.10881535307,-1692.0930688242545,5735.722824213222,3355.10881535307,29.4472,106.4366,4
1529,STARLINK-32496,satellite,0,28,43.0102,195.0998,163.6378,44.3225,207.9603,6865.3986,486.6078,5239.317872294273,3850.583108715617,-2194.796017525851,128.63057908273197,-6500.838116596433,-2194.796017525851,-18.7608,-88.8664,4
1530,STARLINK-32495,satellite,0,28,43.0083,194.3417,108.9006,36.2272,145.1278,6864.4677,482.9206,6161.211007601329,-1384.171836269208,2674.484197949656,-4681.117983847516,-4238.347221949614,2674.484197949656,23.0827,-137.8419,4
1531,STARLINK-32494,satellite,0,28,43.0218,194.7078,35.6837,327.846,3.5298,6867.2997,482.5551,-6544.859632745741,-2037.23742954125,288.1865236030514,2105.6844326805585,6523.160049135335,288.1865236030514,2.4225,72.1099,4
1532,STARLINK-32408,satellite,0,38,42.9939,187.6905,91.2553,323.5335,54.7888,6861.4272,485.1738,-3369.5952338742045,-4589.734575431162,3820.188162351547,-1810.0101306225872,5398.49042234027,3820.188162351547,34.0246,108.5353,4
1533,STARLINK-32571,satellite,0,38,42.9829,187.1095,97.7824,183.461,281.2434,6858.7822,494.8423,-1937.419168138843,4721.113923035936,-4589.515648742182,4975.020298541343,-1136.5222111587457,-4589.515648742182,-42.144,-12.8682,4
1534,STARLINK-33566,satellite,0,94,42.9818,122.1783,75.6098,174.2583,249.868,6859.6918,494.5144,5248.542779935654,511.2441148632115,-4393.640830582658,-2606.0766981899383,-4584.423202644841,-4393.640830582658,-39.9759,-119.6166,4
1535,STARLINK-33545,satellite,0,10,43.0226,136.6262,42.8502,322.9148,5.765,6867.512,482.2155,-5307.398975264822,4321.285641275949,470.1684404622304,6589.831114705053,1848.2746970634355,470.1684404622304,3.9544,15.6674,5
1536,STARLINK-33562,satellite,0,10,42.9921,136.7483,97.2084,204.9759,302.1843,6861.0098,492.3787,248.6293224168577,5599.536719580365,-3960.9647637526923,4433.506507477796,-3429.3801279599106,-3960.9647637526923,-35.4165,-37.7225,9
1537,STARLINK-33554,satellite,0,10,43.015,136.5924,62.1818,324.8425,27.0242,6865.5852,482.2971,-6004.227382563857,2543.0811230842037,2125.8516368516125,5537.900944182736,3442.333684077823,2125.8516368516125,18.1628,31.8649,4
1538,STARLINK-33555,satellite,0,10,43.0133,137.0269,166.3257,36.8026,203.1282,6866.07,485.5294,5960.738909487222,-2859.6387808032823,-1838.6982968689308,-5771.581979800308,-3224.404403016682,-1838.6982968689308,-15.6348,-150.8093,4
1539,STARLINK-33559,satellite,0,10,42.999,136.9875,107.6096,116.7476,224.3571,6863.1801,490.9774,5982.925450864152,-781.5713011931464,-3272.84013400579,-4085.866449901349,-4439.813735171478,-3272.84013400579,-28.6263,-132.6227,4
1540,STARLINK-33553,satellite,0,10,42.9813,136.8611,86.5086,180.2562,266.7649,6858.6972,496.1184,3710.9381940728563,3393.6604356688235,-4672.359268142306,635.7405908310374,-4988.369205865021,-4672.359268142306,-43.0743,-82.7371,10
1541,STARLINK-33556,satellite,0,10,43.0184,136.6517,17.1985,327.2461,344.4446,6866.9013,484.2957,-3883.532363936729,5515.914167393241,-1255.3813112260123,6745.896403830335,-3.7990238770576834,-1255.3813112260123,-10.6064,-0.0323,4
1542,STARLINK-33551,satellite,0,10,42.9859,136.931,76.8115,168.7982,245.6098,6860.0315,494.0446,5193.450402158548,1405.1275103293585,-4262.274636171774,-1843.7240998087648,-5054.403213411997,-4262.274636171774,-38.5609,-110.0407,4
1543,STARLINK-32311,satellite,0,27,42.9873,52.5039,105.72,188.9568,294.6768,6860.1207,492.2986,5362.85203411829,-503.4513557101919,-4251.610789627293,-3501.292163194163,-4093.2381307918367,-4251.610789627293,-38.4585,-130.5432,4
1544,STARLINK-32470,satellite,0,32,42.9873,67.3516,77.5445,177.5309,255.0754,6859.1727,494.5424,3796.4479461689752,-3499.416610720314,-4521.83114141512,-5047.54845949157,-1086.8248122122345,-4521.83114141512,-41.3882,-167.8487,7
1545,STARLINK-32502,satellite,0,32,43.0037,67.5892,98.7511,36.1497,134.9008,6862.9434,483.903,-5129.054840703849,-3120.4993026645984,3312.726845882018,404.57197167155374,5990.0785451123775,3312.726845882018,29.0405,86.1361,4
1546,STARLINK-32521,satellite,0,82,43.0165,63.8881,185.3607,24.8458,210.2065,6865.0654,486.0266,-343.4294146818423,-6435.638163333368,-2355.1308357745975,-5062.271002727901,3988.58303500903,-2355.1308357745975,-20.1894,141.7653,13
1547,STARLINK-32549,satellite,0,32,43.0127,67.1245,14.638,318.1831,332.821,6865.6585,486.6502,4484.9986392670835,4733.803376334829,-2138.358566231683,1285.126162061215,-6393.164939809736,-2138.358566231683,-18.2613,-78.6341,6
1548,STARLINK-32535,satellite,0,82,42.9796,64.269,89.8686,359.874,89.7426,6858.462,487.1093,-4504.579420446213,2205.104206281065,4673.4558648638595,4397.637380770233,2411.3286343670184,4673.4558648638595,43.1574,28.737,11
1549,STARLINK-32548,satellite,0,32,42.993,67.8301,93.5408,323.4318,56.9726,6861.1181,485.4472,-2483.68213753335,5047.501225231776,3920.0312828018273,5556.519900934613,-878.0843749527187,3920.0312828018273,35.0381,-8.9801,11
1550,STARLINK-32525,satellite,0,32,42.9928,67.2071,102.9778,194.3906,297.3684,6860.5667,493.3629,5332.609360970652,1181.6986599772142,-4156.482844002884,-2106.518788337579,-5039.415929855815,-4156.482844002884,-37.4429,-112.6853,4
1551,STARLINK-32628,satellite,0,32,43.0185,67.483,162.4585,36.118,198.5765,6866.5226,484.8213,-1014.4966460847003,-6620.640700412418,-1491.3704026051605,-4826.847602341206,4643.6654651952995,-1491.3704026051605,-12.6289,136.1081,5
1552,STARLINK-32626,satellite,0,32,42.9847,67.7132,82.7142,9.6824,92.3966,6858.4626,487.5987,-4745.260341275465,1635.0725401199752,4670.211014098402,4070.3927215169233,2936.470842790404,4670.211014098402,43.1163,35.8075,8
1553,STARLINK-32608,satellite,0,32,42.9942,67.4085,84.3918,149.5816,233.9734,6861.5543,491.8749,2197.6658378422803,-5286.753304639387,-3785.2289226419266,-5587.283579634044,1249.7031006148095,-3785.2289226419266,-33.6347,167.3922,15
1554,STARLINK-32488,satellite,0,32,43.0039,67.8795,73.7539,322.0025,35.7564,6864.3126,482.7913,-619.2253253608704,6258.797584198283,2733.0518243997103,5472.363218503977,-3099.875482708836,2733.0518243997103,23.6185,-29.5298,4
1555,STARLINK-32490,satellite,0,32,43.0036,67.152,28.7822,289.9123,318.6945,6863.6082,489.1479,5054.734260288383,3464.587606086122,-3089.6875302328094,-80.51339902413314,-6127.578911361019,-3089.6875302328094,-26.9004,-90.7528,4
1556,STARLINK-32557,satellite,0,37,43.0115,56.929,173.0845,38.857,211.9415,6864.9456,486.9699,-953.0139188668161,-6328.490467766421,-2476.546071510413,-4623.483216879831,4425.090967810138,-2476.546071510413,-21.2755,136.256,12
1557,STARLINK-32568,satellite,0,32,42.9886,67.6426,82.539,31.1583,113.6973,6859.8999,485.7205,-5294.764481242684,-801.4666969946633,4280.300530067494,2395.495252637952,4789.413562515737,4280.300530067494,38.8098,63.4274,5
1558,STARLINK-32462,satellite,0,82,42.9951,64.1548,89.1974,35.96,125.1574,6861.4491,484.7647,-5410.905682284187,-1765.7708288120316,3822.576456563288,1674.240564444442,5439.923294939698,3822.576456563288,34.0511,72.8932,5
1559,STARLINK-32463,satellite,0,32,42.9822,67.2724,92.5218,183.8245,276.3463,6858.6383,495.4109,4896.096894450929,-1228.2923565154106,-4650.804559777455,-3824.8171720359937,-3294.1221157426435,-4650.804559777455,-42.8339,-139.2633,4
1560,STARLINK-32550,satellite,0,32,42.9833,67.7587,103.357,334.8677,78.2247,6858.841,487.1074,-4014.8962077387837,3153.359986984665,4575.748022378313,4890.559392272032,1464.7524012921103,4575.748022378313,42.0473,16.6733,15
1561,STARLINK-32507,satellite,0,32,43.017,67.0883,33.6671,320.3264,353.9935,6867.3996,482.8593,3139.8697971749784,6080.55072491747,-489.7843101079299,3160.877349076699,-6069.656814482995,-489.7843101079299,-4.1193,-62.491,5
1562,STARLINK-32245,satellite,0,32,43.0123,67.5405,120.9785,35.0894,156.0679,6866.1041,481.4715,-4274.598175741219,-5015.785110395478,1897.730506996602,-1636.8244427024986,6383.658479389917,1897.730506996602,16.1599,104.3813,5
1563,STARLINK-32546,satellite,0,82,42.9816,64.2158,81.9313,22.0419,103.9732,6859.1,486.4553,-5102.18301850073,626.4069239382897,4535.330486892155,3451.605255799865,3809.3409333859577,4535.330486892155,41.5986,47.8206,5
1564,STARLINK-32545,satellite,0,32,43.0168,67.9174,41.279,333.1522,14.4312,6866.9545,482.1212,1339.2177320921458,6625.778102936326,1166.2690885764885,4643.959096182861,-4912.0345597604455,1166.2690885764885,9.849,-46.6069,4
1565,STARLINK-32554,satellite,0,32,43.0111,67.4574,160.1619,52.4605,212.6224,6865.0855,487.8841,282.705742366585,-6375.940063363515,-2523.85632349542,-5374.223827568865,3442.4195676242084,-2523.85632349542,-21.6989,147.3587,16
1566,STARLINK-32570,satellite,0,32,43.021,67.5114,143.4081,33.8951,177.3033,6867.4904,482.3052,-2839.238823562442,-6241.441247318567,220.2207291457207,-3465.588486095194,5916.634379949314,220.2207291457207,1.851,120.3591,5
1567,STARLINK-32529,satellite,0,15,42.9966,89.6391,90.845,37.6068,128.4518,6861.9363,484.6161,-3954.107674300078,-4239.01371072744,3661.860507627562,-1186.5842383022075,5674.171532929435,3661.860507627562,32.4419,101.8115,4
1568,STARLINK-32464,satellite,0,15,42.9804,89.7533,92.4674,353.5202,85.9876,6858.4716,486.6555,-5000.539327596578,501.18834125726517,4661.8414025054735,3290.696610152187,3798.4074478898588,4661.8414025054735,43.0279,49.0964,5
1569,STARLINK-32482,satellite,0,15,42.9889,89.2188,98.3119,199.8218,298.1336,6860.5998,493.4995,4471.337813151839,3175.860641083271,-4127.217782689913,19.619965691151542,-5484.3931029649575,-4127.217782689913,-37.1344,-89.795,9
1570,STARLINK-32454,satellite,0,30,43.006,96.9288,12.4881,311.4485,323.9366,6864.3357,487.9902,2263.505545368228,5863.428898207588,-2755.5277399897927,3488.329757082775,-5228.270393170134,-2755.5277399897927,-23.8052,-56.2886,14
1571,STARLINK-32485,satellite,0,70,43.0149,92.5887,10.7841,325.3163,336.1004,6866.11,485.612,1747.2986377856466,6359.136633395052,-1896.540067078698,4190.905833406483,-5091.95242979685,-1896.540067078698,-16.1394,-50.5441,13
1572,STARLINK-32388,satellite,0,30,43.0181,96.8917,16.0042,329.183,345.1872,6866.7438,484.0636,477.3401563684058,6739.485648231755,-1196.7908567028683,5233.466794720214,-4273.095568339718,-1196.7908567028683,-10.1065,-39.2314,11
1573,STARLINK-32374,satellite,0,15,43.0225,89.5251,146.261,31.7459,178.0069,6867.4383,482.5058,-231.26740216535086,-6854.79883224948,162.79505515454514,-5469.491886285929,4138.406716088395,162.79505515454514,1.3682,142.8876,5
1574,STARLINK-32384,satellite,0,15,43.0211,89.5345,137.6961,33.3045,171.0006,6867.2743,482.3668,-839.5714393674177,-6769.212382771979,732.1469451907426,-5049.064818277589,4586.290543097598,732.1469451907426,6.1645,137.7497,5
1575,STARLINK-32295,satellite,0,15,42.9867,89.6532,81.0081,33.3272,114.3353,6859.9886,485.8438,-4586.4584662275465,-2797.3664757246597,4259.0868122704815,356.0669665295765,5360.41759355416,4259.0868122704815,38.5815,86.1997,4
1576,STARLINK-32479,satellite,0,15,43.0013,89.4395,182.0492,45.418,227.4672,6862.642,489.4524,3652.5809964347814,-4674.862547604642,-3448.7223568041877,-5925.404721321038,-292.0045599976296,-3448.7223568041877,-30.3257,-177.1787,8
1577,STARLINK-32468,satellite,0,15,42.9965,89.4187,83.9348,150.5832,234.518,6861.5977,492.3611,4047.320199394577,-4025.3910176396994,-3811.602576891112,-5621.990712778675,-988.834701429953,-3811.602576891112,-33.8974,-170.0245,6
1578,STARLINK-32629,satellite,0,15,43.0139,89.0581,56.1981,326.8054,23.0035,6866.1596,482.2386,-1855.787376146756,6344.805810934608,1828.4712660184762,6255.104878789162,-2138.731053518242,1828.4712660184762,15.5534,-18.8765,4
1579,STARLINK-32644,satellite,0,15,42.99,89.6291,85.1113,36.344,121.4553,6860.8682,485.1272,-4301.090937002772,-3549.9259507308134,3987.9162858603995,-423.44788009559414,5560.759785935911,3987.9162858603995,35.7373,94.3546,4
1580,STARLINK-32623,satellite,0,70,42.9812,92.7358,94.7454,184.7631,279.5084,6858.7652,495.0094,4892.407312351995,1368.8698588507457,-4614.92664880919,-1699.91361645092,-4787.457331092371,-4614.92664880919,-42.4297,-109.5488,4
1581,STARLINK-32639,satellite,0,15,43.0039,89.5913,97.5352,38.0582,135.5934,6863.0103,483.8602,-3543.8332337890865,-4873.512239659761,3272.6242921785783,-1941.5674673968108,5704.4010473114395,3272.6242921785783,28.6569,108.7967,4
1582,STARLINK-32625,satellite,0,15,42.981,89.7229,81.3831,11.6601,93.0432,6858.4483,487.6173,-5010.209676424501,-339.74041477265285,4667.400207644591,2608.939168666179,4290.811224624898,4667.400207644591,43.084,58.6992,4
1583,STARLINK-32635,satellite,0,30,42.9904,96.9792,99.392,203.2791,302.6711,6861.203,492.5604,3744.6752756411593,4191.162541301164,-3939.668147425954,1268.1374626690213,-5475.4236131444295,-3939.668147425954,-35.1971,-76.9599,11
1584,STARLINK-32532,satellite,0,15,42.984,89.285,94.2661,182.6807,276.9468,6858.7022,495.1038,4994.004092589897,767.8530163332997,-4645.0920493685935,-2249.6866105098684,-4524.2220641773765,-4645.0920493685935,-42.7712,-116.439,4
1585,STARLINK-32503,satellite,0,30,43.0194,96.8585,38.8507,327.5482,6.3989,6867.2624,482.3493,-1369.1432247999644,6702.082814742817,521.6333938808013,6266.744233591316,-2742.3318428732587,521.6333938808013,4.3879,-23.6342,5
1586,STARLINK-32508,satellite,0,15,43.0116,89.4658,172.0803,41.3345,213.4147,6864.6573,487.3076,2709.8160284441888,-5753.614387979768,-2577.89813422328,-6263.944715407826,1100.0809224303505,-2577.89813422328,-22.1895,170.0392,8
1587,STARLINK-32524,satellite,0,70,43.007,92.9248,165.924,50.2205,216.1445,6864.2287,488.0638,3238.9506367137824,-5383.620019091812,-2760.950324673956,-6266.391693717888,454.423676691899,-2760.950324673956,-23.8547,175.8523,7
1588,STARLINK-32484,satellite,0,15,42.9818,89.6953,78.9752,21.1543,100.1296,6858.8439,487.6778,-4943.922707467146,-1179.546273778482,4601.435349734222,1884.3368337981103,4720.484704581267,4601.435349734222,42.3329,68.239,4
1589,STARLINK-32497,satellite,0,70,42.9826,92.8087,79.7411,178.7242,258.4653,6858.8071,494.956,4981.024023180254,-1129.7225757505603,-4584.8796060481745,-3793.1822748543595,-3420.327710525701,-4584.8796060481745,-42.091,-137.9589,4
1590,STARLINK-32526,satellite,0,70,42.9927,92.8754,78.1162,159.071,237.1872,6861.2054,492.5093,4400.567904309887,-3503.0179822261643,-3933.5589214071697,-5398.554775314333,-1578.524374906194,-3933.5589214071697,-35.1349,-163.7012,3
1591,STARLINK-32686,satellite,0,61,43.0172,198.3997,8.3783,329.3,337.6783,6866.1384,485.1488,-6624.610931724602,-195.50905343766647,-1777.9786420130213,3656.960679057976,5527.235509594739,-1777.9786420130213,-15.107,56.5104,4
1592,STARLINK-32688,satellite,0,56,42.9883,202.1311,73.9948,167.3745,241.3693,6860.5259,492.7147,1386.2309506282875,5320.74730839234,-4107.445921260692,3550.211980828432,-4198.569168112679,-4107.445921260692,-36.9323,-49.7829,10
1593,STARLINK-32684,satellite,0,56,43.0159,201.7829,54.6967,328.1902,22.8869,6866.0878,482.2093,-5143.917965666132,-4155.982002987793,1819.7618788079103,-433.21137301968963,6598.818557359159,1819.7618788079103,15.4775,93.7561,3
1594,STARLINK-32672,satellite,0,56,42.9969,201.9278,98.9543,206.0799,305.0342,6861.42,491.3511,-5189.481098644565,2341.3615621336785,-3832.1439179704594,4903.611674740354,2892.625205790815,-3832.1439179704594,-34.1105,30.5362,4
1595,STARLINK-32682,satellite,0,13,43.0159,169.383,46.7603,327.2494,14.0097,6866.9986,482.1412,-6765.4166266231,32.84639994313957,1132.8892583954387,3924.73086680382,5510.755723213908,1132.8892583954387,9.5645,54.5417,5
1596,STARLINK-32663,satellite,0,56,42.9895,202.3609,82.8143,38.3441,121.1584,6860.8486,485.3386,4913.395860584983,-2619.3734444908223,4000.566160522372,-4971.7772537835845,-2506.79218589765,4000.566160522372,35.8666,-153.2426,8
1597,STARLINK-32640,satellite,0,56,43.0235,201.8413,16.4144,331.0309,347.4453,6866.9125,483.5674,-6622.087151887468,-1479.5063171598226,-1017.6080025968434,2606.0377363459156,6264.945690622541,-1017.6080025968434,-8.5818,67.4141,4
1598,STARLINK-32653,satellite,0,28,42.9969,195.1922,102.3739,126.6568,229.0306,6862.2758,490.6783,3349.3566956763475,4836.883885019407,-3533.959083888962,2023.6768091763126,-5524.343233727824,-3533.959083888962,-31.15,-69.8812,13
1599,STARLINK-32647,satellite,0,56,42.9982,202.1655,106.0139,121.2104,227.2243,6862.5336,490.4898,2926.486328891495,5170.722463116833,-3435.6229165224236,2540.174223787438,-5371.052777303134,-3435.6229165224236,-30.1936,-64.6888,15
1600,STARLINK-32667,satellite,0,56,42.9885,201.6879,94.8263,330.4506,65.2769,6859.9838,485.5839,-980.8948650562222,-5292.202386944141,4245.968261173626,-3760.414669814515,3850.823593949055,4245.968261173626,38.4429,134.3195,6
1601,STARLINK-32655,satellite,0,56,43.0188,202.2704,129.4546,34.1881,163.6428,6866.6602,481.9279,6625.938560250954,1187.2934799318891,1317.9091026450653,-2847.0954495964156,-6099.7356592393935,1317.9091026450653,11.1451,-115.0212,7
1602,STARLINK-32665,satellite,0,56,42.9825,202.0598,82.8834,179.7025,262.5859,6858.6185,495.0912,-1049.1810738762795,4947.168935129585,-4640.194430575393,4648.028290394935,-1992.760499954703,-4640.194430575393,-42.7156,-23.2064,4
1603,STARLINK-32660,satellite,0,38,43.0064,187.8775,74.1925,326.3047,40.4972,6863.5678,483.6834,-4719.231486792596,-3940.6567110000433,3037.578430809972,-501.8987398119914,6127.643820822117,3037.578430809972,26.4346,94.6825,4
1604,STARLINK-32448,satellite,0,56,43.0023,201.745,81.1101,322.9154,44.0255,6863.0704,483.8492,-3288.4817373955493,-5063.834951004268,3250.256982898894,-2244.2471610680227,5605.34488040072,3250.256982898894,28.4434,111.82,5
1605,STARLINK-32430,satellite,0,61,43.0134,198.7655,155.8763,40.292,196.1683,6866.8141,484.8589,5790.982727120972,3443.169236785196,-1303.5261582501316,-522.2079806885642,-6717.007828182321,-1303.5261582501316,-11.0171,-94.4455,4
1606,STARLINK-32675,satellite,0,56,42.9825,201.9865,101.0999,182.7012,283.8011,6858.9576,494.6557,-3343.734308557954,3908.435121269481,-4544.200536894066,5121.027492748152,481.1461752086335,-4544.200536894066,-41.6369,5.3675,4
1607,STARLINK-32671,satellite,0,56,42.981,202.4721,92.3259,353.3991,85.725,6858.5223,486.9948,1439.4117046445294,-4816.75640579075,4660.58363142486,-4766.26700555154,1598.6704350755517,4660.58363142486,43.0109,161.4579,5
1608,STARLINK-32670,satellite,0,56,43.0115,201.8731,5.965,320.2494,326.2143,6864.6382,487.1714,-6332.314387426291,464.65408312443,-2603.0643020607245,4028.13559461391,4907.976421049173,-2603.0643020607245,-22.4181,50.6232,3
1609,STARLINK-32642,satellite,0,56,43.0186,201.8149,40.9853,320.5473,1.5326,6867.4193,482.5352,-6317.236947266175,-2673.120177957576,125.18292796675604,1454.8043365593426,6703.476596217587,125.18292796675604,1.052,77.7554,4
1610,STARLINK-32668,satellite,0,61,43.0192,198.8006,140.3348,34.7282,175.063,6867.241,482.3604,6609.409056860885,1794.1215222835003,402.8000286062781,-2341.5840760099154,-6435.8483615303085,402.8000286062781,3.387,-109.9931,4
1611,STARLINK-32669,satellite,0,56,43.005,202.304,104.0326,38.3847,142.4173,6864.0711,483.4223,6188.914981628933,-767.3265408317751,2852.818893668568,-4192.904105163174,-4616.385364655091,2852.818893668568,24.7175,-132.2478,15
1612,STARLINK-32666,satellite,0,56,42.982,202.4003,77.6444,29.3323,106.9767,6859.3511,485.9523,3678.2749425742995,-3671.7023566427115,4469.849093301771,-5120.280181637064,-890.9745285249883,4469.849093301771,40.8739,-170.1289,3
1613,STARLINK-32662,satellite,0,56,43.02,202.2369,147.3925,37.3329,184.7255,6867.6479,483.6254,6173.380979735742,2970.435171745292,-385.6606811076681,-1128.9129966916066,-6757.194186672844,-385.6606811076681,-3.2421,-99.4847,2
1614,STARLINK-33548,satellite,0,10,42.9924,136.8008,87.8507,37.8777,125.7284,6861.5585,484.8048,131.750831371657,-5708.509077364808,3795.4379565147806,-4741.7299503275635,3181.262523918781,3795.4379565147806,33.7769,146.142,7
1615,STARLINK-33544,satellite,0,48,43.0191,147.9335,156.3733,33.1091,189.4824,6867.2368,483.7329,6174.066945300685,-2892.6913182942885,-771.2123915419076,-5921.50591767546,-3379.723860750192,-771.2123915419076,-6.4935,-150.2843,4
1616,STARLINK-33560,satellite,0,48,42.9824,147.6571,102.3487,186.5188,288.8675,6859.2556,493.9351,666.6439063434137,5201.329102214991,-4427.703828790041,3867.195025642697,-3541.615614526481,-4427.703828790041,-40.3524,-42.4838,7
1617,STARLINK-33547,satellite,0,10,43.0069,136.7463,110.8576,36.1067,146.9643,6864.7761,483.0253,2313.9867524017927,-5931.001361260735,2550.1981427789083,-6180.874681233226,1525.8112637078557,2550.1981427789083,21.9533,166.1332,4
1618,STARLINK-33563,satellite,0,48,42.9805,147.7778,72.1382,180.9772,253.1154,6859.3285,495.9173,4249.262612463765,3002.4769801963675,-4478.4103341928185,5.853953632906785,-5202.986305720816,-4478.4103341928185,-40.8964,-89.9355,8
1619,STARLINK-33550,satellite,0,48,42.9966,147.603,88.6958,220.9648,309.6606,6862.1483,491.0195,-1628.130021509823,5609.854212340073,-3603.1698251077096,5523.231368904945,-1901.3644827322405,-3603.1698251077096,-31.8278,-18.996,4
1620,STARLINK-33564,satellite,0,48,42.992,147.8468,89.8128,142.1331,231.9459,6861.8542,491.2803,5685.40370655221,1095.2732908926778,-3685.1748270461803,-2380.4200409725354,-5277.976820407303,-3685.1748270461803,-32.6379,-114.2758,4
1621,STARLINK-33546,satellite,0,48,42.9787,147.7087,97.3956,176.9065,274.3021,6858.6057,494.972,2239.64616508444,4507.695339006293,-4665.641642237461,2393.974120538156,-4427.6653130368895,-4665.641642237461,-43.0065,-61.6006,13
1622,STARLINK-33565,satellite,0,10,42.9985,136.3615,78.805,230.8004,309.6054,6862.1112,491.0103,-497.5568515264554,5818.2336445917,-3606.1665659437863,5042.171343979301,-2945.4904008524113,-3606.1665659437863,-31.8574,-30.2922,6
1623,STARLINK-33549,satellite,0,48,43.0076,147.8968,168.3122,42.2361,210.5483,6865.2733,487.0732,6361.946245543198,-980.2433884178362,-2379.1696029330906,-4466.6223344270575,-4635.139917339654,-2379.1696029330906,-20.4012,-133.9393,3
1624,STARLINK-32692,satellite,0,50,42.9827,253.3667,90.5152,178.3303,268.8456,6858.5672,495.2036,-4770.320012034684,1569.4307652969235,-4678.3463083450015,4031.178827985486,2994.772645975089,-4678.3463083450015,-43.15,36.6087,4
1625,STARLINK-32680,satellite,0,54,42.982,245.5584,96.3703,182.0929,278.4631,6858.7482,494.4779,-4938.861528189743,1135.235639142522,-4627.939022896386,3773.3964958093547,3382.690059172689,-4627.939022896386,-42.5812,41.8749,4
1626,STARLINK-32638,satellite,0,58,43.0161,257.0368,159.6983,34.0815,193.7798,6866.9546,483.5362,330.3764568665501,6761.852268335233,-1114.8909591191084,5336.420943635373,-4165.862001359596,-1114.8909591191084,-9.4092,-37.9773,8
1627,STARLINK-32283,satellite,0,44,43.0133,241.8658,62.1599,326.7742,28.9341,6865.3929,482.7328,-690.811200620574,-6437.278430818251,2263.5533802526033,-4863.468204181308,4273.4588728216595,2263.5533802526033,19.3826,138.6947,6
1628,STARLINK-32676,satellite,0,54,43.0054,245.861,107.7867,36.3371,144.1238,6864.4397,483.2152,4954.534588516245,3869.031560492207,2741.2190186821217,307.7867664691134,-6278.700941379123,2741.2190186821217,23.6917,-87.1936,58
1629,STARLINK-32659,satellite,0,54,42.9983,245.7333,150.4672,71.4299,221.8971,6863.5133,489.3808,-956.2939224045008,6034.727040551725,-3125.5802339922125,5483.421793532006,-2695.2762296677865,-3125.5802339922125,-27.2371,-26.1756,6
1630,STARLINK-32614,satellite,0,50,42.9884,253.3053,105.5259,184.5411,290.067,6859.5937,494.1171,-5193.52324551295,-901.0015436233377,-4395.745671520422,2255.8109566917888,4764.0113781312775,-4395.745671520422,-40.0016,64.6619,4
1631,STARLINK-32418,satellite,0,54,43.0197,245.355,45.852,324.521,10.373,6867.1743,482.245,-1993.051101304421,-6509.837383397458,842.7087539128938,-4172.490462116838,5379.642998771745,842.7087539128938,7.0999,127.7974,5
1632,STARLINK-32657,satellite,0,89,43.0068,311.0259,70.8219,323.1,33.9219,6864.7199,483.432,5847.194883199738,-2456.275556516954,2610.646299351026,-5376.476815156585,-3363.9968293301904,2610.646299351026,22.4999,-147.9663,9
1633,STARLINK-32734,satellite,0,55,42.9827,307.8494,85.9761,178.0257,264.0017,6858.6483,495.2296,-4383.139593813526,-2497.662121244793,-4653.7676445290535,483.88700711783724,5021.561722721267,-4653.7676445290535,-42.869,84.4959,4
1634,STARLINK-32733,satellite,0,55,42.9935,307.2937,86.6577,36.7256,123.3832,6861.255,485.1649,1045.521814412878,5538.487586129834,3904.0409386645765,3924.4799563679403,-4045.5429398529145,3904.0409386645765,34.8763,-45.8702,6
1635,STARLINK-32707,satellite,0,55,43.0034,307.6732,15.6264,304.8236,320.45,6863.9981,488.6191,704.5719182393462,-6141.45791790201,-2980.4080969681663,-5425.628520971423,2962.5128012810706,-2980.4080969681663,-25.8802,151.3645,14
1636,STARLINK-32705,satellite,0,41,42.9934,300.1509,71.957,166.2348,238.1918,6860.9832,492.2839,-5505.859537761994,985.2664878080096,-3977.2500174325373,3977.494945805636,3932.5275914674608,-3977.2500174325373,-35.5844,44.6743,4
1637,STARLINK-32743,satellite,0,55,43.0175,307.1987,133.2138,32.6671,165.8809,6866.9196,481.6675,-3047.202104422575,6038.233851010676,1141.5109740516798,6690.9614894227,-988.303117343537,1141.5109740516798,9.6386,-8.4022,5
1638,STARLINK-32753,satellite,0,55,42.9813,307.4269,100.7122,340.2467,80.9589,6858.6607,487.0618,4588.038067963927,2154.6679095951695,4615.725998681789,-882.2835748879214,-4991.418917222673,4615.725998681789,42.4995,-100.0241,118
1639,STARLINK-32699,satellite,0,89,42.9851,310.9326,106.2017,323.1374,69.3391,6859.6291,486.494,5130.145592618542,1247.0289953518848,4373.7793487759745,-1936.4721809552893,-4911.573129771972,4373.7793487759745,39.8155,-111.5177,96
1640,STARLINK-32713,satellite,0,49,42.9883,220.388,72.4816,174.1174,246.599,6859.8264,493.1189,-909.2126622776218,5275.3305629675515,-4294.537279114018,4835.607011082255,-2296.2327948615425,-4294.537279114018,-38.9128,-25.4011,4
1641,STARLINK-32732,satellite,0,49,42.9885,219.9419,100.4971,330.0949,70.592,6859.4581,486.5952,1290.07302782411,-5089.095669138654,4409.046465577762,-4902.820926797969,1877.6395038763349,4409.046465577762,40.2,159.0446,6
1642,STARLINK-32328,satellite,0,49,43.0172,220.5458,126.8433,35.0202,161.8635,6866.5761,482.5774,5968.544898855118,3051.3055502226125,1456.7492555583497,-944.798007149024,-6636.365759672684,1456.7492555583497,12.3352,-98.1026,15
1643,STARLINK-32332,satellite,0,49,42.9991,220.4429,132.8723,92.636,225.5083,6862.9067,489.9007,1337.7001002243408,5844.922548670393,-3338.8084073553277,4006.6050168537704,-4460.905445872845,-3338.8084073553277,-29.2627,-48.0711,12
1644,STARLINK-32717,satellite,0,49,43.0122,220.1389,7.4406,324.0803,331.5209,6865.4048,486.3962,-6153.669465396662,-2059.257104413566,-2232.1385252380187,1862.3031669675165,6216.109283606245,-2232.1385252380187,-19.0926,73.3221,4
1645,STARLINK-32757,satellite,0,49,43.0178,220.505,156.8612,33.2907,190.1519,6867.1621,483.8413,4561.2362341594035,5059.3291976496885,-825.1036196445332,1507.2689278268556,-6643.028548275777,-825.1036196445332,-6.9493,-77.2163,5
1646,STARLINK-32731,satellite,0,49,42.9906,220.6444,82.8208,36.561,119.3818,6860.6576,485.4939,5398.698809359336,-1124.7012196957485,4073.652483733124,-4029.7207574506374,-3764.6051963963605,4073.652483733124,36.6244,-136.9481,29
1647,STARLINK-32694,satellite,0,49,43.0141,220.0481,59.4869,328.6167,28.1036,6865.4399,482.2986,-3111.0770956020615,-5700.803098861037,2203.9055593993717,-2867.0813571511044,5827.332250544836,2203.9055593993717,18.8539,116.1975,5
1648,STARLINK-32708,satellite,0,49,43.0075,220.4706,168.6998,42.6489,211.3487,6865.05,487.2393,2763.994659093869,5790.173301577183,-2435.2623882887196,3140.098647800464,-5595.136622092293,-2435.2623882887196,-20.9035,-60.698,13
1649,STARLINK-32718,satellite,0,49,42.9985,220.0012,88.9701,320.3974,49.3675,6862.2811,484.5634,-974.1087653449374,-5785.718804645787,3548.855393400648,-4167.697695779762,4129.615707271776,3548.855393400648,31.327,135.263,7
1650,STARLINK-32729,satellite,0,49,43.0214,220.075,37.6792,329.2185,6.8978,6867.2852,482.5426,-4823.892651137142,-4845.7191633145685,562.1480503031016,-1181.3467364648614,6734.638402145491,562.1480503031016,4.7294,99.9492,4
1651,STARLINK-32739,satellite,0,49,42.9813,220.26,93.178,188.965,282.143,6858.8367,494.4621,-4273.856588014329,2812.8111738132884,-4574.280869808752,4761.41309974524,1872.6190557656923,-4574.280869808752,-41.9755,21.4692,4
1652,STARLINK-32714,satellite,0,49,42.9965,220.6248,88.9439,37.5251,126.469,6861.656,484.9611,5719.091578382489,-407.3489163492131,3760.2728543967087,-3627.9901518544984,-4439.778043959311,3760.2728543967087,33.4224,-129.2542,51
1653,STARLINK-32685,satellite,0,49,43.0193,220.5349,135.607,33.2156,168.8227,6867.0486,482.3447,5746.73080046327,3634.97368206397,907.2517491642021,-339.9418802021167,-6791.346558700679,907.2517491642021,7.6467,-92.8656,11
1654,STARLINK-32691,satellite,0,49,42.9821,220.236,103.8489,185.2761,289.125,6859.4456,494.0834,-4780.815577652266,2168.9408380468194,-4420.940260031293,4527.2324513363765,2657.9443707565874,-4420.940260031293,-40.2773,30.4173,4
1655,STARLINK-32788,satellite,0,49,42.9969,220.1788,73.1374,237.1958,310.3333,6862.1627,490.4677,-5862.310097853953,57.624827983108766,-3567.6477915437445,3424.660004204988,4758.329975926344,-3567.6477915437445,-31.4813,54.2567,4
1656,STARLINK-32768,satellite,0,49,43.0019,220.0119,81.3112,320.9821,42.2934,6863.3585,483.9069,-1715.3108585303255,-5846.198683177309,3147.2677546160503,-3790.0882216798773,4770.278991469955,3147.2677546160503,27.4655,128.4679,7
1657,STARLINK-32792,satellite,0,49,42.9846,219.8634,86.9372,4.9451,91.8823,6858.4798,487.2014,3385.499690917276,-3702.9522509942008,4671.490898362247,-4977.14013432526,-633.6715344977374,4671.490898362247,43.1341,-172.7443,4
1658,STARLINK-32725,satellite,0,49,42.9828,219.8742,95.656,349.1292,84.7852,6858.5784,486.8104,2723.587667224345,-4232.204014517901,4654.29241064291,-5028.3619104517475,212.26657550361816,4654.29241064291,42.9404,177.5828,4
1659,STARLINK-32681,satellite,0,56,42.9846,201.7593,81.9598,173.8711,255.8309,6859.009,494.6198,-244.29006819447088,5144.035270997641,-4537.104289702172,4345.199353226686,-2764.058445005211,-4537.104289702172,-41.5579,-32.4612,3
1660,STARLINK-32679,satellite,0,49,42.9846,220.6501,78.7635,26.4842,105.2477,6859.1254,486.1406,4519.55605919225,-2496.2996304314124,4509.227497115982,-4644.273300207785,-2255.7979364407793,4509.227497115982,41.3096,-154.0934,4
1661,STARLINK-32749,satellite,0,49,43.0177,220.1033,19.1963,326.5146,345.7109,6866.8699,484.4438,-5883.901739006739,-3336.363096837914,-1155.4384806731534,663.0405965705089,6731.418539619107,-1155.4384806731534,-9.7533,84.3745,4
1662,STARLINK-32744,satellite,0,49,43.0117,220.5729,110.0541,37.665,147.7191,6864.8895,482.8953,6146.1574976759175,1736.869288319488,2498.540329621176,-2121.477260267761,-6024.226186416985,2498.540329621176,21.4871,-109.4001,38
1663,STARLINK-32701,satellite,0,49,42.9805,220.3109,87.0643,180.8403,267.9047,6858.4847,495.0403,-3054.7655123048,3988.546151573686,-4675.873608933206,5020.016938675165,198.80310313094574,-4675.873608933206,-43.1229,2.2678,4
1664,STARLINK-32748,satellite,0,76,42.9872,151.0447,76.9894,164.9079,241.8974,6860.4703,493.0874,4972.99141561214,2309.9430877258196,-4128.0366882548415,-977.1604276285315,-5395.520196140606,-4128.0366882548415,-37.1456,-100.2653,4
1665,STARLINK-32777,satellite,0,76,43.0147,151.5727,58.3699,324.045,22.4149,6866.3114,481.6337,-6485.928085089678,1336.6088400530857,1784.021744490926,4829.327829416148,4531.156478459977,1784.021744490926,15.1676,43.1755,5
1666,STARLINK-32741,satellite,0,48,42.9801,147.9474,93.8083,349.683,83.4914,6858.7592,486.1232,-3302.6276277241104,-3810.483329066123,4642.844386658548,-1211.6762230180811,4894.790412169868,4642.844386658548,42.8151,103.9037,4
1667,STARLINK-32754,satellite,0,76,43.0091,151.2006,111.4233,45.6063,157.0297,6866.2135,482.5009,4591.149763306308,-4757.62077926165,1825.8868010019828,-6533.801657761943,-1011.458118459227,1825.8868010019828,15.5302,-171.2002,9
1668,STARLINK-32786,satellite,0,76,43.0131,150.7675,23.4106,317.3259,340.7364,6866.6144,485.2126,-4844.618429792703,4608.162245666823,-1544.3926958646066,6557.678026604595,1304.739787108321,-1544.3926958646066,-13.0848,11.2528,3
1669,STARLINK-32789,satellite,0,76,42.9918,151.2781,81.5266,40.0962,121.6228,6861.0635,485.841,1100.5049364622932,-5472.918589963935,3981.33421789879,-5107.317355965908,2253.721019336713,3981.33421789879,35.6651,156.1894,6
1670,STARLINK-32791,satellite,0,76,43.0125,151.1322,157.8991,41.5441,199.4432,6866.6363,485.5974,6473.5466118071945,-1661.4847900126715,-1558.3040345620875,-5087.730028857738,-4333.859780397042,-1558.3040345620875,-13.204,-139.5748,4
1671,STARLINK-32785,satellite,0,76,42.986,151.4294,93.5549,345.3975,78.9524,6859.064,486.4889,-3507.3738846288734,-3694.1276684550603,4587.278458298213,-998.6092639681282,4995.100633154339,4587.278458298213,42.182,101.3054,4
1672,STARLINK-32752,satellite,0,69,42.9821,223.9835,95.5024,181.9061,277.4085,6858.6372,494.9131,-4094.4468412171573,2968.0309498350143,-4640.098819783429,4784.914582885697,1636.549751525902,-4640.098819783429,-42.7159,18.8819,4
1673,STARLINK-32760,satellite,0,69,42.9864,224.065,73.6253,175.5165,249.1419,6859.6075,493.5531,-1506.873299587635,5070.448649523562,-4372.694078727284,5012.489008255016,-1689.6954135547871,-4372.694078727284,-39.7545,-18.6288,4
1674,STARLINK-32715,satellite,0,69,43.0156,224.1923,166.1857,33.4651,199.6508,6866.4371,485.0494,3457.4417808192557,5714.512090142646,-1574.2493633786416,2678.728871816245,-6118.330142076281,-1574.2493633786416,-13.3426,-66.3552,7
1675,STARLINK-32764,satellite,0,69,43.0168,224.2504,122.8985,34.3108,157.2094,6866.1291,482.5406,5885.21196154664,3021.0797202048716,1812.6440512606578,-921.4908019730623,-6550.839427893485,1812.6440512606578,15.4147,-98.0071,21
1676,STARLINK-32773,satellite,0,69,43.0174,223.7659,53.0843,323.1255,16.2098,6866.877,482.5824,-3788.6183906526803,-5567.616013483459,1306.4473774076685,-2367.8572067442515,6304.3817803221955,1306.4473774076685,11.0459,110.5856,5
1677,STARLINK-32750,satellite,0,69,42.9891,223.4813,80.344,35.2248,115.5687,6860.1506,486.1404,5260.164449620711,-1246.434704610356,4217.114668220003,-4049.4026738657735,-3581.238262779982,4217.114668220003,38.1315,-138.5109,28
1678,STARLINK-32771,satellite,0,69,42.9966,223.6731,91.5624,327.3128,58.8752,6860.8426,485.4195,400.95807502661734,-5552.195639196349,4002.558370309755,-4769.071252699933,2871.1675639904893,4002.558370309755,35.8867,148.9504,7
1679,STARLINK-32766,satellite,0,69,43.0034,223.847,40.8688,279.0242,319.893,6863.6912,489.4669,-6025.863937441693,-1304.4888758575644,-3015.685577232677,2405.574328121601,5676.7895479468625,-3015.685577232677,-26.2058,67.0349,4
1680,STARLINK-32747,satellite,0,8,42.9933,209.6074,78.2182,160.8751,239.0933,6860.8731,492.4544,936.9748459356857,5486.470208578487,-4015.583205425801,3944.5029708935062,-3926.852877833312,-4015.583205425801,-35.9786,-44.8715,11
1681,STARLINK-32767,satellite,0,8,42.9811,209.1102,98.2722,338.9075,77.1797,6858.8992,486.5662,1050.0022251492253,-5012.439624087965,4557.094423233723,-4701.850073139943,2029.6949395560262,4557.094423233723,41.8417,156.6511,6
1682,STARLINK-32769,satellite,0,8,42.9913,209.1718,91.2149,324.7043,55.9193,6861.2775,484.9275,-1330.0204971878022,-5499.531092626696,3872.2069228538026,-3728.7255939958222,4255.631822231332,3872.2069228538026,34.5534,131.2244,7
1683,STARLINK-32778,satellite,0,8,43.0207,209.727,143.5108,31.9702,175.481,6867.3969,482.1457,6134.836843633652,3048.0172173692617,368.7752930381481,-1043.2945492346096,-6770.38909804464,368.7752930381481,3.1007,-98.7602,8
1684,STARLINK-32710,satellite,0,8,43.014,208.8871,120.1392,34.949,155.0882,6865.8535,482.2766,6466.971889518888,1155.457763633328,1970.8225116170129,-2781.5278219358065,-5951.46293268849,1970.8225116170129,16.798,-115.0499,15
1685,STARLINK-32742,satellite,0,8,43.0007,208.9307,94.7716,39.014,133.7856,6862.9257,484.4991,5904.395087321988,-873.3349382937964,3376.359974426664,-4115.62386499676,-4322.757853905974,3376.359974426664,29.6496,-133.5939,23
1686,STARLINK-32783,satellite,0,8,43.0058,209.2218,69.6199,325.1814,34.8013,6864.4633,482.9349,-3517.237242883623,-5247.081153698502,2669.6177550857087,-2262.2254263594823,5897.8940798015565,2669.6177550857087,23.0383,110.9851,5
1687,STARLINK-32806,satellite,0,7,42.9963,85.93,83.798,324.4898,48.2878,6862.5256,484.152,-3410.4253554520783,4816.590074204831,3490.584728836622,5901.727433439051,12.423744678508543,3490.584728836622,30.7591,0.1206,12
1688,STARLINK-32329,satellite,0,7,43.013,85.6146,119.753,34.793,154.546,6865.7695,482.3617,-2622.620795278897,-6009.944534939429,2010.8568828843247,-3401.179915000138,5606.2062336911295,2010.8568828843247,17.1493,121.2444,5
1689,STARLINK-32774,satellite,0,15,43.0052,88.9738,135.9144,84.9594,220.8738,6863.7196,489.6801,3191.1041731464798,-5247.875278382229,-3063.471559872352,-6127.874731307382,415.3216328735093,-3063.471559872352,-26.6521,176.1227,7
1690,STARLINK-32802,satellite,0,7,42.9794,85.372,86.6046,181.0484,267.653,6858.5956,496.0901,4978.644314526195,-685.0418045911434,-4675.699757702912,-3428.3535604551134,-3674.5847859474193,-4675.699757702912,-43.1127,-133.0146,4
1691,STARLINK-32796,satellite,0,7,42.9847,85.3222,100.1137,181.7284,281.8421,6858.8831,494.9637,5012.569301196652,1003.06142289431,-4579.999702244066,-2068.1364874945325,-4674.91119557277,-4579.999702244066,-42.036,-113.8641,4
1692,STARLINK-32805,satellite,0,7,43.0072,86.0771,16.7853,306.6006,323.3859,6864.2441,488.0826,3362.9623366423725,5290.7828265841,-2791.8272281753407,2386.8300162363776,-5796.9768905305655,-2791.8272281753407,-24.1379,-67.6212,14
1693,STARLINK-32770,satellite,0,7,43.0105,85.5298,168.1583,43.222,211.3803,6864.8914,487.1746,2148.43949366768,-6044.646628794128,-2437.575061333002,-6178.382294042751,1726.5970443627825,-2437.575061333002,-20.9245,164.3866,9
1694,STARLINK-32775,satellite,0,7,43.0099,85.6312,112.1355,35.3244,147.4599,6864.8075,483.5204,-3130.3319932777986,-5559.744433925844,2516.53531296977,-2740.694070004037,5761.799421478732,2516.53531296977,21.6474,115.4389,5
1695,STARLINK-32800,satellite,0,70,42.9995,93.0298,84.9436,222.5738,307.5174,6861.917,491.7095,3755.0006016820917,4384.528113940511,-3712.7431729517275,1420.2349456662016,-5595.270234731842,-3712.7431729517275,-32.91,-75.7575,11
1696,STARLINK-32758,satellite,0,15,43.0099,89.0865,116.7416,33.4355,150.1771,6865.2144,482.3137,-2588.499402406127,-5909.240548363614,2326.463714646059,-3338.528991297804,5520.29683884351,2326.463714646059,19.9447,121.1644,6
1697,STARLINK-32746,satellite,0,7,42.9909,85.2574,92.6698,210.3172,302.987,6861.2508,492.7743,4505.867901901426,3376.058658436267,-3925.866123362819,163.35637837649628,-5627.959870879657,-3925.866123362819,-35.0547,-88.3374,9
1698,STARLINK-32780,satellite,0,7,43.011,86.058,13.8453,316.6781,330.5233,6865.3022,486.8886,2874.1216120038453,5790.395322341188,-2303.500388341147,3076.8306467234643,-5685.2762642603,-2303.500388341147,-19.726,-61.5781,13
1699,STARLINK-32765,satellite,0,7,42.9783,85.79,84.5005,6.2745,90.775,6858.4649,487.2923,-5008.361872037374,275.6883262279038,4673.088454948952,3110.892224513925,3934.7226410453454,4673.088454948952,43.1517,51.6692,5
1700,STARLINK-32762,satellite,0,15,43.0144,89.0001,170.3817,36.2117,206.5934,6865.7012,486.0999,2138.7091468673566,-6174.513422277838,-2095.606654002507,-6278.922157430257,1809.3726420266858,-2095.606654002507,-17.8854,163.9248,8
1701,STARLINK-32761,satellite,0,15,43.021,89.0249,159.7515,32.7986,192.5501,6867.1271,484.1005,975.9465734816463,-6715.393505021315,-1017.272007214942,-6051.084036143888,3071.37813189741,-1017.272007214942,-8.5782,153.0888,6
1702,STARLINK-32763,satellite,0,7,43.0031,85.4994,133.3794,91.9242,225.3036,6862.8683,489.8189,3177.9231013541375,-5092.100524560602,-3327.2925293994253,-5992.958746145298,336.3457407954337,-3327.2925293994253,-29.1526,176.7877,8
1703,STARLINK-32759,satellite,0,15,43.016,89.4531,50.278,325.2657,15.5438,6866.9178,482.1047,-1280.871182045013,6621.170538727609,1254.0083327301143,6149.753184364753,-2767.863085360874,1254.0083327301143,10.5981,-24.2314,4
1704,STARLINK-32756,satellite,0,7,43.0046,86.0835,35.8701,280.3441,316.2142,6863.2712,489.671,3803.220379594141,4705.856378551018,-3239.0708863770597,1655.0892796955989,-5819.815202181784,-3239.0708863770597,-28.3105,-74.1249,12
1705,STARLINK-32751,satellite,0,7,43.0203,86.0228,24.2149,327.4647,351.6796,6867.3647,483.4543,1195.074866742342,6722.459632945888,-677.4175158270049,4806.0289534046515,-4849.923004826199,-677.4175158270049,-5.7012,-45.2605,10
1706,STARLINK-32740,satellite,0,7,42.9847,85.304,102.206,186.5621,288.7681,6859.4922,494.69,4919.035354788755,1811.7510075022192,-4430.988225890159,-1353.2685843164124,-5064.386900064932,-4430.988225890159,-40.3831,-104.9606,4
1707,STARLINK-32745,satellite,0,7,42.992,85.9032,90.5862,324.783,55.3691,6861.4559,484.7429,-3837.517908480063,4181.091524590355,3846.869172756133,5628.3745030621785,727.6472278419465,3846.869172756133,34.2971,7.3665,12
1708,STARLINK-32755,satellite,0,17,42.9946,13.2415,108.156,193.7366,301.8926,6861.0931,492.0067,4505.716222077267,-3318.0642909423364,-3973.549906356383,-5307.964818098297,-1771.0276120229246,-3973.549906356383,-35.548,-161.5485,4
1709,STARLINK-32797,satellite,0,71,42.9862,20.2288,95.8323,183.1532,278.9856,6858.674,494.7881,2720.4706840534463,-4282.424245464863,-4622.058490656326,-5067.613325206824,243.74853256125482,-4622.058490656326,-42.5121,177.2462,9
1710,STARLINK-32794,satellite,0,71,43.0071,20.549,103.1936,34.3245,137.5181,6863.4569,484.0375,-5924.419442990305,1396.059959649087,3158.991496094773,4554.407600116704,4037.957473700802,3158.991496094773,27.5758,41.5603,6
1711,STARLINK-32807,satellite,0,17,42.9814,12.857,79.015,25.665,104.68,6859.0855,486.208,-2773.1368909704393,4343.066203252028,4520.927382846815,5147.522283515062,-235.64083391267982,4520.927382846815,41.4395,-2.621,18
1712,STARLINK-32804,satellite,0,71,42.9959,20.3731,84.0585,152.4626,236.521,6861.2553,492.1076,-2091.552132715608,-5243.1036284225265,-3903.872817397467,-3080.380622921592,4730.325697050242,-3903.872817397467,-34.8341,123.0721,11
1713,STARLINK-32799,satellite,0,71,43.0049,20.1066,7.9423,313.4855,321.4278,6863.9081,488.1485,6113.851222873075,-1093.9234228578805,-2918.3451552334536,-4416.598600974121,-4366.864095478257,-2918.3451552334536,-25.3053,-135.3244,4
1714,STARLINK-32781,satellite,0,71,42.9887,20.3525,90.2178,153.4028,243.6206,6860.4141,494.4673,-1295.058881689237,-5278.456223444234,-4193.266376393363,-3568.174212229226,4099.684183085532,-4193.266376393363,-37.8241,131.0348,16
1715,STARLINK-32809,satellite,0,71,43.0171,20.0178,56.8034,321.1268,17.9302,6866.5636,482.504,5603.696900470001,3684.8785700262724,1440.7108217148486,-216.74361074314535,-6703.1911232918,1440.7108217148486,12.1975,-91.852,15
1716,STARLINK-32878,satellite,0,58,43.0178,256.8393,50.0664,327.2524,17.3188,6866.6869,482.1948,-37.21275302274835,-6716.391537874456,1393.0894868707599,-5468.169639805987,3900.053957232284,1393.0894868707599,11.7891,144.5025,3
1717,STARLINK-32892,satellite,0,58,43.0172,256.8615,26.3399,329.7756,356.1155,6867.4554,482.779,-1886.8679337448002,-6588.681331446823,-317.08961247274965,-4298.110439668854,5338.280522336743,-317.08961247274965,-2.6656,128.8392,3
1718,STARLINK-32909,satellite,0,58,43.0053,256.9253,18.2503,302.5048,320.7551,6863.9367,488.7256,-4295.089746723163,-4458.887896015652,-2961.3263714472705,-1169.8410477233417,6079.551720703006,-2961.3263714472705,-25.7022,100.8919,6
1719,STARLINK-32901,satellite,0,58,42.9889,256.5576,82.3528,34.1244,116.4772,6860.3303,485.9366,5076.705764300115,1929.423957157361,4184.528621503851,-1347.9307311189905,-5261.055119254674,4184.528621503851,37.7869,-104.3706,116
1720,STARLINK-32890,satellite,0,58,42.9853,256.1823,101.0183,178.1481,279.1663,6858.7712,494.7091,-5074.148640528116,122.10353296505863,-4619.600059546352,3023.263388389923,4076.980768087698,-4619.600059546352,-42.4849,53.4414,3
1721,STARLINK-32893,satellite,0,58,43.0058,256.3688,161.6318,53.9358,215.5676,6864.4546,488.1167,-1521.3449837444218,6113.198839497057,-2722.7485226349854,5873.113603585735,-2278.645915926532,-2722.7485226349854,-23.5047,-21.2052,3
1722,STARLINK-32902,satellite,0,58,42.9939,256.3147,81.6805,155.0622,236.7427,6861.263,492.0537,-3188.1094783767676,4650.070748679703,-3913.6339625337914,5637.53674000978,-73.34520353976721,-3913.6339625337914,-34.934,-0.7454,3
1723,STARLINK-32661,satellite,0,58,42.9813,256.6256,83.5477,11.6831,95.2308,6858.6061,487.2721,5003.574385716203,-547.2312108398262,4654.35758291695,-3330.0781678672315,-3774.360611733665,4654.35758291695,42.9376,-131.4216,51
1724,STARLINK-32921,satellite,0,47,43.02,60.0635,32.1696,323.6764,355.846,6867.501,483.1476,3729.9251915717027,5748.84221142181,-339.08389591074604,2549.7975447326535,-6360.822367227507,-339.08389591074604,-2.8504,-68.1561,7
1725,STARLINK-32917,satellite,0,47,42.9851,60.2367,96.0583,182.3052,278.3635,6858.6096,495.1097,4807.754363302108,-1599.312340009588,-4629.818446962575,-4077.1701285440545,-3008.1532078113073,-4629.818446962575,-42.5976,-143.5799,4
1726,STARLINK-32916,satellite,0,47,43.0129,60.0888,18.1775,316.3909,334.5684,6865.7658,486.2328,4958.265551848836,4297.492036307153,-2010.3336010413916,655.8372480194583,-6528.607247253009,-2010.3336010413916,-17.1347,-84.2635,5
1727,STARLINK-32905,satellite,0,47,43.0094,60.4287,186.7487,27.6793,214.428,6864.6154,487.3525,-325.90195902215015,-6323.073741895917,-2646.4396399533653,-4980.365440198912,3909.403242749512,-2646.4396399533653,-22.8115,141.8694,16
1728,STARLINK-32871,satellite,0,47,42.9931,60.1683,97.2002,201.9863,299.1865,6860.6451,493.5609,5467.523843639582,723.3101263674765,-4086.41952987957,-2558.911174327141,-4885.5877969366975,-4086.41952987957,-36.7073,-117.6441,4
1729,STARLINK-32920,satellite,0,47,43.01,60.1132,10.014,310.5514,320.5654,6863.8957,488.6023,5404.799690169068,3007.193366254088,-2973.50201543769,-656.0519797069048,-6150.1762115257225,-2973.50201543769,-25.816,-96.0888,4
1730,STARLINK-32922,satellite,0,47,42.9956,60.3733,87.8846,147.8953,235.7799,6861.2517,491.4448,1699.9920673854017,-5406.6640623951325,-3869.8190768864483,-5398.558098996381,1725.5607101834767,-3869.8190768864483,-34.4916,162.2744,17
1731,STARLINK-32891,satellite,0,47,43.0152,60.4531,164.3398,35.9974,200.3372,6866.4406,485.1012,-1656.0013164549018,-6457.416284945724,-1626.930558980051,-4323.835031351025,5073.9546764672905,-1626.930558980051,-13.7975,130.4364,5
1732,STARLINK-32899,satellite,0,25,42.9871,75.076,78.3469,167.1607,245.5076,6860.1795,493.7414,3682.0602230694735,-3926.17667250429,-4258.741725611,-5330.454399929107,-747.4534368799833,-4258.741725611,-38.5251,-172.0178,9
1733,STARLINK-32819,satellite,0,25,42.9893,74.6273,101.6997,327.7014,69.4011,6859.7041,486.6065,-3887.010454814614,3570.2782094487807,4375.969634430028,5157.644285171318,1120.0188374945067,4375.969634430028,39.8385,12.252,17
1734,STARLINK-32703,satellite,0,25,42.9798,74.9755,90.4711,183.3589,273.8299,6858.5605,494.7302,4957.256060150274,-855.9268057112203,-4668.303990458088,-3555.7027699379087,-3558.6480796065675,-4668.303990458088,-43.0388,-134.9763,4
1735,STARLINK-32881,satellite,0,25,42.9983,74.436,91.4247,34.709,126.1337,6861.6363,486.1764,-4987.316409251373,-2808.677866878883,3777.2339164983377,577.7753223419633,5694.573908799144,3777.2339164983377,33.586,84.2066,4
1736,STARLINK-32898,satellite,0,25,43.001,74.8682,319.715,349.6548,309.3699,6861.8726,488.8091,4880.613089404081,3188.6053058815537,-3617.386509436072,-205.76654407635834,-5826.255062602161,-3617.386509436072,-31.9795,-92.0227,5
1737,STARLINK-32658,satellite,0,25,42.9858,74.5011,80.995,23.8626,104.8576,6859.195,486.121,-5140.339325326505,-398.62579395167086,4517.5547157633455,2635.783482699169,4431.098772926642,4517.5547157633455,41.4026,59.2542,4
1738,STARLINK-32673,satellite,0,25,43.0214,74.7571,36.675,329.126,5.801,6867.2873,482.3815,1305.3356012706765,6718.451975878071,473.0910085549045,4739.2267678138205,-4937.735070592751,473.0910085549045,3.9789,-46.1752,7
1739,STARLINK-32437,satellite,0,25,43.0043,75.1275,133.2395,91.387,224.6265,6862.9662,489.7768,2153.91055251082,-5625.705993082304,-3288.2664179483213,-5839.115360405668,1480.7533206764047,-3288.2664179483213,-28.7792,165.7702,15
1740,STARLINK-32870,satellite,0,45,43.0163,267.4547,151.9147,35.6725,187.5872,6867.3104,483.6143,-359.70046320057395,6824.211236109936,-618.0581476850919,5784.976459632986,-3637.7590326694276,-618.0581476850919,-5.2001,-32.1629,7
1741,STARLINK-32872,satellite,0,45,42.9891,267.7613,100.85,326.2869,67.1369,6859.9346,486.2161,4513.393182604918,-2842.1936365975403,4307.484202297108,-4923.437339475393,-2051.474458276185,4307.484202297108,39.0989,-157.3797,4
1742,STARLINK-32677,satellite,0,45,43.0162,267.488,134.5045,31.8197,166.3241,6867.0784,482.3835,1476.8648653515672,6607.093390894184,1106.4633739339442,4549.382061591556,-5013.77460245038,1106.4633739339442,9.3391,-47.7801,4
1743,STARLINK-32929,satellite,0,45,43.0087,267.5241,108.9018,36.2153,145.1172,6864.6101,483.1888,3108.4082496753003,5496.6753772371385,2675.3187538520333,2701.7762155907485,-5707.543020446069,2675.3187538520333,23.0894,-64.6686,18
1744,STARLINK-32944,satellite,0,45,43.0042,267.8206,89.1389,316.7958,45.9347,6862.8794,485.3159,3419.881402956215,-4903.391557832809,3361.164227028395,-5978.122287412394,29.85793788983644,3361.164227028395,29.4993,179.7138,4
1745,STARLINK-32943,satellite,0,45,42.9821,267.2001,101.3038,185.227,286.5307,6859.3036,494.2843,-4903.050145004051,-1715.344146639513,-4485.762351461464,1422.8564064000338,4995.776807724807,-4485.762351461464,-40.9896,74.1024,4
1746,STARLINK-32803,satellite,0,45,42.9947,267.1295,80.316,227.3908,307.7068,6861.7958,490.7649,-4176.364541495349,-3993.208300909676,-3702.476461859972,-857.6234508847704,5714.211698424035,-3702.476461859972,-32.8128,98.5356,7
1747,STARLINK-32926,satellite,0,45,43.0173,267.0597,14.6735,328.3835,343.057,6866.7252,484.7851,-1796.9037120120915,-6480.583602496874,-1364.2655689566798,-4261.5900338498095,5202.468372088981,-1364.2655689566798,-11.5374,129.3225,4
1748,STARLINK-33635,satellite,0,78,43.0047,78.4068,184.3473,35.7423,220.0896,6863.7543,488.5069,2110.8638809088447,-5792.449097838495,-3014.2551882914613,-5950.600748576706,1612.0060811963078,-3014.2551882914613,-26.1964,164.8425,13
1749,STARLINK-33622,satellite,0,78,43.0065,78.1021,21.014,298.1359,319.15,6863.568,488.9023,4282.294564909356,4402.87810867092,-3061.730440198465,1131.433646165613,-6036.823691709922,-3061.730440198465,-26.639,-79.3847,11
1750,STARLINK-33628,satellite,0,78,42.9909,78.5883,83.5152,37.547,121.0622,6860.9529,484.9769,-4910.650972447766,-2617.5083456399025,4004.5092898300863,689.8561242486534,5521.769774314514,4004.5092898300863,35.9095,82.8787,4
1751,STARLINK-33627,satellite,0,78,43.0162,78.4939,126.4115,37.1909,163.6025,6866.8725,482.5243,-2700.1671948000067,-6166.156228204428,1321.1196722062323,-3484.1805422635784,5759.589521781068,1321.1196722062323,11.1716,121.1712,5
1752,STARLINK-33620,satellite,0,78,43.0189,78.4657,156.0798,28.6818,184.7616,6867.4356,483.3119,-959.2209177138932,-6782.8784561055845,-388.5752923190942,-4991.298859806776,4691.959144256559,-388.5752923190942,-3.2668,136.7706,4
1753,STARLINK-33604,satellite,0,78,43.0046,78.8333,79.6954,323.4299,43.1253,6863.3532,483.7877,-2393.8751776884415,5573.9791311208255,3197.2055631447065,5935.091900191599,-1254.8170610903476,3197.2055631447065,27.939,-11.9379,8
1754,STARLINK-33624,satellite,0,25,42.9921,75.1268,83.2172,35.2031,118.4203,6860.548,486.8863,-5101.181266839168,-2022.0070429364043,4112.436304110199,1286.3599215194606,5334.401648839701,4112.436304110199,37.0213,76.4423,4
1755,STARLINK-33623,satellite,0,78,42.9825,78.7291,97.3783,341.1864,78.5647,6858.8595,486.2886,-4554.781858520892,2293.5053307537746,4580.69797311648,4498.815661431033,2401.4291839173325,4580.69797311648,42.1093,28.0929,11
1756,STARLINK-33586,satellite,0,0,42.9807,71.3181,88.5514,182.7804,271.3318,6858.5529,495.3975,4806.52946554015,-1456.830945537659,-4677.990886198895,-3960.007936139502,-3089.2424723051436,-4677.990886198895,-43.1444,-142.0418,4
1757,STARLINK-33605,satellite,0,78,42.9826,78.2023,102.7757,181.0028,283.7786,6858.9796,494.4457,5107.546874037543,603.068272521916,-4544.507519131574,-2449.790106134381,-4522.085232246219,-4544.507519131574,-41.6419,-118.4461,4
1758,STARLINK-32945,satellite,0,84,43.0229,303.9363,137.5012,32.5887,170.09,6867.1986,482.3606,-3056.5805291138886,6088.577201595654,805.5471777329697,6737.512744764851,-1009.642949205162,805.5471777329697,6.7853,-8.5226,5
1759,STARLINK-32941,satellite,0,62,43.01,292.7089,112.7677,35.9702,148.7379,6865.0901,482.7524,137.59347526208757,6412.643935230465,2427.747637180213,5162.068832000985,-3807.095950743395,2427.747637180213,20.8504,-36.4093,4
1760,STARLINK-32942,satellite,0,84,42.9996,304.0002,98.2617,36.4386,134.7004,6862.898,483.9935,258.0563085823546,5991.989638373709,3324.021696396692,4748.844634269574,-3663.196353506882,3324.021696396692,29.1484,-37.6461,4
1761,STARLINK-32947,satellite,0,84,42.998,303.5766,38.8991,272.6089,311.508,6862.4034,489.8234,-616.2165050854388,-5867.694457145612,-3504.636937271575,-4440.89914979983,3884.324364012897,-3504.636937271575,-30.8679,138.8248,17
1762,STARLINK-32961,satellite,0,84,42.9827,304.2017,97.6997,333.3261,71.0258,6859.3399,486.8618,5175.909355905093,822.4476136453799,4420.345774757498,-2309.868411921023,-4704.356030037088,4420.345774757498,40.322,-116.1513,79
1763,STARLINK-32948,satellite,0,84,42.9868,304.0618,81.6203,31.7903,113.4106,6859.9804,486.3748,2287.131735267955,4834.483203836906,4289.887159711261,2633.7138446657723,-4654.755719376345,4289.887159711261,38.9084,-60.4983,35
1764,STARLINK-32957,satellite,0,84,43.0067,304.2991,71.3006,324.1715,35.4721,6864.5124,483.2439,5551.518166846216,-2973.9561191099892,2714.523189189419,-5629.246816397663,-2824.0660819626905,2714.523189189419,23.4473,-153.3581,9
1765,STARLINK-32949,satellite,0,55,43.0203,307.8385,154.3111,32.14,186.4511,6867.3342,483.1204,-4627.325144317619,5038.488675834694,-525.9412894259292,6784.210044766591,879.2042972123155,-525.9412894259292,-4.4238,7.3841,4
1766,STARLINK-32952,satellite,0,3,43.017,314.3469,21.5982,325.6378,347.236,6866.9668,484.096,3885.1778328844753,-5560.510739362081,-1034.2426918820797,-6783.295227688772,28.148351864408312,-1034.2426918820797,-8.7224,179.7622,5
1767,STARLINK-32936,satellite,0,3,43.0094,314.3943,14.3585,318.7543,333.1128,6865.6305,486.3733,2660.372152154298,-5961.0821289149135,-2116.9251011576953,-6405.030446078879,1260.0258411752654,-2116.9251011576953,-18.0727,168.8706,5
1768,STARLINK-32937,satellite,0,55,43.0069,307.4717,35.7812,292.0431,327.8243,6864.9227,488.3653,1413.0581058632904,-6236.824521507033,-2493.0404514649276,-5911.76913655924,2438.3804048267343,-2493.0404514649276,-21.4195,157.5857,11
1769,STARLINK-32939,satellite,0,55,43.0122,307.387,59.5108,324.8436,24.3544,6866.0069,482.3734,5437.31160182461,-3708.9411389597562,1929.4265613846476,-6164.183289720273,-2307.259456224625,1929.4265613846476,16.435,-159.4791,9
1770,STARLINK-32919,satellite,0,55,42.9954,307.5155,84.5584,222.126,306.6843,6861.6413,491.2453,-696.1422936621032,-5703.452765236051,-3753.174613680782,-4260.607891929643,3855.023726195564,-3753.174613680782,-33.3166,137.861,17
1771,STARLINK-32876,satellite,0,55,42.9981,307.076,94.9836,35.6648,130.6483,6862.3253,484.1531,342.8880254788933,5857.29980245289,3547.7717446075185,4589.88089827194,-3654.9318069575306,3547.7717446075185,31.3185,-38.5304,4
1772,STARLINK-32915,satellite,0,3,43.0053,314.352,33.2216,292.8968,326.1184,6864.6314,488.447,1982.4637196001238,-6030.456361660033,-2609.7495553164417,-6071.157270652237,1854.080830067339,-2609.7495553164417,-22.4743,163.0178,11
1773,STARLINK-32946,satellite,0,71,42.9852,20.6531,83.2738,4.6812,87.955,6858.5857,488.2485,-1539.0109997131322,4776.647737292136,4671.8042116407005,4790.868357265136,-1494.154893835226,4671.8042116407005,43.1295,-17.3214,14
1774,STARLINK-32960,satellite,0,20,43.0043,16.8403,144.3688,82.5057,226.8745,6862.7571,489.7522,-3428.910141420551,-4864.878494904802,-3416.2000942434643,-2000.7234752097759,5605.49490267081,-3416.2000942434643,-30.0092,109.6426,8
1775,STARLINK-32904,satellite,0,20,42.9816,16.3097,96.7193,342.3275,79.0468,6858.8873,486.8249,-132.6030721591016,5091.481612885975,4588.589185381636,4237.896593296173,-2825.0665573806737,4588.589185381636,42.1943,-33.6882,5
1776,STARLINK-32931,satellite,0,20,42.9974,16.5958,3.5711,301.0035,304.5746,6861.601,489.5032,4911.312907215936,-2847.570641037329,-3852.52803199634,-5157.093023778583,-2373.6142425377097,-3852.52803199634,-34.3273,-155.2852,4
1777,STARLINK-32934,satellite,0,20,43.0044,16.4099,78.577,325.1186,43.6956,6863.1277,483.7246,3777.1923070128487,4723.731026421165,3230.93839634475,1684.6950681293927,-5808.839734538344,3230.93839634475,28.2599,-73.8266,59
1778,STARLINK-32938,satellite,0,20,42.9784,16.6597,95.8929,187.5506,283.4434,6858.9892,495.8416,2929.257516638322,-4222.014479079984,-4551.498299354841,-5138.529900029666,38.292647391477466,-4551.498299354841,-41.7097,179.573,9
1779,STARLINK-32935,satellite,0,20,43.0209,16.9465,128.6606,34.6297,163.2903,6866.7009,482.3021,-6704.970638724742,-535.6644658073822,1345.6289589472271,3425.235437070263,5788.897121795106,1345.6289589472271,11.3819,59.3876,5
1780,STARLINK-32930,satellite,0,20,43.026,16.9109,153.7232,30.7785,184.5016,6867.3739,483.0793,-6429.702716791948,-2366.2947903214063,-367.44522731231945,1770.383537605942,6618.62298297749,-367.44522731231945,-3.0891,75.0248,4
1781,STARLINK-33660,satellite,0,26,42.9929,173.3876,77.7278,157.4991,235.2268,6861.3487,492.5213,4363.539898045799,3645.733014589012,-3844.69217631099,465.77544469307713,-5667.001225570963,-3844.69217631099,-34.2307,-85.3014,10
1782,STARLINK-33611,satellite,0,13,42.9964,169.4919,89.6861,326.6764,56.3626,6861.5114,484.5722,-4495.339907142854,-3412.0900958100965,3892.489771011719,-198.87218455918202,5640.114321260265,3892.489771011719,34.7619,92.0194,4
1783,STARLINK-33646,satellite,0,26,42.9847,172.9056,91.5643,341.6043,73.1686,6859.5114,484.8109,-2562.076991080636,-4517.17868889976,4472.768883783732,-2215.9572828246974,4696.66638546652,4472.768883783732,40.9145,115.2586,5
1784,STARLINK-33665,satellite,0,26,43.0155,172.6005,155.3578,38.2156,193.5734,6867.1284,484.8351,6766.859517776343,308.6696808291529,-1098.71012218029,-3646.4256913054674,-5708.699009666816,-1098.71012218029,-9.2697,-122.5684,4
1785,STARLINK-33603,satellite,0,26,43.0078,173.4191,158.0615,55.8441,213.9056,6864.8117,488.1994,5979.509514700398,2128.364525751768,-2611.4046895018364,-1705.476576382463,-6113.576632240892,-2611.4046895018364,-22.4902,-105.5873,4
1786,STARLINK-33669,satellite,0,26,43.0108,172.6691,114.1576,36.9021,151.0597,6865.605,482.8777,5643.464927156489,-3172.8998095006655,2263.942589803855,-5844.827446395007,-2784.5972252809497,2263.942589803855,19.3856,-154.5259,9
1787,STARLINK-33673,satellite,0,75,43.0137,165.2908,22.7865,313.8722,336.6587,6866.226,485.9263,-5589.576304229922,3522.8035884541105,-1854.8106418218567,6099.771740998056,2538.9551180269677,-1854.8106418218567,-15.7743,22.5989,4
1788,STARLINK-33662,satellite,0,26,43.0099,173.0132,62.494,328.2663,30.7603,6865.0775,480.6945,-6159.802089661852,-1828.4408480590173,2391.9389544874102,2054.4930046408017,6088.137335222926,2391.9389544874102,20.5356,71.3526,5
1789,STARLINK-33613,satellite,0,26,42.9791,173.2769,89.5169,181.0571,270.5741,6858.4319,495.1488,519.5189722636139,4994.499359512191,-4678.706152756175,3782.9095456938576,-3302.199143572026,-4678.706152756175,-43.1545,-41.1185,5
1790,STARLINK-33680,satellite,0,26,42.9878,172.7613,80.1383,35.5813,115.7196,6860.4793,485.0458,2381.922356632869,-4856.539107112401,4211.025558653157,-5341.80921372129,851.2347127214335,4211.025558653157,38.0739,170.9459,4
1791,STARLINK-33671,satellite,0,89,42.9963,311.5721,92.9363,138.2173,231.1536,6862.0759,491.0924,-5781.298412655721,626.3325317587968,-3645.2020166440734,3842.815705298316,4364.4554335710145,-3645.2020166440734,-32.2425,48.6367,0
1792,STARLINK-33650,satellite,0,23,43.0009,321.9873,147.4514,70.4793,217.9306,6864.1097,488.7679,-6165.1287207313735,902.8166469426552,-2877.271992545245,4289.941863029942,4518.881371867027,-2877.271992545245,-24.9227,46.4888,4
1793,STARLINK-33689,satellite,0,23,42.982,321.8586,79.6032,180.8584,260.4616,6858.6865,494.8941,-3952.6084885388623,-3191.9557904584917,-4614.514248766182,-331.6403320123665,5069.685426344882,-4614.514248766182,-42.4259,93.7427,4
1794,STARLINK-33607,satellite,0,23,43.0021,322.1185,105.7188,34.3791,140.0979,6863.9526,483.8016,-2176.8879877619283,5769.663346184971,3000.3297796414145,5970.016610220637,-1544.9136264730882,3000.3297796414145,26.0857,-14.5087,6
1795,STARLINK-33619,satellite,0,23,42.9976,321.7027,88.9638,220.9094,309.8731,6862.2036,490.9581,1065.6045111539902,-5750.21003267457,-3592.120286329327,-5313.852333234068,2442.007734354226,-3592.120286329327,-31.7193,155.3186,18
1796,STARLINK-33612,satellite,0,23,43.0206,322.4682,37.2121,328.4534,5.6654,6867.3464,482.2092,5715.343199103229,-3766.2144505487067,462.0542536849968,-6371.18281257217,-2501.5092923757834,462.0542536849968,3.886,-158.5636,4
1797,STARLINK-33672,satellite,0,23,43.0006,321.9547,129.7707,95.3032,225.0739,6862.9547,489.954,-6006.990306442447,188.26330454942067,-3313.999543654366,3614.793994732833,4801.3164850045905,-3313.999543654366,-29.0246,53.0248,4
1798,STARLINK-33625,satellite,0,3,42.9962,314.5983,88.5065,322.1438,50.6503,6862.0498,484.4394,5813.791582990216,-372.7250958752109,3615.7989006642424,-3654.2517988190493,-4537.129087690894,3615.7989006642424,31.9867,-128.8483,48
1799,STARLINK-33699,satellite,0,3,42.9883,314.3929,80.6313,33.7861,114.4174,6859.9882,485.2299,1280.2092402939445,5219.124731659134,4256.078660809888,3528.235505444306,-4053.363156894801,4256.078660809888,38.5534,-48.9622,10
1800,STARLINK-33674,satellite,0,23,42.9794,322.2361,82.6239,15.0154,97.6393,6858.7586,487.5181,2323.930093733801,4488.109247683452,4632.401861556593,2329.4054734217866,-4485.2698737195215,4632.401861556593,42.6854,-62.5551,38
1801,STARLINK-33531,satellite,0,33,42.9903,38.3502,74.8271,174.3143,249.1414,6859.762,493.6951,994.270221092057,-5195.1904431640005,-4373.090980096634,-4819.110654054454,2180.5388135210683,-4373.090980096634,-39.7578,155.6543,19
1802,STARLINK-33652,satellite,0,33,43.0098,38.0115,66.7591,323.7983,30.5574,6865.2016,482.8679,3083.045475386298,5645.863581211189,2378.4486127923665,2838.3271850210335,-5772.767427475086,2378.4486127923665,20.4079,-63.8178,14
1803,STARLINK-33707,satellite,0,33,42.9858,38.2802,34.5992,235.6335,270.2327,6858.6163,492.0697,3130.7963480175918,-3922.1258276518142,-4677.387646599597,-5009.533657424528,-299.2144980186375,-4677.387646599597,-43.1635,-176.5818,9
1804,STARLINK-33668,satellite,0,33,43.0222,38.501,139.3628,32.1185,171.4814,6867.1778,482.1246,-5771.912093972634,-3642.0474318741803,693.3247803671062,348.6683476426039,6816.0038952395735,693.3247803671062,5.8367,87.0716,2
1805,STARLINK-33676,satellite,0,33,42.9861,38.2525,96.9342,180.4917,277.426,6858.6942,495.488,3779.2233997234857,-3360.6453384850265,-4640.6503474656,-4924.200545188027,-1152.6992612423319,-4640.6503474656,-42.7178,-166.8249,7
1806,STARLINK-33711,satellite,0,33,43.0076,38.0008,74.7332,322.9015,37.6347,6864.1804,483.441,2394.213693345022,5756.676290700603,2856.3235444075417,3325.7687450582566,-5273.598712426733,2856.3235444075417,24.7498,-57.7626,8
1807,STARLINK-33708,satellite,0,33,42.9888,38.3199,89.4938,166.7225,256.2163,6859.0952,494.6946,1740.362376254872,-4839.409277299376,-4545.098867052151,-4958.174469571579,1365.7412943831512,-4545.098867052151,-41.6466,164.5997,15
1808,STARLINK-33690,satellite,0,12,42.9912,34.4725,96.8338,326.4935,63.3273,6860.4157,485.4898,0.7603294921208625,5436.005332171842,4177.317391030772,4442.654255212033,-3132.56727272505,4177.317391030772,37.7135,-35.1881,5
1809,STARLINK-33694,satellite,0,33,42.9933,38.1753,103.98,194.6246,298.6046,6860.5934,493.2946,5307.489608064693,-1433.8817992782378,-4109.200068942419,-4229.877952787471,-3511.9219038211227,-4109.200068942419,-36.947,-140.2983,2
1810,STARLINK-33692,satellite,0,77,42.9901,42.2542,96.8973,323.8295,60.7268,6860.6627,485.6544,-460.2024253751008,5492.295433379559,4078.0426547076477,4754.2456512008985,-2788.2330763191994,4078.0426547076477,36.6692,-30.3904,4
1811,STARLINK-33693,satellite,0,33,43.021,38.4567,170.1758,29.4572,199.6329,6866.5171,485.1565,-4012.86605665639,-5339.634515880087,-1573.059641211218,-2052.317711059733,6356.318334123418,-1573.059641211218,-13.3321,107.8941,3
1812,STARLINK-33677,satellite,0,33,42.9946,38.3566,84.2197,157.8687,242.0884,6860.6158,492.6021,233.41242397526804,-5471.947646810996,-4135.626397195146,-4606.9497891807205,2961.8754276765467,-4135.626397195146,-37.2284,147.2624,14
1813,STARLINK-33647,satellite,0,18,43.0152,45.8765,7.8259,330.713,338.5389,6866.2533,485.0593,5763.745226419677,3306.221251407527,-1712.671364109333,-618.4489027088295,-6615.843026634822,-1712.671364109333,-14.5401,-95.3405,4
1814,STARLINK-33645,satellite,0,77,42.9852,41.6021,98.9075,188.3148,287.2223,6859.3625,495.2397,4704.26600507145,-2237.137779000351,-4470.28885138148,-4538.8689723901325,-2556.085393756567,-4470.28885138148,-40.8116,-150.6138,4
1815,STARLINK-33670,satellite,0,33,42.9861,38.2592,86.4941,176.8349,263.329,6858.7557,495.1247,2461.8172127285266,-4409.390342198858,-4647.946764439257,-5022.365656268909,528.3089943334102,-4647.946764439257,-42.8036,173.9951,8
1816,STARLINK-33644,satellite,0,33,43.0211,38.8565,40.8767,327.6972,8.5739,6867.3343,482.5575,4813.553593102466,4838.267283745781,697.8189320044705,1181.212811051839,-6721.894435175359,697.8189320044705,5.8743,-80.0334,8
1817,STARLINK-33664,satellite,0,33,43.0073,38.3746,161.5168,59.3987,220.9155,6863.7145,488.6689,-2025.133451672201,-5796.071595412823,-3065.71440951831,-3570.6132981755104,4994.630327774549,-3065.71440951831,-26.6774,125.5606,11
1818,STARLINK-33649,satellite,0,33,42.9902,38.1431,109.5038,182.1228,291.6265,6859.8156,494.0533,4871.983724994172,-2108.1718549340394,-4350.63704818048,-4530.08960380557,-2767.4721621069316,-4350.63704818048,-39.5117,-148.5789,3
1819,STARLINK-33535,satellite,0,33,43.0003,38.3295,134.0687,93.9591,228.0278,6862.5627,490.0498,-1286.1037052046977,-5773.549731471104,-3479.69880419238,-3977.995975373886,4377.612050218758,-3479.69880419238,-30.6238,132.2619,15
1820,STARLINK-33703,satellite,0,33,42.9858,38.569,80.0321,34.6911,114.7232,6860.0123,486.0178,-5082.088014602207,1774.1127184156924,4246.018559631791,4378.099257799632,3131.667513428274,4246.018559631791,38.4405,35.5763,7
1821,STARLINK-33709,satellite,0,33,42.9797,38.6429,90.284,3.2572,93.5412,6858.5889,486.094,-3456.1223279538217,3644.7915531847084,4663.92751404384,4970.291892938772,724.9037942614591,4663.92751404384,43.0562,8.2979,21
1822,STARLINK-33698,satellite,0,33,43.0158,38.0279,6.1927,327.9142,334.1069,6865.7013,485.9025,6212.518741955573,2077.0792745991325,-2044.316910148581,-1881.6422205433032,-6274.477666386851,-2044.316910148581,-17.4342,-106.6934,3
1823,STARLINK-33606,satellite,0,33,43.0003,38.3215,96.4344,138.6421,235.0765,6861.5473,491.4976,-530.5958711274524,-5664.866237792339,-3837.645700681424,-4324.448690714571,3697.4836026565504,-3837.645700681424,-34.1653,139.4689,15
1824,STARLINK-33686,satellite,0,33,43.023,38.4299,152.6494,25.8131,178.4625,6867.6003,483.8095,-5457.156949593213,-4158.10889729279,125.61756905788374,-254.47763756302214,6856.0683125403075,125.61756905788374,1.0555,92.1257,2
1825,STARLINK-33675,satellite,0,33,43.0239,38.0041,26.3293,328.9028,355.232,6867.4625,483.0394,5644.324524798653,3881.363036076393,-389.1200627071049,-79.55553643619487,-6849.602125356337,-389.1200627071049,-3.2715,-90.6654,3
1826,STARLINK-33655,satellite,0,33,42.9961,38.7595,89.1343,321.9138,51.0482,6862.1271,484.5103,919.6709744890186,5739.747958525075,3636.294969468842,4161.487896561874,-4058.635215867444,3636.294969468842,32.189,-44.2831,5
1827,STARLINK-33608,satellite,0,33,43.0216,38.3959,151.5477,41.6961,193.2437,6866.4639,483.1462,-4520.331364081225,-5048.428497802902,-1072.3711051320051,-1521.926570027052,6603.314732312142,-1072.3711051320051,-9.0479,102.9788,4
1828,STARLINK-33615,satellite,0,33,42.9832,38.7091,104.9031,327.317,72.22,6859.3185,486.3096,-1352.9379100289937,5035.652371354639,4450.6631910976275,4895.358811103202,-1795.465929522881,4450.6631910976275,40.6594,-20.1415,11
1829,STARLINK-33679,satellite,0,1,43.0108,191.4148,10.2584,322.1744,332.4328,6865.4518,486.2516,-6422.433448996184,1072.341207781155,-2166.3080264980767,4576.74764174547,4631.516824590821,-2166.3080264980767,-18.5095,45.3408,4
1830,STARLINK-33706,satellite,0,1,42.9978,191.4313,76.5544,234.6717,311.2261,6862.4334,491.3507,-5182.073800876928,2804.252406686024,-3520.5989689818603,5277.685535210017,2619.877063828445,-3520.5989689818603,-31.016,26.4001,4
1831,STARLINK-33691,satellite,0,1,42.9939,190.8098,79.0012,155.2928,234.294,6861.4998,491.7336,3170.001206010246,4755.260326982672,-3800.4447829108894,2060.297573970741,-5330.72062015747,-3800.4447829108894,-33.7885,-68.8687,13
1832,STARLINK-33696,satellite,0,1,42.984,191.1217,85.8346,6.9552,92.7898,6858.5661,487.5479,1293.6795895840914,-4850.89802324694,4668.661789401624,-4710.2091630899295,1737.4545036895781,4668.661789401624,43.099,159.7525,5
1833,STARLINK-33701,satellite,0,1,42.9813,191.4889,95.0254,194.9952,290.0206,6859.546,495.2346,-3242.8668093300703,4155.847258808003,-4397.171564855174,5265.133941707215,256.1565097342461,-4397.171564855174,-40.0093,2.7853,4
1834,STARLINK-33685,satellite,0,1,43.01,191.296,63.3502,325.6918,29.042,6865.2922,482.4987,-5402.9271330856645,-3561.8502371821487,2271.0402203523895,201.62703369561956,6468.210359661389,2271.0402203523895,19.4499,88.2146,4
1835,STARLINK-33654,satellite,0,1,42.9831,191.1412,93.7614,351.956,85.7174,6858.4703,486.8771,464.0510159192422,-5005.552327019864,4660.640330524861,-4358.625917933165,2504.651183584439,4660.640330524861,43.0125,150.1165,6
1836,STARLINK-33697,satellite,0,1,42.9851,191.2016,104.3182,327.1989,71.5171,6859.3071,485.9627,-1207.9012996524223,-5087.64606322441,4432.797717704347,-3462.432165069071,3918.511390393034,4432.797717704347,40.4651,131.4641,7
1837,STARLINK-33720,satellite,0,1,42.9873,191.2082,100.2642,324.1487,64.4129,6860.2498,485.2428,-2025.0737751589643,-5012.087611307341,4215.776613119354,-2929.862213391357,4542.890426677558,4215.776613119354,38.1232,122.8193,7
1838,STARLINK-33587,satellite,0,1,43.0136,190.9622,111.311,38.1732,149.4842,6865.0537,483.0876,6285.078623494018,-1376.4306592094456,2375.770177565181,-4746.156900485825,-4344.0498776008535,2375.770177565181,20.3832,-137.5328,4
1839,STARLINK-33637,satellite,0,1,42.98,191.558,87.1144,181.7284,268.8428,6858.4204,495.2415,-870.0468133179627,4946.173000937711,-4678.131665537257,4544.006349321921,-2138.6012040331325,-4678.131665537257,-43.1472,-25.2037,4
1840,STARLINK-33744,satellite,0,1,43.0186,191.344,25.2607,328.4402,353.7009,6867.2752,483.1907,-6794.815474992109,-801.7933654385057,-513.5907763071311,3259.480244617699,6015.661100411191,-513.5907763071311,-4.3196,61.5497,4
1841,STARLINK-33766,satellite,0,1,42.9913,191.4468,97.6676,206.5504,304.218,6861.2588,491.8648,-4606.523406800295,3302.651915993725,-3869.8443908368417,5353.447488017175,1862.3016857261925,-3869.8443908368417,-34.4894,19.1812,4
1842,STARLINK-33765,satellite,0,1,43.0013,191.2641,79.4887,323.7287,43.2175,6863.1889,483.8775,-4230.294345073836,-4344.124018782978,3202.5335098594305,-1113.3711226376536,5960.470491480301,3202.5335098594305,27.9892,100.5805,4
1843,STARLINK-33735,satellite,0,1,43.0088,190.9687,104.3315,38.0449,142.3765,6864.1013,483.5023,5915.008790009344,-1971.9802077985923,2855.69500330289,-5019.711259771588,-3698.4501881679466,2855.69500330289,24.7437,-143.6178,9
1844,STARLINK-33731,satellite,0,1,42.983,191.5122,97.1612,185.8209,282.9821,6858.9778,495.3256,-2487.488761551263,4486.8794630478615,-4560.132662196812,5100.491631441234,-551.9717133716556,-4560.132662196812,-41.8102,-6.1765,4
1845,STARLINK-33718,satellite,0,1,43.0137,190.8514,164.0424,49.0613,213.1037,6864.7613,487.7067,5130.152221198903,3773.9398212346623,-2556.914703755006,128.8821798182237,-6367.454198555185,-2556.914703755006,-21.9982,-88.8404,4
1846,STARLINK-33630,satellite,0,38,43.0003,187.516,93.8837,38.7767,132.6604,6862.5602,484.2692,5089.124869875488,-3048.3718848397452,3439.012561956426,-5423.663015639224,-2403.2566617516873,3439.012561956426,30.2569,-156.1016,9
1847,STARLINK-33695,satellite,0,38,43.0204,187.395,177.0745,26.2059,203.2804,6866.0069,486.3008,5996.437003969956,2777.9838918378323,-1850.5727277593703,-1184.2661171270468,-6501.689396588818,-1850.5727277593703,-15.7365,-100.3231,4
1848,STARLINK-33713,satellite,0,38,43.0213,187.4202,146.9866,35.1948,182.1813,6867.4024,482.7848,6773.864750787285,1074.7378189458086,-178.1685795876421,-3024.3197067623255,-6155.793641174135,-178.1685795876421,-1.4974,-116.1647,4
1849,STARLINK-33721,satellite,0,38,43.0215,187.4391,136.8193,31.3435,168.1627,6867.0383,482.6678,6791.186476629091,-150.86732083830273,960.1534671986689,-4036.041946178629,-5463.8210180727365,960.1534671986689,8.095,-126.4527,4
1850,STARLINK-33639,satellite,0,38,42.9862,187.7237,95.8737,325.8594,61.7331,6860.7207,484.4156,-2623.295999716805,-4812.679113532505,4116.427138527528,-2422.2118723292106,4916.9555415429195,4116.427138527528,37.0787,116.226,5
1851,STARLINK-33688,satellite,0,1,43.0143,191.2868,54.536,327.465,22.001,6866.0726,482.1771,-5868.72324298154,-3087.1049273745634,1752.8654370890886,858.0254735041009,6575.402772617822,1752.8654370890886,14.8954,82.5655,4
1852,STARLINK-33700,satellite,0,1,42.9988,190.9855,90.1264,38.1236,128.25,6861.842,483.6,4916.817875333483,-3056.601283718012,3671.6630889699195,-5331.114873790417,-2257.6810291261368,3671.6630889699195,32.5447,-157.0478,9
1853,STARLINK-33687,satellite,0,1,43.0176,190.8297,156.7055,35.249,191.9545,6867.0576,483.5242,6397.644746106173,2281.7920094837723,-969.5747176378619,-1820.981322605218,-6543.734415045194,-969.5747176378619,-8.174,-105.5507,4
1854,STARLINK-33716,satellite,0,1,43.0173,190.9288,126.2026,37.4457,163.6483,6866.65,481.911,6730.124653734662,-138.47334481560418,1317.4352990074235,-3990.7311185306785,-5421.0532059390825,1317.4352990074235,11.141,-126.3588,4
1855,STARLINK-33754,satellite,0,1,42.9972,191.2289,88.4266,321.9044,50.3309,6862.0473,484.8741,-3541.717218117966,-4638.893528296972,3599.543145291697,-1751.0221525295788,5567.496335098881,3599.543145291697,31.824,107.4588,4
1856,STARLINK-32953,satellite,0,56,42.998,202.1647,87.0391,323.665,50.704,6862.0425,484.3585,-2557.4125927254363,-5232.286775190998,3618.6563155244517,-2803.1347582902217,5104.862348206313,3618.6563155244517,32.0154,118.7717,5
1857,STARLINK-32951,satellite,0,56,42.9872,202.0764,101.222,330.7697,71.9917,6859.2438,486.5963,-171.56754456179144,-5216.244722281334,4445.472403751602,-4164.623692570471,3145.5609872255754,4445.472403751602,40.6001,142.9361,6
1858,STARLINK-32958,satellite,0,56,42.9955,201.9183,90.4983,38.1453,128.6437,6861.9065,484.6866,5434.506856564505,-2035.5120963346285,3652.077464734264,-4794.798313241802,-3269.1104912047217,3652.077464734264,32.3445,-145.7137,9
1859,STARLINK-32928,satellite,0,56,42.9995,201.7538,155.947,64.6405,220.5875,6863.6005,488.8657,3630.2739281998765,4964.5053905380455,-3045.079108641094,1966.1376048130512,-5827.478484335148,-3045.079108641094,-26.4832,-71.3561,12
1860,STARLINK-32687,satellite,0,56,42.9819,202.0499,99.8609,339.1552,79.0161,6858.7579,486.7907,637.6342774174908,-5053.52136900651,4588.117362729706,-4497.8428991851015,2390.4110426856123,4588.117362729706,42.1892,152.0113,6
1861,STARLINK-32950,satellite,0,56,42.9876,201.6174,77.2852,171.6384,248.9236,6859.618,493.8334,568.6734806372435,5264.418625636462,-4366.608159396795,3975.206443284428,-3497.8888957195513,-4366.608159396795,-39.6864,-41.3454,7
1862,STARLINK-32954,satellite,0,56,43.0183,201.7976,145.8841,32.3049,178.189,6867.4187,482.4746,6425.758880117018,2399.0828049475804,147.91460275426203,-1741.3121793126056,-6634.29026984616,147.91460275426203,1.2431,-104.7068,2
1863,STARLINK-32940,satellite,0,56,43.0108,201.8427,114.0227,35.8827,149.9054,6865.1508,482.7656,6443.483476168347,-126.39561804428948,2345.861779038965,-3815.71158945671,-5193.727007265695,2345.861779038965,20.1166,-126.3039,13
1864,STARLINK-32959,satellite,0,58,42.9997,257.0289,79.2277,326.1743,45.402,6862.95,484.2392,2399.208810681589,-5493.412940180575,3330.013250843958,-5872.31448302092,1204.039559606864,3330.013250843958,29.2048,168.4129,3
1865,STARLINK-32956,satellite,0,58,43.019,256.2402,35.271,328.5488,3.8199,6867.5277,482.5507,-1303.6122438578134,-6728.431349013904,311.8225397847775,-4748.376269170977,4942.076092807857,311.8225397847775,2.6213,133.8549,3
1866,STARLINK-33722,satellite,0,50,42.9829,252.8894,105.0752,178.3182,283.3934,6859.0063,495.036,-5136.225883104793,-82.36165412567472,-4552.29153030698,2891.9104742699724,4245.521590235238,-4552.29153030698,-41.7246,55.7386,4
1867,STARLINK-33739,satellite,0,50,42.9789,253.3571,82.9129,9.4816,92.3945,6858.5195,487.5111,4883.38812587226,-1160.8276693060618,4669.652719572056,-3762.3531037803054,-3322.6043381978893,4669.652719572056,43.1106,-138.5517,28
1868,STARLINK-33683,satellite,0,50,42.9814,253.3338,79.2183,20.2457,99.464,6858.7732,487.0897,5062.54025906277,-338.9071428434675,4610.2215233265015,-3193.7786059199934,-3942.5816595816254,4610.2215233265015,42.4369,-129.01,56
1869,STARLINK-33732,satellite,0,50,43.0203,253.1661,141.6433,28.5484,170.1916,6867.2201,482.812,2775.653784725827,6223.228554382438,797.3785779669374,3487.3368497143506,-5854.170246018485,797.3785779669374,6.7157,-59.2177,9
1870,STARLINK-33800,satellite,0,50,43.0006,252.8028,75.0789,236.6088,311.6877,6862.472,490.7014,-4930.400013262802,-3252.2230389537885,-3495.5272334971696,182.45355867239402,5903.60141649243,-3495.5272334971696,-30.7747,88.2298,4
1871,STARLINK-33632,satellite,0,50,42.9887,253.2869,77.8666,35.8288,113.6954,6859.9894,486.7721,5191.059560475755,1318.3175528808729,4281.028852571049,-1913.3003134661465,-5002.433651846958,4281.028852571049,38.8105,-110.9305,98
1872,STARLINK-33719,satellite,0,50,42.984,252.9637,87.3192,174.8692,262.1884,6858.7432,495.2848,-4482.864422196064,2349.3553768408706,-4636.164362652608,4503.029306406739,2310.4699046134315,-4636.164362652608,-42.6683,27.162,4
1873,STARLINK-33755,satellite,0,50,42.9809,252.8983,84.5375,170.7198,255.2573,6859.0702,494.8264,-4127.655916926897,3097.425386465082,-4525.26446090459,4909.807847658115,1589.1426280654512,-4525.26446090459,-41.4243,17.9351,4
1874,STARLINK-33752,satellite,0,50,43.0217,253.1467,154.5364,29.7481,184.2845,6867.4268,483.3431,1625.0471127322935,6657.029848880476,-349.74076054846427,4504.822414793791,-5163.661446944078,-349.74076054846427,-2.94,-48.8983,8
1875,STARLINK-33714,satellite,0,50,42.9966,252.818,102.221,202.3857,304.6067,6861.3888,491.5678,-5098.460217463774,-2503.33980068453,-3852.1458130613105,891.377222590161,5609.4967148398855,-3852.1458130613105,-34.3116,80.9709,4
1876,STARLINK-33814,satellite,0,50,43.0156,252.7414,14.8545,325.1121,339.9666,6866.4085,485.1989,-3554.118835772646,-5646.745131139486,-1603.6796411557011,-2567.639548625598,6158.304833570285,-1603.6796411557011,-13.5964,112.6332,4
1877,STARLINK-33817,satellite,0,50,43.0169,252.688,47.8748,327.4643,15.3391,6866.9725,482.2223,-701.9098587316348,-6710.421323220994,1237.9418526165166,-5080.325734478236,4439.901149408828,1237.9418526165166,10.4606,138.8485,5
1878,STARLINK-33820,satellite,0,50,42.99,252.5956,92.7188,325.0751,57.7939,6861.0601,484.9492,2956.096138635422,-4755.929754853252,3955.5813257497894,-5590.385963458634,323.97066768219725,3955.5813257497894,35.4054,176.6833,4
1879,STARLINK-33813,satellite,0,50,42.9963,252.6173,86.3071,324.3859,50.693,6862.1175,484.6135,2405.5590038453533,-5304.52553551216,3618.104650462623,-5721.586942187416,1090.0220827453275,3618.104650462623,32.0086,169.2138,4
1880,STARLINK-33834,satellite,0,50,43.0057,253.0786,167.1482,52.6171,219.7653,6863.8287,488.4667,-1535.6998832524134,5980.949650216231,-2993.9979260024597,5773.290929351839,-2190.7178492236085,-2993.9979260024597,-26.0075,-20.7796,4
1881,STARLINK-33830,satellite,0,50,42.996,253.0415,102.2829,131.6306,233.9135,6861.6208,491.0201,-2700.8955411587517,5049.49782654791,-3782.0082608065027,5683.298970055672,-701.6964026752847,-3782.0082608065027,-33.6071,-7.0385,4
1882,STARLINK-33651,satellite,0,50,43.0004,253.0636,130.3889,96.4362,226.8251,6862.7177,489.9913,-2133.6241775494836,5558.344947558624,-3413.319521850301,5772.370177315652,-1458.5243306544653,-3413.319521850301,-29.9802,-14.1803,4
1883,STARLINK-33788,satellite,0,50,42.9968,253.2253,96.5041,38.376,134.8802,6862.9887,483.6897,4798.737885189637,3606.8744343651647,3313.3809586853467,183.27594687429828,-6000.319858418272,3313.3809586853467,29.0478,-88.2505,92
1884,STARLINK-33805,satellite,0,50,42.9783,253.3898,101.0405,337.2018,78.2423,6858.9748,487.1005,4306.211320536868,-2742.4096641181523,4575.607768515712,-4722.511898467695,-1939.6257556032706,4575.607768515712,42.0458,-157.6711,4
1885,STARLINK-33702,satellite,0,50,43.013,252.7468,13.3456,319.6491,332.9947,6865.6645,486.768,-3989.6045728584377,-5163.598436362871,-2125.780774352257,-1921.8375510434978,6235.882767273706,-2125.780774352257,-18.1498,107.1288,6
1886,STARLINK-33666,satellite,0,50,43.0171,253.1692,129.2346,33.9892,163.2238,6866.7794,482.2634,3287.2264168229817,5867.141612956425,1350.7255716426996,2901.5491753731376,-6067.142705164866,1350.7255716426996,11.4256,-64.441,10
1887,STARLINK-33723,satellite,0,50,42.9916,252.8333,105.2828,192.2781,297.5609,6860.4741,493.1164,-5189.592969298793,-1720.5700057046504,-4149.005274714376,1583.6762683099398,5232.992051276006,-4149.005274714376,-37.3657,73.1625,4
1888,STARLINK-33791,satellite,0,50,43.0097,253.1901,114.0163,35.0387,149.0549,6865.1422,482.9848,4169.819976048069,4885.090322580694,2405.6695472226775,1590.3694913890242,-6222.7189373520705,2405.6695472226775,20.6515,-75.6635,38
1889,STARLINK-33831,satellite,0,50,42.9832,252.8467,94.8778,181.5018,276.3795,6858.6963,495.1128,-4992.829360468973,742.9566294291903,-4650.380749284435,3483.8626503568944,3652.811329568232,-4650.380749284435,-42.8314,46.3561,4
1890,STARLINK-33879,satellite,0,68,43.0076,296.8556,24.5855,295.4706,320.0562,6863.7337,489.0861,-497.71685122809527,-6149.887691183278,-3005.5605087733893,-4739.82179367347,3950.054435369467,-3005.5605087733893,-26.1129,140.193,15
1891,STARLINK-33854,satellite,0,68,43.018,296.3446,164.1419,29.4813,193.6232,6866.8386,483.9355,-4018.155810586357,5451.531142223398,-1102.5692977077565,6770.836338275975,143.32896797932938,-1102.5692977077565,-9.3038,1.2127,4
1892,STARLINK-33864,satellite,0,68,42.9911,296.9162,105.9951,192.8443,298.8394,6860.6562,493.0908,-2422.655883022264,-4942.851959042348,-4099.71025052199,-2644.206493594337,4827.962203226606,-4099.71025052199,-36.849,118.7089,9
1893,STARLINK-33832,satellite,0,68,42.9903,296.2551,87.903,148.1294,236.0324,6861.3154,492.1832,-5430.527688585695,1597.2715161661235,-3881.3885110264227,4434.311931442783,3518.349750595539,-3881.3885110264227,-34.6048,38.4298,3
1894,STARLINK-33856,satellite,0,68,43.02,296.3562,147.1417,32.3647,179.5064,6867.4178,482.771,-3007.0624611608937,6166.684495049585,40.32606764378391,6772.823602239546,-1095.1176921933557,40.32606764378391,0.3389,-9.1848,5
1895,STARLINK-33876,satellite,0,68,42.9818,296.5503,85.4602,9.0609,94.5211,6858.6028,487.3416,4230.921670028634,2718.203149672538,4659.356312507896,-215.92876379976656,-5024.211511249451,4659.356312507896,42.9942,-92.4609,112
1896,STARLINK-33859,satellite,0,68,42.9935,296.896,101.5007,204.4219,305.9226,6861.6223,491.8445,-1804.0214486182033,-5430.2025953079,-3790.146257038161,-3398.965392642691,4603.110673531594,-3790.146257038161,-33.6843,126.4424,13
1897,STARLINK-33826,satellite,0,68,43.0171,296.3815,130.6161,34.7184,165.3345,6866.9044,481.9782,-1811.168677806525,6509.099536443091,1184.7701126027189,6363.6825581323565,-2269.8574964330096,1184.7701126027189,10.0071,-19.6308,4
1898,STARLINK-33836,satellite,0,68,43.0221,296.7968,30.9433,324.4122,355.3556,6867.4656,483.3266,2720.5849811170847,-6287.568119836896,-379.06186065857264,-6706.573696320992,1398.915564601562,-379.06186065857264,-3.1867,168.2177,2
1899,STARLINK-33558,satellite,0,68,43.0075,296.3039,167.1978,47.6123,214.8101,6864.5506,487.7761,-5065.034197747361,3781.6652024712553,-2672.1742911604756,6009.136912722296,1961.0804909769927,-2672.1742911604756,-23.0443,18.0741,2
1900,STARLINK-33852,satellite,0,68,43.0227,296.7831,34.8823,327.6604,2.5427,6867.359,482.5255,3287.1035123359015,-6018.3258760280105,207.66383748695526,-6812.90861801867,780.7509291741404,207.66383748695526,1.7454,173.4625,3
1901,STARLINK-33835,satellite,0,68,42.9866,296.6215,100.4186,332.7696,73.1881,6859.3906,486.5579,5180.160541596271,378.4943939963981,4474.527627618742,-2675.1807141753734,-4452.047774844944,4474.527627618742,40.9213,-121.0011,68
1902,STARLINK-33661,satellite,0,68,43.0114,296.3956,116.4042,34.7934,151.1976,6865.266,482.5006,-507.5282522751395,6457.435665717169,2253.9899423244105,5570.364990060271,-3305.615552547578,2253.9899423244105,19.2982,-30.6861,3
1903,STARLINK-33729,satellite,0,68,43.009,296.84,48.8113,278.2442,327.0555,6864.8397,489.0136,165.2011220905117,-6372.311664446098,-2546.2804896578,-5303.558073523156,3536.370896886116,-2546.2804896578,-21.8977,146.305,16
1904,STARLINK-33717,satellite,0,68,43.0126,296.3258,160.5237,40.2591,200.7827,6866.3069,485.002,-4440.737668285956,4960.510921578643,-1660.899744736969,6612.973232097743,771.6246971122174,-1660.899744736969,-14.0916,6.6554,4
1905,STARLINK-33684,satellite,0,68,42.9883,296.2305,76.8533,166.2268,243.0801,6860.3878,492.9652,-5388.76027963258,808.8070664280617,-4172.5614721386655,3765.8001513045997,3938.4839015138837,-4172.5614721386655,-37.615,46.284,4
1906,STARLINK-33704,satellite,0,68,42.9901,296.4648,89.341,33.523,122.864,6861.249,484.4594,2112.8355288010175,5207.429058315523,3926.4882130923206,3038.959793092484,-4727.167729742627,3926.4882130923206,35.11,-57.2642,28
1907,STARLINK-33705,satellite,0,68,43.0054,296.4068,107.0251,37.1082,144.1333,6864.3883,482.9327,160.10884909471773,6284.2171229913565,2740.479350261761,5044.127609600729,-3751.505877713619,2740.479350261761,23.686,-36.6396,3
1908,STARLINK-33663,satellite,0,68,43.0181,296.3339,145.4549,41.2696,186.7245,6867.2628,483.8983,-3549.5139714772176,5846.888596072187,-548.1705705928204,6823.972565843082,-467.4977103815053,-548.1705705928204,-4.6106,-3.9191,5
1909,STARLINK-33866,satellite,0,68,43.02,296.7599,50.5521,326.0206,16.5726,6866.6989,482.2522,4237.511496888397,-5226.413632335948,1334.8698783087627,-6713.219074385313,-452.3193582388303,1334.8698783087627,11.2898,-176.1454,3
1910,STARLINK-33849,satellite,0,68,43.0163,296.7334,66.1164,324.6359,30.7523,6865.2153,483.3578,4941.723679206582,-4110.859778766095,2392.5853623523985,-6207.157327344161,-1670.628311715553,2392.5853623523985,20.533,-164.9361,9
1911,STARLINK-33873,satellite,0,68,43.018,296.748,59.7875,323.7699,23.5574,6866.0565,482.5315,4619.602790066301,-4712.578542397445,1870.2249259328212,-6513.379772287907,-1060.6650735288245,1870.2249259328212,15.917,-170.7509,6
1912,STARLINK-33772,satellite,0,68,42.9887,296.484,84.1339,31.6407,115.7746,6860.2532,485.6568,2712.6279176649127,4682.121943159003,4209.527538273216,2264.0331665894537,-4914.750240947046,4209.527538273216,38.054,-65.2663,51
1913,STARLINK-33789,satellite,0,68,43.0119,296.3831,122.9224,35.3476,158.2699,6866.2424,482.103,-1167.869487050967,6532.955205801539,1732.2461261929182,6012.545067580243,-2809.3993432957527,1732.2461261929182,14.7164,-25.0446,3
1914,STARLINK-33822,satellite,0,68,43.008,296.7196,74.7924,323.0161,37.8084,6864.1299,483.4412,5182.067838318507,-3457.321539908177,2867.554086174491,-5811.464955413024,-2243.607448564564,2867.554086174491,24.8536,-158.8901,9
1915,STARLINK-33771,satellite,0,41,43.0157,299.9178,127.8118,33.0481,160.8599,6866.4972,482.6286,-1806.8257810137347,6437.115233060964,1534.3692748022438,6302.344387463064,-2231.933500007162,1534.3692748022438,13.0034,-19.5013,4
1916,STARLINK-33810,satellite,0,68,43.011,296.3099,168.6963,39.0539,207.7502,6865.5493,486.5053,-4786.232308087681,4408.486397902553,-2179.6345953573823,6360.8348798892575,1372.0610985879507,-2179.6345953573823,-18.6268,12.1725,3
1917,STARLINK-33823,satellite,0,68,42.9921,296.6679,95.2051,323.8708,59.0759,6860.871,484.764,5425.296734678195,-1217.6451801833236,4010.264306157863,-4121.012400405486,-3732.795365384738,4010.264306157863,35.9704,-137.8299,26
1918,STARLINK-33816,satellite,0,23,43.0091,322.3691,117.283,36.7665,154.0495,6865.9152,481.9828,-3543.8547825627443,5503.223527062055,2047.1006206479312,6539.8190732115545,-274.12113811326543,2047.1006206479312,17.4691,-2.4002,4
1919,STARLINK-33861,satellite,0,23,42.9942,322.4334,91.1756,34.5905,125.7662,6861.5891,484.2513,-695.5077530636117,5668.172962490885,3793.462480766631,5033.569077768359,-2697.238978403373,3793.462480766631,33.7601,-28.1846,4
1920,STARLINK-33850,satellite,0,23,42.9967,322.2371,102.1748,129.7156,231.8904,6861.9467,493.6295,-5769.332249747608,-528.6404574596766,-3683.9736107118943,2891.909907058788,5020.110798647397,-3683.9736107118943,-32.6134,60.0553,4
1921,STARLINK-33887,satellite,0,23,43.0001,321.8246,76.0252,325.4678,41.493,6863.7007,483.7591,6091.635254866731,-562.648210428573,3098.5331789810325,-3969.563715121264,-4654.799351059764,3098.5331789810325,27.0065,-130.4572,24
1922,STARLINK-33886,satellite,0,23,42.9867,321.768,102.0878,320.586,62.6738,6860.639,486.5148,5230.149195144379,1552.402379550055,4153.438834070904,-1744.4936583815102,-5169.250973532699,4153.438834070904,37.4547,-108.6483,109
1923,STARLINK-33840,satellite,0,23,43.0078,322.3803,114.7934,32.1272,146.9206,6864.98,483.2776,-2880.9875428607256,5676.145978465743,2553.3240644622356,6299.246486168154,-915.5414231315052,2553.3240644622356,21.9807,-8.2695,5
1924,STARLINK-33851,satellite,0,23,43.012,321.9366,17.2642,313.5909,330.8551,6865.4443,487.4044,3212.5813589625086,-5619.931294120661,-2280.0913430030764,-6444.346938852518,612.1268416695178,-2280.0913430030764,-19.5159,174.5739,7
1925,STARLINK-33853,satellite,0,23,43.02,321.9032,26.0108,325.9215,351.9323,6867.4435,483.3335,4911.8050069951605,-4745.486935570117,-656.9623869851314,-6708.629128438244,-1280.535005175301,-656.9623869851314,-5.5286,-169.1934,4
1926,STARLINK-33847,satellite,0,23,43.0157,322.2914,166.1384,37.3991,203.5375,6866.2094,485.5279,-6202.651461949115,2262.7883155381314,-1869.4710781684391,5423.126709136171,3766.0048879428296,-1869.4710781684391,-15.9032,34.7774,4
1927,STARLINK-33880,satellite,0,23,42.9949,322.4113,95.7089,37.0937,132.8027,6862.7043,484.3024,-1447.3857185280885,5757.946888670868,3430.8163896185265,5540.138649619143,-2134.4183127844885,3430.8163896185265,30.1772,-21.0699,6
1928,STARLINK-33760,satellite,0,85,42.9858,336.6942,101.3775,338.0807,79.4582,6858.782,486.9978,3102.508985081169,4031.8119187947977,4595.306494852587,1507.8760986455452,-4858.742535078255,4595.306494852587,42.2688,-72.7586,76
1929,STARLINK-33941,satellite,0,85,42.9906,336.7368,98.3135,326.977,65.2905,6860.0852,486.1011,4432.255065615597,3053.469353895022,4246.917254775313,-57.8984902893414,-5381.933465463264,4246.917254775313,38.4496,-90.6164,113
1930,STARLINK-33824,satellite,0,85,43.0128,336.9152,6.7988,326.5663,333.3651,6865.6226,486.1555,4760.885309760655,-4474.462347226429,-2098.595466970344,-6400.156365990311,-1313.3319155169975,-2098.595466970344,-17.9116,-168.4037,5
1931,STARLINK-33808,satellite,0,85,42.9994,336.5318,94.6498,34.4519,129.1017,6861.9679,484.5692,-2417.0166815194284,5291.848796423402,3628.864269754438,5717.82699437643,-1073.3535229975234,3628.864269754438,32.1152,-10.6319,9
1932,STARLINK-33844,satellite,0,85,42.9933,336.3358,15.8043,219.3304,235.1348,6861.4568,491.0772,-5246.11686527883,-2197.5859039099996,-3839.6305892261475,1226.355814354849,5554.023531263166,-3839.6305892261475,-34.1877,77.5486,4
1933,STARLINK-33907,satellite,0,85,42.9858,336.619,81.1259,19.6849,100.8107,6858.7564,487.1301,774.5862774553478,5031.856834489337,4591.338677725846,3666.486872821453,-3532.200605210178,4591.338677725846,42.223,-43.9313,6
1934,STARLINK-33884,satellite,0,85,42.9988,336.3529,107.2262,120.902,228.1282,6862.5037,490.8778,-5695.756904035726,-1586.5235887086662,-3485.494110596439,1984.8639957930752,5569.472032931309,-3485.494110596439,-30.6761,70.3848,4
1935,STARLINK-33841,satellite,0,85,43.0206,336.4337,152.2369,33.4751,185.712,6867.413,483.3949,-6457.565938521461,2272.0087962982684,-465.9178493058529,5577.531593898464,3969.0456207851435,-465.9178493058529,-3.9179,35.4362,2
1936,STARLINK-33769,satellite,0,85,42.9931,336.3138,76.2306,166.0509,242.2815,6860.4561,492.961,-4708.64618107495,-2787.164932991962,-4143.0682237474375,434.80340494396364,5454.409520864832,-4143.0682237474375,-37.3043,85.4423,4
1937,STARLINK-33914,satellite,0,2,42.9959,332.601,83.2321,227.0268,310.2589,6862.4112,491.5474,2175.116544285596,-5442.609059711479,-3572.063050706413,-5701.679777637552,1357.9297004474731,-3572.063050706413,-31.5191,166.6038,15
1938,STARLINK-33932,satellite,0,35,43.0233,343.7055,29.2125,330.75,359.9625,6867.4929,483.0015,6584.617417663324,-1928.218053138649,-3.067199027216293,-5369.73642231845,-4270.96501417088,-3.067199027216293,-0.0258,-141.5021,4
1939,STARLINK-33930,satellite,0,35,43.0216,344.1533,137.8842,31.2694,169.1536,6867.024,482.5888,-6224.0261436105275,2747.8008189978027,880.7893534379077,5831.8642907450985,3504.0361972394767,880.7893534379077,7.4221,30.9993,4
1940,STARLINK-33911,satellite,0,85,43.0198,336.7215,48.9788,326.8142,15.7931,6866.8695,482.3785,6602.927271651953,-1354.7761087904707,1273.7522342229042,-4911.5856526282405,-4616.318147243641,1273.7522342229042,10.7665,-136.775,3
1941,STARLINK-33938,satellite,0,35,42.9814,343.932,92.0784,175.9625,268.0409,6858.79,495.8046,-1614.521895209108,-4757.5838460234445,-4676.864927829004,-2958.3836203625606,4060.695920260879,-4676.864927829004,-43.1283,126.0749,13
1942,STARLINK-33881,satellite,0,35,42.9999,344.2216,96.3898,37.3558,133.7456,6862.769,483.6598,-3577.3477927660547,4775.302772953461,3378.145017467513,5964.153556713347,172.64459368512888,3378.145017467513,29.6709,1.6581,12
1943,STARLINK-33846,satellite,0,35,43.0182,344.1247,155.6044,34.6428,190.2471,6867.2914,484.0399,-6739.004421299185,988.6399933375047,-832.7900353114323,4690.726726210967,4938.4888788703865,-832.7900353114323,-7.0141,46.4739,4
1944,STARLINK-33883,satellite,0,35,43.0114,344.0883,166.9163,44.5528,211.4691,6864.867,486.9796,-6346.986217974189,-914.5244405258385,-2443.7392546180563,2909.323939115393,5714.579881387912,-2443.7392546180563,-20.9805,63.0191,4
1945,STARLINK-33842,satellite,0,35,42.9865,343.8604,104.2924,184.9033,289.1957,6859.5712,494.017,849.6591122742248,-5181.854695290772,-4419.372006702368,-4724.893285677424,2291.052624698533,-4419.372006702368,-40.2606,154.1317,20
1946,STARLINK-33892,satellite,0,35,42.9927,343.8337,121.4657,174.7812,296.2468,6860.3476,491.6281,1661.202627356368,-5168.3838182059135,-4196.633770896373,-5181.452435013946,1619.9802854098189,-4196.633770896373,-37.8782,162.6382,17
1947,STARLINK-33933,satellite,0,85,42.9876,336.8961,105.0033,186.1095,291.1128,6859.5719,493.6965,436.10447896687367,-5277.843592943687,-4365.4460319033415,-4565.080496918844,2684.373328135061,-4365.4460319033415,-39.6748,149.5435,15
1948,STARLINK-33906,satellite,0,35,42.9863,343.9773,83.9053,169.9867,253.892,6859.4807,495.0948,-3161.9501055371034,-4110.9693663875405,-4496.3245574195835,-1538.328143551289,4952.932881035328,-4496.3245574195835,-41.1007,107.2542,8
1949,STARLINK-33923,satellite,0,35,42.984,343.9544,86.2495,174.7282,260.9778,6859.0943,495.6616,-2405.2242516437805,-4468.520287370063,-4621.990319354713,-2266.557033003555,4540.42910697605,-4621.990319354713,-42.5047,116.5281,8
1950,STARLINK-33947,satellite,0,35,43.0036,344.2001,101.6543,39.1845,140.8388,6863.8903,483.1377,-4253.803618912471,4494.91436785293,2953.5341273980534,6124.718415619335,887.0877814381862,2953.5341273980534,25.6522,8.2413,6
1951,STARLINK-33882,satellite,0,35,42.9978,343.8107,107.7178,195.6759,303.3937,6861.533,492.8602,2459.4698398115534,-5078.539218314583,-3908.264884300139,-5567.938775671544,915.7566681576677,-3908.264884300139,-34.8745,170.6602,11
1952,STARLINK-33875,satellite,0,35,43.0226,343.6913,38.6189,328.4399,7.0588,6867.3131,482.3312,6707.447242421386,-1320.319717756452,575.2036254499262,-4943.641905101372,-4721.599027987067,575.2036254499262,4.8396,-136.316,4
1953,STARLINK-33869,satellite,0,35,43.0033,343.624,78.9844,323.5316,42.516,6863.3104,483.2541,5804.488157652259,1826.3578711433665,3160.4546875084825,-1851.4819591425276,-5796.5231303586115,3160.4546875084825,27.5931,-107.7141,69
1954,STARLINK-33935,satellite,0,35,43.0141,344.1651,124.6346,37.462,162.0966,6866.6864,482.1307,-5858.764877289223,3264.3498753544077,1438.4741231116325,6043.618433183633,2907.8827744885352,1438.4741231116325,12.179,25.6945,4
1955,STARLINK-33916,satellite,0,35,43.0169,344.1324,145.1775,38.1396,183.317,6867.4641,483.3098,-6668.273569785163,1593.663780694558,-270.84450481434504,5144.488486210079,4532.093871782111,-270.84450481434504,-2.2764,41.3788,4
1956,STARLINK-33925,satellite,0,35,43.0171,343.6664,56.3548,324.8818,21.2366,6866.2355,482.4173,6646.2906166959265,-54.75847921790597,1695.0027531990272,-3874.00633637426,-5400.764053201978,1695.0027531990272,14.3926,-125.6521,4
1957,STARLINK-33870,satellite,0,35,42.9929,343.5912,94.1902,322.4046,56.5948,6861.2414,485.2335,4803.7549195289,2949.681516250059,3903.0507214064346,-356.76802037027505,-5625.779852948961,3903.0507214064346,34.8658,-93.6286,122
1958,STARLINK-33867,satellite,0,35,42.9996,344.0496,135.5946,90.0793,225.6739,6862.8841,489.8565,-5597.4823855558625,-2134.5903929141837,-3348.270329003606,1480.2835718791378,5804.915653905267,-3348.270329003606,-29.3538,75.6942,4
1959,STARLINK-33918,satellite,0,35,43.0034,344.0682,155.9329,62.7051,218.6379,6863.9358,488.7401,-6015.034878632569,-1541.9837621875658,-2922.703173620399,2205.2199016795944,5804.770770603494,-2922.703173620399,-25.3434,69.1983,4
1960,STARLINK-33712,satellite,0,39,42.9893,347.5122,84.6862,164.755,249.4412,6859.9727,494.3184,-3369.7819364795746,-4068.523188864956,-4382.040524095646,-1383.8929897216783,5098.3479118980395,-4382.040524095646,-39.8509,105.1864,8
1961,STARLINK-33827,satellite,0,35,42.9805,343.8781,100.1703,181.962,282.1323,6858.963,495.2382,22.61153769339148,-5116.845693292275,-4574.912911639568,-4195.256352574433,2929.58107359814,-4574.912911639568,-41.9767,145.0731,14
1962,STARLINK-33899,satellite,0,35,43.0111,343.7571,13.187,311.3747,324.5617,6864.6152,488.0135,4554.34155891149,-4357.521909536196,-2714.3862590943745,-6185.575818985043,-1211.889440049642,-2714.3862590943745,-23.4287,-168.9149,5
1963,STARLINK-33900,satellite,0,35,43.0178,343.7135,76.8995,269.0298,345.9293,6866.872,489.4143,6051.321982400647,-3039.6388620168686,-1138.9658293129762,-5970.893457350843,-3194.73527340426,-1138.9658293129762,-9.6059,-151.8509,4
1964,STARLINK-33975,satellite,0,35,42.9819,343.5696,98.6597,324.94,63.5997,6860.4197,485.3674,4194.386683083523,3446.5922862780967,4186.418226105995,400.46610194973726,-5414.010060597344,4186.418226105995,37.8107,-85.7696,109
1965,STARLINK-33951,satellite,0,35,43.009,343.6418,89.139,306.2116,35.3506,6864.8671,484.0153,6185.052482828819,1208.8171909444193,2706.8697230588514,-2575.4873380122613,-5751.78043636996,2706.8697230588514,23.3745,-114.1215,42
1966,STARLINK-33909,satellite,0,22,43.0104,104.3219,170.981,37.9593,208.9403,6865.3565,486.652,3838.324674418165,-5218.187641627749,-2265.1702011455695,-6476.504748702663,-130.78535665638452,-2265.1702011455695,-19.3854,-178.8431,5
1967,STARLINK-34029,satellite,0,22,42.9919,104.2526,76.5606,160.6778,237.2383,6861.0643,491.9528,5005.853572896201,-2560.2813605853066,-3935.4366406645563,-4976.747992406623,-2616.40785404624,-3935.4366406645563,-35.1574,-152.2679,4
1968,STARLINK-34102,satellite,0,22,42.9853,104.2326,75.687,168.6472,244.3342,6860.0833,492.9975,5117.088066604761,-1768.7373842948193,-4217.609916437858,-4393.870979060359,-3163.3716246059494,-4217.609916437858,-38.0918,-144.248,4
1969,STARLINK-34109,satellite,0,22,42.9867,103.6259,80.1207,37.6175,117.7382,6860.5684,484.5988,-3561.676606008127,-4146.263920140062,4136.780789495053,-1336.8741869797332,5299.982278218304,4136.780789495053,37.2915,104.157,4
1970,STARLINK-34091,satellite,0,22,43.0166,103.969,11.6295,324.5197,336.1492,6866.117,486.0263,453.7633348066585,6580.630021469701,-1893.069819678018,5117.21067491737,-4162.300752227654,-1893.069819678018,-16.1081,-39.1246,12
1971,STARLINK-34095,satellite,0,22,43.0061,104.3097,169.9988,46.0197,216.0185,6864.3205,487.9526,4231.486954748719,-4649.059838927203,-2752.550790199394,-6237.8507504333975,-780.0366975033373,-2752.550790199394,-23.7781,-172.8722,7
1972,STARLINK-34127,satellite,0,22,42.9845,103.769,103.3838,331.8819,75.2658,6859.0667,487.0773,-5126.047505154087,539.1536212794032,4520.643154350664,3394.0386824835923,3879.117306068505,4520.643154350664,41.4299,48.8157,5
1973,STARLINK-34101,satellite,0,22,43.0167,103.4845,156.4079,31.9826,188.3905,6867.4097,483.4581,2294.6906590689164,-6430.118446056154,-683.0351794726826,-6577.708170985631,1829.1483451263932,-683.0351794726826,-5.7487,164.4597,4
1974,STARLINK-34065,satellite,0,21,43.0174,100.015,130.2698,34.453,164.7227,6866.8526,482.2083,-150.59704731001807,-6746.232569504063,1233.078234401804,-5427.233880054401,4009.9209173854706,1233.078234401804,10.4191,143.5411,5
1975,STARLINK-34057,satellite,0,22,43.0073,103.5515,109.2271,36.909,146.136,6864.6625,483.1286,-1382.363446422525,-6191.03967800415,2606.629477972344,-4263.769440453257,4696.825646251286,2606.629477972344,22.4645,132.2331,7
1976,STARLINK-34060,satellite,0,22,43.0007,103.5697,98.1524,40.8588,139.0112,6863.6885,483.416,-1983.134893834657,-5803.411734292163,3067.5032116195707,-3600.810126977061,4964.532021683817,3067.5032116195707,26.7163,125.9536,6
1977,STARLINK-34048,satellite,0,22,42.9828,104.2094,75.8553,175.512,251.3673,6859.3912,493.9094,5150.2872022425745,-957.8429156209802,-4433.867705955076,-3750.2179882310534,-3657.7023330688316,-4433.867705955076,-40.4203,-135.7155,4
1978,STARLINK-33959,satellite,0,22,43.0126,103.4667,164.5699,37.9896,202.5595,6866.2885,485.7853,3347.980757709935,-5714.792350588247,-1795.9433444585272,-6599.891306578033,556.1128533792632,-1795.9433444585272,-15.2619,175.1836,5
1979,STARLINK-34058,satellite,0,22,43.0168,103.5195,134.3223,33.03,167.3523,6867.005,482.2008,496.99283490329526,-6764.663473434079,1024.6875409569936,-5815.406169103703,3491.2354367915414,1024.6875409569936,8.6437,149.0218,5
1980,STARLINK-34055,satellite,0,22,42.98,104.116,91.6304,180.8019,272.4324,6858.5422,495.279,4794.20502378462,1506.002537350304,-4674.910005516292,-1531.2498014533714,-4786.200946276311,-4674.910005516292,-43.1101,-107.741,4
1981,STARLINK-33794,satellite,0,22,42.9984,104.0259,91.8329,216.0701,307.903,6861.9121,491.3723,2820.7917707685615,5050.535631526412,-3693.246300162905,2502.8358574482622,-5215.418396449584,-3693.246300162905,-32.7177,-64.364,15
1982,STARLINK-34047,satellite,0,22,43.0124,103.9825,9.9124,319.2282,329.1406,6865.0436,486.7584,1074.1394445511517,6338.106584574861,-2401.111161644619,4561.556623966239,-4529.632633020208,-2401.111161644619,-20.5987,-44.7988,13
1983,STARLINK-34094,satellite,0,21,42.9784,100.6529,89.7043,180.2677,269.9719,6858.4467,495.3159,4935.48376473863,924.9490583510765,-4678.9921844090495,-2087.5685366915795,-4566.901395602769,-4678.9921844090495,-43.1565,-114.5655,4
1984,STARLINK-34043,satellite,0,21,42.9865,99.8356,80.1072,176.4615,256.5687,6859.0565,495.2663,5084.331886241303,-736.6727953748815,-4552.0351865293005,-3531.445623992401,-3731.220891568926,-4552.0351865293005,-41.72,-133.4244,4
1985,STARLINK-34025,satellite,0,22,43.0188,103.5056,142.0983,32.3267,174.425,6867.3635,482.339,1120.7863578362703,-6752.91960339067,454.69873709692325,-6165.205019995075,2974.6146458318626,454.69873709692325,3.824,154.2434,5
1986,STARLINK-33874,satellite,0,22,43.0225,103.9314,29.3084,328.1442,357.4526,6867.3665,482.8974,-1433.8411012740025,6706.290636299058,-208.05753700084637,6307.459054487655,-2691.8756802974335,-208.05753700084637,-1.7486,-23.1117,6
1987,STARLINK-33781,satellite,0,22,42.9816,104.1802,80.4175,177.9963,258.4138,6858.9243,494.9286,5106.653372500567,-131.4957244271846,-4583.936273111547,-3049.6675996499807,-4098.137055304418,-4583.936273111547,-42.0805,-126.6551,4
1988,STARLINK-33891,satellite,0,22,43.0018,104.2822,149.5616,73.5425,223.1042,6863.211,489.3492,4559.733551540735,-4009.6869542779077,-3198.3756335538133,-5904.381210923382,-1416.7011147195656,-3198.3756335538133,-27.9254,-166.5075,4
1989,STARLINK-33903,satellite,0,22,43.0144,103.8856,61.6148,324.0201,25.6349,6865.8815,482.1498,-3590.055944682996,5481.982182105105,2024.165055069622,6549.076290039096,-224.12067758088804,2024.165055069622,17.2668,-1.96,5
1990,STARLINK-33889,satellite,0,22,42.982,103.6749,75.4232,28.1361,103.5592,6859.0237,487.3445,-4357.655414657928,-2714.5599180524273,4543.9650994658605,291.92398659098865,5125.697674233937,4543.9650994658605,41.6886,86.7404,4
1991,STARLINK-33984,satellite,0,22,42.9919,103.8013,94.2998,326.7464,61.0462,6860.7064,485.1114,-5052.818229526863,2176.2771673018674,4090.5101887446945,4689.942659105568,2876.037590828781,4090.5101887446945,36.8029,31.5181,8
1992,STARLINK-33940,satellite,0,22,43.022,103.9253,23.5021,340.9847,4.4868,6867.4768,482.9804,-2026.978909964618,6544.565755525518,366.2075265021424,6517.009420301179,-2113.899866489504,366.2075265021424,3.0787,-17.9713,4
1993,STARLINK-33978,satellite,0,22,42.98,103.7225,96.5346,352.9614,89.496,6858.4742,487.2948,-4886.364219905092,-1131.1276373322746,4673.484203291169,1890.7493380016867,4645.543236517316,4673.484203291169,43.1562,67.8535,4
1994,STARLINK-34018,satellite,0,64,42.9892,9.3819,86.6315,156.5639,243.1954,6860.274,492.229,-2322.8432996750744,-4924.902821252674,-4176.430968538646,-2687.042714837213,4736.03951020979,-4176.430968538646,-37.6606,119.5689,10
1995,STARLINK-34053,satellite,0,64,42.9839,9.3368,41.8991,215.3684,257.2675,6859.2013,493.5807,-697.9906460961814,-5077.09368852443,-4563.574585978394,-3747.5914448847334,3495.658682754814,-4563.574585978394,-41.8619,136.992,14
1996,STARLINK-34042,satellite,0,86,42.9832,5.3891,90.1529,2.6369,92.7898,6858.5556,487.1461,-802.6389914833892,4955.632216061339,4668.318317739503,4512.900883170573,-2199.146568601727,4668.318317739503,43.0982,-25.9801,9
1997,STARLINK-34040,satellite,0,64,43.013,9.1284,1.0152,327.0094,328.0246,6865.1563,487.0971,6169.068189088181,-1700.024842210645,-2479.0101545752773,-4943.805792951983,-4062.7910440148735,-2479.0101545752773,-21.2973,-140.5868,3
1998,STARLINK-33990,satellite,0,64,43.0025,9.1446,63.8887,250.0578,313.9465,6862.8575,490.2178,5276.745123958191,-2810.87981969808,-3370.1870946299628,-5337.647150887282,-2693.437832330149,-3370.1870946299628,-29.5629,-153.224,4
1999,STARLINK-34056,satellite,0,64,43.0116,9.467,165.6485,42.2225,207.8709,6865.5814,486.943,-5598.330314776733,-3311.865084366406,-2188.5141572737543,518.5324054010057,6483.8936446353355,-2188.5141572737543,-18.7042,85.4277,4
2000,STARLINK-34026,satellite,0,64,43.0134,9.4773,169.004,31.8637,200.8677,6866.2612,485.5012,-6030.413045938955,-2818.7915965580996,-1667.5295936792493,1170.4873821717558,6552.970842116881,-1667.5295936792493,-14.148,79.8727,4
2001,STARLINK-33777,satellite,0,64,43.0017,8.9959,83.6535,322.213,45.8665,6862.8548,483.8923,4153.168558906869,4301.443620939025,3356.4387129455054,1122.9224075854024,-5872.841864834451,3356.4387129455054,29.4606,-79.1754,78
2002,STARLINK-34041,satellite,0,64,43.0183,9.5175,144.5003,28.0679,172.5682,6867.2214,482.7039,-6816.6782792884005,-484.98841859363677,605.4138625019207,3531.01543524715,5851.003890405355,605.4138625019207,5.0941,58.8895,4
2003,STARLINK-34011,satellite,0,64,42.9954,9.6057,90.2008,39.8921,130.0929,6862.2202,484.3262,-4994.131159022551,3045.827300587672,3576.993354370111,5366.852736838483,2327.08007589219,3576.993354370111,31.6047,23.4417,7
2004,STARLINK-34044,satellite,0,64,43.0072,9.0147,74.6955,324.0858,38.7813,6863.9325,483.3934,4787.616365439974,3939.811407929437,2929.7554431717067,461.80799648649406,-6183.050846229613,2929.7554431717067,25.4301,-85.7285,70
2005,STARLINK-34037,satellite,0,64,43.0227,9.101,8.2775,333.9362,342.2138,6866.6999,484.9981,6694.348841344112,-479.64013456342525,-1430.1948237109686,-4248.969944789325,-5195.249318037227,-1430.1948237109686,-12.1027,-129.2782,4
2006,STARLINK-34010,satellite,0,64,42.9977,9.1745,94.6441,212.2166,306.8607,6861.7045,491.8877,4705.013190301426,-3308.587153330078,-3745.0798283848035,-5415.0433571921885,-1939.382250052832,-3745.0798283848035,-33.232,-160.2952,4
2007,STARLINK-34009,satellite,0,86,43.017,6.0169,167.7342,30.477,198.2113,6866.497,484.7077,-6317.898601295971,-2242.54938246078,-1462.999299992005,1807.110477062356,6455.94471729152,-1462.999299992005,-12.3851,74.3623,4
2008,STARLINK-33958,satellite,0,64,43.0201,9.5312,133.7674,31.659,165.4264,6866.992,482.4579,-6756.559813772968,145.22333513143099,1177.661221650915,4011.4787654219363,5438.770858266359,1177.661221650915,9.9457,53.5886,5
2009,STARLINK-33776,satellite,0,64,43.0212,9.0481,51.5611,325.9793,17.5404,6866.5454,482.428,6221.634185425919,2521.2475915561977,1410.486151427996,-1523.8552716777615,-6537.834998389624,1410.486151427996,11.938,-103.1204,15
2010,STARLINK-34032,satellite,0,64,43.0237,9.053,43.7945,319.4827,3.2772,6867.6039,482.2232,6718.675898864414,1360.8389274517838,267.59059131362903,-2758.6793986236726,-6275.522001878329,267.59059131362903,2.2494,-113.73,4
2011,STARLINK-34015,satellite,0,64,43.013,9.5329,115.7138,35.6563,151.3701,6865.374,481.9746,-6334.125418432642,1372.5956873719365,2241.539430106238,4771.280637898247,4386.347547999796,2241.539430106238,19.189,42.593,5
2012,STARLINK-33969,satellite,0,64,43.0108,9.1223,17.1232,303.7478,320.871,6863.9157,488.7933,5758.537680336578,-2282.8321127780496,-2954.3260063209054,-5183.633960078233,-3391.4624631433744,-2954.3260063209054,-25.6368,-146.8047,2
2013,STARLINK-34002,satellite,0,64,42.9819,9.2693,87.0953,184.3707,271.4661,6858.5376,494.9672,981.7759468539278,-4925.399157189868,-4677.535909889453,-4591.399512419996,2035.3111272768606,-4677.535909889453,-43.1425,156.0929,18
2014,STARLINK-33999,satellite,0,64,43.0197,9.0544,29.0511,320.2381,349.2893,6867.1061,483.9906,6804.9531563245,140.28682974915418,-870.0501199950141,-3806.0001786626635,-5642.821146766182,-870.0501199950141,-7.3296,-123.9991,3
2015,STARLINK-33976,satellite,0,64,42.9925,9.1576,94.677,205.0872,299.7642,6860.9298,491.7165,4056.718331168918,-3759.5119244220623,-4062.1167084102135,-5410.090457605108,-1149.7020348089163,-4062.1167084102135,-36.4656,-168.0025,6
2016,STARLINK-33821,satellite,0,64,43.0021,9.391,127.3968,94.6615,222.0583,6863.4457,489.9246,-4478.994146571685,-4148.966460533333,-3135.832010722556,-810.5720539713043,6051.304338816108,-3135.832010722556,-27.3314,97.6294,5
2017,STARLINK-33888,satellite,0,64,42.9843,9.2895,83.3167,181.0774,264.394,6858.8521,495.52,144.93921844541012,-5039.818904301688,-4657.337241941848,-4202.7777826707725,2785.218281336165,-4657.337241941848,-42.9075,146.4672,16
2018,STARLINK-33896,satellite,0,64,42.9906,9.3822,63.3935,172.7275,236.121,6861.5773,492.8817,-3095.630955441843,-4736.432973798527,-3885.8393386001003,-2087.75743062389,5259.0871107493995,-3885.8393386001003,-34.6461,111.6521,8
2019,STARLINK-33878,satellite,0,64,42.9983,9.3693,107.4593,121.5895,229.0488,6862.3605,490.2762,-3820.7938091894557,-4472.534221102526,-3534.813815878466,-1454.259654260154,5699.750569039385,-3534.813815878466,-31.1604,104.3133,8
2020,STARLINK-33954,satellite,0,64,43.0197,9.4729,156.206,30.5413,186.7474,6867.2744,483.6123,-6624.16086712666,-1702.8451505619873,-550.0180430120976,2424.6876031235897,6395.316945048422,-550.0180430120976,-4.6264,69.2365,4
2021,STARLINK-34116,satellite,0,29,42.9858,107.7326,93.6423,336.6885,70.3308,6859.6427,485.483,-5200.23112222831,759.4724867638597,4401.002920645158,3616.856000383053,3812.8145582018924,4401.002920645158,40.1198,46.5108,5
2022,STARLINK-34123,satellite,0,29,43.0231,107.8955,22.1557,330.3579,352.5135,6867.3928,483.2758,-1468.4191962466064,6674.456146618497,-609.9476770563423,6301.361404749639,-2645.2720532623125,-609.9476770563423,-5.132,-22.7724,6
2023,STARLINK-33972,satellite,0,29,42.9813,107.5849,73.1606,39.7068,112.8674,6859.921,486.9671,-3600.9482368543913,-3936.3465703679126,4307.1904749379455,-1142.672982278135,5211.137206227021,4307.1904749379455,39.0907,102.3678,4
2024,STARLINK-33973,satellite,0,29,42.9999,107.0998,71.8776,238.9693,310.8468,6862.3344,490.6129,2309.2257808884983,5406.704471529279,-3540.667993896697,3088.6866442870964,-5002.4985520215105,-3540.667993896697,-31.216,-58.3076,17
2025,STARLINK-34119,satellite,0,29,43.0071,107.8254,71.1358,323.7649,34.9007,6864.6345,482.1818,-4452.798107927948,4475.545805784532,2676.0423295773885,6223.537974494523,1060.8941180282002,2676.0423295773885,23.0996,9.6739,5
2026,STARLINK-34143,satellite,0,29,43.0183,107.4471,144.5073,32.1048,176.612,6867.4329,482.3746,1770.5642009831624,-6622.2908238188065,276.5992774222288,-6432.804697445762,2368.260346659052,276.5992774222288,2.3251,159.7886,4
2027,STARLINK-33957,satellite,0,29,43.0174,107.8642,47.6575,325.9638,13.6213,6867.03,482.1606,-3169.339113039772,5983.033460075157,1102.1235885322205,6716.212763556958,-856.6714145208964,1102.1235885322205,9.3024,-7.269,5
2028,STARLINK-34120,satellite,0,29,43.0132,107.0539,23.1961,308.8731,332.0692,6865.6132,486.9599,468.9209442682139,6486.194231963529,-2192.9105641021088,5031.291012600019,-4120.280720201068,-2192.9105641021088,-18.7431,-39.3151,13
2029,STARLINK-34134,satellite,0,29,42.981,107.6573,84.7959,6.8736,91.6695,6858.5047,486.8876,-4716.152244808254,-1710.8431476021597,4671.498730235037,1318.854348141036,4840.423481504143,4671.498730235037,43.1367,74.7588,4
2030,STARLINK-34118,satellite,0,29,42.9915,107.7729,88.618,327.5562,56.1742,6861.3236,484.0826,-5131.662589126268,2362.5006105541297,3883.3316474160856,4887.577530124778,2833.1883012828725,3883.3316474160856,34.6715,30.0996,7
2031,STARLINK-34125,satellite,0,29,42.9981,107.5238,96.041,38.0477,134.0887,6862.9649,484.2337,-1998.4900995694702,-5634.283327763567,3358.9253386984146,-3453.72697540664,4879.639461572974,3358.9253386984146,29.4829,125.2902,7
2032,STARLINK-33955,satellite,0,29,42.9852,107.1378,112.0901,184.7393,296.8293,6860.2924,494.0911,3369.020990142154,4280.924954798747,-4176.343823576433,1557.9369502045954,-5220.1008955598045,-4176.343823576433,-37.6476,-73.3823,13
2033,STARLINK-34097,satellite,0,29,43.019,107.4261,160.2491,30.5073,190.7564,6867.144,483.6826,2912.031076674644,-6151.1439233415695,-873.665787448101,-6705.369411177679,1163.8374529217992,-873.665787448101,-7.3606,170.1534,5
2034,STARLINK-34092,satellite,0,29,43.0111,107.8388,63.0176,324.8349,27.8525,6865.6015,482.3588,-4087.906498417585,5054.523335633374,2185.7029540774106,6486.53070097999,429.0747668077185,2185.7029540774106,18.6923,3.7845,5
2035,STARLINK-34114,satellite,0,29,43.0204,107.9009,15.49,330.0422,345.5322,6866.8428,484.1356,-849.5373735765609,6707.650125166459,-1169.5879234905713,5971.924563213093,-3170.2367359616965,-1169.5879234905713,-9.8744,-27.9619,8
2036,STARLINK-33770,satellite,0,29,42.9846,107.2987,78.7335,168.5869,247.3204,6859.8192,494.6684,5210.657370430344,-1149.3121887531556,-4318.218335426026,-3941.4966366126573,-3596.7308771727335,-4318.218335426026,-39.1571,-137.6186,4
2037,STARLINK-34106,satellite,0,29,42.9811,107.2313,85.9955,182.4691,268.4646,6858.6214,495.5209,4848.720431452485,1311.2849654293718,-4677.695782571795,-1721.8102199747848,-4718.572628384167,-4677.695782571795,-43.14,-110.0471,4
2038,STARLINK-34083,satellite,0,29,43.0218,107.8717,39.2817,327.358,6.6397,6867.4331,482.1335,-2643.0925361974937,6307.349188390857,541.1885351165839,6678.094506944757,-1473.6504658540887,541.1885351165839,4.5529,-12.444,5
2039,STARLINK-34066,satellite,0,29,42.9774,107.6802,88.0113,356.4072,84.4186,6858.6481,486.0232,-4957.700926022651,-880.6124751762961,4650.488247509168,2136.6072077845843,4559.516031660042,4650.488247509168,42.9031,64.892,4
2040,STARLINK-34071,satellite,0,29,42.9957,107.7905,84.1502,324.9341,49.0843,6862.4451,483.7221,-4980.206343174334,3117.8857193357667,3533.168242150793,5417.72657177249,2274.182352614247,3533.168242150793,31.1775,22.7711,7
2041,STARLINK-34038,satellite,0,29,42.9906,107.5394,85.7702,41.2847,127.0549,6861.8153,484.6333,-2571.288375643873,-5145.646952660694,3731.1193018621266,-2724.325613697529,5066.286255503056,3731.1193018621266,33.1321,118.2685,5
2042,STARLINK-34031,satellite,0,29,42.9812,107.6054,79.8045,25.9798,105.7844,6859.2355,486.1839,-4035.8880250661823,-3237.0177354590624,4497.290630566104,-320.4901194848606,5163.715915294111,4497.290630566104,41.1765,93.5516,4
2043,STARLINK-34070,satellite,0,29,43.0086,107.4879,112.294,36.0249,148.3188,6864.9898,482.9582,-758.3474480572515,-6358.089805964315,2456.9145899387513,-4759.832868257436,4283.034893499991,2456.9145899387513,21.1119,138.0182,6
2044,STARLINK-34068,satellite,0,29,43.0127,107.4007,188.8701,15.9784,204.8484,6865.8626,484.6501,3873.5327545124237,-5310.483688944378,-1966.7578415314024,-6572.227549973926,-106.38628759669976,-1966.7578415314024,-16.7564,-179.0726,5
2045,STARLINK-34076,satellite,0,29,43.018,107.4514,137.5586,32.0183,169.5769,6867.1238,482.1484,1157.705454587167,-6708.342267330882,846.6927444608676,-6150.0408316673265,2918.7558418037606,846.6927444608676,7.1338,154.6114,5
2046,STARLINK-33910,satellite,0,29,42.9865,107.1546,104.3561,185.3153,289.6714,6859.6507,494.7455,3836.2453895445165,3602.380084916291,-4406.946657303611,734.1410320100382,-5211.041921739096,-4406.946657303611,-40.1195,-81.9808,12
2047,STARLINK-34075,satellite,0,29,42.9979,107.3585,131.5777,94.5423,226.1199,6862.7517,489.8874,4872.371052711377,-3460.9364168368033,-3373.4971798492165,-5635.988247186474,-1988.3955930002664,-3373.4971798492165,-29.5964,-160.567,4
2048,STARLINK-34159,satellite,0,29,43.0086,107.8148,13.6526,310.7613,324.4139,6864.3572,487.7837,1072.7918681094075,6206.725762180011,-2723.987309971748,4454.949556666511,-4452.836346279478,-2723.987309971748,-23.5173,-44.9864,12
2049,STARLINK-34137,satellite,0,29,42.9883,107.6243,93.9525,329.4437,63.3962,6860.3594,485.1604,-5202.741505381291,1568.3006940265502,4179.403263575566,4279.39412499648,3348.8613231435775,4179.403263575566,37.7377,38.0451,5
2050,STARLINK-33974,satellite,0,29,42.9838,107.927,99.5493,182.3672,281.9165,6859.0172,495.2958,4238.268591366613,2860.7432244438687,-4578.89106093855,-103.65724927310328,-5112.340718637537,-4578.89106093855,-42.021,-91.1616,8
2051,STARLINK-34170,satellite,0,29,42.9943,107.8603,87.3385,215.8993,303.2378,6861.1821,491.527,2842.355606387985,4867.879197161639,-3914.2333754174874,2341.118546395742,-5127.806277839105,-3914.2333754174874,-34.9432,-65.4608,14
2052,STARLINK-34187,satellite,0,29,43.017,107.7859,21.1303,317.3045,338.4348,6866.3764,485.5972,-193.39924202527044,6640.319565789304,-1720.7744365477192,5538.859320176051,-3667.7356275935545,-1720.7744365477192,-14.6092,-33.5118,10
2053,STARLINK-34142,satellite,0,29,43.0228,107.7561,31.2104,328.4694,359.6798,6867.5831,482.7177,-2065.594784753718,6542.473270840205,-26.160075694224446,6537.547613003852,-2081.131788755319,-26.160075694224446,-0.2198,-17.6581,4
2054,STARLINK-34144,satellite,0,29,43.0149,107.7233,56.1498,324.7345,20.8844,6866.4273,481.926,-3653.6884789689407,5559.8052649535275,1667.9821908878787,6649.346388777586,-216.9485828619321,1667.9821908878787,14.1594,-1.8687,5
2055,STARLINK-34099,satellite,0,29,43.004,107.8289,30.5967,286.7476,317.3443,6863.2852,489.209,1692.0536849884165,5845.956012284421,-3171.6331464727714,3803.2894593389847,-4751.130040203933,-3171.6331464727714,-27.6727,-51.3227,12
2056,STARLINK-34107,satellite,0,29,43.0014,107.6807,77.4453,324.6265,42.0718,6863.4739,483.1654,-4747.25280923155,3828.920163360722,3133.519529285767,5864.671282152927,1674.1175599216099,3133.519529285767,27.3389,15.9318,6
2057,STARLINK-34121,satellite,0,29,42.9808,107.5772,97.4421,340.11,77.5521,6859.0034,486.4159,-5114.725014109077,-70.25564459528887,4563.592939359083,2889.41757037643,4220.973102206476,4563.592939359083,41.9158,55.6069,4
2058,STARLINK-34103,satellite,0,29,42.9795,107.5041,81.2573,17.5502,98.8075,6858.8025,486.6923,-4410.855675240656,-2491.6578947854005,4618.265837969406,504.76310839551064,5040.7560005273035,4618.265837969406,42.5312,84.2817,4
2059,STARLINK-33801,satellite,0,29,43.0038,107.3759,104.2198,37.1067,141.3266,6864.0692,483.2597,-1391.888027891735,-6045.331576397578,2922.6511000964783,-4139.188065225817,4620.661025380473,2922.6511000964783,25.3647,131.854,7
2060,STARLINK-34135,satellite,0,29,42.9892,107.4334,81.3694,38.7045,120.0739,6860.8529,485.1787,-3111.180780537399,-4577.96876373432,4045.4178144723555,-1949.2784781362855,5180.497781640981,4045.4178144723555,36.3324,110.6199,4
2061,STARLINK-34147,satellite,0,29,43.0152,107.3367,127.5573,35.0279,162.5853,6866.6665,482.2624,517.4820790741027,-6695.04124361452,1400.5110024647859,-5770.305626182592,3434.375916568807,1400.5110024647859,11.8527,149.2397,5
2062,STARLINK-33960,satellite,0,29,43.0209,107.3065,152.2028,31.6225,183.8253,6867.4008,483.0129,2356.0138133881696,-6436.337357551315,-312.29342709918586,-6618.122405588866,1782.60918143298,-312.29342709918586,-2.6251,164.925,4
2063,STARLINK-34153,satellite,0,29,43.0045,107.2461,162.9265,56.1982,219.1247,6863.8358,488.5619,4602.893951968204,-4145.665417540219,-2953.6068819728944,-6040.389337496449,-1373.6342812821756,-2953.6068819728944,-25.6311,-167.1884,5
2064,STARLINK-33963,satellite,0,29,43.0156,107.2858,167.3754,30.601,197.9765,6866.5149,484.6079,3417.8465580016787,-5771.943510434132,-1444.712005452446,-6686.856596647451,531.9359336979252,-1444.712005452446,-12.2281,175.4517,5
2065,STARLINK-34112,satellite,0,29,42.9897,107.1924,75.1205,165.2887,240.4092,6860.5726,492.2504,5171.909449849945,-1947.1787499119182,-4069.2156043330924,-4571.304407466614,-3105.3709047120296,-4069.2156043330924,-36.5362,-145.811,4
2066,STARLINK-34084,satellite,0,29,42.9831,107.1251,81.3313,180.2132,261.5445,6858.7618,495.0183,5043.359719117557,497.9363697054259,-4628.4902842244055,-2498.73782451987,-4409.050597238213,-4628.4902842244055,-42.5833,-119.5415,4
2067,STARLINK-34138,satellite,0,22,42.9831,104.0474,82.05,14.2404,96.2903,6858.383,486.8413,-4653.3339327924305,-1938.5465796795247,4645.575514997023,1096.5493933490282,4920.270212052436,4645.575514997023,42.8407,77.4362,4
2068,STARLINK-34115,satellite,0,22,43.011,103.8923,117.3618,35.5311,152.8928,6865.5656,482.6939,-752.5173531102714,-6475.453424585102,2131.8442599135947,-4859.1184466949035,4345.88855605989,2131.8442599135947,18.2146,138.1913,5
2069,STARLINK-34028,satellite,0,22,43.0212,104.2922,23.6991,326.246,349.945,6867.2898,483.8452,-819.1522314335318,6763.3962793188475,-817.3594780209052,5999.982057822463,-3227.1899409819516,-817.3594780209052,-6.8837,-28.2743,7
2070,STARLINK-33942,satellite,0,22,43.0196,104.2639,36.5468,334.6754,11.2222,6867.176,482.7558,-2604.0937017010447,6281.368763868513,910.9092034164004,6634.390417853104,-1490.5573918642044,910.9092034164004,7.6772,-12.6625,5
2071,STARLINK-34139,satellite,0,22,43.01,104.227,68.928,323.4588,32.3868,6864.9887,482.7167,-4026.984168408039,4953.471527521692,2505.6960824203,6368.836197366121,437.5010373657616,2505.6960824203,21.5522,3.9297,5
2072,STARLINK-34090,satellite,0,22,42.9991,104.1772,90.0383,323.6238,53.6621,6861.7277,485.0404,-4911.621205631017,2949.798617733522,3766.8341249918626,5240.826185180394,2314.9677426509434,3766.8341249918626,33.4878,23.8319,8
2073,STARLINK-34105,satellite,0,22,42.9864,104.1366,102.9812,324.9914,67.9726,6859.6892,486.4027,-5136.37552008664,1357.9760526285277,4333.349389151359,4069.2496532836726,3415.7956177307456,4333.349389151359,39.3771,40.0107,5
2074,STARLINK-33642,satellite,0,22,42.9848,103.9942,78.2362,32.0921,110.3283,6859.6645,486.0216,-3987.1259933493216,-3448.0729214740477,4382.9266136738,-521.0892084216505,5245.459617184264,4382.9266136738,39.9185,95.6732,4
2075,STARLINK-34045,satellite,0,22,42.9962,103.9309,91.5378,40.0496,131.5874,6862.5499,484.2365,-2544.9248784709553,-5320.458545466139,3497.3796248893836,-2882.396299312757,5145.45560128471,3497.3796248893836,30.825,119.2568,6
2076,STARLINK-33871,satellite,0,42,42.9808,289.6073,91.9818,180.7414,272.7232,6858.6156,495.2282,-4615.23719606368,-1990.226688380585,-4673.882002938333,1032.3595355344364,4918.907443372279,-4673.882002938333,-43.0987,78.147,4
2077,STARLINK-34154,satellite,0,42,42.9871,289.2585,110.582,317.8024,68.3844,6859.7195,487.4757,5235.3909084163515,-846.5409634095324,4346.545064965729,-3708.278247928129,-3791.387872877426,4346.545064965729,39.5127,-134.3651,40
2078,STARLINK-34158,satellite,0,42,42.986,289.1558,81.0755,29.7441,110.8196,6859.6778,485.8273,3628.252493313042,3839.7184416258015,4368.852436782612,1047.963150893448,-5177.782063834191,4368.852436782612,39.7665,-78.5581,90
2079,STARLINK-34165,satellite,0,42,43.0206,288.9781,142.6545,31.9094,174.5638,6867.4249,482.2086,-1771.6294206217506,6612.701670805862,443.413476890978,6425.580774824068,-2361.8649193598108,443.413476890978,3.729,-20.182,4
2080,STARLINK-34150,satellite,0,42,43.0036,289.4855,13.1437,302.0706,315.2143,6862.968,489.4566,-1708.2568722868643,-5771.089322396794,-3297.303079050031,-3732.762096685147,4721.2393117007205,-3297.303079050031,-28.867,128.331,13
2081,STARLINK-34169,satellite,0,42,42.9908,289.0999,85.4688,32.4779,117.9468,6860.4922,486.1462,3135.075375267218,4486.116403535424,4130.093616022177,1860.436568944477,-5147.107320389832,4130.093616022177,37.2113,-70.1275,71
2082,STARLINK-34152,satellite,0,42,42.9796,289.2112,101.4338,341.1389,82.5727,6858.6595,486.641,4987.646047547004,799.5884722455013,4634.092113952388,-2220.084613613916,-4537.309679639896,4634.092113952388,42.7114,-116.0723,84
2083,STARLINK-33927,satellite,0,42,43.0012,289.761,150.7677,72.443,223.2106,6863.2313,489.3133,-4925.182103515477,3545.469539450791,-3204.660339619478,5735.50798355674,1982.8568224961289,-3204.660339619478,-27.9852,19.0711,4
2084,STARLINK-33898,satellite,0,42,42.9798,289.6362,87.0749,178.5769,265.6518,6858.6608,495.3924,-4890.63106543502,-1192.4414849268885,-4665.740757223145,1843.0931014147443,4684.356597515832,-4665.740757223145,-43.0044,68.5225,4
2085,STARLINK-33928,satellite,0,42,43.0139,288.9337,165.0997,37.9072,203.007,6865.8808,485.6953,-3904.531693530293,5338.374303872148,-1829.6531464940397,6612.883796783363,115.65398508058861,-1829.6531464940397,-15.5556,1.002,4
2086,STARLINK-33758,satellite,0,42,43.0202,289.3982,35.2574,329.3637,4.621,6867.3831,482.54,2652.3856464708165,-6315.9041285504145,377.0991674277144,-6690.441056053387,1470.983702873633,377.0991674277144,3.1706,167.6,4
2087,STARLINK-33936,satellite,0,42,42.9845,289.1636,85.0763,11.6092,96.6855,6858.6908,487.0054,4442.82173923567,2388.906247179115,4642.172713890693,-607.163860907261,-5007.683108029566,4642.172713890693,42.8006,-96.9132,112
2088,STARLINK-33931,satellite,0,42,43.0177,288.9442,163.6005,32.2023,195.8028,6866.8595,484.499,-3435.7656744002056,5801.366213762478,-1274.8574703434538,6721.229169416152,-534.2416754250244,-1274.8574703434538,-10.7725,-4.5446,4
2089,STARLINK-33759,satellite,0,42,43.0042,289.035,103.2236,35.9729,139.1965,6863.7023,483.5717,1404.9127517011857,5975.74023692804,3056.3544775133396,4074.803751064022,-4591.211780069392,3056.3544775133396,26.611,-48.4102,4
2090,STARLINK-34163,satellite,0,42,43.0135,289.4369,11.2638,325.0961,336.3599,6866.0761,485.7636,194.55667627073797,-6597.694666002469,-1877.1383007124796,-5504.6869211271005,3642.231336207406,-1877.1383007124796,-15.9696,146.509,8
2091,STARLINK-34077,satellite,0,42,43.0095,289.0193,111.0946,35.1873,146.2819,6864.7441,482.8842,772.8337429039389,6300.077711399799,2596.754433535984,4704.070711344846,-4261.4516196379645,2596.754433535984,22.3757,-42.1737,4
2092,STARLINK-34113,satellite,0,42,42.9851,289.5409,102.4582,191.3366,293.7948,6860.211,493.8227,-3403.290791701918,-4146.3651685757695,-4281.875959358595,-1428.2106767459854,5170.584743226845,-4281.875959358595,-38.7722,105.4411,8
2093,STARLINK-34193,satellite,0,42,42.9892,289.5182,102.5457,198.4752,301.0209,6860.9457,492.6146,-2873.4509716441476,-4771.2872848107245,-4010.578316004266,-2244.2540750004887,5097.5706456588605,-4010.578316004266,-35.926,113.762,8
2094,STARLINK-34078,satellite,0,42,43.0163,288.992,126.0218,34.4158,160.4377,6866.5105,482.2394,-515.5625391143999,6657.975849076462,1566.8253527481256,5738.904467711538,-3414.5896750713778,1566.8253527481256,13.2841,-30.7522,4
2095,STARLINK-34182,satellite,0,87,42.9787,286.1039,99.8121,184.2847,284.0968,6859.0739,494.5159,-4215.240686418041,-2956.8712052601345,-4537.980896319496,11.820024461558146,5148.902956548345,-4537.980896319496,-41.5684,89.8685,3
2096,STARLINK-34192,satellite,0,42,42.9838,289.6753,76.3404,175.1887,251.5292,6859.4684,494.1238,-5216.249332471904,444.1093259199261,-4438.278960579925,3368.3243327180535,4007.602947087213,-4438.278960579925,-40.4672,49.9535,4
2097,STARLINK-34093,satellite,0,42,42.9946,289.0702,89.1721,35.8539,125.026,6861.4992,485.1636,2595.619162091945,5061.158855926309,3828.9094344703035,2641.251537993843,-5037.495222090573,3828.9094344703035,34.1129,-62.3311,41
2098,STARLINK-34016,satellite,0,42,43.012,289.0015,118.1965,35.1585,153.355,6865.734,482.5708,130.56188633272595,6528.571531444172,2098.201308175355,5260.872923407451,-3868.140216060478,2098.201308175355,17.9179,-36.3258,4
2099,STARLINK-34161,satellite,0,42,42.9872,289.131,81.6331,22.1395,103.7726,6859.0518,486.6399,4066.697093743083,3138.1447166815574,4539.844015952351,221.9261462494504,-5131.932024170397,4539.844015952351,41.6477,-87.5238,108
2100,STARLINK-34162,satellite,0,42,43.0103,289.3485,67.3655,325.5155,32.881,6864.9355,483.2598,4477.181496752046,-4532.363916815315,2539.860936101672,-6284.026429761822,-1048.0880971384204,2539.860936101672,21.859,-170.531,9
2101,STARLINK-34155,satellite,0,42,43.0202,289.4094,20.3987,330.059,350.4577,6867.1528,483.5512,1464.266780036006,-6658.279553645018,-776.0348791044277,-6285.74713776845,2639.3458920043126,-776.0348791044277,-6.5344,157.2228,5
2102,STARLINK-34141,satellite,0,42,43.0208,289.3803,44.0735,327.6337,11.7071,6867.0849,482.4417,3189.126273677211,-5999.118944281598,949.7034762808622,-6740.7604963539225,849.7661018721944,949.7034762808622,8.0066,172.815,4
2103,STARLINK-34062,satellite,0,42,42.9996,289.0473,94.7506,37.3784,132.129,6862.5772,484.3701,2014.519199166302,5561.64495649822,3468.214371066505,3385.121218410566,-4850.890285568031,3468.214371066505,30.5401,-55.0913,7
2104,STARLINK-34201,satellite,0,81,42.9856,133.1338,80.1433,36.0639,116.2072,6860.2369,485.7325,-1213.6514127964574,-5285.914250846212,4193.895877111117,-3621.172778025196,4037.4431179610674,4193.895877111117,37.8875,131.8889,7
2105,STARLINK-34190,satellite,0,81,42.9842,132.833,82.3763,175.2018,257.5781,6859.0752,494.8839,4599.608100935599,2250.9498052541685,-4569.976497059632,-810.2540954067199,-5056.348287929028,-4569.976497059632,-41.924,-99.104,4
2106,STARLINK-34168,satellite,0,81,43.0216,132.5789,27.6591,328.9941,356.6532,6867.3775,482.8776,-4418.629506650722,5241.572910277337,-273.2766931403622,6829.960289008125,591.6212820459345,-273.2766931403622,-2.297,4.9507,5
2107,STARLINK-34098,satellite,0,81,43.0019,132.6532,40.5454,273.6851,314.2305,6862.8689,489.7695,-598.5968840904798,5957.463113023222,-3353.8166956111068,5214.183921639547,-2943.1226620701354,-3353.8166956111068,-29.4075,-29.4424,6
2108,STARLINK-34180,satellite,0,81,43.0162,132.9853,162.7579,31.2658,194.0237,6866.927,484.1752,5428.311255257955,-4041.0371847028264,-1134.3405709696203,-6430.434829843249,-2108.566458817452,-1134.3405709696203,-9.574,-161.8455,4
2109,STARLINK-34171,satellite,0,81,43.0143,132.5455,52.2956,325.4887,17.7844,6866.7217,481.8044,-5544.818202329336,3776.042278297889,1429.1603000726514,6280.967833905716,2356.469234642703,1429.1603000726514,12.0995,20.5649,4
2110,STARLINK-34126,satellite,0,81,42.9983,133.0743,99.194,38.2008,137.3949,6863.4499,483.5841,966.989255889119,-6005.331276427095,3165.6585153218502,-5465.557409151888,2669.598128539832,3165.6585153218502,27.6409,153.9673,6
2111,STARLINK-34157,satellite,0,81,43.0061,132.6171,24.3331,304.0125,328.3456,6864.9887,487.9027,-2017.4518754220373,6082.696414315427,-2456.710216481241,6134.013791971364,-1855.5814555752409,-2456.710216481241,-21.0941,-16.8309,4
2112,STARLINK-34140,satellite,0,81,43.0071,132.9433,177.0248,38.2473,215.2721,6864.3328,487.5809,5938.198044696504,-2127.024983109401,-2702.948470773824,-5159.79679922287,-3628.0750112888186,-2702.948470773824,-23.3257,-144.8873,4
2113,STARLINK-34132,satellite,0,81,43.0134,133.032,124.6612,34.016,158.6772,6866.2605,482.3328,3027.2456536676405,-5915.137661840536,1701.4246310520402,-6578.851545122787,933.6927510747101,1701.4246310520402,14.4485,171.9223,4
2114,STARLINK-34254,satellite,0,64,42.9863,8.868,77.7925,31.7941,109.5867,6859.4843,486.3986,-2999.153243409149,4314.085064212198,4403.885256665605,5254.053653319375,-34.21003875622533,4403.885256665605,40.1449,-0.3731,18
2115,STARLINK-34129,satellite,0,64,42.989,9.429,34.9414,215.1845,250.1259,6859.6481,492.482,-1527.8633735625197,-5038.745263054935,-4400.114453313625,-3238.1176960123826,4151.856705258968,-4400.114453313625,-40.0608,127.9514,13
2116,STARLINK-34212,satellite,0,64,42.9974,9.0487,91.3388,321.5342,52.873,6861.7761,484.8932,3458.245404037074,4599.487774861999,3728.192165781639,1766.9062059202354,-5476.56749480266,3728.192165781639,33.1014,-72.1187,71
2117,STARLINK-34149,satellite,0,64,43.0235,9.152,24.2985,331.8612,356.1598,6867.5116,483.141,6812.113102412978,757.1866018279229,-313.5348020011973,-3305.9053647596347,-6004.099115546624,-313.5348020011973,-2.6355,-118.8375,4
2118,STARLINK-34054,satellite,0,64,43.0231,9.1324,42.8551,327.5574,10.4125,6867.1956,482.4362,6517.878342511471,1965.857044465062,845.9613184990409,-2148.4816131765597,-6459.981328525279,845.9613184990409,7.1273,-108.3963,9
2119,STARLINK-34195,satellite,0,64,42.9857,8.9832,98.0494,336.0889,74.1382,6859.1792,485.9363,1097.393938023898,5056.931866533035,4495.792066359843,3500.9967074636525,-3810.492804388632,4495.792066359843,41.1617,-47.4239,10
2120,STARLINK-34133,satellite,0,64,42.9833,8.9094,84.3634,11.042,95.4054,6858.5753,486.8348,-1411.1775906287646,4832.312603814939,4652.920258099665,4762.714747912101,-1630.710128533605,4652.920258099665,42.9246,-18.9007,14
2121,STARLINK-34181,satellite,0,64,43.0189,9.1832,5.6644,329.3875,335.0519,6866.1185,486.1743,6480.191241940169,-1096.183321278809,-1974.8071747550318,-4629.511936856473,-4664.988277849295,-1974.8071747550318,-16.8231,-134.7813,2
2122,STARLINK-34186,satellite,0,64,42.9876,9.3092,102.6245,182.9081,285.5326,6859.2175,494.5083,2596.205611366619,-4476.200036666049,-4508.825369629055,-5154.39989463158,456.95959445296353,-4508.825369629055,-41.2437,174.9337,9
2123,STARLINK-34203,satellite,0,31,42.9939,238.317,84.7902,146.2535,231.0437,6862.2205,490.934,-1055.4646399368148,5722.1147389733405,-3639.325195845739,5285.046711949967,-2434.1084496463454,-3639.325195845739,-32.1852,-24.7292,4
2124,STARLINK-33865,satellite,0,31,43.0012,238.0498,24.2326,291.7779,316.0106,6863.144,489.2913,-5570.490538413609,-2344.852238995555,-3250.655968873288,1292.8757726462034,5903.996027927397,-3250.655968873288,-28.4225,77.6482,3
2125,STARLINK-34234,satellite,0,31,43.0232,238.4147,145.0474,29.5666,174.614,6867.4124,482.4536,3978.4808392115983,5571.816457416155,439.3695454070144,2261.901471421844,-6461.98500127376,439.3695454070144,3.6949,-70.7083,10
2126,STARLINK-34256,satellite,0,31,42.9788,238.1747,90.3533,183.2345,273.5878,6858.578,495.3802,-4484.651068424313,2277.838798754489,-4669.932435395124,4445.604955172596,2353.134373803476,-4669.932435395124,-43.0523,27.893,4
2127,STARLINK-34229,satellite,0,31,42.985,238.6802,98.5059,336.9477,75.4536,6859.0909,486.9493,3251.965578211987,-3994.407155785188,4524.457870959493,-5138.423905887704,-356.60680232616374,4524.457870959493,41.4735,-176.03,4
2128,STARLINK-34224,satellite,0,31,42.9843,238.1078,102.9121,191.8727,294.7848,6860.1285,493.2229,-5390.158898066561,-34.58738365237667,-4248.261341644116,3077.2616425674687,4425.547425652221,-4248.261341644116,-38.4167,55.1876,4
2129,STARLINK-34215,satellite,0,31,43.0183,238.3871,167.9556,27.8595,195.8151,6866.8251,484.2378,2296.2086057694723,6338.909880002345,-1275.7916250815626,3858.119991141554,-5528.9476902892675,-1275.7916250815626,-10.781,-55.0925,10
2130,STARLINK-33893,satellite,0,31,42.9847,238.5518,86.0117,24.9289,110.9407,6859.6364,485.7152,5273.86748197539,-353.388129896333,4365.160417678266,-3327.3704128900667,-4106.965731925804,4365.160417678266,39.7271,-129.0136,57
2131,STARLINK-34183,satellite,0,31,42.9953,238.7393,90.5181,323.6978,54.2159,6861.5829,485.1768,1397.125858648708,-5538.476285122014,3793.1940600739326,-5331.798289090605,2049.0503239828754,3793.1940600739326,33.7522,158.9779,5
2132,STARLINK-34211,satellite,0,31,43.0085,238.7842,69.0668,323.8088,32.8756,6864.9736,483.2679,-657.0072859728543,-6337.052204429746,2539.4107119364858,-4801.024860852575,4188.084228017009,2539.4107119364858,21.8549,138.9008,6
2133,STARLINK-34252,satellite,0,27,43.0164,53.1962,125.6219,34.4147,160.0366,6866.4885,482.1361,-5233.204682792615,-4136.2470820138315,1597.6203887350084,-365.6387320978157,6660.426374719594,1597.6203887350084,13.5503,93.1422,4
2134,STARLINK-34050,satellite,0,27,43.0054,53.1061,155.5273,61.1342,216.6615,6864.395,488.438,-908.4578102604498,-6201.912839879641,-2794.986938232833,-4545.696544115646,4315.745751930046,-2794.986938232833,-24.1656,136.4865,17
2135,STARLINK-33782,satellite,0,27,42.9802,52.9075,99.4446,180.7968,280.2413,6858.8486,495.6871,4677.8842345993835,-2006.9056476356002,-4605.065510104407,-4335.490053052506,-2667.170259040077,-4605.065510104407,-42.313,-148.4004,4
2136,STARLINK-34207,satellite,0,27,43.02,53.1624,147.9482,33.3328,181.281,6867.5485,482.6859,-4022.618293316896,-5556.834900384797,-104.64383643719826,-2224.226645261519,6489.428932839233,-104.64383643719826,-0.8794,108.919,4
2137,STARLINK-34260,satellite,0,27,43.0028,53.2301,100.7762,38.0216,138.7978,6863.69,483.4362,-5734.529345323516,-2155.448430507994,3080.741933424461,1542.1947448418111,5928.947640006465,3080.741933424461,26.8406,75.4197,5
2138,STARLINK-33855,satellite,0,27,42.9922,52.8364,109.1289,192.3041,301.433,6860.8792,492.5151,5575.781126186855,264.7397817098663,-3993.3335847864732,-2996.0936592584926,-4709.866781992076,-3993.3335847864732,-35.7486,-122.4617,4
2139,STARLINK-34223,satellite,0,74,43.0199,49.255,42.4749,319.9185,2.3934,6867.4912,483.062,4315.637401964493,5330.372646763847,195.4821941113361,1870.3063389658803,-6598.450798257656,195.4821941113361,1.6429,-74.1748,6
2140,STARLINK-34216,satellite,0,27,43.0196,52.6985,52.9147,326.3099,19.2246,6866.5366,482.0411,2611.3904204468404,6152.524912667365,1540.860320860598,3524.1876505748783,-5679.174599581317,1540.860320860598,13.0605,-58.1785,9
2141,STARLINK-34218,satellite,0,74,42.9883,49.3928,101.9563,196.8652,298.8214,6860.5697,492.2582,5492.403448074804,-350.95041026397496,-4099.701929331223,-3451.2871037799437,-4286.989521117435,-4099.701929331223,-36.8542,-128.8362,4
2142,STARLINK-34017,satellite,0,27,42.988,53.0455,86.2736,151.5357,237.8093,6861.0313,492.7588,1197.1679557248472,-5476.450512418514,-3960.6053918518146,-5165.896400191409,2176.748885763551,-3960.6053918518146,-35.4106,157.1509,19
2143,STARLINK-34299,satellite,0,19,42.9999,111.4678,55.1436,257.6432,312.7868,6862.5343,490.1413,1721.8716195758968,5686.453778416021,-3434.9435861808097,3655.7415346049424,-4683.60462470169,-3434.9435861808097,-30.1887,-52.0265,14
2144,STARLINK-34271,satellite,0,19,43.0153,111.3551,51.2823,325.05,16.3323,6866.8495,481.9916,-3710.5355438855568,5617.018059644347,1315.8852494693676,6728.861332117404,-203.44797355592826,1315.8852494693676,11.1276,-1.7318,5
2145,STARLINK-34100,satellite,0,19,43.0182,111.3882,28.6775,326.4494,355.1269,6867.4613,482.8282,-2096.2397616152125,6520.700161947751,-397.62034182732845,6537.407523804398,-2043.539725062295,-397.62034182732845,-3.3432,-17.3588,4
2146,STARLINK-34269,satellite,0,19,42.9863,110.7925,78.5489,171.2783,249.8272,6859.6167,494.6171,5246.413377122887,-539.8151760180558,-4392.93176536511,-3463.9280065887997,-3977.11660793132,-4392.93176536511,-39.9674,-131.0547,4
2147,STARLINK-34351,satellite,0,19,42.9861,110.772,77.0765,179.8861,256.9625,6859.0758,493.9287,5121.8637880168735,286.9996937221668,-4558.454558985466,-2716.375877253491,-4351.6846830475315,-4558.454558985466,-41.8019,-121.9729,4
2148,STARLINK-34198,satellite,0,19,42.9852,110.7534,83.0699,180.8777,263.9476,6858.6994,494.6959,4924.959313002728,1092.4013469731617,-4653.160821579501,-1944.6385831065325,-4654.776656155964,-4653.160821579501,-42.8663,-112.6738,4
2149,STARLINK-34279,satellite,0,19,42.9834,111.574,91.7865,185.5339,277.3204,6858.834,495.9832,4310.136950482795,2644.7619459251796,-4641.853442915453,-321.5953295354831,-5046.644699852768,-4641.853442915453,-42.7276,-93.6462,6
2150,STARLINK-34292,satellite,0,19,43.004,111.3144,73.4509,324.1107,37.5615,6864.286,483.15,-4823.993711201982,3952.9213986779846,2851.2885665060635,6010.237232685465,1665.3982456709723,2851.2885665060635,24.7044,15.4877,6
2151,STARLINK-34278,satellite,0,19,42.9947,110.8341,86.2308,149.526,235.7567,6861.4703,492.2565,5252.214329696254,-2133.679566838317,-3869.1525007920154,-4770.007464914992,-3063.5555558313727,-3869.1525007920154,-34.4801,-147.2892,4
2152,STARLINK-33802,satellite,0,19,43.0133,111.4216,18.2111,315.6773,333.8884,6865.8385,486.3435,-194.6791671980171,6543.045020405965,-2060.3843357364085,5460.089874074947,-3610.6449125086283,-2060.3843357364085,-17.5744,-33.4758,10
2153,STARLINK-35442,satellite,0,4,42.9872,144.1879,78.8537,164.7687,243.6224,6860.2404,493.4238,5104.777567534204,1863.332821844444,-4192.57380741206,-1418.1235214311582,-5245.9211676241275,-4192.57380741206,-37.8235,-105.1271,4
2154,STARLINK-34616,satellite,0,4,43.0233,143.4479,146.9848,33.8114,180.7961,6867.3844,482.6428,5552.343869368935,-4029.580599574012,-65.04297008123754,-6492.532039365427,-2216.5446013999936,-65.04297008123754,-0.5466,-161.1501,4
2155,STARLINK-34615,satellite,0,4,43.0032,143.7914,75.7747,323.2388,39.0135,6863.883,483.7559,-6164.514261895621,600.3239531207131,2944.429402050769,4042.3469226902075,4692.659831100268,2944.429402050769,25.565,49.2578,5
2156,STARLINK-35292,satellite,0,4,42.9835,143.6274,79.1777,23.6251,102.8028,6859.1207,486.8416,-1677.0176159828923,-4838.596761171883,4557.796054723666,-2988.592319469836,4158.451953497345,4557.796054723666,41.8475,125.704,7
2157,STARLINK-35309,satellite,0,4,42.9934,144.1995,78.8332,157.6984,236.5316,6861.1971,492.2839,5519.597870226215,1182.412292808071,-3904.2662586250985,-2213.6686360701715,-5192.661229934862,-3904.2662586250985,-34.8371,-113.0889,4
2158,STARLINK-35506,satellite,0,4,43.0147,143.481,119.4254,40.0574,159.4827,6866.5419,482.2188,4116.68511511329,-5235.541649187821,1640.0134841991123,-6651.065886651505,-348.30341485014475,1640.0134841991123,13.9167,-177.0023,4
2159,STARLINK-35504,satellite,0,4,43.0038,144.2408,155.5654,66.7443,222.3098,6863.4095,489.3325,6092.764617803255,-224.34043023696043,-3150.859277843374,-3693.7001895963986,-4850.6379194874635,-3150.859277843374,-27.4758,-127.2888,4
2160,STARLINK-35479,satellite,0,4,43.0189,143.8769,29.1227,327.6364,356.7591,6867.4085,482.7606,-5365.83462555547,4267.232173538592,-264.6239730246798,6579.318384670601,1927.1796088658516,-264.6239730246798,-2.2243,16.3261,5
2161,STARLINK-35507,satellite,0,4,42.9908,143.5764,82.392,34.6146,117.0066,6860.3519,485.5561,-147.81710098798257,-5443.542579673244,4165.054670486715,-4364.088262651616,3257.105977374167,4165.054670486715,37.5834,143.2644,7
2162,STARLINK-35460,satellite,0,4,42.9792,144.1124,83.6173,181.1975,264.8148,6858.5042,495.1015,3433.9201557418564,3687.8006583464266,-4659.826726904224,1035.7581622650443,-4931.418291020531,-4659.826726904224,-42.9391,-78.1384,11
2163,STARLINK-35505,satellite,0,4,43.0155,143.8521,49.743,328.2192,17.9622,6866.425,482.0596,-6181.187533134032,2599.951905303495,1443.0612884711181,5686.339308453499,3554.2051852417617,1443.0612884711181,12.2185,32.0071,4
2164,STARLINK-35512,satellite,0,4,42.9892,143.9979,99.9948,200.1664,300.1612,6860.7023,492.3979,-238.17800446377979,5538.427614145746,-4046.1043386494557,4664.032546295592,-2996.282631201193,-4046.1043386494557,-36.2951,-32.7176,6
2165,STARLINK-35257,satellite,0,4,43.0042,143.5158,101.4412,36.9101,138.3513,6863.4675,483.368,2138.1677688770687,-5726.063757918277,3108.0850366823397,-5912.072107930581,1551.4415742267472,3108.0850366823397,27.0982,165.296,4
2166,STARLINK-35322,satellite,0,4,42.9809,143.6923,99.1479,342.4469,81.5948,6858.7571,486.369,-3744.9251088136452,-3404.475977724916,4623.066374983654,-624.9991142861885,5022.379601411108,4623.066374983654,42.5881,97.0936,4
2167,STARLINK-35400,satellite,0,4,43.0204,144.2926,154.1168,39.9093,194.026,6867.0868,484.8296,6115.871495110619,-2898.408036246676,-1134.7231427578556,-5892.649233064371,-3328.864416787171,-1134.7231427578556,-9.5763,-150.5371,4
2168,STARLINK-35407,satellite,0,4,42.9947,143.5592,85.684,38.3466,124.0306,6861.4335,485.7503,618.231888659974,-5623.1250032028465,3875.203073670367,-4952.226982714828,2734.4457174118984,3875.203073670367,34.5791,151.0941,7
2169,STARLINK-35417,satellite,0,4,43.0188,143.8728,35.4665,328.3251,3.7916,6867.3592,482.259,-5724.603172021391,3767.9646145995257,309.5067286992404,6377.948419242276,2508.0695316271604,309.5067286992404,2.602,21.4668,4
2170,STARLINK-35404,satellite,0,4,42.995,143.7748,89.7149,323.6221,53.337,6861.641,484.6669,-5679.895430371266,-825.7371876100007,3750.5937785672913,2597.550469510458,5118.181860905342,3750.5937785672913,33.3269,63.0916,5
2171,STARLINK-34783,satellite,0,4,43.0132,144.2812,155.3325,45.7452,201.0777,6866.5308,486.1342,6252.797633171599,-2273.3610632096015,-1683.6942314104758,-5460.659929377239,-3800.900143493329,-1683.6942314104758,-14.2866,-145.1601,4
2172,STARLINK-35477,satellite,0,4,42.9902,143.7627,96.5519,323.764,60.3159,6860.7139,485.7195,-5314.217765336381,-1507.177796554055,4061.62070165646,1829.893722587048,5211.9079358598465,4061.62070165646,36.4976,70.6539,5
2173,STARLINK-35443,satellite,0,4,43.0125,143.839,58.848,326.1561,25.004,6865.804,482.2411,-6269.176186662172,1956.2483287028233,1977.5784803243455,5210.905867441395,3996.9910712471556,1977.5784803243455,16.8574,37.4898,4
2174,STARLINK-35218,satellite,0,4,42.986,144.133,78.9674,178.6797,257.6471,6859.0162,495.731,4064.015676718595,3114.63260784537,-4571.897470875546,204.25353347015152,-5116.1939170181095,-4571.897470875546,-41.9392,-87.7138,10
2175,STARLINK-35522,satellite,0,4,42.9971,143.9566,45.8418,268.4437,314.2855,6862.8019,489.8204,-1760.322294125996,5724.915338036724,-3350.4063894168685,5693.438383603063,-1859.610061007545,-3350.4063894168685,-29.3745,-18.0882,4
2176,STARLINK-35535,satellite,0,4,43.0149,143.8984,15.9287,326.6509,342.5796,6866.5703,484.6016,-4404.854986297739,5071.306968881462,-1401.421973320295,6682.858088255889,678.461196510581,-1401.421973320295,-11.8564,5.797,4
2177,STARLINK-35467,satellite,0,4,42.9762,144.0633,89.7929,188.9275,278.7204,6858.8082,497.1463,2071.139123068166,4630.911256578646,-4626.102068490599,2591.7691110090886,-4360.92756287347,-4626.102068490599,-42.5399,-59.2763,13
2178,STARLINK-35511,satellite,0,4,43.024,143.451,158.4073,15.0827,173.4899,6867.5429,482.4316,5137.152157084021,-4515.932807304064,530.7125303332252,-6650.83758858433,-1596.978639616685,530.7125303332252,4.4644,-166.4979,4
2179,STARLINK-35440,satellite,0,4,43.0143,143.9068,8.1764,327.9692,336.1457,6865.471,484.747,-3875.4786409708013,5336.135237819675,-1892.899999453472,6594.314837122018,93.19764929517511,-1892.899999453472,-16.1097,0.8097,4
2180,STARLINK-35482,satellite,0,4,42.9804,143.6398,85.6245,10.1301,95.7546,6858.6947,486.4525,-2404.60989580514,-4425.601238124798,4649.642340713553,-2231.831318576479,4515.199224321882,4649.642340713553,42.8901,116.3029,5
2181,STARLINK-35438,satellite,0,4,43.0121,143.4967,107.7169,37.6477,145.3646,6864.6918,483.0158,2840.2429678880044,-5647.542718574917,2658.8398635381477,-6252.392829844699,932.3640791409863,2658.8398635381477,22.9398,171.5185,4
2182,STARLINK-35617,satellite,0,9,43.0198,205.8841,147.9215,32.3245,180.246,6867.4912,482.7048,6163.097816909947,3014.4599304976346,-20.09647383466073,-1087.0049479817676,-6774.154088625318,-20.09647383466073,-0.1689,-99.1162,5
2183,STARLINK-35618,satellite,0,9,43.0125,205.8395,169.1695,39.3594,208.5289,6865.3746,486.6605,4381.886786902306,4784.809538551003,-2235.8049873476316,1386.2235284262906,-6338.274091791474,-2235.8049873476316,-19.1244,-77.6633,6
2184,STARLINK-35588,satellite,0,9,43.0035,205.8081,167.3023,55.3566,222.6589,6863.3592,488.916,3062.74432878819,5258.675945324716,-3171.65596787624,2533.557741637288,-5533.096844557374,-3171.65596787624,-27.6742,-65.3974,15
2185,STARLINK-35555,satellite,0,9,42.9888,205.7472,76.4812,167.3901,243.8714,6860.2656,493.028,764.4113813274979,5372.720502672664,-4201.437480548979,3950.9523717406896,-3720.2722636896933,-4201.437480548979,-37.92,-43.2776,8
2186,STARLINK-35589,satellite,0,9,42.9854,205.7073,77.6402,180.3901,258.0303,6858.8321,494.4764,-847.9419892206048,5042.670066335627,-4577.584861453225,4610.142093592995,-2212.2651043405153,-4577.584861453225,-42.0125,-25.6349,4
2187,STARLINK-35611,satellite,0,9,42.9831,205.6301,97.4,181.8412,279.2412,6858.6595,494.6701,-3137.291809604221,3991.2178714767815,-4618.409897959942,5069.748050699295,264.71626061893414,-4618.409897959942,-42.4717,2.989,4
2188,STARLINK-35610,satellite,0,9,42.9932,205.5587,102.7018,197.7587,300.4605,6860.6217,492.6486,-5005.7900015670375,2402.6648274538634,-4034.2515704904845,4847.884264968085,2707.166409060824,-4034.2515704904845,-36.1707,29.18,4
2189,STARLINK-35533,satellite,0,9,43.0113,205.5096,3.3282,318.346,321.6742,6863.9918,487.9705,-6198.713137534912,489.91608627606803,-2902.867291706812,3971.8092215788965,4784.223431281278,-2902.867291706812,-25.1626,50.3009,4
2190,STARLINK-35470,satellite,0,9,43.0179,205.4708,14.1492,328.7234,342.8726,6866.6414,484.5452,-6555.542365768383,-1486.184665303909,-1378.632112480397,2562.2395485976153,6214.403355461481,-1378.632112480397,-11.661,67.5933,4
2191,STARLINK-35439,satellite,0,9,43.0234,205.449,29.4841,327.342,356.8261,6867.5127,482.789,-6305.001205551143,-2692.892690620834,-259.17777699860136,1431.5937671169766,6704.867674395395,-259.17777699860136,-2.1785,77.9474,4
2192,STARLINK-35446,satellite,0,9,43.0242,205.436,33.363,330.7309,4.0939,6867.4266,482.2629,-6025.756135012024,-3262.358250118929,334.16980597658676,805.2572798662011,6804.724760339434,334.16980597658676,2.8095,83.2511,4
2193,STARLINK-35457,satellite,0,9,43.0147,205.4142,51.7562,326.436,18.1922,6866.6326,481.9226,-5213.680995504821,-4210.754041281258,1460.8668188566176,-437.7851714767144,6687.395850605054,1460.8668188566176,12.3719,93.7455,4
2194,STARLINK-35389,satellite,0,9,43.0125,205.3997,55.4252,329.8607,25.286,6865.8535,482.219,-4683.147777526382,-4594.996119573996,1998.4018547616067,-1057.5094203362999,6475.147586808378,1998.4018547616067,17.0402,99.2756,4
2195,STARLINK-35502,satellite,0,9,42.9887,205.32,96.5736,324.1037,60.6773,6860.6518,485.5021,-1165.012347716308,-5388.467593556067,4075.8690876053197,-3733.017570043073,4056.7741616813087,4075.8690876053197,36.6475,132.6201,7
2196,STARLINK-35501,satellite,0,9,43.006,205.3839,67.5504,324.8687,32.419,6864.6669,482.6,-4077.6122710674795,-4910.695104316831,2507.6846357250256,-1664.4227567418536,6162.105575820754,2507.6846357250256,21.5706,105.1152,5
2197,STARLINK-35474,satellite,0,9,43.0148,205.8411,166.456,35.0588,201.5149,6866.1586,485.0935,4943.401407549517,4438.5816843142575,-1716.7578579097785,779.7201334582398,-6597.746687920991,-1716.7578579097785,-14.5755,-83.2601,4
2198,STARLINK-34681,satellite,0,9,42.9935,205.7579,89.5487,147.3191,236.8678,6861.1263,491.9698,1551.660680378814,5416.1790609742575,-3919.14023567271,3532.9005805888005,-4388.765199374984,-3919.14023567271,-34.9907,-51.1664,13
2199,STARLINK-35327,satellite,0,9,42.9831,205.2974,98.8896,328.8842,67.7738,6859.7688,485.9604,-360.6753512127789,-5305.4824492908765,4326.709960361575,-4128.607549560186,3351.5415006263324,4326.709960361575,39.3083,140.9308,7
2200,STARLINK-35405,satellite,0,9,42.9817,205.6722,88.3587,176.5961,264.9548,6858.6732,496.0467,-1623.026806458587,4769.999336454287,-4661.701398013514,4833.839892773972,-1421.6545203685794,-4661.701398013514,-42.9532,-16.3889,4
2201,STARLINK-35426,satellite,0,9,42.9957,205.5326,89.9415,217.5696,307.5111,6861.7358,491.8708,-5487.680886062173,1791.8362887497424,-3712.8792370170477,4626.267218575062,3452.9654523713857,-3712.8792370170477,-32.9105,36.737,4
2202,STARLINK-34724,satellite,0,9,42.9791,206.1168,98.4629,342.6663,81.1293,6858.6963,486.769,1232.14885227786,-4914.676864220619,4617.493527637445,-4726.887649819197,1824.4924280088997,4617.493527637445,42.5218,158.8943,6
2203,STARLINK-35219,satellite,0,9,42.9766,206.0417,73.6064,28.6677,102.2741,6859.0501,487.3394,3461.3603479738244,-3763.893690560985,4566.872807141951,-5070.657318134087,-660.5645573473413,4566.872807141951,41.9457,-172.5778,4
2204,STARLINK-35360,satellite,0,9,42.9993,205.3526,82.6588,323.9333,46.592,6862.5488,484.2895,-2698.299913517819,-5310.1401831608655,3397.384238414771,-2785.595854092561,5264.871026508847,3397.384238414771,29.8536,117.8829,6
2205,STARLINK-34698,satellite,0,9,42.9918,205.9781,86.7555,36.892,123.6474,6861.2088,485.0755,5243.8024424113755,-2088.983063709551,3891.984267031433,-4728.628501656029,-3082.431960130038,3891.984267031433,34.7539,-146.901,9
2206,STARLINK-34986,satellite,0,9,43.0135,205.8991,124.7844,34.2683,159.0527,6866.2795,482.3186,6545.658444359025,1185.0398678555591,1672.8305572739357,-2802.68416737123,-6032.820684935229,1672.8305572739357,14.2006,-114.9183,9
2207,STARLINK-34851,satellite,0,9,42.9794,206.0877,90.079,358.1415,88.2205,6858.477,486.9865,2013.1822580225523,-4595.730487931821,4671.157693656218,-4916.189545995048,1002.3581543399712,4671.157693656218,43.132,168.476,4
2208,STARLINK-35355,satellite,0,9,42.9869,205.9959,81.8634,34.7016,116.565,6860.2491,485.7725,4721.974263013768,-2688.0036582234884,4181.078556754126,-4917.584573831904,-2310.793492806695,4181.078556754126,37.7515,-154.831,8
2209,STARLINK-34720,satellite,0,9,43.0044,205.9233,109.1156,35.7001,144.8157,6864.5655,483.1329,6304.382613241327,-148.70429517272632,2695.2146656321643,-3753.8027365718285,-5067.180489823528,2695.2146656321643,23.2712,-126.5313,25
2210,STARLINK-35334,satellite,0,9,43.0167,205.8864,135.3276,30.8093,166.1369,6866.922,481.8848,6516.059666606259,1826.4192771932333,1121.2424971585267,-2261.4025616803924,-6378.157994977961,1121.2424971585267,9.4656,-109.5222,10
2211,STARLINK-35643,satellite,0,59,43.0036,227.7916,45.5545,269.4319,314.9864,6862.9744,489.8441,-5888.877021945129,-1208.8402112452316,-3310.6537652251595,2404.827502034841,5509.716138003265,-3310.6537652251595,-28.993,66.4202,3
2212,STARLINK-35466,satellite,0,59,43.0234,227.7077,36.0854,328.3956,4.4809,6867.4072,482.4128,-4312.547364213883,-5323.016191357487,365.7043506318559,-1866.0738965239693,6591.686760970512,365.7043506318559,3.0747,105.8066,2
2213,STARLINK-35684,satellite,0,59,43.0235,227.7243,20.5284,329.8332,350.3616,6867.2212,483.5164,-5171.903699791381,-4440.211439946617,-783.8207565367284,-649.4009742062595,6785.4508977700625,-783.8207565367284,-6.6003,95.4668,2
2214,STARLINK-35449,satellite,0,59,43.0111,227.6452,71.0958,328.7862,39.8821,6863.7873,483.7546,-1169.2770334220368,-6055.133045670292,2999.5623153185206,-4275.4562182966965,4444.358120930933,2999.5623153185206,26.0787,133.8903,6
2215,STARLINK-35424,satellite,0,59,43.0079,227.3332,109.732,36.3784,146.1104,6864.6769,483.2257,5914.663708566177,2290.967887779155,2608.430737677304,-1535.2127072980193,-6154.258898650249,2608.430737677304,22.4805,-104.0069,39
2216,STARLINK-35132,satellite,0,59,43.014,227.3081,127.797,32.3582,160.1553,6866.3994,482.1541,5626.091309707134,3587.7214816241144,1588.4404632318265,-309.05698405065317,-6665.518182067976,1588.4404632318265,13.4709,-92.6547,15
2217,STARLINK-35499,satellite,0,59,43.0116,227.2356,179.7983,29.9512,209.7496,6865.2172,486.554,2217.3224951987345,6064.5183473309135,-2322.7811174778494,3679.297523696322,-5306.380269538711,-2322.7811174778494,-19.8989,-55.2636,11
2218,STARLINK-35463,satellite,0,59,42.995,227.6079,90.5054,323.5002,54.0056,6861.6032,484.9633,279.8739486793136,-5711.655379165197,3783.016539192315,-4829.642462995032,3062.007556674438,3783.016539192315,33.6509,147.6252,7
2219,STARLINK-35435,satellite,0,59,42.9813,227.0933,83.8799,175.3886,259.2686,6858.7152,494.5303,-2743.2355496412197,4294.480098727314,-4597.122031659903,5090.583058868207,-232.08774190880632,-4597.122031659903,-42.2321,-2.6104,4
2220,STARLINK-35448,satellite,0,59,43.0215,227.7106,28.4863,328.9377,357.424,6867.4705,482.8652,-4778.69139526134,-4918.629918538255,-210.38538186817954,-1266.9826165692582,6739.700792764893,-210.38538186817954,-1.7682,100.6467,2
2221,STARLINK-35388,satellite,0,59,43.0189,227.2734,152.1115,29.3425,181.454,6867.4526,482.902,4560.211667070248,5124.8540529458205,-118.77750436202943,1561.4156498812122,-6679.943164487618,-118.77750436202943,-0.9982,-76.8435,4
2222,STARLINK-35682,satellite,0,59,42.9836,227.9445,85.8111,179.6898,265.5009,6858.5679,495.0557,-3355.824386645897,3752.589073159542,-4664.896397905702,5000.61316833532,580.8183938849488,-4664.896397905702,-42.9973,6.6252,4
2223,STARLINK-35331,satellite,0,59,42.9946,227.7983,94.5035,213.4555,307.959,6861.871,491.4623,-5767.916824211432,-468.56258855010594,-3690.231080821891,2940.198763616294,4984.340138959146,-3690.231080821891,-32.6872,59.4642,3
2224,STARLINK-35451,satellite,0,59,42.9974,227.184,93.0516,137.893,230.9445,6862.0527,491.0718,79.71064195454713,5821.266788320831,-3634.542881217403,4712.058721450009,-3419.064698547666,-3634.542881217403,-32.1371,-35.9646,7
2225,STARLINK-35655,satellite,0,59,42.9992,227.6234,83.3721,323.5295,46.9016,6862.7234,484.1135,-452.63025644151077,-5929.019816795664,3414.5760667951786,-4585.273088791674,3785.9504537440616,3414.5760667951786,30.0208,140.4543,5
2226,STARLINK-35569,satellite,0,59,42.9989,227.3595,92.0864,39.8844,131.9708,6862.4918,484.5688,5849.255474094842,847.582841944049,3476.903522874463,-2677.271550667927,-5269.19380163328,3476.903522874463,30.6237,-116.9351,65
2227,STARLINK-35567,satellite,0,59,43.0156,227.2432,176.7548,25.9257,202.6804,6866.0615,485.3353,2877.8018285689623,5962.126496379662,-1805.0373298547765,3215.07392929794,-5787.226913859175,-1805.0373298547765,-15.342,-60.9458,9
2228,STARLINK-35568,satellite,0,59,42.9843,227.8634,104.8988,181.8456,286.7444,6859.2391,494.603,-4892.0921554189745,1759.4176548434605,-4481.171461352394,4256.622507701027,2984.8418665349345,-4481.171461352394,-40.9365,35.039,4
2229,STARLINK-35620,satellite,0,59,43.0129,227.3146,116.1137,37.0615,153.1752,6865.5639,482.7022,5813.309355294343,2964.910856503702,2111.382086163502,-925.9735752858793,-6459.708583615713,2111.382086163502,18.0339,-98.1576,24
2230,STARLINK-35538,satellite,0,59,43.0139,227.752,11.6489,317.4902,329.1391,6865.1134,487.093,-5866.0698607423,-2630.1717101977056,-2401.3982682414244,1229.9688573013416,6309.9726977461905,-2401.3982682414244,-20.6002,78.97,3
2231,STARLINK-35372,satellite,0,59,42.9906,227.5804,94.896,326.2172,61.1132,6860.6468,485.5265,1007.386320329438,-5406.95132077213,4093.292053536969,-4999.749189286238,2291.824126720455,4093.292053536969,36.8293,155.3739,6
2232,STARLINK-35354,satellite,0,59,43.017,227.2881,133.986,33.2796,167.2657,6866.9861,482.2293,5351.046659304039,4166.541405180395,1031.5971405633372,322.5051814431172,-6774.197962790419,1031.5971405633372,8.7024,-87.2743,8
2233,STARLINK-35283,satellite,0,59,43.0148,227.7241,22.298,320.9924,343.2904,6866.6959,484.7008,-5488.559740260938,-3892.476705788499,-1345.9342697484706,-19.27179976143522,6728.691665194153,-1345.9342697484706,-11.3805,90.1641,3
2234,STARLINK-35581,satellite,0,59,42.9858,227.1149,82.6331,169.5528,252.1859,6859.3475,494.0917,-2073.421281755168,4791.304121109023,-4455.082787414531,5110.747314275951,-1065.8015210219498,-4455.082787414531,-40.6522,-11.7797,2
2235,STARLINK-35670,satellite,0,59,43.0082,227.6497,68.0411,324.7389,32.78,6864.852,482.8236,-1877.658533473029,-6090.366567920295,2532.6754604095986,-3896.1212911186667,5043.650006181747,2532.6754604095986,21.7955,127.6854,4
2236,STARLINK-35698,satellite,0,59,42.9929,227.1559,80.2218,157.8284,238.0502,6861.0394,492.0849,-653.434575290503,5559.272939659804,-3970.999596712005,4920.319783379625,-2668.8847092188,-3970.999596712005,-35.5213,-28.4763,2
2237,STARLINK-35648,satellite,0,59,43.0017,227.3362,101.1256,37.9414,139.067,6863.595,483.6913,5927.136142903506,1582.8303794370704,3064.245163370128,-2121.1914025429523,-5756.460883247606,3064.245163370128,26.6846,-110.2283,67
2238,STARLINK-35654,satellite,0,59,43.0177,227.247,163.4587,32.1505,195.6092,6866.8141,484.3996,3495.032984183431,5769.106182517619,-1259.6165711478304,2701.6929736731263,-6180.5094273610175,-1259.6165711478304,-10.6424,-66.3884,4
2239,STARLINK-35371,satellite,0,59,42.9814,227.9058,94.8835,177.629,272.5125,6858.6858,495.3569,-3924.062377039091,3139.465796517019,-4674.804464690186,4826.869276782542,1398.51493064847,-4674.804464690186,-43.1082,16.1582,4
2240,STARLINK-34774,satellite,0,6,42.9859,281.7209,100.1831,196.3359,296.519,6860.3107,493.6172,-3776.4701446238146,-3913.4103305303133,-4187.464576835892,-1022.7994912197084,5341.384499275173,-4187.464576835892,-37.7682,100.8401,7
2241,STARLINK-34844,satellite,0,6,42.9929,281.6986,79.061,224.3838,303.4448,6861.3291,491.4358,-3334.5361259361857,-4552.911908871742,-3904.808006902416,-1800.1125538128888,5348.619711544734,-3904.808006902416,-34.8476,108.601,8
2242,STARLINK-34733,satellite,0,6,43.0023,281.6628,29.8143,287.8646,317.6789,6863.3453,489.1352,-2283.6306100230127,-5652.543424626991,-3151.361142590659,-3304.368524771772,5123.218186142917,-3151.361142590659,-27.4814,122.8212,11
2243,STARLINK-35515,satellite,0,6,42.9887,281.8545,82.7549,171.3568,254.1117,6859.1895,494.2134,-5111.502350677761,846.890456698541,-4500.8738034031485,3637.185709173276,3689.9268073522853,-4500.8738034031485,-41.1576,45.4124,4
2244,STARLINK-35696,satellite,0,6,43.0226,282.017,144.6657,38.7343,183.3999,6867.4525,483.9316,-1717.1688577949835,6637.901681050608,-277.6607847560729,6414.800513096296,-2420.8969392881877,-277.6607847560729,-2.3335,-20.6761,5
2245,STARLINK-35693,satellite,0,6,42.9833,281.7667,97.8279,184.5424,282.3704,6858.9625,494.7247,-4501.434976019768,-2439.56295964789,-4570.693404292796,599.5297683205796,5084.7761341397845,-4570.693404292796,-41.9332,83.2755,4
2246,STARLINK-35663,satellite,0,6,43.0004,282.0954,97.5265,36.3498,133.8763,6862.8358,484.2346,2538.855666852656,5404.716530569113,3371.089098889455,2954.760917125962,-5189.040064938969,3371.089098889455,29.6001,-60.3418,22
2247,STARLINK-35673,satellite,0,6,43.0174,281.9965,163.7812,33.7939,197.5751,6866.6429,484.4598,-2841.434299654348,6083.664713940777,-1413.5065469572983,6609.541389340712,-1182.6613435351446,-1413.5065469572983,-11.9603,-10.1447,4
2248,STARLINK-35597,satellite,0,6,42.9889,282.3255,99.0587,323.8714,62.9301,6860.3493,485.965,5028.906368313135,-2094.8832652583933,4162.810020637188,-4609.638971375754,-2903.3883153815214,4162.810020637188,37.5571,-147.7952,4
2249,STARLINK-35689,satellite,0,6,43.015,282.4245,55.6225,324.9109,20.5334,6866.4342,482.5497,3100.059877840304,-5894.726320831321,1641.33516027486,-6604.120234958209,862.4184401509094,1641.33516027486,13.9274,172.56,4
2250,STARLINK-35832,satellite,0,6,43.0083,281.9555,169.7274,49.0311,218.7585,6864.0,488.3169,-4182.020629077803,4584.486685183886,-2930.467201398548,6156.5722548637,776.8093584034164,-2930.467201398548,-25.4171,7.1913,4
2251,STARLINK-35909,satellite,0,6,42.9785,282.2252,89.0223,2.3662,91.3886,6858.5383,487.0825,4865.025943529402,1224.0736538999615,4672.022284557405,-1802.4863528881099,-4681.653200423785,4672.022284557405,43.1411,-111.0572,94
2252,STARLINK-35899,satellite,0,6,42.9788,281.7782,92.999,182.3215,275.3205,6858.5932,496.0904,-4765.15441570237,-1643.7990906623133,-4659.4559840042975,1401.8850022931929,4841.8478390275195,-4659.4559840042975,-42.9272,73.8524,4
2253,STARLINK-35907,satellite,0,6,42.9808,282.2119,82.5509,15.8983,98.4492,6858.7745,487.018,4635.537820171269,2033.8420407019478,4622.971803516746,-1008.4069133344599,-4960.628974828105,4622.971803516746,42.5821,-101.4906,122
2254,STARLINK-35816,satellite,0,6,43.0011,282.3872,79.385,322.279,41.664,6863.5759,483.8114,4355.2531286131825,-4288.52841847659,3109.0360655224595,-6014.479844903924,-1088.9159773006854,3109.0360655224595,27.1052,-169.7378,9
2255,STARLINK-35894,satellite,0,87,43.0195,285.4666,157.005,36.1544,193.1594,6867.0264,484.2085,-2882.6101809345732,6135.089863837098,-1065.788240672503,6675.296902058843,-1178.6349570363022,-1065.788240672503,-8.9905,-10.0133,2
2256,STARLINK-35897,satellite,0,6,43.0162,282.0477,127.769,34.4048,162.1737,6866.593,482.4264,138.53940537507845,6706.933188880113,1432.5959293060068,5402.059715109188,-3977.4233872367276,1432.5959293060068,12.1279,-36.3634,4
2257,STARLINK-35922,satellite,0,6,42.9918,282.3412,94.972,320.9938,55.9658,6861.4266,485.2485,4880.296323783904,-2860.538744886531,3874.5460223135983,-5149.822284722685,-2340.791437678574,3874.5460223135983,34.5753,-155.5564,9
2258,STARLINK-35917,satellite,0,6,42.9897,282.1355,84.0735,35.5885,119.6619,6860.8799,485.7537,3547.371617937928,4233.434038932095,4062.4960981373733,1416.3640524882494,-5338.5130915414575,4062.4960981373733,36.5065,-75.1411,80
2259,STARLINK-35916,satellite,0,87,42.9833,285.6873,78.887,22.1455,101.0325,6858.9849,487.3541,4384.645449894682,2594.1560673147837,4587.861807943699,-405.8857497733173,-5078.387360274834,4587.861807943699,42.182,-94.5696,118
2260,STARLINK-34766,satellite,0,6,43.0144,281.6181,13.2236,325.6981,338.9217,6866.4038,485.3757,-478.06299309958933,-6635.286818754893,-1683.5934695877884,-5147.883930865631,4213.652385620957,-1683.5934695877884,-14.2873,140.6989,7
2261,STARLINK-34765,satellite,0,6,43.0263,282.0223,145.9139,30.4252,176.3391,6867.4821,482.4352,-1112.8754700449997,6763.0658051091405,298.89821066727285,6168.940122834477,-2986.9262891720937,298.89821066727285,2.5127,-25.8357,6
2262,STARLINK-34767,satellite,0,6,42.981,282.2774,100.3942,336.829,77.2232,6858.9333,486.677,5101.569024134257,-441.3565932447247,4557.9423935051045,-3300.0015230126587,-3915.4555416350827,4557.9423935051045,41.8504,-130.1247,56
2263,STARLINK-35608,satellite,0,6,43.0058,282.0819,105.7407,35.2238,140.9645,6863.9298,483.5095,1973.5086093214595,5869.839843186287,2945.8608534938203,3660.650984738012,-4994.936474436862,2945.8608534938203,25.5793,-53.7633,7
2264,STARLINK-35598,satellite,0,6,43.0185,282.4286,45.1027,328.3735,13.4762,6867.0202,482.248,2577.170937689853,-6263.076279682745,1090.641107278693,-6603.927637910938,1502.0233954349387,1090.641107278693,9.2045,167.1864,4
2265,STARLINK-35600,satellite,0,6,43.0073,282.3933,71.8739,322.7564,34.6302,6864.5705,483.3094,3994.757871462777,-4900.019212983212,2658.366995411864,-6306.58008033432,-441.95749744607787,2658.366995411864,22.9344,-175.9913,6
2266,STARLINK-35444,satellite,0,6,42.9969,281.9145,109.2404,123.5386,232.7791,6861.815,490.5311,-4767.5889073322805,3236.404895147096,-3726.5948765226044,5392.098441995138,2032.1158988806462,-3726.5948765226044,-33.0546,20.6499,4
2267,STARLINK-35366,satellite,0,6,43.0164,282.0453,124.8421,30.3097,155.1518,6865.9582,482.265,762.0846128911345,6526.425182580068,1966.1907126137933,4895.267801795928,-4383.075606206306,1966.1907126137933,16.7574,-41.8403,4
2268,STARLINK-35692,satellite,0,6,42.9846,282.1477,84.2624,28.2824,112.5448,6859.8948,486.1045,3975.112400281073,3544.390798816361,4317.050781426286,606.735765966722,-5291.133757513527,4317.050781426286,39.2029,-83.4584,107
2269,STARLINK-35924,satellite,0,8,42.9782,209.0019,85.8638,5.5246,91.3883,6858.4887,486.9925,2576.1726585351785,-4304.61945988662,4671.93527359804,-5002.61739717863,374.47755401958403,4671.93527359804,43.1409,175.719,4
2270,STARLINK-35937,satellite,0,8,43.019,209.6665,135.9791,32.4866,168.4657,6867.1089,482.0547,6336.604921415971,2455.2944097263,935.7956005488747,-1644.0019882009483,-6593.80694525838,935.7956005488747,7.8891,-103.9998,12
2271,STARLINK-35962,satellite,0,8,43.008,209.5885,166.4107,51.5413,217.9519,6864.0732,488.3974,3181.843145165304,5355.877718351433,-2878.8683014515727,2544.3865409417745,-5686.4443252917845,-2878.8683014515727,-24.9389,-65.894,14
2272,STARLINK-35931,satellite,0,8,42.9995,209.3098,73.2115,236.5284,309.7398,6862.2213,490.839,-5715.339610083723,1217.7225101025106,-3599.1455553514124,4288.183346719628,3969.815934664826,-3599.1455553514124,-31.7891,42.7922,4
2273,STARLINK-35952,satellite,0,8,42.9872,209.4723,79.3083,181.0687,260.377,6858.7596,494.7759,-1436.5151592610655,4873.776533502475,-4613.738444811186,4811.203287483236,-1633.8899680874335,-4613.738444811186,-42.418,-18.7575,4
2274,STARLINK-35915,satellite,0,8,43.0046,209.2932,25.1735,291.7884,316.9619,6863.1971,489.0533,-6050.272790047639,532.9768203221063,-3194.462531336695,3921.481031549014,4638.087067336359,-3194.462531336695,-27.8896,49.7856,4
2275,STARLINK-35946,satellite,0,8,42.9984,209.5517,94.2457,137.8487,232.0943,6861.8844,491.197,1714.5817418072334,5524.875687866124,-3693.02075677565,3527.876525620223,-4584.553319102166,-3693.02075677565,-32.7164,-52.4212,15
2276,STARLINK-35969,satellite,0,8,43.0177,209.2052,37.6387,328.7932,6.4319,6867.3231,482.1633,-5676.237801671685,-3816.73252922179,524.2858767229326,150.7677481597736,6838.449522140322,524.2858767229326,4.4104,88.737,4
2277,STARLINK-35687,satellite,0,8,43.0205,209.6431,151.3941,31.257,182.6511,6867.405,482.3508,5841.461476014523,3591.1636978425768,-216.4950202851505,-430.32868406660197,-6843.53315942384,-216.4950202851505,-1.8197,-93.5981,5
2278,STARLINK-35975,satellite,0,8,43.0202,209.2217,30.3495,329.0091,359.3586,6867.4296,482.3946,-6014.475465099179,-3300.0328369959657,-52.394501338239806,767.9648008973979,6817.2107133426825,-52.394501338239806,-0.4403,83.5727,4
2279,STARLINK-35932,satellite,0,8,43.0168,209.1969,45.7517,327.7729,13.5246,6866.9352,482.0384,-5249.881104596712,-4277.325220293745,1094.414473248382,-471.34016315141747,6755.3387112093,1094.414473248382,9.237,93.9912,4
2280,STARLINK-35935,satellite,0,8,42.9834,209.4409,87.7537,179.7146,267.4683,6858.5177,495.2131,-2201.4929969839336,4517.287380603984,-4674.8124042791815,4960.56938921973,-803.2484232598941,-4674.8124042791815,-43.1095,-9.1979,4
2281,STARLINK-35928,satellite,0,8,42.9962,209.1241,84.7947,324.1187,48.9133,6862.2793,484.3947,-2096.8624038915186,-5495.299988402218,3524.403113031918,-3283.4525775168145,4879.968552622581,3524.403113031918,31.0883,123.9344,7
2282,STARLINK-35933,satellite,0,8,43.0164,209.614,166.9875,36.846,203.8335,6865.9852,485.5969,4455.163472531855,4864.321598869443,-1891.649375152657,1408.9940754489942,-6443.97717869636,-1891.649375152657,-16.0967,-77.6662,5
2283,STARLINK-35961,satellite,0,8,42.9853,209.3967,95.9713,185.6271,281.5985,6858.795,494.5841,-3616.238570455558,3607.5371388945223,-4583.822696119181,5032.092898297159,877.2380918889874,-4583.822696119181,-42.0819,9.8889,4
2284,STARLINK-35960,satellite,0,8,42.9886,208.9037,83.91,35.8284,119.7384,6860.6785,485.5051,5082.059833101358,-2168.4358068641504,4059.185911887542,-4700.381064943867,-2904.4558595423578,4059.185911887542,36.4736,-148.2873,4
2285,STARLINK-35914,satellite,0,8,42.9801,209.4155,97.8254,176.7068,274.5322,6858.5644,495.8764,-2931.1271179680743,4094.2509599321365,-4664.937172267545,5035.1801816198995,36.846210324065396,-4664.937172267545,-42.9914,0.4193,4
2286,STARLINK-35707,satellite,0,8,43.0178,209.2481,1.7329,336.5169,338.2498,6866.1042,484.8529,-6468.93994121303,-1491.8377221142523,-1734.6551383616963,2507.7232012314244,6146.876287851407,-1734.6551383616963,-14.7313,67.8062,4
2287,STARLINK-35976,satellite,0,8,43.0213,209.628,159.1114,30.5691,189.6805,6867.239,483.5302,5462.347416336851,4076.9728275026137,-787.1785267401654,185.1709893921385,-6813.5642976084155,-787.1785267401654,-6.6287,-88.4433,4
2288,STARLINK-35514,satellite,0,8,43.0133,209.5944,168.9484,41.9619,210.9103,6865.0789,486.8716,3846.6751096551616,5149.018125309257,-2404.7565214904644,1992.2689880212138,-6110.659647973591,-2404.7565214904644,-20.631,-71.9424,10
2289,STARLINK-35640,satellite,0,8,42.9873,209.3686,97.1322,191.5318,288.664,6859.4034,493.9803,-4246.746892324911,3068.0029059990934,-4433.463875458863,4954.373603392281,1703.4327684707566,-4433.463875458863,-40.4153,18.9742,4
2290,STARLINK-35582,satellite,0,8,43.0086,209.2548,16.4915,314.583,331.0745,6865.3139,486.6955,-6426.453315177073,-817.6947892678912,-2264.048590659295,3034.2520216223775,5723.743674364425,-2264.048590659295,-19.3753,62.0712,4
2291,STARLINK-35577,satellite,0,8,43.0178,209.2205,15.1167,337.2462,352.3628,6867.3106,483.1414,-6260.3487110432025,-2737.840520575446,-622.0783917940543,1369.1294149312025,6694.2677975365805,-622.0783917940543,-5.2344,78.4411,4
2292,STARLINK-35697,satellite,0,8,43.0137,209.1703,59.5656,328.1215,27.6871,6865.4544,482.5767,-4167.269306876359,-4994.764560589887,2173.9340690232493,-1681.4807563257439,6283.822798095492,2173.9340690232493,18.5874,104.9807,5
2293,STARLINK-35818,satellite,0,8,43.0205,209.6736,127.9457,33.4748,161.4205,6866.5247,482.1989,6440.209419439565,1830.4743441473395,1491.0901505728968,-2214.3871733830765,-6318.498487550364,1491.0901505728968,12.6314,-109.3136,12
2294,STARLINK-35796,satellite,0,8,42.9902,209.3481,98.5512,197.1843,295.7355,6860.119,492.9406,-4813.924990353274,2481.183246576682,-4215.4999163798375,4801.518189168093,2505.108220202976,-4215.4999163798375,-38.0698,27.5525,4
2295,STARLINK-35833,satellite,0,8,43.0093,209.7021,111.7846,35.4745,147.259,6864.8183,482.9591,6354.590722813692,502.32040315110714,2530.0995102306483,-3250.6182123229105,-5483.304686008824,2530.0995102306483,21.7718,-120.6604,25
2296,STARLINK-35315,satellite,0,8,42.9885,209.5059,75.4007,170.8454,246.2461,6859.9571,493.826,142.89173844945864,5361.011004685404,-4283.491188676258,4299.469224088763,-3205.529820854687,-4283.491188676258,-38.7895,-36.7069,7
2297,STARLINK-35728,satellite,0,8,42.9837,209.0586,103.5506,326.5618,70.1124,6859.396,486.3135,252.07790479793366,-5255.197463614713,4395.351102764016,-4440.5441762513365,2821.7390152936123,4395.351102764016,40.0521,147.5661,7
2298,STARLINK-35699,satellite,0,53,43.0076,278.8474,67.9713,324.1419,32.1132,6865.0042,482.8891,3527.7248900282757,-5329.736635705586,2486.7684728852782,-6388.727200860078,187.35063036420698,2486.7684728852782,21.381,178.3203,3
2299,STARLINK-35695,satellite,0,53,42.9935,278.7942,89.7913,323.5377,53.329,6861.728,485.303,4601.56579042222,-3431.982471694656,3750.4456716784566,-5456.298861118226,-1783.736008428202,3750.4456716784566,33.3219,-161.8967,9
2300,STARLINK-35419,satellite,0,53,43.0198,278.4651,143.1341,30.6329,173.767,6867.406,482.2009,-465.28334109852364,6825.5336298163,508.15514535275247,5846.88871872195,-3552.223279882485,508.15514535275247,4.2745,-31.2804,6
2301,STARLINK-35411,satellite,0,53,43.0203,278.4483,159.8594,27.9372,187.7965,6867.294,483.0913,-1671.782872358067,6623.884013528217,-635.0048738491029,6377.19417796259,-2449.9166952254745,-635.0048738491029,-5.3435,-21.0152,6
2302,STARLINK-35305,satellite,0,53,42.9996,278.3675,118.3286,111.9913,230.32,6862.1806,490.5558,-4459.389905991603,3773.11168916072,-3602.116833640108,5653.2047456782675,1470.9881902931027,-3602.116833640108,-31.8198,14.5852,4
2303,STARLINK-35579,satellite,0,53,43.0132,278.4156,172.8223,36.2933,209.1156,6865.4029,486.6939,-3292.6740486936883,5573.443263069292,-2277.8186036754432,6452.4954502253,-519.8794691225683,-2277.8186036754432,-19.4978,-4.6064,4
2304,STARLINK-35437,satellite,0,53,42.9867,278.3053,80.9454,170.6064,251.5518,6859.433,493.8647,-5026.159846119618,1461.088041727333,-4438.9354247304245,4090.0271470930156,3266.303568327041,-4438.9354247304245,-40.4762,38.6109,4
2305,STARLINK-35358,satellite,0,53,42.9826,278.2357,93.9082,178.8418,272.75,6858.5885,495.2156,-4916.334048992245,-1044.302182498757,-4673.917670191532,1978.9827673353288,4620.014581821355,-4673.917670191532,-43.0992,66.8121,4
2306,STARLINK-35893,satellite,0,53,42.991,278.1627,115.3473,178.6996,294.0469,6860.1285,493.0772,-4140.764803451696,-3419.08780229912,-4273.556757187376,-408.87960737638343,5354.335815393607,-4273.556757187376,-38.688,94.3669,4
2307,STARLINK-35871,satellite,0,53,42.9935,278.121,85.1845,222.7437,307.9282,6861.9985,492.1425,-3324.4228849674323,-4736.282302209162,-3692.0636486774756,-1955.8161738475485,5446.002263902507,-3692.0636486774756,-32.7018,109.7547,8
2308,STARLINK-35825,satellite,0,53,43.0128,278.0734,7.8709,321.4222,329.2931,6865.1817,487.0388,-1708.3273885483572,-6201.762239523338,-2390.5306903989735,-4084.7298670536316,4969.428463640664,-2390.5306903989735,-20.503,129.4192,10
2309,STARLINK-35803,satellite,0,53,43.0231,278.0274,19.9795,337.5817,357.5613,6867.5028,482.3011,745.8458055058284,-6816.847352420726,-199.17136052502167,-6001.434649836202,3317.902339663046,-199.17136052502167,-1.6741,151.0639,5
2310,STARLINK-35835,satellite,0,53,43.017,278.0055,44.2118,327.3979,11.6097,6867.1818,482.2509,1935.3667515428742,-6513.578196099611,941.8182264238161,-6438.899691185285,2170.9251821598837,941.8182264238161,7.9399,161.3681,4
2311,STARLINK-35834,satellite,0,53,43.0129,278.8553,58.3373,326.7037,25.041,6865.9384,482.5328,3054.0768934316948,-5813.331679681906,1980.4083555431973,-6511.099700619564,853.1070141421079,1980.4083555431973,16.8815,172.5354,3
2312,STARLINK-35836,satellite,0,53,42.9984,278.8125,83.1801,323.1067,46.2869,6862.8484,484.2583,4308.172177508652,-4127.348379415133,3380.1746697645776,-5855.614514824294,-1143.298215646034,3380.1746697645776,29.6876,-168.9521,9
2313,STARLINK-35870,satellite,0,53,42.9782,278.7068,95.5226,346.2086,81.7312,6858.6605,486.2153,5054.81770799151,-223.1904381892077,4624.335753231249,-3094.748788957677,-4002.9396655418914,4624.335753231249,42.6038,-127.7083,58
2314,STARLINK-35650,satellite,0,53,42.9834,278.6357,80.3713,22.6024,102.9737,6858.983,486.6406,4600.508046081127,2255.377592314817,4554.550580025355,-807.1535673155032,-5059.634916151839,4554.550580025355,41.8126,-99.0639,112
2315,STARLINK-35812,satellite,0,53,42.9927,278.5688,88.3066,35.9149,124.2216,6861.418,485.0798,3525.9684213816477,4430.813903142272,3865.9558231283236,1590.022934828724,-5434.739388377155,3865.9558231283236,34.4889,-73.6923,71
2316,STARLINK-35810,satellite,0,53,43.0078,278.5155,108.9045,36.5659,145.4704,6864.6293,483.2663,1974.7538488773985,6008.671113148877,2651.611877207802,3773.4066000784737,-5075.941680134838,2651.611877207802,22.873,-53.3732,7
2317,STARLINK-35814,satellite,0,53,43.0184,278.4758,134.2025,32.4767,166.6792,6867.0659,482.2557,159.07204521547638,6772.716365672754,1078.2924611643261,5443.997424506948,-4032.1065124054335,1078.2924611643261,9.0994,-36.5256,6
2318,STARLINK-35815,satellite,0,53,43.016,278.423,168.9283,33.1211,202.0494,6866.2814,485.4196,-2794.8724272547856,6015.751039208404,-1757.413656708092,6527.205931441686,-1181.5901061360166,-1757.413656708092,-14.9277,-10.2609,4
2319,STARLINK-35743,satellite,0,53,43.0034,278.3847,148.7897,74.435,223.2247,6863.2938,489.5244,-4129.786974514889,4446.196467820959,-3205.7254991184445,6013.447086475045,813.7921254848868,-3205.7254991184445,-27.9943,7.7069,4
2320,STARLINK-35868,satellite,0,53,42.9896,278.3242,77.6997,166.8067,244.5063,6860.1464,492.9515,-4911.223224045541,2266.758186495397,-4223.976891465177,4682.317139649708,2708.1751118032894,-4223.976891465177,-38.1598,30.0444,4
2321,STARLINK-35872,satellite,0,53,42.9838,278.2561,88.3833,177.3013,265.6845,6858.5717,494.9209,-5028.752875353866,-207.830373686276,-4665.969671130544,2727.4388288452724,4229.967657147449,-4665.969671130544,-43.0107,57.1865,4
2322,STARLINK-35744,satellite,0,53,42.9854,278.1839,102.2559,184.6302,286.8861,6859.325,494.4896,-4471.634558597877,-2657.2454000787325,-4477.853305411849,404.43862936547106,5185.836300633042,-4477.853305411849,-40.9006,85.5406,4
2323,STARLINK-35746,satellite,0,53,43.003,278.0789,2.9993,319.2165,322.2158,6864.1778,487.7417,-2282.025141999246,-5801.596830378251,-2867.519803850237,-3427.121583338506,5207.782847238067,-2867.519803850237,-24.8365,123.348,9
2324,STARLINK-35941,satellite,0,53,43.0186,278.0443,15.5339,327.9001,343.434,6866.7912,484.5933,-495.96661354011565,-6712.549060462101,-1334.771429976623,-5200.718703058829,4272.800339649768,-1334.771429976623,-11.285,140.5942,5
2325,STARLINK-35939,satellite,0,53,43.0215,278.0138,36.8642,327.7707,4.635,6867.4842,482.5602,1354.6791684950394,-6714.912163048461,378.2440054851961,-6268.896795534085,2761.5455770189706,378.2440054851961,3.1802,156.2258,5
2326,STARLINK-35963,satellite,0,53,42.9909,278.7692,94.5761,325.905,60.4811,6860.7716,485.6817,4828.106438088317,-2673.3405844418126,4068.2966165411412,-4966.747666104162,-2405.9882126025486,4068.2966165411412,36.5674,-154.1536,9
2327,STARLINK-36076,satellite,0,39,43.0206,347.2346,154.6008,31.6576,186.2584,6867.2843,483.1608,-6772.5408177619665,973.6825466937387,-510.3040545250493,4697.823271950541,4974.5173972464745,-510.3040545250493,-4.292,46.6386,4
2328,STARLINK-35447,satellite,0,39,42.9814,347.5177,98.3759,334.6567,73.0326,6859.1626,486.6129,2990.2047127827327,4251.288429902512,4470.450320325607,1751.9680771646304,-4893.4022310829,4470.450320325607,40.8758,-70.3013,69
2329,STARLINK-35429,satellite,0,39,42.9827,347.9131,89.866,173.3668,263.2328,6858.6934,495.4058,-1834.9439589539065,-4706.341488442856,-4646.9276523467315,-2789.5051092776107,4211.3336110612345,-4646.9276523467315,-42.7898,123.5197,10
2330,STARLINK-36058,satellite,0,39,43.0015,347.5949,80.3449,324.3261,44.6711,6862.9732,484.0318,5520.097568710135,2395.774299318487,3287.926518693853,-1222.2210468986168,-5892.146245119226,3287.926518693853,28.8024,-101.7188,80
2331,STARLINK-36066,satellite,0,39,43.0149,347.7198,7.8363,325.9368,333.7731,6865.8908,486.3469,5543.547287480077,-3476.0719859553965,-2068.901780065443,-6035.056349966112,-2528.2578651722465,-2068.901780065443,-17.6494,-157.2698,4
2332,STARLINK-36031,satellite,0,39,43.008,347.2893,112.4629,38.4449,150.9078,6865.2884,482.3578,-5309.521383650516,3697.2546680669084,2274.4847287171315,6081.005279175711,2209.543889272575,2274.4847287171315,19.481,19.9687,4
2333,STARLINK-36032,satellite,0,39,43.0176,347.6899,22.712,325.3198,348.0318,6867.0881,483.9864,6336.400487506885,-2447.557075704452,-970.7373090526979,-5651.205837979402,-3768.8697713898187,-970.7373090526979,-8.1833,-146.3001,4
2334,STARLINK-35711,satellite,0,39,42.9951,347.3287,89.3346,40.3053,129.6399,6862.0739,485.0512,-3420.903555401658,4727.823885580317,3601.0098535356283,5835.211822411902,72.13054836779564,3601.0098535356283,31.8375,0.7082,12
2335,STARLINK-35811,satellite,0,39,42.9913,347.8202,111.5065,179.9789,291.4854,6859.7475,493.6238,1471.595998907595,-5096.43722521913,-4354.682364394219,-5013.405682591056,1733.5024189091341,-4354.682364394219,-39.5585,160.926,17
2336,STARLINK-35820,satellite,0,39,43.0118,347.6297,63.3843,327.1205,30.5048,6865.0933,482.7837,6317.217019884785,1220.6296718828105,2374.815264248454,-2641.9788523020484,-5866.610215123508,2374.815264248454,20.3756,-114.244,25
2337,STARLINK-35981,satellite,0,39,43.0107,347.184,167.6952,46.6949,214.3901,6864.6198,487.7614,-6150.828452663182,-1507.5753495789945,-2644.1133615824137,2311.58070067133,5895.93663068329,-2644.1133615824137,-22.7889,68.5917,4
2338,STARLINK-35930,satellite,0,39,42.9809,347.4657,93.2407,353.9001,87.1408,6858.4986,486.6337,1420.770061995605,4815.044824071919,4667.491267587023,3116.9788795341788,-3935.4398599677043,4667.491267587023,43.0928,-51.6198,19
2339,STARLINK-35980,satellite,0,39,42.9973,347.7759,96.4958,209.0857,305.5815,6861.7647,491.781,3038.5378882584364,-4835.495714367873,-3806.6277113895653,-5702.917493381882,302.4291086040069,-3806.6277113895653,-33.8506,176.9644,10
2340,STARLINK-35978,satellite,0,39,42.9812,347.4474,84.757,9.4695,94.2265,6858.5155,486.5218,593.8075915749065,4991.398005023364,4660.571200879179,3737.5733990098242,-3361.131742044241,4660.571200879179,43.0144,-41.9645,6
2341,STARLINK-36050,satellite,0,39,43.0018,347.7625,46.7924,265.9181,312.7105,6862.6359,489.935,3767.4496293415214,-4590.725056942216,-3439.183696125329,-5922.816735708003,-434.3675555101571,-3439.183696125329,-30.2308,-175.8056,6
2342,STARLINK-36048,satellite,0,39,43.0208,347.2502,141.886,30.2816,172.1676,6866.8824,481.3306,-6476.916701926247,2166.2342346672585,637.7514001214518,5502.226185862659,4045.8037177726346,637.7514001214518,5.3681,36.3272,4
2343,STARLINK-35977,satellite,0,39,42.9968,347.1327,22.4197,213.2229,235.6427,6861.5457,491.4321,-4698.531129951222,-3177.1118082297407,-3863.596938307133,110.25446688635898,5670.809304997406,-3863.596938307133,-34.4285,88.8862,4
2344,STARLINK-36052,satellite,0,39,43.0213,347.6577,40.1447,329.1003,9.2449,6867.2026,482.1883,6786.698553190939,-660.1801053897927,751.9354080037117,-4449.740544679021,-5166.713085557984,751.9354080037117,6.332,-130.7361,4
2345,STARLINK-36063,satellite,0,39,43.0047,347.2967,106.5169,37.318,143.8349,6864.3018,482.8657,-4749.928936126952,4104.34908561545,2760.098526292683,6091.333608206101,1517.6169438917498,2760.098526292683,23.8661,13.9901,5
2346,STARLINK-35993,satellite,0,39,43.0144,347.6358,56.8477,326.5781,23.4258,6866.0025,482.3087,6574.480216744929,599.9602480331927,1860.188762567863,-3297.5017456064056,-5719.28532749619,1860.188762567863,15.8299,-119.966,5
2347,STARLINK-36036,satellite,0,39,43.0173,347.2572,131.5761,33.452,165.0281,6866.8318,482.6187,-6178.160909508285,2725.6692343174877,1209.0779387286232,5787.349966830668,3479.29955021211,1209.0779387286232,10.2135,31.0139,4
2348,STARLINK-36034,satellite,0,39,42.9846,347.8828,87.7291,182.5134,270.2425,6858.9096,495.6666,-1025.5862502659613,-4915.339638583605,-4679.732075064322,-3426.6388788801664,3670.2230059102235,-4679.732075064322,-43.1622,133.0342,15
2349,STARLINK-35680,satellite,0,39,42.9892,347.5323,97.53,328.4168,65.9467,6859.8897,486.2111,3717.211728410963,3868.3080800711737,4268.926617111215,1020.0770300367882,-5266.964333368062,4268.926617111215,38.6844,-79.039,92
2350,STARLINK-35583,satellite,0,39,42.9833,347.3866,73.4917,34.9675,108.4592,6859.3094,486.8215,-1079.5207884311435,5116.692179425499,4433.814305188544,4804.067461589441,-2065.6330303678424,4433.814305188544,40.4702,-23.2665,10
2351,STARLINK-36039,satellite,0,39,43.0192,347.6817,30.2925,324.7816,355.074,6867.4014,483.1259,6586.571072090195,-1879.2111727568733,-401.95049448600076,-5330.806483697001,-4300.797060183573,-401.95049448600076,-3.3795,-141.104,4
2352,STARLINK-36037,satellite,0,39,42.9987,347.576,88.1854,323.5515,51.737,6861.935,484.6175,4993.788738856268,2931.69349302143,3671.5459574477445,-480.95812558275264,-5770.739292914539,3671.5459574477445,32.5381,-94.7643,118
2353,STARLINK-36040,satellite,0,39,42.9873,347.8382,109.1247,175.2419,284.3666,6859.2171,494.434,640.1081039675196,-5113.084835291934,-4533.252496565689,-4547.952097678729,2422.706468988121,-4533.252496565689,-41.5163,151.9557,18
2354,STARLINK-35988,satellite,0,39,42.9859,347.3716,80.3414,35.1474,115.4888,6860.1438,485.4787,-1889.1067867983509,5062.306473436838,4219.2542488556555,5226.05725589403,-1372.5876442127342,4219.2542488556555,38.1586,-14.716,13
2355,STARLINK-35391,satellite,0,39,43.0108,347.7236,359.161,327.6312,326.7921,6864.8765,487.5316,5026.25485171562,-3906.3783246866815,-2563.833156941877,-6088.727913477536,-1857.5311156522298,-2563.833156941877,-22.0614,-163.0343,4
2356,STARLINK-35867,satellite,0,18,43.0186,46.1265,40.6749,332.8718,13.5467,6866.983,482.0828,3775.089514024128,5621.57504820859,1096.21283595957,2419.7550000773645,-6324.412431296439,1096.21283595957,9.2522,-69.0629,10
2357,STARLINK-35990,satellite,0,18,42.9839,45.445,102.0732,180.4138,282.487,6859.0147,494.8292,4534.343769371856,-2381.8523280742434,-4568.771856036018,-4559.250274188307,-2333.8232300043437,-4568.771856036018,-41.9108,-152.8927,4
2358,STARLINK-36051,satellite,0,18,43.0043,45.781,99.6983,34.5106,134.2089,6862.6829,483.9949,-5910.497642079466,-919.8338610105401,3352.3737831358526,2653.5021119389758,5360.877097157131,3352.3737831358526,29.4209,63.6657,5
2359,STARLINK-36062,satellite,0,18,42.9844,45.8951,86.1401,12.5343,98.6744,6858.4356,486.987,-4279.491148749157,2707.946793072597,4620.528852056697,4678.949055259583,1937.6418824488708,4620.528852056697,42.5546,22.4954,12
2360,STARLINK-36047,satellite,0,18,43.0103,45.7665,110.1837,31.542,141.7258,6863.5568,483.1091,-5980.883368891135,-1690.538872334801,2897.4537168991374,2064.1227724417195,5862.446991780916,2897.4537168991374,25.1316,70.6032,5
2361,STARLINK-35964,satellite,0,92,42.9952,30.7664,89.1182,35.243,124.3612,6861.3897,485.0864,-5442.828197028249,1577.5547449524456,3859.7295928870694,4425.2834434817705,3539.763297246566,3859.7295928870694,34.4257,38.6561,5
2362,STARLINK-36099,satellite,0,18,43.0253,45.704,154.2465,29.225,183.4716,6867.6815,482.855,-4565.2766045109975,-5113.76588814527,-283.4719153472686,-1549.4346370755954,6677.694537779043,-283.4719153472686,-2.3828,103.0633,4
2363,STARLINK-36041,satellite,0,18,42.9843,45.9414,97.0279,347.3431,84.371,6858.6214,487.5483,-3119.1381665181752,3954.04327201984,4651.745070397643,5028.9043814420775,271.2965557252789,4651.745070397643,42.9056,3.088,19
2364,STARLINK-36044,satellite,0,18,42.9914,45.3933,105.1869,191.4779,296.6648,6860.2777,492.6503,5356.532247710171,-957.5527289678292,-4181.985787074692,-3868.808560315045,-3826.442900808235,-4181.985787074692,-37.7165,-135.3154,4
2365,STARLINK-35996,satellite,0,18,43.0054,45.326,29.0544,295.8292,324.8837,6864.5421,488.4299,6000.183405935848,1962.3857616408316,-2692.807085589547,-1853.0497353452745,-6034.845935125054,-2692.807085589547,-23.2301,-107.0695,4
2366,STARLINK-36080,satellite,0,18,43.0158,46.11,49.4249,331.2101,20.635,6866.3727,482.3599,3176.536842361388,5851.4578119248745,1649.0728514704285,2952.5037196341127,-5967.634926934004,1649.0728514704285,13.9948,-63.676,9
2367,STARLINK-35604,satellite,0,18,42.9893,45.8413,83.461,29.274,112.735,6859.9241,486.0899,-5163.975475808548,1321.3260493322505,4311.462500924099,4055.19562326729,3459.4701473534797,4311.462500924099,39.1427,40.4674,5
2368,STARLINK-35565,satellite,0,18,42.9825,45.9676,101.7969,335.5027,77.2997,6858.9696,486.0969,-2469.590761807083,4483.720457517713,4559.054015613487,5087.597729683309,-564.7804997403623,4559.054015613487,41.8672,-6.3345,18
2369,STARLINK-36038,satellite,0,18,42.9849,45.5186,83.1911,178.1105,261.3017,6858.694,495.6934,2814.043433027274,-4218.494237085008,-4626.146988975349,-5069.272236568805,130.4341321742763,-4626.146988975349,-42.5515,178.5261,9
2370,STARLINK-36049,satellite,0,18,42.9891,46.0085,100.3988,322.7431,63.142,6860.4797,486.6683,-1067.6590526070022,5336.559933371562,4171.077878686035,4976.94117254603,-2202.0046185456804,4171.077878686035,37.6399,-23.8666,7
2371,STARLINK-36069,satellite,0,18,43.0006,46.0656,82.2315,319.6489,41.8804,6863.4894,483.4229,1131.388822726286,5999.426522663683,3121.9884457927596,4251.753997016195,-4381.295153021219,3121.9884457927596,27.229,-45.8597,4
2372,STARLINK-36000,satellite,0,18,42.9942,45.5867,76.9867,163.0786,240.0652,6860.7738,493.3621,710.6914182650876,-5491.4450149151,-4056.2997915709207,-4897.869400455989,2583.0071583153676,-4056.2997915709207,-36.395,152.194,18
2373,STARLINK-36071,satellite,0,18,43.0183,45.2705,25.4593,334.7797,0.239,6867.4502,482.2975,4813.2022372243955,4888.58484821768,19.52053759460234,1222.5420589099813,-6750.597640864218,19.52053759460234,0.164,-79.7349,6
2374,STARLINK-35979,satellite,0,18,43.0076,46.0766,71.1706,323.6268,34.7974,6864.5862,483.4155,1845.3487607987313,6041.856967472783,2669.6306862248134,3875.0874310332465,-4989.293042729499,2669.6306862248134,23.0367,-52.1642,6
2375,STARLINK-36046,satellite,0,18,42.9954,45.8163,88.6564,31.4016,120.058,6860.4403,485.833,-5506.150114036726,562.4106998739893,4046.9210358094083,3632.0432548994154,4176.392781836865,4046.9210358094083,36.344,48.9878,6
2376,STARLINK-36045,satellite,0,18,43.0207,45.7308,131.6833,30.6022,162.2854,6866.7833,482.1986,-5653.7168799289375,-3613.7594673196386,1423.985054849452,303.6913923669305,6703.099550524216,1423.985054849452,12.0544,87.4059,4
2377,STARLINK-36054,satellite,0,18,43.0262,45.707,146.5035,29.9237,176.4272,6867.5491,482.3282,-5005.216362735108,-4682.751805935748,291.7094199181305,-943.6767976965782,6788.949065597333,291.7094199181305,2.4522,97.9135,4
2378,STARLINK-36042,satellite,0,18,43.0032,45.3359,60.8436,256.9851,317.8286,6863.46,490.305,5972.870885477799,1249.2522308715425,-3142.9104186572144,-2420.1898666462894,-5601.651431525214,-3142.9104186572144,-27.3966,-113.3667,4
2379,STARLINK-35984,satellite,0,18,42.9927,45.3744,100.9553,202.5604,303.5158,6861.5378,492.9703,5641.681513734943,-243.00779695031528,-3902.468565557659,-3449.067057751347,-4471.192181390967,-3902.468565557659,-34.8148,-127.6465,4
2380,STARLINK-35985,satellite,0,18,43.0207,45.6732,165.7569,31.8848,197.6416,6866.787,484.6621,-3481.606174994095,-5740.277752285797,-1418.8157830472085,-2685.866032250279,6152.9256364715175,-1418.8157830472085,-12.0055,113.5822,4
2381,STARLINK-36098,satellite,0,18,43.0185,45.2764,31.7549,321.4073,353.1622,6867.3785,483.5911,5218.444008050035,4420.247107122937,-557.3378018108609,606.2691000748385,-6811.987972058998,-557.3378018108609,-4.6881,-84.9141,5
2382,STARLINK-35995,satellite,0,18,43.0092,45.637,159.0958,59.7238,218.8195,6863.9344,488.6055,-1489.5561840750102,-6022.297570918427,-2934.522785322273,-4064.0899809774132,4687.218608591357,-2934.522785322273,-25.4536,130.9272,14
2383,STARLINK-35994,satellite,0,18,43.0177,45.6689,169.6758,35.0328,204.7086,6866.0506,485.7715,-2856.1071298144147,-5924.734163951622,-1956.897076697724,-3197.010855799692,5747.95132533072,-1956.897076697724,-16.6671,119.0828,8
2384,STARLINK-35989,satellite,0,18,43.0169,45.7336,118.2182,37.1057,155.3238,6865.8968,482.5139,-5849.5833877550995,-3001.7833432297316,1953.535782673554,916.7352550374735,6510.601010825596,1953.535782673554,16.6458,81.9851,4
2385,STARLINK-36091,satellite,0,66,42.9836,275.1353,94.6393,182.142,276.7813,6858.6829,494.9532,-4893.1360642429345,-1253.4217450017127,-4646.563156654304,1794.6944357672355,4721.537725811803,-4646.563156654304,-42.7891,69.1878,4
2386,STARLINK-36102,satellite,0,66,43.0154,274.9799,6.8981,326.4535,333.3515,6865.6942,486.2473,-1709.5394845053806,-6305.62076199115,-2099.7136809649323,-4168.919774253109,5030.2570867678505,-2099.7136809649323,-17.9212,129.6509,7
2387,STARLINK-36105,satellite,0,66,43.0198,274.9453,30.0832,324.4799,354.5631,6867.3991,483.15,115.27691843414108,-6845.876017187004,-443.53133270331966,-5661.859825937359,3850.019548269391,-443.53133270331966,-3.7295,145.7846,5
2388,STARLINK-36094,satellite,0,66,42.9797,274.7095,84.5844,9.0905,93.675,6858.592,487.176,4952.081858250563,848.8542915937505,4663.9803355798485,-2159.3271865428246,-4536.625887223733,4663.9803355798485,43.0483,-115.4533,86
2389,STARLINK-35992,satellite,0,66,42.9859,274.6388,80.4771,34.4856,114.9626,6860.1196,485.8602,4297.777602480212,3251.56669322955,4237.742841336984,181.49437556830406,-5386.152436808429,4237.742841336984,38.3532,-88.0701,107
2390,STARLINK-35986,satellite,0,66,42.9993,274.58,99.1841,37.0188,136.2029,6863.1892,483.9975,3064.748838935264,5210.962613724284,3236.7386297098365,2493.404588552772,-5507.245261033074,3236.7386297098365,28.3139,-65.6414,48
2391,STARLINK-36087,satellite,0,66,43.0144,274.5397,123.366,34.0552,157.4212,6866.2141,482.458,1418.304231722218,6465.9290807088255,1796.5866133960342,4467.741720340919,-4884.5787628824655,1796.5866133960342,15.2751,-47.552,4
2392,STARLINK-36090,satellite,0,66,43.0075,274.4461,169.7595,44.2292,213.9888,6864.714,487.4834,-3238.0374165223056,5455.4226895901975,-2616.747810165416,6324.553104204015,-496.5390870790977,-2616.747810165416,-22.5412,-4.4891,4
2393,STARLINK-36072,satellite,0,66,42.9843,275.2022,79.8675,175.7211,255.5886,6859.1449,494.4785,-4997.618547386098,1260.2016697357728,-4532.12197895576,3909.3896315922175,3358.715841208009,-4532.12197895576,-41.5033,40.6672,4
2394,STARLINK-36083,satellite,0,66,42.9942,275.0646,105.7587,192.2959,298.0546,6860.6402,492.8974,-4127.849964298841,-3606.3698424241275,-4130.301114116164,-569.3945290781793,5451.68218427707,-4130.301114116164,-37.1706,95.9626,4
2395,STARLINK-35118,satellite,0,66,43.0213,274.9151,48.8081,326.9567,15.7648,6866.8773,482.4301,1923.2069287499255,-6460.776886393239,1271.570889602177,-6388.73693691119,2150.442563169604,1271.570889602177,10.7477,161.3968,5
2396,STARLINK-35646,satellite,0,66,43.005,274.8756,73.1642,323.748,36.9122,6864.4443,483.5395,3467.2733112636643,-5207.5721541655885,2809.3402676910196,-6254.047579667758,166.37556038663575,2809.3402676910196,24.3161,178.4761,4
2397,STARLINK-35987,satellite,0,66,42.995,274.5949,91.4211,37.6917,129.1128,6862.0875,484.741,3532.2913952980225,4623.482114161882,3628.086975229036,1743.8563815307202,-5550.912923282607,3628.086975229036,32.1066,-72.5595,70
2398,STARLINK-35991,satellite,0,66,43.0188,274.5038,145.2319,33.4229,178.6548,6867.5112,482.588,-421.1991995843299,6846.896251272602,109.88398511791739,5838.950344699913,-3600.563277259553,109.88398511791739,0.9235,-31.6599,7
2399,STARLINK-35974,satellite,0,66,42.992,274.8214,95.2213,323.0286,58.2499,6861.0321,485.4924,4552.766071545929,-3236.7487528531697,3975.7061872920162,-5268.609657441977,-1856.3333937699417,3975.7061872920162,35.6092,-160.5907,9
2400,STARLINK-36134,satellite,0,66,42.9939,274.3935,81.4234,153.7659,235.1893,6861.4796,491.7183,-4409.555075900539,3590.687380553937,-3842.571162626097,5475.388873002761,1535.3594112347314,-3842.571162626097,-34.2138,15.6641,4
2401,STARLINK-36070,satellite,0,66,43.0005,275.0224,72.9109,239.1988,312.1097,6862.6992,490.8299,-3306.635824875343,-4910.653077520349,-3472.5958418588693,-2108.5852588688026,5531.927542203558,-3472.5958418588693,-30.5508,110.8652,8
2402,STARLINK-36117,satellite,0,66,43.0168,274.4821,159.8477,32.9325,192.7802,6867.046,484.0931,-1629.365317417267,6584.55272840477,-1035.529595548518,6320.608138044253,-2461.9258185480994,-1035.529595548518,-8.7334,-21.2813,6
2403,STARLINK-36126,satellite,0,66,42.9865,275.223,75.9224,172.5835,248.5059,6859.7655,493.7694,-4880.951934643903,2079.0574393483516,-4354.123159926792,4511.4600986260575,2791.576508519647,-4354.123159926792,-39.5514,31.7482,4
2404,STARLINK-36101,satellite,0,66,42.9819,275.152,92.4263,177.3116,269.738,6858.5859,494.9437,-5003.329521181911,-419.5985727608294,-4678.996172771727,2539.703504104295,4331.197914091863,-4678.996172771727,-43.1594,59.6137,4
2405,STARLINK-36108,satellite,0,66,42.9849,275.0825,102.0033,188.9075,290.9107,6859.7112,494.8388,-4455.241610777311,-2855.8706568799116,-4371.857184274177,232.6484783297283,5286.875230678341,-4371.857184274177,-39.7365,87.4803,4
2406,STARLINK-36092,satellite,0,66,43.0109,274.9875,9.0789,317.2158,326.2946,6864.7644,487.7303,-2277.843872194585,-5929.653321120625,-2597.7955504174092,-3534.1969604198725,5278.144850203546,-2597.7955504174092,-22.3684,123.8059,9
2407,STARLINK-36114,satellite,0,66,43.0207,274.9513,17.7162,329.7849,347.5011,6867.0808,483.9846,-503.46065117020663,-6767.740597801582,-1013.163829866033,-5241.511557769872,4310.724070985442,-1013.163829866033,-8.5435,140.5654,5
2408,STARLINK-36095,satellite,0,66,43.0216,274.9214,40.9422,327.7643,8.7065,6867.3303,482.3726,1338.1724706211946,-6691.094410444767,708.518004696162,-6239.919164457049,2761.3146853727635,708.518004696162,5.9648,156.1295,5
2409,STARLINK-36082,satellite,0,66,43.0105,274.8863,64.7213,325.1901,29.9114,6865.3312,482.8606,2998.153074803473,-5710.313246708943,2332.9391852973645,-6394.677670190829,839.4621670188166,2332.9391852973645,20.0008,172.5213,4
2410,STARLINK-36128,satellite,0,66,42.9753,274.727,96.6462,349.9078,86.554,6858.6542,486.4917,5023.085384814865,1.9212196905432926,4664.286018699998,-2892.4723511031957,-4106.701130144407,4664.286018699998,43.0572,-125.1582,66
2411,STARLINK-36129,satellite,0,66,42.9954,274.835,91.5093,319.6749,51.1842,6862.0051,484.6462,4255.915974222318,-3953.278326273792,3643.27602358393,-5683.231881598467,-1200.8770480817625,3643.27602358393,32.2575,-168.0688,9
2412,STARLINK-36053,satellite,0,66,42.9873,274.6557,76.8312,31.0437,107.8749,6859.3625,486.5115,4586.297146600645,2484.7136186250673,4448.774769740789,-611.5193030053839,-5180.151293693061,4448.774769740789,40.6371,-96.7326,111
2413,STARLINK-35702,satellite,0,66,42.9829,274.7728,100.5739,331.8483,72.4221,6859.3821,486.4184,4936.703385589807,-1665.3867162352058,4455.704221761977,-4205.469470117649,-3075.4804125233713,4455.704221761977,40.7142,-143.8218,13
2414,STARLINK-35887,satellite,0,3,43.0169,314.6691,137.3813,33.2808,170.6622,6867.2877,482.3183,-4180.093826025993,5386.316279116765,759.3736276496679,6810.833619399897,313.26165087828946,759.3736276496679,6.3947,2.6334,5
2415,STARLINK-35879,satellite,0,3,42.9818,314.8566,89.0271,3.6947,92.7218,6858.6081,487.093,3321.4678203524522,3764.1137003292897,4668.434268061608,1162.921487215127,-4883.473563480904,4668.434268061608,43.1,-76.6054,81
2416,STARLINK-35761,satellite,0,3,42.984,314.3855,109.237,174.5493,283.7862,6858.8602,494.4755,-2340.6929840333337,-4579.561950138031,-4544.4970877811065,-2394.495979018535,4551.661268934561,-4544.4970877811065,-41.6415,117.7475,8
2417,STARLINK-35874,satellite,0,3,42.9934,315.1799,94.761,209.4683,304.2293,6861.2947,491.8986,-187.19320201940687,-5665.306302801671,-3869.4971875959864,-4522.659277000619,3417.058656740743,-3869.4971875959864,-34.4857,142.9274,16
2418,STARLINK-36133,satellite,0,3,42.9852,314.8737,98.246,347.4767,85.7227,6858.5392,486.9833,3904.6391484227897,3165.984851886341,4660.927158947583,338.05057161537053,-5015.514806358381,4660.927158947583,43.0149,-86.144,103
2419,STARLINK-36104,satellite,0,3,43.021,315.0897,19.6464,333.936,353.5824,6867.4394,483.3664,4433.007903260191,-5210.869786873504,-523.2514541799839,-6813.149331886237,-621.0629497374255,-523.2514541799839,-4.4009,-174.7915,5
2420,STARLINK-36067,satellite,0,3,43.0,314.5808,148.5496,71.5929,220.1425,6863.7775,489.1024,-5987.381115655666,1465.498456146513,-3017.5468081054323,4647.4380824367545,4049.4120090445817,-3017.5468081054323,-26.2247,41.0663,4
2421,STARLINK-36139,satellite,0,3,43.0093,314.5927,173.9375,39.1262,213.0637,6864.8546,487.422,-5987.39011650665,2173.4786325502955,-2553.8662736389992,5226.10739582441,3641.5177139077086,-2553.8662736389992,-21.9716,34.8685,4
2422,STARLINK-36136,satellite,0,3,43.0145,314.6833,122.1639,34.3514,156.5153,6866.097,482.4623,-3002.660652549043,5878.196196330855,1864.641347989709,6534.493010059399,-932.5034146906014,1864.641347989709,15.8684,-8.1215,5
2423,STARLINK-36152,satellite,0,3,43.0153,315.0358,64.9594,324.0363,28.9957,6865.4175,482.7613,5962.311683315304,-2519.2246973493216,2268.0515523825993,-5494.252348105909,-3421.818934436138,2268.0515523825993,19.4225,-148.0854,9
2424,STARLINK-36149,satellite,0,3,43.0163,315.1099,13.1871,326.3068,339.494,6866.4033,485.2598,3313.104713801948,-5781.293067168696,-1639.9293444751204,-6634.151564177785,622.932898976252,-1639.9293444751204,-13.9096,174.6358,5
2425,STARLINK-35703,satellite,0,3,42.9902,314.5383,93.2733,141.0322,234.3054,6861.5761,492.1671,-5715.187809281732,-5.35314963535155,-3800.9638182809467,3288.420990409877,4674.364955949125,-3800.9638182809467,-33.7913,54.8736,4
2426,STARLINK-35678,satellite,0,3,42.9946,314.7411,91.3757,36.8345,128.2102,6861.9417,484.4568,-186.39441344174497,5786.0899848486615,3673.841112582543,4836.623137704731,-3181.297976290106,3673.841112582543,32.5618,-33.335,4
2427,STARLINK-34846,satellite,0,3,43.0192,314.6315,160.3518,31.4507,191.8025,6867.0495,483.9326,-5448.922313164173,4058.9010522982294,-957.5109383054971,6456.910802688035,2115.120567101702,-957.5109383054971,-8.0711,18.1375,4
2428,STARLINK-35778,satellite,0,3,42.9794,314.4549,82.8603,179.7119,262.5722,6858.7463,495.0847,-4175.517455529306,-2853.788905285966,-4639.778406614544,73.1873609065589,5057.044665371934,-4639.778406614544,-42.7109,89.1709,4
2429,STARLINK-35780,satellite,0,3,42.9905,314.3361,102.1919,195.6619,297.8539,6860.6617,492.1723,-933.6196394141697,-5394.964589819209,-4137.247108854519,-3871.644398743049,3871.3896996020135,-4137.247108854519,-37.2481,135.0019,16
2430,STARLINK-35777,satellite,0,3,42.997,315.1648,67.9061,243.3367,311.2428,6862.3337,490.4944,547.3117177122717,-5866.534945396849,-3519.21049768883,-5110.316362452466,2932.652222401791,-3519.21049768883,-31.0068,150.1498,16
2431,STARLINK-35772,satellite,0,3,42.9963,314.8042,89.98,31.9609,121.9408,6858.4253,481.9811,462.9920544944052,5569.635652996207,3965.7927083419804,4285.562270297926,-3587.3610045617543,3965.7927083419804,35.5282,-39.932,5
2432,STARLINK-35770,satellite,0,3,43.008,315.0187,74.0129,322.2325,36.2454,6864.0738,483.085,6007.934171983746,-1812.2948681131197,2765.6436044294196,-4942.7320408957685,-3866.4047480549048,2765.6436044294196,23.9162,-141.966,9
2433,STARLINK-35787,satellite,0,3,42.9872,314.5221,77.2647,164.0882,241.3529,6860.6161,492.9182,-5448.582579919066,-743.455229284918,-4106.842292408099,2531.532694234353,4881.7128168472955,-4106.842292408099,-36.9247,62.5899,4
2434,STARLINK-36107,satellite,0,3,43.0044,315.1383,356.5674,321.7533,318.3207,6863.5236,488.1281,1278.8507214365293,-5980.322195642795,-3112.117781569558,-5624.7948466069565,2400.2907459306707,-3112.117781569558,-27.1157,156.8904,14
2435,STARLINK-36086,satellite,0,3,43.0202,315.0572,48.5457,326.3216,14.8673,6866.8848,482.2224,5601.838151893583,-3772.656431162965,1200.8220337424489,-6311.052381541638,-2405.0249614179493,1200.8220337424489,10.1437,-159.1391,9
2436,STARLINK-36142,satellite,0,3,42.9871,314.9213,104.851,326.7343,71.5853,6859.3774,486.433,4898.354793840633,1826.4480999827917,4435.021165705167,-1329.340915525228,-5055.95145136727,4435.021165705167,40.4862,-104.7311,112
2437,STARLINK-36113,satellite,0,3,42.9813,314.4002,96.8942,179.7468,276.6409,6858.7621,495.1753,-3008.0475348060163,-4056.665503201814,-4647.848347053797,-1582.6138683076333,4795.854284729731,-4647.848347053797,-42.802,108.2627,8
2438,STARLINK-36145,satellite,0,3,42.9886,314.9417,100.1189,324.3319,64.4508,6860.1557,485.9429,5291.378210176663,1103.209160040369,4217.640212043848,-2146.9165345411525,-4960.4942503386865,4217.640212043848,38.1384,-113.4031,92
2439,STARLINK-35591,satellite,0,3,43.0218,315.0636,40.0471,327.7528,7.7999,6867.3218,482.3451,5292.190973147563,-4318.89975026642,635.2221421933612,-6579.1189521635515,-1837.2191383714303,635.2221421933612,5.3459,-164.3976,4
2440,STARLINK-36103,satellite,0,3,43.022,315.0674,35.6466,325.081,0.7276,6867.528,483.2815,4902.060395044976,-4800.553233451381,59.44888854164242,-6748.022954478974,-1240.8439344631047,59.44888854164242,0.4995,-169.5807,4
2441,STARLINK-36135,satellite,0,3,42.9847,314.8012,78.6529,28.3255,106.9784,6859.2605,485.9327,1992.5719643629834,4799.891670230281,4470.0195205262635,2775.1507674336513,-4394.068877148356,4470.0195205262635,40.8759,-57.7248,30
2442,STARLINK-36147,satellite,0,3,43.0108,314.6897,114.6255,34.8119,149.4375,6865.2178,482.9628,-2340.363929396009,5991.899085345568,2378.885105143016,6245.846306118408,-1539.338134176509,2378.885105143016,20.4115,-13.8451,4
2443,STARLINK-36138,satellite,0,36,43.01,329.4875,111.67,33.3193,144.9893,6864.5571,482.8832,-3378.226314525385,5330.405740645082,2683.813249745685,6303.140724142918,-309.9280621449248,2683.813249745685,23.168,-2.815,6
2444,STARLINK-36150,satellite,0,36,43.0144,328.981,44.1963,327.047,11.2434,6867.2974,482.5398,6270.415045255327,-2629.2462742364055,912.4861259799144,-5761.691206446797,-3610.256950952941,912.4861259799144,7.6908,-147.9289,8
2445,STARLINK-36131,satellite,0,36,42.9921,329.0967,82.8782,224.7574,307.6355,6862.0254,491.0895,1554.14655818602,-5563.310003433779,-3706.0186913920516,-5442.563233201193,1935.018132016952,-3706.0186913920516,-32.8464,160.428,18
2446,STARLINK-36137,satellite,0,36,43.007,329.0434,18.8354,310.0358,328.8712,6865.3918,487.7466,3703.499831339131,-5247.004637539181,-2420.0698825560517,-6422.379060309985,-3.9840655720096474,-2420.0698825560517,-20.7655,-179.9645,7
2447,STARLINK-36140,satellite,0,36,42.988,329.7372,99.54,320.4619,60.0019,6860.9259,485.0289,5149.326725503192,2023.8381956897304,4048.327646452281,-1312.6021671799544,-5374.8081192753825,4048.327646452281,36.3635,-103.7238,112
2448,STARLINK-36085,satellite,0,36,42.9959,329.7713,87.381,318.4675,45.8486,6863.007,483.4511,5937.98992883581,704.4360225461163,3354.8412027895747,-2845.396116863317,-5259.246661163104,3354.8412027895747,29.4473,-118.4146,58
2449,STARLINK-36125,satellite,0,36,43.0133,329.379,175.586,33.1421,208.7281,6865.4636,486.1105,-6406.610964881827,989.606336320062,-2249.9383335282923,4500.008600976073,4666.251959267764,-2249.9383335282923,-19.2516,46.039,4
2450,STARLINK-35732,satellite,0,36,42.9843,329.6407,87.74,0.7894,88.5294,6858.4003,487.4816,2685.7704816614355,4237.1224045438785,4672.634017360467,1915.788843538221,-4636.412671260625,4672.634017360467,43.145,-67.5493,59
2451,STARLINK-35775,satellite,0,36,42.9835,329.1787,93.1715,186.1914,279.3629,6858.9018,495.3795,-1579.4609013300994,-4826.758014724309,-4617.322695350036,-3035.1231239725475,4071.893575950011,-4617.322695350036,-42.454,126.7002,13
2452,STARLINK-35705,satellite,0,36,42.9879,329.2704,75.3348,175.7739,251.1087,6859.5967,494.2291,-4337.44928525986,-2947.665967589301,-4427.713184643261,89.75417009640242,5243.4859728653555,-4427.713184643261,-40.3505,89.0193,4
2453,STARLINK-35786,satellite,0,36,42.9815,329.5992,84.2852,18.2207,102.5059,6858.9903,486.3313,1197.2867114226465,4973.931440457025,4562.579717477451,3375.6036535514486,-3844.319109783456,4562.579717477451,41.905,-48.7144,10
2454,STARLINK-35765,satellite,0,36,43.0215,329.4429,128.8203,37.4751,166.2954,6867.16,481.0575,-5134.010742741482,4410.634683950511,1108.6413985664997,6562.9627626251795,1655.0783661952212,1108.6413985664997,9.3594,14.154,5
2455,STARLINK-35773,satellite,0,36,43.0242,329.4221,154.2037,26.3386,180.5423,6867.3291,482.1843,-5930.196811400686,3448.8837831228657,-44.30493027067421,6235.601713506553,2859.948398476603,-44.30493027067421,-0.3723,24.6385,4
2456,STARLINK-35901,satellite,0,36,43.0058,329.4947,103.6761,34.2969,137.9731,6863.733,483.5137,-2684.5163018281637,5478.113207381076,3131.2144723362985,6024.188778376036,-962.0299632300347,3131.2144723362985,27.3156,-9.0732,8
2457,STARLINK-35884,satellite,0,36,43.0192,329.0061,18.0761,332.1283,350.2044,6867.1156,483.2062,5356.2285878142,-4213.152792352707,-796.3783738744223,-6529.582364129584,-1950.4859104016691,-796.3783738744223,-6.7068,-163.3683,4
2458,STARLINK-35891,satellite,0,36,42.9871,329.7115,99.1235,327.9505,67.074,6860.0442,486.1114,4635.638909956843,2641.4792707432916,4305.266803324225,-511.81584394718897,-5310.800823148709,4305.266803324225,39.0757,-95.5047,118
2459,STARLINK-35721,satellite,0,36,42.9858,329.5696,77.8077,31.8274,109.6351,6859.7451,486.4961,406.05322691942814,5239.677134789859,4402.586895283782,4048.6775073741287,-3350.7172577247043,4402.586895283782,40.13,-39.6114,5
2460,STARLINK-35779,satellite,0,36,43.0048,329.3522,155.5728,67.2479,222.8208,6863.6198,489.3894,-6069.6517893593045,-368.7779295524672,-3181.652977536902,3195.601385611671,5173.470961518425,-3181.652977536902,-27.7668,58.2968,4
2461,STARLINK-35905,satellite,0,36,43.0189,329.4578,124.7773,34.3954,159.1727,6866.5086,482.581,-4615.561014394183,4793.758363975426,1663.9081239260793,6577.403038992713,1010.5899229802552,1663.9081239260793,14.1228,8.7349,5
2462,STARLINK-35877,satellite,0,36,42.9805,329.6669,102.7659,338.5639,81.3298,6858.657,487.0223,3395.8828643301763,3757.379876118172,4620.268744629073,1114.543519834975,-4940.416652884956,4620.268744629073,42.5514,-77.2871,85
2463,STARLINK-36078,satellite,0,36,42.9849,329.1511,101.2626,185.1823,286.4449,6859.4507,494.7377,-801.1735247171914,-5130.689198674698,-4488.27566219028,-3731.9488211389853,3610.8736708038286,-4488.27566219028,-41.0141,135.9447,15
2464,STARLINK-35706,satellite,0,36,43.0213,329.4092,156.2577,31.2057,187.4634,6867.2534,483.098,-6187.710477322153,2901.165419351209,-608.0372355685514,5936.292881906548,3385.9929949465727,-608.0372355685514,-5.116,29.6999,4
2465,STARLINK-35720,satellite,0,36,43.0014,329.3309,105.6674,124.1854,229.8527,6862.3312,490.5269,-5762.848835937754,-1042.8644857512934,-3577.775597709367,2467.8760090607107,5311.08096769509,-3577.775597709367,-31.5804,65.0773,4
2466,STARLINK-35739,satellite,0,36,42.9983,329.5066,93.7968,37.1689,130.9657,6862.3072,484.3128,-1952.0449344205365,5544.08831610889,3530.971675459584,5656.100997509002,-1598.7232996330697,3530.971675459584,31.153,-15.7832,8
2467,STARLINK-35754,satellite,0,36,43.0097,329.3633,202.6371,13.1168,215.7539,6864.4711,487.7709,-6285.967737010416,315.1620698963886,-2735.1704333683742,3879.2464813425117,4956.224798980467,-2735.1704333683742,-23.6196,51.9496,4
2468,STARLINK-35790,satellite,0,36,42.9907,329.5486,86.8781,29.8051,116.6832,6860.5067,484.9837,-383.07253994746725,5422.414006962446,4176.589397699384,4652.690149046325,-2811.012737561254,4176.589397699384,37.7091,-31.1391,4
2469,STARLINK-36143,satellite,0,36,42.9921,329.2911,91.5236,152.5882,244.1118,6860.341,493.529,-4883.030024726535,-2352.841046828711,-4210.593245201521,890.2668787952202,5346.706285045314,-4210.593245201521,-38.0138,80.5465,4
2470,STARLINK-36141,satellite,0,36,42.9859,329.2233,92.7813,172.4662,265.2475,6858.776,494.0621,-3048.3110228074192,-4007.2006430750143,-4662.759904732505,-1518.9862627613531,4800.264348884582,-4662.759904732505,-42.9807,107.5594,8
2471,STARLINK-35767,satellite,0,36,42.9838,329.6868,100.8449,333.3937,74.2386,6859.1534,486.4832,4043.59921539655,3226.7246243605423,4498.212507501954,307.6343055352097,-5164.088259341444,4498.212507501954,41.1846,-86.5908,108
2472,STARLINK-36255,satellite,0,21,43.0072,100.4665,71.8001,325.3158,37.1159,6864.4258,483.3737,-3969.234383963284,4827.860239990236,2822.65525870988,6232.895980686245,462.6702774765432,2822.65525870988,24.4394,4.2453,7
2473,STARLINK-36256,satellite,0,21,42.9863,100.367,98.7119,333.7387,72.4506,6859.4705,486.6019,-5075.564201509803,1172.9716272677854,4456.803888415464,3883.0008484509513,3472.681789763103,4456.803888415464,40.725,41.8072,5
2474,STARLINK-36258,satellite,0,21,43.0229,100.5268,21.4631,333.2913,354.7544,6867.2695,482.923,-797.3548535806275,6801.033483215588,-427.9789156831711,6018.186117416491,-3266.6905360752426,-427.9789156831711,-3.5987,-28.4933,7
2475,STARLINK-36261,satellite,0,21,42.9925,100.4123,94.2664,324.0334,58.2998,6861.0802,485.0394,-4847.433432226209,2772.2044637853805,3977.613958918389,5058.688790295235,2364.824769795278,3977.613958918389,35.6316,25.055,9
2476,STARLINK-36259,satellite,0,21,43.008,100.0347,168.24,45.7475,213.9875,6864.6585,487.6418,3753.915432445003,-5114.373363226558,-2616.7482934574628,-6343.020406585594,-121.6063076850944,-2616.7482934574628,-22.5407,-178.9017,7
2477,STARLINK-36196,satellite,0,21,42.9984,100.4253,88.6806,322.5546,51.2352,6862.1106,484.4005,-4622.315846932506,3514.600660890976,3645.9527984169526,5535.781545204398,1753.0956272015126,3645.9527984169526,32.2853,17.5722,9
2478,STARLINK-36208,satellite,0,21,42.9957,99.9939,107.155,121.0608,228.2158,6862.5792,490.9155,4480.080928056711,-3854.336094549717,-3490.0803343715124,-5731.514214798445,-1441.102583874447,-3490.0803343715124,-30.7205,-165.8864,4
2479,STARLINK-35764,satellite,0,21,43.0007,100.165,101.9776,34.2557,136.2333,6863.5273,483.8747,-2540.592350795327,-5486.527616406476,3234.9781632895574,-3020.628219511057,5237.594861957548,3234.9781632895574,28.2977,119.9729,6
2480,STARLINK-35781,satellite,0,21,43.0085,100.5749,6.4598,319.9681,326.4279,6864.6866,487.3735,1678.5288866574856,6129.89369088767,-2588.483627863573,4043.1568204772207,-4903.665854231568,-2588.483627863573,-22.2852,-50.4938,13
2481,STARLINK-35875,satellite,0,21,43.0109,100.1265,114.6152,35.9295,150.5447,6865.2867,482.9007,-1377.7460701309917,-6312.651457968565,2300.639116641883,-4365.828526822448,4763.11808985851,2300.639116641883,19.7124,132.5081,7
2482,STARLINK-35906,satellite,0,21,43.0132,100.5555,2.6475,330.8974,333.5449,6865.5546,485.9729,1072.053452402209,6449.071086956674,-2085.4174585428473,4653.45475723751,-4591.859679015858,-2085.4174585428473,-17.7959,-44.6183,14
2483,STARLINK-35789,satellite,0,21,43.0233,100.5165,29.2143,331.6027,0.817,6864.9225,480.0358,-1321.904467514516,6729.236473616598,66.71866064302036,6261.721608765849,-2796.586746983116,66.71866064302036,0.5609,-24.0663,6
2484,STARLINK-36180,satellite,0,21,43.0198,100.4945,50.5822,325.2672,15.8494,6866.8662,481.9064,-2548.582723894909,6238.683273428018,1278.0930760959202,6567.5190799102675,-1511.3358401429855,1278.0930760959202,10.8044,-12.9594,4
2485,STARLINK-35892,satellite,0,21,43.0175,100.0884,146.1909,32.6475,178.8385,6867.3582,482.1589,1101.3464742805002,-6770.645341724475,94.87473585724524,-6168.492807379538,3000.716395318343,94.87473585724524,0.7974,154.059,5
2486,STARLINK-35738,satellite,0,21,42.991,99.981,82.5161,152.7656,235.2817,6861.5202,492.265,4741.742147984397,-3134.741624827571,-3846.966168332497,-5294.11289695891,-2069.5633082009394,-3846.966168332497,-34.2552,-158.6486,4
2487,STARLINK-35674,satellite,0,21,42.9834,100.2897,87.4341,6.2333,93.6674,6858.6164,487.5766,-4846.261334063966,-1325.5093358923968,4664.61458284125,1708.7671954397474,4724.758045590307,4664.61458284125,43.0525,70.1168,4
2488,STARLINK-35701,satellite,0,21,43.0183,100.0902,138.2968,33.4318,171.7286,6867.2565,482.1952,478.9758192657666,-6810.180919700788,673.3032125055978,-5842.229155854089,3532.1863604552914,673.3032125055978,5.6675,148.843,5
2489,STARLINK-36179,satellite,0,21,42.9894,100.2209,80.015,35.0047,115.0197,6860.2079,485.6962,-3957.5911983554142,-3659.7825552746085,4235.958662670289,-711.145465209465,5343.295665832521,4235.958662670289,38.3352,97.581,4
2490,STARLINK-36217,satellite,0,21,42.9988,100.6007,63.4154,248.8335,312.2489,6862.539,490.265,2803.1955458658936,5219.064687487612,-3464.5803360783793,2650.720292396826,-5298.133955650634,-3464.5803360783793,-30.4757,-63.4206,15
2491,STARLINK-36124,satellite,0,21,43.0117,100.4712,67.0265,322.9593,29.9857,6865.274,482.5889,-3544.1903022381994,5385.820805329025,2338.155607131502,6444.053843089537,-206.20551146186165,2338.155607131502,20.0483,-1.8328,5
2492,STARLINK-36188,satellite,0,21,43.0194,100.5367,19.6398,327.9356,347.5754,6867.2326,484.3414,-164.20433215566453,6785.698914244332,-1007.2661236501013,5640.863817310481,-3775.3580243511765,-1007.2661236501013,-8.4929,-33.7939,10
2493,STARLINK-36151,satellite,0,21,43.0125,100.119,122.8104,34.7738,157.5842,6866.1306,482.3308,-768.7000775631221,-6578.1320241316,1784.197553346804,-4933.718645893881,4418.273538307728,1784.197553346804,15.1675,138.1547,5
2494,STARLINK-36195,satellite,0,21,42.9797,99.8429,94.7804,182.7929,277.5733,6858.7479,495.3353,4749.730964158545,1742.1942138899378,-4638.420394145781,-1312.5760334696179,-4885.931750153619,-4638.420394145781,-42.6936,-105.0371,4
2495,STARLINK-36219,satellite,0,21,42.9799,100.308,92.4273,354.3226,86.7499,6858.4738,486.5975,-4995.591498752523,-513.5648573089786,4665.687875971336,2458.4423726243376,4379.01180468339,4665.687875971336,43.0724,60.6895,4
2496,STARLINK-36223,satellite,0,21,42.9946,100.173,89.7457,39.4496,129.1953,6862.1774,484.1251,-3060.0678844715144,-4951.237019732177,3623.48856432486,-2283.816071614068,5353.778818197258,3623.48856432486,32.0643,113.1021,5
2497,STARLINK-36164,satellite,0,21,43.01,100.0349,163.7057,43.3156,207.0213,6865.6896,486.6683,3310.320136449182,-5622.7888504423945,-2126.797407093567,-6502.994589613066,533.8869074096388,-2126.797407093567,-18.1591,175.3066,5
2498,STARLINK-35685,satellite,0,21,43.017,100.067,159.8355,33.119,192.9545,6866.9456,484.0452,2276.2550028468413,-6387.492808248644,-1049.403941996563,-6532.246640827139,1819.6579450039449,-1049.403941996563,-8.8514,164.434,5
2499,STARLINK-36214,satellite,0,21,42.9889,100.6366,103.3418,194.823,298.1648,6860.456,492.7152,3751.852517316529,4000.7033469882754,-4125.54860192255,1108.3314172178475,-5371.55713475203,-4125.54860192255,-37.1219,-78.3416,12
2500,STARLINK-36194,satellite,0,21,42.9875,100.2382,77.83,30.1109,107.941,6859.4557,486.7996,-4319.92075323047,-2926.2956349478063,4447.318319188067,97.12207091722564,5216.846629971658,4447.318319188067,40.619,88.9334,4
2501,STARLINK-36490,satellite,0,58,42.9912,256.2764,102.6896,197.5115,300.201,6860.8325,492.5919,-5033.981951335819,-2324.587358822719,-4044.7406186591825,1000.3306045105342,5453.807785103244,-4044.7406186591825,-36.2797,79.6064,4
2502,STARLINK-36488,satellite,0,58,42.9898,256.907,94.7046,324.931,59.6355,6860.8255,485.5978,3429.6480627599617,-4356.023303751174,4033.8034926908663,-5536.36057294757,-293.49014213105676,4033.8034926908663,36.2092,-176.9655,3
2503,STARLINK-36481,satellite,0,58,43.0024,256.6576,101.3975,36.1389,137.5364,6863.4975,484.4615,4462.167930033277,4141.276334344504,3157.8020313834654,813.9809648990786,-6033.120859223796,3157.8020313834654,27.5627,-82.3161,77
2504,STARLINK-36449,satellite,0,58,43.0226,256.589,148.8378,31.2007,180.0385,6867.6134,482.8803,1588.0238258908478,6674.708188474666,-3.1451187872442996,4540.602626818224,-5143.5859921089295,-3.1451187872442996,-0.0264,-48.5629,7
2505,STARLINK-36482,satellite,0,58,43.0161,256.5546,165.7906,35.4364,201.2271,6866.3725,485.0353,-279.47720214921804,6643.370780389125,-1694.894472734994,5590.946895214898,-3599.1381811672723,-1694.894472734994,-14.386,-32.7712,8
2506,STARLINK-36491,satellite,0,58,42.9828,256.836,97.5671,343.353,80.9201,6858.5549,487.0332,4575.804120041717,-2181.278953283428,4615.331227741845,-4419.199924317068,-2483.2706751266614,4615.331227741845,42.4953,-150.6672,2
2507,STARLINK-36495,satellite,0,58,42.9864,256.4159,79.7086,178.0542,257.7628,6858.9736,495.0276,-4427.828739186018,2566.5864773130857,-4573.467017848677,4648.873360604915,2140.329405990113,-4573.467017848677,-41.9621,24.7212,4
2508,STARLINK-36485,satellite,0,58,43.014,256.1909,19.6073,315.9591,335.5664,6865.9315,486.0652,-3506.844924272113,-5571.904457506402,-1936.4195014655406,-2533.705679683959,6076.546398671703,-1936.4195014655406,-16.4871,112.6344,7
2509,STARLINK-36445,satellite,0,58,43.0032,256.9591,74.0561,324.3365,38.3925,6863.9795,483.4104,1821.4811358130985,-5939.06946285704,2904.7647509467442,-5903.7127773210905,1933.0067396829434,2904.7647509467442,25.1982,161.8704,2
2510,STARLINK-36476,satellite,0,58,43.017,256.6195,124.4326,34.3586,158.7913,6866.3335,482.5924,3244.9729841757908,5801.364087908072,1692.9217696242467,2872.130485609514,-5994.709452686815,1692.9217696242467,14.3742,-64.4004,9
2511,STARLINK-36463,satellite,0,58,42.9846,256.3664,91.7366,180.2036,271.9402,6858.5328,495.0731,-4931.230205191141,956.9499745537909,-4676.69818334574,3623.2788069872563,3479.1716366435517,-4676.69818334574,-43.1321,43.8376,4
2512,STARLINK-36461,satellite,0,58,42.9858,256.2925,108.2736,184.8763,293.15,6859.9464,493.7292,-5124.395105625789,-1527.4882967351787,-4302.805862233132,1703.9270114964497,5068.4591775723375,-4302.805862233132,-38.9976,71.4183,3
2513,STARLINK-36450,satellite,0,58,43.0098,256.9744,66.4507,324.8759,31.3266,6865.1465,482.9193,1219.8958657585808,-6295.463061640079,2432.2920065155868,-5848.406942731865,2630.045116718585,2432.2920065155868,20.8907,155.7864,3
2514,STARLINK-36498,satellite,0,58,42.9996,256.6755,93.7693,36.7365,130.5058,6862.3157,484.7582,4736.93920580206,3455.1862883441704,3555.7375980642514,94.89959488841396,-5862.414126749853,3555.7375980642514,31.3936,-89.0726,105
2515,STARLINK-36470,satellite,0,58,42.9844,256.7375,79.9495,29.1962,109.1457,6859.587,486.7763,5127.518615379201,1101.6476491236294,4415.870433709959,-2053.785383063954,-4825.664751533483,4415.870433709959,40.2735,-113.0544,92
2516,STARLINK-36500,satellite,0,58,43.0152,257.0096,43.4269,326.652,10.0789,6867.2906,482.4084,-662.9346672999745,-6778.834990214764,819.021241038398,-5158.698804435757,4447.4613930624755,819.021241038398,6.8992,139.2344,3
2517,STARLINK-36462,satellite,0,58,42.9821,256.8571,100.3452,333.4676,73.8128,6859.2376,486.6332,4255.757717582702,-2956.2963837988063,4488.630266035318,-4868.262397547969,-1775.1572573288042,4488.630266035318,41.077,-159.9662,4
2518,STARLINK-36434,satellite,0,58,42.992,256.9201,89.3638,323.1884,52.5522,6861.8842,484.8995,2934.909495561235,-4962.106023014254,3711.98296271516,-5746.6964751348905,460.07559535587507,3711.98296271516,32.9394,175.4227,3
2519,STARLINK-36497,satellite,0,58,43.0208,256.5961,149.917,23.0428,172.9597,6867.3399,482.0206,2176.2320276425476,6480.326894249702,573.653305748991,4042.8308092437837,-5512.362609834591,573.653305748991,4.8267,-53.7432,5
2520,STARLINK-36471,satellite,0,58,42.9877,256.4368,77.5285,173.1938,250.7223,6859.5287,493.5865,-4075.1754630222013,3313.8620759686764,-4416.996513589637,5056.47478512688,1421.5483320442215,-4416.996513589637,-40.2376,15.7025,3
2521,STARLINK-36473,satellite,0,58,42.9979,256.4934,113.3297,116.1951,229.5248,6862.2786,490.6974,-2672.1805503603514,5223.512703310374,-3560.3315998893167,5808.9850805262195,-825.4248539950711,-3560.3315998893167,-31.4083,-8.0873,4
2522,STARLINK-36430,satellite,0,58,43.0142,256.1665,19.8923,329.7897,349.682,6867.2587,483.7496,-2486.627034375447,-6339.942928134116,-838.3893853228253,-3749.2550733645107,5685.18044875755,-838.3893853228253,-7.0618,123.404,3
2523,STARLINK-36501,satellite,0,58,43.0008,256.2341,41.2424,273.121,314.3634,6862.919,489.8214,-4627.0276050825105,-3806.8830904733504,-3346.200870139154,-445.6826463751057,5975.2079713971125,-3346.200870139154,-29.3341,94.2657,2
2524,STARLINK-36489,satellite,0,58,42.9815,256.7569,78.7642,23.3962,102.1603,6858.9225,486.8079,5103.148928140768,282.5517545030559,4568.900279492839,-2709.2288418417293,-4333.825510941799,4568.900279492839,41.9725,-122.011,68
2525,STARLINK-36496,satellite,0,58,43.0231,256.5734,157.6784,29.4329,187.1113,6867.3733,483.3802,976.9311414434671,6766.686135767785,-579.5504762131502,4967.8604289156,-4697.105329235071,-579.5504762131502,-4.8755,-43.3953,8
2526,STARLINK-36483,satellite,0,58,42.985,256.8776,99.0743,327.6491,66.7234,6859.8772,485.6763,3871.43300653023,-3684.1946404437267,4293.628572162816,-5241.778399732282,-1041.6539160518003,4293.628572162816,38.9533,-168.7605,4
2527,STARLINK-36494,satellite,0,58,43.0204,256.603,133.8603,31.9041,165.7644,6866.9708,482.2454,2740.3165716530566,6182.448329394648,1150.8907705912693,3474.364811748965,-5801.792086363627,1150.8907705912693,9.7177,-59.085,10
2528,STARLINK-36492,satellite,0,58,43.0124,256.9828,60.2522,323.9795,24.2318,6866.001,482.7927,596.7439690338065,-6557.828474126782,1920.4278080575198,-5703.822053245963,3290.536680474968,1920.4278080575198,16.3552,150.0193,3
2529,STARLINK-36427,satellite,0,58,43.0088,256.6119,117.8645,33.825,151.6895,6865.4789,482.5664,3711.936772644052,5323.302694033303,2218.6478089381208,2212.348904588755,-6100.945705443894,2218.6478089381208,18.9839,-70.0681,19
2530,STARLINK-35343,satellite,0,5,43.0184,158.4201,17.4894,320.807,338.2964,6866.3211,485.2244,-5246.264426997844,4070.196454796888,-1731.2359311966122,6349.382025964476,1942.9713088420551,-1731.2359311966122,-14.7008,17.0146,4
2531,STARLINK-36486,satellite,0,5,42.9794,158.1369,79.2181,19.6012,98.8193,6858.6559,486.7266,-870.1045064460211,-4990.85473229316,4618.1330704938,-3577.9413299088073,3586.6486656377565,4618.1330704938,42.5294,134.9304,7
2532,STARLINK-36480,satellite,0,5,42.989,158.522,101.0955,194.8598,295.9553,6860.3755,493.7449,-1142.5713958671133,5300.803881249924,-4208.093308672763,4990.876765927285,-2120.174589380598,-4208.093308672763,-37.9859,-23.0163,4
2533,STARLINK-36410,satellite,0,5,43.0218,158.7979,166.6311,30.3744,197.0055,6866.6512,484.6182,6648.3313505273145,-1005.2721253542833,-1369.229697360012,-4652.079772379338,-4854.7951124468345,-1369.229697360012,-11.5802,-133.7785,4
2534,STARLINK-36413,satellite,0,5,42.994,158.7048,81.6895,157.7495,239.4391,6860.8406,493.4544,4821.910229714309,2760.513810233174,-4030.6241740024825,-521.843470893246,-5531.630333979094,-4030.6241740024825,-36.1282,-95.3892,4
2535,STARLINK-36451,satellite,0,5,43.006,158.4599,20.5527,296.6435,317.1962,6863.4314,489.2644,-3431.44487048316,5020.612809595417,-3180.6509724796833,6080.594776483752,-87.94343203045733,-3180.6509724796833,-27.7578,-0.8286,4
2536,STARLINK-36339,satellite,0,5,43.0202,158.3873,34.0836,325.4405,359.524,6867.6075,482.5138,-6362.745627059442,2565.6337859142614,-38.882101589035514,5762.893968633853,3722.373133415344,-38.882101589035514,-0.3268,32.8593,4
2537,STARLINK-36453,satellite,0,5,43.0135,158.3532,56.4601,324.3385,20.7986,6866.5367,481.8486,-6616.480904682751,710.0195205296466,1661.375299007246,4392.405919094383,4998.871625023917,1661.375299007246,14.1024,48.6949,5
2538,STARLINK-36432,satellite,0,5,43.0058,158.0179,105.2335,35.9853,141.2188,6863.841,483.3164,3781.3819380647565,-4913.669982975949,2929.6409418773073,-6194.801265833438,-259.69085457457294,2929.6409418773073,25.4294,-177.5995,4
2539,STARLINK-36458,satellite,0,5,42.9915,158.2768,89.7989,326.3919,56.1909,6861.4526,484.2071,-5085.786053243651,-2458.7394067015707,3884.158377015202,920.5289364920485,5573.441102812125,3884.158377015202,34.6792,80.6215,4
2540,STARLINK-36422,satellite,0,5,42.9912,158.0689,85.1013,34.9536,120.055,6860.7111,485.3458,1564.0312189616197,-5308.956075978554,4046.4410834945425,-5240.363328691574,1780.3933424557463,4046.4410834945425,36.342,161.235,4
2541,STARLINK-35676,satellite,0,5,42.9821,158.2097,94.5917,342.9047,77.4965,6858.9861,487.0783,-3195.827517835239,-3995.626798554659,4563.1691329673595,-1424.5350438139935,4914.16798105508,4563.1691329673595,41.9061,106.166,4
2542,STARLINK-36472,satellite,0,5,42.9886,158.6604,80.632,172.9283,253.5603,6859.3188,494.6141,3561.5649313206522,3778.394792377806,-4488.623033905805,1036.2624994251632,-5087.943788935361,-4488.623033905805,-41.0189,-78.488,12
2543,STARLINK-36420,satellite,0,5,42.9993,158.4764,74.1251,235.9602,310.0853,6862.3559,490.9332,-2702.2791910543315,5193.971107182484,-3581.0977733336504,5802.180685642704,-783.8035339333786,-3581.0977733336504,-31.611,-7.6934,4
2544,STARLINK-36467,satellite,0,5,42.9862,158.54,96.6455,192.2377,288.8832,6859.5196,495.1544,-329.3452034160978,5234.548065705449,-4428.3836408907755,4468.183923201203,-2746.687849690997,-4428.3836408907755,-40.3512,-31.5799,4
2545,STARLINK-36457,satellite,0,5,43.0216,158.3633,49.1879,324.5338,13.7217,6867.1607,481.6966,-6632.601884522889,1351.24680521275,1110.1001021224747,4925.797974625862,4642.605949286026,1110.1001021224747,9.371,43.3047,4
2546,STARLINK-36475,satellite,0,5,42.9818,158.1595,84.8668,6.8535,91.7203,6858.4849,487.0694,-1673.8679589390636,-4729.594866378977,4671.570395651847,-2901.3148248434195,4093.076328531511,4671.570395651847,43.1361,125.3303,7
2547,STARLINK-36478,satellite,0,5,42.9975,158.0322,97.6198,36.6294,134.2492,6862.7657,483.8741,3093.3856802688038,-5121.343314058185,3349.589757488082,-5968.154096206615,422.2901742555379,3349.589757488082,29.3947,175.9527,4
2548,STARLINK-36479,satellite,0,5,43.0196,157.9645,145.489,24.1337,169.6228,6867.1238,481.7882,5915.583273167246,-3368.881247328168,842.9929448333135,-6161.79246614898,-2894.0974282987036,842.9929448333135,7.1028,-154.8413,9
2549,STARLINK-36474,satellite,0,5,43.0212,158.8059,158.6269,31.4207,190.0477,6867.1356,483.5359,6615.562167884808,-1626.5485761400087,-816.7341550507641,-5140.997122289116,-4470.063943201132,-816.7341550507641,-6.8787,-138.9933,4
2550,STARLINK-36448,satellite,0,5,43.0124,158.4282,10.6559,320.6689,331.3248,6865.5244,486.8452,-4713.979051089552,4452.941690386755,-2246.3550913263516,6355.541596303796,1287.3924070569155,-2246.3550913263516,-19.2176,11.451,4
2551,STARLINK-36477,satellite,0,5,43.0095,158.769,171.3739,39.7862,211.1601,6865.1845,487.1537,6414.229500729167,293.74893705106945,-2422.1623732011253,-3455.4538649720816,-5411.882030596424,-2422.1623732011253,-20.7862,-122.558,4
2552,STARLINK-36429,satellite,0,5,42.9977,158.7206,88.107,144.3022,232.4092,6861.7953,491.7336,5345.044547559072,2187.0219090454116,-3708.978092003498,-1291.9872704959619,-5628.795158727309,-3708.978092003498,-32.8724,-102.9273,4
2553,STARLINK-36456,satellite,0,5,43.0167,158.3917,24.2354,328.4004,352.6358,6867.2453,483.1781,-6089.564347632121,3103.6505155862965,-599.9586750047821,6045.246346560071,3189.11227087624,-599.9586750047821,-5.0478,27.8135,4
2554,STARLINK-36466,satellite,0,5,42.9866,158.0857,80.1465,32.8169,112.9634,6859.8869,486.0038,758.0562838199792,-5282.206209041644,4303.9660378945055,-4754.138279810742,2423.7411125603353,4303.9660378945055,39.0624,152.9867,6
2555,STARLINK-36499,satellite,0,5,43.0213,158.813,148.302,34.6554,182.9574,6867.338,482.5533,6481.932759360025,-2234.934248977204,-241.50053995274206,-5561.267799386249,-4010.322163819958,-241.50053995274206,-2.0299,-144.204,4
2556,STARLINK-36469,satellite,0,5,43.0166,158.783,170.6216,33.5317,204.1533,6865.8469,485.5659,6579.8346646457,-352.1761592416015,-1915.5149185985197,-4078.8107285627993,-5175.089883448631,-1915.5149185985197,-16.3054,-128.2438,4
2557,STARLINK-35306,satellite,0,5,43.0099,158.3359,58.5027,329.4265,27.9292,6865.5233,483.3745,-6499.586294421085,53.930351640906245,2191.514473611051,3788.8060085477778,5281.333118734963,2191.514473611051,18.7409,54.3445,5
2558,STARLINK-36428,satellite,0,5,43.0018,158.309,77.1104,324.9388,42.0492,6863.5959,483.6355,-5972.8936228026005,-1239.0105429829946,3132.3917470461597,2428.573960123714,5595.7692835880935,3132.3917470461597,27.3262,66.5391,5
2559,STARLINK-36484,satellite,0,13,43.0091,169.0523,163.8098,48.3562,212.1659,6865.0894,487.7986,6211.359245004353,1519.8211825065257,-2492.260576730192,-2336.4463488187753,-5952.466594310967,-2492.260576730192,-21.4143,-111.4309,2
2560,STARLINK-36452,satellite,0,13,42.9894,168.9741,70.7238,169.7865,240.5102,6860.5889,492.4472,4151.817525137219,3642.9759333583943,-4073.36497429684,585.5054660721404,-5492.362493705659,-4073.36497429684,-36.5782,-83.915,10
2561,STARLINK-36409,satellite,0,13,43.007,169.4788,73.6201,321.6403,35.2603,6864.3319,482.9869,-6034.1375443986835,-1823.9064757154383,2700.353205225353,1985.7977238862902,5982.813563590839,2700.353205225353,23.3187,71.6381,5
2562,STARLINK-36510,satellite,0,13,42.9841,169.3765,102.9012,327.7201,70.6214,6859.5726,486.1568,-3107.8705908559073,-4230.482228194872,4409.194768412897,-1667.1692217689902,4977.5883998745685,4409.194768412897,40.2047,108.5175,4
2563,STARLINK-36509,satellite,0,13,43.0151,169.1358,122.1157,33.459,155.5747,6866.182,482.5683,5742.320248514995,-3213.708809484763,1934.8557414235506,-5935.13781861795,-2841.8840973333595,1934.8557414235506,16.4821,-154.4138,9
2564,STARLINK-36507,satellite,0,13,43.0199,169.5389,23.5024,329.3793,352.8816,6867.1114,483.1448,-6582.215003541053,1847.4432681446094,-580.0691796809547,5302.331400585956,4315.539676589008,-580.0691796809547,-4.88,39.142,2
2565,STARLINK-36508,satellite,0,13,42.9858,169.6615,94.2858,201.8789,296.1646,6860.5024,494.2397,-2168.8887799870777,4976.9150128242045,-4200.652278359186,5317.458914166934,-1094.7110490788882,-4200.652278359186,-37.9038,-11.633,4
2566,STARLINK-36503,satellite,0,13,43.0005,169.1753,92.8412,41.5068,134.348,6863.0542,483.8049,4034.264521737647,-4422.415202023957,3344.1256778142197,-5938.9744762706305,-749.4188552803254,3344.1256778142197,29.3425,-172.8081,7
2567,STARLINK-36446,satellite,0,13,42.9824,169.2881,73.2573,25.7029,98.9601,6858.8422,486.2047,128.29250438508151,-5065.507377315967,4616.272703283476,-4214.183152382764,2813.624764338191,4616.272703283476,42.5123,146.2707,7
2568,STARLINK-36442,satellite,0,13,43.0132,169.0686,167.3675,30.6581,198.0256,6866.7307,484.9993,6701.404631534238,287.0538486684305,-1448.5441267581923,-3626.381557246704,-5642.745851874322,-1448.5441267581923,-12.2603,-122.7273,4
2569,STARLINK-36506,satellite,0,13,43.0192,169.1056,137.1484,32.6304,169.7788,6867.273,482.4812,6461.535147779267,-2150.0106344021997,830.5300647937421,-5480.1038477503425,-4042.578881345579,830.5300647937421,6.9966,-143.5844,4
2570,STARLINK-36468,satellite,0,13,42.9986,169.6172,63.9078,246.4042,310.312,6862.2087,490.303,-3677.3181465957655,4564.735260560088,-3568.797862892347,5849.644992657577,375.6730096230366,-3568.797862892347,-31.4934,3.6746,2
2571,STARLINK-36487,satellite,0,13,43.0137,169.5623,14.1201,324.5783,338.6984,6866.1711,485.1435,-5957.157650118504,2950.768782042616,-1700.515501913884,5844.00330282347,3168.972873034896,-1700.515501913884,-14.4345,28.4692,2
2572,STARLINK-36374,satellite,0,13,42.9975,169.4363,89.2385,320.1818,49.4203,6862.2367,484.5246,-5083.141175905593,-2926.6359379910436,3551.5671414663507,536.5721578094569,5840.8571671623085,3551.5671414663507,31.3538,84.7512,4
2573,STARLINK-36455,satellite,0,13,42.9815,169.3044,87.1864,4.6946,91.881,6858.8174,487.7007,-709.2232871063277,-4967.55881132193,4671.564513132743,-3651.591981562378,3441.731281652505,4671.564513132743,43.1311,136.6946,5
2574,STARLINK-36424,satellite,0,13,43.0196,169.0997,139.1063,37.7369,176.8432,6867.5826,482.8342,6674.695720155056,-1566.6850972871728,257.7688111076711,-5126.13770325763,-4552.8867104243345,257.7688111076711,2.1666,-138.3894,4
2575,STARLINK-35564,satellite,0,13,42.9891,169.3917,98.2617,325.2611,63.5228,6860.4213,485.9697,-3830.915226944142,-3849.6560576067127,4184.56532491944,-939.3218011546446,5349.152997604026,4184.56532491944,37.7871,99.9597,4
2576,STARLINK-36431,satellite,0,13,43.0003,169.6033,34.3788,283.1045,317.4833,6863.2876,489.3072,-4363.322178826333,4249.159573341249,-3163.1083579314654,5986.950882707784,1118.1934734203387,-3163.1083579314654,-27.5917,10.5793,2
2577,STARLINK-36418,satellite,0,13,43.0008,169.0263,153.6675,65.5692,219.2366,6864.0278,489.1616,5823.072886553385,2104.9397571126815,-2960.7423596053336,-1634.4919818811998,-5972.217777706438,-2960.7423596053336,-25.695,-105.3061,4
2578,STARLINK-36465,satellite,0,13,43.0204,169.531,28.7155,331.2301,359.9456,6867.2857,482.5395,-6745.600645091856,1251.2932299826512,-4.447027415496289,4909.205465830201,4792.553025760586,-4.447027415496289,-0.0374,44.3111,2
2579,STARLINK-36362,satellite,0,13,42.9827,169.3572,91.806,345.8449,77.6509,6859.164,484.9903,-2345.1069277417882,-4542.8648999616225,4564.529440080418,-2361.95873825613,4534.12603713454,4564.529440080418,41.937,117.5163,5
2580,STARLINK-36447,satellite,0,13,42.9921,169.2162,84.3578,35.8467,120.2046,6860.9273,485.3501,2577.3789245307657,-4902.813430838541,4040.3956059348825,-5492.243295980813,718.1401228033178,4040.3956059348825,36.2791,172.5505,4
2581,STARLINK-36146,satellite,0,13,42.9835,169.6759,87.288,201.8306,289.1186,6859.5639,495.018,-1361.5053025518037,5070.677209226709,-4421.828206885123,4928.922280258215,-1808.6429178314886,-4421.828206885123,-40.2804,-20.1504,4
2582,STARLINK-36459,satellite,0,13,43.0111,169.5697,11.224,320.3652,331.5892,6865.3663,486.4214,-5503.834850263852,3440.714413289912,-2227.1958100752654,5983.276753723209,2516.170308455949,-2227.1958100752654,-19.0487,22.8084,2
2583,STARLINK-36464,satellite,0,13,42.9861,169.2334,80.2727,32.8472,113.1199,6860.0373,485.91,1782.91493476169,-5033.909346798659,4298.887073996739,-5141.664737048408,1443.02207473625,4298.887073996739,39.0084,164.3231,4
2584,STARLINK-36513,satellite,0,13,43.0101,169.1398,109.9036,38.5123,148.4159,6865.2171,483.0727,5242.996406645176,-3680.447255978357,2450.2852268643096,-6028.9395636416,-2164.8535890655207,2450.2852268643096,21.0519,-160.248,9
2585,STARLINK-36515,satellite,0,13,43.0125,169.4823,62.1168,325.9481,28.0649,6865.4522,483.1864,-6381.615393261638,-1215.1279533741001,2201.3321090881896,2683.5786752986373,5916.0761036406075,2201.3321090881896,18.8285,65.6006,5
2586,STARLINK-36443,satellite,0,13,43.0223,169.0683,145.66,45.3116,190.9716,6867.3851,484.9751,6796.14051630124,-340.0816158458007,-891.1533227890083,-4193.549584987362,-5358.854663171963,-891.1533227890083,-7.5073,-128.0448,4
2587,STARLINK-36460,satellite,0,13,42.979,169.7151,91.6462,183.3409,274.9871,6858.7155,496.0156,306.1061361450594,5029.066290062981,-4661.858326065779,3934.120122875613,-3147.6828898760846,-4661.858326065779,-42.9552,-38.6632,5
2588,STARLINK-36542,satellite,0,10,43.0213,136.8385,151.0781,30.9979,182.0761,6867.6196,482.7929,5125.559588075564,-4557.637846440412,-169.57425689654292,-6678.245957751626,-1563.4752182217078,-169.57425689654292,-1.4251,-166.8235,4
2589,STARLINK-36539,satellite,0,10,42.9805,137.0059,79.5891,24.7525,104.3416,6859.035,486.6091,-2071.4431542813577,-4711.966932270822,4528.012767227089,-2657.844403204211,4407.876159851687,4528.012767227089,41.5157,121.089,7
2590,STARLINK-36440,satellite,0,10,42.9788,136.1971,94.5759,349.2957,83.8716,6858.6972,486.6736,-3979.7009627689827,-3092.3136637001735,4646.511374003592,-234.58904211386547,5034.420674624962,4646.511374003592,42.8527,92.6679,4
2591,STARLINK-36423,satellite,0,10,43.0038,136.4639,26.4214,297.2216,323.6431,6864.237,488.3645,-1957.3462772648954,5964.0107521778,-2774.8934143431693,6002.3769029452,-1836.3279163061118,-2774.8934143431693,-23.9814,-17.0106,4
2592,STARLINK-36519,satellite,0,10,42.9935,136.7153,87.3593,151.3027,238.662,6861.0362,492.2957,5538.062476453561,673.8875722944401,-3997.331346358777,-2639.947177730879,-4914.767476899249,-3997.331346358777,-35.7912,-118.2423,4
2593,STARLINK-36525,satellite,0,10,42.9827,136.654,82.355,177.6102,259.9652,6858.7919,495.1552,4263.536624510848,2774.726851339502,-4607.88034717295,-188.52044737055684,-5083.435225220538,-4607.88034717295,-42.3489,-92.1239,7
2594,STARLINK-36511,satellite,0,10,43.0165,136.8697,127.1907,33.826,161.0167,6866.4634,482.1688,3618.3008829112932,-5624.954964295896,1522.1906216361558,-6682.207669101838,283.40835666978717,1522.1906216361558,12.8993,177.5714,4
2595,STARLINK-36524,satellite,0,10,42.9882,136.9597,89.19,29.3337,118.5237,6860.517,486.343,-614.6844968288241,-5455.607335324373,4107.79480447568,-4104.964424427249,3645.648845140392,4107.79480447568,36.976,138.3915,7
2596,STARLINK-36518,satellite,0,10,43.0003,136.7204,95.6237,136.0403,231.664,6862.0347,490.6308,5797.87497072033,-52.14740036227949,-3671.183876072554,-3383.0588596280923,-4708.820051749873,-3671.183876072554,-32.5024,-125.6954,4
2597,STARLINK-36517,satellite,0,10,43.0193,136.8207,153.7321,42.5572,196.2893,6866.848,485.212,5766.407237442846,-3481.198469929767,-1313.2282075620922,-6167.6468620253845,-2707.4577375137396,-1313.2282075620922,-11.0996,-156.2996,4
2598,STARLINK-36516,satellite,0,10,43.0137,136.3687,55.7378,324.3452,20.083,6866.5475,482.0136,-5850.926969097847,3198.5518406528377,1606.6794071535853,5985.322933647893,2939.3859316205417,1606.6794071535853,13.6288,26.1556,4
2599,STARLINK-36493,satellite,0,10,43.0183,136.4011,31.4474,327.4974,358.9447,6867.4481,482.7795,-4904.016641481735,4797.428340858003,-86.20376127338584,6746.595927103362,1244.2432647957933,-86.20376127338584,-0.7244,10.4494,5
2600,STARLINK-36529,satellite,0,10,43.0095,136.7744,167.3193,50.1814,217.5008,6864.2476,488.5356,6059.717895345042,-1502.7814723124939,-2849.8842317697226,-4719.587893485443,-4087.0555709894975,-2849.8842317697226,-24.6707,-139.1082,4
2601,STARLINK-36528,satellite,0,10,42.9792,136.1445,81.6395,16.4323,98.0718,6858.6692,486.7691,-2746.241782574516,-4247.4983049338225,4627.077450728472,-1889.4290910868374,4691.816651205429,4627.077450728472,42.6306,111.935,4
2602,STARLINK-36546,satellite,0,10,43.0054,136.8974,104.2734,35.3604,139.6338,6863.7849,483.7006,1595.5296945565988,-5941.74692359993,3029.4023876808797,-5775.719623442411,2119.2296576122567,3029.4023876808797,26.3579,159.8509,4
2603,STARLINK-36523,satellite,0,10,43.0221,136.8391,143.2198,31.9479,175.1677,6867.3567,482.3365,4697.411335540078,-4984.373093287379,394.30346803364426,-6780.35898611354,-967.6675088980617,394.30346803364426,3.3155,-171.8778,4
2604,STARLINK-36522,satellite,0,10,42.9922,136.5359,95.1778,200.1668,295.3446,6860.0299,492.8706,988.546609455699,5313.594341028684,-4229.34747580263,3773.490738290669,-3869.4026500369478,-4229.34747580263,-38.2174,-45.719,10
2605,STARLINK-36504,satellite,0,10,43.0035,136.4669,30.0985,286.4693,316.5679,6863.1204,489.174,-1236.4522042930837,5933.939868020643,-3217.8749192740097,5562.45664025423,-2408.2218618884976,-3217.8749192740097,-28.1112,-23.4098,4
2606,STARLINK-36505,satellite,0,10,43.0131,136.4266,13.1691,324.5854,337.7545,6866.1214,485.3586,-3292.1699142562147,5754.046362575509,-1772.140030012012,6599.820052265244,-624.3457092987885,-1772.140030012012,-15.0558,-5.4041,4
2607,STARLINK-36421,satellite,0,10,42.9819,136.2265,101.5027,335.2337,76.7364,6858.8867,486.6238,-4512.677996647674,-2436.642905311386,4549.057466015783,608.3941088644674,5092.283177292028,4549.057466015783,41.7511,83.187,4
2608,STARLINK-36437,satellite,0,10,43.0046,136.3334,67.2941,326.8547,34.1488,6864.8031,482.3444,-6048.781516964318,1882.0838772661998,2625.459439296564,5023.307878314832,3859.5822987332012,2625.459439296564,22.6383,37.5363,4
2609,STARLINK-36520,satellite,0,10,43.0135,136.8714,118.4648,35.4729,153.9377,6865.7201,482.4751,2990.3354413624274,-5820.124644915352,2055.6212019747036,-6479.927361292587,909.1195337198353,2055.6212019747036,17.5428,172.0137,4
2610,STARLINK-36425,satellite,0,10,43.0212,136.827,155.5584,33.6698,189.2282,6867.3228,483.5697,5489.648360236715,-4047.178014822824,-750.7336457433369,-6470.793282667423,-2155.162011474084,-750.7336457433369,-6.3205,-161.5792,4
2611,STARLINK-36414,satellite,0,10,42.9894,136.276,91.1931,324.336,55.5291,6861.4479,484.5449,-5661.881458403887,-305.798972651173,3853.95834499119,3012.1407001474536,4803.896654093159,3853.95834499119,34.3702,57.9115,5
2612,STARLINK-36441,satellite,0,10,43.0197,136.8385,136.3791,31.7258,168.1048,6867.0465,481.9835,4189.060954664471,-5345.711718009692,964.6554360432568,-6782.812077265706,-343.9851427882072,964.6554360432568,8.1341,-177.0968,4
2613,STARLINK-36454,satellite,0,10,43.0188,136.3634,48.0154,325.0307,13.0461,6867.117,481.9371,-5617.595575370009,3792.129684147886,1056.4084935226413,6336.047363894846,2406.68473055642,1056.4084935226413,8.9137,20.7988,4
2614,STARLINK-36334,satellite,0,10,42.9966,136.9026,95.4219,37.2836,132.7054,6862.5171,484.6338,877.8825057179869,-5868.872647973321,3436.4726132267624,-5302.684905628059,2663.808672483709,3436.4726132267624,30.2304,153.3273,6
2615,STARLINK-36269,satellite,0,10,43.0092,136.7718,153.0304,57.3939,210.4243,6865.3613,487.6612,6052.827888268468,-2201.588421808961,-2370.7163942121274,-5286.784662377726,-3678.8075456173874,-2370.7163942121274,-20.3237,-145.1679,4
2616,STARLINK-36408,satellite,0,10,42.9869,136.6612,78.4295,174.4215,252.851,6859.3487,494.3501,4764.393888998148,2100.293551227127,-4471.619961776103,-1028.3333158577789,-5104.234783231087,-4471.619961776103,-40.8327,-101.3907,4
2617,STARLINK-36551,satellite,0,54,42.9973,246.0766,92.2703,37.4991,129.7694,6862.2209,484.6098,5302.217074096658,2446.3652152685254,3594.190662485532,-1055.3393094481517,-5743.210566334081,3594.190662485532,31.7726,-100.4122,106
2618,STARLINK-36396,satellite,0,54,42.9942,245.8895,75.9453,159.8951,235.8405,6861.3523,491.5484,-2217.1424603031155,5214.0589995695445,-3872.550818661785,5539.088670675846,-1191.9012705176563,-3872.550818661785,-34.5187,-12.1437,2
2619,STARLINK-36550,satellite,0,54,43.0215,245.9996,141.2276,31.0124,172.24,6867.3254,482.2295,3383.442562362984,5934.22629879079,631.9823070961011,2900.9457354435312,-6184.4352351756115,631.9823070961011,5.3187,-64.87,10
2620,STARLINK-36534,satellite,0,54,43.0116,245.9345,169.4223,38.1806,207.6029,6865.5786,486.0061,356.92686274833676,6500.440791666946,-2168.845286035349,5107.460580192613,-4036.9510392247134,-2168.845286035349,-18.5327,-38.3229,12
2621,STARLINK-36555,satellite,0,54,43.0176,245.9638,161.9744,31.4958,193.4702,6866.9977,484.0523,1650.678512720631,6570.268486825065,-1090.4266641437468,4419.1409503992345,-5134.623725437792,-1090.4266641437468,-9.2003,-49.2829,12
2622,STARLINK-36081,satellite,0,54,42.9972,245.8962,110.4364,118.3551,228.7915,6862.4595,490.6889,-1600.5615105558893,5669.459748022955,-3521.1705021084954,5556.066107671606,-1958.2391045805275,-3521.1705021084954,-31.0249,-19.415,4
2623,STARLINK-36558,satellite,0,54,42.9867,245.8364,72.6892,177.2988,249.9879,6859.5644,493.6502,-3342.5050456001277,4073.817431231624,-4396.8457781965035,5255.493675404262,384.85668846305117,-4396.8457781965035,-40.0169,4.1883,3
2624,STARLINK-36557,satellite,0,54,42.9806,245.7501,91.3702,179.8406,271.2108,6858.5519,495.1485,-4636.597863954287,1929.569551391919,-4678.030817837827,4248.492697048259,2677.9821151030633,-4678.030817837827,-43.1468,32.2247,4
2625,STARLINK-36433,satellite,0,54,42.9834,245.6783,101.6443,190.6472,292.2916,6859.8574,493.5239,-5305.408560955567,-458.9695519874034,-4329.492641083107,2681.5661852098424,4600.784263867549,-4329.492641083107,-39.2866,59.7642,4
2626,STARLINK-36552,satellite,0,54,43.0202,245.5526,22.4774,326.522,348.9994,6867.2022,484.136,-3659.1549541378618,-5735.706690225686,-893.3355498276436,-2579.8354505287302,6295.410650854046,-893.3355498276436,-7.5267,112.2836,4
2627,STARLINK-36512,satellite,0,54,43.0128,245.494,68.0825,323.3342,31.4167,6865.1792,483.1254,-49.1718858758126,-6410.11668756506,2438.7832740827275,-5210.947156515685,3733.368928268641,2438.7832740827275,20.9483,144.3804,5
2628,STARLINK-36545,satellite,0,54,42.9991,245.4448,88.2502,324.4109,52.6611,6861.8597,485.0676,1898.2422027491623,-5439.715476026318,3717.9579199055215,-5539.794009941456,1582.564452979716,3717.9579199055215,32.9981,164.0568,4
2629,STARLINK-36553,satellite,0,54,42.9849,245.377,104.5127,329.4087,73.9214,6859.2469,487.1338,3589.891040853506,-3734.086102263432,4491.654328299621,-5120.346986073904,-782.7920838390372,4491.654328299621,41.107,-171.308,4
2630,STARLINK-36521,satellite,0,54,42.9841,245.3281,98.7499,349.2645,88.0144,6858.4856,487.511,4455.519444706296,-2308.063297521228,4671.375190906761,-4453.52466247302,-2311.9099870594096,4671.375190906761,43.1304,-152.5653,4
2631,STARLINK-36526,satellite,0,54,42.9882,245.2566,75.5421,33.8267,109.3688,6859.5116,486.576,5248.49370847335,84.72160860627709,4410.0667018059385,-2954.6645059611287,-4338.6428311238815,4410.0667018059385,40.2113,-124.2553,67
2632,STARLINK-36541,satellite,0,54,43.0033,246.0693,97.8726,38.9951,136.8677,6863.2967,483.9699,5163.848796856855,3183.4450147832663,3197.6293132173023,-373.1700848171153,-6054.783286521988,3197.6293132173023,27.9422,-93.5268,84
2633,STARLINK-36549,satellite,0,54,42.9889,245.2659,79.1691,23.1473,102.3164,6858.9126,487.0832,5061.832784178129,-721.7322945488328,4567.018531395993,-3506.271257013554,-3721.4393065339414,4567.018531395993,41.9493,-133.2948,50
2634,STARLINK-36540,satellite,0,54,43.0161,246.0245,123.9107,34.1851,158.0958,6866.2093,482.3989,4295.487522889387,5054.636096266644,1745.6543704759504,1656.5437414903747,-6423.116218589632,1745.6543704759504,14.8323,-75.5384,18
2635,STARLINK-36538,satellite,0,54,43.019,245.9653,154.0418,32.3458,186.3876,6867.4209,483.2504,2267.463694040271,6454.791565346212,-520.7812684370637,3969.3966538995764,-5572.218226152509,-520.7812684370637,-4.3802,-54.5356,4
2636,STARLINK-36531,satellite,0,54,42.9896,245.8408,74.4473,168.4849,242.9322,6860.4219,493.0113,-2800.6724861364705,4679.158861755149,-4167.228543361338,5438.090560176241,-406.7740004789412,-4167.228543361338,-37.5584,-4.2778,2
2637,STARLINK-36530,satellite,0,54,42.9871,245.7753,80.078,184.0586,264.1367,6858.6088,493.9205,-4266.137267187998,2688.196109055772,-4654.395812669233,4655.1121128614905,1938.1064779632466,-4654.395812669233,-42.8864,22.6039,4
2638,STARLINK-36543,satellite,0,54,42.9825,245.7023,102.1821,183.1844,285.3666,6859.1791,494.5119,-5161.008212060057,334.5248189775789,-4511.996737180575,3246.9288893999214,4025.5888273199885,-4511.996737180575,-41.279,51.1113,4
2639,STARLINK-36537,satellite,0,54,43.0179,245.5596,10.2681,331.6546,341.9227,6866.579,484.6966,-4116.211670295348,-5294.521559835282,-1452.6245363228516,-1955.902446691688,6414.795607130573,-1452.6245363228516,-12.2959,106.9567,4
2640,STARLINK-36544,satellite,0,54,42.9957,245.6337,91.3199,215.2556,306.5756,6861.6977,491.1176,-5359.135092387739,-2062.1018031405024,-3758.4188370813195,1402.208351836234,5568.339476272775,-3758.4188370813195,-33.3698,75.8658,4
2641,STARLINK-36412,satellite,0,54,43.003,245.4557,83.2441,322.3131,45.5572,6862.8914,484.2135,1262.329122987529,-5854.838726085082,3339.0769246679542,-5512.712655071443,2341.497492166758,3339.0769246679542,29.292,156.9869,4
2642,STARLINK-36415,satellite,0,54,42.9914,245.3922,102.4988,324.3706,66.8694,6859.8851,487.0847,3071.768115134111,-4369.472936845396,4299.710419278683,-5341.161602358214,6.770263889961,4299.710419278683,39.0093,179.9274,3
2643,STARLINK-36547,satellite,0,54,43.0174,245.501,56.9061,327.4349,24.3409,6865.9733,482.4294,-710.540613748022,-6543.668186031044,1928.630340297858,-4939.058279241163,4350.880900107418,1928.630340297858,16.4279,138.6228,5
2644,STARLINK-36444,satellite,0,54,43.0243,245.5335,28.2408,334.7938,3.0346,6867.6634,483.2279,-2596.0102806244827,-6346.4359218673835,247.84039084498434,-3691.54110672072,5778.3252370274095,247.84039084498434,2.083,122.5729,5
2645,STARLINK-36548,satellite,0,0,43.0163,71.4987,162.257,35.5165,197.7735,6862.4283,480.6904,-620.8197724452644,-6678.753192555122,-1428.137200384093,-5101.161867240718,4355.377021697825,-1428.137200384093,-12.0927,139.5093,5
2646,STARLINK-36601,satellite,0,0,42.9901,71.1856,102.4491,197.1222,299.5713,6860.8076,493.4254,5225.963617643437,1798.1206247318878,-4070.7274727663403,-1541.2455410655596,-5307.400088194276,-4070.7274727663403,-36.5447,-106.1931,4
2647,STARLINK-36119,satellite,0,0,42.9817,71.343,81.5623,175.5892,257.1515,6859.2237,495.4069,4150.256801145321,-3012.3623393084995,-4562.512723226648,-4853.303446410834,-1656.6242892683576,-4562.512723226648,-41.8363,-161.1532,4
2648,STARLINK-36607,satellite,0,0,42.9949,70.7326,90.1643,36.3457,126.51,6859.4366,482.6334,-5149.4703956984295,-2520.0107198620085,3756.897400602781,907.1407615112448,5660.794557586309,3756.897400602781,33.4014,80.8958,4
2649,STARLINK-36615,satellite,0,0,43.0118,71.4555,168.3576,39.3355,207.6931,6865.7942,486.616,278.39461747760896,-6502.660680082952,-2175.5714103582136,-5475.31445487661,3518.9531260811987,-2175.5714103582136,-18.5905,147.2714,12
2650,STARLINK-36614,satellite,0,0,42.9992,71.1596,53.2352,260.503,313.7382,6863.0004,490.2808,4964.623801927344,3319.589553333509,-3381.7830865540664,-147.10984966395625,-5970.387172486918,-3381.7830865540664,-29.6743,-91.4115,4
2651,STARLINK-36600,satellite,0,0,42.9804,71.2823,96.6045,179.4224,276.0269,6850.5038,487.6883,4955.210960104578,-918.9131982100185,-4648.206877426597,-3606.006108030591,-3520.6870173065886,-4648.206877426597,-42.8641,-135.6859,4
2652,STARLINK-36438,satellite,0,0,43.0032,71.1468,25.9706,293.5425,319.5132,6861.4418,486.7635,4768.988485016263,3885.3136337012306,-3038.1204731625658,427.9969314613833,-6136.4266335630555,-3038.1204731625658,-26.4268,-86.0103,9
2653,STARLINK-36532,satellite,0,0,42.9998,70.9836,81.9061,324.1437,46.0498,6860.539,481.5745,-1862.0849072349902,5673.649519403111,3365.56602399597,5710.166885578249,-1746.898168074228,3365.56602399597,29.5595,-17.0103,8
2654,STARLINK-36367,satellite,0,0,42.9933,70.9653,92.2616,323.1772,55.4387,6859.1876,482.7656,-2634.7233724200046,5022.158257813728,3849.0728979917853,5622.828117823875,-740.0302514844055,3849.0728979917853,34.3308,-7.4977,11
2655,STARLINK-36416,satellite,0,0,43.0111,71.1185,16.6203,314.9752,331.5955,6863.2888,484.8853,4210.953569739109,4937.788611908544,-2226.243844847837,1609.7431253667871,-6286.701314101587,-2226.243844847837,-19.0447,-75.6377,8
2656,STARLINK-36527,satellite,0,0,42.9838,71.7676,95.949,340.3174,76.2664,6856.7367,484.0651,-4116.313663745927,3068.8582790862,4538.602085488376,4879.923841321877,1596.3309864673017,4538.602085488376,41.653,18.1141,15
2657,STARLINK-36633,satellite,0,0,42.9964,71.4142,127.0916,103.2456,230.3372,6859.8092,487.8078,2265.4879205453453,-5381.248357350051,-3601.3561179758613,-5703.594232887738,1248.7122279329346,-3601.3561179758613,-31.8266,167.6508,16
2658,STARLINK-36637,satellite,0,0,43.0199,71.0793,29.4874,326.7094,356.1969,6867.8443,483.636,2534.854687727049,6368.784646164014,-310.5129663769712,3745.042424522807,-5741.216194817141,-310.5129663769712,-2.6099,-56.8833,5
2659,STARLINK-36617,satellite,0,0,42.9841,71.773,97.4631,337.3781,74.8412,6856.7787,483.7903,-4035.314454895456,3215.442396317336,4509.531726033536,4953.066085895993,1445.67247420366,4509.531726033536,41.3303,16.2712,15
2660,STARLINK-36627,satellite,0,0,43.0169,71.0519,51.6077,324.6854,16.2931,6864.5802,480.2293,806.8623654566143,6682.266192195875,1312.51217339922,4996.845056389993,-4509.462032502889,1312.51217339922,11.1017,-42.065,5
2661,STARLINK-36624,satellite,0,0,42.985,70.7808,82.3204,26.5593,108.8797,6857.1043,483.4516,-5208.816972654706,-532.4187481894031,4420.833850234338,2565.881754767693,4564.153240042403,4420.833850234338,40.3515,60.6561,5
2662,STARLINK-36610,satellite,0,0,43.0182,71.0502,48.1694,325.3902,13.5597,6864.6936,479.9899,1053.0331476688114,6686.875215588145,1096.899469767322,4858.781314662632,-4713.323996419252,1096.899469767322,9.2609,-44.1294,5
2663,STARLINK-36599,satellite,0,0,43.0205,71.497,148.3053,31.1568,179.4622,6867.6445,482.6062,-2221.8443572616184,-6490.859900519278,43.93829338286709,-4025.160439177303,5555.712198714617,43.93829338286709,0.3692,125.9236,5
2664,STARLINK-36595,satellite,0,0,43.0136,71.1005,12.6535,322.3222,334.9757,6866.1911,486.4919,4022.4849767933706,5195.810002080962,-1980.3425170120074,1929.2215240224464,-6281.3160466180525,-1980.3425170120074,-16.8708,-72.9264,7
2665,STARLINK-36570,satellite,0,0,43.0153,71.0384,54.6341,325.9946,20.6287,6864.0507,479.6051,414.6795324992369,6642.592079538308,1647.9152426050748,5190.373129920747,-4166.055139099285,1647.9152426050748,13.9905,-38.7523,4
2666,STARLINK-36514,satellite,0,0,43.0202,71.4852,154.6747,31.5575,186.2323,6865.0369,480.7925,-1648.9457445274375,-6638.2387320322405,-507.99794470281853,-4475.694428852223,5172.368404453547,-507.99794470281853,-4.274,130.8699,4
2667,STARLINK-36556,satellite,0,0,43.0087,71.4529,169.0232,43.1719,212.1951,6862.7934,485.1721,687.4383373108622,-6354.286083592957,-2493.3054795089984,-5589.71109379971,3099.1374586488223,-2493.3054795089984,-21.4324,150.9944,15
2668,STARLINK-36623,satellite,0,0,42.9849,70.9195,109.595,320.4138,70.0089,6854.7223,481.5953,-3685.3145718272217,3753.066245091594,4389.554313607674,5190.8384283090845,849.8506601501501,4389.554313607674,40.0219,9.298,17
2669,STARLINK-36619,satellite,0,0,42.9818,70.8841,96.7462,343.5727,80.319,6856.616,484.508,-4292.123940562161,2707.285621829466,4605.580010530188,4685.687013083166,1948.3481656868132,4605.580010530188,42.404,22.578,11
2670,STARLINK-1184,satellite,2,181,53.0505,190.498,121.1502,289.2392,50.3894,6910.8341,537.8507,-3747.642438660164,-3947.885586848458,4252.98614715955,-1067.586709931162,5337.685179145624,4252.98614715955,38.1732,101.3104,4
2671,STARLINK-1451,satellite,2,119,53.059,11.1099,79.5503,244.8253,324.3755,6914.4691,542.9281,5983.198555046691,-1292.4694294276135,-3219.882187449708,-4503.603879778523,-4145.683812009978,-3219.882187449708,-27.8917,-137.3696,4
2672,STARLINK-1522,satellite,2,115,53.0455,71.6537,90.1205,181.8381,271.9587,6909.8549,557.582,4022.0442360787274,-1084.5160158155581,-5528.2778696882515,-3203.7182364417877,-2662.5559688060807,-5528.2778696882515,-53.171,-140.2706,4
2673,STARLINK-1536,satellite,2,175,53.0536,42.007,78.8427,52.9397,131.7823,6924.9393,549.396,-5501.703794385339,-780.974870061018,4123.902540223143,2531.471902896118,4946.748062481894,4123.902540223143,36.7499,62.8991,4
2674,STARLINK-1542,satellite,3,189,53.0749,42.0247,122.0561,49.786,171.842,6931.4747,547.2805,-5487.550816960916,-4150.568293711095,785.5872621867852,-230.8029838656413,6876.56608432777,785.5872621867852,6.5537,91.9223,3
2675,STARLINK-1549,satellite,2,175,53.0411,42.0455,77.1425,174.6236,251.7662,6920.732,565.2324,1040.2425465670478,-4391.666730094679,-5260.2580031183725,-4188.8413671935205,1680.0146500543094,-5260.2580031183725,-49.5457,158.1458,10
2676,STARLINK-1551,satellite,2,175,53.0419,42.0143,60.2973,51.4545,111.7518,6921.1802,551.7085,-4490.4834026086955,1154.3183204308475,5134.43451364881,3530.6612883474795,3005.2159391549517,5134.43451364881,48.0936,40.4036,6
2677,STARLINK-1552,satellite,3,189,53.0676,42.0105,63.8991,267.7261,331.6252,6928.963,554.0956,5854.199651649638,2610.097593120187,-2632.2319393590938,-1239.5373364385598,-6288.704969909253,-2632.2319393590938,-22.4509,-101.1504,4
2678,STARLINK-1566,satellite,2,175,53.051,42.0539,72.8412,158.9212,231.7624,6924.165,560.7687,-993.1895201110091,-5302.791294182827,-4350.3115624928005,-3761.985915308841,3866.973352059388,-4350.3115624928005,-39.0543,134.2116,15
2679,STARLINK-1578,satellite,2,175,53.0662,42.0107,101.6733,50.1348,151.8081,6929.0017,547.445,-5848.600502247608,-2623.278990570463,2614.110268579921,1225.5376448137301,6291.722973749224,2614.110268579921,22.3108,78.9776,3
2680,STARLINK-1579,satellite,2,175,53.0578,41.9985,101.148,215.6264,316.7743,6926.0128,558.4597,5661.466838584073,1258.9291190779238,-3793.4330745541606,-2232.8655634527404,-5352.702183644848,-3793.4330745541606,-33.3497,-112.6433,4
2681,STARLINK-2049,satellite,2,145,53.066,337.0501,79.9838,309.093,29.0767,6928.8356,547.4657,6359.292546185146,-497.5456655832314,2689.0448413531863,-4070.5627915789637,-4911.076454008785,2689.0448413531863,22.9857,-129.6538,17
2682,STARLINK-2055,satellite,3,187,53.0662,337.0033,60.7837,273.471,334.2548,6929.4038,553.5583,5038.708152124734,-4103.16457536915,-2405.823477297182,-6256.745140288171,-1754.3316745509965,-2405.823477297182,-20.432,-164.337,3
2683,STARLINK-2071,satellite,2,145,53.0389,337.0157,103.5237,185.6885,289.2122,6920.8335,565.1551,563.048816861963,-4513.552659611065,-5229.806421896825,-4013.5298264013422,2140.2709907482704,-5229.806421896825,-49.1604,151.9306,14
2684,STARLINK-2088,satellite,2,186,53.0425,7.0458,117.9827,307.8466,65.8293,6920.6778,550.5246,2345.5256447713696,4112.981909782084,5042.870482242744,2010.354739824484,-4286.791872780863,5042.870482242744,46.9815,-64.8751,38
2685,STARLINK-2097,satellite,3,191,53.0739,7.0331,55.3463,308.8134,4.1597,6931.6193,547.6575,6818.547809464786,1145.3177129590342,401.5986046274308,-2992.37564943119,-6232.979613817617,401.5986046274308,3.3448,-115.6451,4
2686,STARLINK-2104,satellite,3,187,53.0648,337.2509,72.4597,256.5434,329.0031,6928.4792,555.004,4648.603355465852,-4274.568919384518,-2852.467472729541,-6172.08338308934,-1336.727090773935,-2852.467472729541,-24.441,-167.7798,3
2687,STARLINK-2105,satellite,3,187,53.0712,337.0233,50.1565,298.9518,349.1083,6931.2494,550.0191,5956.147616331778,-3379.6324183181528,-1046.3976015560343,-6193.9509648281955,-2921.058225333004,-1046.3976015560343,-8.7406,-154.7515,4
2688,STARLINK-2106,satellite,3,187,53.0732,337.0396,131.9527,57.3806,189.3332,6931.3957,549.4689,-6557.289710982642,2045.025450057377,-898.0782572491088,5449.463561033983,4181.330451196606,-898.0782572491088,-7.4947,37.4987,3
2689,STARLINK-2109,satellite,3,191,53.075,7.0332,130.6448,54.5977,185.2425,6931.0733,547.6096,-6798.216316386414,-1221.7696382548522,-505.87730641561325,2918.1740855800654,6260.40942268098,-505.87730641561325,-4.2147,65.0083,4
2690,STARLINK-2111,satellite,3,191,53.0608,7.0054,85.6595,240.2404,325.8999,6926.8686,555.2978,5979.628698125586,-1617.3817159203538,-3104.97902083726,-4767.112577451,-3955.5683101608847,-3104.97902083726,-26.7643,-140.3154,4
2691,STARLINK-2112,satellite,2,145,53.035,337.0284,93.5204,180.8276,274.348,6919.5926,566.5467,-1138.1232059926372,-4031.3726070659277,-5522.0185991910885,-2639.2947698078624,3252.9083367173685,-5522.0185991910885,-52.9864,129.0547,4
2692,STARLINK-2123,satellite,2,145,53.0514,337.0562,73.2949,155.976,229.2709,6924.6813,560.0914,-5394.8476231187815,-1144.348533632126,-4197.143488880985,2172.9052067519065,5068.766852555641,-4197.143488880985,-37.4438,66.7959,4
2693,STARLINK-2134,satellite,3,187,53.0726,337.0392,59.9492,309.1823,9.1316,6931.3846,547.2783,6553.182088704697,-2059.2547142122066,878.5575219284185,-5458.727180318637,-4169.7749383600785,878.5575219284185,7.3333,-142.6248,3
2694,STARLINK-2135,satellite,3,187,53.0713,337.0222,119.5777,49.7607,169.3384,6931.2919,547.34,-5964.995246472716,3365.361638450187,1024.156804322005,6187.384360865767,2936.5118795788894,1024.156804322005,8.5568,25.3889,3
2695,STARLINK-2315,satellite,2,171,53.0396,177.0464,120.832,308.2742,69.1063,6921.1283,551.9587,-2664.224264944414,-3753.817363227566,5164.458336668886,-1533.1756550397324,4340.34654620813,5164.458336668886,48.4646,109.4552,4
2696,STARLINK-2334,satellite,2,171,53.0653,177.0522,78.8211,310.3781,29.1992,6928.7311,547.3305,-6138.953986982362,-1715.8032083601327,2699.2891252873183,2134.545226261051,6006.201243810577,2699.2891252873183,23.0787,70.4353,5
2697,STARLINK-2338,satellite,2,171,53.0501,177.0049,109.0347,200.261,309.2957,6924.3073,560.3334,-4214.649493789399,3448.8608193006426,-4286.106149762492,5247.173087260626,1457.7674364363218,-4286.106149762492,-38.3759,15.5263,4
2698,STARLINK-2373,satellite,2,171,53.0348,177.0318,89.2447,180.057,269.3016,6919.5264,566.3338,300.15875240959247,4157.4258855267035,-5537.299383935672,3225.115685579325,-2640.6275930024244,-5537.299383935672,-53.1988,-39.3096,4
2699,STARLINK-2379,satellite,3,190,53.0666,177.0477,119.8311,89.585,209.4161,6928.7185,553.8567,6132.714994424818,1731.2634077185207,-2720.149208095334,-2118.314322448639,-6010.009203075907,-2720.149208095334,-23.244,-109.4157,4
2700,STARLINK-2381,satellite,2,171,53.0405,177.0157,55.3279,53.9561,109.2839,6920.8251,552.0342,2077.159976935492,-4039.6922940100203,5217.736852904767,-4498.575114123902,629.7057587887551,5217.736852904767,49.1333,172.0316,3
2701,STARLINK-2386,satellite,2,171,53.062,177.251,96.4762,52.6949,149.1711,6928.4888,548.2677,5835.525354904104,-2414.6898789959014,2835.6869016405944,-5335.763585278701,-3378.418319490303,2835.6869016405944,24.3133,-147.6594,9
2702,STARLINK-2399,satellite,2,143,53.0384,197.0389,82.3559,176.9497,259.3056,6919.9192,566.0329,29.77825967666939,4292.196446270318,-5441.913786812664,3491.0490335265963,-2497.2812664251373,-5441.913786812664,-51.9072,-35.5776,4
2703,STARLINK-2408,satellite,2,143,53.0567,197.0442,78.3735,146.1184,224.4919,6925.7115,558.6151,3870.833516287182,4239.734114333128,-3881.5609972698117,1235.151330273437,-5606.5228673729725,-3881.5609972698117,-34.2276,-77.5759,11
2704,STARLINK-2409,satellite,2,143,53.0362,197.0215,97.4508,181.8181,279.2689,6919.8348,566.0908,-2271.5061329683745,3606.2400880773775,-5465.598105212965,4256.267306349653,-221.1250819521366,-5465.598105212965,-52.2246,-2.974,4
2705,STARLINK-2420,satellite,3,196,53.0697,182.0469,129.1055,72.8264,201.9319,6929.9581,552.1651,6367.331199022887,1783.4223482711384,-2068.588329483429,-2210.8562209102997,-6231.822898705113,-2068.588329483429,-17.4727,-109.5331,2
2706,STARLINK-2423,satellite,2,143,53.0451,197.0092,109.582,189.668,299.25,6922.4012,562.7647,-4301.6555166032285,2485.6525304820193,-4832.067404057353,4510.0278944022575,2083.8323055198543,-4832.067404057353,-44.3811,24.799,4
2707,STARLINK-2427,satellite,2,171,53.0358,177.0303,87.6722,1.5624,89.2345,6919.5565,553.0489,-307.76944442621476,-4148.871099743208,5526.675538156091,-3213.73858525037,2641.9193286093705,5526.675538156091,53.199,140.5774,6
2708,STARLINK-2432,satellite,3,190,53.0728,177.0226,119.7888,49.4949,169.2836,6931.3498,547.398,6754.914681609707,-1126.035905740934,1029.3843561200538,-4812.193273031137,-4872.332615887183,1029.3843561200538,8.6007,-134.6442,3
2709,STARLINK-2433,satellite,3,190,53.0738,177.0351,133.3104,56.1059,189.4163,6931.3639,549.3156,6859.8179618031645,326.49356320785,-905.9845920212633,-3685.4152879830754,-5794.947339794738,-905.9845920212633,-7.5612,-122.4552,3
2710,STARLINK-2453,satellite,3,193,53.0589,197.0067,94.8431,224.3585,319.2016,6926.4806,557.4265,-5812.398929047068,1067.8928822492985,-3618.913643164373,4221.641406827026,4135.4709950028355,-3618.913643164373,-31.6399,44.4092,2
2711,STARLINK-2567,satellite,3,195,53.0747,352.034,134.7628,52.451,187.2138,6931.1208,548.792,-6877.992102854888,434.8329610095709,-695.3353932689879,4318.152793938204,5371.16481958227,-695.3353932689879,-5.7968,51.2024,4
2712,STARLINK-2565,satellite,2,175,53.0533,42.0537,104.4583,307.2576,51.7158,6924.1782,549.6395,996.4150489420394,5295.551834562952,4340.682418689075,3754.2103951643826,-3865.4387191030337,4340.682418689075,39.0263,-45.8363,6
2713,STARLINK-2524,satellite,3,188,53.059,37.0084,95.519,223.6348,319.1539,6926.496,557.7605,5825.910845850878,980.3227553289867,-3622.5839991108646,-2555.327262574092,-5326.591073995103,-3622.5839991108646,-31.6739,-115.6284,3
2714,STARLINK-2519,satellite,2,131,53.0598,37.6335,90.3807,308.3485,38.7291,6926.9344,548.1979,2686.7833350323926,5357.576963647405,3460.8357939585403,2831.0033325148465,-5282.788633108746,3460.8357939585403,30.157,-61.8135,31
2715,STARLINK-2523,satellite,3,188,53.075,37.0309,51.3212,307.8215,359.1427,6931.7208,548.1402,5566.197266810547,4121.14760972946,-82.84905578345958,161.44410507516582,-6923.896694431866,-82.84905578345958,-0.6896,-88.6643,6
2716,STARLINK-2506,satellite,3,188,53.0755,37.0303,127.4188,51.9197,179.3385,6931.7237,548.084,-5557.880105850807,-4132.601391089449,63.92636978418637,-175.59771618865062,6923.697781584343,63.92636978418637,0.5321,91.4528,4
2717,STARLINK-2507,satellite,3,188,53.0705,37.0451,130.924,68.3622,199.2861,6930.3522,551.5698,-4391.2150913100495,-5036.996276742653,-1829.2048811373747,-1586.9726352480852,6491.195523556676,-1829.2048811373747,-15.3993,103.7382,4
2718,STARLINK-2581,satellite,3,192,53.058,237.4401,96.5444,222.3455,318.8899,6926.4257,557.5779,-5117.991253085198,-2926.840539794023,-3641.6700240972696,556.4837440342671,5869.459587957307,-3641.6700240972696,-31.861,84.584,2
2719,STARLINK-2680,satellite,2,152,53.0432,92.407,106.3416,190.0929,296.4345,6921.9425,563.4968,3598.2717043548005,3239.327174807356,-4959.159334159832,574.5096751629399,-4807.362940006712,-4959.159334159832,-45.8641,-83.1851,10
2720,STARLINK-2722,satellite,2,183,53.0477,136.7663,69.4388,175.1359,244.5747,6914.84,556.7795,4740.61968671807,702.5803812407564,-4997.125515376834,-2157.04985671799,-4279.512836975283,-4997.125515376834,-46.3748,-116.75,4
2721,STARLINK-2145,satellite,3,194,53.061,87.0081,83.2492,240.888,324.1372,6927.5407,556.1021,2729.4903194651565,5480.855073209571,-3244.77262864599,2907.158530096348,-5388.721464175815,-3244.77262864599,-28.0676,-61.6536,14
2722,STARLINK-2214,satellite,3,194,53.0707,86.9887,45.2077,298.9028,344.1105,6930.8324,550.633,1488.0458994305625,6593.975746073177,-1516.1801693735658,4532.218483892338,-5015.355655671696,-1516.1801693735658,-12.7177,-47.8969,11
2723,STARLINK-2220,satellite,2,141,53.0487,87.0082,70.2584,54.2015,124.4599,6923.318,550.2732,-3629.1217473698034,-3730.6955492346165,4559.096249572887,-958.3530047481694,5115.679178427981,4559.096249572887,41.3928,100.6106,4
2724,STARLINK-2222,satellite,2,141,53.039,87.0195,58.1667,46.1495,104.3163,6920.2406,552.3359,-4113.699170299919,-1498.683916568194,5355.842152993947,1145.1592757712363,4225.776210191629,5355.842152993947,50.9088,74.8374,4
2725,STARLINK-2235,satellite,3,189,53.0751,42.0339,50.3273,301.2614,351.5887,6931.4634,549.611,5497.633064930303,4136.352346950221,-810.0882032100633,213.374778326773,-6876.616265192464,-810.0882032100633,-6.7567,-88.2227,4
2726,STARLINK-2236,satellite,2,175,53.0379,42.1776,72.3576,25.122,97.4796,6918.7565,551.4466,-3435.6249871688924,2451.0793643079487,5479.203841462966,3982.807575152019,1395.9057711418777,5479.203841462966,52.5659,19.3147,14
2727,STARLINK-2237,satellite,2,141,53.0428,87.0486,115.9956,308.2,64.1957,6921.8201,551.3009,-3584.6493978045455,3200.36557193452,4977.094028196032,4681.093161930503,1086.010086754144,4977.094028196032,46.1824,13.0615,20
2728,STARLINK-2241,satellite,3,194,53.074,87.0351,131.0532,53.2737,184.3269,6931.6501,548.7044,-43.71477409131732,-6914.014895870677,-417.7756206167496,-5625.949993873664,4019.228735494954,-417.7756206167496,-3.4792,144.4576,2
2729,STARLINK-2249,satellite,2,141,53.0505,87.2737,76.6257,153.5086,230.1343,6915.4701,550.8491,2978.5625531714786,-4583.102527603977,-4245.283546704188,-5462.070465227923,206.03372192480194,-4245.283546704188,-38.0074,177.8398,9
2730,STARLINK-2252,satellite,2,141,53.0563,87.055,97.1225,306.9851,44.1076,6925.7977,549.0054,-2635.869634829739,5111.335695317344,3849.6524519252266,5696.377276595807,-790.47279821992,3849.6524519252266,33.962,-7.9003,10
2731,STARLINK-2757,satellite,3,194,53.0727,87.034,54.6008,309.5137,4.1145,6931.6443,547.6204,59.28328427708279,6914.031271662707,397.23341161405403,5616.993606179601,-4031.9630158846917,397.23341161405403,3.3084,-35.6714,4
2732,STARLINK-3075,satellite,2,165,53.2368,174.5376,53.9773,311.1182,5.0956,6924.1,539.8811,-6894.284529619244,289.86127865183414,492.230674212992,4209.047755582766,5468.006558832258,492.230674212992,4.1055,52.4124,4
2733,STARLINK-3147,satellite,2,165,53.2185,174.5636,92.6791,307.1901,39.8692,6919.1623,541.2416,-5533.897380770858,-2139.0318968185134,3549.659806106672,1440.018931113389,5755.503727263551,3549.659806106672,31.0486,75.953,4
2734,STARLINK-3162,satellite,2,163,53.1983,164.5415,119.0633,321.0201,80.0834,6912.3382,545.1919,-2233.7917441114987,-3612.8826160722983,5450.264619765275,-1665.9763420131578,3907.3353044537353,5450.264619765275,52.2406,113.092,4
2735,STARLINK-3157,satellite,2,163,53.196,164.5377,75.3889,19.5696,94.9585,6912.0537,545.1673,-523.838289470995,-4133.915272098987,5511.800178510111,-3077.026791604507,2809.9053639148087,5511.800178510111,53.0808,137.598,6
2736,STARLINK-3146,satellite,2,165,53.203,174.5486,118.2366,306.837,65.0736,6914.0957,543.9907,-3256.0402329073277,-3460.194407148975,5018.444608188738,-952.2105427450316,4654.8940284244345,5018.444608188738,46.7434,101.561,4
2737,STARLINK-3159,satellite,2,163,53.2064,164.5119,65.6217,54.5714,120.1931,6915.09,543.6152,2394.226378327967,-4376.20161452374,4783.8413979569905,-4956.296660678552,564.4323989533847,4783.8413979569905,43.9784,173.503,4
2738,STARLINK-3133,satellite,2,165,53.2006,174.5206,55.3879,49.6953,105.0831,6912.8518,544.9699,1408.3407255475752,-4150.214280286799,5342.710418102149,-4203.570570656397,1240.038962711979,5342.710418102149,50.8115,163.5641,4
2739,STARLINK-3154,satellite,2,163,53.2217,164.1621,88.3256,231.8978,320.2234,6919.2932,549.4087,-4394.214246822714,4002.6988605124657,-3547.1311886028893,5803.305842729106,1285.4409012761796,-3547.1311886028893,-30.9833,12.4895,4
2740,STARLINK-3111,satellite,2,165,53.2097,174.5099,70.9309,54.2743,125.2052,6916.0748,542.9216,3642.866171238637,-3748.022977568086,4522.821492109249,-5162.259759868749,-818.0613385150474,4522.821492109249,41.0463,-170.9952,4
2741,STARLINK-3120,satellite,2,165,53.2356,174.5387,132.0857,53.1403,185.2261,6924.1421,541.4345,6895.316677712631,-280.29154317432966,-504.90709974066675,-4201.820649670367,-5474.363767883962,-504.90709974066675,-4.2104,-127.5079,4
2742,STARLINK-3110,satellite,2,165,53.225,174.5115,93.5264,51.6967,145.2231,6920.2309,540.6796,5427.427283139234,-2893.4404993760727,3158.9699508997314,-5491.943004027162,-2769.0299524762972,3158.9699508997314,27.3299,-153.2428,9
2743,STARLINK-3112,satellite,2,165,53.2246,174.3126,83.8211,241.3243,325.1454,6920.2575,548.5835,-5417.740593273971,2919.6647439548365,-3168.725633094758,5507.79629086535,2746.003527206648,-3168.725633094758,-27.3872,26.4993,4
2744,STARLINK-3161,satellite,2,165,53.2367,174.851,49.6931,309.9244,359.6174,6924.2102,540.4838,-6888.066164937147,648.4439456070264,-37.007407856957855,4498.55084018508,5256.327176024762,-37.007407856957855,-0.3084,49.4419,4
2745,STARLINK-3135,satellite,2,165,53.23,174.5537,124.6911,80.495,205.186,6922.0311,545.6219,6402.3346000451875,1160.703382777895,-2359.40110837221,-2739.999669370443,-5901.6542160294075,-2359.40110837221,-20.0451,-114.9043,4
2746,STARLINK-3139,satellite,2,165,53.1993,174.5336,98.3982,181.5538,279.9519,6912.3311,558.7286,-801.9527966873244,4180.4360427404235,-5460.42613843392,3878.902739896611,-1753.079384962471,-5460.42613843392,-52.2333,-24.3207,4
2747,STARLINK-3114,satellite,2,165,53.2043,174.5512,73.5702,171.5374,245.1076,6914.155,556.4083,3258.1087795146555,3467.828523154366,-5028.928057434622,957.258460213395,-4660.9831286439285,-5028.928057434622,-46.7607,-78.3941,10
2748,STARLINK-3131,satellite,2,165,53.2067,174.5216,108.7206,191.1549,299.8755,6915.0353,555.265,-3089.4868237567575,3908.2166858754986,-4807.262248680354,4974.364671896743,273.464090710082,-4807.262248680354,-44.155,3.1466,4
2749,STARLINK-3121,satellite,2,165,53.216,174.4675,97.4593,307.6174,45.0767,6918.0906,541.5848,-5141.3870101178645,-2446.621377725623,3920.117101628297,962.4679509066872,5611.904489318241,3920.117101628297,34.7126,80.2682,4
2750,STARLINK-3138,satellite,2,165,53.2337,174.814,128.7976,51.0398,179.8374,6924.2449,540.7142,6889.438330036749,-637.0965358515815,15.730599205173725,-4490.066661170535,-5263.986500516365,15.730599205173725,0.1311,-130.4635,4
2751,STARLINK-3153,satellite,2,165,53.1999,174.7212,123.8974,320.9761,84.8735,6912.1553,546.3506,-994.2492169216329,-4048.9154808397634,5511.6047144272225,-2736.5261215526866,3145.420935644859,5511.6047144272225,53.065,131.0234,6
2752,STARLINK-3158,satellite,2,163,53.2297,164.5147,105.1568,49.889,155.0458,6922.0371,539.8711,5576.047653829172,-3357.138201004754,2337.1411925009197,-5956.571438049616,-2623.345391257275,2337.1411925009197,19.8654,-156.2307,9
2753,STARLINK-3079,satellite,2,155,53.2295,154.5163,105.5293,49.6573,155.1866,6922.0954,539.8236,4918.898769847369,-4269.009495752304,2324.780922687807,-6323.269688270073,-1560.85477615126,2324.780922687807,19.7562,-166.1341,9
2754,STARLINK-3134,satellite,2,165,53.1977,174.696,85.9358,179.0884,265.0242,6912.0683,558.8139,979.8725879024787,4058.621832898376,-5522.664014283768,2752.742632769624,-3139.262567663723,-5522.664014283768,-53.0801,-48.7533,5
2755,STARLINK-3117,satellite,2,155,53.2128,154.5087,74.9958,54.976,129.9718,6917.053,542.5653,2643.113560862565,-4774.76640026099,4242.632507856561,-5425.457589173465,590.6381470553121,4242.632507856561,38.0332,173.787,4
2756,STARLINK-3049,satellite,2,155,53.2174,154.5091,82.9655,52.2475,135.2131,6918.1768,541.5644,3173.7162823512726,-4743.657956024023,3900.390108708014,-5705.737168302318,139.0295323484837,3900.390108708014,34.5136,178.6042,4
2757,STARLINK-3130,satellite,2,155,53.2357,154.5301,125.9036,49.3332,175.2368,6924.153,540.1693,6076.403316158553,-3275.235904356208,460.216186269892,-6177.908115838236,-3079.4965176253636,460.216186269892,3.8379,-153.5052,4
2758,STARLINK-3044,satellite,2,155,53.2104,154.4902,72.1617,157.8204,229.9821,6917.047,552.9464,5385.153661926412,948.4868509116502,-4246.016230454411,-2327.406632943858,-4947.9981440821775,-4246.016230454411,-38.0015,-115.191,4
2759,STARLINK-3105,satellite,2,155,53.2226,154.5553,99.5634,115.6359,215.1993,6920.1423,548.2703,6133.858332523929,-273.0481386304499,-3195.7775416560758,-3757.1872746871218,-4856.162797148788,-3195.7775416560758,-27.6419,-127.7289,4
2760,STARLINK-3128,satellite,2,155,53.2182,154.5092,100.3111,214.6882,314.9994,6918.1163,551.0364,-3156.906741749739,4752.114686426792,-3920.3942379092236,5702.964445386377,-157.64105974338446,-3920.3942379092236,-34.6611,-1.5834,4
2761,STARLINK-3098,satellite,2,155,53.2109,154.5557,67.8831,167.3839,235.267,6915.5981,553.6929,5025.336254191313,1382.009258861008,-4556.056670787142,-1765.7609905396255,-4903.6763946610145,-4556.056670787142,-41.3343,-109.8034,4
2762,STARLINK-3136,satellite,2,155,53.229,154.5146,55.2309,279.7435,334.9743,6922.0548,545.5664,-4907.0745254066005,4280.616482066829,-2345.3099427174134,6325.944082034345,1544.5029412115891,-2345.3099427174134,-19.9205,13.7206,4
2763,STARLINK-3126,satellite,2,155,53.2027,154.5592,75.6862,174.2655,249.9518,6913.4509,557.5037,3816.848167119139,2498.4348817679256,-5208.125530125876,-156.98749081120923,-4559.151425101412,-5208.125530125876,-48.9599,-91.9721,6
2764,STARLINK-3122,satellite,2,163,53.2287,164.9105,54.5937,279.9916,334.5852,6921.9549,545.5576,-5572.924555155048,3344.204806639884,-2379.332472149008,5944.201023217683,2628.2442964422576,-2379.332472149008,-20.2218,23.8527,4
2765,STARLINK-3099,satellite,2,155,53.1972,154.5271,93.6236,181.4646,275.0882,6912.0846,559.0289,1222.4530282843177,3993.7693796648537,-5521.850992649895,2559.9734632661402,-3300.1698640650684,-5521.850992649895,-53.0666,-52.1989,5
2766,STARLINK-3115,satellite,2,163,53.221,164.5564,82.7756,137.4259,220.2015,6919.1005,550.0405,5808.7175460008975,1170.7713384322312,-3578.8698169220183,-2389.7591541656125,-5422.264862692963,-3578.8698169220183,-31.2879,-113.7846,4
2767,STARLINK-3127,satellite,2,163,53.2366,164.5715,128.2953,51.8877,180.183,6924.2316,540.8048,6673.091404022747,-1827.9199814343901,-17.70517095520327,-5338.73243138641,-4401.065367729992,-17.70517095520327,-0.1475,-140.499,4
2768,STARLINK-3125,satellite,2,163,53.198,164.5381,80.3356,179.7019,260.0375,6912.4059,559.2085,2243.657690200319,3618.097957395376,-5460.536526582776,1664.55482654641,-3918.4039977425336,-5460.536526582776,-52.2297,-66.984,8
2769,STARLINK-3150,satellite,2,163,53.219,164.55,102.8078,212.0188,314.8266,6918.0535,551.3506,-3920.654242206615,4133.601807422158,-3932.3945580304303,5637.457881840573,822.9594277545292,-3932.3945580304303,-34.7804,8.3054,4
2770,STARLINK-3129,satellite,2,163,53.2014,164.6338,78.8261,176.0385,254.8646,6912.8302,558.0202,2803.880340158695,3381.137838888426,-5351.545174945756,1148.1052467413874,-4239.775040010547,-5351.545174945756,-50.7947,-74.848,9
2771,STARLINK-3160,satellite,2,163,53.1979,164.5276,97.0329,183.0106,280.0435,6912.3956,558.5542,-74.1618983074392,4258.011982155315,-5458.658945463135,3522.993485920807,-2392.6309630819296,-5458.658945463135,-52.2113,-34.1823,4
2772,STARLINK-3145,satellite,2,163,53.2359,164.5327,54.2687,305.7619,0.0306,6924.149,540.9223,-6669.061028333191,1843.094507485721,2.96106300275264,5348.81316134866,4389.028380876562,2.96106300275264,0.0247,39.371,4
2773,STARLINK-3124,satellite,2,163,53.2039,164.5655,104.6814,190.0643,294.7457,6914.1842,556.7943,-1791.3118014207616,4401.699073207342,-5035.121531093941,4629.768609585062,-1071.9119939082982,-5035.121531093941,-46.8322,-13.0358,4
2774,STARLINK-3132,satellite,2,163,53.2319,164.5547,63.7265,311.0456,14.7721,6923.4554,539.6354,-6727.856516543636,763.6597455268972,1412.7806779134205,4500.417375647269,5058.999205288435,1412.7806779134205,11.8568,48.3441,5
2775,STARLINK-3156,satellite,2,163,53.2297,164.5187,49.0482,290.9523,340.0005,6922.7692,544.2626,-5889.269015250573,3101.4156340995637,-1896.057818592496,5928.019840132642,3026.689485960101,-1896.057818592496,-15.994,27.0476,4
2776,STARLINK-3141,satellite,2,163,53.2174,164.5568,91.6477,308.383,40.0306,6919.1162,540.9634,-5811.4764612228755,-1156.8571517937046,3561.4061882487804,2402.7213910394344,5416.503212040525,3561.4061882487804,31.164,66.0783,5
2777,STARLINK-3140,satellite,2,163,53.2075,164.554,115.0579,305.03,60.0879,6915.0042,543.5861,-4277.6127903113875,-2540.4685891368413,4797.440399340218,388.1002504694923,4959.9727853902605,4797.440399340218,44.1355,85.5259,4
2778,STARLINK-3219,satellite,2,152,53.2165,94.7778,99.0427,305.7729,44.8156,6918.1314,541.8006,-3315.972340672215,4643.9479124271975,3902.44247127215,5706.200254432662,34.69054269849548,3902.44247127215,34.533,0.3483,13
2779,STARLINK-3218,satellite,2,152,53.2003,94.6271,101.0837,183.7735,284.8572,6912.8488,558.3038,3852.4377390436684,2092.8907712242294,-5358.62638194545,-508.96185732683205,-4354.586793401856,-5358.62638194545,-50.8845,-96.6665,5
2780,STARLINK-3242,satellite,2,130,53.2343,104.5267,120.6292,49.5659,170.1951,6923.9014,539.8265,1027.2445611416897,-6775.46298376836,943.6939682704116,-6129.736784166776,3064.0589076653173,943.6939682704116,7.8888,153.441,5
2781,STARLINK-3240,satellite,2,130,53.226,104.512,99.3535,50.8279,150.1814,6921.2312,540.1501,-489.4623872078628,-6323.786740410597,2754.2214566860775,-4886.713125635481,4043.499350120636,2754.2214566860775,23.602,140.394,7
2782,STARLINK-3251,satellite,2,130,53.2344,104.4261,132.8571,57.7141,190.5712,6923.6509,542.3929,2430.6579238028876,-6398.82027961723,-1017.0123416256556,-6630.464091225633,1699.983778850239,-1017.0123416256556,-8.5028,165.6197,5
2783,STARLINK-3249,satellite,2,130,53.2346,104.7174,46.3174,303.5039,349.8213,6923.879,542.1127,-1022.4125869233957,6773.397322589173,-979.6217834799656,6125.264491869072,-3066.818170711378,-979.6217834799656,-8.1884,-26.5964,7
2784,STARLINK-3246,satellite,2,130,53.2136,104.6666,106.4613,203.4068,309.8681,6917.0378,552.7465,1954.5647401456881,5098.683245030992,-4255.34967059852,3041.2643985464065,-4535.152149014927,-4255.34967059852,-38.1011,-56.1543,15
2785,STARLINK-3252,satellite,2,130,53.2019,104.5469,119.606,310.4161,70.0221,6913.4249,544.4552,-4358.567295100014,1308.2022026712534,5200.568917286612,3580.434269946174,2808.735001310088,5200.568917286612,48.9887,38.113,7
2786,STARLINK-3238,satellite,2,152,53.2232,94.5361,80.2135,244.7703,324.9838,6920.211,548.3906,1922.1813463203841,5839.349106714028,-3181.3874136304844,3665.301651604001,-4935.417198269355,-3181.3874136304844,-27.5065,-53.4005,14
2787,STARLINK-3113,satellite,2,130,53.202,104.4019,57.6118,52.578,110.1897,6913.4534,544.5596,-3169.7685572997725,-3276.4073539146916,5193.653353362684,-851.6983840817694,4478.491678923279,5193.653353362684,48.9005,100.7677,4
2788,STARLINK-3148,satellite,2,152,53.2328,94.4064,46.6981,298.3763,345.0744,6923.4233,543.1335,549.9954324833451,6749.07726936652,-1427.862266050837,5199.446237540475,-4338.0061994605985,-1427.862266050837,-11.979,-39.8389,10
2789,STARLINK-3225,satellite,2,152,53.2102,94.5106,108.2504,196.7157,304.9661,6916.0105,554.0119,3075.0777716955754,4222.37305537675,-4543.370218140809,1679.4347596789328,-4946.113262828701,-4543.370218140809,-41.1922,-71.2453,13
2790,STARLINK-3143,satellite,2,152,53.2308,94.7216,109.7654,50.1667,159.9321,6922.7772,539.7069,-881.0126551555729,-6591.203049097019,1901.046600040667,-4879.6934712488155,4517.602523421223,1901.046600040667,16.0481,137.2066,6
2791,STARLINK-3155,satellite,2,130,53.2341,104.5414,59.2247,310.7035,9.9282,6923.8909,539.7567,-2401.829047117717,6416.381129619733,955.4343338637635,6628.207654490946,-1733.6645757084123,955.4343338637635,7.9877,-14.6578,4
2792,STARLINK-3226,satellite,2,152,53.2201,94.5271,83.5728,136.3582,219.9309,6919.2159,550.0418,3071.0846397540754,-5081.76020369874,-3558.8302364296696,-5922.952325938438,417.712074388724,-3558.8302364296696,-31.0934,175.9659,9
2793,STARLINK-3244,satellite,2,152,53.2065,94.5636,70.6278,169.2812,239.909,6915.0906,555.3735,3852.5267714488873,-3174.6602546729205,-4796.9310918322435,-4814.420169360311,-1319.76842293902,-4796.9310918322435,-44.035,-164.6702,4
2794,STARLINK-3202,satellite,2,152,53.2332,94.5193,115.0289,50.1648,165.1937,6923.456,539.7951,-527.8288875032771,-6749.930798562724,1416.0378468109925,-5212.915085059964,4320.380242041529,1416.0378468109925,11.8842,140.3486,5
2795,STARLINK-3239,satellite,2,152,53.199,94.4742,81.7143,178.1968,259.9111,6912.4052,558.7695,4165.531102912779,-890.6120217309534,-5458.14176669677,-3127.901487126454,-2891.551733830395,-5458.14176669677,-52.2021,-137.2485,4
2796,STARLINK-3231,satellite,2,152,53.2357,94.4269,128.3378,51.7,180.0377,6924.2484,540.7061,536.7677173114413,-6897.989322083155,-3.6508039752170496,-5947.29563330336,3535.5411071025237,-3.6508039752170496,-0.0304,149.2694,3
2797,STARLINK-3241,satellite,2,152,53.2322,94.5182,130.3744,69.5906,199.9651,6922.8372,544.5014,1922.5775969806252,-6373.4377014142565,-1893.057929805365,-6316.988093597312,2100.636611975099,-1893.057929805365,-15.9675,161.6061,6
2798,STARLINK-3233,satellite,2,152,53.1982,94.5358,112.0919,332.8984,84.9902,6912.1105,545.8342,-4158.6221871962225,275.4419884042301,5512.062337552488,2621.1147143759767,3240.3340011329865,5512.062337552488,53.077,51.0305,3
2799,STARLINK-3247,satellite,2,152,53.2235,94.5084,93.38,51.6975,145.0775,6920.2521,540.6191,-1916.7787211196587,-5837.91053485291,3170.414526934003,-3667.2385558549036,4930.172558149962,3170.414526934003,27.4373,126.6432,7
2800,STARLINK-3248,satellite,2,152,53.1977,94.1118,86.0975,179.2595,265.357,6912.1022,559.1221,4163.56771055984,-262.58162235998884,-5525.596631809136,-2613.452712630462,-3251.7856798476414,-5525.596631809136,-53.1171,-128.7888,4
2801,STARLINK-3250,satellite,2,152,53.231,94.7597,49.6637,289.9782,339.6419,6922.7495,544.3975,897.8411415696029,6585.77701731231,-1928.6835170756226,4865.562825094932,-4528.231004742166,-1928.6835170756226,-16.2764,-42.9434,11
2802,STARLINK-3236,satellite,2,152,53.2352,94.5434,50.8434,308.9396,359.783,6924.2358,540.5789,-532.4245218322187,6898.167225110319,-20.991240770908643,5944.938716307269,-3539.193495188606,-20.991240770908643,-0.1749,-30.7666,7
2803,STARLINK-3229,satellite,2,152,53.2,94.4449,55.9003,49.3293,105.2295,6912.8306,544.9484,-3841.3709810789683,-2119.3192518302562,5338.966313198184,480.98457323297146,4360.768160056878,5338.966313198184,50.7627,83.7058,4
2804,STARLINK-3209,satellite,2,158,53.1983,84.5383,93.6672,181.0955,274.7627,6912.0949,559.0092,4169.138631880002,178.84501307355492,-5524.604901154444,-2255.8644929259303,-3510.6662985951216,-5524.604901154444,-53.1047,-122.7238,4
2805,STARLINK-3200,satellite,2,152,53.2292,94.5509,74.5992,310.3622,24.9614,6922.0751,539.6898,-2238.8997450427078,6111.044813856792,2337.701384771303,6284.771055073026,-1690.9150098791401,2337.701384771303,19.8709,-15.0588,4
2806,STARLINK-3193,satellite,2,158,53.1992,84.6464,81.73,178.2872,260.0172,6912.3512,558.8968,3954.9482604601653,-1576.1233960367965,-5460.037656046084,-3566.8738798545323,-2324.476592195096,-5460.037656046084,-52.2263,-146.9083,4
2807,STARLINK-3210,satellite,2,152,53.2194,94.5586,91.8368,227.9381,319.7749,6919.1334,549.7246,2248.0479772387876,5481.141300922506,-3580.3822588059943,3184.7747162095593,-4995.381834818854,-3580.3822588059943,-31.3042,-57.4807,17
2808,STARLINK-3207,satellite,2,158,53.2202,84.5567,83.8743,136.2364,220.1107,6919.1383,549.9944,2156.056264736333,-5523.703924176526,-3572.1131056697905,-5756.980717954447,1420.2312036329322,-3572.1131056697905,-31.2225,166.142,15
2809,STARLINK-3197,satellite,2,158,53.2006,84.5548,78.4645,176.4023,254.8668,6912.8489,558.1938,3813.8897611963007,-2179.2381826123105,-5351.676754403815,-3978.556165090399,-1861.6994946377781,-5351.676754403815,-50.7947,-154.9235,4
2810,STARLINK-3194,satellite,2,158,53.2357,84.5323,130.2953,49.9169,180.2122,6924.2213,540.3628,-643.9565446877134,-6888.43494229602,-20.52650515795446,-5259.214003290062,4495.095555523669,-20.52650515795446,-0.171,139.4792,5
2811,STARLINK-3204,satellite,2,158,53.2073,84.5521,71.2053,168.9171,240.1224,6915.0327,555.4574,3251.7131310907926,-3774.5790343342774,-4807.3317397891215,-4958.6030211316465,-483.0540882430005,-4807.3317397891215,-44.1542,-174.436,9
2812,STARLINK-3199,satellite,2,158,53.22,84.5104,88.1144,52.0692,140.1836,6919.2328,541.0435,-3146.4571217912744,-5032.364372624886,3545.71712848652,-2300.352094317548,5471.1300332110695,3545.71712848652,31.0113,112.8045,5
2813,STARLINK-3203,satellite,2,158,53.2311,84.5487,127.8999,72.1785,200.0784,6922.836,544.6531,798.3107496004486,-6606.241931055767,-1903.367456873897,-5859.5249348506695,3153.6803963671264,-1903.367456873897,-16.0564,151.7102,8
2814,STARLINK-3195,satellite,2,158,53.1987,84.5264,54.5009,45.5487,100.0496,6912.3338,545.7284,-4172.633725152365,-811.5780727363431,5448.500942913318,1740.7169198931513,3878.0711413308336,5448.500942913318,52.211,65.8265,4
2815,STARLINK-3198,satellite,2,158,53.2316,84.517,110.7725,49.4333,160.2057,6922.8481,539.5933,-2017.3289776807067,-6343.774960508304,1876.1753031265205,-4022.7724947582146,5303.809801376665,1876.1753031265205,15.833,127.1792,5
2816,STARLINK-3227,satellite,2,158,53.2049,84.5256,61.497,53.4276,114.9246,6914.193,544.0563,-4014.5223320351656,-2541.0183008656186,5018.691128803466,236.0717974346209,4745.253804192042,5018.691128803466,46.7458,87.1519,4
2817,STARLINK-3190,satellite,2,158,53.2233,84.5644,85.474,309.2757,34.7497,6920.2742,540.4014,-1810.699153792409,5878.897120907985,3156.617379932888,5848.31918673511,-1907.1511407937046,3156.617379932888,27.3091,-18.0613,6
2818,STARLINK-3192,satellite,2,158,53.1984,84.5401,117.0031,323.0228,80.0259,6912.3793,545.2207,-3944.492566561103,1579.3242918458334,5449.340028206436,3563.466084956811,2314.08649100087,5449.340028206436,52.2278,32.9994,9
2819,STARLINK-3196,satellite,2,158,53.2353,84.5334,51.5019,308.4263,359.9281,6924.2624,540.5554,664.2806866765698,6886.725415437133,-6.951339888318166,5246.107007827335,-4510.722452195898,-6.951339888318166,-0.0579,-40.6897,7
2820,STARLINK-3208,satellite,2,158,53.2343,84.5774,47.8443,306.852,354.6963,6924.1789,541.3256,1032.1910914677464,6822.711440988867,-512.3691939718357,4981.814505308507,-4774.550669016249,-512.3691939718357,-4.2728,-43.783,10
2821,STARLINK-3191,satellite,2,158,53.2169,84.5582,102.735,212.0401,314.7751,6918.0654,551.3334,3391.6492117735766,4574.695226107576,-3935.783878472871,1785.0114278873016,-5407.85123591686,-3935.783878472871,-34.8148,-71.7331,12
2822,STARLINK-3201,satellite,2,158,53.2201,84.5096,92.6889,227.2888,319.9777,6919.1817,549.8356,3160.3479620019907,5021.700744366003,-3565.485773586217,2283.633044538561,-5476.3398109309965,-3565.485773586217,-31.159,-67.3639,14
2823,STARLINK-3297,satellite,2,178,53.2353,204.54,125.2839,49.7892,175.073,6924.1245,540.0848,6417.664920600036,2539.1724575794774,475.9897774430412,-1622.1472663811478,-6708.387142123107,475.9897774430412,3.9697,-103.5937,7
2824,STARLINK-3304,satellite,2,178,53.2064,204.5122,63.9172,56.2844,120.2016,6915.0559,543.7105,4647.802354046485,-1812.7381974905563,4783.498009775261,-4159.456611631798,-2754.45224879174,4783.498009775261,43.9736,-146.4869,5
2825,STARLINK-3306,satellite,2,166,53.227,184.5399,112.987,97.2133,210.2003,6921.1163,546.9827,5798.424521542925,2551.309217999766,-2788.9283467974433,-1255.4529742879984,-6209.246611887169,-2788.9283467974433,-23.8924,-101.4306,4
2826,STARLINK-3298,satellite,2,178,53.2327,204.5508,131.3214,68.8046,200.126,6922.8174,544.3908,5318.5421975429435,3996.590748455057,-1907.6625252078475,202.3242389667575,-6649.713799856953,-1907.6625252078475,-16.0942,-88.2573,3
2827,STARLINK-3305,satellite,2,157,53.2024,194.4508,58.1275,51.917,110.0445,6913.3802,544.5219,3264.0482509002786,-3174.5040809008506,5198.460665383142,-4475.241558397904,-838.8683674150703,5198.460665383142,48.9615,-169.3833,6
2828,STARLINK-3271,satellite,2,178,53.2089,204.5652,70.87,164.0869,234.9569,6916.0116,554.0822,2204.130733242393,4739.891940934677,-4539.074695623411,2604.2210347264086,-4532.416651550215,-4539.074695623411,-41.1444,-60.1193,13
2829,STARLINK-3301,satellite,2,157,53.1996,194.544,79.1893,175.9813,255.1705,6912.8009,558.2021,708.4250267465678,4325.757709933571,-5359.183640376583,3127.4789130744657,-3071.306144272363,-5359.183640376583,-50.8929,-44.4808,5
2830,STARLINK-3245,satellite,2,157,53.2165,194.5091,80.6336,54.616,135.2496,6918.1604,541.8587,5483.163098362795,-1591.3711884980871,3898.0073970296617,-4459.815135117061,-3564.7705092207675,3898.0073970296617,34.4879,-141.3643,13
2831,STARLINK-3286,satellite,2,157,53.2108,194.5548,109.9864,305.0144,55.0009,6916.0673,543.0063,-2985.0749660744455,-4278.262063131931,4534.356675526257,-1776.970339496494,4904.75027360904,4534.356675526257,41.1727,109.9152,4
2832,STARLINK-3287,satellite,2,157,53.2351,194.5283,124.751,50.5242,175.2752,6924.1401,540.0853,6759.716196311657,1399.409429672647,456.5041181530738,-2750.7992897189,-6331.288421341808,456.5041181530738,3.8069,-113.4838,4
2833,STARLINK-3289,satellite,2,166,53.2174,184.2912,80.8714,57.1652,138.0366,6913.0021,536.4712,5329.50432145972,-2373.860081529317,3699.719835232065,-5010.848337290426,-2988.3485305114573,3699.719835232065,32.5409,-149.1892,9
2834,STARLINK-3292,satellite,2,181,53.2352,190.1423,49.352,307.5734,356.9255,6924.1918,541.0191,-6840.3042125666225,-998.0123718448473,-297.2915357504193,3125.309865110155,6165.892365412909,-297.2915357504193,-2.4778,63.1209,4
2835,STARLINK-3291,satellite,2,157,53.2048,194.5151,61.0709,54.0116,115.0825,6914.226,544.1148,3775.8467742407083,-2895.0686970939623,5012.3039401693395,-4541.71832161568,-1418.180633959492,5012.3039401693395,46.6681,-162.6587,5
2836,STARLINK-3293,satellite,2,157,53.2246,194.554,97.2039,118.0047,215.2086,6920.1581,548.4751,4873.811084126283,3733.861863895006,-3196.687760745425,243.81519597495463,-6134.844175088182,-3196.687760745425,-27.6496,-87.7241,9
2837,STARLINK-3282,satellite,2,157,53.2307,194.5141,104.9377,50.1053,155.043,6922.1131,539.8758,6507.4673960133505,-119.58548691451143,2337.4211387531614,-3847.0095957455674,-5249.947596795503,2337.4211387531614,19.8678,-126.2329,12
2838,STARLINK-3283,satellite,2,157,53.2335,194.5446,133.9775,61.1596,195.1372,6923.4329,543.2184,6194.5710261429185,2724.650376252597,-1447.660656731184,-1342.0126062770005,-6632.905248481721,-1447.660656731184,-12.1474,-101.438,4
2839,STARLINK-3265,satellite,2,157,53.1976,194.5425,89.6126,180.1524,269.765,6912.0604,559.0255,-1013.9350011622088,4021.7447650761164,-5543.590090593942,3871.3304115559135,-1488.3870419219843,-5543.590090593942,-53.3666,-21.03,4
2840,STARLINK-3285,satellite,2,157,53.2135,194.5196,108.5255,201.334,309.8596,6917.0025,552.6535,-5092.913275785194,1968.2032469689366,-4255.81824756555,4542.975157129727,3028.6905384588676,-4255.81824756555,-38.1066,33.6904,4
2841,STARLINK-3277,satellite,2,157,53.2018,194.3908,121.4294,313.714,75.1433,6912.7916,544.8679,-721.8493391453077,-4315.623228760782,5348.3452570371965,-3111.4611483295153,3076.439475023055,5348.3452570371965,50.8864,135.3243,6
2842,STARLINK-3281,satellite,2,157,53.2298,194.5143,57.5228,277.4904,335.0132,6922.0401,545.7473,-6512.014219237818,121.9720189228794,-2341.993427080699,3851.5798609517033,5252.288923856618,-2341.993427080699,-19.8906,53.7469,4
2843,STARLINK-3279,satellite,2,157,53.1978,194.5667,93.9502,181.1193,275.0695,6912.0922,559.0118,-1631.1849467397462,3844.6703078177507,-5522.039365848011,4082.2270455485086,-881.8596571326318,-5522.039365848011,-53.0694,-12.19,4
2844,STARLINK-3274,satellite,2,178,53.2188,204.5575,84.3646,135.8241,220.1886,6919.1173,549.8908,3698.1646291423663,4630.498318780661,-3577.7439893466753,1654.0234422865776,-5690.530973190172,-3577.7439893466753,-31.2777,-73.7928,12
2845,STARLINK-3272,satellite,2,166,53.2015,184.539,122.8091,310.3251,73.1342,6912.3403,544.4152,-1685.040731184945,-4107.285123398545,5295.143927809894,-2386.2358312435285,3743.665571112462,5295.143927809894,50.1977,122.5137,6
2846,STARLINK-3268,satellite,2,166,53.2125,184.5122,76.6274,53.617,130.2445,6917.0768,542.3231,4700.522229986371,-2798.5485178105346,4225.533479142836,-4995.578318375062,-2229.569533815121,4225.533479142836,37.8548,-155.9484,6
2847,STARLINK-3273,satellite,2,178,53.1994,204.5389,121.4948,318.5665,80.0613,6912.3283,545.4831,608.4245492676969,-4204.4304399496095,5450.207341970428,-3787.013451100102,1925.0830833274085,5450.207341970428,52.2367,153.054,6
2848,STARLINK-3259,satellite,2,166,53.2252,184.5117,100.5572,49.6464,150.2036,6921.1972,540.0111,6143.815110619158,-1578.6792384562073,2752.27867290692,-4830.075037434151,-4112.063640577617,2752.27867290692,23.5849,-139.5907,7
2849,STARLINK-3261,satellite,2,166,53.1975,184.5331,88.8528,1.2575,90.1103,6911.96,545.3237,340.40918225734356,-4125.320932476923,5532.64788415911,-3567.9370556849935,2098.5653132479065,5532.64788415911,53.3673,149.5371,6
2850,STARLINK-3266,satellite,2,166,53.2014,184.5177,59.0355,51.1417,110.1771,6913.4337,544.5164,2682.24662761936,-3685.5874887500145,5194.005149989174,-4557.76899775983,-68.87576979909983,5194.005149989174,48.9053,-179.1342,4
2851,STARLINK-3267,satellite,2,166,53.2349,184.5412,133.6185,56.6201,190.2386,6923.8352,542.2015,6730.043069515864,1273.0526001895594,-985.3500593075552,-2836.9803002749272,-6234.234950355969,-985.3500593075552,-8.2365,-114.4686,4
2852,STARLINK-3264,satellite,2,166,53.1989,184.5295,88.9114,181.2029,270.1144,6911.9943,558.7035,-341.2926503292826,4133.155433824974,-5543.461435960333,3574.849555690698,-2102.3570504326135,-5543.461435960333,-53.3683,-30.4596,4
2853,STARLINK-3270,satellite,2,166,53.2345,184.5421,59.2615,310.7605,10.0219,6923.8652,539.7616,-6733.476239059255,-1257.7124844603647,964.3663006660164,2851.4964838571664,6228.202851392466,964.3663006660164,8.0628,65.4,4
2854,STARLINK-3235,satellite,2,166,53.2016,184.5083,75.6396,174.5016,250.1412,6913.4062,557.3947,2038.0247798885168,4073.2920860805775,-5214.203433725946,2155.0805908692587,-4012.590319086277,-5214.203433725946,-49.0375,-61.7607,9
2855,STARLINK-3256,satellite,2,166,53.2255,184.5536,80.1986,309.8507,30.0494,6921.1491,540.1591,-5801.981942134807,-2541.5825194095214,2773.520073428917,1265.4526459254284,6206.550230260508,2773.520073428917,23.7774,78.4759,4
2856,STARLINK-3257,satellite,2,166,53.2299,184.6387,124.2353,80.7562,204.9915,6922.0144,545.6096,6111.141584045991,2252.0037253062724,-2342.3596040990374,-1680.2602898203318,-6292.399987087786,-2342.3596040990374,-19.8943,-104.9509,4
2857,STARLINK-3254,satellite,2,166,53.2329,184.53,43.2457,301.5283,344.7741,6923.3912,542.9367,-6742.27068608484,557.0586196938942,-1455.8763252672522,4339.8576587867665,5189.8134659816105,-1455.8763252672522,-12.2179,50.0968,4
2858,STARLINK-3260,satellite,2,155,53.2137,154.5073,105.882,203.9846,309.8667,6916.9985,552.4572,-2635.904899326904,4781.79752185309,-4255.267620657015,5427.051183077384,-600.5810807495494,-4255.267620657015,-38.1021,-6.3149,4
2859,STARLINK-3323,satellite,2,130,53.2259,104.5523,113.7663,96.4597,210.2259,6921.1113,546.9389,3521.76114710654,-5264.577045261994,-2791.0167650519306,-6332.033327947261,154.68347207704224,-2791.0167650519306,-23.9115,178.6006,7
2860,STARLINK-3333,satellite,2,130,53.2131,104.557,73.3397,156.7966,230.1363,6917.0376,552.7189,4195.1782035743345,-3495.0004810102664,-4255.578869589664,-5273.666760770487,-1415.2693801364078,-4255.578869589664,-38.1037,-164.9778,5
2861,STARLINK-3335,satellite,2,130,53.2022,104.5489,75.9876,174.1358,250.1233,6913.4134,557.4126,4366.273114248978,-1298.7440476747336,-5213.672223047977,-3577.1433887511116,-2820.4826157766392,-5213.672223047977,-49.0306,-141.7452,4
2862,STARLINK-3355,satellite,2,130,53.2018,104.5184,103.7163,186.3151,290.0314,6913.4382,557.3825,3177.2909625058523,3272.526744182337,-5208.527574362988,844.1925649467164,-4482.404272831568,-5208.527574362988,-48.9661,-79.3341,9
2863,STARLINK-3232,satellite,2,130,53.1976,104.5338,89.9512,180.1099,270.0612,6912.015,559.2466,4013.075790976934,1048.0143503044728,-5543.810395737764,-1455.5378372831228,-3883.8796308338933,-5543.810395737764,-53.3671,-110.5442,4
2864,STARLINK-3338,satellite,2,130,53.2133,104.6146,76.2288,53.8675,130.0963,6917.0712,542.2747,-1940.6960320026442,-5106.981542914466,4234.7608852815965,-3056.037405779339,4528.597679500501,4234.7608852815965,37.9522,124.0127,7
2865,STARLINK-3324,satellite,2,153,53.2045,114.5173,61.1669,53.9648,115.1317,6914.1976,544.038,-2191.658295143259,-4225.527998169241,5010.214139935326,-2190.9941622294023,4225.8723983408545,5010.214139935326,46.6435,117.4054,5
2866,STARLINK-3234,satellite,2,153,53.21,114.5557,108.9931,306.0057,54.9988,6916.0335,542.8522,-4731.614643180396,2196.8811799294267,4534.093606594373,4521.722312749551,2601.6324445759265,4534.093606594373,41.1709,29.9145,10
2867,STARLINK-3341,satellite,2,153,53.1998,114.5453,121.306,313.7398,75.0458,6912.8139,544.9237,-4378.578306147625,-39.309029397944755,5345.831561867403,2490.581880376507,3601.4573550160267,5345.831561867403,50.8529,55.3343,4
2868,STARLINK-3336,satellite,2,153,53.2355,114.5295,124.5843,50.5795,175.1638,6924.178,540.2669,2544.3937880302096,-6416.4389623777215,467.25590076197244,-6710.393372408032,1617.1733036468227,467.25590076197244,3.8966,166.4504,4
2869,STARLINK-3327,satellite,2,153,53.2169,114.5119,81.3483,53.8266,135.1749,6918.1488,541.7201,-620.8523212427028,-5671.9010916907855,3903.065085785138,-4278.197483974915,3775.3073897136233,3903.065085785138,34.5397,138.5731,7
2870,STARLINK-3339,satellite,2,153,53.2103,114.5561,70.935,164.1232,235.0582,6916.0157,554.0446,4739.057954070893,-2194.038730324639,-4544.738799407755,-4523.68750221926,-2609.353871070849,-4544.738799407755,-41.207,-150.0228,4
2871,STARLINK-3346,satellite,2,153,53.2332,114.4299,63.8287,311.223,15.0517,6923.4277,539.5419,-3741.3677697239577,5636.765076098905,1438.9126748860067,6762.765397091326,-189.62461697183898,1438.9126748860067,12.0795,-1.6061,5
2872,STARLINK-3343,satellite,2,153,53.1987,114.5304,92.9939,181.9621,274.956,6912.1206,558.937,3510.6530077587117,2259.6154316682387,-5522.999211198953,-175.77154418063324,-4171.288866067044,-5522.999211198953,-53.0834,-92.4129,5
2873,STARLINK-3334,satellite,2,153,53.1985,114.531,70.6986,24.4109,95.1095,6912.0799,545.5333,-3495.3116007574176,-2271.6577853020126,5510.998492960292,157.0898582253196,4165.687825120285,5510.998492960292,53.0657,87.8404,4
2874,STARLINK-3332,satellite,2,153,53.2003,114.5443,77.9034,177.1771,255.0805,6912.8342,557.952,4385.687711547183,43.23587884392012,-5356.8135017652885,-2491.468361833157,-3609.5306407370726,-5356.8135017652885,-50.8644,-124.6153,4
2875,STARLINK-3329,satellite,2,153,53.2337,114.5468,132.3475,62.8487,195.1962,6923.4155,543.353,3762.1870283726416,-5623.883309642339,-1453.203805850979,-6764.23153114632,165.18628870137184,-1453.203805850979,-12.1944,178.6011,5
2876,STARLINK-3290,satellite,2,153,53.1975,114.425,88.3386,181.5332,269.8717,6912.0198,559.0425,3782.7538364566235,1700.9027741878804,-5543.629102970256,-789.2030560970223,-4071.787736451208,-5543.629102970256,-53.3669,-100.9692,4
2877,STARLINK-3294,satellite,2,153,53.2281,114.5169,104.7873,50.3455,155.1328,6922.1157,539.8876,1019.71631986996,-6431.1048952738165,2329.470469438314,-5843.940003914791,2871.8107141084984,2329.470469438314,19.7975,153.8297,5
2878,STARLINK-3278,satellite,2,179,53.207,124.5551,113.8632,306.1249,59.988,6915.0689,543.483,-4912.762701379349,813.999119495599,4792.537583747005,3495.7986032379094,3546.4382205536317,4792.537583747005,44.0797,45.412,5
2879,STARLINK-3299,satellite,2,153,53.2343,114.5964,47.365,307.5728,354.9378,6924.1013,541.1841,-2536.430467954175,6418.943020995396,-489.09176571921824,6707.851998258677,-1625.1247936724162,-489.09176571921824,-4.0785,-13.6188,4
2880,STARLINK-3328,satellite,2,179,53.2099,124.6051,108.2982,306.4814,54.7796,6916.0646,542.8468,-5047.193541704473,1360.509655482368,4521.9385094290665,4019.938426241213,3341.4434335049596,4521.9385094290665,41.0371,39.734,6
2881,STARLINK-3331,satellite,2,179,53.2198,124.5155,87.5507,52.5876,140.1384,6919.2182,541.1688,820.8884182183792,-5876.090907973697,3549.1233505291852,-5275.747662253466,2714.551299600601,3549.1233505291852,31.0437,152.7726,6
2882,STARLINK-3310,satellite,2,179,53.2075,124.6304,66.3296,53.6284,119.958,6915.06,543.4339,-989.6181920392073,-4877.7848209447375,4795.13128806504,-3416.666572236088,3619.1875413714515,4795.13128806504,44.1101,133.3512,7
2883,STARLINK-3330,satellite,2,179,53.2103,124.3332,69.8207,165.2447,235.0654,6916.0098,553.942,5042.579320087468,-1356.6283733882228,-4545.067383442872,-4014.1076029012374,-3339.908216581145,-4545.067383442872,-41.2113,-140.2381,4
2884,STARLINK-3318,satellite,2,153,53.2288,114.5131,53.4365,281.5444,334.9809,6922.037,545.337,-1007.8331833841784,6433.292515722071,-2344.653176016824,5838.881594592054,-2882.7837315189004,-2344.653176016824,-19.9154,-26.2766,8
2885,STARLINK-3320,satellite,2,179,53.2059,124.5543,70.899,169.2919,240.1909,6915.0299,555.2109,4915.11512697996,-793.7448371904642,-4810.356761034206,-3480.5992111227265,-3560.030436606631,-4810.356761034206,-44.1911,-134.3536,4
2886,STARLINK-3295,satellite,2,179,53.1984,124.5411,82.7393,177.3029,260.0422,6912.3934,558.7587,4043.7784642637935,1330.0249761361104,-5460.287900315564,-1242.7271306717166,-4071.4542836536857,-5460.287900315564,-52.2311,-106.9737,4
2887,STARLINK-3300,satellite,2,179,53.2307,124.5491,129.7368,70.4224,200.1592,6922.8048,544.5143,4860.507343268425,-4541.506626423543,-1910.662325446275,-6512.3517550905435,-1356.1300416200327,-1910.662325446275,-16.1199,-168.2369,5
2888,STARLINK-3302,satellite,2,179,53.1985,124.5252,97.6925,182.4103,280.1028,6912.3722,558.7186,2675.720895568784,3314.8230951573887,-5457.831897487317,1167.7420759881365,-4096.817411984472,-5457.831897487317,-52.1984,-74.0905,8
2889,STARLINK-3326,satellite,2,179,53.2316,124.5202,51.5276,288.3628,339.8904,6922.7822,544.4857,-2509.4340274893684,6161.931654347473,-1906.1724501362835,6482.23106106212,-1499.1135121038599,-1906.1724501362835,-16.0811,-13.0216,4
2890,STARLINK-3230,satellite,2,179,53.1982,124.5263,57.9886,42.1367,100.1253,6912.3325,545.2512,-2668.7275616228912,-3310.4819148659544,5446.814676861378,-1168.2230317754647,4088.600280640009,5446.814676861378,52.1934,105.9461,4
2891,STARLINK-3308,satellite,2,179,53.2069,124.6291,107.8972,191.9995,299.8967,6915.0604,554.9932,996.8794261170203,4881.924889099619,-4806.05808737571,3415.866888194882,-3627.5077691384117,-4806.05808737571,-44.1433,-46.7211,6
2892,STARLINK-3315,satellite,2,179,53.2311,124.549,68.9757,311.0035,19.9792,6922.8124,539.5793,-4851.203459491191,4551.378910815216,1892.9657304202922,6515.060400524817,1342.8376568692918,1892.9657304202922,15.9784,11.6463,5
2893,STARLINK-3311,satellite,2,179,53.2188,124.5101,94.0421,225.9594,320.0015,6919.1881,549.8236,-809.040268507063,5879.089695044363,-3563.655374947828,5271.372413568676,-2725.963073100947,-3563.655374947828,-31.1413,-27.3447,6
2894,STARLINK-3312,satellite,2,158,53.2075,84.5123,107.9446,192.0745,300.0191,6915.066,555.349,3904.987730484833,3104.378500740286,-4800.45134188456,287.49608742212774,-4980.305317027517,-4800.45134188456,-44.0758,-86.6962,10
2895,STARLINK-3314,satellite,2,179,53.1992,124.4667,116.5199,323.5752,80.0951,6912.3664,545.2723,-4034.542025786348,-1327.707123654153,5450.586168225716,1239.3000567089784,4062.569498910673,5450.586168225716,52.2441,73.0355,4
2896,STARLINK-3366,satellite,2,151,53.2059,234.5186,107.2891,187.7135,295.0025,6914.2036,556.601,-4758.782537556409,-201.48526631245028,-5024.694859439455,2577.0819907768914,4005.653001085619,-5024.694859439455,-46.708,57.2443,4
2897,STARLINK-3350,satellite,2,151,53.2018,234.5428,126.1322,308.8976,75.0297,6912.8175,545.0778,2221.728668381984,-3773.7342126865515,5345.69048780974,-4364.488601250554,358.3119220251366,5345.69048780974,50.8495,175.3067,4
2898,STARLINK-3176,satellite,2,151,53.2319,234.5458,132.7468,62.4493,195.1961,6923.3916,543.2348,2989.350781208487,6069.963191692559,-1453.1377936435633,3238.9449721914957,-5940.530844018044,-1453.1377936435633,-12.1941,-61.3995,6
2899,STARLINK-3362,satellite,2,151,53.1979,234.5269,73.3053,21.7982,95.1034,6912.0699,545.1796,3714.2997583669558,-1892.017805522013,5510.725346744407,-3686.419375825884,-1945.7816570603857,5510.725346744407,53.0658,-152.1738,8
2900,STARLINK-3358,satellite,2,151,53.2353,234.481,48.008,306.9943,355.0023,6924.1539,541.2339,-4298.266588607225,-5400.738363444604,-482.8827178670227,-1937.8275791227527,6624.793944773734,-482.8827178670227,-4.0266,106.3048,4
2901,STARLINK-3344,satellite,2,151,53.2277,234.493,105.3907,49.8218,155.2125,6922.0982,539.7873,5059.395739144394,4102.797287685079,2322.444405575942,438.4384529109056,-6499.092440650277,2322.444405575942,19.7356,-86.1406,47
2902,STARLINK-3173,satellite,2,151,53.1981,234.5321,93.892,181.1677,275.0597,6912.1062,559.1271,-3719.1234520505145,1899.9440466117642,-5522.236453993668,3695.677013575439,1945.1575882631578,-5522.236453993668,-53.0708,27.7593,4
2903,STARLINK-3374,satellite,2,151,53.232,234.4948,120.4987,49.5216,170.0203,6923.8843,539.8445,4540.926057936846,5129.377634333343,960.3208304669406,1576.2243499700642,-6666.78642059354,960.3208304669406,8.0287,-76.6979,9
2904,STARLINK-3372,satellite,2,151,53.2224,234.5567,97.0662,118.0939,215.1602,6920.1752,548.5727,1337.404146827353,5994.441137579374,-3192.8204998940155,4128.983815826502,-4546.8084468666275,-3192.8204998940155,-27.6129,-47.7572,12
2905,STARLINK-3375,satellite,2,151,53.2037,234.5122,62.6455,52.4978,115.1433,6914.1951,543.8527,4755.637590666175,215.495796945159,5009.5551415988475,-2563.8185960802552,-4011.154639084771,5009.5551415988475,46.6372,-122.5856,68
2906,STARLINK-3397,satellite,2,151,53.1992,234.5469,78.7136,176.3723,255.0859,6912.8253,558.2446,-2231.083604839275,3776.162386145824,-5357.097011670692,4371.863088679857,-352.0646988321237,-5357.097011670692,-50.8651,-4.6041,4
2907,STARLINK-3243,satellite,2,151,53.2341,234.5142,133.3349,56.6989,190.0338,6923.8599,542.1658,3367.9619314736283,5967.311187096072,-965.8311259617067,2936.9066476102957,-6190.844023129637,-965.8311259617067,-8.0723,-64.6206,5
2908,STARLINK-3391,satellite,2,151,53.2223,234.4441,87.2079,307.8525,35.0604,6920.1853,540.7649,-1356.4844432616883,-5987.268685093864,3181.339400091471,-4112.128364511948,4558.271236564677,3181.339400091471,27.5391,132.0544,7
2909,STARLINK-3394,satellite,2,151,53.211,234.556,72.5593,162.2317,234.791,6916.2638,554.2123,-445.0198207753957,5216.382806607353,-4530.075909515675,4519.982384404647,-2641.675882962075,-4530.075909515675,-41.0445,-30.3039,4
2910,STARLINK-3398,satellite,2,151,53.2251,234.563,82.9637,306.7999,29.7636,6921.2109,540.6038,-1806.1418704058117,-6082.654259819384,2749.76171010348,-3931.0218855011854,4980.752778069054,2749.76171010348,23.5599,128.282,6
2911,STARLINK-3399,satellite,2,151,53.2124,234.521,106.4497,203.2805,309.7302,6916.9791,552.6826,-5164.46488306983,-1752.7511424538352,-4263.769273284144,1542.8956670077837,5230.994843867015,-4263.769273284144,-38.1902,73.5664,4
2912,STARLINK-3392,satellite,2,151,53.2103,234.5552,111.5955,303.4191,55.0146,6915.9689,543.1468,464.64672616955613,-5195.4557330197895,4535.177336980852,-4514.18575367397,2613.5768278807595,4535.177336980852,41.1807,149.9305,7
2913,STARLINK-3389,satellite,2,176,53.2357,244.5344,128.6808,51.5036,180.1844,6924.2926,540.6959,2962.8299775573178,6252.324904650625,-17.843046258610286,3403.2773433894467,-6023.921605831107,-17.843046258610286,-0.1487,-60.5353,6
2914,STARLINK-3387,satellite,2,176,53.2098,244.5658,70.2526,164.6293,234.8819,6916.0322,554.1658,-1352.2959642871679,5053.139165185456,-4535.02330110012,4909.281700325164,-1806.0656091656772,-4535.02330110012,-41.0992,-20.198,4
2915,STARLINK-3386,satellite,2,176,53.2344,244.5565,132.8077,62.1543,194.9619,6923.4396,543.2117,1906.6732156554017,6496.791800371608,-1431.3089233788949,4211.594200116412,-5301.526265352201,-1431.3089233788949,-12.0082,-51.536,13
2916,STARLINK-3370,satellite,2,176,53.2224,244.5655,98.189,116.7841,214.9731,6920.2159,548.4716,290.7884333584936,6142.568532116468,-3177.979937362103,4853.060993524156,-3776.705585276257,-3177.979937362103,-27.4743,-37.8904,10
2917,STARLINK-3400,satellite,2,176,53.2203,244.51,94.4285,225.5806,320.0091,6919.1789,549.8914,-4686.763342453658,-3640.9736800519354,-3563.2009427561366,-275.66075282342257,5928.444240806448,-3563.2009427561366,-31.1366,92.6622,4
2918,STARLINK-3396,satellite,2,176,53.2358,244.5307,123.2643,51.6661,174.9304,6924.1988,540.5664,3293.9031337136403,6064.428936734642,489.7664197361237,3058.954222799663,-6186.266664621653,489.7664197361237,4.0845,-63.6888,9
2919,STARLINK-3395,satellite,2,176,53.1986,244.5422,82.4671,177.6315,260.0986,6912.3676,558.7333,-3177.2712732488867,2831.159701926279,-5461.219713312749,4144.614295307356,965.7589475421948,-5461.219713312749,-52.244,13.1167,4
2920,STARLINK-3388,satellite,2,176,53.2074,244.5133,108.6096,191.429,300.0386,6915.0649,555.3566,-4731.475332581789,-1583.7944665160792,-4799.513050622952,1431.5253376302467,4779.748836782066,-4799.513050622952,-44.0649,73.3271,4
2921,STARLINK-3393,satellite,2,176,53.1973,244.5238,98.0306,182.0389,280.0694,6912.3732,558.7971,-4207.3899796845635,663.754687807152,-5458.371372382744,2966.5976822479383,3056.468373534593,-5458.371372382744,-52.2049,45.8549,4
2922,STARLINK-3356,satellite,2,176,53.2309,244.517,50.0205,289.9643,339.9848,6922.8025,544.3946,-4077.8363615367803,-5260.193297687703,-1897.554522381444,-1949.9542829288762,6363.651562978404,-1897.554522381444,-16.0067,107.0361,5
2923,STARLINK-3363,satellite,2,176,53.2097,244.4504,109.0161,305.7862,54.8023,6916.0769,542.9338,1333.5624414305503,-5053.325386640107,4523.242630847797,-4898.6406181376415,1821.4846534592766,4523.242630847797,41.0508,159.6031,6
2924,STARLINK-3253,satellite,2,176,53.1989,244.3231,60.4071,39.8153,100.2223,6912.3804,545.2049,4202.763283723966,-659.8845103091895,5445.18028576408,-2960.768748122023,-3054.9165628717587,5445.18028576408,52.1718,-134.1034,27
2925,STARLINK-3180,satellite,2,176,53.2061,244.5521,114.5754,305.4298,60.0052,6915.0507,543.4997,1752.5992141651836,-4660.35570638867,4793.31981720093,-4818.876145569518,1252.578144956603,4793.31981720093,44.0886,165.4295,4
2926,STARLINK-3177,satellite,2,176,53.2306,244.5464,70.0156,309.9331,19.9487,6922.8069,539.5601,-1518.6926334799807,-6477.124248546634,1890.1795655597646,-4419.053417996409,4973.080809215894,1890.1795655597646,15.9543,131.6241,6
2927,STARLINK-3172,satellite,2,176,53.1982,244.5393,70.8835,23.9899,94.8735,6912.0613,545.3817,3976.193356271755,-1243.0220698422527,5512.829591340102,-3306.855471472036,-2533.7569661216567,5512.829591340102,53.0926,-142.5402,19
2928,STARLINK-3175,satellite,2,176,53.2226,244.5689,83.2178,311.497,34.7148,6920.2419,539.9854,-311.5694267356386,-6144.609528051197,3153.6252189132147,-4842.756255286163,3794.8667449306668,3153.6252189132147,27.2828,141.9171,8
2929,STARLINK-3179,satellite,2,176,53.2194,244.5127,87.3486,52.7828,140.1314,6919.2294,541.1476,4678.700888487024,3648.0568552643776,3549.6059376496883,286.095321392653,-5925.935393695068,3549.6059376496883,31.0485,-87.236,96
2930,STARLINK-3184,satellite,2,182,53.2164,254.5566,77.2564,147.8911,225.1476,6918.0806,551.4136,-1532.4364718522186,5488.660210283628,-3930.5384567165956,5369.040358917371,-1909.7534051625653,-3930.5384567165956,-34.7613,-19.5803,4
2931,STARLINK-3185,satellite,2,176,53.2042,244.5273,62.0181,52.8963,114.9144,6914.1705,543.9626,4641.259830160796,1013.6954175983088,5018.987409240179,-1845.5154832111273,-4377.549978235775,5018.987409240179,46.7502,-112.8596,86
2932,STARLINK-3354,satellite,2,176,53.2,244.5531,122.8467,311.9913,74.838,6912.8278,544.9287,2831.1244534209554,-3348.7188244300573,5340.658947917399,-4368.206768289184,-384.64667595455944,5340.658947917399,50.785,-174.9677,5
2933,STARLINK-3359,satellite,2,182,53.2307,254.6785,138.3738,59.3835,197.7573,6920.5382,540.494,522.7668279438686,6687.333734472956,-1689.9709715736803,5164.668179056973,-4280.177593611607,-1689.9709715736803,-14.2253,-39.65,12
2934,STARLINK-3360,satellite,2,182,53.2319,254.3663,69.4711,310.4242,19.8953,6922.834,539.643,-395.895054873865,-6642.456309548391,1885.3765354517673,-5201.084805874648,4150.623514706276,1885.3765354517673,15.9125,141.4091,3
2935,STARLINK-3357,satellite,2,176,53.235,244.1462,51.5656,308.6571,0.2227,6924.2378,540.5649,-3002.5762241943426,-6233.177777801129,21.53970186467688,-3364.7277963471847,6045.376419070991,21.53970186467688,0.1795,119.0994,5
2936,STARLINK-3364,satellite,2,182,53.2242,254.1278,93.6186,51.7923,145.4109,6920.3042,540.6577,3817.1314126942116,4832.4934227267695,3144.0185888389415,1750.5806275560324,-5904.147048380479,3144.0185888389415,27.1901,-73.4849,55
2937,STARLINK-3181,satellite,2,125,53.2135,224.5098,76.6283,53.5128,130.141,6917.0952,542.2211,5396.148352583032,867.3187414267642,4231.962527269308,-2400.0835629726776,-4910.21972350149,4231.962527269308,37.9231,-116.0491,80
2938,STARLINK-3166,satellite,2,125,53.2224,224.5192,93.6407,51.4053,145.0461,6920.1786,540.5521,5703.491145814676,2282.3477311675074,3172.82575138756,-1420.5916140952932,-5976.69154987222,3172.82575138756,27.4602,-103.3704,68
2939,STARLINK-3419,satellite,2,125,53.2013,224.5167,104.8643,185.3051,290.1695,6913.3985,557.2214,-4431.40250379603,1102.0629012607274,-5203.80285226985,3453.9112117504983,2987.0333326444716,-5203.80285226985,-48.9081,40.8541,4
2940,STARLINK-3189,satellite,2,125,53.2346,224.5416,133.2783,56.9107,190.1889,6923.8675,542.243,4340.431415584604,5299.502566433227,-980.6204678707667,1830.7897986042392,-6600.930316126112,-980.6204678707667,-8.1967,-74.4985,5
2941,STARLINK-3401,satellite,2,125,53.2254,224.5524,112.9086,97.2676,210.1762,6921.1379,547.0049,2802.7235879233554,5682.212846861017,-2786.86268630187,3029.544088512632,-5564.590278097078,-2786.86268630187,-23.8735,-61.4347,14
2942,STARLINK-3178,satellite,2,125,53.2119,224.5076,108.7308,201.2842,310.015,6917.0116,552.5415,-5400.102207269664,-855.95648226038,-4246.030602319999,2411.6484569043646,4906.905039716283,-4246.030602319999,-38.0043,63.8268,4
2943,STARLINK-3174,satellite,2,125,53.1975,224.4902,90.8629,179.2531,270.116,6912.0121,559.2527,-2916.630739551335,2948.9961248437667,-5543.799870962201,4090.759689393882,684.8344171180291,-5543.799870962201,-53.3669,9.5038,4
2944,STARLINK-3182,satellite,2,125,53.235,224.5241,120.6627,49.537,170.1997,6923.8918,539.8404,5354.13513713392,4277.425576695208,943.2673036576887,411.3563940304033,-6840.608053963382,943.2673036576887,7.8852,-86.5587,9
2945,STARLINK-3415,satellite,2,125,53.2084,224.4429,109.5056,195.2621,304.7678,6915.9809,554.223,-5203.502934932413,-332.5747403532877,-4554.340047235105,2726.1616008135693,4444.670030274564,-4554.340047235105,-41.3115,58.4769,4
2946,STARLINK-3528,satellite,2,134,53.1977,274.511,90.163,179.7202,269.8832,6912.0118,559.2006,-4135.875127542216,-312.1411462017065,-5543.7724526780985,2127.750836674547,3560.276891311296,-5543.7724526780985,-53.3671,59.1359,4
2947,STARLINK-3533,satellite,2,134,53.214,274.521,105.9817,203.7299,309.7116,6916.973,552.9248,-2830.5371675870174,-4660.835948872968,-4265.151731580728,-2178.7019367777443,4998.8588967962505,-4265.151731580728,-38.2032,113.5495,8
2948,STARLINK-3543,satellite,2,134,53.198,274.5314,94.1017,180.8853,274.987,6912.0924,559.0731,-4071.4136058152226,-926.4185522062938,-5522.79933552544,1588.5348061289806,3861.504532330123,-5522.79933552544,-53.0791,67.6389,4
2949,STARLINK-3445,satellite,2,134,53.2049,274.6359,79.3666,170.4647,249.8314,6913.4374,557.3409,-4072.710478947571,2064.648732236401,-5204.164418687714,4034.016184036835,2139.2658693541634,-5204.164418687714,-48.9115,27.9373,4
2950,STARLINK-3540,satellite,2,134,53.2049,274.5941,106.225,188.7565,294.9815,6914.1816,556.6433,-3512.6245131119417,-3215.640683412675,-5025.517552088995,-604.4951304362394,4723.712693656602,-5025.517552088995,-46.7175,97.2925,4
2951,STARLINK-3526,satellite,2,134,53.2141,274.5274,103.7179,306.0736,49.7916,6917.0973,542.2531,3503.5746298558033,-4198.961522786322,4227.8261042472905,-5450.579569977578,-444.4045546034558,4227.8261042472905,37.8793,-175.3388,4
2952,STARLINK-3524,satellite,2,134,53.2348,274.5354,47.2076,302.5253,349.7329,6923.8582,542.2643,-197.4840614391476,-6846.212220729991,-988.0647337762534,-5481.937879436945,4105.8469055469595,-988.0647337762534,-8.2593,143.1676,5
2953,STARLINK-3535,satellite,2,134,53.2002,274.543,117.4783,317.5747,75.053,6912.7602,544.5115,4127.6848168874785,-1459.867401152924,5345.718178528695,-3571.3745042642868,-2532.642676494935,5345.718178528695,50.8556,-144.6576,17
2954,STARLINK-3529,satellite,2,134,53.2061,274.513,67.6487,47.4786,115.1273,6914.1496,543.1736,3504.5374237253013,3219.9564698123218,5009.873417867279,612.6819809795969,-4719.589284245009,5009.873417867279,46.647,-82.6034,83
2955,STARLINK-3522,satellite,2,134,53.2112,274.5555,108.9285,306.0703,54.9988,6916.0156,542.8099,3694.7575212993297,-3682.6941787815645,4534.138305996984,-5138.7607050959205,-898.113562636522,4534.138305996984,41.1717,-170.0864,4
2956,STARLINK-3527,satellite,2,127,53.1981,264.5235,82.882,176.3116,259.1935,6911.8072,557.9508,-3931.115610421404,1680.8248282224995,-5444.88966020171,3638.7199389457546,2244.673528953965,-5444.88966020171,-52.0324,31.6698,4
2957,STARLINK-3532,satellite,2,134,53.1984,274.5288,72.6323,22.4463,95.0786,6912.0899,545.2662,4061.8511767475998,935.311720645167,5511.042088658202,-1575.7566401990828,-3858.8125126378686,5511.042088658202,53.0692,-112.2128,62
2958,STARLINK-3523,satellite,2,127,53.2123,264.5574,72.4975,157.6313,230.1288,6917.0237,552.8842,-2746.5635204830337,4719.821492375509,-4255.172061934878,5440.151167586173,-474.4274083026036,-4255.172061934878,-38.0983,-4.9841,4
2959,STARLINK-3514,satellite,2,127,53.1976,264.5341,90.205,179.8752,270.0802,6912.0127,559.2489,-4129.720611141027,385.4293555434198,-5543.809977660695,2694.360752838917,3153.3423930424897,-5543.809977660695,-53.3671,49.4879,4
2960,STARLINK-3518,satellite,2,127,53.2344,264.5272,49.0008,300.9367,349.9375,6923.8849,542.366,-1370.2255175819762,-6713.557473545882,-968.5897953673119,-4697.840048303879,4987.952565952163,-968.5897953673119,-8.0953,133.2844,4
2961,STARLINK-3525,satellite,2,127,53.2105,264.5218,108.378,196.4303,304.8083,6915.9816,554.2812,-3765.9685731654376,-3608.917516524665,-4552.272167258072,-779.9742456135208,5157.368041096922,-4552.272167258072,-41.2883,98.6,4
2962,STARLINK-3450,satellite,2,127,53.2131,264.5574,103.4706,306.5269,49.9975,6917.0436,542.1864,2735.0613904194433,-4724.051974518829,4240.519555661862,-5436.981997502182,486.26600349559135,4240.519555661862,38.0134,174.8892,4
2963,STARLINK-3517,satellite,2,127,53.235,264.5433,59.5984,310.3505,9.9489,6923.8942,539.7697,64.17146486531661,-6850.618586797755,957.4170728459609,-5636.291816223411,3894.522764223472,957.4170728459609,8.0043,145.3566,5
2964,STARLINK-3447,satellite,2,127,53.2167,264.6453,97.7461,306.9755,44.7216,6918.161,541.5533,2441.6268410987955,-5162.219466780282,3895.872575595556,-5626.054201347835,978.5527976945114,3895.872575595556,34.4682,170.1331,4
2965,STARLINK-3509,satellite,2,127,53.2264,264.5556,80.5244,309.4474,29.9718,6921.1732,540.0906,1490.3566821648615,-6159.272964543383,2767.041279108075,-5892.918203255822,2330.5195861791544,2767.041279108075,23.7187,158.4223,5
2966,STARLINK-3515,satellite,2,127,53.2136,264.5089,76.6959,53.427,130.1229,6917.0915,542.2214,3576.930655615835,4131.1696840004915,4233.097450752905,1315.7483906380608,-5303.753580778654,4233.097450752905,37.935,-76.0674,83
2967,STARLINK-3516,satellite,2,127,53.2019,264.5493,121.308,308.7223,70.0303,6913.4195,544.4564,3648.6902902861166,-2718.960674254765,5200.839392281073,-4324.516286335951,-1415.7142620554569,5200.839392281073,48.9921,-161.8731,6
2968,STARLINK-3500,satellite,2,127,53.2361,264.5256,120.6424,49.5297,170.1721,6923.8828,539.6862,1353.7145486043205,6717.400361288987,945.8910584554343,4710.49378226826,-4976.671480031657,945.8910584554343,7.9075,-46.5739,5
2969,STARLINK-3520,satellite,2,127,53.2003,264.5315,57.5298,47.3698,104.8996,6912.8049,544.9213,4151.304982252306,1387.4975967881712,5347.223580283704,-1257.7033980585222,-4192.4533150981915,5347.223580283704,50.8712,-106.6988,78
2970,STARLINK-3521,satellite,2,127,53.1982,264.7263,89.6541,0.2172,89.8713,6912.0225,545.3084,4120.292272159581,-395.91323675083714,5532.682398711174,-2697.4975792654213,-3139.595914908427,5532.682398711174,53.3679,-130.6687,27
2971,STARLINK-3512,satellite,2,182,53.1981,254.4615,110.0099,335.0153,85.0252,6912.1127,545.4469,3812.5706291376337,-1682.0230604314431,5512.038602293204,-3571.3998058582156,-2147.091009878712,5512.038602293204,53.081,-148.9861,8
2972,STARLINK-3452,satellite,2,127,53.2259,264.5832,111.561,98.5653,210.1262,6921.1594,547.1317,-1505.3649588740507,6156.414550659648,-2782.7579838233787,5899.228887417741,-2316.605774152293,-2782.7579838233787,-23.8357,-21.4398,4
2973,STARLINK-3449,satellite,2,127,53.2265,264.5116,99.2885,50.8181,150.1066,6921.1866,540.1038,2627.0236652939225,5770.02504705152,2760.4872532570653,3202.5461908040297,-5471.5756667876585,2760.4872532570653,23.6591,-59.6593,8
2974,STARLINK-3502,satellite,2,182,53.2073,254.5656,113.9217,305.8871,59.8088,6915.0885,543.4469,2523.8292600780173,-4302.454990163566,4783.871929619401,-4970.690712737434,416.0131184411671,4783.871929619401,43.9801,175.2159,4
2975,STARLINK-3446,satellite,2,127,53.235,264.5862,132.1213,52.7828,184.9041,6924.1596,541.1308,297.9659461458789,6896.488576349691,-473.8507107965308,5465.138534347214,-4216.941923856384,-473.8507107965308,-3.9512,-37.654,7
2976,STARLINK-3501,satellite,2,182,53.2002,254.5227,59.7216,45.3239,105.0455,6912.8287,544.8659,4331.174424735568,661.9957914998308,5343.542661389939,-1954.3202361583349,-3921.47201188393,5343.542661389939,50.8235,-116.49,68
2977,STARLINK-3451,satellite,2,127,53.2139,264.6946,107.5205,202.3701,309.8906,6917.0299,552.8986,-3577.741143063901,-4126.7083979049785,-4254.070875210124,-1311.635019258092,5301.8456658382165,-4254.070875210124,-38.0866,103.8955,8
2978,STARLINK-3505,satellite,2,182,53.2195,254.5205,87.9777,52.0747,140.0524,6919.151,540.992,3976.0229423984197,4398.44659597707,3555.384945419615,1304.2694788845863,-5783.9408730199675,3555.384945419615,31.1054,-77.2924,73
2979,STARLINK-3506,satellite,2,182,53.1991,254.5526,119.751,320.0668,79.8178,6912.3382,544.8894,3601.4599023358105,-2262.4912711253996,5445.628297195595,-3924.211543868927,-1640.1048561043722,5445.628297195595,52.1812,-157.3178,8
2980,STARLINK-3511,satellite,2,182,53.2309,254.481,130.8452,69.1872,200.0324,6922.8257,544.3597,372.3301507260161,6644.798849123984,-1899.1038682706485,5216.5763511396235,-4132.712506234844,-1899.1038682706485,-16.0202,-38.3872,12
2981,STARLINK-3507,satellite,2,182,53.2072,254.5232,66.7343,53.2117,119.946,6915.0438,543.4539,4377.270441435261,2367.785799106495,4795.701282876444,-586.6592797259467,-4941.936563476373,4795.701282876444,44.1165,-96.7699,106
2982,STARLINK-3457,satellite,2,182,53.2235,254.2684,80.1412,244.996,325.1372,6920.2399,548.3817,-3820.079650440486,-4824.65350587193,-3169.23814876179,-1742.4740874504503,5902.0398204345865,-3169.23814876179,-27.3929,106.4483,8
2983,STARLINK-3460,satellite,2,182,53.2357,254.5384,132.751,52.3628,185.1138,6924.1741,541.2845,1481.51099054007,6740.762958188909,-494.0834292109922,4655.959369707614,-5094.585598575666,-494.0834292109922,-4.1201,-47.5757,9
2984,STARLINK-3513,satellite,2,182,53.2349,254.5233,49.1833,295.7401,344.9234,6923.4437,543.3973,-2821.5396076314855,-6152.567317227006,-1442.067392562053,-3403.1451899739377,5850.963439161144,-1442.067392562053,-12.0995,120.1839,4
2985,STARLINK-3459,satellite,2,182,53.2355,254.5447,51.2743,308.4606,359.7349,6924.2647,540.6863,-1862.2247711543941,-6663.45053337604,-25.64625645468825,-4373.42079935053,5361.216710865047,-25.64625645468825,-0.2137,129.2059,4
2986,STARLINK-3458,satellite,2,182,53.2161,254.5105,97.9561,307.0549,45.011,6918.1057,541.6081,1516.049551068071,-5491.532936884892,3915.652458952093,-5361.947069595202,1924.8022914171538,3915.652458952093,34.6674,160.2532,3
2987,STARLINK-3456,satellite,2,182,53.2287,254.5539,74.5037,310.4748,24.9785,6922.0281,539.3847,15.452558011816334,-6507.428142787287,2339.073673535943,-5327.717468045053,3736.6142958267337,2339.073673535943,19.884,144.956,5
2988,STARLINK-3622,satellite,2,173,53.2206,284.5576,81.8927,138.2168,220.1096,6919.2088,550.0078,-3915.2593545221753,4453.230132854717,-3572.0511683507425,5895.596271265897,634.3965917108135,-3572.0511683507425,-31.2219,6.1417,4
2989,STARLINK-3621,satellite,2,173,53.1991,284.5391,81.7217,178.3406,260.0623,6912.3855,558.8841,-4254.454124281883,131.03001556675116,-5460.770776196655,2558.2937141444595,3401.864493592814,-5460.770776196655,-52.2363,53.0558,4
2990,STARLINK-3612,satellite,2,173,53.2078,284.5541,71.1872,168.9264,240.1136,6915.0387,555.5834,-4346.640945725967,2435.675037543132,-4807.025275030149,4495.097318873186,2149.3953785730914,-4807.025275030149,-44.1497,25.5555,3
2991,STARLINK-3614,satellite,2,173,53.1987,284.5132,97.6042,182.4674,280.0716,6912.3733,558.8599,-3649.919792446169,-2195.546103300431,-5458.483917280402,308.3766321005362,4248.204448444345,-5458.483917280402,-52.2057,85.8482,4
2992,STARLINK-3623,satellite,2,173,53.2206,284.5103,95.0415,224.9654,320.007,6919.185,550.0275,-1250.0306680480803,-5801.724917699187,-3563.4434629363395,-4021.808248708623,4364.361018789766,-3563.4434629363395,-31.1382,132.6609,18
2993,STARLINK-3624,satellite,2,173,53.2051,284.4865,106.5815,188.2554,294.8369,6914.178,556.6094,-2916.141495823791,-3757.0209244510265,-5031.379404378466,-1390.652358441932,4548.095586988928,-5031.379404378466,-46.7886,107.0018,5
2994,STARLINK-3629,satellite,2,173,53.2364,284.535,51.8583,308.1884,0.0467,6924.2001,540.5497,1739.6604911857476,-6696.400968166324,4.519983964234924,-6475.573137515289,2436.217784136284,4.519983964234924,0.0377,159.3829,3
2995,STARLINK-3620,satellite,2,173,53.2081,284.511,108.6356,191.2965,299.932,6915.1064,555.5331,-2613.176510683301,-4244.739872359825,-4804.811882928184,-1963.8398443776641,4581.467136804865,-4804.811882928184,-44.1246,113.2023,8
2996,STARLINK-3608,satellite,2,173,53.2308,284.5509,69.1871,310.6947,19.8817,6922.8377,539.6891,2996.841488447742,-5941.654352202132,1884.1327112995402,-6583.007520633089,973.8209954670255,1884.1327112995402,15.9017,171.5853,3
2997,STARLINK-3625,satellite,2,173,53.2363,284.5001,48.0284,306.7147,354.7431,6924.1509,541.2386,1357.8273638249611,-6765.687987919923,-507.8664491765094,-6312.211994883226,2788.2268256883453,-507.8664491765094,-4.2353,156.168,4
2998,STARLINK-3615,satellite,2,134,53.2297,274.3912,57.564,277.4013,334.9653,6922.078,545.7855,-1267.9734967371514,-6387.030365711829,-2346.1953528251133,-4489.867056021364,4716.249304289042,-2346.1953528251133,-19.9277,133.5914,8
2999,STARLINK-3611,satellite,2,173,53.2342,284.5932,64.5128,310.1746,14.6875,6923.4882,539.6213,2701.629261914168,-6210.519321678099,1404.909356914445,-6632.67693128933,1370.0173863532686,1404.909356914445,11.7898,168.3294,4
3000,STARLINK-3617,satellite,2,173,53.1988,284.5175,60.3091,39.7949,100.104,6912.3675,545.1975,3641.1820611827393,2195.1095608573764,5447.174120328017,-303.6992079649998,-4240.811193383629,5447.174120328017,52.1988,-94.0962,55
3001,STARLINK-3580,satellite,2,173,53.1994,284.5056,109.3909,330.6864,80.0773,6912.4022,544.6034,4245.308188935851,-131.48312550629905,5449.777103243167,-2553.3946452384234,-3394.128049588943,5449.777103243167,52.2403,-126.9541,44
3002,STARLINK-3616,satellite,2,120,53.2048,294.7063,73.0612,171.9341,244.9953,6914.1874,556.4816,-4637.256249635791,1087.7983076139635,-5024.44740323981,3560.854424105247,3163.505405900881,-5024.44740323981,-46.706,41.6183,4
3003,STARLINK-3628,satellite,2,173,53.2106,284.6018,110.8237,303.9501,54.7738,6916.0588,543.1335,4277.350668425975,-3005.700695636479,4521.845861367249,-4921.083513975949,-1764.3419342372003,4521.845861367249,41.034,-160.2759,3
3004,STARLINK-3632,satellite,2,120,53.2333,294.5231,47.0621,297.8768,344.9389,6923.4532,543.2544,1794.4570488039537,-6526.6749977497975,-1440.56081623917,-6368.419396844204,2293.642738560872,-1440.56081623917,-12.0869,160.1931,6
3005,STARLINK-3646,satellite,2,173,53.2049,284.489,62.0184,52.9344,114.9528,6914.1631,543.9527,2904.0928227683266,3761.688835861324,5017.470011834584,1401.409476763307,-4540.937072844792,5017.470011834584,46.7319,-72.8489,72
3006,STARLINK-3638,satellite,2,120,53.2297,294.5536,75.8386,309.1363,24.9749,6922.0839,539.8723,4194.826302651428,-4975.70015176972,2338.956619422552,-6483.7066329949985,-561.8789967547451,2338.956619422552,19.8814,-175.0471,6
3007,STARLINK-3619,satellite,2,120,53.211,294.5121,109.2899,195.7418,305.0317,6916.0515,554.1359,-1440.1557830552208,-5024.360503891142,-4539.870203549004,-3276.8929722965286,4071.8815798893597,-4539.870203549004,-41.1527,128.8258,13
3008,STARLINK-3641,satellite,2,120,53.199,294.5391,107.7857,337.2611,85.0468,6912.0791,544.9064,3998.857655890949,1169.8763827814935,5511.851502522007,-1347.7427463486297,-3942.4691238781083,5511.851502522007,53.0844,-108.8731,65
3009,STARLINK-3639,satellite,2,120,53.2357,294.5382,55.2422,309.6283,4.8706,6924.1527,540.0065,3182.495684958076,-6124.51106855112,470.55199049979376,-6839.428931473821,927.4300539128683,470.55199049979376,3.9243,172.2778,4
3010,STARLINK-3631,satellite,2,120,53.2006,294.5207,56.2843,48.8152,105.0995,6912.8434,544.8976,2888.913140452143,3296.3447321592853,5342.24454862939,1029.8085039388952,-4260.42276910713,5342.24454862939,50.8061,-76.4114,62
3011,STARLINK-3602,satellite,2,120,53.2172,294.5597,98.6151,306.356,44.9711,6918.1054,541.7341,4693.6088542317975,-3232.261546737296,3913.063633211164,-5346.08840661763,-1974.0358486279495,3913.063633211164,34.6405,-159.7334,9
3012,STARLINK-3626,satellite,2,120,53.224,294.5118,93.9774,51.1846,145.162,6920.2621,540.5343,-202.8562970289026,6144.567463116218,3163.7001377477222,5139.107435795146,-3374.379165029591,3163.7001377477222,27.3748,-33.2892,4
3013,STARLINK-3573,satellite,2,120,53.2367,294.5362,131.0806,54.1191,185.1996,6924.161,541.3537,-3202.9932812117577,6112.794080210939,-502.36163941284224,6841.661765936997,-903.9257198826739,-502.36163941284224,-4.1892,-7.5264,5
3014,STARLINK-3586,satellite,2,120,53.2052,294.7512,119.0102,305.8519,64.8621,6914.2268,544.0424,4632.1505403748415,-1097.151510739952,5010.011079214053,-3565.5575725773733,-3153.9434463620373,5010.011079214053,46.641,-138.5054,28
3015,STARLINK-3634,satellite,2,120,53.1985,294.538,85.3173,179.7403,265.0577,6912.0735,559.3286,-4006.789626273402,-1173.4785017776833,-5523.410887329358,1349.3685641528393,3951.0276361248916,-5523.410887329358,-53.0847,71.1438,4
3016,STARLINK-3637,satellite,2,120,53.2291,294.5498,123.5007,81.6743,205.175,6922.03,545.6984,-4205.693811845351,4965.372049467217,-2358.4321236490327,6481.526307320584,576.7120218408313,-2358.4321236490327,-20.0363,5.0847,4
3017,STARLINK-3592,satellite,2,120,53.2185,294.5582,77.2929,147.8805,225.1734,6918.055,551.4988,-4702.252873335555,3216.925278174327,-3932.452577535322,5338.533620516977,1989.936962006421,-3932.452577535322,-34.7802,20.4429,4
3018,STARLINK-3544,satellite,2,120,53.2011,294.5241,101.0765,183.9947,285.0712,6912.8202,558.3162,-2896.1396317000076,-3300.1131906707637,-5353.3629648750975,-1028.725103602998,4268.500497687639,-5353.3629648750975,-50.8155,103.5501,4
3019,STARLINK-3601,satellite,2,134,53.2234,274.5582,97.7265,117.4458,215.1723,6920.1581,548.5368,-2829.36243725037,5450.674500229855,-3193.805794682742,6085.21475596764,-827.8319168364017,-3193.805794682742,-27.6223,-7.747,4
3020,STARLINK-3605,satellite,2,134,53.233,274.6236,131.7842,63.2926,195.0767,6923.4286,543.2971,-1612.6271702771978,6573.685564419426,-1442.0240975227125,6302.082257980643,-2469.345561847953,-1442.0240975227125,-12.0993,-21.3967,6
3021,STARLINK-3606,satellite,2,173,53.2072,284.5131,66.1548,53.9923,120.147,6915.0806,543.39,2595.3701512190037,4257.224694502333,4785.963035253162,1984.303358238945,-4574.106306569697,4785.963035253162,44.0046,-66.5482,49
3022,STARLINK-3609,satellite,2,173,53.2313,284.5489,129.7372,70.4306,200.1678,6922.7869,544.3949,-3014.476441072755,5929.433224592758,-1911.4201854864789,6583.178991764265,-952.3659701400254,-1911.4201854864789,-16.1268,-8.2317,4
3023,STARLINK-3607,satellite,2,173,53.2328,284.4796,109.0839,51.0981,160.182,6922.8921,539.8453,-267.9355373683146,6651.034485336637,1878.4346439820067,5590.5610751001395,-3612.987135722628,1878.4346439820067,15.852,-32.8732,4
3024,STARLINK-3613,satellite,2,134,53.2174,274.7314,103.1979,211.6601,314.858,6918.0811,551.4335,-2525.5400966769917,-5108.640488261107,-3930.2183761548836,-2720.436359501189,5007.5729083187425,-3930.2183761548836,-34.758,118.5137,9
3025,STARLINK-3569,satellite,2,173,53.2365,284.5344,128.093,52.1054,180.1984,6924.2433,540.6123,-1750.2119086693879,6693.689517397708,-19.196965337431806,6479.436128909077,-2426.031436720443,-19.196965337431806,-0.16,-20.5269,4
3026,STARLINK-3610,satellite,2,134,53.2165,274.5108,82.9385,52.2241,135.1626,6918.1619,541.4265,2524.0417035774994,5116.240319300729,3903.720778939793,2727.511340956374,-5010.72683462102,3903.720778939793,34.548,-61.439,37
3027,STARLINK-3552,satellite,2,134,53.2106,274.586,71.4586,163.6521,235.1107,6915.9764,554.2466,-3706.6013795118993,3675.3822413661587,-4547.7939679722485,5139.608148943863,912.0068432084693,-4547.7939679722485,-41.2392,10.0622,4
3028,STARLINK-3599,satellite,2,134,53.2363,274.5308,124.8306,50.381,175.2116,6924.1557,540.0934,-200.0293542043966,6899.7490641633085,462.6371485061973,5754.722677857974,-3811.786430522179,462.6371485061973,3.8581,-33.5195,6
3029,STARLINK-3604,satellite,2,134,53.2294,274.5166,105.7183,49.4495,155.1678,6922.062,539.7902,1238.8888031901545,6393.516131106705,2326.4156926157066,4511.925264482879,-4696.213835965381,2326.4156926157066,19.7707,-46.1465,4
3030,STARLINK-3542,satellite,2,174,53.2218,324.5589,92.0375,307.9547,39.9923,6919.1617,540.943,5857.728100676169,-904.0090467528161,3558.765954294947,-4113.808087131098,-4266.941982300315,3558.765954294947,31.1384,-133.9532,24
3031,STARLINK-3545,satellite,2,174,53.2234,324.4334,88.1436,52.0873,140.2309,6919.1836,540.8753,-2782.4392173103506,5244.530507259677,3542.2797578939894,5889.689235076474,-747.4148472089483,3542.2797578939894,30.9788,-7.2323,9
3032,STARLINK-3568,satellite,2,174,53.2017,324.5579,120.8391,314.0087,74.8478,6912.8089,544.6797,3788.22562648735,2207.5389284546986,5340.8308715812445,-378.2590414139186,-4368.157691224874,5340.8308715812445,50.7898,-94.9492,70
3033,STARLINK-3571,satellite,2,174,53.2186,324.5211,82.3059,52.6757,134.9816,6918.1054,541.578,-2279.9755853664055,5220.324967883881,3916.266750075128,5580.411334180793,-1144.155051348049,3916.266750075128,34.6738,-11.5868,10
3034,STARLINK-3563,satellite,2,174,53.2085,324.5149,64.4102,55.6661,120.0763,6915.0813,543.5368,-741.0523253305043,4927.28371611944,4789.560271460746,4454.2473159780175,-2233.15118523493,4789.560271460746,44.0449,-26.627,9
3035,STARLINK-3560,satellite,2,139,53.2271,314.5635,80.8058,308.9574,29.7631,6921.2214,540.0998,5676.15020991675,-2834.8041215556223,2749.5915342850126,-5587.318166416063,-3006.1056735191055,2749.5915342850126,23.5602,-151.7187,9
3036,STARLINK-3559,satellite,2,139,53.2356,314.5276,48.8841,306.1264,355.0104,6924.1245,541.2543,4576.992616134792,-5166.744347157695,-482.10386534471684,-6860.0401831634845,-764.1709510447945,-482.10386534471684,-4.0201,-173.6438,5
3037,STARLINK-3562,satellite,2,139,53.2011,314.549,122.247,312.8053,75.0523,6912.7944,544.8995,4100.427791445266,1535.297564795053,5346.064987963738,-1107.587006020018,-4236.023808882326,5346.064987963738,50.8562,-104.653,76
3038,STARLINK-3508,satellite,2,139,53.2332,314.5478,65.5285,309.3804,14.9088,6923.4688,539.8016,5448.1158547110335,-4016.328793649626,1425.6188629161884,-6421.649935962521,-2138.9893513071397,1425.6188629161884,11.9658,-161.5776,9
3039,STARLINK-3555,satellite,2,139,53.2037,314.5171,61.1658,53.9732,115.139,6914.1724,544.0999,613.6217963144958,4720.789291992255,5009.909453558623,3504.9767710670376,-3221.416005824372,5009.909453558623,46.6393,-42.586,6
3040,STARLINK-3548,satellite,2,139,53.1978,314.4552,69.3681,25.7783,95.1464,6912.0579,545.5105,2508.7371434512283,3329.8386797405515,5510.613306447563,1276.2224135003705,-3968.985265695429,5510.613306447563,53.0606,-72.1749,53
3041,STARLINK-3503,satellite,2,139,53.2307,314.5173,105.4152,49.7822,155.1974,6922.0809,539.7122,-3163.1339596079747,5693.636471185317,2323.83031596952,6476.100463670576,-695.0075516730401,2323.83031596952,19.7481,-6.1255,5
3042,STARLINK-3553,satellite,2,139,53.237,314.384,120.2143,49.8655,170.0798,6923.8999,539.7369,-4256.44056568513,5368.665339093944,954.706479507342,6840.393762629361,385.83284538770175,954.706479507342,7.9816,3.2284,5
3043,STARLINK-3590,satellite,2,139,53.2359,314.5331,124.0658,51.1149,175.1807,6924.1445,540.1827,-4586.758160924006,5158.163027311854,465.62333439181384,6858.652686531428,777.0968849925907,465.62333439181384,3.883,6.4641,5
3044,STARLINK-3578,satellite,2,139,53.2182,314.5137,82.6693,52.4825,135.1518,6918.1343,541.4754,-1354.4613362423122,5541.31353700905,3904.5681404894744,5309.536206328766,-2085.556640443747,3904.5681404894744,34.5563,-21.4446,7
3045,STARLINK-3588,satellite,2,139,53.2119,314.5576,71.6808,163.4756,235.1564,6915.9769,554.3306,-5199.84946984276,431.0499091170684,-4550.4437004546235,3348.201527640311,4001.722761946529,-4550.4437004546235,-41.2677,50.0811,4
3046,STARLINK-3591,satellite,2,139,53.2331,314.5484,137.993,57.1757,195.1686,6923.4039,542.661,-5457.599295949985,3999.390360849713,-1450.4729093849423,6413.269260501897,2156.4996466294215,-1450.4729093849423,-12.1724,18.5855,4
3047,STARLINK-3567,satellite,2,139,53.202,314.5463,79.2463,175.8839,255.1303,6912.7861,558.2129,-4102.980798958958,-1545.5002097608008,-5358.3651833170625,1100.7188353738009,4243.988734722315,-5358.3651833170625,-50.882,75.4602,4
3048,STARLINK-3554,satellite,2,139,53.2236,314.5599,98.1279,117.0378,215.1657,6920.1605,548.5207,-5671.136900558827,2357.217243948194,-3193.2852074049315,5194.076462321227,3277.168989174544,-3193.2852074049315,-27.6175,32.2496,4
3049,STARLINK-3574,satellite,2,139,53.1984,314.5297,93.6175,181.4632,275.0807,6912.0663,559.1684,-2515.159446682957,-3334.305962713682,-5522.112057875172,-1276.1735255591448,3976.8083217435155,-5522.112057875172,-53.0686,107.7916,4
3050,STARLINK-3585,satellite,2,139,53.2238,314.4704,89.2883,305.7519,35.0402,6920.1962,540.74,5661.90052564387,-2374.8429547578094,3179.791814141638,-5203.161227964298,-3259.4646581698353,3179.791814141638,27.5247,-147.9354,9
3051,STARLINK-3583,satellite,2,139,53.205,314.5141,106.9643,188.0876,295.052,6914.163,556.4508,-623.4657705067765,-4724.180486551905,-5022.511752917463,-3502.0769572560835,3231.415761236455,-5022.511752917463,-46.6829,137.3018,12
3052,STARLINK-3556,satellite,2,124,53.2273,304.5539,81.049,308.9816,30.0306,6921.1607,540.1196,5101.664144462942,-3755.4755719403774,2771.999531052994,-6008.835232062676,-2006.1089123629333,2771.999531052994,23.7637,-161.5379,9
3053,STARLINK-3575,satellite,2,139,53.2298,314.5148,56.5413,278.4683,335.0096,6922.0368,545.6437,3150.072932711871,-5700.481596993189,-2342.2737464661673,-6474.1702038429485,709.6267263386696,-2342.2737464661673,-19.8934,173.7448,7
3054,STARLINK-3572,satellite,2,124,53.2028,304.5491,121.3017,308.7266,70.0282,6913.4229,544.4823,4542.813448837857,262.2069801711943,5200.852795768907,-2403.0211487685874,-3864.1164436341073,5200.852795768907,48.992,-121.8767,64
3055,STARLINK-3566,satellite,2,139,53.2177,314.229,101.9932,213.2205,315.2138,6918.15,551.2899,1334.7302926041505,-5557.448448595413,-3905.8456244924746,-5311.355987849313,2110.979815897813,-3905.8456244924746,-34.5131,158.3248,19
3056,STARLINK-3504,satellite,2,124,53.2019,304.5203,58.8988,51.2318,110.1305,6913.409,544.4231,1854.3817190441696,4161.996734008713,5195.51271630825,2333.3885573869834,-3913.5976050278723,5195.51271630825,48.9252,-59.1955,27
3057,STARLINK-3570,satellite,2,124,53.2183,304.5672,97.5218,307.2771,44.799,6918.154,541.4428,5184.6999567557195,-2384.4641769169425,3901.192443123242,-4936.086738408607,-2863.883859986231,3901.192443123242,34.5224,-149.878,9
3058,STARLINK-3576,satellite,2,124,53.2134,304.7388,102.9962,306.8726,49.8688,6917.0731,542.1027,5139.403740917038,-1857.6896557785017,4232.495206414242,-4479.432822467515,-3130.3615219873896,4232.495206414242,37.9294,-145.053,5
3059,STARLINK-3577,satellite,2,124,53.1992,304.5337,91.3265,358.7659,90.0925,6911.9807,545.2696,3403.459641316284,2355.620831639126,5532.729976887292,-35.542713525581604,-4138.988251739333,5532.729976887292,53.369,-90.492,50
3060,STARLINK-3584,satellite,2,124,53.2348,304.5282,119.7124,50.4354,170.1479,6923.9099,539.9662,-3279.5367583610673,6016.649943248102,948.2249951688915,6807.179229313625,-785.9699924488045,948.2249951688915,7.9268,-6.5863,5
3061,STARLINK-3565,satellite,2,124,53.2142,304.5102,78.4128,51.6816,130.0944,6917.1115,541.9249,87.03694650434957,5462.1905886742325,4234.715525601931,4414.348510698399,-3218.1716366833184,4234.715525601931,37.954,-36.093,5
3062,STARLINK-3551,satellite,2,124,53.2346,304.543,132.5714,57.6011,190.1725,6923.8727,542.2866,-4464.675161657645,5195.616007669917,-979.0617547578819,6818.926770738542,655.734468808715,-979.0617547578819,-8.1835,5.4929,5
3063,STARLINK-3536,satellite,2,124,53.2277,304.5162,99.2409,50.9661,150.2071,6921.2392,540.118,-1705.6303922634775,6109.982302133212,2752.1184963189803,5976.660327376799,-2126.167937523795,2752.1184963189803,23.5831,-19.5828,4
3064,STARLINK-3547,satellite,2,124,53.2034,304.552,75.7926,174.3282,250.1208,6913.4022,557.4753,-4547.197716067206,-272.8509699412775,-5213.7192152903835,2396.8473244803245,3873.832420734823,-5213.7192152903835,-49.0306,58.2538,4
3065,STARLINK-3549,satellite,2,124,53.1985,304.5364,89.932,180.1457,270.0777,6912.0058,559.2724,-3411.3167868818177,-2359.121655796283,-5543.894049502839,37.20821397086603,4147.427245428397,-5543.894049502839,-53.368,89.486,4
3066,STARLINK-3587,satellite,2,124,53.2146,304.5592,73.067,156.9934,230.0604,6917.0679,552.7776,-5138.667773977971,1857.0566449066005,-4250.998605056016,4478.491407952875,3130.124691222978,-4250.998605056016,-38.055,34.9506,4
3067,STARLINK-3579,satellite,2,124,53.2151,304.5116,105.1223,204.7097,309.832,6917.1051,552.7602,-110.79431601042347,-5457.552856791805,-4257.675800560889,-4396.87011263971,3234.9175843771163,-4257.675800560889,-38.1255,143.6569,15
3068,STARLINK-3595,satellite,2,124,53.2035,304.5202,104.3672,185.6766,290.0438,6913.4443,557.5221,-1865.1439666914055,-4162.900894550888,-5208.340778036588,-2327.9269167204257,3922.9150060569073,-5208.340778036588,-48.9624,120.6856,5
3069,STARLINK-3594,satellite,2,124,53.2266,304.5125,69.7333,260.2942,330.0275,6921.1888,547.2318,1691.54030784436,-6113.848736245155,-2769.959955047112,-5971.702558635058,2139.912038832476,-2769.959955047112,-23.7191,160.2853,11
3070,STARLINK-3593,satellite,2,124,53.2267,304.7767,112.2928,97.7268,210.0196,6921.1725,547.0529,-5121.200369115588,3740.2780600766237,-2773.832620846382,6007.669384962991,2030.8327721155638,-2773.832620846382,-23.755,18.6773,4
3071,STARLINK-3598,satellite,2,124,53.2353,304.5259,47.8196,302.115,349.9347,6923.8405,542.2869,3265.37117855069,-6023.711250581654,-968.8621907508478,-6804.789277992816,801.6165206677805,-968.8621907508478,-8.0977,173.2814,5
3072,STARLINK-3597,satellite,2,124,53.236,304.5426,60.0332,309.9267,9.9599,6923.8907,539.7914,4453.099741612852,-5206.076794930173,958.4860973334212,-6820.80768410278,-640.2463900307016,958.4860973334212,8.0133,-174.6375,4
3073,STARLINK-3699,satellite,2,145,53.0599,336.2624,86.0489,308.7814,34.8303,6927.7118,547.923,6157.283009644071,-112.2820443190371,3159.689102535866,-3639.2819858175967,-4967.933971585325,3159.689102535866,27.3055,-126.2248,31
3074,STARLINK-3677,satellite,2,145,53.048,336.3388,106.8546,307.8523,54.7069,6923.6251,550.2064,5024.079460046205,1505.21672341583,4513.156189641784,-1664.3338732460406,-4973.634944753654,4513.156189641784,40.8877,-108.5019,104
3075,STARLINK-3671,satellite,2,145,53.0426,336.2773,55.7247,59.1698,114.8945,6921.706,551.9225,-1148.3570402577473,4626.117181024135,5014.988906036918,4442.7582877654895,-1726.7260526694085,5014.988906036918,46.6319,-21.2392,13
3076,STARLINK-3679,satellite,2,145,53.0375,336.2507,121.7824,313.087,74.8694,6920.3519,552.2194,3269.834068014192,2948.0828257349244,5335.759203179008,525.6913552535025,-4371.116079304139,5335.759203179008,50.6472,-83.1423,69
3077,STARLINK-3672,satellite,2,145,53.0541,336.2722,80.2271,54.7211,134.9482,6925.63,549.3908,-3291.266621329834,4662.5577770174805,3914.552749300342,5707.176775171713,3.775400202634975,3914.552749300342,34.6117,0.0379,13
3078,STARLINK-3660,satellite,2,174,53.2113,324.5641,71.4014,163.578,234.9794,6916.0352,554.2199,-5205.657231114763,-462.92337220794997,-4540.554070016984,2620.862979688089,4521.530990504684,-4540.554070016984,-41.1597,59.9017,4
3079,STARLINK-3649,satellite,2,118,53.227,344.5114,68.051,261.9586,330.0096,6921.1642,547.0819,5224.17406864454,-3596.979866604363,-2771.4161603957673,-5949.873441903428,-2197.558846899768,-2771.4161603957673,-23.7329,-159.7285,4
3080,STARLINK-3635,satellite,2,118,53.2047,344.5496,75.9806,174.1516,250.1321,6913.413,557.5776,-3306.9506342382497,-3132.305534146551,-5214.2544790051015,-654.8802325856119,4507.592743083883,-5214.2544790051015,-49.0364,98.2663,4
3081,STARLINK-3655,satellite,2,118,53.2,344.5382,90.4689,179.6593,270.1282,6911.958,559.2351,-1090.7454640799824,-4001.4393497759233,-5543.963548887197,-2642.1255792616803,3196.9383729996034,-5543.963548887197,-53.3694,129.5722,4
3082,STARLINK-3664,satellite,2,118,53.208,344.6374,114.3461,310.4429,64.789,6914.2123,543.3985,3830.2849170730087,2830.8273643677685,5006.733542835482,106.95031377254716,-4761.641286698768,5006.733542835482,46.6071,-88.7133,99
3083,STARLINK-3651,satellite,2,118,53.2122,344.5208,108.6399,196.2325,304.8723,6915.9737,554.0767,2906.843156494456,-4334.377088054058,-4548.712693284313,-5217.454929889323,121.35045315211505,-4548.712693284313,-41.2505,178.6676,9
3084,STARLINK-3645,satellite,2,118,53.2153,344.4024,73.3876,156.8595,230.2471,6916.9611,552.9873,-5121.028645527101,-1879.4079182811756,-4262.715042206608,1414.3476528616045,5268.465547809152,-4262.715042206608,-38.1771,74.9729,4
3085,STARLINK-3644,satellite,2,118,53.2054,344.5496,119.2585,310.7654,70.024,6913.42,543.9593,3311.553541684243,3120.2594693288197,5200.494196541584,642.3824827415574,-4504.414585852906,5200.494196541584,48.9925,-81.8837,77
3086,STARLINK-3640,satellite,2,118,53.2363,344.5261,120.9191,49.3214,170.2405,6923.8785,539.7233,-6382.9922294020935,2495.2518473347773,939.3820768952776,5717.0326837778,3779.4720365219696,939.3820768952776,7.8527,33.4683,4
3087,STARLINK-3642,satellite,2,118,53.2,344.5358,91.1981,358.914,90.1121,6911.9789,545.3574,1090.6060284397086,3992.8557628913845,5532.854458379101,2635.190162209714,-3191.8789860389625,5532.854458379101,53.3698,-50.4572,12
3088,STARLINK-3657,satellite,2,174,53.1985,324.5418,82.7907,177.3144,260.1052,6912.3241,558.7707,-3339.3289194871422,-2637.8942132595175,-5461.350277157708,-232.12086491799826,4249.202680143762,-5461.350277157708,-52.2453,93.1268,4
3089,STARLINK-3652,satellite,2,118,53.2164,344.5107,76.221,53.9608,130.1818,6917.0909,542.1767,-3453.424780420742,4238.433409605785,4229.564444703171,5453.947967285949,380.6731561642196,4229.564444703171,37.8981,3.9926,17
3090,STARLINK-3643,satellite,2,174,53.2205,324.5116,93.8397,226.1958,320.0355,6919.168,549.8071,2774.456349679646,-5247.659680012124,-3561.2104489486887,-5887.647532609143,755.7424728464824,-3561.2104489486887,-31.1177,172.6855,10
3091,STARLINK-3648,satellite,2,118,53.2369,344.5432,132.7612,57.4488,190.21,6923.7992,542.019,-6759.484863959912,1107.4230394897481,-982.6206405629047,4799.613241305395,4886.7918053035355,-982.6206405629047,-8.2138,45.5157,4
3092,STARLINK-3647,satellite,2,174,53.2323,324.5207,50.0266,289.971,339.9976,6922.7904,544.3667,4473.435663472672,-4928.559991096825,-1896.419398871411,-6605.697193541862,-816.7587209835477,-1896.419398871411,-15.9969,-172.9515,5
3093,STARLINK-3636,satellite,2,174,53.2006,324.5271,97.6684,182.3331,280.0015,6912.4134,558.8333,-1390.944729225416,-4024.0618338295426,-5459.773501266702,-2487.6566268669553,3455.3386793552477,-5459.773501266702,-52.2234,125.7518,4
3094,STARLINK-3538,satellite,2,174,53.2371,324.5333,51.4919,308.4915,359.9834,6924.2347,540.5771,5634.273582644012,-4015.4156869101043,-1.6037932745734185,-6528.158091336554,-2291.6705429186395,-1.6037932745734185,-0.0134,-160.6567,4
3095,STARLINK-3589,satellite,2,174,53.208,324.5169,108.3369,191.7213,300.0582,6915.0526,555.3361,740.5412233509924,-4935.128699815372,-4798.589784557861,-4460.3649043636,2238.0888068048243,-4798.589784557861,-44.0544,153.3538,15
3096,STARLINK-3618,satellite,2,174,53.2322,324.5188,110.3061,49.8384,160.1445,6922.8329,539.6294,-4480.9385348672895,4920.737287864107,1881.763548935793,6603.62611280534,827.3981941666596,1881.763548935793,15.8813,7.1416,4
3097,STARLINK-3653,satellite,2,174,53.2079,324.4658,71.6224,168.5834,240.2058,6915.0062,555.4315,-4890.7078908788435,-928.8747830921254,-4811.350416790058,2058.562316346502,4532.565854600146,-4811.350416790058,-44.2008,65.5738,4
3098,STARLINK-3659,satellite,2,174,53.2357,324.5401,123.9755,51.1012,175.0767,6924.1433,540.2213,-5408.115992758264,4288.1597170577625,475.65161900183466,6620.783752231991,1949.6807062453831,475.65161900183466,3.9668,16.4086,5
3099,STARLINK-3668,satellite,2,174,53.2374,324.5718,127.0908,53.1,180.1907,6924.2323,540.7484,-5645.76444183863,3999.49708004463,-18.450385888933365,6521.767536266052,2310.2340203800136,-18.450385888933365,-0.1537,19.5059,4
3100,STARLINK-3712,satellite,2,156,53.2027,34.5431,79.2023,175.8163,255.0185,6912.8514,558.2428,797.3458375240613,-4314.725218647673,-5355.658723049245,-3986.009047518692,1834.215355445015,-5355.658723049245,-50.8463,155.2898,9
3101,STARLINK-3716,satellite,2,156,53.2112,34.5529,72.513,162.6313,235.1443,6915.9795,554.156,-1329.0735830371063,-5046.079444860783,-4549.620245455776,-3358.6446750208743,3993.6024213643905,-4549.620245455776,-41.2599,130.064,15
3102,STARLINK-3673,satellite,2,156,53.2041,34.5283,104.3726,185.4752,289.8478,6913.4069,557.6691,4147.6105890135905,-1881.1379424938898,-5214.938455523334,-3927.178118594907,-2306.214556717821,-5214.938455523334,-49.0441,-149.5766,4
3103,STARLINK-3714,satellite,2,156,53.1996,34.5298,93.0464,182.0218,275.0682,6912.082,559.016,2845.573603224104,-3056.70090779916,-5522.183640237828,-4137.852209897174,-564.7022756772718,-5522.183640237828,-53.0713,-172.2287,7
3104,STARLINK-3701,satellite,2,156,53.2309,34.5155,57.4687,277.4342,334.9029,6921.9607,545.6496,6160.2837078385655,2103.5993095257245,-2351.654603598354,-1829.8710681852476,-6247.063093159612,-2351.654603598354,-19.9764,-106.3262,3
3105,STARLINK-3717,satellite,2,114,53.1998,24.5318,87.9983,2.0747,90.0731,6911.9895,545.2473,-1726.5477581649234,3761.768013128559,5532.758014145113,4069.4103933062624,-756.151305409491,5532.758014145113,53.3697,-10.5263,16
3106,STARLINK-3665,satellite,2,156,53.2181,34.5088,102.2257,212.7631,314.9888,6918.1081,551.3824,5693.754870545035,356.9239565836553,-3921.308667744819,-2988.7177607611507,-4859.403809434805,-3921.308667744819,-34.6684,-121.5931,3
3107,STARLINK-3702,satellite,2,156,53.2381,34.5286,48.8471,306.1042,354.9513,6924.1549,541.3017,5884.895673101114,3606.5474258007316,-487.8249568161154,-442.779412940761,-6887.897197934209,-487.8249568161154,-4.0678,-93.6781,4
3108,STARLINK-3703,satellite,2,156,53.2065,34.7067,102.7827,192.1417,294.9244,6914.1516,556.5729,4539.668503386133,-1430.1348798759607,-5027.892178213218,-3784.436519045141,-2886.5058684491564,-5027.892178213218,-46.7468,-142.6661,3
3109,STARLINK-3709,satellite,2,114,53.2349,24.5205,48.5761,296.2141,344.7902,6923.3919,543.4046,6526.902560828846,1782.8520000812894,-1454.506295522536,-2303.2591783669386,-6361.91916405863,-1454.506295522536,-12.2054,-109.9022,4
3110,STARLINK-3705,satellite,2,114,53.2162,24.5092,76.5752,53.5644,130.1396,6917.0638,542.0626,-5367.050071611914,1030.5468925260272,4232.104553528931,3934.5298096770885,3792.984121459893,4232.104553528931,37.9256,43.9506,5
3111,STARLINK-3706,satellite,2,114,53.2354,24.5212,114.962,49.9625,164.9245,6923.4232,539.6863,-6523.3495638307,-1792.2685349438373,1441.2021550639595,2293.515566178804,6364.4404609498415,1441.2021550639595,12.0987,70.1827,5
3112,STARLINK-3670,satellite,2,156,53.2122,34.5538,108.8444,306.1161,54.9605,6916.0843,542.833,1346.1497876017893,5041.85504503005,4532.095846592983,3345.3534544374224,-4005.1256922397465,4532.095846592983,41.149,-50.1291,12
3113,STARLINK-3658,satellite,2,114,53.237,24.5401,132.5178,57.685,190.2027,6923.8608,542.2124,-5890.615469227963,-3495.9480662353444,-981.9602017247798,536.4727088994409,6828.850600264184,-981.9602017247798,-8.208,85.5081,4
3114,STARLINK-3698,satellite,2,114,53.2285,24.5115,99.1935,51.0053,150.1987,6921.2185,540.0239,-6313.047881737903,-617.5541886829842,2752.806265050746,3132.497600674931,5515.741610594274,2752.806265050746,23.5896,60.4069,5
3115,STARLINK-3687,satellite,2,114,53.2373,24.5251,120.1023,50.1296,170.2319,6923.8745,539.7837,-6493.7513516821855,-2190.73392510487,940.2205822543781,1950.7788694771873,6569.823707717042,940.2205822543781,7.8597,73.4623,4
3116,STARLINK-3708,satellite,2,114,53.2057,24.5458,77.173,172.9272,250.1003,6913.4396,557.7242,-523.8399374602888,-4525.922685403045,-5213.388402707857,-3397.431180258429,3035.7611582158643,-5213.388402707857,-49.0241,138.2177,9
3117,STARLINK-3734,satellite,2,114,53.2071,24.4874,70.9506,172.1649,243.1154,6905.3538,547.262,-1314.4467892636146,-4657.410768578266,-4938.682534377293,-3049.395441178005,3757.7164438521722,-4938.682534377293,-45.7592,129.0594,11
3118,STARLINK-3736,satellite,2,114,53.2035,24.516,105.1782,184.8725,290.0507,6913.4425,557.5975,3776.2821085551273,-2559.503238681297,-5208.168197239915,-4267.696355871318,-1611.8719571654199,-5208.168197239915,-48.9595,-159.3089,4
3119,STARLINK-3737,satellite,2,114,53.2152,24.5529,72.6244,157.508,230.1324,6917.0332,552.9076,-2714.2997606021117,-4738.124180958065,-4255.569910034752,-2308.843091554835,4948.382313763128,-4255.569910034752,-38.1023,115.0131,8
3120,STARLINK-3685,satellite,2,114,53.2279,24.5119,70.66,259.3321,329.9921,6921.138,547.2489,6313.662301823776,601.2639549078511,-2772.9798243616565,-3146.16634057162,-5506.858211575482,-2772.9798243616565,-23.7465,-119.7401,4
3121,STARLINK-3735,satellite,2,114,53.2002,24.5304,90.1835,179.891,270.0745,6912.0262,559.3257,1730.111675851152,-3769.3690187953803,-5544.059684748795,-4077.676383540754,757.6176620729773,-5544.059684748795,-53.3697,169.4747,7
3122,STARLINK-3738,satellite,2,114,53.2369,24.5402,60.7828,309.2216,10.0043,6923.8497,539.9487,5898.380302611945,3483.730983108508,962.7468868328726,-550.9319783175335,-6828.158295776239,962.7468868328726,8.049,-94.6129,12
3123,STARLINK-3743,satellite,2,114,53.2155,24.5086,107.0056,203.013,310.0187,6917.0591,552.9495,5367.655946368459,-1042.0304753393968,-4246.249412102836,-3944.2649335884003,-3786.8630822602518,-4246.249412102836,-38.004,-136.1664,4
3124,STARLINK-3558,satellite,2,114,53.2144,24.5557,103.841,306.1433,49.9842,6917.0573,542.1836,2725.1680896796965,4730.441844780301,4239.765792234538,2296.30220122709,-4952.839323508947,4239.765792234538,38.0055,-65.126,48
3125,STARLINK-3534,satellite,2,114,53.2351,24.5235,47.8437,302.1709,350.0146,6923.8578,542.317,6498.518960447943,2175.3609141004154,-961.2508567901671,-1966.090774885757,-6564.863353551719,-961.2508567901671,-8.0336,-106.6723,4
3126,STARLINK-3678,satellite,2,122,53.2258,14.5122,94.0742,51.0958,145.1701,6920.2606,540.3512,-6086.680567756749,866.4577239921821,3163.055263654072,4215.026297049706,4475.710294082133,3163.055263654072,27.3695,46.7181,5
3127,STARLINK-3726,satellite,2,114,53.2287,24.5543,81.5666,308.4052,29.9718,6921.1585,540.1683,4589.10403115674,4370.169735910256,2767.153320070152,927.9318322702454,-6268.748028442725,2767.153320070152,23.7194,-81.5799,56
3128,STARLINK-3725,satellite,2,122,53.2017,14.3485,96.9622,183.0369,279.9991,6912.3552,558.8501,2176.832063796127,-3658.9586721421665,-5459.906111321977,-4244.8102683883,328.88019672902215,-5459.906111321977,-52.225,175.5697,9
3129,STARLINK-3727,satellite,2,122,53.2309,14.5504,123.2065,81.9148,205.1213,6922.0463,545.6866,-5623.78312637191,-3276.846622100667,-2353.7831156719412,561.8191708121104,6484.521544150035,-2353.7831156719412,-19.9951,85.0483,3
3130,STARLINK-3732,satellite,2,122,53.2352,14.5211,115.6281,49.5731,165.2012,6923.4545,539.5802,-6738.892107326605,-653.1002677512533,1415.3317078814969,3348.793660024492,5884.283118316566,1415.3317078814969,11.8786,60.3554,4
3131,STARLINK-3715,satellite,2,122,53.2193,14.5565,77.2955,147.8764,225.1719,6918.063,551.556,-3984.907900904878,-4072.0194520388386,-3932.4209727439693,-1032.3467978152528,5603.132470816427,-3932.4209727439693,-34.7795,100.4394,5
3132,STARLINK-3661,satellite,2,122,53.2011,14.5342,85.7172,179.4096,265.1268,6912.0533,559.2742,467.70117193184865,-4147.769071912183,-5524.124004429097,-3659.6240097154855,2007.4572891226426,-5524.124004429097,-53.0952,151.2534,7
3133,STARLINK-3718,satellite,2,122,53.2072,14.5512,72.8732,172.283,245.1562,6914.1345,556.7402,-1870.1754613479206,-4373.076589815756,-5031.334857244922,-2496.8141035910508,4048.1198659045813,-5031.334857244922,-46.7869,121.6656,7
3134,STARLINK-3707,satellite,2,122,53.2255,14.5089,81.7998,243.2172,325.0171,6920.196,548.4587,6085.778397725732,-879.2617580107539,-3178.8752445222353,-4224.971827677996,-4467.595886005424,-3178.8752445222353,-27.4827,-133.4012,4
3135,STARLINK-3721,satellite,2,122,53.2132,14.5115,106.8299,198.1518,304.9817,6916.0036,554.6315,4693.943483394776,-2294.0349251756616,-4543.089951738728,-4579.426271542285,-2514.8671310306477,-4543.089951738728,-41.1846,-151.2259,4
3136,STARLINK-3729,satellite,2,122,53.2329,14.5582,69.2242,310.5079,19.7321,6922.8702,539.6464,5949.751179553015,2989.216807931525,1870.572049860678,-984.7179649131558,-6585.232475242627,1870.572049860678,15.7844,-98.5047,21
3137,STARLINK-3720,satellite,2,122,53.2365,14.5211,48.2176,296.7497,344.9673,6923.4233,543.3574,6739.5944380081,635.8445568047514,-1437.9907502685587,-3363.3021775054176,-5874.915314456479,-1437.9907502685587,-12.0649,-119.7905,4
3138,STARLINK-3733,satellite,2,122,53.2182,14.5546,97.4098,307.5829,44.9928,6918.1313,541.5443,3996.3924338348916,4061.099488652358,3914.4815652376556,1016.8046238862753,-5606.227777997315,3914.4815652376556,34.6559,-79.72,94
3139,STARLINK-3723,satellite,2,122,53.2374,14.5351,55.3307,309.5841,4.9148,6924.1836,540.1104,6583.0738797663225,2073.2638516262637,474.829077223216,-2098.255490751089,-6575.150842410742,474.829077223216,3.96,-107.6989,4
3140,STARLINK-3730,satellite,2,114,53.2047,24.5176,58.3198,51.8178,110.1376,6913.427,544.4294,-3777.1914990026894,2548.3869412100526,5195.472892019793,4259.13444847034,1619.0198800883684,5195.472892019793,48.9246,20.8132,14
3141,STARLINK-3682,satellite,2,122,53.2066,14.5474,118.2354,306.8337,65.0692,6914.1381,543.9908,1876.898916102223,4364.794983343597,5018.5000901711055,2486.1714653701524,-4048.843814308766,5018.5000901711055,46.744,-58.4482,29
3142,STARLINK-3761,satellite,2,135,53.1994,54.4884,103.4537,341.549,85.0027,6912.1078,545.1104,-3006.7755772263204,2885.0579094139416,5511.675202794356,4090.436907124223,795.3517594829565,5511.675202794356,53.0797,11.0034,18
3143,STARLINK-3786,satellite,2,135,53.206,54.5522,116.178,308.8182,64.9962,6914.19,543.692,-1361.7711934050017,4555.012688301235,5015.278999127273,4507.599603805936,-1511.3263001554292,5015.278999127273,46.7077,-18.5355,14
3144,STARLINK-3795,satellite,2,135,53.2015,54.5205,56.742,48.333,105.075,6912.8377,544.8799,-4297.807259503415,856.262062033314,5342.907684658204,3176.0364130198054,3019.4576767840413,5342.907684658204,50.815,43.5523,7
3145,STARLINK-3740,satellite,2,135,53.2109,54.5107,71.8648,53.073,124.9378,6916.1218,542.7075,-5060.736151249197,-1252.9305726392868,4537.552551116035,1891.6584164963979,4858.241847388115,4537.552551116035,41.2101,68.7255,4
3146,STARLINK-3739,satellite,2,135,53.2237,54.5095,94.0076,51.1298,145.1374,6920.2944,540.5466,-5220.272384074014,-3245.5243099881777,3165.64066432021,354.9382370967516,6136.667716154809,3165.64066432021,27.3929,86.6898,4
3147,STARLINK-3748,satellite,2,135,53.2369,54.5313,116.1067,49.0375,165.1442,6923.4751,539.4832,-4743.736073013583,-4829.037441561815,1420.668864014542,-1213.8940978656929,6659.5116684020495,1420.668864014542,11.9242,100.3304,4
3148,STARLINK-3746,satellite,2,135,53.199,54.4573,86.3629,178.7575,265.1204,6912.0952,559.2543,3020.2283972652713,-2881.512694780283,-5523.904586793823,-4095.2900641738524,-808.389925782354,-5523.904586793823,-53.0924,-168.8337,7
3149,STARLINK-3791,satellite,2,135,53.2372,54.5364,130.9873,54.2101,185.1975,6924.1461,541.3959,-3692.482017886308,-5830.247152984798,-502.15923673492836,-2637.906299706133,6377.119700246481,-502.15923673492836,-4.1875,112.4725,4
3150,STARLINK-3804,satellite,2,135,53.2184,54.5831,78.8107,146.3419,225.1526,6918.0823,551.3666,-434.23463285687836,-5681.658051688895,-3930.955963721089,-4393.691771588715,3628.397793650418,-3930.955963721089,-34.7658,140.4494,16
3151,STARLINK-3788,satellite,2,135,53.2302,54.5482,123.2728,81.8838,205.1566,6922.0407,545.71,-2199.03896592473,-6124.91804710078,-2356.8614635619247,-3739.198948594778,5326.235507390173,-2356.8614635619247,-20.0223,125.0702,9
3152,STARLINK-3781,satellite,2,135,53.2089,54.59,72.1353,167.7912,239.9265,6915.0714,555.4625,914.258788871757,-4906.690040591901,-4797.986601228311,-4537.207804534043,2079.716717716232,-4797.986601228311,-44.0465,155.3747,17
3153,STARLINK-3782,satellite,2,175,53.225,44.9374,85.9785,308.5624,34.5409,6920.2935,540.3552,2373.830414975911,5684.1133678390715,3140.0775913128964,3278.203589062831,-5215.131527216463,3140.0775913128964,27.1546,-57.8468,7
3154,STARLINK-3790,satellite,2,135,53.2013,54.5181,100.6608,184.3371,284.9979,6912.8352,558.3128,4302.094783506001,-866.279236661906,-5355.206643059772,-3186.694151741806,-3017.190684294854,-5355.206643059772,-50.8397,-136.5651,4
3155,STARLINK-3784,satellite,2,135,53.2058,54.5488,73.5183,171.5947,245.113,6914.1758,556.8821,1374.4378472965436,-4555.420867584167,-5029.595073699795,-4515.231099624056,1501.2084445173432,-5029.595073699795,-46.7646,161.6092,14
3156,STARLINK-3778,satellite,2,135,53.2108,54.5081,111.9083,193.071,304.9794,6916.0004,554.5478,5070.460583154319,1259.2030838453122,-4543.021820837836,-1892.1343261684972,-4869.803961498046,-4543.021820837836,-41.1844,-111.2334,4
3157,STARLINK-3780,satellite,2,135,53.2241,54.5085,80.5871,244.3984,324.9855,6920.2034,548.4161,5227.4609283837,3235.327811651914,-3181.2998206923753,-367.4139634055818,-6136.668541327708,-3181.2998206923753,-27.5056,-93.4263,4
3158,STARLINK-3764,satellite,2,135,53.23,54.5506,74.9129,310.0368,24.9497,6922.0697,539.6835,2214.030104615095,6120.478630305152,2336.6947044645344,3726.9332923340744,-5335.930678209365,2336.6947044645344,19.862,-55.0672,8
3159,STARLINK-3779,satellite,2,135,53.2085,54.5089,107.918,191.9075,299.8254,6915.0232,555.436,4927.933363894287,715.1643724442815,-4809.894652116376,-2254.684870188147,-4439.862999546353,-4809.894652116376,-44.184,-116.9227,4
3160,STARLINK-3783,satellite,2,175,53.2086,44.5523,111.258,308.7895,60.0475,6915.0367,543.3328,-57.06138817254726,4976.4394258463235,4795.392622736468,4100.344204500382,-2820.5288095954616,4795.392622736468,44.1139,-34.5232,4
3161,STARLINK-3789,satellite,2,135,53.234,54.5191,47.2641,297.7087,344.9728,6923.4164,543.1971,4754.0130378481135,4819.26283426386,-1437.3958009479013,1199.9838135590467,-6662.279870805719,-1437.3958009479013,-12.0601,-79.7896,4
3162,STARLINK-3561,satellite,2,175,53.2004,44.5241,60.6945,39.3825,100.077,6912.3543,545.0538,-3719.616002936898,2057.714567624315,5447.6289454274,3824.9137581431514,1854.6609377147133,5447.6289454274,52.2065,25.8683,10
3163,STARLINK-3802,satellite,2,175,53.2217,44.5094,88.0973,52.0402,140.1375,6919.1944,540.9495,-5644.190918885301,-1828.1352547633549,3549.1646138981837,1757.6742243365209,5666.529004570521,3549.1646138981837,31.0452,72.7669,5
3164,STARLINK-3822,satellite,2,135,53.2175,54.5561,97.4794,307.4907,44.97,6918.1391,541.5268,452.877371229049,5680.748860836393,3912.886014892415,4382.207664856501,-3643.111515633064,3912.886014892415,34.6399,-39.7382,5
3165,STARLINK-3776,satellite,2,175,53.2326,44.5184,110.0494,50.1426,160.192,6922.8511,539.6752,-5623.271673270228,-3562.0450183027097,1877.4675962542942,328.4189864670211,6648.420112564073,1877.4675962542942,15.844,87.172,4
3166,STARLINK-3751,satellite,2,175,53.2006,44.5406,116.8019,323.2222,80.0241,6912.3646,545.0734,-2006.165559324819,3745.18721280095,5449.350578041924,4216.959508564332,-518.0540642420224,5449.350578041924,52.2295,-7.0037,16
3167,STARLINK-3772,satellite,2,175,53.2242,44.5547,97.9958,116.967,214.9628,6920.2207,548.5485,-2376.2450620954337,-5672.280349434381,-3177.270914978899,-3267.140734365037,5210.287552483552,-3177.270914978899,-27.4673,122.09,9
3168,STARLINK-3753,satellite,2,175,53.2088,44.552,71.8711,168.2502,240.1212,6915.0331,555.5176,64.48288763081254,-4981.666057585158,-4807.4110597184335,-4108.892051439917,2817.4741989425797,-4807.4110597184335,-44.1547,145.5615,14
3169,STARLINK-3771,satellite,2,175,53.2369,44.5381,123.9612,51.0234,174.9846,6924.1513,540.2191,-5166.229310991925,-4575.751350568068,484.52816686345346,-763.4531459842118,6858.904067696559,484.52816686345346,4.0409,96.3514,4
3170,STARLINK-3777,satellite,2,175,53.1996,44.539,80.8918,179.0897,259.9815,6912.4116,558.821,2006.1377658836711,-3755.9337756239224,-5459.409566514454,-4225.7271458747655,524.2683961430527,-5459.409566514454,-52.2186,172.9277,9
3171,STARLINK-3765,satellite,2,175,53.2329,44.5475,129.2762,70.8915,200.1677,6922.7844,544.4618,-3628.0156118888744,-5575.256068519825,-1911.4709971527614,-2466.632803683986,6177.515691721602,-1911.4709971527614,-16.127,111.7664,6
3172,STARLINK-3766,satellite,2,175,53.222,44.5085,93.3626,226.6392,320.0018,6919.1788,549.9247,5649.279921765467,1817.6869698195612,-3563.835719272543,-1769.14609974172,-5664.668713392066,-3563.835719272543,-31.1426,-107.3442,4
3173,STARLINK-3758,satellite,2,175,53.2218,44.556,85.5118,134.6406,220.1524,6919.1391,550.0396,-1895.1537252816543,-5616.591941181244,-3575.283034606435,-3498.8040948782705,4784.985118247921,-3575.283034606435,-31.2531,126.1745,12
3174,STARLINK-3760,satellite,2,175,53.2373,44.1457,128.2508,52.1795,180.4302,6924.2557,540.6725,-4942.941212886132,-4841.024142868682,-41.618597390133466,-1108.9196451175299,6829.237132107663,-41.618597390133466,-0.3468,99.2231,3
3175,STARLINK-3769,satellite,2,175,53.2327,44.5462,69.154,310.8349,19.9889,6922.8186,539.4933,3639.3418047128016,5567.7465256914975,1893.864442152068,2453.9693476847888,-6182.446488769916,1893.864442152068,15.9864,-68.3506,14
3176,STARLINK-3768,satellite,2,175,53.2008,44.5238,97.7274,182.2989,280.0263,6912.4247,558.9566,3723.2072633141765,-2066.5364877177813,-5459.470355610997,-3834.1934102488203,-1852.513501561839,-5459.470355610997,-52.218,-154.2122,4
3177,STARLINK-3564,satellite,2,156,53.2021,34.5431,121.0444,313.9889,75.0333,6912.8124,544.7344,-797.3987105755837,4305.602203760721,5345.5351978343815,3978.5828587347946,-1828.9159294069384,5345.5351978343815,50.8509,-24.6878,10
3178,STARLINK-3742,satellite,2,175,53.2365,44.5315,51.8129,308.1459,359.9588,6924.2662,540.6458,4934.2409453555165,4850.031473415547,-3.983637575488143,1121.294387889435,-6827.315570239297,-3.983637575488143,-0.0332,-80.6732,5
3179,STARLINK-3744,satellite,2,156,53.1997,34.5281,72.5484,22.548,95.0965,6912.0911,545.2888,-2842.536897533214,3048.6387925571535,5511.0007971669265,4129.513086363277,566.865214029345,5511.0007971669265,53.0684,7.8162,19
3180,STARLINK-3724,satellite,2,175,53.233,44.6223,49.751,290.1733,339.9243,6922.8065,544.3434,5625.483969233461,3553.9347952688886,-1903.0857342189754,-336.32244831619107,-6645.555629733617,-1903.0857342189754,-16.0547,-92.8972,4
3181,STARLINK-3747,satellite,2,156,53.2084,34.5205,69.2765,45.8554,115.132,6914.2119,543.5126,-4541.467928955451,1423.9414990811013,5010.077852067653,3780.4111257826826,2891.544926608396,5010.077852067653,46.6465,37.4115,8
3182,STARLINK-3755,satellite,2,175,53.2207,44.5527,91.7047,308.2954,40.0001,6919.1743,540.9316,1907.2736194583742,5611.470552092357,3559.290657664105,3487.6352948630056,-4791.940574183635,3559.290657664105,31.1436,-53.9524,6
3183,STARLINK-3756,satellite,2,156,53.2182,34.5073,81.8808,53.1886,135.0694,6918.1916,541.7093,-5689.149453652902,-363.57510162177977,3910.335764782317,2980.628076346495,4859.471641136862,3910.335764782317,34.6131,58.4765,5
3184,STARLINK-3688,satellite,2,156,53.2298,34.5803,104.1791,50.9627,155.1418,6922.0598,539.7345,-6153.848004034636,-2128.5303495901007,2328.6865649398133,1805.7858842643054,6256.16688125237,2328.6865649398133,19.791,73.8997,5
3185,STARLINK-3750,satellite,2,156,53.2378,34.5314,123.0131,52.1878,175.2009,6924.135,540.3191,-5875.8357829308425,-3622.6014690941324,463.6940395593275,424.43787802800847,6889.7416525983435,463.6940395593275,3.8668,86.4748,4
3186,STARLINK-3752,satellite,2,156,53.2245,34.5054,85.9188,309.0981,35.0169,6920.2172,540.4139,3320.765272364803,5165.034431334591,3177.824941422344,2308.361953068622,-5690.037589035871,3177.824941422344,27.5077,-67.9184,48
3187,STARLINK-3749,satellite,2,156,53.2346,34.5448,64.3384,310.6312,14.9696,6923.433,539.5681,4897.497122483343,4669.892750967201,1431.2738440336868,995.2287809808918,-6693.4965484248905,1431.2738440336868,12.0144,-81.5429,20
3188,STARLINK-3889,satellite,2,155,53.1991,154.5469,118.9009,316.1124,75.0133,6912.7973,544.9895,-3332.0631523215584,-2842.608065368164,5345.026585789699,-403.62888888056517,4361.2096010643945,5345.026585789699,50.8417,95.2876,4
3189,STARLINK-3831,satellite,2,155,53.2343,154.5516,58.5089,311.2076,9.7165,6923.9013,539.6303,-6456.862574977259,2298.76258376317,935.2474273502081,5598.993429183085,3953.0565779680064,935.2474273502081,7.818,35.2232,4
3190,STARLINK-3847,satellite,2,155,53.2233,154.5591,86.1249,308.8059,34.9308,6920.2356,540.6511,-6137.148318000983,294.7146800663234,3171.078549774691,3776.791836044637,4846.368707287495,3171.078549774691,27.4434,52.0706,5
3191,STARLINK-3880,satellite,2,155,53.1984,154.5309,66.9921,28.1215,95.1136,6912.0946,545.5723,-1216.9418411118868,-3987.1475617303627,5510.987687940058,-2557.736414547907,3291.8501723737036,5510.987687940058,53.0651,127.8469,6
3192,STARLINK-3814,satellite,2,155,53.2048,154.5162,62.1631,53.017,115.1801,6914.1952,543.948,1042.5274813500946,-4646.583387461898,5008.190816054931,-4398.512709353046,1825.0168962688497,5008.190816054931,46.6199,157.4656,6
3193,STARLINK-3823,satellite,2,155,53.2003,154.3412,78.837,176.3104,255.1475,6912.8116,557.9397,3335.41253585889,2844.8586948082448,-5358.460507293588,403.5386878289373,-4365.243899854394,-5358.460507293588,-50.8861,-84.7184,7
3194,STARLINK-3797,satellite,2,155,53.2094,154.5581,108.7395,306.2559,54.9955,6916.0369,543.0089,-5037.07188677777,-1358.5305696224477,4533.977163485747,1791.7126481642892,4899.741247002106,4533.977163485747,41.1685,69.9138,4
3195,STARLINK-3792,satellite,2,155,53.233,154.1885,64.5412,310.6237,15.1649,6923.4421,539.5717,-6481.427220141255,1931.7812936772275,1449.471500756142,5313.195951427195,4184.570056568167,1449.471500756142,12.1694,38.2233,4
3196,STARLINK-3818,satellite,2,149,53.2252,144.5527,79.8002,310.184,29.9843,6921.1943,540.1446,-6079.094226008834,1788.1581698637156,2768.057251534781,4964.002780749865,3938.473389760543,2768.057251534781,23.7277,38.4287,4
3197,STARLINK-3843,satellite,2,155,53.2328,154.4966,135.0508,60.1367,195.1875,6923.4176,543.1929,6495.153498590884,-1896.1528334900463,-1452.343123479097,-5291.983577583203,-4216.316443626997,-1452.343123479097,-12.1874,-141.4544,4
3198,STARLINK-3850,satellite,2,149,53.2338,144.6566,59.1707,310.7753,9.946,6923.856,539.7332,-5971.459177396594,3358.098756206715,957.1239331374674,6185.172263172451,2945.979639887771,957.1239331374674,8.0019,25.4683,4
3199,STARLINK-3849,satellite,2,155,53.236,154.5308,48.7394,306.1946,354.934,6924.1696,541.1853,-6065.122086075437,3293.971965460719,-489.46579599411103,6186.722280802406,3059.4811077148834,-489.46579599411103,-4.0816,26.3135,4
3200,STARLINK-3851,satellite,2,149,53.2015,144.6166,120.9556,309.0203,69.9758,6913.4478,544.5249,-4181.237351930109,-1800.6600279980664,5199.07293743243,937.2525968627244,4454.961267988711,5199.07293743243,48.9691,78.1191,4
3201,STARLINK-3852,satellite,2,149,53.2021,144.6872,101.0765,183.5589,284.6354,6912.8246,558.1295,891.9494165906929,4285.427502594521,-5364.0562146627035,2988.777930609925,-3198.0727201314608,-5364.0562146627035,-50.9575,-46.9375,5
3202,STARLINK-3812,satellite,2,149,53.2021,144.5334,57.7327,47.1227,104.8554,6912.8158,544.8907,-878.4720192020511,-4286.433448879252,5348.416015767384,-2997.3651169330865,3187.6366097760438,5348.416015767384,50.8871,133.2379,6
3203,STARLINK-3826,satellite,2,149,53.2168,144.5659,97.9418,306.8462,44.788,6918.15,541.7317,-5688.282453377534,468.4571467353811,3900.5270282297433,3660.1860361442796,4379.388946935933,3900.5270282297433,34.5141,50.1119,5
3204,STARLINK-3829,satellite,2,149,53.2267,144.5146,98.8984,51.242,150.1405,6921.1844,540.2746,3686.7326607094087,-5159.472277158572,2757.7235559704986,-6341.1745358510025,-40.71113096141436,2757.7235559704986,23.6334,-179.6322,4
3205,STARLINK-3819,satellite,2,149,53.1975,144.5339,86.374,3.72,90.0941,6911.9685,545.5799,-2392.569690792124,-3378.017403058556,5532.855871080041,-1382.5307498711304,3901.794462337087,5532.855871080041,53.3673,109.5109,4
3206,STARLINK-3754,satellite,2,149,53.2339,144.5262,118.3341,51.84,170.1741,6923.9161,540.0297,5140.9806405067,-4531.159423471266,945.7210567789373,-6665.488763318244,-1591.3350411071067,945.7210567789373,7.9056,-166.5724,9
3207,STARLINK-3838,satellite,2,149,53.212,144.5584,70.8326,159.3055,230.1381,6917.0256,552.6557,5460.144457921392,19.652742956118338,-4255.591400426669,-3129.7904668835195,-4474.14521054921,-4255.591400426669,-38.1042,-124.9739,4
3208,STARLINK-3807,satellite,2,149,53.2355,144.5435,133.4364,56.7883,190.2246,6923.8369,542.283,5973.684105534641,-3351.5624621348175,-984.0366728342489,-6181.11174405135,-2951.5640494251325,-984.0366728342489,-8.2254,-154.4749,4
3209,STARLINK-3877,satellite,2,149,53.2261,144.5562,112.6153,97.4737,210.089,6921.1724,547.0338,6083.857137405845,-1780.5854883705397,-2779.614100122582,-4960.557430464685,-3946.729320440077,-2779.614100122582,-23.8075,-141.4935,4
3210,STARLINK-3801,satellite,2,149,53.1975,144.5624,89.9256,180.1702,270.0957,6911.992,559.0298,2395.37832535731,3385.901341272632,-5543.624984931509,1387.3564577983252,-3908.632404489924,-5543.624984931509,-53.367,-70.4578,8
3211,STARLINK-3821,satellite,2,149,53.1992,144.547,74.4954,175.5987,250.0941,6913.4289,557.3827,4182.066713524673,1809.2541984711365,-5212.488177932763,-930.706029107139,-4460.590660264637,-5212.488177932763,-49.016,-101.7857,4
3212,STARLINK-3837,satellite,2,149,53.2338,144.5257,47.1721,302.8099,349.982,6923.8333,542.1726,-5131.324675809935,4541.42062109133,-964.3220645877888,6668.312434212306,1577.5308130046296,-964.3220645877888,-8.0596,13.3098,4
3213,STARLINK-3853,satellite,2,149,53.1981,144.5495,85.823,179.0748,264.8978,6912.0877,559.0347,2897.625693426002,3008.1542070300493,-5521.800489727714,789.2376670388636,-4101.503419162558,-5521.800489727714,-53.0658,-79.1079,7
3214,STARLINK-3728,satellite,2,149,53.2136,144.51,108.1927,201.855,310.0477,6917.044,552.6901,-1784.3552528310045,5169.883768254176,-4244.1816928433245,5253.632601014193,-1520.1862843495337,-4244.1816928433245,-37.9839,-16.1383,4
3215,STARLINK-3848,satellite,2,183,53.216,134.5561,97.5344,307.519,45.0533,6918.0762,541.5588,-5513.933650580175,1424.3260400407103,3918.505306645401,4341.010006360171,3686.1634657214167,3918.505306645401,34.6965,40.3362,5
3216,STARLINK-3830,satellite,2,149,53.2264,144.5138,67.3806,262.6232,330.0038,6921.1356,546.9879,-3678.5386626007494,5166.715642192835,-2771.839008637745,6342.37390579378,29.84055352667578,-2771.839008637745,-23.7371,0.2696,4
3217,STARLINK-3820,satellite,2,183,53.2098,134.424,70.7826,54.3681,125.1506,6916.0737,542.9625,368.215193626949,-5211.073024588987,4525.880501038437,-4471.391596390918,2701.3925461031063,4525.880501038437,41.0797,148.8617,7
3218,STARLINK-3874,satellite,2,183,53.2354,134.5383,55.5401,309.4069,4.9471,6924.1672,540.1181,-5088.733813803694,4662.317845259577,477.92857840152743,6742.588530536413,1473.0646373645022,477.92857840152743,3.9859,12.3239,3
3219,STARLINK-3808,satellite,2,183,53.2009,134.5219,57.134,47.9875,105.1215,6912.828,544.888,-1585.073638111555,-4087.162202942966,5341.707013097947,-2427.384342410416,3650.364168904597,5341.707013097947,50.7992,123.6227,6
3220,STARLINK-3817,satellite,2,183,53.2049,134.5519,118.8418,306.1417,64.9835,6914.1997,544.0837,-4723.3170731995815,-548.9257630403554,5014.9767193224725,2272.6698326409205,4176.842766864942,5014.9767193224725,46.7006,61.4489,4
3221,STARLINK-3834,satellite,2,183,53.2327,134.5225,115.8458,49.3431,165.189,6923.4427,539.6625,3934.31780296837,-5509.8390465224875,1416.4418161099939,-6770.190883436078,-41.210377051158396,1416.4418161099939,11.8879,-179.6512,4
3222,STARLINK-3841,satellite,2,183,53.199,134.5379,109.4828,335.6293,85.1122,6912.0576,545.4499,-3352.6702230908263,-2473.0197927455993,5512.824054437152,-89.67499447690153,4165.114994268099,5512.824054437152,53.0918,91.2334,4
3223,STARLINK-3827,satellite,2,183,53.207,134.5238,65.8498,54.1403,119.9901,6915.0298,543.4473,-133.65882103463494,-4976.905658952679,4793.562086871741,-3990.8421328269997,2976.6816573843457,4793.562086871741,44.0918,143.2815,7
3224,STARLINK-3798,satellite,2,183,53.2214,134.5167,89.7916,50.18,139.9716,6919.1999,540.8232,1813.2335816506068,-5641.116265542068,3561.354008245302,-5655.430376479457,1768.0825771954756,3561.354008245302,31.1642,162.639,4
3225,STARLINK-3796,satellite,2,183,53.2354,134.538,131.6922,53.5126,185.2048,6924.1425,541.3507,5100.904886259296,-4648.187932791629,-502.85015501680834,-6738.051859853623,-1491.1535303706348,-502.85015501680834,-4.1933,-167.5214,4
3226,STARLINK-3550,satellite,2,183,53.2029,134.5526,72.258,172.8611,245.1191,6914.1383,556.3044,4724.295524873246,563.5708418965274,-5029.232732293127,-2261.2634825841023,-4186.080238421733,-5029.232732293127,-46.7653,-118.3773,4
3227,STARLINK-3762,satellite,2,183,53.2164,134.558,76.75,148.3889,225.139,6918.1241,551.45,5519.806964116098,-1417.9104620746177,-3929.971810565242,-4339.150165397411,-3694.66031479172,-3929.971810565242,-34.7554,-139.5866,4
3228,STARLINK-3785,satellite,2,183,53.2286,134.5525,123.9942,81.1936,205.1878,6922.0092,545.6876,5650.607717527006,-3226.1491749736792,-2359.5326437042304,-5892.465861608207,-2759.7558128104292,-2359.5326437042304,-20.046,-154.9038,3
3229,STARLINK-3805,satellite,2,183,53.2241,134.7327,94.3332,50.7426,145.0757,6920.2195,540.53,2306.3337333894815,-5695.088152406771,3170.5401699720774,-5983.642901399386,1396.1454014489216,3170.5401699720774,27.4389,166.8663,3
3230,STARLINK-3806,satellite,2,183,53.2081,134.5078,104.1136,200.8896,305.0031,6916.0434,554.2554,-361.75926254232684,5213.009655454938,-4541.354919635772,4469.254917718011,-2707.785056527743,-4541.354919635772,-41.1682,-31.2104,4
3231,STARLINK-3800,satellite,2,183,53.2003,134.5246,99.8359,185.1971,285.033,6912.837,558.0823,1596.3842850783594,4088.8778716323686,-5354.082880182629,2422.2700245557776,-3660.5973505574943,-5354.082880182629,-50.8273,-56.5068,6
3232,STARLINK-3793,satellite,2,179,53.2204,124.5881,90.9212,309.0281,39.9493,6919.2005,540.9227,-5196.722546170092,2854.34240598131,3555.515637384277,5327.066201944588,2602.9908706246742,3555.515637384277,31.107,26.0418,7
3233,STARLINK-3799,satellite,2,183,53.2329,134.5071,54.9809,312.7937,7.7746,6922.5178,537.7257,-5202.6142851172735,4494.090198731179,749.4173040870105,6670.700540400428,1663.0683733206542,749.4173040870105,6.2595,13.999,5
3234,STARLINK-3811,satellite,2,179,53.2201,124.5855,89.3322,130.7888,220.121,6919.1724,549.666,5203.402699790338,-2841.7854361894456,-3572.695305039224,-5320.651584100913,-2615.6855396106503,-3572.695305039224,-31.2298,-153.8208,4
3235,STARLINK-3909,satellite,2,122,53.2301,14.4219,74.0491,311.0292,25.0784,6922.0273,539.5819,5628.978253850356,3259.2065172158495,2347.929580604787,-579.2303885193238,-6478.60443777811,2347.929580604787,19.9618,-95.109,41
3236,STARLINK-3872,satellite,2,122,53.2139,14.5093,73.1203,52.0389,125.1592,6916.0553,542.6603,-4700.868810277166,2278.690755504991,4525.449804749352,4570.8748057218,2529.3680319554646,4525.449804749352,41.0771,28.9587,10
3237,STARLINK-3888,satellite,2,122,53.2029,14.5213,60.5587,44.5657,105.1244,6912.8275,544.7431,-2747.221431738161,3415.9336993034053,5341.6618477864495,4374.803924447497,277.3432091775435,5341.6618477864495,50.8,3.6274,20
3238,STARLINK-3890,satellite,2,122,53.2225,14.5089,88.7381,51.1893,139.9274,6919.1951,540.939,-5789.157724762729,1254.2120809260002,3564.731474523539,4360.5381079029385,4009.127400775257,3564.731474523539,31.1964,42.5958,6
3239,STARLINK-3896,satellite,2,122,53.2313,14.5162,111.938,48.1744,160.1124,6922.7717,539.3219,-6648.786587709265,-266.81614121318063,1884.5756020516824,3612.6069460435133,5588.078828677408,1884.5756020516824,15.9064,57.118,5
3240,STARLINK-3899,satellite,2,122,53.2374,14.5265,129.7725,55.4598,185.2323,6924.1164,541.3815,-6575.563969112422,-2093.935196887021,-505.5134571662841,2077.0330449351645,6580.922416416953,-505.5134571662841,-4.2155,72.4836,3
3241,STARLINK-3898,satellite,2,122,53.2335,14.5474,129.657,70.3555,200.0125,6922.7861,544.3814,-5938.425326439634,-3005.665749217643,-1897.3655077302349,964.7481311177805,6585.452376050143,-1897.3655077302349,-16.0051,81.6656,2
3242,STARLINK-3856,satellite,2,168,53.2013,4.5262,97.5909,182.5433,280.1342,6912.3482,558.9039,1536.646964130767,-3973.773950774309,-5457.645006846653,-4133.281367186405,1033.5126723434228,-5457.645006846653,-52.1939,165.9612,7
3243,STARLINK-3900,satellite,2,117,53.2073,354.5162,106.9382,188.142,295.0801,6914.1708,556.5514,2562.404186017431,-4018.8861547668835,-5021.584334257644,-4761.141997012084,221.10635853449085,-5021.584334257644,-46.6709,177.3411,9
3244,STARLINK-3903,satellite,2,168,53.218,4.519,105.2191,209.6361,314.8552,6918.0374,551.7774,5099.261611674845,-2544.709223748658,-3930.6377338916127,-5017.837075568587,-2701.7263186306504,-3930.6377338916127,-34.7602,-151.7009,4
3245,STARLINK-3885,satellite,2,117,53.2185,354.5101,102.8009,212.2309,315.0318,6918.109,551.3517,4595.0273971087345,-3384.4741902640603,-3918.376658443216,-5413.701115214132,-1805.7637054367588,-3918.376658443216,-34.639,-161.5537,4
3246,STARLINK-3904,satellite,2,168,53.2111,4.5115,110.352,189.7107,300.0626,6915.0656,555.7427,3739.8677586888143,-3304.6074559661424,-4798.848791261226,-4855.723566587318,-1152.8182577473572,-4798.848791261226,-44.0542,-166.6444,6
3247,STARLINK-3863,satellite,2,117,53.2313,354.5149,57.0805,277.9369,335.0174,6922.0462,545.6922,6077.797323231487,-2341.462593550049,-2341.648730012729,-5415.496231381291,-3618.627909466374,-2341.648730012729,-19.8878,-146.2492,4
3248,STARLINK-3873,satellite,2,168,53.2347,4.516,51.9012,288.0969,339.9981,6922.7852,544.5127,6594.94491989141,-900.4767285704637,-1896.4706417500092,-4535.667261341939,-4871.5376760823065,-1896.4706417500092,-15.997,-132.9552,4
3249,STARLINK-3864,satellite,2,168,53.211,4.5532,113.7918,306.2592,60.0509,6915.0165,543.3328,3154.6725028338856,3848.792786576615,4795.7077445620425,1328.2323801160017,-4795.931948907509,4795.7077445620425,44.1175,-74.5199,77
3250,STARLINK-3828,satellite,2,168,53.2341,4.5547,70.0562,309.8948,19.951,6922.8207,539.6982,6368.452132934207,1924.3245823438951,1890.5132281476579,-2096.336294704313,-6313.919686469939,1890.5132281476579,15.9569,-108.3671,17
3251,STARLINK-3859,satellite,2,168,53.2024,4.5228,61.6533,38.4813,100.1346,6912.3535,545.0217,-1533.3639145198842,3965.785176989239,5446.774148145197,4124.860258275441,-1031.5933375507864,5446.774148145197,52.1953,-14.0412,16
3252,STARLINK-3862,satellite,2,168,53.2253,4.5641,85.7085,309.0833,34.7919,6920.2445,540.4584,5472.128689402962,2806.195946847194,3160.066668348637,-859.1277311840204,-6089.402895768943,3160.066668348637,27.3411,-98.0306,75
3253,STARLINK-3881,satellite,2,168,53.2105,4.5093,67.0329,53.1223,120.1552,6915.0753,543.2008,-3742.3512988533635,3294.720341020897,4785.642221713468,4849.073269354373,1160.5446126707934,4785.642221713468,44.0024,13.4596,19
3254,STARLINK-3879,satellite,2,168,53.2024,4.5387,115.8646,324.1998,80.0645,6912.3429,544.8728,865.8542953157806,4158.319413082428,5449.990699509589,2899.9214191641845,-3103.5108771531245,5449.990699509589,52.2403,-46.9423,11
3255,STARLINK-3882,satellite,2,168,53.2379,4.7548,51.6141,308.2247,359.8389,6924.2315,540.6308,6895.895368032715,561.8986054337934,-15.586427489442126,-3513.7940705617048,-5960.063271419935,-15.586427489442126,-0.1299,-120.5218,4
3256,STARLINK-3835,satellite,2,117,53.2011,354.775,90.3725,179.3197,269.6922,6912.0232,559.3707,-414.7230258223572,-4126.714152720783,-5544.085736068067,-3134.0075774739976,2716.571624446671,-5544.085736068067,-53.3696,139.0811,4
3257,STARLINK-3860,satellite,2,117,53.2393,354.5308,49.9699,304.9751,354.945,6924.2768,541.7092,6826.668093601553,-1020.1928950475283,-488.46612705868483,-4767.02362107823,-4991.961197704277,-488.46612705868483,-4.0729,-133.6796,4
3258,STARLINK-3825,satellite,2,168,53.233,4.517,110.2603,49.9553,160.2157,6922.8491,539.6604,-6598.118199340705,884.3468983093424,1875.3255091590515,4524.311903530684,4883.4245165243365,1875.3255091590515,15.8255,47.186,5
3259,STARLINK-3878,satellite,2,117,53.2023,354.5471,123.5727,311.4139,74.9866,6912.8397,544.9555,2161.8839963369123,3809.709956511554,5344.558087319254,1868.281738567508,-3961.9636181691644,5344.558087319254,50.8359,-64.7536,35
3260,STARLINK-3839,satellite,2,168,53.2363,4.5292,127.1224,52.9961,180.1185,6924.2664,540.9254,-6896.764215503185,-554.9198730321607,-11.464423011743952,3519.9986883766805,5956.752634074856,-11.464423011743952,-0.0955,59.4201,4
3261,STARLINK-3813,satellite,2,117,53.2069,354.5148,59.6758,55.5955,115.2713,6914.1525,544.2978,-2579.110045151675,4008.040934239148,5004.841011075036,4761.902763317359,-201.2034498943656,5004.841011075036,46.5764,-2.4195,19
3262,STARLINK-3875,satellite,2,117,53.2116,354.556,108.7669,306.2816,55.0485,6916.0045,542.8186,4263.610472554837,3001.6524176993425,4536.910000812515,-3.0864952410158524,-5214.238388480787,4536.910000812515,41.2022,-90.0339,112
3263,STARLINK-3887,satellite,2,168,53.2333,4.5471,129.0113,71.1585,200.1698,6922.8046,544.5034,-6362.88351091328,-1938.9323741008964,-1911.681128549518,2081.1883349853,6317.784456525069,-1911.681128549518,-16.1288,71.7672,4
3264,STARLINK-3913,satellite,2,117,53.2,354.5295,69.0596,26.0862,95.1459,6912.0748,545.3273,-223.92654119397528,4162.778288655598,5510.629456748881,3531.441353913749,-2215.352825222509,5510.629456748881,53.0629,-32.101,8
3265,STARLINK-3918,satellite,2,168,53.2083,4.5529,72.0053,168.1897,240.195,6914.9764,555.448,-3144.7320964839178,-3859.709956031045,-4810.871197835268,-1342.882624366577,4794.097116299965,-4810.871197835268,-44.1952,105.6482,7
3266,STARLINK-3902,satellite,2,117,53.2257,354.6598,87.4185,307.506,34.9246,6920.2277,540.6752,5865.024567965706,1831.8616761985932,3170.694584974147,-1881.8614075163075,-5849.173277179193,3170.694584974147,27.4397,-107.8346,69
3267,STARLINK-3892,satellite,2,168,53.2017,4.5439,82.6413,177.4928,260.1341,6912.3052,558.8029,-858.8807974322498,-4167.045044680623,-5462.08813754107,-2911.07104109678,3102.8383815923926,-5462.08813754107,-52.255,133.1736,4
3268,STARLINK-3923,satellite,2,168,53.2219,4.5558,88.2044,132.0101,220.2145,6919.1032,549.8451,-5056.805444524365,-3087.2954102211493,-3579.775305891073,390.08463580741153,5911.895485430272,-3579.775305891073,-31.2977,86.2249,4
3269,STARLINK-3914,satellite,2,117,53.238,354.5281,124.8122,50.4076,175.2199,6924.1698,540.1067,-6829.767192706872,1000.8696331235313,461.8563993095881,4753.01538866035,5005.627297776158,461.8563993095881,3.8516,46.4828,4
3270,STARLINK-3908,satellite,2,117,53.2201,354.5087,81.9411,53.2655,135.2066,6918.1208,541.4451,-4604.078250292949,3372.1742017505035,3900.902047292367,5408.862414539878,1820.2479947386473,3900.902047292367,34.5195,18.5997,10
3271,STARLINK-3916,satellite,2,117,53.2258,354.5537,97.3675,117.8412,215.2088,6920.1317,548.5274,-5856.97456923454,-1841.6704782636293,-3196.7782388954206,1869.2062372607725,5848.244975866976,-3196.7782388954206,-27.6502,72.2752,4
3272,STARLINK-3883,satellite,2,117,53.231,354.5154,103.5828,51.5156,155.0984,6922.101,539.8113,-6077.277191098806,2334.5442941271353,2332.557337905238,5409.541919952218,3622.188749219319,2332.557337905238,19.825,33.806,4
3273,STARLINK-3857,satellite,2,117,53.202,354.5288,94.0462,181.0451,275.0914,6912.0924,559.2555,217.77697810016718,-4170.704118054325,-5522.349196142341,-3534.3764307404886,2224.9455944745855,-5522.349196142341,-53.071,147.8089,6
3274,STARLINK-3871,satellite,2,161,53.201,349.54,116.3946,326.2016,82.5962,6912.1786,545.2581,1620.8008821754393,3874.72001857826,5486.903681505757,2233.1615693321787,-3557.1674303144114,5486.903681505757,52.738,-57.8797,21
3275,STARLINK-3884,satellite,2,117,53.212,354.5538,71.3327,163.8495,235.1822,6915.9856,554.1765,-4258.041580122461,-3013.1404955916514,-4551.771866613006,-9.511737436701726,5216.30551933809,-4551.771866613006,-41.2835,90.1045,4
3276,STARLINK-3925,satellite,2,118,53.2366,344.5404,59.4598,310.5255,9.9853,6923.8754,539.7133,6757.51971544129,-1124.064257939228,960.8984768571493,-4812.082642459286,-4875.597789266077,960.8984768571493,8.0337,-134.6244,4
3277,STARLINK-3894,satellite,2,117,53.2043,354.5439,79.3923,175.7138,255.1062,6912.81,558.4212,-2152.5992154108317,-3820.3655127099287,-5358.090758176814,-1882.3404169607488,3960.5139297276505,-5358.090758176814,-50.8763,115.4207,4
3278,STARLINK-3866,satellite,2,118,53.2277,344.5533,80.458,309.5416,29.9996,6921.1676,540.1252,6323.37271541268,399.9719516702145,2769.42256344558,-3316.286012275362,-5398.82090320981,2769.42256344558,23.7402,-121.5608,27
3279,STARLINK-3907,satellite,2,117,53.2358,354.3447,64.2977,310.7916,15.0893,6923.4104,539.5939,6752.009456127503,414.3562700065749,1442.482174557333,-3551.4874361968436,-5757.4525447167125,1442.482174557333,12.1098,-121.6684,5
3280,STARLINK-3912,satellite,2,118,53.2145,344.5859,102.8272,307.1344,49.9616,6917.0312,542.1189,5128.976857258631,1873.1263871493427,4238.326126035315,-1424.0611810882451,-5271.342885550827,4238.326126035315,37.9907,-105.1177,114
3281,STARLINK-3861,satellite,2,118,53.204,344.4023,60.068,50.1587,110.2267,6913.4376,544.2801,-1256.8735434168825,4383.180543533423,5192.351851348473,4306.716828279454,-1498.0630635476668,5192.351851348473,48.8867,-19.1799,13
3282,STARLINK-3958,satellite,2,150,53.199,74.5288,71.1621,23.8119,94.974,6912.1072,544.914,-4133.804048148689,522.578648830127,5511.685085643022,2808.8117213081982,3077.661623204423,5511.685085643022,53.082,47.615,5
3283,STARLINK-3964,satellite,2,150,53.2046,74.5134,60.542,54.5668,115.1088,6914.2017,544.0078,-4395.1304093309245,-1825.2598582701191,5011.135337570772,1040.3801907739771,4643.958863284943,5011.135337570772,46.6549,77.3726,4
3284,STARLINK-3897,satellite,2,150,53.2102,74.3612,71.0201,164.2312,235.2514,6915.9857,554.2143,2216.8389837689133,-4718.26053139941,-4555.49322795083,-5133.675374970773,906.4958171650437,-4555.49322795083,-41.3243,169.986,10
3285,STARLINK-3933,satellite,2,150,53.2355,74.5278,124.3437,50.8374,175.1811,6924.1792,540.2119,-2174.3055467913837,-6551.170631852227,465.57954276650594,-4101.844529863502,5551.604516829324,465.57954276650594,3.8827,126.4591,5
3286,STARLINK-3757,satellite,2,150,53.2288,74.5142,104.5383,50.6356,155.1739,6922.0925,539.9204,-3350.9039863088583,-5584.580811352347,2325.902243421086,-2633.911758615874,5956.392298347253,2325.902243421086,19.7658,113.855,5
3287,STARLINK-3940,satellite,2,150,53.2227,74.5934,97.4928,117.6224,215.1152,6920.201,548.5624,793.9673812151307,-6092.142564711623,-3189.2773266622885,-5436.825912450051,2861.0328954621264,-3189.2773266622885,-27.5797,152.2452,16
3288,STARLINK-3845,satellite,2,136,53.2146,79.556,100.6749,306.7419,47.4167,6917.626,541.8467,-2149.3930060851853,5152.4276847838255,4076.2249875245907,5449.680877344823,-1211.7671709684512,4076.2249875245907,36.3038,-12.5361,12
3289,STARLINK-3937,satellite,2,150,53.2003,74.5439,78.7663,176.3388,255.105,6912.8125,558.2359,3388.7443970955023,-2783.444686247704,-5357.640704466989,-4227.4545648418325,-1166.0963992932543,-5357.640704466989,-50.8723,-164.5791,4
3290,STARLINK-3926,satellite,2,150,53.2328,74.5427,132.3126,62.8608,195.1734,6923.4175,543.3522,-735.1398720471068,-6726.658829154764,-1451.0595681192256,-5074.451961088854,4476.416751143783,-1451.0595681192256,-12.1762,138.5829,5
3291,STARLINK-3944,satellite,2,136,53.1983,79.545,90.0213,357.5511,87.5724,6912.0015,545.1286,-4013.6700327811973,1038.242201365839,5527.61156707533,3161.071777073965,2682.371939334522,5527.61156707533,53.2996,40.3167,7
3292,STARLINK-3948,satellite,2,150,53.2134,74.3228,101.264,308.669,49.933,6917.0277,541.7797,-1847.5507665524437,5139.4793920878255,4236.287260299597,5265.1917278181045,-1451.016307971681,4236.287260299597,37.9715,-15.4075,12
3293,STARLINK-3931,satellite,2,150,53.2334,74.5431,63.909,311.0542,14.9632,6923.4385,539.6261,750.6122915528874,6725.512916573825,1430.6615337059736,5064.600945181562,-4488.402841690758,1430.6615337059736,12.0091,-41.5483,4
3294,STARLINK-3935,satellite,2,150,53.198,74.5298,93.6696,181.4188,275.0884,6912.0899,559.109,4145.374151952367,-510.1401004959332,-5521.970556783635,-2805.311231678799,-3094.2848406741077,-5521.970556783635,-53.0674,-132.1958,4
3295,STARLINK-3965,satellite,2,150,53.2293,74.5136,53.2477,281.7147,334.9624,6922.0466,545.3855,3364.0672228268827,5574.8479286955735,-2346.300072188965,2618.372656903054,-5961.543620352194,-2346.300072188965,-19.9298,-66.2884,11
3296,STARLINK-3969,satellite,2,150,53.2046,74.5147,105.6743,189.3446,295.0189,6914.1576,556.2808,4402.906882335351,1818.3824122080532,-5023.711250346964,-1050.4818401541122,-4646.352495780966,-5023.711250346964,-46.6989,-102.7397,4
3297,STARLINK-3966,satellite,2,150,53.2172,74.6615,101.1742,213.6775,314.8518,6918.1084,551.2237,4125.340866429843,3931.0115112424264,-3930.5167871375625,836.1844188487995,-5636.673166277346,-3930.5167871375625,-34.7622,-81.5619,11
3298,STARLINK-3858,satellite,2,150,53.2174,74.169,82.2408,53.1213,135.3622,6918.2121,541.6132,-4139.990568690554,-3939.0094291506216,3890.200662422777,-834.2810752117822,5653.255016300584,3890.200662422777,34.4107,98.3949,4
3299,STARLINK-3770,satellite,2,136,53.2016,79.5182,56.9862,50.6246,107.6108,6913.1132,544.647,-4259.799889700776,-1338.079997287013,5274.082587287933,1360.6037990933476,4252.659224688371,5274.082587287933,49.9236,72.2583,4
3300,STARLINK-3943,satellite,2,150,53.2113,74.5526,108.9045,306.0505,54.955,6916.0296,542.7952,-2209.2267915097855,4728.074364956569,4531.715055026883,5137.3109112778675,-918.3718297887045,4531.715055026883,41.1451,-10.1354,14
3301,STARLINK-3953,satellite,2,128,53.2353,64.7076,46.9228,302.9249,349.8477,6923.8723,542.1711,3570.2115264175095,5846.6689262191485,-977.1328507707963,2721.7745046560394,-6286.64389177448,-977.1328507707963,-8.1674,-66.59,5
3302,STARLINK-3956,satellite,2,128,53.203,64.5463,121.6091,308.4251,70.0342,6913.4229,544.4343,-2498.680894965771,3802.634905060859,5201.025064740169,4547.676025125909,-148.5974648140453,5201.025064740169,48.9947,-1.8715,19
3303,STARLINK-3955,satellite,2,136,53.2339,79.5244,117.3576,50.3279,167.6855,6923.7076,539.8062,-2097.076717846668,-6484.963938589161,1181.8525467635375,-4092.2260804789516,5450.337031008658,1181.8525467635375,9.8974,126.9,5
3304,STARLINK-3957,satellite,2,128,53.2034,64.5152,58.5158,51.5895,110.1053,6913.4741,544.5034,-4530.892853222978,-471.8711033449708,5196.508237038273,2224.785173007639,3975.1708541299745,5196.508237038273,48.937,60.7656,4
3305,STARLINK-3942,satellite,2,136,53.225,79.5122,96.2287,51.4368,147.6655,6920.7637,540.3505,-3240.5699880297047,-5341.7494551498985,2962.32896787244,-2499.0034971958385,5726.304446142909,2962.32896787244,25.5049,113.5768,5
3306,STARLINK-3959,satellite,2,136,53.2355,79.544,128.637,53.8573,182.4943,6924.2341,541.1383,-1077.2791956040905,-6830.6139359887375,-241.2304762037567,-4962.296131424774,4815.9562198852755,-241.2304762037567,-2.0103,135.8574,4
3307,STARLINK-3911,satellite,2,128,53.1981,64.5321,88.4221,1.6729,90.095,6911.989,545.3978,-3742.0032149513677,1769.5820649519633,5532.753075225202,3602.3084257190108,2038.9660986146498,5532.753075225202,53.3679,29.5106,10
3308,STARLINK-3938,satellite,2,136,53.2122,79.5092,108.0877,199.4057,307.4934,6916.5343,553.4686,4001.653485236944,3544.423217718561,-4398.982290104249,591.4706595383561,-5312.8456613303415,-4398.982290104249,-39.625,-83.6475,11
3309,STARLINK-3929,satellite,2,128,53.2129,64.5103,76.4413,53.6227,130.064,6917.0827,542.2437,-4774.275319960454,-2652.665054331311,4236.73112814976,582.5483455443166,5430.559284858016,4236.73112814976,37.9731,83.8772,4
3310,STARLINK-3930,satellite,2,128,53.235,64.5375,131.8005,58.3214,190.1219,6923.8477,542.3177,-2271.5604515610353,-6463.563499272118,-974.2485992181715,-3974.2060107790976,5580.620626606533,-974.2485992181715,-8.1429,125.4563,4
3311,STARLINK-3927,satellite,2,128,53.2274,64.5107,98.4107,51.7564,150.1672,6921.1859,540.2507,-4440.3399698334215,-4528.524054211646,2755.5012251460876,-1143.0721354663385,6238.392040453547,2755.5012251460876,23.6133,100.3832,4
3312,STARLINK-3901,satellite,2,128,53.2351,64.5236,120.5827,49.585,170.1678,6923.8961,539.7885,-3570.069545831347,-5849.037664217462,946.3054727077104,-2723.7923829391752,6287.892589266251,946.3054727077104,7.9108,113.4213,5
3313,STARLINK-3932,satellite,2,128,53.1995,64.5372,85.4595,179.3338,264.7933,6912.1132,559.2137,3459.064193733466,-2343.061600435615,-5521.139231762358,-3908.0242467776684,-1477.297954511105,-5521.139231762358,-53.0548,-159.2926,4
3314,STARLINK-3836,satellite,2,136,53.2348,79.5217,45.6699,301.7306,347.4004,6923.6388,542.5372,2116.623763795201,6476.438504978115,-1209.2566464786196,4073.995859682231,-5461.401798212411,-1209.2566464786196,-10.1252,-53.2785,12
3315,STARLINK-3833,satellite,2,136,53.2258,79.51,75.2383,252.17,327.4083,6920.6976,547.8182,3256.6029795924273,5328.104284529275,-2986.5310709830205,2478.6133012868395,-5731.547289885468,-2986.5310709830205,-25.6983,-66.6139,15
3316,STARLINK-3893,satellite,2,136,53.2274,79.5525,77.0692,310.4941,27.5633,6921.585,539.8065,-772.1414436865638,6375.861794570708,2563.070067286975,5656.147455370368,-3042.336601303692,2563.070067286975,21.8783,-28.275,4
3317,STARLINK-3919,satellite,2,136,53.2354,79.5455,52.5379,309.8691,2.4069,6924.1582,540.1809,1083.2371704567638,6828.997603993577,232.75500898971856,4957.542352660039,-4819.894694325921,232.75500898971856,1.94,-44.1934,8
3318,STARLINK-3915,satellite,2,128,53.203,64.5188,104.579,185.3988,289.9778,6913.415,557.6059,4536.105302311467,458.601439312972,-5210.54470633311,-2238.634212120226,-3971.785928033256,-5210.54470633311,-48.9894,-119.4071,4
3319,STARLINK-3895,satellite,2,128,53.2146,64.5094,106.3456,203.6311,309.9767,6917.0662,552.8119,4781.683173958427,2647.651390243187,-4248.717411581754,-590.9142626080094,-5433.7254434338365,-4248.717411581754,-38.0308,-96.2065,4
3320,STARLINK-3922,satellite,2,128,53.1977,64.5317,89.4144,180.6222,270.0366,6912.0184,559.2572,3746.501456050186,-1779.547062933796,-5543.8280910418225,-3613.0449224341405,-2036.9013962033948,-5543.8280910418225,-53.3673,-150.5873,4
3321,STARLINK-3906,satellite,2,128,53.2352,64.5023,59.9537,309.9624,9.9161,6923.8624,539.7429,2289.7667242827465,6457.375910259226,954.291307960831,3958.65910016842,-5591.936464828839,954.291307960831,7.9781,-54.7045,8
3322,STARLINK-3910,satellite,2,128,53.2271,64.5125,66.258,263.7112,329.9692,6921.1783,546.9549,4450.5549010725845,4516.908913396408,-2774.7479211325917,1127.6932406665542,-6240.0491195451405,-2774.7479211325917,-23.7636,-79.7561,10
3323,STARLINK-3867,satellite,2,128,53.1984,64.3915,107.3406,337.5865,84.9272,6912.0597,545.361,-3454.015367168201,2333.056721606455,5511.166635089919,3896.937934707143,1478.935615876353,5511.166635089919,53.0699,20.7824,16
3324,STARLINK-3917,satellite,2,128,53.2264,64.5528,79.623,310.3217,29.9447,6921.211,539.9879,708.6580524764547,6298.180274702932,2764.7262334855836,4739.494572668546,-4207.904728441724,2764.7262334855836,23.698,-41.5999,4
3325,STARLINK-4019,satellite,2,177,53.2361,229.5319,130.3758,52.3364,182.7122,6924.1928,540.8535,4336.473218466293,5384.998706855707,-262.2798381775953,1902.9501589553245,-6646.95356835332,-262.2798381775953,-2.1859,-74.0242,7
3326,STARLINK-4024,satellite,2,125,53.2021,224.6529,75.7687,174.2587,250.0274,6913.4198,557.3701,-1057.0272382674534,4434.714114402964,-5210.477339892711,4233.696409205778,-1691.0974465128513,-5210.477339892711,-48.9908,-21.7736,4
3327,STARLINK-4026,satellite,2,125,53.2336,224.5413,59.7526,310.2157,9.9684,6923.8927,539.8903,-4353.3185228693355,-5289.782898281077,959.2713717400208,-1815.4205891203349,6605.863558771266,959.2713717400208,8.0198,105.3666,5
3328,STARLINK-4027,satellite,2,125,53.2262,224.5145,67.5756,262.4165,329.9921,6921.1726,547.0216,-5727.001988660037,-2724.5192913875408,-2772.8261268740407,1072.7305910039215,6250.664462789797,-2772.8261268740407,-23.7459,80.2618,4
3329,STARLINK-4012,satellite,2,125,53.2349,224.5261,46.5534,303.3953,349.9487,6923.8802,542.1909,-5364.600037244304,-4262.64195161228,-967.5110291863338,-393.24373497496987,6840.64392671841,-967.5110291863338,-8.0864,93.2901,4
3330,STARLINK-4016,satellite,2,125,53.2042,224.5618,118.4061,306.3987,64.8049,6914.2016,544.034,532.0452664691992,-4733.04225769822,5007.598606161178,-4175.065927518927,2292.070173358543,5007.598606161178,46.612,151.2336,6
3331,STARLINK-4013,satellite,2,125,53.2266,224.5525,79.0721,310.9268,29.9989,6921.171,539.9486,-2815.3323894395326,-5676.040014423051,2769.2518711042067,-3017.2342132432696,5571.339552638414,2769.2518711042067,23.7393,118.4384,6
3332,STARLINK-4000,satellite,2,177,53.218,229.29,99.0972,218.3428,317.44,6918.6339,550.5404,-5450.693823199291,-2036.4935254321642,-3749.933931789514,1475.8905691701113,5628.420387748658,-3749.933931789514,-32.9617,75.3066,4
3333,STARLINK-3928,satellite,2,125,53.2127,224.5573,103.5443,306.4373,49.9816,6917.0708,542.287,-942.9487962022067,-5377.504273129713,4239.572271816057,-3851.998315628459,3868.955106509123,4239.572271816057,38.0028,134.8742,7
3334,STARLINK-3947,satellite,2,177,53.2077,229.5628,72.0878,165.3458,237.4336,6915.5405,554.5581,-242.5669458233851,5102.739504417555,-4672.277998939727,4310.453686580104,-2741.6743404346166,-4672.277998939727,-42.6226,-32.4585,4
3335,STARLINK-3979,satellite,2,125,53.1984,224.5328,88.6509,1.4489,90.0998,6911.9707,545.5135,2911.5771755582928,-2942.2897992977173,5532.866530170197,-4082.366704222503,-684.5677501452329,5532.866530170197,53.3682,-170.4807,7
3336,STARLINK-3997,satellite,2,125,53.2262,224.4635,99.2889,50.9734,150.2623,6921.1927,540.1344,5723.502679625458,2740.2010958705723,2747.4382353491474,-1057.8970236306673,-6256.8393663960605,2747.4382353491474,23.5405,-99.5967,44
3337,STARLINK-3998,satellite,2,177,53.2172,229.555,80.3478,142.325,222.6728,6918.599,550.6846,1163.598404070816,5696.01094998869,-3757.990954406776,3985.20126661651,-4232.809097148768,-3757.990954406776,-33.0407,-46.7258,12
3338,STARLINK-3980,satellite,2,177,53.197,229.5389,85.6737,176.893,262.5667,6912.2253,558.6729,-2547.871525792078,3350.31121220843,-5496.902995520397,4206.312575158131,152.21383201977466,-5496.902995520397,-52.7288,2.0725,4
3339,STARLINK-4002,satellite,2,125,53.2023,224.5176,58.3609,51.7669,110.1278,6913.42,544.522,4420.587382598958,-1103.952150114544,5195.705566207805,-3449.2242651762126,-2977.105158615538,5195.705566207805,48.9267,-139.2018,23
3340,STARLINK-4011,satellite,2,177,53.1993,229.5229,99.0716,183.4801,282.5517,6912.568,558.5146,-4056.1388701941123,1483.427013613541,-5411.371236230076,3549.409754722159,2460.591114366859,-5411.371236230076,-51.5785,34.7312,4
3341,STARLINK-3996,satellite,2,148,53.1982,214.5368,86.0704,179.0386,265.1089,6912.0805,559.1094,-1856.565197185044,3738.852131558742,-5523.637427159898,4125.5895503883485,-636.6792401096103,-5523.637427159898,-53.0903,-8.7729,4
3342,STARLINK-3983,satellite,2,148,53.2038,214.5504,73.412,171.7291,245.141,6914.1182,556.6199,263.23741350922035,4749.71180231172,-5030.409210911302,3730.4898476782496,-2951.694705971433,-5030.409210911302,-46.7768,-38.3523,4
3343,STARLINK-3741,satellite,2,148,53.2009,214.5101,100.8557,184.3028,285.1585,6912.8029,558.2351,-3759.7554319177775,2272.86574327371,-5351.09429819205,4023.8927852901556,1763.5096958259737,-5351.09429819205,-50.7867,23.6659,4
3344,STARLINK-3975,satellite,2,177,53.208,229.5151,106.0972,196.4351,302.5323,6915.5205,554.7556,-5075.9752211516225,-562.1014735413365,-4674.197114590198,2465.084160947473,4472.67734044705,-4674.197114590198,-42.6427,61.139,4
3345,STARLINK-3984,satellite,2,148,53.2254,214.512,77.4983,247.6204,325.1187,6920.0837,548.1252,-6021.533720419805,-1264.4277963259826,-3170.662693278922,2435.8232075021283,5650.169139067308,-3170.662693278922,-27.4073,66.6788,4
3346,STARLINK-4008,satellite,2,177,53.2216,229.5087,90.0463,52.6511,142.6974,6919.7862,541.03,5479.087255901039,2553.6348304560543,3356.1115258199716,-1069.56648894551,-5949.577760717164,3356.1115258199716,29.1895,-100.1913,92
3347,STARLINK-3986,satellite,2,148,53.2324,214.52,46.673,298.2974,344.9704,6923.4252,543.2249,-6115.629409671891,-2902.555117688226,-1437.5927137292235,1151.1209510280696,6670.882238787169,-1437.5927137292235,-12.0617,80.2095,4
3348,STARLINK-3988,satellite,2,148,53.2357,214.5365,54.7407,310.2597,5.0004,6924.1162,540.1069,-5472.6177509652025,-4204.491690982245,483.06804243749787,-283.48067056962185,6895.428495541924,483.06804243749787,4.0288,92.3542,4
3349,STARLINK-3990,satellite,2,148,53.21,214.5094,108.8818,196.1614,305.0432,6916.0191,554.0396,-5198.7290710390125,545.063027973962,-4539.107493623705,3440.7440756023675,3935.118532488889,-4539.107493623705,-41.1451,48.8346,4
3350,STARLINK-3992,satellite,2,148,53.2027,214.549,120.9168,304.1494,65.0662,6914.1495,544.2465,-270.86180152629424,-4744.078985105031,5018.309822940873,-3721.493113116894,2954.6811234826637,5018.309822940873,46.7395,141.5522,7
3351,STARLINK-4001,satellite,2,177,53.2333,229.5189,113.5437,49.1486,162.6923,6923.1751,539.5927,5223.675110976046,4223.0585422567965,1648.3640554663884,442.08410132412473,-6702.653710562343,1648.3640554663884,13.8699,-86.2264,22
3352,STARLINK-4022,satellite,2,148,53.2001,214.4839,56.742,48.3546,105.0966,6912.85,545.0498,3746.318659128703,-2275.352738209451,5342.401325797313,-4018.1839431539643,-1751.0943372624986,5342.401325797313,50.8066,-156.4528,8
3353,STARLINK-3989,satellite,2,148,53.2278,214.5506,74.7873,310.2351,25.0224,6922.0377,539.7935,-4168.090711194385,-4996.089026416093,2343.0285758962445,-1682.0900511873115,6285.257257767329,2343.0285758962445,19.9177,104.9827,5
3354,STARLINK-3794,satellite,2,148,53.1982,214.5364,57.6903,42.1965,99.8867,6912.3499,545.422,3289.3879041689224,-2686.733757223815,5450.9327262858405,-4091.164275677286,-1140.6077045683855,5450.9327262858405,52.2472,-164.4216,7
3355,STARLINK-3995,satellite,2,148,53.2163,214.5559,97.5869,307.4528,45.0397,6918.0879,541.5997,-2361.5594589655225,-5182.930219834044,3917.618369782245,-2875.6338909828983,4916.346048329904,3917.618369782245,34.6873,120.3239,6
3356,STARLINK-3994,satellite,2,148,53.2327,214.521,115.6103,49.5094,165.1196,6923.4388,540.2288,6110.866778956595,2912.642383748159,1423.0357773714966,-1140.1321914417306,-6672.801288199716,1423.0357773714966,11.9431,-99.6961,15
3357,STARLINK-3974,satellite,2,148,53.1963,214.5647,106.9298,338.1606,85.0904,6912.0678,545.2793,1852.8807903068507,-3731.799669413178,5512.315846167538,-4117.7024898564905,635.6274071734985,5512.315846167538,53.0866,171.2248,5
3358,STARLINK-3978,satellite,2,178,53.1986,204.5393,83.2662,176.7807,260.0468,6912.3578,558.7106,-607.9989820101109,4213.0979254248805,-5460.341221296226,3793.852587978081,-1930.4246766027366,-5460.341221296226,-52.2324,-26.9683,4
3359,STARLINK-3967,satellite,2,148,53.2108,214.511,69.7107,55.484,125.1947,6916.0515,543.068,5199.246466511598,-530.3497938010075,4523.562395325417,-3429.0163823348726,-3944.0184295965414,4523.562395325417,41.0534,-131.0044,53
3360,STARLINK-3961,satellite,2,178,53.1984,204.5245,98.0082,181.9865,279.9947,6912.3919,558.6132,-2788.6110339188835,3217.2589243077,-5459.558250556746,4236.264624184833,425.638953118508,-5459.558250556746,-52.2228,5.7375,4
3361,STARLINK-3941,satellite,2,148,53.2246,214.514,94.4988,50.6874,145.1862,6920.2463,540.3541,6016.331443085922,1269.1255147535078,3161.726868008357,-2428.986266560768,-5648.623666179388,3161.726868008357,27.3571,-113.2684,68
3362,STARLINK-3968,satellite,2,178,53.2317,204.5188,49.4058,290.5847,339.9905,6922.7917,544.3329,-6504.932422887434,-1409.029633354836,-1897.0356611378484,2596.142997795989,6128.5848178024835,-1897.0356611378484,-16.0023,67.0419,4
3363,STARLINK-3977,satellite,2,178,53.2055,204.5831,71.8299,168.3169,240.1468,6915.012,555.4205,1637.7218476693204,4704.088960347207,-4808.364013378001,2901.293222030262,-4048.8372944581433,-4808.364013378001,-44.1665,-54.3756,12
3364,STARLINK-3991,satellite,2,178,53.2001,204.7442,80.4942,174.3214,254.8156,6912.8221,558.0551,-28.380926884380237,4394.031434174808,-5350.245508013151,3607.7916846054427,-2508.417206530635,-5350.245508013151,-50.7774,-34.81,4
3365,STARLINK-3971,satellite,2,178,53.2067,204.5131,108.2528,191.8433,300.0961,6915.0409,555.2568,-4647.137962651257,1823.7296450044562,-4796.6128623825725,4168.057629346101,2747.5765067477773,-4796.6128623825725,-44.0323,33.3928,4
3366,STARLINK-3963,satellite,2,178,53.2008,204.5148,122.2851,312.5761,74.8612,6912.8239,544.9359,15.933331062960463,-4384.301807024766,5341.30332803132,-3592.6675590135565,2512.985478774394,5341.30332803132,50.7934,145.0281,6
3367,STARLINK-3985,satellite,2,178,53.2205,204.5104,93.366,226.6478,320.0139,6919.1686,549.8009,-5930.788868863968,222.99601005044977,-3562.810631346709,3599.279264366341,4719.022420442781,-3562.810631346709,-31.1332,52.6666,4
3368,STARLINK-3973,satellite,2,178,53.2329,204.6525,68.2878,311.6074,19.8951,6922.8028,539.436,-5322.87354484178,-3992.9023975650216,1885.3348476752099,-196.8140845891965,6651.128967849316,1885.3348476752099,15.9127,91.6949,4
3369,STARLINK-3832,satellite,2,178,53.2367,204.5719,51.0452,308.9259,359.9711,6924.2352,540.5496,-6292.996822145328,-2875.1359830558604,-2.7923867839810304,1275.7217987757642,6800.055133359002,-2.7923867839810304,-0.0233,79.3746,4
3370,STARLINK-3854,satellite,2,178,53.2209,204.5528,92.1017,307.869,39.9707,6919.1832,541.1561,-3714.3611784705386,-4620.346967511226,3557.2404154964506,-1636.3946689557215,5697.920458529807,3557.2404154964506,31.1226,106.0236,3
3371,STARLINK-3868,satellite,2,178,53.2358,204.3855,129.634,50.6444,180.2784,6924.2398,540.4969,6293.025598802457,2874.8207791325412,-26.934939276086034,-1275.996008782968,-6799.897049579883,-26.934939276086034,-0.2244,-100.6279,4
3372,STARLINK-3891,satellite,2,157,53.2362,194.6319,50.1764,304.783,354.9594,6924.1278,541.7056,-6761.346762264258,-1389.141572222119,-487.05742552619733,2760.1311206647283,6326.7053467025935,-487.05742552619733,-4.0612,66.43,4
3373,STARLINK-4004,satellite,2,169,53.2335,99.5515,133.1006,59.3478,192.4484,6923.69,542.737,2001.8093382144352,-6515.702521494211,-1194.9945192376872,-6478.916788708295,2117.8425862566687,-1194.9945192376872,-10.0042,161.8984,4
3374,STARLINK-4084,satellite,2,169,53.2347,99.8437,46.081,306.1547,352.2357,6923.946,541.5958,-620.8358544327899,6850.764556228882,-748.8715177842859,5957.132425782752,-3439.619953529591,-748.8715177842859,-6.2514,-30.0019,7
3375,STARLINK-4082,satellite,2,169,53.2357,99.5315,127.0228,50.6473,177.6701,6924.2469,540.3907,978.6673297058708,-6845.228359703633,225.31945225682048,-6158.771477701209,3143.95848003414,225.31945225682048,1.8779,152.9564,5
3376,STARLINK-3960,satellite,2,169,53.2316,99.4966,131.9827,65.7005,197.6832,6923.1496,543.9031,2329.000077057061,-6295.788203204775,-1683.9972784872189,-6487.681321880769,1723.711554832652,-1683.9972784872189,-14.1668,165.1208,6
3377,STARLINK-4081,satellite,2,169,53.2217,99.5551,90.4495,127.3062,217.7557,6919.5931,549.2244,3410.908658714767,-4975.723152205974,-3394.8106963863856,-6032.072529280186,78.8654994104139,-3394.8106963863856,-29.5201,179.2509,8
3378,STARLINK-4044,satellite,2,169,53.198,99.5257,95.6786,181.7671,277.4457,6912.2439,558.8632,3907.382842277184,1565.401220300437,-5496.971555552074,-971.7593904758727,-4095.583638953328,-5496.971555552074,-52.7277,-103.3477,4
3379,STARLINK-4037,satellite,2,169,53.2053,99.5178,107.4185,190.1276,297.5461,6914.6234,555.9883,3096.6048152960407,3765.6431838389944,-4915.62234725683,1293.726065577036,-4700.5640977816975,-4915.62234725683,-45.4126,-74.6116,11
3380,STARLINK-4070,satellite,2,169,53.1985,99.5424,80.8486,176.7472,257.5958,6912.5656,558.4469,4241.157050296571,-795.1249964267134,-5414.330997575408,-3093.427404182683,-3008.37892897063,-5414.330997575408,-51.6186,-135.7986,4
3381,STARLINK-4064,satellite,2,169,53.234,99.5311,48.763,308.6607,357.4237,6924.178,540.6744,-960.9017325756954,6847.201189418068,-249.1367227187923,6150.148339886039,-3159.6157464844,-249.1367227187923,-2.0764,-27.1917,7
3382,STARLINK-4079,satellite,2,169,53.2304,99.1304,107.8012,50.1088,157.9099,6922.5335,539.7866,-520.2612624218119,-6574.150183873431,2083.407676345891,-5073.601736244949,4212.919159356377,2083.407676345891,17.6346,140.2951,5
3383,STARLINK-4076,satellite,2,169,53.2325,99.5462,66.9594,310.5065,17.4659,6923.1461,539.6001,-2319.5287518768055,6300.183553239341,1662.9450144790626,6485.816950761375,-1733.985269979845,1662.9450144790626,13.995,-14.968,4
3384,STARLINK-4067,satellite,2,169,53.23,99.517,52.0158,285.4474,337.4633,6922.4451,544.9714,509.10559429980225,6567.110482002838,-2124.9190420652953,5074.275190855817,-4199.745215658215,-2124.9190420652953,-17.9836,-39.613,13
3385,STARLINK-3972,satellite,2,169,53.1987,99.5433,120.6296,316.8468,77.4764,6912.5537,544.9601,-4233.389918120391,807.6929700911093,5401.319611613079,3099.2247550224865,2994.7894835253064,5401.319611613079,51.5861,44.0182,7
3386,STARLINK-4075,satellite,2,169,53.2182,99.5764,97.3536,220.1022,317.4558,6918.6434,550.4768,1915.0764879521153,5495.237301988344,-3748.785678051118,3388.137007253641,-4731.350608436188,-3748.785678051118,-32.9507,-54.3934,16
3387,STARLINK-4071,satellite,2,169,53.1983,99.5264,61.9177,35.6783,97.596,6912.2134,545.3488,-3895.3325778743197,-1579.8884382631497,5484.37150064595,952.9755932134105,4094.0812019726864,5484.37150064595,52.7024,76.8966,4
3388,STARLINK-4073,satellite,2,169,53.2213,99.5565,88.3747,309.0124,37.3871,6919.7634,540.7073,-3390.5908486000853,4999.823907944258,3362.418042581753,6040.065089908179,-109.3577739995717,3362.418042581753,29.251,-1.0372,10
3389,STARLINK-3976,satellite,2,169,53.2189,99.508,84.2836,53.3801,137.6638,6918.6887,541.4528,-1905.3674151597388,-5500.69021346663,3729.123107686964,-3398.187784565229,4726.556631641233,3729.123107686964,32.8047,125.7145,7
3390,STARLINK-3936,satellite,2,169,53.1987,99.4957,128.2467,313.8538,82.1004,6904.8107,538.6347,-4196.516229009968,260.0197493314452,5475.139788443881,2630.3420147356123,3280.192008999325,5475.139788443881,52.6493,51.2743,5
3391,STARLINK-3934,satellite,2,141,53.2274,89.5139,101.4492,51.2404,152.6896,6921.6671,540.1283,-1951.4529300717084,-6128.201858641089,2541.5063440732292,-3884.5292564064953,5125.76423713182,2541.5063440732292,21.684,127.1564,6
3392,STARLINK-4006,satellite,2,169,53.2062,99.5121,63.9589,53.6364,117.5953,6914.5899,543.7663,-3088.954286042535,-3763.596555582646,4904.805879675561,-1296.4611042558597,4693.131813576706,4904.805879675561,45.3877,105.4426,4
3393,STARLINK-4074,satellite,2,141,53.199,89.6358,82.2905,10.1909,92.4814,6912.0611,545.556,-4137.276979425894,-272.8801338450013,5527.78231460787,2160.6483074483936,3538.8025182899237,5527.78231460787,53.2973,58.5935,4
3394,STARLINK-4031,satellite,2,141,53.2012,89.5467,76.9805,175.5904,252.5709,6913.1069,557.9223,3940.3161467402783,-2105.016179237847,-5289.463269634022,-3990.7315352076807,-2007.7963704056758,-5289.463269634022,-49.9908,-153.2924,4
3395,STARLINK-3774,satellite,2,141,53.203,89.2835,104.6078,187.9597,292.5675,6913.8072,556.8549,3862.3017898625667,2608.860905207048,-5119.3955633483465,-92.91935412935501,-4659.924498564489,-5119.3955633483465,-47.8605,-91.1423,7
3396,STARLINK-4068,satellite,2,141,53.1978,89.5289,90.913,181.8917,272.8047,6911.917,558.9399,4145.1537534337995,304.7036197960994,-5536.967279434096,-2139.175727974044,-3563.5756117093797,-5536.967279434096,-53.2759,-120.9759,4
3397,STARLINK-4017,satellite,2,141,53.225,89.5529,103.4009,109.2539,212.6548,6920.6758,547.8637,2190.4752564481505,-5845.1448467994,-2991.666148527924,-6039.539328063604,1577.2966854559065,-2991.666148527924,-25.7455,165.3635,11
3398,STARLINK-4014,satellite,2,141,53.212,89.556,70.0412,162.5622,232.6034,6916.5131,553.501,3260.991312298434,-4229.911775296663,-4404.671608553125,-5336.112614830238,-228.29833010520096,-4404.671608553125,-39.686,-177.5502,9
3399,STARLINK-4029,satellite,2,141,53.2349,89.5265,47.5472,304.9308,352.478,6924.0393,541.6749,598.8387675410746,6855.315893976731,-725.6466105460441,5258.138846955427,-4439.137274500345,-725.6466105460441,-6.0567,-40.1724,9
3400,STARLINK-4005,satellite,2,141,53.2248,89.7902,96.2305,51.0762,147.3067,6920.6715,540.323,-2257.221691248173,-5810.786478831043,2991.525470344318,-3448.9231661428003,5192.804469653219,2991.525470344318,25.7744,123.5911,6
3401,STARLINK-3981,satellite,2,141,53.2335,89.5428,61.5723,310.8948,12.4671,6923.685,539.6225,-839.8766134406961,6760.929835463912,1196.2212233580628,6009.906441737161,-3208.8299312112,1196.2212233580628,10.0192,-28.0988,4
3402,STARLINK-4032,satellite,2,141,53.2242,89.4391,83.6914,308.8215,32.513,6920.6941,540.304,-2167.804347670283,5852.2589195275,2976.824676152097,6032.292172530408,-1599.92540332221,2976.824676152097,25.6388,-14.8544,6
3403,STARLINK-4035,satellite,2,141,53.2273,89.5127,58.9503,273.5229,332.4732,6921.6241,546.1462,1967.0693678010573,6121.298941307687,-2562.2838990074633,3869.8898050080065,-5134.551151141738,-2562.2838990074633,-21.8501,-52.9948,12
3404,STARLINK-3993,satellite,2,141,53.2349,89.2551,122.8838,50.0928,172.9766,6924.0158,539.8604,-595.4947228095344,-6858.7210490185935,677.6197174682605,-5262.848699791421,4438.365910585615,677.6197174682605,5.656,139.8578,5
3405,STARLINK-3946,satellite,2,141,53.2152,89.5097,78.7405,53.8409,132.5814,6917.5959,541.9912,-3087.8138218625672,-4651.112554295931,4076.4641121573695,-2022.525032947379,5203.5405910126165,4076.4641121573695,36.3054,111.2402,5
3406,STARLINK-4072,satellite,2,141,53.2119,89.5566,106.1785,306.3215,52.5,6916.5697,542.5787,-3251.2969274117854,4233.081811465649,4391.657740511486,5333.118223932893,218.5482608338034,4391.657740511486,39.6209,2.3466,18
3407,STARLINK-4041,satellite,2,152,53.2288,94.3462,123.247,82.0592,205.3062,6922.0007,545.7834,2240.167817031248,-6104.9902769601495,-2369.929181299177,-6280.553006670382,1686.3902456561252,-2369.929181299177,-20.1378,164.97,6
3408,STARLINK-4018,satellite,2,152,53.2074,94.5516,116.24,303.5191,59.7592,6915.1063,543.6398,-3841.094160515969,3186.116014739886,4781.603547539178,4817.196598114554,1303.8238164895658,4781.603547539178,43.9524,15.1448,17
3409,STARLINK-4030,satellite,2,152,53.2352,94.5284,55.0174,309.9452,4.9626,6924.157,540.0909,-901.237385081263,6842.395615041118,479.41979160935716,6111.845008362241,-3205.613384480353,479.41979160935716,3.9983,-27.6766,6
3410,STARLINK-3987,satellite,2,158,53.208,84.5412,66.5153,53.6207,120.136,6915.0801,543.3789,-3893.595076514348,-3113.5412742563376,4786.537434514074,-301.549094905715,4976.272704516513,4786.537434514074,44.0113,93.4677,4
3411,STARLINK-4034,satellite,2,152,53.2156,94.1975,74.392,150.9953,225.3873,6918.0498,551.6837,3298.9656953519325,-4632.955516316545,-3946.9455344459016,-5687.417321705925,-27.123496016582013,-3946.9455344459016,-34.9256,-179.7268,9
3412,STARLINK-4033,satellite,2,152,53.2047,94.5796,118.4155,306.6076,65.0231,6914.1721,544.0135,-3973.214010002181,2609.2194462217085,5016.523750604463,4421.793656075148,1744.1893678476274,5016.523750604463,46.7199,21.5269,13
3413,STARLINK-4020,satellite,2,136,53.2011,79.5315,101.3077,186.2411,287.5488,6913.1171,557.8165,4267.683372111547,1334.3429281475665,-5285.903581613856,-1368.2003300850977,-4256.949643964542,-5285.903581613856,-49.946,-107.8176,4
3414,STARLINK-3999,satellite,2,136,53.2279,79.5525,118.6241,88.9532,207.5773,6921.621,546.3505,773.8716260729993,-6381.283881696443,-2566.707967193438,-5661.5760135388755,3044.0463720779526,-2566.707967193438,-21.8891,151.7345,15
3415,STARLINK-3844,satellite,2,136,53.1977,79.5333,87.6763,179.8957,267.572,6912.0296,559.1997,4021.6786465782056,-1041.2346875589733,-5538.823506910933,-3168.1318210925924,-2687.1936244155677,-5538.823506910933,-53.2987,-139.6956,4
3416,STARLINK-3970,satellite,2,136,53.2036,79.5489,74.3029,173.3177,247.6206,6913.7919,556.9702,3292.7994325282925,-3287.828430451341,-5126.455935999227,-4584.431607670253,-797.0763611704452,-5126.455935999227,-47.9465,-170.1368,8
3417,STARLINK-4007,satellite,2,136,53.2352,79.4227,57.3508,310.1561,7.5069,6924.0349,539.9037,727.2101638175526,6841.271928492408,724.0135788278892,5172.699104921186,-4535.969597769074,724.0135788278892,6.0446,-41.2477,6
3418,STARLINK-3962,satellite,2,136,53.2119,79.4978,73.2385,54.413,127.6515,6916.5765,542.5604,-3991.9989537087204,-3554.1977150327434,4382.741822689715,-605.0222399914318,5310.586138372227,4382.741822689715,39.525,96.4995,4
3419,STARLINK-4091,satellite,2,144,53.2103,339.7475,111.1996,306.2014,57.401,6915.5303,543.1012,4700.47530435486,1982.5247999014748,4663.012536312725,-1087.7644367799187,-4984.1389626645805,4663.012536312725,42.6057,-102.3115,118
3420,STARLINK-4089,satellite,2,144,53.2003,339.5253,66.3329,31.2743,97.6073,6912.1767,545.1878,578.1470956870776,4163.482349063345,5484.243722808432,3069.9033647879173,-2871.329424861811,5484.243722808432,52.7024,-43.0857,6
3421,STARLINK-4083,satellite,2,144,53.2078,339.5132,63.7505,53.9019,117.6523,6914.6229,543.6506,-1721.3871412420415,4557.021849760635,4902.279604094617,4716.433938123231,-1218.5535427500402,4902.279604094617,45.3589,-14.4863,15
3422,STARLINK-4086,satellite,2,144,53.2215,339.5112,87.4853,50.191,137.6763,6918.7261,541.0674,-3812.327748891106,4399.559599136582,3728.1518213416252,5792.425042779843,581.1881408777172,3728.1518213416252,32.7972,5.7296,12
3423,STARLINK-4108,satellite,2,144,53.2373,339.5326,125.6088,52.1076,177.7164,6924.2319,540.3709,-6418.891330033463,2571.868868661939,220.8462645913065,5800.3384403780465,3764.6712155836367,220.8462645913065,1.8406,32.9853,4
3424,STARLINK-4080,satellite,2,144,53.2338,339.5486,131.6744,66.0389,197.7133,6923.1023,543.8634,-6617.46056476869,1122.6366063770017,-1686.8113060157566,4730.220901684931,4761.943668031933,-1686.8113060157566,-14.191,45.1915,4
3425,STARLINK-4043,satellite,2,144,53.209,339.8657,108.0861,308.9292,57.0153,6910.0266,537.3171,4724.0395761114,1963.0767612263278,4638.920563894076,-1117.2367135531815,-4992.194148169971,4638.920563894076,42.3785,-102.6147,116
3426,STARLINK-4036,satellite,2,144,53.2011,339.5451,81.467,176.0727,257.5397,6912.5592,558.5069,-2814.8575678019147,-3272.1881395029395,-5413.397805632465,-1052.7312316448513,4185.976027312499,-5413.397805632465,-51.6056,104.1166,4
3427,STARLINK-4092,satellite,2,144,53.2109,339.5473,71.0067,166.6768,237.6835,6915.4751,554.9004,-4692.195351453451,-1989.7375740255973,-4685.637123379845,1077.0986295102186,4981.527012071484,-4685.637123379845,-42.7705,77.7994,4
3428,STARLINK-4048,satellite,2,144,53.2091,339.5142,107.5615,190.0195,297.581,6914.6013,555.8352,1716.543536345844,-4564.483028449592,-4914.194358532362,-4719.74166070669,1226.8111857024749,-4914.194358532362,-45.3971,165.4294,12
3429,STARLINK-4049,satellite,2,144,53.2159,339.6563,75.9996,151.8633,227.863,6909.044,543.3944,-5416.591136052153,-1265.9327990831152,-4106.20126597399,2086.0563936109966,5156.589387340032,-4106.20126597399,-36.6038,67.9746,4
3430,STARLINK-4065,satellite,2,144,53.2375,339.53,50.3091,307.202,357.5111,6924.196,540.9459,6413.153642493512,-2585.898220278982,-240.70644209107343,-5808.499502623079,-3751.8985561842223,-240.70644209107343,-2.006,-147.1403,4
3431,STARLINK-4046,satellite,2,144,53.2006,339.4516,93.323,184.4635,277.7865,6911.8864,558.5726,-563.9175253255053,-4176.681873355205,-5492.577097143023,-3088.890275599061,2867.3038401768213,-5492.577097143023,-52.6709,137.1306,4
3432,STARLINK-4188,satellite,2,144,53.2227,339.5566,89.7301,307.7665,37.4966,6919.6834,540.6805,6019.861014331417,445.04079425919383,3370.858639651084,-3104.581431093503,-5176.713443694904,3370.858639651084,29.3316,-120.952,47
3433,STARLINK-4208,satellite,2,144,53.2191,339.5101,97.5779,219.9263,317.5041,6918.5999,550.5472,3801.0433288055124,-4409.47965743156,-3745.4285932450393,-5794.031653137668,-566.2494496230577,-3745.4285932450393,-32.9171,-174.4182,8
3434,STARLINK-4168,satellite,2,144,53.2336,339.6121,67.0587,310.4091,17.4678,6923.1124,539.5832,6617.145668567483,-1133.5912313308513,1663.1381018022046,-4738.993183760073,-4755.374799431393,1663.1381018022046,13.9967,-134.9011,4
3435,STARLINK-4212,satellite,2,144,53.2355,339.5519,61.9845,310.3231,12.3076,6923.6644,539.6594,6640.664785453728,-1534.1385580508486,1181.199223757309,-5079.929080044206,-4543.8233295083965,1181.199223757309,9.8921,-138.1885,4
3436,STARLINK-4206,satellite,2,144,53.2007,339.5469,118.4749,319.0847,77.5596,6912.5391,544.8548,2807.1311862539355,3266.9679180486487,5403.107135260251,1052.916051655018,-4176.653284935889,5403.107135260251,51.611,-75.8508,60
3437,STARLINK-4202,satellite,2,144,53.2322,339.5172,52.7297,284.7864,337.516,6922.4293,544.9673,5436.295175892569,-3721.9135267225547,-2120.266248411168,-6174.200595100804,-2298.9546649053377,-2120.266248411168,-17.943,-159.5773,2
3438,STARLINK-4197,satellite,2,132,53.2036,329.5172,59.7019,52.9294,112.6312,6913.7219,544.1332,-353.5527281066119,4641.398990857085,5107.672035583641,3997.3235605652503,-2385.160052497681,5107.672035583641,47.8322,-30.8241,7
3439,STARLINK-4187,satellite,2,144,53.214,339.9142,72.4102,159.8183,232.2285,6916.5792,553.3615,-5107.867989315252,-1621.3887531945559,-4382.624579051419,1617.6558618297965,5109.051418604527,-4382.624579051419,-39.45,72.4309,4
3440,STARLINK-3809,satellite,2,132,53.2166,329.5098,79.1313,53.5695,132.7008,6917.6153,541.9358,-2496.2238377665,4999.91426687253,4068.7037255993673,5524.850814360834,-840.4163274030343,4068.7037255993673,36.2258,-8.6493,14
3441,STARLINK-4184,satellite,2,132,53.1989,329.532,81.253,11.358,92.611,6912.0076,545.4129,1825.3580615869755,3723.58855736939,5527.107544585121,1991.7797167873475,-3637.2870875650337,5527.107544585121,53.2895,-61.2949,24
3442,STARLINK-4189,satellite,2,132,53.2359,329.513,132.4375,55.0902,187.5277,6924.008,541.6816,-6186.784076030767,3012.7958551574106,-726.208384989064,6026.999726912031,3320.920107452729,-726.208384989064,-6.0614,28.8551,4
3443,STARLINK-4204,satellite,2,132,53.2283,329.5125,102.3658,50.356,152.7218,6921.6551,539.8965,-4333.794104060393,4753.151659580037,2538.6886487970114,6381.873791179608,803.6846077982954,2538.6886487970114,21.6595,7.1776,5
3444,STARLINK-4209,satellite,2,132,53.2249,329.5586,104.94,107.7152,212.6551,6920.6715,547.7899,-6157.311662901353,1024.9206112576442,-2991.6542167279863,4385.239154435337,4442.142133238087,-2991.6542167279863,-25.7456,45.3693,4
3445,STARLINK-4201,satellite,2,132,53.2351,329.5715,117.8701,49.6293,167.4994,6923.6153,539.7016,-5369.1710969566875,4192.961912697642,1199.4283321428247,6520.536253639054,1972.6973500025101,1199.4283321428247,10.0462,16.8325,5
3446,STARLINK-4199,satellite,2,132,53.2022,329.5502,76.942,175.6786,252.6206,6913.0871,557.7305,-3788.467707458653,-2363.816363182008,-5290.816199515419,250.66592057992597,4458.394550234855,-5290.816199515419,-50.01,86.782,4
3447,STARLINK-4198,satellite,2,132,53.2349,329.5719,131.7347,60.9568,192.6915,6923.6235,542.7461,-6282.149905835918,2634.490082769225,-1217.9771745683677,5772.738228900958,3616.827169798006,-1217.9771745683677,-10.1986,32.0686,4
3448,STARLINK-4196,satellite,2,132,53.1994,329.5352,91.9027,180.6839,272.5866,6912.0254,559.2329,-1831.349652510305,-3729.6747317387203,-5538.304492224821,-1993.302176006089,3645.690824720234,-5538.304492224821,-53.2911,118.6679,4
3449,STARLINK-4191,satellite,2,132,53.2132,329.5585,71.189,161.4761,232.6651,6916.4797,553.415,-5289.818889668436,-714.6272009548792,-4408.297004496023,2463.6236944339,4735.338870034696,-4408.297004496023,-39.7256,62.5137,4
3450,STARLINK-4112,satellite,2,132,53.2363,329.5507,58.0198,309.2532,7.273,6924.0232,539.9917,6181.429956032896,-3025.7432101218305,701.6044794594318,-6034.49741632457,-3309.0843457535652,701.6044794594318,5.8568,-151.2613,8
3451,STARLINK-4010,satellite,2,132,53.2061,329.5186,105.4785,187.072,292.5505,6913.7945,557.069,345.5444872143193,-4647.243912222707,-5120.388280058572,-3997.486943153455,2395.073091087799,-5120.388280058572,-47.8707,149.0723,14
3452,STARLINK-4270,satellite,2,132,53.2295,329.5168,62.4298,270.0776,332.5074,6921.6226,546.4123,4320.984821347391,-4763.050452996338,-2559.526739701148,-6382.584473616981,-787.5118292740761,-2559.526739701148,-21.8246,-172.9661,5
3453,STARLINK-4267,satellite,2,132,53.2165,329.5113,104.9562,207.5666,312.5228,6917.5823,551.9787,2481.9035226600017,-5006.570000063117,-4086.244891745863,-5522.040218507274,855.9556568609493,-4086.244891745863,-36.3452,171.1889,10
3454,STARLINK-4274,satellite,2,132,53.2268,329.5567,83.0065,309.5191,32.5257,6920.6996,540.2205,6153.782433227435,-1035.1515821932921,2977.9223520341525,-4391.568028330203,-4433.362977037164,2977.9223520341525,25.6492,-134.7286,12
3455,STARLINK-4272,satellite,2,132,53.237,329.5295,48.3764,304.1355,352.5119,6924.0198,541.7646,5639.4472393986625,-3944.1767618062627,-722.4285221990456,-6472.912099131603,-2336.943399239577,-722.4285221990456,-6.0297,-160.1487,4
3456,STARLINK-4126,satellite,2,132,53.2025,329.5482,120.4562,312.1005,72.5568,6913.0767,544.4701,3786.913790526257,2354.22597142912,5278.866980034306,-257.6092935115389,-4451.598974899447,5278.866980034306,49.987,-93.312,82
3457,STARLINK-4261,satellite,2,132,53.2369,329.5744,62.5155,309.9409,12.4564,6923.6806,539.724,6276.452766773239,-2650.540504878532,1195.2841808707747,-5782.574565148766,-3602.9232159500357,1195.2841808707747,10.0111,-148.0744,9
3458,STARLINK-4266,satellite,2,129,53.2037,319.5221,59.5824,48.0378,107.6202,6913.1073,544.5757,969.7015047129166,4358.553461403694,5273.899292800264,3003.7503328367184,-3303.754413109413,5273.899292800264,49.922,-47.7231,11
3459,STARLINK-4207,satellite,2,129,53.2352,319.5251,118.4496,49.2685,167.7181,6923.6956,539.6725,-4569.734098639116,5057.221534905979,1178.7702735971714,6766.340266007872,821.3396313233436,1178.7702735971714,9.8715,6.9211,5
3460,STARLINK-4213,satellite,2,129,53.2234,319.4836,90.7901,51.7132,142.5034,6919.7094,540.633,-2533.0962615493695,5479.0033783179515,3370.8698391964263,5937.675939995677,-1086.3052616513314,3370.8698391964263,29.332,-10.3677,8
3461,STARLINK-4211,satellite,2,129,53.2295,319.5537,118.4344,89.2725,207.7069,6921.5747,546.3556,-5913.141120963239,2509.3332056182967,-2577.862475852042,5457.838044567193,3387.3285834887556,-2577.862475852042,-21.9891,31.8252,4
3462,STARLINK-4193,satellite,2,129,53.2161,319.5577,73.8067,153.83,227.6367,6917.5088,552.1045,-5537.010080113207,694.8575467393052,-4096.692968538952,3758.077956441793,4125.30698383067,-4096.692968538952,-36.4521,47.6671,4
3463,STARLINK-4200,satellite,2,129,53.2358,319.5406,132.0023,55.6931,187.6955,6924.0055,541.8166,-5577.430714846155,4027.851096310121,-742.3068191291798,6505.57218444641,2238.0456621599806,-742.3068191291798,-6.1962,18.9842,4
3464,STARLINK-4214,satellite,2,129,53.2356,319.5522,57.3006,310.1948,7.4953,6924.0228,539.8975,5569.840820287862,-4038.592122716241,722.9130533337913,-6509.978404069528,-2225.65367376845,722.9130533337913,6.0354,-161.1253,9
3465,STARLINK-4171,satellite,2,129,53.2045,319.5499,74.1899,173.3965,247.5864,6913.7928,557.0017,-4495.988670781532,-1204.5602316171048,-5125.283175108812,1605.8153155620562,4368.779766902387,-5125.283175108812,-47.9317,69.8183,4
3466,STARLINK-4139,satellite,2,129,53.2051,319.552,119.5214,308.027,67.5483,6913.7522,544.1227,4490.106789320219,1198.8924324523518,5114.383985394202,-1607.059026789628,-4360.706746446614,5114.383985394202,47.9152,-110.2304,90
3467,STARLINK-4186,satellite,2,129,53.2158,319.5617,100.618,306.8776,47.4956,6917.5822,541.8541,5533.999154606255,-706.8251440901903,4081.4338449988945,-3766.1248735473664,-4115.950906455116,4081.4338449988945,36.3575,-132.4587,44
3468,STARLINK-4181,satellite,2,129,53.213,319.0833,107.3114,200.5295,307.8409,6916.5574,553.3918,1064.997604818274,-5255.65855056416,-4378.480827039718,-4909.283434876508,2157.5687368966787,-4378.480827039718,-39.4053,156.2751,19
3469,STARLINK-4260,satellite,2,131,53.1985,39.5319,100.5872,347.0125,87.5996,6912.0069,545.4386,-2409.193136973554,3373.934923266808,5527.984218096308,4145.72196659653,25.254967013795486,5527.984218096308,53.3014,0.349,18
3470,STARLINK-4259,satellite,2,121,53.2126,49.5551,71.3209,161.3097,232.6306,6916.5159,554.0797,-218.40384675872232,-5335.621895398469,-4406.666992419379,-4235.211379007745,3252.621377605741,-4406.666992419379,-39.7035,142.4759,14
3471,STARLINK-4291,satellite,2,131,53.2019,39.5162,59.0598,48.5791,107.6389,6913.1059,544.5978,-4125.294099676737,1710.6984103913194,5273.246773417535,3775.0125924931135,2386.172748704818,5273.246773417535,49.9134,32.2968,10
3472,STARLINK-4286,satellite,2,121,53.1999,49.5288,91.2539,181.2471,272.501,6912.0348,559.3177,3348.23611970679,-2459.5883775658635,-5538.774160185148,-3939.413418522433,-1319.5764541441524,-5538.774160185148,-53.2967,-161.4808,4
3473,STARLINK-4285,satellite,2,121,53.2051,49.5153,105.0976,187.4421,292.5397,6913.8097,557.0387,4636.109260009612,-468.13276364158384,-5120.698691886052,-3053.712992307143,-3519.5872365600103,-5120.698691886052,-47.8748,-130.946,4
3474,STARLINK-4269,satellite,2,121,53.2115,49.518,109.5697,197.6644,307.2341,6916.4845,553.7017,5230.246045430379,1043.2057739484833,-4414.279069509303,-2160.7388086713995,-4875.957319669736,-4414.279069509303,-39.7881,-113.9001,4
3475,STARLINK-4256,satellite,2,131,53.2272,39.5104,96.9774,50.687,147.6644,6920.7792,540.2116,-5915.8888171115705,-2008.7905449286839,2962.4427766463473,1766.554819939744,5992.684208096424,2962.4427766463473,25.5065,73.5753,5
3476,STARLINK-4296,satellite,2,131,53.2364,39.5362,132.1445,55.5047,187.6493,6924.0481,541.8425,-4938.245669387751,-4790.8234264764,-737.8868609210194,-1070.5936655086061,6796.4761897820845,-737.8868609210194,-6.1591,98.9518,4
3477,STARLINK-4295,satellite,2,131,53.2322,39.8299,71.3648,310.6081,21.9729,6922.5691,539.5956,3933.107091953143,5297.367468806401,2072.8977529145295,2063.7239478570123,-6266.7756432939195,2072.8977529145295,17.5433,-71.7727,17
3478,STARLINK-4254,satellite,2,131,53.205,39.461,74.3588,173.2913,247.6501,6913.7733,557.1602,404.9322418217029,-4634.3779095562495,-5127.7696736849175,-4021.187139232811,2339.1200739419814,-5127.7696736849175,-47.961,149.8135,14
3479,STARLINK-4217,satellite,2,131,53.2026,39.5188,102.1132,185.4345,287.5477,6913.1183,557.9513,4126.4620196967335,-1721.990025694416,-5286.141119671079,-3784.914634184771,-2380.6216962223675,-5286.141119671079,-49.9478,-147.8311,4
3480,STARLINK-4194,satellite,2,131,53.2293,39.553,117.6859,89.9835,207.6694,6921.5898,546.4191,-3501.2681622284117,-5387.071419531249,-2574.6710232764876,-2385.846344488856,5965.496998863876,-2574.6710232764876,-21.9602,111.7985,8
3481,STARLINK-4190,satellite,2,131,53.2126,39.509,109.0714,198.3365,307.408,6916.5127,553.578,5339.874097149156,134.8742149273359,-4404.089615075499,-2966.321184479765,-4442.22748829496,-4404.089615075499,-39.6792,-123.7332,4
3482,STARLINK-4121,satellite,2,131,53.2161,39.5554,74.4669,153.191,227.6579,6917.5389,552.1879,-1643.917055872765,-5331.811535622992,-4098.1224101623675,-3410.789833283856,4415.562280294467,-4098.1224101623675,-36.4663,127.6842,13
3483,STARLINK-4255,satellite,2,131,53.2351,39.5211,44.9555,302.4498,347.4052,6923.6685,542.408,5784.207753489766,3600.9238936206903,-1208.7845603407882,-389.36459476179243,-6802.360431168398,-1208.7845603407882,-10.1214,-93.276,4
3484,STARLINK-4253,satellite,2,131,53.1993,39.5353,88.4382,179.154,267.5921,6912.0471,559.281,2413.453640375439,-3381.0528343772557,-5539.085668372891,-4153.994438614401,-24.6362954310668,-5539.085668372891,-53.3014,-179.6602,7
3485,STARLINK-4288,satellite,2,131,53.2362,39.5381,57.4156,310.048,7.4636,6924.0359,539.8683,4947.422821977497,4781.251985423727,719.8719002037838,1057.4830932114426,-6798.462519946262,719.8719002037838,6.0099,-81.1586,8
3486,STARLINK-4290,satellite,2,131,53.2261,39.5107,74.3406,253.1512,327.4918,6920.7021,547.7484,5920.408718660091,1995.7078618300986,-2979.7184090192973,-1779.8520209397332,-5988.840960429124,-2979.7184090192973,-25.6357,-106.5517,4
3487,STARLINK-4215,satellite,2,131,53.2168,39.5553,100.6373,306.8565,47.4938,6917.5718,541.8633,1657.8778536359396,5326.986023203979,4081.3773567174126,3398.802232943022,-4424.192858627275,4081.3773567174126,36.3569,-52.4674,11
3488,STARLINK-4275,satellite,2,131,53.2302,39.5405,77.6872,309.7933,27.4805,6921.6451,539.8258,3514.991341822022,5378.565619703348,2556.0715012235155,2370.987582600717,-5971.812969416561,2556.0715012235155,21.8155,-68.3454,22
3489,STARLINK-4277,satellite,2,116,53.2104,29.5104,68.8505,53.8087,122.6592,6915.5595,542.9974,-4962.295087177853,1195.4221274411375,4659.817455287412,3836.0908347805766,3367.167014318982,4659.817455287412,42.5705,41.2754,6
3490,STARLINK-4263,satellite,2,131,53.2348,39.2505,118.421,49.4523,167.8733,6923.7041,539.6693,-5787.361562862466,-3605.4072110402712,1164.0930831019527,387.5172394914726,6807.521237999627,1164.0930831019527,9.7474,86.742,4
3491,STARLINK-4265,satellite,2,116,53.2246,29.5087,90.8752,51.8241,142.6993,6919.7342,540.6964,-6021.743671541472,-525.9572405688033,3355.9338123462776,3039.5294602077247,5224.87210610804,3355.9338123462776,29.1893,59.8116,5
3492,STARLINK-4271,satellite,2,131,53.2048,39.5479,119.5332,308.0029,67.5361,6913.7731,544.1616,-399.40340351152696,4630.761285614549,5113.943725623698,4015.04567798449,-2341.5553307110144,5113.943725623698,47.9094,-30.2505,8
3493,STARLINK-4177,satellite,2,116,53.2372,29.5327,129.1667,53.4882,182.6549,6924.2424,541.4024,-5919.471187126879,-3574.0097835723122,-256.7699793891345,489.2945227394944,6897.410814089084,-256.7699793891345,-2.1398,85.9423,4
3494,STARLINK-4183,satellite,2,116,53.2007,29.5228,61.2716,41.3302,102.6018,6912.5827,544.9089,-3302.3439622587766,2772.0808137225245,5399.786729090479,4168.38688629324,1102.0247043755762,5399.786729090479,51.5662,14.8089,17
3495,STARLINK-4262,satellite,2,116,53.2197,29.5545,82.7837,139.8608,222.6445,6918.6169,550.4982,-3044.3748109257845,-4954.065355567728,-3755.998415155745,-2295.1693373973726,5342.581702632792,-3755.998415155745,-33.0219,113.2483,8
3496,STARLINK-4283,satellite,2,116,53.2349,29.5174,113.6009,49.1215,162.7224,6923.1623,539.3937,-6352.79330525902,-2183.91874929049,1645.578757819802,1875.13646590704,6450.685786571224,1645.578757819802,13.8464,73.7915,4
3497,STARLINK-4281,satellite,2,116,53.207,29.5507,73.1708,169.4301,242.6009,6914.621,556.0894,-955.9344762553001,-4773.900630489595,-4922.339911288207,-3351.164157520098,3531.8036103434542,-4922.339911288207,-45.491,133.4967,11
3498,STARLINK-4279,satellite,2,116,53.2006,29.7377,114.5522,322.0233,76.5755,6902.8287,534.7813,-603.2025923893364,4285.379878594017,5374.067446784775,3850.1684559193886,-1975.9901144406058,5374.067446784775,51.3296,-27.1679,9
3499,STARLINK-4282,satellite,2,116,53.2017,29.5201,99.8972,182.6901,282.5872,6912.5669,558.6271,3307.343272850847,-2778.7018815007145,-5410.882514309584,-4176.678928435255,-1102.2961487242403,-5410.882514309584,-51.5709,-165.2158,4
3500,STARLINK-4287,satellite,2,116,53.2324,29.5482,127.1299,75.5664,202.6963,6922.4156,545.0285,-4766.421783227883,-4539.456078940226,-2139.248272521945,-964.135854450549,6511.211881241429,-2139.248272521945,-18.1089,98.4228,4
3501,STARLINK-4216,satellite,2,116,53.2005,29.5368,84.6656,177.9375,262.6031,6912.2014,558.9757,1252.0425534789972,-4017.760934529503,-5497.845853021492,-4005.2595345195473,1291.4757233079745,-5497.845853021492,-52.7384,162.1283,7
3502,STARLINK-4284,satellite,2,116,53.2371,29.5252,53.6501,308.8308,2.4809,6924.2125,540.3281,5926.031881981785,3562.2167701434973,239.91620836953592,-502.71341837092984,-6895.9786399572,239.91620836953592,1.9996,-94.1695,6
3503,STARLINK-4289,satellite,2,116,53.2325,29.5196,49.2843,293.1786,342.4629,6923.1381,543.7755,6357.397631058621,2165.275512594586,-1670.5174453859534,-1893.0271990369135,-6443.707838545908,-1670.5174453859534,-14.0513,-106.3717,4
3504,STARLINK-4218,satellite,2,116,53.2323,29.5492,72.1377,310.3411,22.4788,6922.4499,539.6118,4778.561800523342,4528.3656151701225,2118.168063274162,948.0766665945966,-6514.744711831373,2118.168063274162,17.939,-81.72,33
3505,STARLINK-4119,satellite,2,116,53.2376,29.4244,49.7967,307.5591,357.3558,6924.2101,540.8945,6113.920475377648,3229.11346172024,-255.72059761308532,-883.2254891348282,-6857.6315199380215,-255.72059761308532,-2.1312,-97.339,4
3506,STARLINK-4158,satellite,2,116,53.1994,29.5382,108.3323,334.1714,82.5037,6912.2191,544.7963,-1238.8302406821558,4014.646021462114,5485.269786250051,3995.101322597767,-1300.4800902158242,5485.269786250051,52.7207,-18.031,13
3507,STARLINK-4143,satellite,2,159,53.2318,19.5164,108.1198,49.5986,157.7184,6922.4779,539.6057,-6556.061755943516,-658.4872875151076,2100.5263141759665,3239.0531898321155,5737.95134948028,2100.5263141759665,17.7847,60.5554,5
3508,STARLINK-4160,satellite,2,116,53.2094,29.7049,108.405,194.0031,302.408,6915.4877,554.7796,4957.40536557624,-1201.8134467161885,-4680.740461846023,-3838.4975429487404,-3359.488075902104,-4680.740461846023,-42.7163,-138.8073,4
3509,STARLINK-4137,satellite,2,159,53.2251,19.5562,90.5447,127.122,217.6667,6919.6498,549.367,-4315.823792995073,-4220.508447747182,-3388.22757748752,-963.0568861522825,5959.1566520542465,-3388.22757748752,-29.4566,99.1802,7
3510,STARLINK-4115,satellite,2,116,53.2072,29.5527,114.6556,307.8619,62.5175,6914.5971,543.4445,963.1760709049997,4767.195439931742,4909.663961414323,3341.5114696450105,-3533.8593073721577,4909.663961414323,45.4478,-46.6025,10
3511,STARLINK-4167,satellite,2,159,53.2375,19.5463,128.5134,69.1986,197.712,6923.0822,544.0238,-5791.264194672335,-3393.3117267200287,-1686.8149879272903,563.1209392837578,6688.512559226427,-1686.8149879272903,-14.1907,85.1875,4
3512,STARLINK-4151,satellite,2,159,53.2298,19.5614,101.9072,50.549,152.4562,6921.6202,539.9445,-6418.377584333574,-249.17207436376222,2561.531784008698,3494.278456997561,5389.589557905238,2561.531784008698,21.8641,57.0431,5
3513,STARLINK-4157,satellite,2,159,53.2114,19.5544,72.0486,165.5494,237.5979,6915.527,554.8471,-2324.2289748673693,-4540.334702035277,-4681.216239600572,-2371.9194927037747,4515.603775161263,-4681.216239600572,-42.7211,117.7117,8
3514,STARLINK-4155,satellite,2,159,53.2034,19.5413,81.061,176.4963,257.5573,6912.5967,558.7821,-51.29073300184925,-4315.522747506422,-5414.140857007167,-3497.720294255114,2528.3037924057235,-5414.140857007167,-51.6126,144.139,8
3515,STARLINK-4153,satellite,2,159,53.2023,19.5258,95.7878,181.768,277.5558,6912.2189,559.0926,2232.1608784966916,-3570.527666249209,-5496.076643629133,-4204.409227636576,232.70807787128186,-5496.076643629133,-52.713,176.832,7
3516,STARLINK-4156,satellite,2,159,53.2091,19.5109,107.4321,190.2178,297.65,6914.5785,555.919,4255.049355004889,-2388.8555056992623,-4911.171524622873,-4404.059254737749,-2101.5084395252798,-4911.171524622873,-45.3608,-154.4907,3
3517,STARLINK-4150,satellite,2,147,53.2006,119.5203,102.0781,185.3893,287.4673,6913.1356,557.8411,2418.489943265244,3757.644725605979,-5288.248249529968,1677.883369290775,-4141.701931405372,-5288.248249529968,-49.9759,-67.9462,9
3518,STARLINK-4023,satellite,2,147,53.2042,119.55,74.7726,172.7684,247.541,6913.7934,556.9086,4638.214335801482,-410.8047032237013,-5123.51763590973,-3008.0690191415324,-3554.337280718586,-5123.51763590973,-47.9108,-130.2416,4
3519,STARLINK-4152,satellite,2,147,53.1981,119.5359,87.6569,179.8231,267.48,6912.0579,559.1415,3755.1553116403225,1777.7869293712681,-5538.423540656204,-710.4613224946575,-4093.526901099221,-5538.423540656204,-53.2938,-99.846,4
3520,STARLINK-4145,satellite,2,147,53.2112,119.5093,108.507,198.9986,307.5057,6916.5487,553.5191,786.1406830165199,5288.238307101615,-4398.235081593867,3869.3819606277966,-3689.358319404449,-4398.235081593867,-39.6166,-43.6357,7
3521,STARLINK-4141,satellite,2,153,53.2167,114.6899,102.271,212.5681,314.8391,6918.1016,551.2912,631.6590280813168,5662.715215563209,-3931.3875944665406,4264.4631861925545,-3778.847770675099,-3931.3875944665406,-34.7706,-41.545,11
3522,STARLINK-4185,satellite,2,147,53.2348,119.5396,56.3581,311.1047,7.4627,6924.0518,539.7686,-3849.5692735886682,5702.363845605672,719.7665613140991,6878.722354122786,-138.98127471057904,719.7665613140991,6.0091,-1.1575,5
3523,STARLINK-4170,satellite,2,147,53.2338,119.5227,45.965,301.5347,347.4996,6923.6666,542.6378,-2549.0626756379393,6320.65910217029,-1199.8894735337192,6634.79814522404,-1558.1737972094843,-1199.8894735337192,-10.0458,-13.2163,4
3524,STARLINK-4103,satellite,2,147,53.1986,119.5348,103.2547,344.2856,87.5404,6911.9414,545.4637,-3744.30859584191,-1780.5992629672,5527.769929957407,701.9133573669889,4086.2817126239293,5527.769929957407,53.2981,80.2532,4
3525,STARLINK-4101,satellite,2,147,53.2172,119.5292,94.4376,307.8745,42.3121,6918.698,541.4037,-4944.352930995947,3074.8044219792646,3727.295749933254,5361.857398139505,2269.6989627895828,3727.295749933254,32.7869,22.9432,8
3526,STARLINK-4102,satellite,2,147,53.2013,119.5211,55.8582,51.7497,107.6079,6913.11,544.8264,-2403.2104315064457,-3763.1496853776366,5274.282852553436,-1691.1860875654484,4132.384971161844,5274.282852553436,49.9245,112.2569,4
3527,STARLINK-4100,satellite,2,147,53.2151,119.5665,100.445,307.035,47.48,6917.5937,541.941,-4958.858962980308,2558.1093663896295,4080.4287720490756,4947.896853880465,2579.248430938805,4080.4287720490756,36.3466,27.5322,9
3528,STARLINK-4106,satellite,2,147,53.2247,119.5124,96.6641,51.0638,147.7279,6920.7303,540.4187,956.5135260066144,-6176.714398338464,2957.2599310347546,-5599.600988842716,2776.9025279665425,2957.2599310347546,25.4579,153.6227,5
3529,STARLINK-4094,satellite,2,147,53.2341,119.5247,118.0007,49.6824,167.6831,6923.6999,539.8007,2561.855488169083,-6315.7554963745215,1182.080024587473,-6638.16076563916,1544.8924499057998,1182.080024587473,9.8993,166.8988,4
3530,STARLINK-4021,satellite,2,185,53.232,109.7481,66.0596,310.9781,17.0377,6923.2461,539.6169,-3376.152161559144,5814.2141965082365,1623.410154924753,6697.384174595867,-590.3688328081245,1623.410154924753,13.6559,-5.0376,4
3531,STARLINK-4040,satellite,2,185,53.2225,109.5103,87.0004,235.2937,322.294,6919.7424,549.2933,560.1675556534959,6008.726248645294,-3391.0754519504258,4588.463306440478,-3919.768272106792,-3391.0754519504258,-29.4841,-40.5061,10
3532,STARLINK-4098,satellite,2,185,53.2327,109.5215,46.4179,295.9537,342.3717,6923.1455,543.6512,-1021.5914550324146,6635.607576368471,-1678.904229003393,6012.169624234144,-2988.101975835191,-1678.904229003393,-14.1236,-26.4278,8
3533,STARLINK-4077,satellite,2,185,53.2082,109.5112,108.4508,194.0574,302.5083,6915.525,554.6369,2053.1610769002364,4674.749030914101,-4675.375511435052,2637.957723713894,-4371.490358862601,-4675.375511435052,-42.6569,-58.8913,12
3534,STARLINK-4088,satellite,2,185,53.2287,109.5481,72.4201,310.0619,22.482,6922.4312,539.8763,-3630.094575552709,5492.330179756143,2118.4332989256773,6580.602368663538,-197.3572812367677,2118.4332989256773,17.9406,-1.7178,3
3535,STARLINK-4087,satellite,2,185,53.198,109.4128,114.6125,328.0104,82.6229,6912.2094,545.3376,-4166.671695286802,-527.6553989260908,5487.0830401881385,1969.3447118837648,3709.6165087641466,5487.0830401881385,52.7396,62.0373,4
3536,STARLINK-4054,satellite,2,185,53.2352,109.5331,52.2787,310.1635,2.4422,6924.2493,540.1624,-2477.3225401027535,6455.200864860059,236.16668633526172,6703.432230685626,-1694.32626787061,236.16668633526172,1.9684,-14.1847,4
3537,STARLINK-4111,satellite,2,185,53.1989,109.522,58.2679,44.3338,102.6017,6912.5816,545.0807,-3303.696045713983,-2770.879741395154,5399.796804252912,-361.3457581304606,4296.697725791449,5399.796804252912,51.5646,94.8072,4
3538,STARLINK-4096,satellite,2,185,53.2184,109.556,94.5095,307.9656,42.475,6918.67,541.3192,-4340.720534680392,3869.203022415466,3738.9149775151714,5663.373356568392,1318.631492486154,3738.9149775151714,32.9023,13.1069,10
3539,STARLINK-4055,satellite,2,185,53.2327,109.521,113.3338,49.3827,162.7165,6923.1665,539.6849,1047.5348264956751,-6635.684498144801,1646.1449312888622,-6027.179728052704,2966.9416066702533,1646.1449312888622,13.8507,153.7908,5
3540,STARLINK-4114,satellite,2,185,53.1993,109.5536,119.9072,317.4097,77.317,6912.5897,545.0317,-4313.257504298055,78.06467784683743,5398.068137394815,2548.8822287432768,3480.4430431063693,5398.068137394815,51.542,53.783,3
3541,STARLINK-4104,satellite,2,185,53.2086,109.6556,69.1296,53.4468,122.5764,6915.5302,543.0672,-2033.1153759964989,-4677.713242302403,4664.061233614842,-2651.9298060397896,4356.813929141616,4664.061233614842,42.6177,121.3283,7
3542,STARLINK-4116,satellite,2,185,53.222,109.5105,91.532,51.2497,142.7817,6919.7199,540.6597,-521.1709346359962,-6025.740089171374,3349.465381845381,-4624.837326753247,3897.697072173039,3349.465381845381,29.1279,139.8766,8
3543,STARLINK-4090,satellite,2,185,53.2183,109.5579,79.2914,143.356,222.6474,6918.6165,550.7385,4350.679071053598,-3857.958951883607,-3756.2707632034853,-5659.9206655065345,-1333.2493067295097,-3756.2707632034853,-33.0233,-166.7451,6
3544,STARLINK-4110,satellite,2,185,53.2079,109.45,73.4345,166.5487,239.9832,6913.8765,554.4431,4538.022504002959,-2069.9303115306725,-4799.960157931805,-4306.421839716281,-2516.5433991579384,-4799.960157931805,-44.0774,-149.6993,3
3545,STARLINK-3683,satellite,2,152,53.2106,94.5015,71.4557,53.6128,125.0685,6916.0557,542.8036,-3065.7198240936104,-4224.8196304253925,4530.371465730069,-1686.8260224233381,4939.874180537777,4530.371465730069,41.1303,108.8536,4
3546,STARLINK-4105,satellite,2,185,53.2294,109.5508,127.3347,75.3495,202.6842,6922.4135,545.0522,3642.6039321158673,-5482.900207099454,-2138.0884536607123,-6580.102072602546,181.69975621582387,-2138.0884536607123,-18.0986,178.4183,5
3547,STARLINK-4117,satellite,2,152,53.2036,94.8099,72.4607,172.4591,244.9199,6914.2198,556.5279,3988.7828436371065,-2609.455104030306,-5021.326121069821,-4430.956228552254,-1756.7787038490421,-5021.326121069821,-46.668,-158.3727,4
3548,STARLINK-4095,satellite,2,130,53.2133,104.5081,102.9468,307.0572,50.004,6917.0697,542.1931,-4182.95169080524,3506.665176537299,4240.933885089227,5276.1565566196,1398.5555040790434,4240.933885089227,38.0177,14.846,13
3549,STARLINK-4052,satellite,2,136,53.2348,79.2983,131.2172,56.5571,187.7743,6924.0243,541.9325,-722.6463032947321,-6841.005131019596,-749.8677458855943,-5175.110500291472,4532.0856337976375,-749.8677458855943,-6.2594,138.7899,5
3550,STARLINK-4299,satellite,2,130,53.1983,104.4455,86.4824,3.6097,90.0921,6912.0134,545.445,-4005.684160841615,-1043.346338591076,5532.8056913621995,1455.094537841142,3875.14865064731,5532.8056913621995,53.3681,69.4192,4
3551,STARLINK-4300,satellite,2,158,53.2315,84.5078,48.2891,291.6873,339.9764,6922.803,544.263,2034.3131009446206,6336.820838167634,-1898.2962517210672,4007.3032013538054,-5313.68508477215,-1898.2962517210672,-16.0134,-52.9783,13
3552,STARLINK-4205,satellite,2,147,53.2187,119.491,79.5378,142.9233,222.461,6918.6654,550.8273,4949.883682787587,-3067.852321321423,-3743.0743101949497,-5359.36166658019,-2278.2249373920154,-3743.0743101949497,-32.8924,-156.97,4
3553,STARLINK-4292,satellite,2,147,53.2267,119.5515,117.0107,90.6379,207.6486,6921.6191,546.4931,4696.701102274077,-4385.313953626102,-2572.829731529337,-6290.311734374479,-1312.2339731774437,-2572.829731529337,-21.9435,-168.2164,5
3554,STARLINK-4294,satellite,2,152,53.2355,94.4487,132.0791,53.1269,185.206,6924.1671,541.3111,909.1452933022839,-6840.8822769665285,-502.9675867867533,-6115.1642176401465,3198.2779871271387,-502.9675867867533,-4.1943,152.3901,3
3555,STARLINK-4298,satellite,2,158,53.2311,84.5367,68.9729,310.9681,19.9409,6922.841,539.4376,-786.5012282938741,6606.21271307277,1889.4538085473018,5852.697016768631,-3163.3160168373365,1889.4538085473018,15.9483,-28.3907,4
3556,STARLINK-4280,satellite,2,185,53.2056,109.553,71.4686,171.1339,242.6025,6914.589,556.0201,4535.510248378326,-1769.9779609259517,-4922.269193487066,-4059.809823855884,-2687.307088784545,-4922.269193487066,-45.4908,-146.4983,1
3557,STARLINK-4276,satellite,2,115,53.2002,69.1204,98.9677,183.8549,282.8225,6912.6105,558.513,4326.028569314652,-5.623048162735217,-5405.696913954371,-2497.0304465232057,-3532.618540167241,-5405.696913954371,-51.5032,-125.2546,4
3558,STARLINK-4258,satellite,2,115,53.2223,69.3788,91.0241,51.7174,142.7415,6919.7653,540.7594,-4283.507292955658,-4267.650509997792,3352.6191582994506,-1020.207319770601,5959.90374326425,3352.6191582994506,29.1575,99.7137,4
3559,STARLINK-4278,satellite,2,158,53.2198,84.5463,91.4063,308.56,39.9664,6919.2074,540.957,-2143.2634233168283,5527.309990597075,3556.7645420600907,5752.5575434459015,-1432.76499930228,3556.7645420600907,31.1189,-13.9859,8
3560,STARLINK-4268,satellite,2,150,53.2359,74.4409,48.4167,306.5882,355.0049,6924.1581,541.2765,2196.3058827848313,6543.709364726265,-482.6431435478994,4083.0706411730175,-5565.28758645521,-482.6431435478994,-4.0246,-53.7337,6
3561,STARLINK-4257,satellite,2,115,53.2093,69.0956,107.7683,195.0093,302.7776,6915.5759,554.7033,4593.916160016308,2257.4764278196926,-4661.47458601629,-801.6401897356667,-5055.45631111783,-4661.47458601629,-42.5001,-99.0103,4
3562,STARLINK-4056,satellite,2,149,53.2144,144.4999,76.8885,53.2655,130.154,6917.0972,542.2494,1791.6528499758522,-5164.040898568957,4231.2242327540025,-5253.061459092756,1510.8552690161139,4231.2242327540025,37.9151,163.954,4
3563,STARLINK-4047,satellite,2,180,53.198,149.2148,99.4139,183.2885,282.7024,6912.5483,558.5146,762.9851639400526,4255.147883917211,-5408.100029051298,3038.3315816042036,-3075.2188661336368,-5408.100029051298,-51.5351,-45.3457,5
3564,STARLINK-4125,satellite,2,180,53.2219,149.589,89.3534,53.2461,142.5994,6919.7192,541.0421,3464.1828602649657,-4948.752602443157,3363.6395105094075,-6040.722129048315,19.78305253174347,3363.6395105094075,29.2611,179.8124,4
3565,STARLINK-4131,satellite,2,180,53.2321,149.5205,113.0421,49.6434,162.6856,6923.1785,539.9597,5065.909396266506,-4411.390534531733,1649.0512136788286,-6524.344071000086,-1598.9805822909361,1649.0512136788286,13.8751,-166.2294,9
3566,STARLINK-4061,satellite,2,149,53.2134,144.7389,104.3666,305.5161,49.8827,6917.1011,542.4798,-5464.448214108196,-13.40246526925989,4233.590783110415,3137.3787029978557,4474.0617770344925,4233.590783110415,37.9385,54.9604,5
3567,STARLINK-4135,satellite,2,149,53.2012,144.6243,53.446,56.5504,109.9964,6913.4021,544.8324,-325.17925425868805,-4540.030933471189,5200.197324953696,-3523.4205241493673,2881.5152670562948,5200.197324953696,48.9804,140.7231,7
3568,STARLINK-4128,satellite,2,172,53.1967,139.5403,79.2062,13.1781,92.3843,6912.0113,545.5043,-2465.146154237461,-3333.4296690804304,5527.971787949846,-1304.2723701026007,3935.425327082748,5527.971787949846,53.3005,108.3361,4
3569,STARLINK-4059,satellite,2,172,53.199,139.5424,118.3853,319.3742,77.7596,6912.3868,544.9448,-3739.594171947045,-2127.3287360891386,5407.1725713959195,415.7995139150303,4282.196035503156,5407.1725713959195,51.6643,84.454,4
3570,STARLINK-4129,satellite,2,172,53.2189,139.5086,85.4512,52.2231,137.6744,6918.6946,541.3435,2077.2227879183683,-5438.542239586296,3728.311268918606,-5641.954450198142,1435.5995905199568,3728.311268918606,32.7973,165.724,4
3571,STARLINK-4132,satellite,2,172,53.2056,139.465,63.8541,53.8192,117.6733,6914.6288,543.7136,56.915434657344235,-4872.106725228281,4901.248920042625,-4014.984292071443,2760.536984562324,4901.248920042625,45.3462,145.4892,7
3572,STARLINK-4133,satellite,2,172,53.2306,139.518,107.8767,49.8284,157.7051,6922.4765,539.738,3847.4416007995155,-5348.78412177737,2101.728666551158,-6588.49984436017,-62.99407755074088,2101.728666551158,17.7949,-179.4522,4
3573,STARLINK-4134,satellite,2,172,53.203,139.5268,57.9984,54.4766,112.475,6913.7528,544.4023,-473.11193592228705,-4624.562824428524,5113.593403803429,-3507.2810718382566,3051.1302338844134,5113.593403803429,47.9029,138.9786,7
3574,STARLINK-4142,satellite,2,172,53.2323,139.549,132.0488,65.6327,197.6815,6923.1337,543.9107,5833.975739479389,-3320.615430187014,-1683.860564432136,-6075.324586384489,-2855.204184310172,-1683.860564432136,-14.1656,-154.828,4
3575,STARLINK-4147,satellite,2,172,53.2358,139.5338,126.7927,50.8795,177.6722,6924.2471,540.4494,5150.066955001526,-4614.396389784116,225.1208185362636,-6738.757155447903,-1550.804850054017,225.1208185362636,1.8762,-167.04,4
3576,STARLINK-4144,satellite,2,172,53.2006,139.5461,80.4541,177.0981,257.5522,6912.5618,558.4636,3763.228172694951,2113.3083953854944,-5413.588515180317,-440.87566259839195,-4293.435373206428,-5413.588515180317,-51.6086,-95.8629,5
3577,STARLINK-4127,satellite,2,172,53.2212,139.5576,87.593,130.0318,217.6248,6919.692,549.3777,5813.983253903186,-1630.8816571003895,-3384.852502986341,-4682.710329138311,-3812.4008484830865,-3384.852502986341,-29.4244,-140.8494,4
3578,STARLINK-4140,satellite,2,172,53.199,139.1697,64.8929,32.9661,97.8591,6912.2071,545.344,-1966.0522155011793,-3720.3796040873967,5481.0189915223655,-1908.0961816749352,3750.4339314356844,5481.0189915223655,52.6567,116.9655,4
3579,STARLINK-4062,satellite,2,172,53.2183,139.5068,96.2941,221.1994,317.4936,6918.6663,550.4438,-2062.2736905725733,5443.536042885598,-3746.0852524536526,5637.423212206103,-1450.6953337976393,-3746.0852524536526,-32.9242,-14.431,4
3580,STARLINK-4085,satellite,2,172,53.1975,139.529,95.261,182.2959,277.5569,6912.226,558.7498,1975.970014006553,3718.7288700473387,-5495.447555404482,1901.0328384716536,-3757.5891276494053,-5495.447555404482,-52.7081,-63.1643,7
3581,STARLINK-4130,satellite,2,172,53.2303,139.5161,50.8676,286.6022,337.4697,6922.4715,544.9015,-3831.648302797261,5357.813116883698,-2124.3272180382796,6586.780365751467,44.88346166578778,-2124.3272180382796,-17.9786,0.3904,4
3582,STARLINK-3950,satellite,2,172,53.2058,139.5147,107.442,190.0903,297.5323,6914.623,555.8474,-46.714381853681715,4874.371959043777,-4916.167121012867,4010.9584494906035,-2770.1798759366097,-4916.167121012867,-45.4202,-34.631,4
3583,STARLINK-4097,satellite,2,172,53.2318,139.5476,67.0417,310.4586,17.5003,6923.1215,539.624,-5827.245107978788,3332.4883264223195,1666.1073356458971,6081.150997308736,2842.8623853670274,1666.1073356458971,14.0221,25.0555,4
3584,STARLINK-4058,satellite,2,172,53.2352,139.5316,49.3103,308.2023,357.5126,6924.1905,540.8161,-5142.065238694914,4623.078192646258,-240.55174008987265,6741.243008354145,1539.2626795424912,-240.55174008987265,-2.0048,12.8621,5
3585,STARLINK-4060,satellite,2,172,53.2099,139.555,112.2661,305.2167,57.4829,6915.5581,543.2305,-5091.728064644022,-246.04896301776716,4667.319103569095,2732.484107243576,4303.459698910512,4667.319103569095,42.6532,57.5865,4
3586,STARLINK-4109,satellite,2,172,53.2227,139.5572,89.3269,308.17,37.4968,6919.7,540.8657,-5809.200324042064,1640.6715567175038,3370.967921954576,4687.956378184858,3802.8511091164432,3370.967921954576,29.3318,39.0488,5
3587,STARLINK-4122,satellite,2,184,53.2013,129.5476,124.0999,308.3965,72.4964,6913.1417,544.8716,-4367.498958962899,-910.9438271962669,5277.341697236941,1771.772101797091,4094.592706502383,5277.341697236941,49.9634,66.6014,4
3588,STARLINK-4051,satellite,2,184,53.2345,129.5271,122.2569,50.4126,172.6695,6924.0641,540.0625,3959.4071887380014,-5628.628993999667,707.1132212118852,-6881.738474532032,6.723575640208439,707.1132212118852,5.9028,179.944,4
3589,STARLINK-4050,satellite,2,184,53.2034,129.5162,58.5517,54.0749,112.6267,6913.8058,544.3402,-1255.7711480971668,-4482.222711497504,5107.980733001029,-2940.012218553189,3608.8238758098555,5107.980733001029,47.8341,129.1688,7
3590,STARLINK-4179,satellite,2,184,53.2337,129.5435,133.2984,59.3798,192.6781,6923.6616,542.7411,4999.4575473375235,-4627.575315776652,-1216.6904750941576,-6662.75551547933,-1420.1119715590276,-1216.6904750941576,-10.1877,-167.9679,5
3591,STARLINK-4174,satellite,2,184,53.2281,129.5118,103.1844,49.5165,152.7009,6921.6796,539.8006,2444.8806284809725,-5948.658476763625,2540.433057947536,-6270.720936452049,1428.9989145675313,2540.433057947536,21.6755,167.1624,4
3592,STARLINK-4178,satellite,2,184,53.2114,129.5851,71.8276,160.8131,232.6407,6916.4881,553.5214,5216.607247332805,-1137.693722039757,-4406.833009814004,-3935.428351892042,-3608.287941007218,-4406.833009814004,-39.7091,-137.4831,4
3593,STARLINK-4180,satellite,2,184,53.2244,129.5537,106.4703,106.2261,212.6964,6920.683,547.7466,5435.379000443669,-3065.7844950690333,-2994.9693455381416,-5637.38889356526,-2676.2335307997237,-2994.9693455381416,-25.7764,-154.6049,4
3594,STARLINK-4169,satellite,2,158,53.1991,84.1974,97.3829,182.8962,280.2791,6912.393,558.7037,4184.879451712489,816.5467522465277,-5454.859538328555,-1743.7111499151456,-3890.9428227142294,-5454.859538328555,-52.1585,-114.1394,4
3595,STARLINK-4164,satellite,2,184,53.2009,129.5476,77.6906,174.9362,252.6267,6913.0394,557.7979,4368.296961242284,926.0464405957586,-5290.954427110013,-1759.8878224922025,-4103.946296430096,-5290.954427110013,-50.0112,-113.211,4
3596,STARLINK-4175,satellite,2,184,53.2146,129.5115,104.6537,207.8335,312.4872,6917.5959,551.9803,-616.4320124191614,5552.233752287661,-4088.4724641561093,4893.247370366631,-2695.072956039876,-4088.4724641561093,-36.3682,-28.8448,3
3597,STARLINK-4173,satellite,2,184,53.2344,129.5459,61.1866,311.2417,12.4283,6923.7035,539.6227,-4987.994123191731,4641.578467658743,1192.5731465395322,6667.596289466017,1402.674504340734,1192.5731465395322,9.9883,11.8802,5
3598,STARLINK-4165,satellite,2,184,53.214,129.197,78.0827,54.8124,132.8952,6917.6744,542.1495,623.4433842020433,-5563.15731292812,4055.9621262699106,-4906.215279817294,2695.635837752982,4055.9621262699106,36.0935,151.2142,7
3599,STARLINK-4107,satellite,2,184,53.2121,129.5573,106.0777,306.4257,52.5035,6916.5274,542.544,-5211.493504494883,1152.4219540480708,4391.849145194893,3944.520125346967,3595.6226009270054,4391.849145194893,39.6232,42.3507,5
3600,STARLINK-4162,satellite,2,184,53.2354,129.5284,46.4227,306.033,352.4557,6924.0288,541.6241,-3946.476466378305,5636.971998238926,-727.7875987238319,6881.107573050878,-22.099246806077346,-727.7875987238319,-6.0747,-0.184,5
3601,STARLINK-4176,satellite,2,179,53.2361,124.6769,128.2009,51.8807,180.0815,6924.2611,540.7304,3941.315700857663,-5686.53616417579,-7.888917814066541,-6918.64523433687,54.873688539754376,-7.888917814066541,-0.0657,179.5456,4
3602,STARLINK-4149,satellite,2,184,53.2248,129.5597,82.4452,310.0007,32.446,6920.729,540.2324,-5428.4329597261085,3084.175425465624,2971.3604684302472,5648.4186800905445,2659.9603131796925,2971.3604684302472,25.5886,25.2167,6
3603,STARLINK-4166,satellite,2,179,53.2355,124.3235,51.6234,308.4927,0.1161,6924.2302,540.6064,-3908.1552742681974,5709.2210525407545,11.230155566143033,6918.08128966217,-95.04706303244701,11.230155566143033,0.0936,-0.7871,5
3604,STARLINK-4159,satellite,2,184,53.2274,129.6976,59.5842,272.7989,332.383,6921.6001,546.207,-2439.388624260597,5945.5734349021395,-2570.0382032660505,6265.035183114069,-1431.7103353433226,-2570.0382032660505,-21.9194,-12.8724,4
3605,STARLINK-4148,satellite,2,147,53.2148,119.5469,74.4271,153.1672,227.5943,6917.6049,552.1027,4965.102469609331,-2551.928279249281,-4093.8659404938653,-4946.4419590064035,-2587.9127540034574,-4093.8659404938653,-36.423,-152.382,4
3606,STARLINK-4146,satellite,2,147,53.2114,119.3464,72.2556,55.5039,127.7595,6916.5562,542.7845,-778.2876255953918,-5293.473056643831,4376.489409016247,-3878.185084047655,3685.95565402507,4376.489409016247,39.4563,136.4558,7
3607,STARLINK-4522,satellite,2,115,53.2308,69.5494,75.2008,307.2407,22.4416,6922.4589,539.9912,752.7111910945545,6541.6574586681,2114.9146545496783,4913.118310058169,-4384.190337464619,2114.9146545496783,17.9095,-41.7439,4
3608,STARLINK-4523,satellite,2,115,53.2064,69.5502,114.4564,308.0697,62.5262,6914.6023,543.57,-2326.9762518529274,4270.433958981343,4910.086572402134,4831.101932414913,-558.4610938332768,4910.086572402134,45.4517,-6.594,18
3609,STARLINK-4517,satellite,2,115,53.2187,69.5541,94.7332,307.7384,42.4716,6918.6779,541.2862,-837.6251481507436,5754.335913351569,3738.666748837788,5185.874654403108,-2630.722669024926,3738.666748837788,32.9,-26.8981,4
3610,STARLINK-4521,satellite,2,115,53.1992,69.5358,111.2625,331.4813,82.7439,6912.0987,545.1795,-3541.796866128988,2253.236115792941,5488.530165882832,3882.2721246536225,1596.671908869266,5488.530165882832,52.7611,22.356,13
3611,STARLINK-4535,satellite,2,115,53.2092,69.5104,67.3339,55.3204,122.6544,6915.568,543.1495,-4569.937764207075,-2273.4411792384776,4660.099860638298,774.7763638168177,5045.055752938117,4660.099860638298,42.5725,81.2692,4
3612,STARLINK-4530,satellite,2,115,53.1999,69.5199,57.5565,45.1195,102.676,6912.5553,545.1007,-4313.7609430435405,-7.515301889747092,5398.312227224279,2479.223907142253,3530.161295428962,5398.312227224279,51.5446,54.9197,4
3613,STARLINK-4544,satellite,2,133,53.2227,59.1653,88.9807,308.7872,37.7679,6919.6406,540.5649,624.4635538119825,5992.037348875288,3391.5396336121785,4537.778678984499,-3962.7050080607287,3391.5396336121785,29.5296,-41.1297,4
3614,STARLINK-4534,satellite,2,115,53.2189,69.5185,84.6483,52.8202,137.4685,6918.6493,541.3548,-4403.83672935203,-3793.2492105629076,3742.9745921543185,-563.1301293070878,5784.92886470462,3742.9745921543185,32.9423,95.5599,4
3615,STARLINK-4524,satellite,2,115,53.2189,69.5582,79.8584,142.7727,222.6311,6918.6361,550.7972,851.6993746365216,-5752.911342470014,-3755.171205286646,-5192.819131566229,2618.3984047344925,-3755.171205286646,-33.0121,153.2412,16
3616,STARLINK-4515,satellite,2,115,53.2326,69.5169,112.4058,50.2751,162.6809,6923.1665,539.6766,-3465.1370064723424,-5754.2559059267915,1649.428025109417,-2706.7796928599205,6147.518133266352,1649.428025109417,13.8789,113.7641,5
3617,STARLINK-4512,satellite,2,115,53.1981,69.5408,84.2883,178.2538,262.5421,6912.207,559.0832,3539.025364522614,-2279.510001277258,-5496.999940687282,-3902.150159953049,-1579.2689783047917,-5496.999940687282,-52.7257,-157.966,4
3618,STARLINK-4528,satellite,2,115,53.2308,69.5502,126.4013,76.2684,202.6697,6922.421,545.1255,-735.1961369128946,-6541.905679917008,-2136.863304906638,-4923.412463072381,4370.017506043379,-2136.863304906638,-18.0877,138.4078,9
3619,STARLINK-4520,satellite,2,115,53.2215,69.511,86.9802,235.5111,322.4913,6919.6796,549.1286,4285.876516898606,4260.425043479605,-3375.850600276889,1012.936595517755,-5957.677275807411,-3375.850600276889,-29.3398,-80.3507,11
3620,STARLINK-4525,satellite,2,115,53.2067,69.5521,71.4274,171.1725,242.5999,6914.5966,556.0205,2336.3494343498273,-4271.481746706618,-4922.22838084147,-4837.358680756118,551.4036502853445,-4922.22838084147,-45.4903,173.497,9
3621,STARLINK-4499,satellite,2,115,53.2333,69.5192,46.6738,295.9685,342.6423,6923.0959,543.5781,3468.8510044146665,5755.409293881475,-1653.934017099781,2705.58259484831,-6151.21827391776,-1653.934017099781,-13.9095,-66.2579,7
3622,STARLINK-4507,satellite,2,115,53.1991,69.871,63.9328,33.2372,97.17,6912.1577,545.3986,-4152.927717355486,603.5739053901636,5489.7367406141875,2886.03086890103,3046.6269723413375,5489.7367406141875,52.7753,46.5506,6
3623,STARLINK-4509,satellite,2,133,53.2022,59.4782,121.432,310.9094,72.3413,6913.143,544.6182,-2333.057615968916,3808.856440009773,5272.707608591735,4457.337577609163,-287.5533676863408,5272.707608591735,49.9062,-3.6912,18
3624,STARLINK-4510,satellite,2,115,53.2361,69.5343,55.5037,306.9582,2.4619,6924.2313,540.6085,2250.2175659348204,6538.235424550121,238.08733583279337,4047.535412545852,-5606.198234549953,238.08733583279337,1.9843,-54.1717,5
3625,STARLINK-4533,satellite,2,133,53.2196,59.5085,86.2039,51.4958,137.6997,6918.693,540.8624,-4994.711168395623,-2992.330928310726,3726.2779383386483,431.92787132806114,5806.429398020001,3726.2779383386483,32.7798,85.7457,4
3626,STARLINK-4491,satellite,2,133,53.2002,59.5473,117.181,320.3757,77.5567,6912.5509,545.2773,-2729.9013990356325,3332.2670365046456,5403.342671844713,4296.440478358878,311.3911799513517,5403.342671844713,51.6098,4.1454,20
3627,STARLINK-4490,satellite,2,121,53.2045,49.7101,60.4146,52.0821,112.4967,6913.7838,544.0538,-4626.8243439392345,455.9737608994526,5112.637814684868,3038.425401386182,3519.0036459925327,5112.637814684868,47.8942,49.1916,5
3628,STARLINK-4492,satellite,2,133,53.1989,59.5252,65.1658,32.4056,97.5714,6912.2185,545.2392,-3998.0998914657666,1296.2956096318421,5484.639392454931,3363.0197535290936,2520.968700135422,5484.639392454931,52.7073,36.8558,7
3629,STARLINK-4497,satellite,2,133,53.2112,59.5548,109.7178,307.7753,57.4932,6915.5323,542.7121,-1127.1615188236067,4970.524080988342,4667.579527379565,4712.045813661693,-1942.47959555694,4667.579527379565,42.6601,-22.4033,12
3630,STARLINK-4496,satellite,2,133,53.2314,59.5139,108.1984,49.4373,157.6356,6922.4819,539.7031,-4602.084223056588,-4712.356446273176,2107.9451057561623,-1200.1379461135025,6476.507653291021,2107.9451057561623,17.8493,100.4982,4
3631,STARLINK-4500,satellite,2,133,53.2068,59.5122,64.1802,53.6012,117.7815,6914.583,543.584,-4790.025460432235,-917.868822064483,4896.383934649281,2009.5499625818013,4443.932496561415,4896.383934649281,45.2899,65.6675,4
3632,STARLINK-4304,satellite,2,133,53.2366,59.5284,127.2436,50.4021,177.6457,6924.2266,540.3213,-3652.0515528498117,-5871.577910588443,227.67392522077716,-2694.981739971217,6367.886708006399,227.67392522077716,1.8975,112.9388,5
3633,STARLINK-4479,satellite,2,133,53.2321,59.5435,130.8096,66.8721,197.6817,6923.1026,543.9806,-2257.7164633745974,-6321.815844057578,-1683.8865220311272,-3866.325451218891,5487.63762473682,-1683.8865220311272,-14.1657,125.1667,4
3634,STARLINK-4480,satellite,2,133,53.1994,59.4767,95.2501,182.3113,277.5614,6912.2284,559.0259,4004.4060727697906,-1303.3331923065493,-5495.74548787541,-3372.405183561455,-2522.0683344611,-5495.74548787541,-52.7092,-143.2089,4
3635,STARLINK-4484,satellite,2,133,53.221,59.5527,91.6688,125.9948,217.6635,6919.642,549.1808,-593.6353340787091,-6007.292571191015,-3387.7111382487083,-4568.009089921037,3946.2969858022943,-3387.7111382487083,-29.4526,139.1763,17
3636,STARLINK-4481,satellite,2,121,53.2019,49.1101,120.9801,311.8249,72.805,6913.0731,544.6179,-1651.9952615327347,4132.757904389509,5286.0510361378465,4329.683860515933,-1030.8316586176536,5286.0510361378465,50.0782,-13.3919,16
3637,STARLINK-4476,satellite,2,133,53.2096,59.5522,71.1452,166.4626,237.6078,6915.5153,554.9401,1138.799896250128,-4971.592984859997,-4681.680010709101,-4719.624909635473,1933.58287206853,-4681.680010709101,-42.7256,157.7216,16
3638,STARLINK-4552,satellite,2,133,53.2064,59.5128,106.9417,190.5294,297.4711,6914.5956,555.9329,4790.678485796553,885.6164776476764,-4918.991877042359,-2036.2874977551546,-4425.884106734053,-4918.991877042359,-45.4528,-114.7065,4
3639,STARLINK-4545,satellite,2,133,53.1998,59.5406,79.5699,178.0046,257.5745,6912.5362,558.638,2736.1187589121073,-3337.3852849811065,-5414.129721584757,-4304.2059756663175,-313.52403786235755,-5414.129721584757,-51.6139,-175.8339,7
3640,STARLINK-4546,satellite,2,133,53.2304,59.5163,51.7467,285.7277,337.4744,6922.4281,544.902,4610.87424209801,4704.1783746496185,-2123.9158549336403,1188.389283868468,-6478.980349325858,-2123.9158549336403,-17.975,-79.6062,5
3641,STARLINK-4539,satellite,2,133,53.1976,59.5376,91.6371,180.7232,272.3603,6912.0231,559.2192,3716.6513256001563,-1855.1858552287617,-5539.104238004016,-3657.6698134763237,-1968.9243685602414,-5539.104238004016,-53.3023,-151.7064,4
3642,STARLINK-4532,satellite,2,133,53.232,59.5465,65.3925,312.1099,17.5025,6923.1039,539.0957,2269.760431094091,6316.872630698649,1666.185369417726,3855.3460271708154,-5494.633678218077,1666.185369417726,14.0239,-54.9443,8
3643,STARLINK-4531,satellite,2,133,53.2196,59.5086,98.728,218.7768,317.5048,6918.6505,550.6545,5002.661079319736,2977.5875129787914,-3745.4662820027343,-448.5586581233209,-5804.432823472965,-3745.4662820027343,-32.9169,-94.419,4
3644,STARLINK-4558,satellite,2,121,53.2164,49.6641,79.5561,52.9561,132.5122,6917.5998,541.84,-5349.204556583607,-1585.7195891639055,4080.9536784872985,1785.8555574080226,5285.755947043701,4080.9536784872985,36.3526,71.3318,4
3645,STARLINK-4543,satellite,2,121,53.2287,49.629,101.9055,50.6724,152.5779,6921.6726,539.9642,-5428.368180077058,-3441.5917912671675,2551.0729191907394,314.5775038462685,6419.717762508295,2551.0729191907394,21.7703,87.1946,4
3646,STARLINK-4538,satellite,2,121,53.2341,49.5805,133.4154,59.1158,192.5312,6923.6991,542.7141,-3695.8192059168887,-5725.673254282329,-1202.8235253934838,-2550.5106205175084,6319.597249212606,-1202.8235253934838,-10.0705,111.9784,4
3647,STARLINK-4548,satellite,2,121,53.2128,49.1679,105.7014,306.9704,52.6718,6916.5099,542.5619,250.0839282377372,5323.32503019186,4401.755918913283,4206.90816796709,-3271.430117627727,4401.755918913283,39.7299,-37.8698,5
3648,STARLINK-4557,satellite,2,121,53.2286,49.2727,60.993,271.6418,332.6348,6921.6523,546.2956,5453.957880256231,3415.679685264803,-2548.5179614743174,-350.50010173314763,-6425.704159905337,-2548.5179614743174,-21.7264,-93.1222,4
3649,STARLINK-4549,satellite,2,121,53.2269,49.5528,104.7473,107.8901,212.6374,6920.6845,547.8736,-2080.8309603598095,-5885.767111333975,-2990.3246369332883,-3611.8354575478656,5091.832342296102,-2990.3246369332883,-25.733,125.3496,11
3650,STARLINK-4542,satellite,2,121,53.2164,49.3085,105.4294,207.1708,312.6002,6917.6433,552.1472,5368.793159164105,1563.5555226789595,-4081.2899765302,-1815.2571907322967,-5288.996803731485,-4081.2899765302,-36.2932,-108.9429,4
3651,STARLINK-4527,satellite,2,121,53.2358,49.2234,62.9925,309.6219,12.6144,6923.708,539.8588,3724.047194193764,5702.319915684537,1210.20268235997,2515.1593731400635,-6329.214268224819,1210.20268235997,10.1371,-68.3277,10
3652,STARLINK-4526,satellite,2,121,53.2258,49.1976,83.5427,309.1806,32.7234,6920.6553,540.2468,2107.2725991752795,5865.48441953711,2993.9710792664932,3580.0231906840877,-5101.7584455981105,2993.9710792664932,25.7973,-54.9418,7
3653,STARLINK-4519,satellite,2,121,53.226,49.2786,74.6076,252.826,327.4336,6920.7047,547.7798,5496.238935588103,2966.0418458092345,-2984.4638351103063,-742.3695489994408,-6201.204247634846,-2984.4638351103063,-25.6794,-96.8266,4
3654,STARLINK-4503,satellite,2,159,53.2019,19.5379,131.8723,305.7004,77.5728,6912.5073,545.2005,49.609812339900515,4306.8066111848075,5403.73397741575,3491.5646627124247,-2521.9081120697947,5403.73397741575,51.6158,-35.8401,5
3655,STARLINK-4478,satellite,2,159,53.2287,19.1119,71.716,261.3363,333.0524,6914.6071,540.1929,6439.079611447599,245.74080254542696,-2510.381900381578,-3509.01043017857,-5404.533336514249,-2510.381900381578,-21.4053,-122.9945,4
3656,STARLINK-4482,satellite,2,159,53.2234,19.7738,89.6937,307.6604,37.3541,6919.7111,540.7321,4322.08329012615,4222.637410267403,3359.996168043881,961.1905839241521,-5965.499419726149,3359.996168043881,29.2279,-80.8469,78
3657,STARLINK-4487,satellite,2,159,53.2208,19.5096,85.1899,52.5094,137.6993,6918.6781,541.2475,-5749.888908894797,918.1824658807797,3726.5761809809974,4063.261283068246,4170.634154514263,3726.5761809809974,32.7807,45.7471,6
3658,STARLINK-4483,satellite,2,159,53.2202,19.5077,99.9775,217.5459,317.5234,6918.651,550.761,5747.387839885037,-933.3069975074126,-3744.2180770344244,-4074.1822579422683,-4159.875943189067,-3744.2180770344244,-32.904,-134.4037,4
3659,STARLINK-4493,satellite,2,159,53.2313,19.5021,51.0585,286.372,337.4306,6922.4407,544.8481,6555.076140445812,634.7548704443793,-2127.8362513385023,-3257.8829038181616,-5723.472367156512,-2127.8362513385023,-18.0095,-119.6492,4
3660,STARLINK-4138,satellite,2,159,53.2379,19.5285,50.5333,306.9598,357.4932,6924.2032,540.9548,6575.352725740014,2139.9586407422903,-242.44579423673923,-2039.294301115844,-6607.266091616158,-242.44579423673923,-2.0205,-107.1525,4
3661,STARLINK-4053,satellite,2,119,53.2185,9.4312,81.0264,51.7112,132.7376,6917.6363,541.5703,-5125.679575061058,2230.0797734965536,4066.182898442982,4775.896903882801,2904.5921685908374,4066.182898442982,36.2021,31.307,8
3662,STARLINK-4120,satellite,2,159,53.2373,19.495,48.7902,303.5098,352.2999,6924.02,541.88,6649.432736267446,1765.3739109607143,-742.7710060419438,-2388.140374435663,-6451.998629233905,-742.7710060419438,-6.2,-110.3115,4
3663,STARLINK-4123,satellite,2,159,53.2335,19.5474,67.5155,309.9578,17.4732,6923.1392,539.6446,5801.239626393582,3378.813564880142,1663.6560225576097,-580.7182699230198,-6688.312836585532,1663.6560225576097,14.0011,-94.9623,17
3664,STARLINK-4486,satellite,2,119,53.214,9.8652,108.0044,199.1145,307.1189,6916.4213,553.5835,4682.408653707091,-2541.022965373365,-4421.068953169568,-4774.654962007638,-2363.1374282173565,-4421.068953169568,-39.8622,-153.6676,4
3665,STARLINK-4485,satellite,2,159,53.2107,19.5548,111.4934,306.0432,57.5366,6915.5,543.0907,2326.913142211995,4532.558594247515,4670.052767606212,2364.01725036812,-4513.317474059172,4670.052767606212,42.6851,-62.355,36
3666,STARLINK-4489,satellite,2,119,53.2374,9.5265,121.7885,50.9282,172.7167,6924.0526,539.9782,-6854.314314046422,-618.0455408543467,702.600607807486,3443.9457899757545,5958.4261682108545,702.600607807486,5.8651,59.9723,4
3667,STARLINK-4297,satellite,2,119,53.1995,9.5961,77.1165,15.4111,92.5275,6911.9827,544.8515,-989.7218233489152,4026.1921433763982,5527.061063202913,3861.0150705505403,-1510.7399140753978,5527.061063202913,53.2951,-21.3694,11
3668,STARLINK-4303,satellite,2,119,53.2245,9.5543,110.084,102.586,212.67,6920.6569,547.4432,-5374.439651137958,-3172.8964792095535,-2992.6956367847,503.1234642274247,6220.831167235458,-2992.6956367847,-25.7566,85.3761,4
3669,STARLINK-4475,satellite,2,119,53.2294,9.512,103.6249,49.0627,152.6876,6921.6662,539.6811,-6373.421497192807,857.8765518039828,2541.581270063969,4373.217848183872,4715.020616215852,2541.581270063969,21.6862,47.1538,5
3670,STARLINK-4477,satellite,2,142,53.2143,359.0412,74.0737,53.9125,127.9862,6916.631,542.3549,-4198.928428967216,3332.9468089281363,4362.968546389714,5143.3736724678765,1511.7015737564232,4362.968546389714,39.314,16.3787,14
3671,STARLINK-4474,satellite,2,119,53.2361,9.5411,132.759,59.9356,192.6946,6923.6463,542.6391,-6506.697666986045,-2016.5931376812991,-1218.2633255631729,2100.570987619547,6480.074377541973,-1218.2633255631729,-10.2012,72.0395,4
3672,STARLINK-4513,satellite,2,119,53.2,9.5307,92.562,180.0287,272.5907,6912.0212,559.3309,994.6695177064769,-4034.247665513698,-5538.40831357627,-3870.4498183217265,1511.337116599228,-5538.40831357627,-53.2915,158.6703,7
3673,STARLINK-4514,satellite,2,119,53.2035,9.5474,77.8643,174.6335,252.4977,6913.1696,557.8958,-1397.368091251915,-4245.6214386681395,-5287.47848515085,-2665.0464742679997,3588.2399965608834,-5287.47848515085,-49.9655,126.6019,4
3674,STARLINK-4495,satellite,2,119,53.2307,9.514,61.738,270.7675,332.5055,6921.6164,546.3511,6371.505073284496,-871.6175606893247,-2559.704887139032,-4383.344849870357,-4705.537376124759,-2559.704887139032,-21.8264,-132.9698,4
3675,STARLINK-4501,satellite,2,119,53.2363,9.4165,61.9941,310.4431,12.4372,6923.6956,539.5863,6517.858710636127,1984.7603137503183,1193.4377722689999,-2133.0198077923983,-6470.8563710237595,1193.4377722689999,9.9957,-108.244,11
3676,STARLINK-4506,satellite,2,119,53.2375,9.5451,56.7047,310.5075,7.2123,6924.0693,539.8488,6681.82406620471,1650.6505514172861,695.7736569004015,-2500.57116332492,-6412.375842989437,695.7736569004015,5.808,-111.3038,4
3677,STARLINK-4504,satellite,2,119,53.217,9.5085,106.2026,206.3165,312.5191,6917.5778,552.1894,5119.149201386517,-2240.4435424874605,-4086.638430015734,-4780.605215277459,-2893.283530660611,-4086.638430015734,-36.348,-148.8171,4
3678,STARLINK-4505,satellite,2,119,53.215,9.5522,107.0666,305.4488,52.5154,6916.5213,542.5692,3602.9582064974925,3936.874181018261,4392.731990763976,1141.9461814463593,-5213.084027101031,4392.731990763976,39.6325,-77.6443,87
3679,STARLINK-4502,satellite,2,119,53.2381,9.5288,47.8859,304.5709,352.4569,6924.0422,541.6273,6854.996119773581,599.4399375191625,-727.7014924967863,-3459.5458099653306,-5948.263850028439,-727.7014924967863,-6.074,-120.1825,4
3680,STARLINK-4494,satellite,2,168,53.2231,4.2792,91.3416,308.8429,40.1845,6919.1326,540.8158,5067.499898032406,3057.304153896853,3572.950062208447,-420.7594345541764,-5903.357129991971,3572.950062208447,31.2769,-94.0768,103
3681,STARLINK-4508,satellite,2,119,53.2271,9.552,82.3637,310.0515,32.4152,6920.7218,540.0129,5387.743221344954,3156.618274305404,2968.8455306533488,-524.0932060338303,-6222.3261132969,2968.8455306533488,25.5663,-94.8145,65
3682,STARLINK-4564,satellite,2,142,53.2366,359.7083,117.2251,50.3838,167.6089,6923.6675,539.7983,-6751.554482209609,922.7859382472286,1189.1277644386576,4644.131934637155,4986.688318689553,1189.1277644386576,9.9589,47.0371,4
3683,STARLINK-4563,satellite,2,119,53.2045,9.5468,122.6158,309.9233,72.5391,6913.0761,544.5396,1389.893177948774,4237.408671505625,5278.549256576894,2662.6404686801457,-3577.3986400744293,5278.549256576894,49.9822,-53.3399,15
3684,STARLINK-4565,satellite,2,142,53.237,359.6807,132.1618,55.4354,187.5972,6924.0311,541.7647,-6861.865161123775,-509.29724935948923,-732.8902631630343,3537.181081609732,5901.942660984733,-732.8902631630343,-6.1173,59.0647,4
3685,STARLINK-4561,satellite,2,142,53.2294,359.7334,95.5395,52.0169,147.5565,6920.7115,540.5321,-5825.066873289519,2247.6895979309415,2971.4709077174557,5193.241086435713,3466.087076964153,2971.4709077174557,25.5885,33.72,5
3686,STARLINK-4577,satellite,2,142,53.2184,359.6207,73.7814,153.8344,227.6159,6917.5787,552.2968,-4686.897435372439,-3030.8739848515092,-4095.5733838560964,223.0785005345781,5577.045872534101,-4095.5733838560964,-36.4394,87.7094,4
3687,STARLINK-4575,satellite,2,142,53.2374,359.6873,129.6375,52.7843,182.4217,6924.2214,540.9932,-6913.777920723209,-137.2525100360248,-234.22044414064106,3871.1794798317605,5730.020316152502,-234.22044414064106,-1.9519,55.9572,4
3688,STARLINK-4576,satellite,2,142,53.1997,359.5229,87.8793,179.6593,267.5386,6912.0672,559.2298,-331.8372673090861,-4141.017457491249,-5538.854534289491,-3193.4528113924835,2657.066182207717,-5538.854534289491,-53.2988,140.2383,4
3689,STARLINK-4585,satellite,2,142,53.2301,359.6575,118.7245,88.899,207.6234,6921.6118,546.3458,-6143.937509170167,-1884.3608709882426,-2570.734275918125,1999.6466951457032,6107.388730324323,-2570.734275918125,-21.9252,71.8708,4
3690,STARLINK-4583,satellite,2,142,53.2268,359.3858,71.7291,255.7957,327.5248,6920.7105,547.6137,5815.195721095244,-2287.371705897764,-2976.9907629342824,-5219.98781428343,-3435.156155740024,-2976.9907629342824,-25.6111,-146.652,4
3691,STARLINK-4582,satellite,2,142,53.2067,359.5764,76.12,171.488,247.608,6913.7657,557.2698,-2665.7842102778495,-3814.507322515196,-5126.420530635235,-1581.8815358168545,4376.587983341642,-5126.420530635235,-47.9433,109.872,5
3692,STARLINK-4550,satellite,2,142,53.2137,359.4196,108.3619,199.2578,307.6198,6916.5451,553.6726,4192.553202186726,-3326.4662228148436,-4391.760058410422,-5134.4037204039105,-1510.2245927664874,-4391.760058410422,-39.5459,-163.6094,4
3693,STARLINK-4584,satellite,2,142,53.2049,359.4701,106.8248,180.9002,287.725,6913.0884,558.1809,2071.3341122102856,-3969.531991250397,-5281.299543681514,-4437.873371810241,594.0447539907348,-5281.299543681514,-49.8834,172.3758,9
3694,STARLINK-4555,satellite,2,142,53.2061,359.2225,121.3047,306.4498,67.7546,6913.7196,544.2755,2667.9368097749966,3795.13227215784,5122.112714105369,1564.8052165846393,-4367.184495561851,5122.112714105369,48.0094,-70.2869,57
3695,STARLINK-4559,satellite,2,142,53.2174,359.2695,100.7946,306.9568,47.7515,6917.4924,541.8631,4686.264567596701,3004.3670144521343,4098.149524428386,-244.3792171250879,-5561.256652347351,4098.149524428386,36.53,-92.5161,121
3696,STARLINK-4551,satellite,2,142,53.238,359.3302,55.9437,311.5656,7.5093,6924.0867,539.7411,6864.171762270952,460.8469882077331,724.2554766126685,-3578.1106097004827,-5875.913409270672,724.2554766126685,6.0467,-121.3391,4
3697,STARLINK-4581,satellite,2,142,53.2373,359.3342,54.3141,308.1091,2.4232,6924.225,540.5102,6914.003635751556,94.74111156936092,234.3425528306497,-3906.056008385841,-5705.711928651849,234.3425528306497,1.9531,-124.395,4
3698,STARLINK-4553,satellite,2,142,53.2312,359.3019,78.3825,309.3371,27.7196,6921.552,539.8852,6144.434666049398,1850.636385023734,2576.600145638112,-2027.4976746188686,-6088.364770144638,2576.600145638112,21.9995,-108.4184,38
3699,STARLINK-4556,satellite,2,142,53.2002,359.1697,99.803,347.9686,87.7716,6912.0214,545.3938,328.57939289359774,4131.667703788128,5528.737952228907,3187.6878551837094,-2649.016528803561,5528.737952228907,53.3123,-39.7271,5
3700,STARLINK-4580,satellite,2,142,53.2043,359.1117,60.3766,47.5434,107.9199,6913.1113,544.4583,-2064.861209273692,3970.628853326557,5265.047826507094,4435.040533926977,-599.9673048235962,5265.047826507094,49.8094,-7.7041,16
3701,STARLINK-4691,satellite,2,181,53.2083,189.7601,68.2427,54.2626,122.5053,6915.5068,543.1881,4252.145610966369,-2810.7546581872084,4667.804829965831,-4747.223471901888,-1856.0585532804253,4667.804829965831,42.659,-158.6456,4
3702,STARLINK-4673,satellite,2,181,53.2195,189.6059,78.7227,143.9245,222.6472,6918.5717,550.5601,4551.720323341249,3618.2882867620788,-3756.219580313626,334.92377834391533,-5804.997337702857,-3756.219580313626,-33.0238,-86.6979,10
3703,STARLINK-4689,satellite,2,181,53.2227,189.7203,90.687,51.8939,142.5809,6919.6798,540.8537,5836.955027767845,-1552.0433510317023,3365.0018030476103,-4631.507376992861,-3876.599279849124,3365.0018030476103,29.275,-140.0705,4
3704,STARLINK-4674,satellite,2,181,53.2341,189.6858,112.7388,49.8925,162.6312,6923.1276,539.9996,6715.350891741561,-107.61136814862799,1654.117490788541,-3956.9943536872343,-5426.759022718472,1654.117490788541,13.9184,-126.0982,4
3705,STARLINK-4672,satellite,2,181,53.2363,189.671,126.9566,50.4743,177.4309,6924.1957,540.3731,6844.487018696464,978.0984476722094,248.43566234537488,-3143.996330534921,-6157.837785783752,248.43566234537488,2.0706,-117.0474,4
3706,STARLINK-4684,satellite,2,181,53.2061,189.5636,72.8502,169.8358,242.686,6914.5345,555.9367,2520.57207403646,4160.863416571111,-4925.947505932869,1948.637733096033,-4457.452067821552,-4925.947505932869,-45.5349,-66.3868,10
3707,STARLINK-4676,satellite,2,181,53.2305,189.2881,72.0764,310.6106,22.687,6922.4163,539.839,-6039.446689484583,-2605.6429660743615,2136.760453801831,1349.9080900655267,6437.549202154087,2136.760453801831,18.1012,78.1571,4
3708,STARLINK-4677,satellite,2,181,53.2201,189.9581,89.0536,308.0449,37.0985,6919.756,540.7844,-4999.653280898573,-3412.9897864480167,3340.233329551908,90.95180541995116,6052.830741123462,3340.233329551908,29.0395,89.1391,4
3709,STARLINK-4675,satellite,2,181,53.2217,189.3653,87.9517,234.6328,322.5844,6919.7215,549.0325,-5834.349472614635,1589.8814656580992,-3368.6700300690372,4660.932988093264,3852.669272588267,-3368.6700300690372,-29.2718,39.5767,4
3710,STARLINK-4648,satellite,2,166,53.2035,184.4552,104.4855,185.6308,290.1163,6913.4226,556.9716,-2676.278684774348,3697.0096404300266,-5205.526375245019,4563.666416685945,57.4170464490734,-5205.526375245019,-48.9322,0.7208,4
3711,STARLINK-4692,satellite,2,166,53.2338,184.6982,120.7167,49.4418,170.1586,6923.8584,539.7452,6850.750056758187,-147.07066036595756,947.1620717197059,-4067.256226248439,-5514.692458275084,947.1620717197059,7.9181,-126.4099,4
3712,STARLINK-4690,satellite,2,166,53.2279,184.3701,64.5842,265.5194,330.1036,6921.1748,546.7893,-6140.368581645337,1601.999964616375,-2763.456964321366,4847.150406489131,4095.8104377473687,-2763.456964321366,-23.6617,40.1976,4
3713,STARLINK-4590,satellite,2,171,53.2325,179.6584,133.6303,64.0159,197.6463,6923.0999,543.5868,6602.193707736615,1216.3738218963672,-1680.5367535560342,-2809.646215618741,-6097.082513147662,-1680.5367535560342,-14.1377,-114.7411,4
3714,STARLINK-4591,satellite,2,166,53.2152,184.608,72.0953,157.9647,230.06,6917.0874,553.1231,4174.845338753958,3525.3569204015594,-4251.219133243396,476.10270408300556,-5443.418157178783,-4251.219133243396,-38.0551,-85.0014,10
3715,STARLINK-4647,satellite,2,171,53.2297,179.7075,106.6118,50.9914,157.6032,6922.3932,540.107,6386.395624373254,-1610.0935583687522,2110.9187223837325,-4995.513754812413,-4292.236324248046,2110.9187223837325,17.8743,-139.3302,6
3716,STARLINK-4660,satellite,2,166,53.2124,184.2561,103.5535,306.6462,50.1997,6916.9842,542.1917,-4176.379431268686,-3499.8075373965794,4252.981631025138,-454.33617613362554,5429.951803819104,4252.981631025138,38.1448,94.7829,4
3717,STARLINK-4610,satellite,2,171,53.2346,179.6668,135.4862,56.971,192.4572,6923.6543,542.5396,6762.2026088568755,854.1383375776089,-1195.805408007166,-3197.9064872456324,-6019.163606497407,-1195.805408007166,-10.0114,-117.9812,4
3718,STARLINK-4658,satellite,2,171,53.222,179.6282,95.206,122.4694,217.6754,6919.6352,548.9116,5494.915758234869,2497.3108431182623,-3388.5285757878482,-1124.7221903969962,-5930.064133859137,-3388.5285757878482,-29.4616,-100.7394,4
3719,STARLINK-4655,satellite,2,171,53.2357,179.6829,127.7066,49.8973,177.6039,6924.2261,540.4107,6911.410282229472,-211.37960409348813,231.721533170399,-4154.768118612296,-5527.221300698646,231.721533170399,1.9313,-126.9319,4
3720,STARLINK-4605,satellite,2,160,53.2123,169.4323,71.8907,160.8487,232.7394,6916.4655,553.4909,4725.461381209669,2474.944188736824,-4412.645495938146,-699.6835509478406,-5288.267857361159,-4412.645495938146,-39.772,-97.537,4
3721,STARLINK-4609,satellite,2,171,53.199,179.5364,80.0376,177.6072,257.6447,6912.5505,558.1728,1514.106264668642,4039.091858631411,-5415.161258292368,2428.9820213372436,-3564.663681638397,-5415.161258292368,-51.6325,-55.7293,6
3722,STARLINK-4615,satellite,2,171,53.2305,179.3532,52.6492,285.0444,337.6935,6922.4245,545.0268,-6385.085333157962,1644.704924531652,-2104.363860765684,5023.048263126127,4271.224080611223,-2104.363860765684,-17.8038,40.3753,2
3723,STARLINK-4608,satellite,2,171,53.1983,179.4805,95.4495,182.1644,277.6139,6912.214,558.7823,-880.0213206084621,4119.042313524755,-5494.806078747821,3873.7019320135028,-1653.8985601443885,-5494.806078747821,-52.699,-23.1203,4
3724,STARLINK-4568,satellite,2,171,53.1986,179.1327,65.5759,32.2803,97.8562,6912.224,545.2386,882.3253603051701,-4114.2985316424665,5480.943964910836,-3871.1520939445777,1649.2822422076565,5480.943964910836,52.6568,156.9238,4
3725,STARLINK-4573,satellite,2,171,53.2197,179.3844,96.8083,220.7858,317.5941,6918.6616,550.5244,-5081.0781744905935,2849.9040176186377,-3739.0304793205255,5256.810186263813,2511.026680566442,-3739.0304793205255,-32.854,25.5325,3
3726,STARLINK-4596,satellite,2,171,53.2319,179.3037,66.4946,311.2059,17.7005,6923.0912,539.4897,-6603.73363380517,-1178.5622268891962,1684.526118502187,2841.4385634470364,6076.556073883931,1684.526118502187,14.1806,64.9389,5
3727,STARLINK-4554,satellite,2,171,53.2012,179.1839,119.3956,318.4554,77.851,6912.4971,545.1992,-1511.7754019928307,-4025.4314691828263,5409.383073318409,-2419.1596917886445,3554.88815081193,5409.383073318409,51.6912,124.2359,6
3728,STARLINK-4595,satellite,2,171,53.222,179.2736,88.7517,308.9444,37.6961,6919.6488,540.7965,-5502.289190140565,-2461.5679771031755,3386.1391055449317,1158.184637826387,5915.497576919502,3386.1391055449317,29.4769,78.9223,4
3729,STARLINK-4600,satellite,2,171,53.2065,179.0767,63.7083,54.2221,117.9304,6914.7031,543.6733,3177.7902082141686,-3708.8115021915355,4889.725157323475,-4862.257676671259,-460.5254084863176,4889.725157323475,45.2107,-174.5894,4
3730,STARLINK-4602,satellite,2,171,53.2115,179.2315,109.8163,307.864,57.6803,6915.5271,543.1673,-3741.7576218812706,-3447.932431311008,4677.56799372406,-662.3429762115692,5044.828038065918,4677.56799372406,42.7694,97.4797,4
3731,STARLINK-4598,satellite,2,160,53.2151,169.63,73.2584,154.1414,227.3998,6917.6005,552.0422,5158.5739378753,2158.1010341581805,-4081.156603262271,-1208.190860836068,-5459.721603704083,-4081.156603262271,-36.2925,-102.478,4
3732,STARLINK-4599,satellite,2,171,53.2196,179.0341,86.3096,51.6965,138.0061,6918.7762,541.1802,5090.555727157934,-2855.5926935141056,3704.5336314780566,-5266.920274514774,-2515.4955902280576,3704.5336314780566,32.5634,-154.4707,9
3733,STARLINK-4606,satellite,2,160,53.1968,169.515,92.2955,180.3582,272.6537,6911.9923,558.8359,438.7595260014023,4132.2151432390065,-5537.504560591726,3124.65519378929,-2739.3871270042055,-5537.504560591726,-53.2845,-41.2411,4
3734,STARLINK-4593,satellite,2,160,53.2008,169.571,76.6467,175.9911,252.6378,6913.0735,557.4047,2748.25313972835,3518.6784796017964,-5290.965963071821,1292.5729383799533,-4273.552241614388,-5290.965963071821,-50.0152,-73.1716,9
3735,STARLINK-4592,satellite,2,160,53.2137,169.4155,105.8719,206.7788,312.6507,6917.5846,552.0142,-4050.456547452757,3858.697853283613,-4077.7640883095055,5487.55187375341,1087.4381815091397,-4077.7640883095055,-36.2578,11.2088,4
3736,STARLINK-4586,satellite,2,160,53.2359,169.355,45.412,307.1679,352.5799,6923.867,541.411,-6644.500240799652,1793.0783880413187,-715.855553263559,5293.782072585616,4397.770449172924,-715.855553263559,-5.9749,39.7179,4
3737,STARLINK-4396,satellite,2,160,53.2323,169.7051,117.2289,50.1118,167.3406,6923.6908,539.903,6478.393007288572,-2098.9943054231485,1214.3993803813705,-5448.1185302050135,-4085.750546952302,1214.3993803813705,10.1726,-143.1324,5
3738,STARLINK-4594,satellite,2,160,53.1978,169.1639,74.6515,18.204,92.8556,6912.0006,545.5755,-439.1484066626319,-4125.3296672648585,5526.037896937221,-3118.8033307716073,2735.7379206820683,5526.037896937221,53.2729,138.7436,6
3739,STARLINK-4422,satellite,2,160,53.2323,169.3303,61.2641,311.4368,12.7009,6923.6259,539.5172,-6799.612799644854,354.7669190017138,1218.2483644082313,4207.553096075643,5353.231802903398,1218.2483644082313,10.2058,51.8332,5
3740,STARLINK-4597,satellite,2,160,53.2244,169.3018,84.3596,308.2905,32.6501,6920.6656,540.5367,-6135.419763144659,-1113.7985493300575,2988.0892449428497,2624.554546615427,5656.468537021671,2988.0892449428497,25.7418,65.1091,5
3741,STARLINK-4588,satellite,2,160,53.227,169.3764,60.2332,272.3897,332.623,6921.6405,546.2328,-5689.635761369881,3005.8073883687252,-2549.4577618698186,5734.856527512858,2918.6047628745855,-2549.4577618698186,-21.735,26.9726,4
3742,STARLINK-4725,satellite,2,181,53.2181,189.1845,94.9982,307.8129,42.8111,6918.5654,541.3141,-4557.419280631621,-3586.4439138771904,3762.743848425461,-305.61249105383683,5791.308267755348,3762.743848425461,33.1385,93.0207,3
3743,STARLINK-4711,satellite,2,181,53.2047,189.1383,118.2249,304.6191,62.844,6914.546,543.8315,-2529.3336566910816,-4137.36328541837,4924.209103716718,-1924.3820441631462,4451.073741301152,4924.209103716718,45.6166,113.3808,4
3744,STARLINK-4724,satellite,2,165,53.2003,174.4207,102.3959,182.8455,285.2414,6912.79,557.7937,-1422.362967806135,4159.226326565358,-5348.611048723466,4219.015415078477,-1233.770227842617,-5348.611048723466,-50.7587,-16.3005,4
3745,STARLINK-4731,satellite,2,181,53.2319,189.2638,46.2768,296.3883,342.6651,6923.1427,543.6298,-6718.741755936596,154.7187414957797,-1651.814730947917,3997.450975441527,5402.389690764411,-1651.814730947917,-13.8912,53.5007,4
3746,STARLINK-4714,satellite,2,181,53.199,189.7943,120.3203,322.0455,82.3658,6912.1741,545.6379,-206.6952908668869,-4199.193900475605,5484.165065948519,-3313.103392531736,2588.3002660921647,5484.165065948519,52.6965,142.0019,6
3747,STARLINK-4717,satellite,2,181,53.1978,189.7386,57.9244,44.5438,102.4681,6912.5542,545.1052,2154.081639410394,-3731.3280603010417,5402.524136343025,-4290.853412332628,389.17065242428754,5402.524136343025,51.6006,174.8176,5
3748,STARLINK-4716,satellite,2,181,53.2365,189.5959,130.5737,52.1428,182.7165,6924.185,541.0607,6781.970228123033,1345.6351898463158,-262.70435872550684,-2807.5730261202716,-6318.495702483446,-262.70435872550684,-2.1894,-113.9576,4
3749,STARLINK-4667,satellite,2,165,53.2165,174.5703,76.4772,148.6778,225.155,6918.0735,551.3237,5137.9114706298005,2463.8843418450597,-3930.999111215949,-946.3557252398562,-5619.009803455079,-3930.999111215949,-34.7665,-99.5601,4
3750,STARLINK-4694,satellite,2,165,53.2099,174.3755,108.4504,196.7364,305.1868,6916.0347,553.9404,-3637.9748806894245,3763.115686745114,-4531.064799720765,5171.777602483441,805.367825782115,-4531.064799720765,-41.0574,8.8512,4
3751,STARLINK-4685,satellite,2,157,53.2335,194.2414,64.3374,310.7978,15.1352,6923.4999,539.5978,-6205.747753586478,-2690.3078840765247,1446.7183600888768,1376.5217276834153,6622.254119669781,1446.7183600888768,12.1459,78.2575,4
3752,STARLINK-4627,satellite,2,157,53.2162,194.3136,103.7633,211.4144,315.1777,6918.1403,551.228,-5480.09924016833,1617.355156349682,-3908.205394386211,4479.287766877225,3547.2956580144896,-3908.205394386211,-34.5372,38.3769,4
3753,STARLINK-4683,satellite,2,157,53.1989,194.0744,56.4061,39.0432,95.4493,6912.0568,545.5083,1638.5868177423956,-3837.3969519125994,5507.995277573779,-4080.54677994287,871.6192417134521,5507.995277573779,53.0246,167.9426,4
3754,STARLINK-4686,satellite,2,143,53.2325,199.2386,46.576,301.14,347.716,6923.6607,542.567,-6674.419921482831,-1395.920945431962,-1179.4200869171325,2704.5072722168143,6259.56204448114,-1179.4200869171325,-9.8728,66.6328,4
3755,STARLINK-4699,satellite,2,143,53.2338,199.2161,57.576,310.0732,7.6492,6924.0426,539.9347,-6292.865056197075,-2777.0601192581075,737.6475678501981,1355.8077086658266,6743.441182260167,737.6475678501981,6.1588,78.6319,4
3756,STARLINK-4695,satellite,2,143,53.2051,199.8155,116.1422,305.9846,62.1267,6914.638,543.4661,-1799.253116625958,-4537.663550856488,4892.067831505001,-2672.20024564494,4084.9783506935323,4892.067831505001,45.24,123.1908,7
3757,STARLINK-4644,satellite,2,160,53.2121,169.1782,106.8303,305.9541,52.7844,6916.4416,542.6879,-4725.125299853709,-2452.885661095265,4408.368563425577,717.5193476743223,5275.2841773157,4408.368563425577,39.8004,82.2544,4
3758,STARLINK-4642,satellite,2,143,53.2243,199.2685,73.9025,253.754,327.6565,6920.7218,547.6395,-6251.970143980913,163.01330767488204,-2966.1586402885846,3735.3007770618933,5016.097300151647,-2966.1586402885846,-25.5113,53.3263,4
3759,STARLINK-4707,satellite,2,143,53.2004,199.355,103.0956,184.6146,287.7102,6913.1015,557.7087,-3296.4125189844976,3029.391418832036,-5281.064171245637,4375.2810567658435,948.927572640222,-5281.064171245637,-49.885,12.237,4
3760,STARLINK-4700,satellite,2,143,53.2027,199.4596,75.2885,172.4588,247.7473,6913.7276,556.9252,1193.40457935808,4492.288301284886,-5130.995253991397,2984.1716783644993,-3563.6481400302546,-5130.995253991397,-48.003,-50.0575,5
3761,STARLINK-4705,satellite,2,143,53.2274,199.1946,77.3598,310.4205,27.7803,6921.5465,540.0564,-5143.68127621521,-3833.7001607598736,2581.7228514383655,-169.932256942495,6412.94292988388,2581.7228514383655,22.0449,91.5179,4
3762,STARLINK-4663,satellite,2,143,53.2116,199.3076,108.1749,199.4827,307.6576,6916.5587,553.3046,-5076.769533026798,1699.1217825855886,-4389.175933552267,4313.7415492137525,3170.526386913203,-4389.175933552267,-39.5207,36.3153,4
3763,STARLINK-4697,satellite,2,143,53.1983,199.4081,88.5861,179.0895,267.6755,6912.0524,559.1924,-1112.230070301278,4001.9853888710954,-5539.274268980212,3911.812729905502,-1396.6617157240985,-5539.274268980212,-53.305,-19.6484,4
3764,STARLINK-4701,satellite,2,143,53.2284,199.5442,123.8926,83.7468,207.6394,6921.5552,545.9108,5135.03560652543,3862.411730271524,-2571.882502161753,198.38070640794047,-6422.4185592149115,-2571.882502161753,-21.9369,-88.2308,5
3765,STARLINK-4640,satellite,2,143,53.2143,199.5106,73.0796,154.6496,227.7291,6917.4848,552.0536,3364.566634993307,4446.544027713224,-4102.576406790434,1695.8712574265953,-5311.88131549799,-4102.576406790434,-36.5131,-72.2938,12
3766,STARLINK-4651,satellite,2,143,53.226,199.6206,93.9574,53.7073,147.6646,6920.6454,540.6003,6246.794046178447,-123.73813040998611,2962.5457617461434,-3700.2172028900713,-5034.494972857182,2962.5457617461434,25.5059,-126.3149,29
3767,STARLINK-4641,satellite,2,143,53.2349,199.5703,133.0341,54.6992,187.7333,6924.002,541.7362,6273.907750203702,2821.857362398004,-745.9178867282882,-1308.2706798457996,-6753.756381454819,-745.9178867282882,-6.2265,-100.963,4
3768,STARLINK-4661,satellite,2,143,53.2329,199.5996,113.4351,48.9054,162.3405,6923.1794,539.9169,6630.2685984156205,1027.6856867661295,1680.8699747772537,-2980.0448417428856,-6011.317018684161,1680.8699747772537,14.1483,-116.3694,7
3769,STARLINK-4574,satellite,2,143,53.1966,199.7604,115.4029,332.065,87.4679,6912.0024,544.7989,1110.7476417212015,-3994.7820266305007,5526.7912288580865,-3905.0709982126696,1393.723165767723,5526.7912288580865,53.2919,160.3585,5
3770,STARLINK-4616,satellite,2,143,53.2332,199.5954,117.9621,49.6733,167.6354,6923.6987,539.8309,6662.901913317988,1430.8433045461936,1186.575358051492,-2669.3275710658227,-6270.26831858167,1186.575358051492,9.9373,-113.06,8
3771,STARLINK-4618,satellite,2,126,53.2041,209.3292,105.452,187.1952,292.6472,6913.8161,556.7725,-4198.6918174799375,2030.6910477985186,-5116.450260131272,4078.8449847847655,2261.800764850474,-5116.450260131272,-47.8249,29.0092,4
3772,STARLINK-4652,satellite,2,143,53.2006,199.7079,57.369,50.1265,107.4954,6913.0935,544.7194,3287.1109934473534,-3016.1048080423457,5277.414054496357,-4359.06225141547,-948.9800759885793,5277.414054496357,49.9658,-167.7182,6
3773,STARLINK-4662,satellite,2,126,53.2162,209.2824,103.8515,208.9308,312.7823,6917.5756,551.7759,-5589.093804213538,353.8136660767409,-4069.1378072166376,3509.335366700422,4364.3692495739215,-4069.1378072166376,-36.1705,51.1977,4
3774,STARLINK-4607,satellite,2,126,53.2013,209.4366,74.9602,177.7191,252.6793,6913.0664,557.5505,-150.6028787300263,4460.841598976978,-5292.302328021979,3732.8166284366125,-2447.0122632942353,-5292.302328021979,-50.0309,-33.2465,4
3775,STARLINK-4637,satellite,2,126,53.2122,209.4885,70.2444,162.4522,232.6966,6916.4739,553.5201,2028.7295064649713,4935.802654736401,-4410.150300139142,2865.40483421618,-4501.926964418131,-4410.150300139142,-39.7449,-57.5239,14
3776,STARLINK-4645,satellite,2,126,53.2269,209.6009,102.7751,49.8952,152.6703,6921.6531,540.0212,6280.40681715147,1381.9791002568004,2543.103088970953,-2488.892548026911,-5929.484792698719,2543.103088970953,21.6987,-112.7702,31
3777,STARLINK-4670,satellite,2,126,53.2245,209.1771,83.6042,309.0881,32.6923,6920.6923,540.3123,-3990.718386580587,-4789.040300727876,2991.425957525201,-1615.0525724882546,6020.992063695747,2991.425957525201,25.7735,105.0154,4
3778,STARLINK-4656,satellite,2,126,53.2146,209.6393,79.5326,53.0836,132.6162,6917.5966,541.9036,5574.462803630565,-332.9937114051215,4074.1117700558475,-3483.888651080864,-4364.406056700734,4074.1117700558475,36.2817,-128.5986,55
3779,STARLINK-4589,satellite,2,126,53.2354,209.5787,122.184,50.6016,172.7857,6923.9403,539.9812,6225.392586914827,2935.552887262958,695.9656729708211,-1187.3902656681773,-6779.608246213672,695.9656729708211,5.8095,-99.9341,10
3780,STARLINK-4612,satellite,2,126,53.1975,209.7371,81.8198,10.6641,92.4839,6911.9937,545.3725,2311.314403410273,-3442.346776260442,5527.5173614831965,-4145.245382796732,94.16111641660399,5527.5173614831965,53.2956,178.6987,5
3781,STARLINK-4718,satellite,2,177,53.2211,229.435,87.856,234.6815,322.5374,6919.7109,549.1122,-5488.126407558473,-2534.631886188742,-3372.292706500751,1090.306345156345,5946.017350928029,-3372.292706500751,-29.306,79.6092,4
3782,STARLINK-4719,satellite,2,177,53.2318,229.4033,48.0398,294.4131,342.453,6923.1575,543.9151,-5242.372326044399,-4197.76590502127,-1671.4543860789126,-410.6389175257005,6703.363474976463,-1671.4543860789126,-14.0591,93.5055,4
3783,STARLINK-4722,satellite,2,167,53.2353,219.7646,127.0394,50.4823,177.5217,6924.2122,540.3715,5427.652185625196,4283.521670407097,239.66044113559576,373.9822758590421,-6904.209107950922,239.66044113559576,1.9975,-86.8995,5
3784,STARLINK-4664,satellite,2,167,53.2227,219.7097,91.7144,125.8593,217.5737,6919.6631,549.184,2605.9915730417847,5449.325994605196,-3380.9077694907905,2952.541998427607,-5269.614940559302,-3380.9077694907905,-29.3877,-60.7383,15
3785,STARLINK-4709,satellite,2,125,53.2017,224.2761,121.9729,308.1421,70.115,6913.4239,544.553,1034.5672666902578,-4427.974281731252,5203.680355492585,-4215.247363120815,1705.5718503432693,5203.680355492585,49.0271,157.9708,6
3786,STARLINK-4706,satellite,2,167,53.2087,219.6696,71.138,166.4032,237.5411,6915.5225,554.6946,626.7070762348127,5064.783940690116,-4678.005476156779,3778.600048152382,-3430.3031646456707,-4678.005476156779,-42.6861,-42.2339,5
3787,STARLINK-4678,satellite,2,167,53.2317,219.7406,132.5415,65.0613,197.6028,6923.1048,543.757,4271.503617036123,5180.5983734286165,-1676.5524280801474,1773.316680609992,-6476.086056206655,-1676.5524280801474,-14.1032,-74.6863,4
3788,STARLINK-4462,satellite,2,167,53.2054,219.5111,107.2548,190.3151,297.5699,6914.6077,555.8131,-4810.6919208937,797.2192495810591,-4914.437494580405,3423.2757410580202,3472.67886369272,-4914.437494580405,-45.4001,45.4105,4
3789,STARLINK-4536,satellite,2,167,53.2301,219.4353,52.6257,284.9165,337.5422,6922.4482,544.9959,-5945.384580751852,-2840.586869386965,-2117.876877679554,1103.6841078366997,6496.030554552851,-2117.876877679554,-17.922,80.3575,4
3790,STARLINK-4687,satellite,2,167,53.1974,219.5639,95.3179,182.2702,277.588,6912.1957,558.8133,-3323.4123157456615,2587.1043188532703,-5495.095517074839,4029.3357530650856,1225.8187329905688,-5495.095517074839,-52.7026,16.921,4
3791,STARLINK-4743,satellite,2,167,53.2326,219.3871,67.3415,310.2399,17.5815,6923.1272,539.6675,-4302.396100640169,-5150.4380276041975,1673.6184442604613,-1730.866614492784,6483.959041035764,1673.6184442604613,14.0865,104.9464,5
3792,STARLINK-4666,satellite,2,167,53.2,219.2634,123.1202,314.6038,77.724,6912.5023,544.9412,1422.2347780427265,-4061.336458804043,5406.514204331301,-4138.931755067706,1177.4759115911295,5406.514204331301,51.6556,164.1196,4
3793,STARLINK-4734,satellite,2,167,53.2353,219.41,50.169,307.3935,357.5625,6924.2157,540.9647,-5452.82053167821,-4252.622538037093,-235.73854420559502,-334.22631891989147,6906.97784631265,-235.73854420559502,-1.9646,92.7704,4
3794,STARLINK-4739,satellite,2,167,53.2031,219.8689,59.0111,53.1754,112.1865,6913.7358,544.3176,4459.920927797012,-1268.9235112113831,5124.095092455302,-3606.724758157596,-2914.206251863415,5124.095092455302,48.0336,-141.0621,20
3795,STARLINK-4728,satellite,2,167,53.2205,219.3529,89.9604,307.6736,37.634,6919.6702,540.9707,-2631.037880320792,-5426.484907759379,3381.4128696299204,-2919.4425579527483,5276.926561232169,3381.4128696299204,29.431,118.9534,6
3796,STARLINK-4730,satellite,2,167,53.2331,219.392,61.9031,310.5046,12.4077,6923.662,539.7008,-4656.32534102715,-4974.8087137384,1190.6252762473696,-1383.4010869195502,6672.052821470234,1190.6252762473696,9.9717,101.7139,3
3797,STARLINK-4742,satellite,2,167,53.1975,219.2108,63.5123,34.3219,97.8342,6912.2085,545.2721,3322.219305940444,-2581.9868279317925,5481.181327813283,-4024.4656462391818,-1227.792066523208,5481.181327813283,52.6597,-163.034,7
3798,STARLINK-4723,satellite,2,167,53.2299,219.0799,107.9039,50.1352,158.0391,6922.5123,539.8782,5955.203467030582,2841.7045053302186,2071.84544187233,-1108.427749279195,-6504.699897303102,2071.84544187233,17.5334,-99.6705,24
3799,STARLINK-4712,satellite,2,167,53.2188,219.1124,85.2098,52.7412,137.951,6918.7484,541.259,5732.139027072291,1087.344536802403,3708.4914820754548,-2413.8270498134425,-5311.607566545955,3708.4914820754548,32.602,-114.4391,81
3800,STARLINK-4710,satellite,2,126,53.1993,209.6065,87.627,179.7112,267.3382,6912.0185,559.2374,-1767.262317442019,3760.9703690877263,-5537.969296205706,4092.2160713918956,-722.4138985708133,-5537.969296205706,-53.2865,-10.0115,4
3801,STARLINK-4715,satellite,2,126,53.2016,209.2934,125.3788,307.3331,72.7119,6913.042,545.0374,142.8109567396508,-4451.887233338051,5283.691021543861,-3721.00851811009,2448.2219090342637,5283.691021543861,50.0436,146.6573,6
3802,STARLINK-4726,satellite,2,126,53.2337,209.408,60.8288,311.7087,12.5374,6923.6388,539.5275,-5440.730607077004,-4098.378432079104,1202.8470158086636,-215.12124564312504,6808.228709509443,1202.8470158086636,10.0754,91.8098,4
3803,STARLINK-4727,satellite,2,157,53.2051,194.5601,106.549,188.5342,295.0832,6914.1628,556.3131,-3784.8506213296964,2897.1409509226946,-5021.142019157104,4548.599620298412,1424.3459585066348,-5021.142019157104,-46.6676,17.3874,4
3804,STARLINK-4729,satellite,2,178,53.2091,204.3366,107.999,307.0079,55.0069,6915.99,542.8467,-2214.060022458551,-4723.213646641689,4534.485779375574,-2584.8683684417256,4530.923134715579,4534.485779375574,41.1753,119.7045,7
3805,STARLINK-4763,satellite,2,157,53.2012,194.6766,75.9123,173.9649,249.8772,6913.4235,557.372,1317.5694580460479,4370.430107168289,-5205.456018588942,2813.0340833407045,-3594.9252905147146,-5205.456018588942,-48.9275,-51.9568,6
3806,STARLINK-4768,satellite,2,157,53.2209,194.3978,86.6359,308.4324,35.0683,6920.2331,540.7139,-4889.966932557296,-3710.9936105605884,3181.8827771971564,-215.81577482055533,6134.873570862233,3181.8827771971564,27.5444,92.0147,4
3807,STARLINK-4738,satellite,2,138,53.2331,249.4155,133.0234,59.7649,192.7883,6923.6309,542.7027,1514.3761066953953,6640.002749210132,-1227.0709673532817,4554.668322327158,-5063.39490615116,-1227.0709673532817,-10.2756,-48.0277,13
3808,STARLINK-4758,satellite,2,138,53.2334,249.7628,61.7422,310.564,12.3062,6923.7002,539.6844,-1509.7536928168577,-6646.306392956505,1181.035580641186,-4562.48377105068,5063.248633133457,1181.035580641186,9.8906,132.022,6
3809,STARLINK-4748,satellite,2,178,53.232,204.5018,110.7992,49.3996,160.1988,6922.8489,539.675,6502.920951752482,1422.586570476048,1876.835819500445,-2583.9033957855995,-6134.751559475563,1876.835819500445,15.8385,-112.8404,11
3810,STARLINK-4757,satellite,2,138,53.2006,248.9555,121.0098,311.8867,72.8966,6913.0312,544.7173,2962.6502742757484,-3317.435906036839,5288.633453594476,-4418.41622062185,-510.1722647051311,5288.633453594476,50.1105,-173.4135,5
3811,STARLINK-4751,satellite,2,138,53.2112,249.6988,106.7444,305.6395,52.384,6916.5629,542.5926,1611.4659026135757,-5094.484597495867,4384.808010741816,-5092.395534318617,1618.0554352248312,4384.808010741816,39.5471,162.3729,5
3812,STARLINK-4756,satellite,2,138,53.2274,249.4605,102.5379,50.1645,152.7024,6921.6737,539.9552,3933.8642551018966,5088.347255739075,2540.345852539087,1892.4460627155415,-6146.967843763966,2540.345852539087,21.6742,-72.8881,35
3813,STARLINK-4764,satellite,2,138,53.1984,249.5956,81.0757,11.456,92.5317,6912.022,545.3725,3982.19825770022,-1155.6551821346354,5527.380987239553,-3238.906288367686,-2589.0013361907645,5527.380987239553,53.2937,-141.3631,20
3814,STARLINK-4760,satellite,2,138,53.2346,249.4339,122.0845,50.6466,172.7311,6924.0368,540.1596,2901.229112200892,6241.069586534506,701.2094574055958,3429.56910482855,-5967.087706800819,701.2094574055958,5.8533,-60.112,9
3815,STARLINK-4759,satellite,2,138,53.2046,249.5403,60.5998,51.9922,112.5919,6913.8013,544.1196,4508.423189751195,1151.5174472421697,5109.1819697493365,-1656.3337037381539,-4348.382544239928,5109.1819697493365,47.8509,-110.8522,88
3816,STARLINK-4761,satellite,2,138,53.224,249.3828,105.7936,106.9463,212.7399,6920.6665,547.7994,-47.53224637331189,6238.546175659828,-2998.516827041765,5126.43077132929,-3555.47820230322,-2998.516827041765,-25.8089,-34.7436,11
3817,STARLINK-4649,satellite,2,138,53.2155,249.4938,79.8315,52.7542,132.5857,6917.6594,541.8777,4493.133949860519,3313.6617660345946,4076.13030397974,119.69323036576112,-5581.601967327419,4076.13030397974,36.3027,-88.7715,106
3818,STARLINK-4747,satellite,2,138,53.2007,249.2958,77.9619,174.8246,252.7864,6913.0567,557.7157,-2981.2177188665873,3317.0581009017783,-5295.45165129147,4428.805027098562,525.5659463746783,-5295.45165129147,-50.0699,6.7676,4
3819,STARLINK-4771,satellite,2,138,53.2347,249.4169,132.4392,55.1506,187.5899,6924.0256,541.7296,1899.2708281854425,6613.466373826434,-732.1601540176414,4311.22246469924,-5362.697830048025,-732.1601540176414,-6.1112,-51.2032,10
3820,STARLINK-4737,satellite,2,138,53.2031,249.1859,106.6087,186.1361,292.7448,6913.8167,556.918,-4526.038941402364,-1143.0935553154313,-5112.860331847438,1673.3682178009155,4357.9272805943065,-5112.860331847438,-47.7794,68.9941,4
3821,STARLINK-4783,satellite,2,138,53.2116,249.3453,71.8821,160.8923,232.7745,6916.455,553.4709,-1611.7190629131485,5083.27866250918,-4414.637851607466,5083.382276178259,-1611.3922342854623,-4414.637851607466,-39.7936,-17.5882,4
3822,STARLINK-4778,satellite,2,123,53.2273,239.7493,80.0646,307.3598,27.4245,6921.5751,540.152,-1445.2558059683442,-6262.940394788349,2551.2965287038514,-4286.301806086686,4789.65589165807,2551.2965287038514,21.7716,131.8256,7
3823,STARLINK-4776,satellite,2,138,53.197,249.2399,91.9395,180.7095,272.649,6912.0613,559.2507,-3987.716186454995,1169.4041755991586,-5537.871705237625,3253.3231066664644,2585.589927512478,-5537.871705237625,-53.285,38.476,4
3824,STARLINK-4773,satellite,2,123,53.2151,239.7225,100.68,306.5969,47.2769,6917.6304,541.9829,261.54969574125533,-5583.443832909246,4067.1983272268326,-4714.291894824706,3003.115916674666,4067.1983272268326,36.2101,147.5019,7
3825,STARLINK-4784,satellite,2,123,53.2344,239.7853,57.1744,310.1488,7.3233,6924.0455,539.9328,-2996.8531908349805,-6194.873269642411,706.4046221155762,-3336.717110886054,6018.629644384849,706.4046221155762,5.897,119.0039,5
3826,STARLINK-4766,satellite,2,123,53.1975,239.5852,58.8091,43.5309,102.34,6912.5532,545.1163,4235.061510359792,-773.7248807557336,5405.157276933434,-3072.424188881279,-3015.726411863094,5405.157276933434,51.6356,-135.5336,26
3827,STARLINK-4750,satellite,2,123,53.2029,239.6747,120.9742,306.398,67.3721,6913.7856,544.2944,1955.496954155206,-4224.195583447536,5107.8688518441495,-4579.282016586867,835.447710806649,5107.8688518441495,47.8331,169.6606,4
3828,STARLINK-4754,satellite,2,123,53.2239,239.4848,96.729,50.9666,147.6956,6920.7482,540.2875,4873.406881081031,3911.4778182113287,2959.8043800675364,389.2216067282619,-6236.846951127073,2959.8043800675364,25.4819,-86.429,70
3829,STARLINK-4769,satellite,2,123,53.195,239.6221,104.5378,342.9227,87.4605,6912.0073,545.5146,3413.0232152628614,-2355.52699800313,5527.217278282016,-3891.6863419147735,-1432.4846674219186,5527.217278282016,53.2899,-159.7919,8
3830,STARLINK-4745,satellite,2,123,53.2343,239.433,132.7264,55.0151,187.7415,6923.9985,541.7334,3006.4955382272387,6187.45271342682,-746.6982329005115,3325.0965325244215,-6022.235428116977,-746.6982329005115,-6.233,-61.0953,5
3831,STARLINK-4753,satellite,2,123,53.2104,239.5391,73.3394,54.2852,127.6246,6916.5341,542.629,4965.301157009125,1975.224518753198,4384.283604820424,-1246.3102793562396,-5196.387030124963,4384.283604820424,39.5412,-103.4872,119
3832,STARLINK-4746,satellite,2,123,53.2144,239.3726,73.3223,154.466,227.7883,6917.5116,552.1888,-272.5438899481224,5566.617057126136,-4106.502919134814,4706.872899597781,-2984.435145830394,-4106.502919134814,-36.5528,-32.3771,5
3833,STARLINK-4777,satellite,2,123,53.233,239.4566,118.1518,49.5946,167.7463,6923.6935,539.7279,4192.0246034129705,5375.132198491679,1176.0730667322555,1978.1096563810743,-6523.204627651475,1176.0730667322555,9.8486,-73.1305,9
3834,STARLINK-4780,satellite,2,123,53.1961,239.2716,88.0307,179.7167,267.7475,6912.061,559.3627,-3423.7171381127523,2351.730542449167,-5539.528622791245,3894.7446142045555,1443.412614680859,-5539.528622791245,-53.3066,20.335,4
3835,STARLINK-4770,satellite,2,123,53.2271,239.4089,117.7489,90.0001,207.749,6921.6174,546.4637,1456.6289107181406,6254.854795870686,-2581.42861136181,4273.140485234535,-4794.293138139969,-2581.42861136181,-22.0207,-48.2895,12
3836,STARLINK-4767,satellite,2,123,53.2254,239.1302,73.0338,254.7163,327.7501,6920.7531,547.6203,-4901.599333065274,-3890.134935476141,-2958.5452025713134,-355.5340697758569,6247.593245670409,-2958.5452025713134,-25.4413,93.257,4
3837,STARLINK-4755,satellite,2,123,53.2044,239.3269,74.8933,172.8531,247.7464,6913.7611,557.2254,-1963.5200945092383,4213.132667940142,-5131.29951698437,4574.862316360052,-822.5161551937563,-5131.29951698437,-48.004,-10.1923,4
3838,STARLINK-4797,satellite,2,151,53.2346,234.462,125.0007,50.2628,175.2636,6924.1244,540.0541,4285.5875923383865,5411.505588918423,457.617974480464,1953.9331016191106,-6620.6343491312955,457.617974480464,3.8163,-73.5572,10
3839,STARLINK-4794,satellite,2,123,53.2007,239.215,102.5962,185.1356,287.7318,6913.1392,557.7001,-4472.790510825986,210.29008889851193,-5280.438599776008,2748.870708291296,3534.6551040125587,-5280.438599776008,-49.877,52.1281,4
3840,STARLINK-4800,satellite,2,177,53.2306,229.7844,71.929,310.3883,22.3173,6922.4864,539.7587,-2930.4379989177964,-5900.560987225475,2103.736826885613,-3134.42741632689,5794.777959615619,2103.736826885613,17.8124,118.4092,5
3841,STARLINK-4703,satellite,2,123,53.1995,239.2852,84.3542,178.15,262.5042,6912.2034,559.0491,-3073.8902214023665,2876.808422799484,-5496.598917805297,4122.3622251025945,854.9605135737714,-5496.598917805297,-52.7206,11.7168,4
3842,STARLINK-4795,satellite,2,177,53.1989,229.6045,57.0107,45.5282,102.5389,6912.5221,545.1168,4049.601783745144,-1476.0878762439406,5401.137638426607,-3539.6448148059744,-2459.4764911101265,5401.137638426607,51.582,-145.207,17
3843,STARLINK-4809,satellite,2,123,53.2338,239.1011,46.3499,301.3951,347.745,6923.703,542.6073,-4227.0976692750855,-5351.179818617316,-1176.701593703074,-1938.3250049946523,6538.071300603917,-1176.701593703074,-9.8498,106.5134,4
3844,STARLINK-4790,satellite,2,151,53.2181,234.163,104.5713,210.628,315.1992,6918.1838,551.3841,-5243.792592249505,-2272.062908396111,-3906.915917415477,1164.1432735231117,5595.033605703461,-3906.915917415477,-34.5233,78.2463,4
3845,STARLINK-4799,satellite,2,177,53.1985,229.653,114.9385,327.574,82.5124,6912.1948,545.3773,2544.9339241713164,-3343.3308228968804,5485.776478822646,-4198.914693664529,-153.8345379245362,5485.776478822646,52.7213,-177.9018,5
3846,STARLINK-4781,satellite,2,177,53.2047,229.7116,116.3188,306.0679,62.3867,6914.6087,543.9494,726.5674467584901,-4815.448640218548,4904.034832896694,-4354.49402502661,2180.556728745978,4904.034832896694,45.3771,153.4001,6
3847,STARLINK-4788,satellite,2,177,53.2097,229.5496,68.4547,54.177,122.6317,6915.5184,543.1795,5070.671302349618,574.4958904852311,4661.329138170704,-2451.8978006231205,-4475.4832320047735,4661.329138170704,42.5861,-118.7162,73
3848,STARLINK-4779,satellite,2,177,53.2361,229.1014,53.5095,309.2522,2.7617,6924.2178,540.3587,-4373.607623755773,-5354.006113493927,267.04902409415865,-1856.223586146559,6659.448859187836,267.04902409415865,2.2259,105.575,4
3849,STARLINK-4762,satellite,2,126,53.2122,209.7622,105.6128,306.8833,52.4961,6916.4273,542.4032,-2022.9668170753018,-4939.42958569379,4391.332018836203,-2871.6894527805557,4499.306508986003,4391.332018836203,39.6186,122.5481,7
3850,STARLINK-4793,satellite,2,167,53.206,219.5767,63.0889,54.5048,117.5938,6914.6188,543.7404,4804.640997107202,-788.0467181202848,4904.840841698791,-3412.292387310681,-3473.0179101935264,4904.840841698791,45.3883,-134.4947,33
3851,STARLINK-4789,satellite,2,126,53.2236,209.4649,105.4971,107.2469,212.7439,6920.6339,547.7166,3966.347974645956,4815.288264383353,-2998.7906143201003,1650.5471910002682,-6016.195749422324,-2998.7906143201003,-25.8118,-74.6583,12
3852,STARLINK-4810,satellite,2,167,53.2184,219.1776,99.9964,217.7376,317.734,6918.7032,550.7382,-5732.4419754978735,-1075.1883396282515,-3729.09674393177,2423.937401252736,5304.851406300712,-3729.09674393177,-32.7548,65.443,4
3853,STARLINK-4732,satellite,2,126,53.2339,209.4757,133.2881,59.3934,192.6814,6923.6708,542.7197,5430.081672430931,4113.658038334758,-1217.0020664814665,233.7453236842745,-6808.328175791925,-1217.0020664814665,-10.1904,-88.0337,4
3854,STARLINK-4740,satellite,2,126,53.2354,209.1462,46.4416,306.3071,352.7487,6924.0331,541.522,-6249.563188960711,-2886.53118403844,-699.6701966053121,1241.3837684595062,6771.120193043718,-699.6701966053121,-5.8393,79.611,4
3855,STARLINK-5028,satellite,2,154,53.2088,269.7424,68.9071,53.5862,122.4932,6915.5324,543.0706,3507.9374184222993,3697.08324939032,4668.3803138101875,1000.7003144627879,-4997.264087990935,4668.3803138101875,42.6664,-78.6763,87
3856,STARLINK-5029,satellite,2,154,53.2358,269.6483,130.0126,52.537,182.5496,6924.2059,540.8378,-141.7793088488045,6913.099044259904,-246.56617842501308,5732.073547734139,-3867.088389412815,-246.56617842501308,-2.0549,-34.0052,7
3857,STARLINK-5031,satellite,2,154,53.2325,269.6716,114.0065,48.5414,162.5479,6923.1519,539.3447,1279.3817224554869,6590.646399710943,1661.6159720087828,4649.7187924503905,-4842.886815620376,1661.6159720087828,13.9842,-46.1658,4
3858,STARLINK-5050,satellite,2,151,53.2327,234.328,64.365,310.7345,15.0995,6923.4271,539.6097,-3018.099341218056,-6053.926707208269,1443.3742045855038,-3209.274193090432,5954.788943638068,1443.3742045855038,12.1174,118.322,5
3859,STARLINK-5046,satellite,2,154,53.2087,269.3894,108.3415,194.2471,302.5886,6915.5643,554.7595,-3533.0219943865054,-3691.3844811447048,-4671.322961407567,-981.5900156437987,5014.483506966911,-4671.322961407567,-42.6104,101.0757,6
3860,STARLINK-5052,satellite,2,154,53.2081,269.5592,72.305,165.1297,237.4347,6915.5352,554.8525,-3465.717055301073,3753.272706095101,-4672.557264047936,5064.486418524733,670.2447540277361,-4672.557264047936,-42.6235,7.5388,4
3861,STARLINK-5043,satellite,2,154,53.2182,269.5906,83.0807,139.5175,222.5982,6918.6162,550.5915,-2769.0332601227788,5115.637343286491,-3752.6874863900784,5776.615218274941,-684.1105493177294,-3752.6874863900784,-32.9887,-6.7539,4
3862,STARLINK-5037,satellite,2,154,53.2215,269.3494,89.3577,233.1981,322.5558,6919.6993,549.212,-2582.0655082033263,-5466.928283051444,-3370.9525740304393,-2980.7141068051897,5260.200619194447,-3370.9525740304393,-29.2927,119.5382,9
3863,STARLINK-5035,satellite,2,154,53.2023,269.531,74.1577,175.6381,249.7957,6910.4735,554.2573,-3870.4343009956965,2421.8097213933706,-5200.48524220547,4209.3988701537855,1768.1586910985998,-5200.48524220547,-48.8945,22.7848,4
3864,STARLINK-5044,satellite,2,154,53.2304,269.2701,72.6223,309.9969,22.6192,6922.4469,539.7694,1510.7439519040113,-6403.675548491398,2130.686842926181,-6104.425550509297,2454.668310963913,2130.686842926181,18.0482,158.0943,5
3865,STARLINK-5042,satellite,2,154,53.2292,269.2686,71.3713,313.1657,24.537,6911.8746,529.116,1636.193944570971,-6302.718036934589,2296.9419010693305,-6094.186236835091,2293.9658646372786,2296.9419010693305,19.5417,159.3727,5
3866,STARLINK-5045,satellite,2,154,53.2058,269.1916,116.811,305.9319,62.7429,6914.5634,543.7657,3634.6681727068694,-3216.7475173245293,4919.778434257873,-4723.301102270373,-1117.454255526057,4919.778434257873,45.5647,-166.6895,4
3867,STARLINK-5021,satellite,2,167,53.2061,219.308,111.9716,305.6527,57.6243,6915.4797,543.1281,-648.8349964681704,-5049.547789895333,4674.329455781015,-3753.397888941033,3439.6110277721364,4674.329455781015,42.7331,137.4979,7
3868,STARLINK-5022,satellite,2,154,53.2299,269.3237,54.589,282.7519,337.3409,6922.3969,545.2504,-1671.4091651146625,-6367.8256970684,-2135.9237861732126,-4241.731395924161,5034.930731430692,-2135.9237861732126,-18.0792,130.1128,7
3869,STARLINK-4787,satellite,2,154,53.1987,269.1393,116.1697,326.6484,82.8181,6912.1779,545.283,4093.399769722025,-925.4722786898519,5489.472908562304,-3114.835994484682,-2812.510860573935,5489.472908562304,52.7729,-137.9198,21
3870,STARLINK-5003,satellite,2,170,53.2193,259.7281,85.4444,52.0866,137.531,6918.6571,541.2671,3659.3298407239263,4519.32410567965,3738.50029606927,1585.5303455882874,-5594.736703242472,3738.50029606927,32.8985,-74.1774,72
3871,STARLINK-5054,satellite,2,170,53.2217,259.2741,89.7588,307.8968,37.6556,6919.6931,540.8928,1465.9786372633714,-5848.722344520499,3383.083988210839,-5625.045804131663,2171.5216162006545,3383.083988210839,29.4473,158.8912,4
3872,STARLINK-5057,satellite,2,170,53.236,259.6726,126.6263,50.975,177.6013,6924.2067,540.4664,1409.730652516128,6769.459961337434,231.9701155315464,4720.770852114239,-5052.450023763002,231.9701155315464,1.9333,-46.9437,7
3873,STARLINK-4796,satellite,2,170,53.2055,259.7746,64.7091,52.7097,117.4188,6914.5815,543.7252,4180.942167245777,2479.6475150744113,4912.580360430028,-382.1154316512723,-4845.91756035557,4912.580360430028,45.4799,-94.5086,109
3874,STARLINK-5048,satellite,2,170,53.2296,259.6959,106.1644,51.3183,157.4827,6922.4556,540.0148,2702.7157909013104,6002.233291602461,2121.6485309602904,3348.730563786668,-5667.22866526217,2121.6485309602904,17.9684,-59.4214,8
3875,STARLINK-5059,satellite,2,170,53.2,259.184,120.8592,316.9355,77.7948,6912.5316,545.0076,3699.689499512468,-2194.120640516566,5408.008390147191,-3924.9239700953967,-1759.7839659782758,5408.008390147191,51.6748,-155.8504,8
3876,STARLINK-5053,satellite,2,170,53.1995,259.5269,80.6747,176.8915,257.5663,6912.5526,558.442,-3711.6585822632214,2202.0686064781567,-5413.78512824183,3938.3161691022024,1764.987629167137,-5413.78512824183,-51.6114,24.1399,4
3877,STARLINK-5040,satellite,2,170,53.1986,259.4779,95.4301,182.1323,277.5625,6912.2629,558.8893,-4208.679691353586,-145.05415559201063,-5495.566441379416,2306.264803177604,3523.5164410132666,-5495.566441379416,-52.7082,56.7938,4
3878,STARLINK-5051,satellite,2,123,53.1996,239.1709,54.9019,53.0278,107.9297,6913.0711,544.8172,4472.288758512423,-191.632378657883,5264.711176625709,-2733.3318364656193,-3544.9946092808304,5264.711176625709,49.8016,-127.6337,44
3879,STARLINK-5036,satellite,2,170,53.2069,259.5639,69.9217,172.6674,242.5891,6912.309,554.1266,-3041.9602784215413,3800.294902609529,-4920.412799337326,4858.772987780173,296.79746547462116,-4920.412799337326,-45.4848,3.4956,4
3880,STARLINK-5012,satellite,2,170,53.2056,259.4212,107.2023,190.3964,297.5987,6914.6284,555.8077,-4201.133905566996,-2478.176762189212,-4913.158663793828,394.95098221437394,4861.57380678388,-4913.158663793828,-45.3851,85.3555,4
3881,STARLINK-5023,satellite,2,170,53.2174,259.3783,98.7499,218.8232,317.5731,6918.6699,550.5822,-3690.373856823487,-4506.727275250721,-3740.446909081463,-1557.348427499341,5612.852733858281,-3740.446909081463,-32.8677,105.5073,8
3882,STARLINK-5025,satellite,2,170,53.2246,259.6207,106.5031,105.8864,212.3895,6920.7304,547.6708,-1130.4279559785211,6149.282965594359,-2969.940836023304,5677.380563780151,-2618.9498446167504,-2969.940836023304,-25.546,-24.7637,5
3883,STARLINK-5002,satellite,2,170,53.2326,259.2977,66.9385,310.6046,17.5432,6923.1379,539.5989,1.4855815388564817,-6711.825891381506,1670.0716963292066,-5486.733914892195,3865.7935731675357,1670.0716963292066,14.0562,144.8326,5
3884,STARLINK-5004,satellite,2,170,53.2298,259.3448,51.9504,285.6333,337.5836,6922.466,544.969,-2735.6378801286987,-5995.688138076473,-2114.158823978913,-3324.412905312899,5690.366393761918,-2114.158823978913,-17.8895,120.2942,8
3885,STARLINK-5001,satellite,2,182,53.21,254.4149,108.9069,196.1619,305.0688,6916.0359,554.1206,-4337.3530471398135,-2919.7406413678295,-4537.7372926630305,112.52335118924026,5227.3181808481095,-4537.7372926630305,-41.1294,88.7668,4
3886,STARLINK-5011,satellite,2,170,53.1983,259.1281,64.9285,32.8235,97.7521,6912.2294,545.1805,4203.666236447946,141.71622265540287,5482.235896505864,-2306.10455223967,-3517.4955734663868,5482.235896505864,52.6751,-123.2492,47
3887,STARLINK-5014,satellite,2,182,53.2339,254.309,63.5379,311.1126,14.6505,6919.5284,535.4948,-801.2694621287881,-6721.784652152673,1400.6044828651038,-5032.3676183178995,4527.659198190696,1400.6044828651038,11.7604,138.022,5
3888,STARLINK-5009,satellite,2,138,53.215,249.4058,106.1712,206.3607,312.5319,6917.5943,552.0727,-4505.659220496237,-3306.2063721963677,-4085.627938076652,-106.38318600523124,5587.544022603312,-4085.627938076652,-36.3383,91.0907,4
3889,STARLINK-5018,satellite,2,170,53.2115,259.9307,106.3701,305.7069,52.077,6916.6081,542.4895,2472.2613446599926,-4753.637555752901,4366.640471789047,-5309.7517991948325,718.110018528975,4366.640471789047,39.3525,172.2978,4
3890,STARLINK-4772,satellite,2,176,53.2206,244.6483,85.8466,134.2316,220.0782,6919.1719,549.9189,-143.556974753114,5929.219287261034,-3569.689762090897,4928.928449465039,-3298.7746666728663,-3569.689762090897,-31.1994,-33.7931,9
3891,STARLINK-4782,satellite,2,138,53.228,249.3716,60.9512,271.6342,332.5854,6921.6276,546.2807,-3950.067156440571,-5078.153383274282,-2552.734890503026,-1874.778875193303,6154.338022369218,-2552.734890503026,-21.7642,106.9422,8
3892,STARLINK-4775,satellite,2,176,53.2073,244.6028,71.4103,168.6775,240.0878,6915.0414,555.4187,-1766.0571880732848,4660.258915739939,-4805.633784119827,4826.550824456931,-1241.5225701585243,-4805.633784119827,-44.135,-14.4253,4
3893,STARLINK-4791,satellite,2,176,53.2192,244.2914,91.9718,308.1889,40.1607,6919.1447,541.0444,113.4504971825461,-5918.6162710331855,3571.133202085765,-4902.916326973652,3317.2731376455768,3571.133202085765,31.2581,145.918,7
3894,STARLINK-4633,satellite,2,160,53.1997,169.7007,121.9638,310.5322,72.496,6912.9693,544.9958,-2750.904226121797,-3512.7483110352578,5277.314741521584,-1286.198524957685,4272.302436903607,5277.314741521584,49.9618,106.7547,4
3895,STARLINK-4635,satellite,2,160,53.2041,169.5918,59.0001,53.5751,112.5751,6913.804,544.2362,1918.8128828191914,-4238.480417222556,5109.855910335808,-4569.822186146392,873.6614409805435,5109.855910335808,47.8582,169.1768,4
3896,STARLINK-4634,satellite,2,160,53.2162,169.5447,78.0343,54.6526,132.6869,6917.5822,542.0284,4056.8064190515474,-3842.6759141863054,4069.6468190118667,-5478.114888767779,-1101.859232654598,4069.6468190118667,36.235,-168.6274,5
3897,STARLINK-4629,satellite,2,160,53.2343,169.4625,133.9492,58.7615,192.7107,6923.6851,542.7357,6803.438550668559,-338.54598545093415,-1219.775865703317,-4196.499195896296,-5365.704426804536,-1219.775865703317,-10.2139,-128.0288,4
3898,STARLINK-4468,satellite,2,160,53.2269,169.5091,102.4386,50.3239,152.7625,6921.6443,539.9498,5700.662077976486,-2982.518027740381,2535.1626315872895,-5722.173877503572,-2941.0351967787287,2535.1626315872895,21.6278,-152.7981,9
3899,STARLINK-4567,satellite,2,163,53.2204,164.551,85.8686,54.2583,140.1268,6919.2341,541.0994,4407.312702861057,-3971.260128768628,3549.967310892531,-5785.156204012409,-1314.2602353889372,3549.967310892531,31.0522,-167.2009,9
3900,STARLINK-5156,satellite,2,160,53.223,169.4333,103.424,109.3235,212.7475,6920.6594,547.7849,6134.109502125638,1136.1250729264161,-2999.0862588269624,-2605.5511671693507,-5668.260992638088,-2999.0862588269624,-25.8142,-114.687,4
3901,STARLINK-5159,satellite,2,180,53.2332,149.1548,70.6108,312.1043,22.7151,6922.4178,539.3121,-6296.257819291587,1898.3474960955466,2139.1808920832427,5179.183945207444,4052.4855835188537,2139.1808920832427,18.1238,38.0416,4
3902,STARLINK-5137,satellite,2,163,53.231,164.1254,69.2939,310.9586,20.2525,6922.7854,539.6403,-6633.080272387923,396.4121323376743,1917.7862362072472,4145.64415654851,5193.123434493112,1917.7862362072472,16.1934,51.3998,5
3903,STARLINK-5134,satellite,2,180,53.2088,149.6306,67.5038,55.1142,122.618,6915.5302,543.3178,1451.7179553081392,-4891.746403064483,4662.075440500448,-4834.649939052631,1631.8173489936726,4662.075440500448,42.5934,161.3492,6
3904,STARLINK-5094,satellite,2,163,53.1988,164.6371,60.3675,39.684,100.0515,6912.3428,545.2635,83.10858556900985,-4249.760359359091,5448.109810947613,-3521.403682095095,2380.5642727517984,5448.109810947613,52.2107,145.9402,6
3905,STARLINK-5148,satellite,2,163,53.232,164.4632,129.2088,71.05,200.2588,6922.7844,544.5648,6639.876355982393,-357.1069773469124,-1919.7510805167408,-4117.433833488391,-5221.323782610015,-1919.7510805167408,-16.1985,-128.2586,4
3906,STARLINK-5123,satellite,2,163,53.233,164.5109,110.0284,50.1522,160.1806,6922.8563,539.8334,5895.5342509064085,-3090.3228517170687,1878.5574459206912,-5922.562914367538,-3038.2014345355033,1878.5574459206912,15.853,-152.8427,9
3907,STARLINK-5133,satellite,2,163,53.2064,164.234,107.1,193.1116,300.2116,6915.1025,555.0123,-2378.9293942748263,4394.87631685088,-4790.832983436641,4962.74700408768,-587.6947139291918,-4790.832983436641,-43.9678,-6.7536,4
3908,STARLINK-5149,satellite,2,180,53.2091,149.2878,109.0086,193.6516,302.6602,6915.5819,554.777,-1429.326450432516,4909.2289700550145,-4667.630563436661,4836.038399605237,-1660.1914889183881,-4667.630563436661,-42.5687,-18.9471,4
3909,STARLINK-5120,satellite,2,140,53.2263,159.5505,95.8167,51.8863,147.7031,6920.7361,540.4679,4703.812642834209,-4114.487865316566,2959.365576471567,-6073.050661117321,-1474.0825757828763,2959.365576471567,25.4771,-166.3567,9
3910,STARLINK-5142,satellite,2,140,53.1977,159.6893,101.8125,345.6432,87.4557,6912.0288,545.5001,-1723.09444554792,-3771.760256893152,5527.379479314179,-2090.071638952565,3581.4564701812205,5527.379479314179,53.2923,120.267,4
3911,STARLINK-5147,satellite,2,140,53.2158,159.7902,99.4836,307.8421,47.3257,6917.6408,541.6731,-5448.246708487896,-1237.2043801137552,4070.2386531049456,2127.7757337466987,5165.911081464775,4070.2386531049456,36.2432,67.6138,5
3912,STARLINK-5119,satellite,2,180,53.232,149.1994,47.3317,295.4011,342.7328,6923.1422,543.647,-5046.921143999452,4440.157660982787,-1645.561810510221,6536.916689499544,1566.8864932327417,-1645.561810510221,-13.8376,13.4794,4
3913,STARLINK-5113,satellite,2,140,53.2002,159.6344,57.6156,50.0196,107.6352,6913.0717,544.6973,589.8011726416905,-4426.887998571752,5273.31446062092,-3958.108217629387,2068.4733773202993,5273.31446062092,49.9133,152.4088,6
3914,STARLINK-5118,satellite,2,180,53.2366,149.469,130.7226,51.9212,182.6438,6924.258,540.9517,6050.455403635594,-3346.6404768963143,-255.67487613150226,-6221.320444763164,-3017.1484876544955,-255.67487613150226,-2.1308,-154.128,4
3915,STARLINK-5108,satellite,2,140,53.2352,159.5205,118.4954,49.1812,167.6766,6923.7066,539.6958,6021.55436702686,-3192.154161451494,1182.6909865921898,-6078.400525682238,-3082.5334118089013,1182.6909865921898,9.9046,-153.1091,9
3916,STARLINK-5121,satellite,2,155,53.2054,154.2663,107.1108,188.11,295.2208,6914.2018,556.2282,-1028.6437606844054,4660.11103045392,-5015.457935306766,4401.570378490557,-1844.1586172961759,-5015.457935306766,-46.5999,-22.7326,4
3917,STARLINK-5125,satellite,2,140,53.2159,159.4339,73.1507,154.6173,227.768,6917.5005,552.1105,5434.6581458752835,1239.16862519953,-4105.216586951308,-2118.341238927991,-5155.936233087497,-4105.216586951308,-36.54,-112.3355,4
3918,STARLINK-5097,satellite,2,140,53.2359,159.5013,133.7308,54.0028,187.7336,6924.0106,541.7408,6617.689239721204,-1879.094324456249,-745.9546055903345,-5348.639661069531,-4326.298663957391,-745.9546055903345,-6.2268,-141.032,4
3919,STARLINK-5131,satellite,2,140,53.2038,159.3897,75.0551,172.6244,247.6795,6913.7528,556.7809,3811.37293437608,2664.995482122911,-5128.486273996042,-17.69545374862801,-4650.639895277497,-5128.486273996042,-47.9733,-90.218,7
3920,STARLINK-5130,satellite,2,180,53.2052,149.7794,115.481,306.9094,62.3904,6914.604,543.7527,-4613.850247078722,-1557.4082587199293,4904.093972468563,1385.3224694394705,4668.406177965189,4904.093972468563,45.3794,73.472,4
3921,STARLINK-5128,satellite,2,140,53.2021,159.2817,102.0431,185.593,287.6361,6913.1445,557.7182,-563.7657879812758,4438.636827270377,-5283.35509063024,3952.710819749574,-2096.522340337359,-5283.35509063024,-49.9143,-27.9415,4
3922,STARLINK-5079,satellite,2,140,53.2284,159.4699,116.3384,91.3662,207.7045,6921.6096,546.5454,6414.544093479554,-345.11996002384154,-2577.696036454232,-3977.811479182739,-5044.055863100876,-2577.696036454232,-21.9869,-128.2598,4
3923,STARLINK-5088,satellite,2,180,53.1985,149.7298,112.6511,329.7316,82.3826,6912.213,545.2394,-2859.2038579047394,-3081.7028942596535,5484.027641163083,-871.4890054936278,4112.4744792946,5484.027641163083,52.6989,101.9647,4
3924,STARLINK-5109,satellite,2,180,53.2222,149.2463,87.6085,235.0729,322.6814,6919.7169,549.0679,-3446.090374291148,4974.176096986912,-3361.2688015871777,6051.077940718893,-49.21856319781893,-3361.2688015871777,-29.2012,-0.466,4
3925,STARLINK-5114,satellite,2,140,53.1979,159.3351,87.5392,180.2198,267.759,6912.0059,559.1376,1715.885219787927,3782.2165976370165,-5539.521609946613,2102.7716617645115,-3581.588448915887,-5539.521609946613,-53.309,-59.5826,6
3926,STARLINK-5129,satellite,2,140,53.2249,159.1948,72.4312,255.3064,327.7375,6920.7322,547.5455,-4685.771572863443,4146.748981607747,-2959.520330108915,6089.024792662132,1440.7496048466955,-2959.520330108915,-25.4505,13.3122,4
3927,STARLINK-5135,satellite,2,140,53.2127,159.2296,105.9808,201.6857,307.6665,6916.5868,553.3206,-2791.608062112105,4568.556870163573,-4388.727434684277,5342.468110903422,-350.459601592123,-4388.727434684277,-39.5158,-3.7532,4
3928,STARLINK-5096,satellite,2,140,53.2286,159.1267,78.08,309.6974,27.7774,6921.5961,540.0675,-6404.179804050805,377.38045407074475,2581.517423226093,3998.208067031507,5016.99782962391,2581.517423226093,22.043,51.4475,5
3929,STARLINK-5132,satellite,2,140,53.232,159.1662,45.3167,302.3388,347.6555,6923.7283,542.318,-6002.904968993461,3231.822797971783,-1185.087088935624,6100.078670338852,3044.435395920487,-1185.087088935624,-9.9211,26.5229,4
3930,STARLINK-5145,satellite,2,180,53.2361,149.1778,53.517,309.2563,2.7733,6924.1546,540.2511,-6036.914910163035,3368.5891075093527,268.1673197710774,6231.458716664802,2993.435563074923,268.1673197710774,2.2352,25.6585,4
3931,STARLINK-5099,satellite,2,140,53.2357,159.1456,56.469,311.2967,7.7657,6924.0134,539.9201,-6604.487209523768,1917.295901745355,748.8364564167821,5372.257204362821,4293.498271314937,748.8364564167821,6.2526,38.6318,4
3932,STARLINK-5127,satellite,2,180,53.218,149.1305,94.7337,308.0147,42.7485,6918.6168,541.3528,-5799.082694559998,193.00815196098984,3758.32706564049,3498.8865327945623,4628.650481047093,3758.32706564049,33.0944,52.9137,5
3933,STARLINK-5124,satellite,2,180,53.2001,149.6748,56.6125,45.9001,102.5126,6912.5573,545.0731,-748.0661286636142,-4243.982299930075,5401.737068839138,-3037.801024683873,3056.591832319642,5401.737068839138,51.5905,134.8233,6
3934,STARLINK-5126,satellite,2,180,53.2061,149.4281,72.056,170.697,242.753,6914.5431,555.8584,4603.990457746413,1561.8726495253507,-4928.85259545482,-1375.9928195607447,-4662.919479132428,-4928.85259545482,-45.5699,-106.4409,4
3935,STARLINK-5098,satellite,2,180,53.2305,149.5054,126.9667,75.7257,202.6924,6922.4392,545.1349,6313.2648291779515,-1863.1132247030146,-2138.8783915351355,-5160.183947839184,-4086.686349092794,-2138.8783915351355,-18.1053,-141.622,4
3936,STARLINK-5055,satellite,2,180,53.2181,149.4709,79.8943,142.8426,222.737,6918.5939,550.6006,5808.3862670871185,-159.7807789316071,-3762.544288520948,-3477.088540793057,-4655.3986085498445,-3762.544288520948,-33.0862,-126.7558,4
3937,STARLINK-5195,satellite,2,137,53.1985,289.7794,82.0557,10.368,92.4237,6912.0048,545.171,3792.5935187561927,1674.3956325410095,5527.6759040712905,-816.5376557154525,-4064.5581050813626,5527.6759040712905,53.3001,-101.3591,70
3938,STARLINK-5189,satellite,2,138,53.2351,249.3397,47.5678,304.9627,352.5305,6924.0545,541.7539,-2924.500791487576,-6229.740007571611,-720.6250720966285,-3406.9009880005606,5979.581180928193,-720.6250720966285,-6.0146,119.6726,4
3939,STARLINK-5176,satellite,2,137,53.2041,289.7246,60.3403,52.1245,112.4648,6913.7879,544.2302,2709.467494252541,3776.7072677715555,5113.913865287628,1525.817791776736,-4390.513860033606,5113.913865287628,47.9084,-70.8363,59
3940,STARLINK-5163,satellite,2,137,53.2287,289.6425,102.2994,50.1851,152.4845,6921.6873,540.0038,-260.44937050694153,6418.974766826233,2559.0877194117315,5396.575058314911,-3485.4050800047276,2559.0877194117315,21.842,-32.8566,4
3941,STARLINK-5158,satellite,2,137,53.2156,289.6771,79.704,52.7274,132.4314,6917.6274,541.8422,1306.285550070652,5420.267236705139,4086.167679327298,3677.6145218185266,-4190.564435076979,4086.167679327298,36.4064,-48.73,7
3942,STARLINK-5226,satellite,2,137,53.2016,289.135,122.7572,310.0804,72.8377,6912.9765,544.5837,4404.774714623259,-629.998942879363,5286.931076507264,-3052.730490471212,-3237.2481380272534,5286.931076507264,50.0899,-133.3197,34
3943,STARLINK-5167,satellite,2,137,53.2256,289.5629,106.0398,106.6096,212.6494,6920.677,547.741,-4058.0617710761458,4743.120267989573,-2991.191750664342,6214.811937582526,584.0957070248633,-2991.191750664342,-25.7416,5.3691,4
3944,STARLINK-5173,satellite,2,137,53.2347,289.5924,131.7299,60.9161,192.646,6923.6584,542.865,-3118.5871573127815,6057.432309832426,-1213.6940059211643,6747.78164027293,-941.0180557000857,-1213.6940059211643,-10.1622,-7.939,4
3945,STARLINK-5169,satellite,2,170,53.2084,259.2127,111.914,305.8281,57.7421,6915.4781,543.1384,2748.14607246746,-4278.816400815159,4680.542752808639,-5080.609602054926,219.0495355174394,4680.542752808639,42.8032,177.5312,4
3946,STARLINK-5209,satellite,2,182,53.205,254.1617,117.9165,307.366,65.2824,6914.117,543.9458,2828.5698409254296,-3806.181933207433,5026.981873210345,-4740.640162419907,-118.99203384655344,5026.981873210345,46.8471,-178.5622,4
3947,STARLINK-5170,satellite,2,137,53.2121,289.5241,70.9369,161.7075,232.6444,6916.5143,553.5504,-4509.8542129989355,2857.708801728371,-4407.109932380118,4934.079611952908,2039.6428611133604,-4407.109932380118,-39.7119,22.4592,4
3948,STARLINK-5172,satellite,2,176,53.2313,244.6993,109.9463,50.117,160.0632,6922.8286,539.7631,4054.9303240079994,5274.824365383704,1889.164990113313,1975.11019147623,-6353.359091829451,1889.164990113313,15.9451,-72.7308,16
3949,STARLINK-5187,satellite,2,137,53.2034,289.3708,105.5989,187.0368,292.6357,6913.8189,556.9747,-2727.0491168793346,-3783.294315123322,-5116.976206917076,-1521.072058751732,4408.679229973709,-5116.976206917076,-47.8295,109.0353,5
3950,STARLINK-5151,satellite,2,137,53.1979,289.4289,92.1316,180.5118,272.6434,6912.0297,559.1948,-3801.055470904459,-1679.3110106448162,-5537.916630516135,817.3954357749317,4074.3064274720355,-5537.916630516135,-53.2862,78.6558,4
3951,STARLINK-5174,satellite,2,137,53.2291,289.2881,61.4034,271.2557,332.6591,6921.6464,546.3127,234.74705579006354,-6431.815963341188,-2546.450029437348,-5392.262399634286,3513.8111759146827,-2546.450029437348,-21.7078,146.9101,16
3952,STARLINK-5222,satellite,2,137,53.2157,289.3212,105.9618,206.5605,312.5223,6917.6029,552.0994,-1335.0461602040452,-5426.26935016273,-4086.307549539516,-3665.9499400803056,4217.529886938115,-4086.307549539516,-36.3451,130.9977,16
3953,STARLINK-5181,satellite,2,137,53.2338,289.2397,62.4394,310.2287,12.6682,6923.6618,539.6965,3081.1295273916585,-6072.654727343245,1215.2177328065452,-6738.642454756312,980.404237569802,1215.2177328065452,10.1798,171.7221,4
3954,STARLINK-5168,satellite,2,137,53.2249,289.2129,82.2725,310.42,32.6925,6920.6452,539.8974,4026.028595882128,-4758.884902106031,2991.2771075136047,-6209.241221109682,-548.8307794080991,2991.2771075136047,25.7738,-174.9488,6
3955,STARLINK-5146,satellite,2,173,53.2204,284.2174,93.0277,307.1753,40.203,6919.1226,541.0905,3886.966349513057,-4462.289759217589,3574.3308964398893,-5886.700142664945,-606.0517534118189,3574.3308964398893,31.289,-174.122,5
3956,STARLINK-5192,satellite,2,137,53.2116,289.1735,106.5907,306.1301,52.7208,6916.4858,542.5648,4485.930524559041,-2872.6280351913883,4404.555556063962,-4932.490179286811,-2011.4932589937373,4404.555556063962,39.7601,-157.8141,4
3957,STARLINK-5212,satellite,2,173,53.2076,284.1717,113.9839,306.3023,60.2862,6914.9849,543.3851,4324.237012143519,-2441.2321208527687,4806.807747323583,-4486.731383003167,-2127.881928550007,4806.807747323583,44.2455,-154.6268,3
3958,STARLINK-5201,satellite,2,137,53.2017,289.7227,58.4536,48.8217,107.2752,6913.0604,544.6233,3028.130786368178,3265.540744103901,5283.749157972625,924.4209901237488,-4356.463961032164,5283.749157972625,50.0484,-78.0198,68
3959,STARLINK-5171,satellite,2,127,53.2328,265.1571,47.1161,297.2312,344.3473,6923.3543,543.3182,-1676.2217003061853,-6545.661223656526,-1495.7457532506494,-4384.311657564688,5141.3238891165365,-1495.7457532506494,-12.5571,130.4562,4
3960,STARLINK-5175,satellite,2,146,53.2016,279.7467,59.5059,47.9867,107.4925,6913.0879,544.565,3539.191325851541,2715.4384269186357,5277.448311329571,180.35084056778194,-4457.236213807345,5277.448311329571,49.9678,-87.6829,82
3961,STARLINK-5160,satellite,2,173,53.2212,284.675,88.2264,51.7188,139.9452,6919.2069,541.049,1236.2234065331654,5793.977155756536,3563.406902508744,4023.4306852031204,-4348.611860542972,3563.406902508744,31.183,-47.2243,4
3962,STARLINK-5210,satellite,2,146,53.2121,279.696,74.7199,52.8125,127.5324,6916.5138,542.4588,2526.3803479093053,4703.514240046835,4389.689330504036,2388.8242965286026,-4774.846840364655,4389.689330504036,39.6005,-63.4215,39
3963,STARLINK-5178,satellite,2,146,53.2358,279.6088,130.996,56.5755,187.5715,6924.0377,541.9029,-1683.0480211223114,6672.140580689161,-730.4306637940516,6423.126844171918,-2468.512125463621,-730.4306637940516,-6.0966,-21.0226,6
3964,STARLINK-5183,satellite,2,146,53.2252,279.6576,96.9229,50.6808,147.6037,6920.7029,540.225,1206.9562524409985,6127.583937949041,2967.3260604384604,4312.964777964083,-4516.8975122265865,2967.3260604384604,25.5515,-46.3231,4
3965,STARLINK-5166,satellite,2,146,53.2302,279.587,127.235,75.2122,202.4471,6922.4548,544.9746,-2625.165952345318,6043.90771966136,-2116.919135613634,6452.443540777417,-1336.5212883508661,-2116.919135613634,-17.9137,-11.7024,4
3966,STARLINK-5211,satellite,2,127,53.2353,264.6448,132.7812,57.3195,190.1007,6923.8765,542.2874,-87.39337119855142,6850.804582006753,-972.2367038610663,5649.823102873964,-3875.6496137300364,-972.2367038610663,-8.1261,-34.4492,10
3967,STARLINK-5184,satellite,2,146,53.216,279.1974,100.651,307.0844,47.7354,6917.5197,541.8434,3766.877097884172,-4099.627990046073,4097.0230110823295,-5521.091091728124,-716.8443932778148,4097.0230110823295,36.5185,-172.6022,4
3968,STARLINK-5153,satellite,2,146,53.2341,279.6298,118.7217,48.8762,167.5978,6923.6914,539.687,-253.43488703410875,6809.324473294575,1190.1108135701004,5711.584094407195,-3716.037695864935,1190.1108135701004,9.9674,-33.0486,5
3969,STARLINK-5143,satellite,2,146,53.201,279.3964,102.9235,184.6808,287.6043,6913.1316,557.8455,-3558.1139870735683,-2711.241716357655,-5284.304011869974,-166.01841860863166,4470.284630111293,-5284.304011869974,-49.9252,92.1269,4
3970,STARLINK-5177,satellite,2,146,53.1983,279.4445,88.3822,179.2453,267.6274,6912.0353,559.1009,-4134.826252533426,-397.25903623258876,-5539.011226868449,2057.575838730764,3608.4601353457474,-5539.011226868449,-53.3024,60.3078,4
3971,STARLINK-5221,satellite,2,146,53.2024,279.1455,119.324,308.4732,67.7972,6913.7166,544.1966,4198.769292362952,-1969.0715906374796,5123.365490522931,-4028.5252604852626,-2297.3660407470647,5123.365490522931,48.0257,-150.305,6
3972,STARLINK-5213,satellite,2,146,53.234,279.2733,46.5474,301.0881,347.6355,6923.686,542.6034,213.93378621892475,-6814.179860260628,-1187.049232959433,-5692.794124777279,3751.1211505053816,-1187.049232959433,-9.9372,146.6181,6
3973,STARLINK-5193,satellite,2,146,53.2274,279.2239,77.1889,310.4887,27.6777,6921.61,539.9844,2879.6264012989536,-5736.4735772318945,2572.919484833846,-6347.770733825541,951.4115955387509,2572.919484833846,21.9661,171.4759,4
3974,STARLINK-5188,satellite,2,146,53.2254,279.3008,73.7711,253.8397,327.6108,6920.7321,547.7143,-1245.9177717591417,-6126.965284257359,-2969.963617047248,-4290.011507050195,4548.386082761338,-2969.963617047248,-25.546,133.3255,16
3975,STARLINK-5197,satellite,2,182,53.2002,254.4503,101.1672,183.8901,285.0573,6912.8409,558.1553,-4340.495770167191,-659.170654745,-5353.523206371635,1961.99982617587,3927.463069845735,-5353.523206371635,-50.8192,63.4552,3
3976,STARLINK-5217,satellite,2,146,53.2184,279.8933,93.3873,308.6413,42.0286,6918.7101,541.0283,3612.3160309295577,-4582.545889270164,3706.881447814703,-5826.751557253467,-312.2822835542415,3706.881447814703,32.5874,-176.9322,4
3977,STARLINK-5198,satellite,2,146,53.1983,279.0907,97.89,349.9539,87.8439,6911.9917,545.3336,4125.4607904549885,396.83754412420325,5528.818786297721,-2052.5244471678634,-3600.562478806094,5528.818786297721,53.3141,-119.6856,49
3978,STARLINK-5185,satellite,2,146,53.2361,279.2511,58.5298,309.1049,7.6347,6924.0466,539.9959,1645.20999278039,-6678.949148240426,736.2867862039524,-6406.891473680124,2503.3615978541525,736.2867862039524,6.1473,158.6579,5
3979,STARLINK-5204,satellite,2,127,53.2355,264.2998,55.2641,309.6598,4.9239,6924.1792,540.056,-330.9420090743443,-6893.778548792643,475.6922903184831,-5443.92440042725,4242.333369219889,475.6922903184831,3.9672,142.0715,5
3980,STARLINK-5179,satellite,2,146,53.2293,279.571,117.2609,90.3322,207.5931,6921.6327,546.4739,-2912.426119797251,5729.891182931323,-2568.1580680624065,6361.288151717059,-920.8104703659429,-2568.1580680624065,-21.9017,-8.2365,4
3981,STARLINK-5200,satellite,2,170,53.2361,259.3167,50.0169,307.5741,357.591,6924.2421,540.8667,-1452.552624072463,-6760.775670774436,-232.97646983586782,-4689.000979017699,5082.446912168034,-232.97646983586782,-1.9416,132.6942,4
3982,STARLINK-5203,satellite,2,176,53.2059,244.0706,66.3398,54.1115,120.4514,6915.16,543.4709,4740.902801178868,1589.7557341727609,4771.1495417594515,-1432.0845457547462,-4790.888906911872,4771.1495417594515,43.8334,-106.6424,105
3983,STARLINK-5290,satellite,2,129,53.2363,319.4888,53.1614,309.1389,2.3003,6924.2288,540.3281,5363.674261047305,-4364.213861986705,222.4583569526892,-6657.341201868963,-1869.5380000620903,222.4583569526892,1.8541,-164.314,4
3984,STARLINK-5297,satellite,2,129,53.1976,319.67,88.3545,179.1236,267.478,6911.9954,559.1806,-2913.955789840376,-2961.6330317132015,-5538.410394184207,-741.8052533204734,4088.0476423135196,-5538.410394184207,-53.2932,100.2848,4
3985,STARLINK-5294,satellite,2,129,53.2019,319.6243,101.395,186.0583,287.4533,6913.0841,557.8459,-980.8835450145198,-4359.074875901744,-5288.754550591887,-2997.7339936969865,3313.194411082992,-5288.754550591887,-49.9824,132.1384,7
3986,STARLINK-5233,satellite,2,134,53.223,274.5225,86.0223,308.9104,34.9327,6920.2594,540.5549,2809.93458354216,-5463.860241862806,3171.1745488501265,-6084.7987302755,851.3081219117975,3171.1745488501265,27.4447,172.0356,4
3987,STARLINK-5269,satellite,2,129,53.2003,319.6295,99.0811,183.2255,282.3066,6912.5578,558.5961,-1500.3380594294515,-4043.034006438851,-5416.585811334091,-2440.136646065746,3555.6815687460726,-5416.585811334091,-51.6471,124.4604,4
3988,STARLINK-5273,satellite,2,129,53.226,319.5264,73.957,253.5551,327.5122,6920.6887,547.6972,2996.7532042977605,-5482.970947091546,-2978.030241482422,-6208.054022578425,709.6234401897235,-2978.030241482422,-25.6204,173.479,7
3989,STARLINK-5161,satellite,2,164,53.1995,309.7086,84.1048,178.3674,262.4722,6912.223,558.9958,-3742.6607518543265,-1929.1190861308437,-5496.153833767187,579.5720050691835,4170.504315174027,-5496.153833767187,-52.7151,82.0883,4
3990,STARLINK-5278,satellite,2,164,53.207,309.7627,73.1994,169.2536,242.4531,6914.6134,555.8598,-4873.950452336902,109.76715880150584,-4915.602458019984,2897.8364458984784,3920.457342429442,-4915.602458019984,-45.4135,53.5298,4
3991,STARLINK-5279,satellite,2,129,53.2342,319.4992,47.3287,300.1716,347.5004,6923.6568,542.7123,4555.150440824355,-5069.536573099395,-1199.8424141514229,-6768.003550881354,-802.3244604223763,-1199.8424141514229,-10.0453,-173.2393,5
3992,STARLINK-5280,satellite,2,164,53.2009,309.6541,99.0428,183.4393,282.4821,6912.5728,558.5849,-2162.6499876655434,-3736.1885025487604,-5412.990389646118,-1807.7480137950745,3920.2304287308525,-5412.990389646118,-51.5993,114.756,4
3993,STARLINK-5243,satellite,2,129,53.1998,319.3169,99.1558,348.5613,87.717,6912.0137,545.2849,2904.75875920137,2956.872388632102,5528.415600437851,743.2130195950649,-4077.787657457948,5528.415600437851,53.309,-79.6707,57
3994,STARLINK-5245,satellite,2,164,53.2103,309.6038,108.5386,193.9441,302.4826,6915.5199,554.731,-324.56086104432165,-5094.154053605993,-4676.896134404795,-3976.686627048316,3200.2669802138835,-4676.896134404795,-42.6733,141.1744,13
3995,STARLINK-5282,satellite,2,164,53.2191,309.1074,79.7724,143.1759,222.9483,6918.5496,550.8325,-5387.625194581716,2150.513640428655,-3777.6864476387004,4861.783466772395,3164.534037924063,-3777.6864476387004,-33.235,33.0601,4
3996,STARLINK-5155,satellite,2,164,53.2232,309.5629,88.8252,233.6377,322.463,6919.6879,549.2369,1549.4995990810435,-5839.938121011548,-3378.151151234011,-5665.986531329738,2098.1951509776727,-3378.151151234011,-29.3612,159.6797,16
3997,STARLINK-5117,satellite,2,164,53.2369,309.5076,53.8514,308.6397,2.4911,6924.229,540.3783,4536.108350247966,-5218.350536436212,240.8979989522415,-6878.664844335628,-701.0215728595927,240.8979989522415,2.0078,-174.1809,4
3998,STARLINK-5242,satellite,2,164,53.2317,309.1323,124.4279,78.4491,202.8769,6922.4189,545.3499,-5273.928380201043,3930.093095543151,-2155.4324638342555,6250.8077745005585,2046.3026328892129,-2155.4324638342555,-18.2497,18.1267,4
3999,STARLINK-5248,satellite,2,182,53.2326,254.263,116.9605,48.4104,165.3709,6923.4649,539.338,2821.5359938587508,6157.923025982692,1399.3629190750323,3407.5247343479077,-5854.046168538093,1399.3629190750323,11.7431,-59.7972,10
4000,STARLINK-5256,satellite,2,164,53.2332,309.5323,48.0682,294.4067,342.4749,6923.1281,543.7704,3238.5657953268606,-5883.894887998779,-1669.4237784654774,-6675.067180352716,742.9707944847539,-1669.4237784654774,-14.042,173.6488,5
4001,STARLINK-5154,satellite,2,164,53.2065,309.4077,117.1472,305.4982,62.6454,6914.5544,543.6842,4856.492435502494,-119.71057998912488,4915.463425199622,-2895.905243860089,-3900.459231633875,4915.463425199622,45.5143,-126.5921,58
4002,STARLINK-5186,satellite,2,164,53.2308,309.4813,72.2441,310.3016,22.5457,6922.4485,539.6211,5286.233608196542,-3920.623335667976,2124.1005870165263,-6250.157350202121,-2061.8162377683725,2124.1005870165263,17.9909,-161.7432,9
4003,STARLINK-5164,satellite,2,164,53.2223,309.1895,90.3887,52.5069,142.8956,6919.7974,540.9959,-1548.8538603323611,5851.89187741821,3340.8840919333156,5675.384834194142,-2105.610080109517,3340.8840919333156,29.0447,-20.3552,6
4004,STARLINK-5122,satellite,2,164,53.2205,309.4507,94.3498,308.1959,42.5457,6918.6794,541.2201,5397.371952395999,-2154.385268259341,3743.99034071274,-4870.5635018094645,-3170.26987044406,3743.99034071274,32.9531,-146.9397,9
4005,STARLINK-5227,satellite,2,164,53.1995,309.3024,58.4699,44.293,102.7628,6912.5658,544.9269,2156.9885290871566,3738.3578370878836,5396.310678284273,1812.7829490994527,-3916.8529219494912,5396.310678284273,51.5197,-65.1645,35
4006,STARLINK-5231,satellite,2,146,53.2149,279.1918,75.2912,152.5741,227.8652,6917.5069,552.1883,-3776.550977787886,4093.616566317963,-4111.517397228574,5521.751274515616,728.214763822237,-4111.517397228574,-36.6045,7.5129,4
4007,STARLINK-5239,satellite,2,164,53.2376,309.1594,130.4357,52.4954,182.9311,6924.2152,541.068,-4527.790761132594,5224.334307864048,-283.44549789776363,6878.7634848552925,690.7756917729982,-283.44549789776363,-2.3624,5.7345,5
4008,STARLINK-5162,satellite,2,164,53.2307,309.8794,107.502,49.7436,157.2456,6922.4539,539.7103,-2860.3766563021036,5920.73059652094,2142.729791036564,6487.2815956015265,-1073.3046687063818,2142.729791036564,18.1539,-9.3943,3
4009,STARLINK-5235,satellite,2,164,53.2095,309.2515,68.9321,53.894,122.8261,6915.5955,543.146,322.89204024834856,5102.177475774883,4651.170898277034,3984.206020283205,-3203.525659628679,4651.170898277034,42.472,-38.8012,5
4010,STARLINK-5240,satellite,2,164,53.198,309.3647,113.8765,328.7918,82.6683,6912.1506,545.1488,3733.3154820025857,1922.187951763685,5487.490739029414,-579.8528714237477,-4158.872642624116,5487.490739029414,52.7473,-97.9373,70
4011,STARLINK-5238,satellite,2,162,53.199,299.689,95.4349,182.0215,277.4564,6912.2065,559.0141,-3127.586251741125,-2817.407866781875,-5497.029057563242,-500.84067092545797,4179.562354150424,-5497.029057563242,-52.7268,96.8332,4
4012,STARLINK-5281,satellite,2,162,53.2068,299.6362,107.7198,189.737,297.4568,6914.5862,556.0275,-1619.6436793406745,-4594.103999764574,-4919.718551456632,-2821.8132614175097,3970.693532164039,-4919.718551456632,-45.4606,125.3999,9
4013,STARLINK-4619,satellite,2,162,53.209,299.7951,71.3592,166.1246,237.4839,6915.5007,554.7586,-4883.277966491719,1492.1878333890445,-4675.100237426654,4033.125241833989,3131.6016687662104,-4675.100237426654,-42.6529,37.8283,4
4014,STARLINK-5268,satellite,2,162,53.219,299.2358,85.1889,52.6665,137.8555,6918.7323,541.3682,-79.77226177359789,5829.520698586983,3715.395644599495,4810.690835733867,-3293.467606032997,3715.395644599495,32.6696,-34.3961,4
4015,STARLINK-5263,satellite,2,162,53.2321,299.5599,53.8832,283.5588,337.4421,6922.3611,545.03,1770.79157438779,-6343.722225202074,-2126.8885690301327,-6205.24901938198,2207.5776493488306,-2126.8885690301327,-18.0007,160.4165,8
4016,STARLINK-5271,satellite,2,162,53.2323,299.5115,67.6661,309.8099,17.476,6923.1374,539.6452,4331.784799061539,-5128.903119800468,1663.8838263374428,-6687.8347478556925,-585.5537063784833,1663.8838263374428,14.003,-174.9962,4
4017,STARLINK-5258,satellite,2,162,53.2191,299.5908,98.6197,218.8256,317.4453,6918.6626,550.6157,80.50932421627425,-5818.425896549205,-3749.6493042302945,-4802.047211014324,3286.4729191200922,-3749.6493042302945,-32.9585,145.6127,16
4018,STARLINK-5237,satellite,2,162,53.21,299.4399,111.3246,306.2524,57.577,6915.5256,543.1091,4864.129820582971,-1509.8734371639935,4672.115553759885,-4036.548309614514,-3105.7614930780087,4672.115553759885,42.7083,-142.4249,22
4019,STARLINK-5246,satellite,2,162,53.2009,299.3891,122.3668,315.276,77.6428,6912.552,545.0889,4248.698006568527,695.7378853386315,5405.0221357889895,-1879.2226440482102,-3873.5007693572616,5405.0221357889895,51.6341,-115.8803,68
4020,STARLINK-5244,satellite,2,162,53.2224,299.4802,89.218,308.3186,37.5366,6919.6984,540.8038,4893.48735728919,-3531.454292946991,3373.9688740753954,-5705.79181291335,-1965.0261389645314,3373.9688740753954,29.3607,-160.9967,9
4021,STARLINK-5250,satellite,2,162,53.2066,299.2783,64.0454,53.6878,117.7332,6914.6271,543.6529,1622.8686402749152,4596.995222214211,4898.58721760078,2822.3183318076285,-3974.9952113921645,4898.58721760078,45.3153,-54.6246,22
4022,STARLINK-5199,satellite,2,162,53.2365,299.5281,49.8559,307.6043,357.4602,6924.2203,540.9677,3247.0515578853347,-6104.912702026189,-245.62591599949639,-6860.604066092301,863.3740598628566,-245.62591599949639,-2.047,172.8273,4
4023,STARLINK-5205,satellite,2,162,53.2307,299.203,108.5016,49.3928,157.8943,6922.5174,539.6807,-1766.3828321000783,6353.172478121609,2084.778230468752,6210.433047439708,-2216.6258614318517,2084.778230468752,17.6469,-19.6425,4
4024,STARLINK-5247,satellite,2,162,53.1992,299.3316,66.0359,31.6975,97.7334,6912.2051,545.1261,3120.2506534654012,2819.8007903900307,5482.498586486822,507.02290858201434,-4174.945317978253,5482.498586486822,52.6793,-83.0757,61
4025,STARLINK-5241,satellite,2,162,53.222,299.1258,90.4425,127.5236,217.9661,6919.5874,549.3128,-4883.487716993475,3526.2727938736707,-3410.91666481222,5695.795463196209,1959.8382944195284,-3410.91666481222,-29.6735,18.9876,4
4026,STARLINK-5249,satellite,2,162,53.236,299.1774,126.7768,51.1655,177.9423,6924.2257,540.3707,-3240.8803050731044,6109.222035856051,199.00700497992761,6860.570721492557,-870.9009189333665,199.00700497992761,1.6585,-7.2346,5
4027,STARLINK-5264,satellite,2,127,53.2014,264.3548,56.593,53.523,110.1159,6913.4459,544.6734,4101.96076282226,1982.842737201846,5196.150831831883,-742.6713716720532,-4495.129214372623,5196.150831831883,48.9309,-99.3815,80
4028,STARLINK-5262,satellite,2,162,53.2334,299.1556,131.3071,66.6458,197.9529,6923.0764,543.8808,-4322.551109416592,5127.527103308292,-1708.865935412024,6681.390091925082,578.7993851111765,-1708.865935412024,-14.3804,4.9511,4
4029,STARLINK-5255,satellite,2,134,53.2359,274.5771,48.6455,306.2652,354.9107,6924.1424,541.3548,183.78611233265778,-6899.441915328648,-491.72094568063545,-5745.113113308704,3824.8858013499653,-491.72094568063545,-4.1003,146.3458,5
4030,STARLINK-5259,satellite,2,137,53.2368,289.1888,122.4636,50.4333,172.8969,6924.0646,539.8415,-1772.760757435502,6651.55682438086,685.289469261106,6457.990662084659,-2383.3265616566778,685.289469261106,5.7202,-20.2566,4
4031,STARLINK-5464,satellite,2,118,53.2158,344.7034,107.0161,202.9075,309.9236,6917.0117,552.8297,3446.7572319834326,-4238.61571751577,-4252.084548027628,-5450.255478341474,-375.1184317126518,-4252.084548027628,-38.0661,-176.0628,9
4032,STARLINK-5215,satellite,2,118,53.2043,344.7451,103.8815,186.0753,289.9568,6913.3799,557.4098,1254.1940059194571,-4382.260352349422,-5211.177250494742,-4304.420903259961,1499.7230037032416,-5211.177250494742,-48.9992,160.7909,11
4033,STARLINK-5220,satellite,2,161,53.2102,349.7029,108.911,193.5318,302.4428,6915.4865,554.7538,3028.6737087048186,-4106.5365404211925,-4678.9734371187005,-5101.423053639256,-109.49712056572821,-4678.9734371187005,-42.6965,-178.7704,9
4034,STARLINK-5202,satellite,2,161,53.2009,349.7519,98.9681,183.4659,282.4339,6912.5551,558.5686,746.4172370007419,-4250.650447087157,-5413.978600899285,-3904.2954148545564,1838.9250198308125,-5413.978600899285,-51.6127,154.7795,9
4035,STARLINK-5214,satellite,2,161,53.2368,349.6095,52.8059,309.5847,2.3906,6924.1493,540.1911,6830.0819407237395,-1076.786163951754,231.18025616772672,-4815.246734655157,-4962.145367103965,231.18025616772672,1.9268,-134.1392,4
4036,STARLINK-5191,satellite,2,161,53.2235,349.6603,87.7131,234.6787,322.3919,6919.6845,549.2425,4940.846316713186,-3472.2862731995697,-3383.614452166851,-5684.716911043419,-2037.8243127721732,-3383.614452166851,-29.4132,-160.2786,4
4037,STARLINK-5458,satellite,2,161,53.2009,349.4731,121.7774,315.6613,77.4387,6912.5481,544.9976,2215.6538372711257,3697.554202103474,5400.716906112195,1745.6323740638659,-3941.2937747302562,5400.716906112195,51.5777,-66.111,34
4038,STARLINK-5471,satellite,2,161,53.2204,349.5521,95.0244,307.469,42.4935,6918.6582,541.2425,5519.923519364475,1825.2911460606867,3740.281210768733,-1688.4023781746416,-5563.321025870684,3740.281210768733,32.9162,-106.8824,92
4039,STARLINK-5472,satellite,2,161,53.2081,349.508,115.0942,307.4732,62.5674,6914.5934,543.4564,3799.533722778079,3032.335014501926,4911.942023563641,289.3688557293036,-4852.6052606858675,4911.942023563641,45.4746,-86.5874,97
4040,STARLINK-5444,satellite,2,145,53.2218,334.9456,88.6111,131.1054,219.7166,6919.221,549.614,-5945.066052632731,-144.1963795926847,-3542.7801314426874,3307.382140910774,4942.2491175615805,-3542.7801314426874,-30.9401,56.2093,4
4041,STARLINK-5448,satellite,2,145,53.2242,334.695,81.8488,242.9739,324.8227,6920.1844,548.5189,4094.524672133434,-4576.80090007193,-3194.2192838148117,-6099.8796597181035,-709.7231196501855,-3194.2192838148117,-27.6262,-173.3635,7
4042,STARLINK-5451,satellite,2,118,53.2285,344.3146,99.4592,50.8681,150.3274,6921.2456,540.1776,-5230.416392823923,3597.238526480711,2742.079979197263,5953.681361427504,2202.5119534997016,2742.079979197263,23.4917,20.3015,5
4043,STARLINK-5452,satellite,2,145,53.2354,334.6654,47.2866,297.6113,344.898,6923.4047,543.2408,5577.0604862397095,-3834.392058347957,-1444.4214384681059,-6347.23608123675,-2349.2041744694166,-1444.4214384681059,-12.1198,-159.6898,4
4044,STARLINK-5453,satellite,2,161,53.201,349.3996,61.6319,41.0878,102.7198,6912.5569,544.8817,-752.7482843003222,4248.5273414480835,5397.293711331369,3906.2077276915056,-1832.5271454120837,5397.293711331369,51.5333,-25.1328,10
4045,STARLINK-5454,satellite,2,145,53.2175,334.2407,76.8831,148.4905,225.3736,6918.0234,551.5545,-5661.92698702031,-543.5181652048777,-3946.042774393043,2817.868314351916,4940.89540116243,-3946.042774393043,-34.9172,60.3032,4
4046,STARLINK-5465,satellite,2,161,53.2107,349.3462,68.7135,54.0689,122.7824,6915.5484,542.9763,-3034.3308309738036,4111.684185300955,4653.415037671696,5108.88979794689,111.15513432284709,4653.415037671696,42.4985,1.2464,18
4047,STARLINK-5470,satellite,2,161,53.2077,349.1559,72.2004,170.7164,242.9168,6914.5086,556.1245,-3790.3863485082416,-3032.8782294502166,-4936.357020916634,-295.0830949333524,4845.4416715832285,-4936.357020916634,-45.6564,93.485,4
4048,STARLINK-5468,satellite,2,161,53.2236,349.3062,91.6987,51.1475,142.8463,6919.8231,540.8785,-4950.975242666504,3479.1187522624864,3344.6804127608075,5696.1371688899235,2042.1666188222264,3344.6804127608075,29.0814,19.7237,7
4049,STARLINK-5450,satellite,2,145,53.2321,334.6175,74.8917,310.0651,24.9567,6922.0846,539.7833,6413.186041370472,-1109.6192078334057,2337.4089131959795,-4601.888753211639,-4602.480840882026,2337.4089131959795,19.868,-134.9963,4
4050,STARLINK-5447,satellite,2,145,53.2371,334.6418,55.0536,309.8898,4.9434,6924.1421,540.0167,6381.035661752882,-2629.398777699037,477.5775064331534,-5825.549746555351,-3700.584305097794,477.5775064331534,3.983,-147.5749,4
4051,STARLINK-5449,satellite,2,145,53.2003,334.4234,57.3532,47.8653,105.2186,6912.8085,544.8824,88.16928756240071,4385.9127923672395,5339.219857076872,3534.005731938633,-2599.0014105699793,5339.219857076872,50.7666,-36.3317,5
4052,STARLINK-5443,satellite,2,145,53.2186,334.5758,98.5302,306.419,44.9492,6918.1577,541.7097,5674.1695645392,540.6288060000436,3911.6234761938053,-2827.2834594923843,-4949.23711219222,3911.6234761938053,34.6261,-119.7374,67
4053,STARLINK-5439,satellite,2,145,53.2062,334.5359,118.3068,306.7551,65.062,6914.1522,543.8988,4244.428271253176,2135.7941384220353,5018.115913350496,-699.739721714983,-4699.697040595849,5018.115913350496,46.7402,-98.4686,88
4054,STARLINK-5442,satellite,2,161,53.2332,349.2796,112.2317,50.645,162.8767,6923.1226,539.7201,-6267.959955480705,2427.248534348921,1631.3677856191637,5595.17484762023,3724.6309717294935,1631.3677856191637,13.7239,33.6512,4
4055,STARLINK-5440,satellite,2,120,53.2348,294.3921,115.5529,49.7162,165.269,6923.4731,539.6211,-1803.8708309848087,6527.162894192367,1408.986022921925,6374.241912232667,-2286.229530588722,1408.986022921925,11.8245,-19.7312,4
4056,STARLINK-5441,satellite,2,161,53.2384,349.2563,129.2548,53.6545,182.9093,6924.1974,541.1215,-6828.3547251889995,1081.693702536448,-281.348761721898,4818.262754785211,4957.906165405672,-281.348761721898,-2.3449,45.8184,4
4057,STARLINK-5399,satellite,2,145,53.2105,334.3821,71.0359,54.1745,125.2105,6916.0794,542.8151,-2131.188787274291,4772.58535450916,4522.506946392113,5128.730278503475,-1007.8007459020118,4522.506946392113,41.0436,-11.117,15
4058,STARLINK-5446,satellite,2,129,53.2144,319.2795,77.0524,50.7505,127.8029,6916.5947,541.8349,-1077.4030521294433,5242.039577032015,4373.496898452022,4905.299412328967,-2139.5826554057,4373.496898452022,39.4306,-23.5658,9
4059,STARLINK-5445,satellite,2,145,53.2341,334.3144,115.6153,49.7174,165.3326,6923.4684,539.6467,-5575.910271790048,3845.026617827498,1403.0325077378636,6355.26549208552,2342.136967805837,1403.0325077378636,11.7738,20.2306,4
4060,STARLINK-5425,satellite,2,145,53.1993,334.4824,106.5278,338.5079,85.0357,6912.1137,545.0496,2315.961289758158,3463.712272697885,5511.894867044706,1496.7108399424076,-3888.551923955126,5511.894867044706,53.0834,-68.9482,37
4061,STARLINK-5431,satellite,2,161,53.2208,349.1974,80.4356,142.4608,222.8965,6918.5557,550.8392,-5510.298428290756,-1820.74800073767,-3774.10619753033,1686.5702148351452,5552.836478903799,-3774.10619753033,-33.1995,73.1048,4
4062,STARLINK-5433,satellite,2,174,53.2008,324.555,118.7737,321.2792,80.0529,6912.3187,544.9849,3336.6292825360124,2629.1003773093635,5449.773349344202,226.48865773350988,-4241.929590523998,5449.773349344202,52.2362,-86.9437,62
4063,STARLINK-5436,satellite,2,145,53.2239,334.3423,93.317,52.0136,145.3306,6920.2126,540.4824,-4106.268346660984,4584.735606066282,3150.3055227661525,6113.131152166591,714.7501862414998,3150.3055227661525,27.2496,6.6688,9
4064,STARLINK-5415,satellite,2,145,53.2369,334.2884,130.8678,54.3922,185.26,6924.1939,541.4658,-6372.841317447126,2647.2514480163604,-508.185341206792,5835.420380716956,3683.6009103456236,-508.185341206792,-4.2378,32.2621,4
4065,STARLINK-5435,satellite,2,161,53.2067,349.3577,65.0533,52.4163,117.4696,6914.6332,543.5035,-2454.7554053916856,4197.98642667549,4910.247291271573,4845.507052891279,-412.28089845664397,4910.247291271573,45.4542,-4.8633,17
4066,STARLINK-5420,satellite,2,174,53.2333,324.3146,129.0749,71.2838,200.3587,6922.7467,544.5085,-6110.98479897891,2614.4675457097424,-1928.8225571357377,5657.756402441115,3488.4621614054226,-1928.8225571357377,-16.2773,31.6572,4
4067,STARLINK-5421,satellite,2,174,53.2008,324.4899,62.3075,37.8162,100.1237,6912.3744,545.2025,1378.0978095426672,4022.39766559809,5446.986634165918,2493.69815944894,-3443.8795046337245,5446.986634165918,52.1962,-54.0919,13
4068,STARLINK-5428,satellite,2,144,53.2324,339.2919,108.3596,49.5005,157.8601,6922.5033,539.5571,-5440.303206537369,3724.4303089495343,2087.8550002093784,6178.566895197473,2300.78056903577,2087.8550002093784,17.6741,20.4244,4
4069,STARLINK-5429,satellite,2,161,53.2015,349.0979,84.6231,178.2788,262.9019,6912.189,559.0082,-1618.4632537313025,-3879.3956477232337,-5501.580373591891,-2238.329992807743,3557.9506374526572,-5501.580373591891,-52.789,122.1743,4
4070,STARLINK-5426,satellite,2,120,53.2242,293.9682,80.553,244.8062,325.3592,6920.2752,548.3412,160.9497974143782,-6160.831943832481,-3151.6241276551486,-5128.256766338808,3418.001991797937,-3151.6241276551486,-27.2283,146.3164,16
4071,STARLINK-5430,satellite,2,161,53.2321,349.2141,126.0988,76.8313,202.9301,6922.3061,545.1204,-6563.7077769350235,-392.6871246521561,-2160.109761965107,3460.708893158664,5591.06044643388,-2160.109761965107,-18.2913,58.2437,4
4072,STARLINK-5422,satellite,2,145,53.2128,334.0302,109.6623,195.7176,305.3799,6916.0671,554.0369,2123.4625969769077,-4794.165194680516,-4520.538237227112,-5141.917022866302,1026.5489002496295,-4520.538237227112,-40.9411,168.7097,12
4073,STARLINK-5417,satellite,2,145,53.2302,334.2649,122.7697,82.6065,205.3762,6921.9836,545.7448,-6404.22827493052,1115.8915663413488,-2376.079203440064,4601.8544318201775,4591.545445009586,-2376.079203440064,-20.1924,44.9358,4
4074,STARLINK-5412,satellite,2,145,53.2012,334.1287,87.9048,177.4023,265.3072,6912.1182,559.2074,-2313.3142386335853,-3472.001680343868,-5525.5258254167875,-1505.011240950518,3891.1642987142177,-5525.5258254167875,-53.1152,111.1453,4
4075,STARLINK-5410,satellite,2,145,53.2066,334.1842,73.3256,172.0462,245.3718,6914.1255,556.6254,-4238.7439528517525,-2136.796557107698,-5039.911341929449,695.6453887140245,4695.628532738245,-5039.911341929449,-46.8916,81.5731,4
4076,STARLINK-5413,satellite,2,129,53.229,319.7264,78.7355,308.5858,27.3213,6921.6825,539.955,5915.710979947309,-2521.9571123908595,2542.429843778936,-5469.636753065285,-3382.15580133817,2542.429843778936,21.6929,-148.2694,9
4077,STARLINK-5414,satellite,2,145,53.202,334.0774,100.5326,184.7898,285.3225,6912.7498,558.151,-103.04486723979358,-4397.1053610077515,-5346.947068036872,-3534.5833815073893,2617.608473328157,-5346.947068036872,-50.7333,143.4774,8
4078,STARLINK-5408,satellite,2,132,53.2354,329.2988,122.2524,50.5939,172.8464,6923.9959,539.9075,-5638.68353453434,3947.8287256676695,690.1291367675788,6475.457006554223,2334.21511564451,690.1291367675788,5.7607,19.8228,5
4079,STARLINK-5424,satellite,2,132,53.2292,329.5981,77.3224,309.9287,27.2511,6921.6845,539.9133,6261.534487459601,-1476.2649373460354,2536.3941060446946,-4814.191041952083,-4267.286832926933,2536.3941060446946,21.6389,-138.4463,4
4080,GW-Aerzen - Germany,gateway,-1,-1,0.0,0.0,0.0,0.0,0.0,0.0,0.0,-2752.5178709337647,2806.033429548969,5006.151327231624,3879.356462935868,633.065297606657,5006.151327231624,52.0489,9.2683,84
4081,GW-Akita - Japan,gateway,-1,-1,0.0,0.0,0.0,0.0,0.0,0.0,0.0,-404.02959790677994,-4895.990427005455,4054.1213253712945,-3768.9327717185865,3151.048704729812,4054.1213253712945,39.72,140.1024,144
4082,GW-Akron - OH,gateway,-1,-1,0.0,0.0,0.0,0.0,0.0,0.0,0.0,3484.4092910402605,3325.1456504261505,4167.240395121281,710.2546338642912,-4763.742232647558,4167.240395121281,41.0575,-81.5199,140
4083,GW-Alfouvar de Cima - Portugal,gateway,-1,-1,0.0,0.0,0.0,0.0,0.0,0.0,0.0,-2199.1300183901712,4329.08476472619,4121.769842280612,4805.381477106525,-696.747154605368,4121.769842280612,40.5167,-8.25,141
4084,GW-Anchorage - AK,gateway,-1,-1,0.0,0.0,0.0,0.0,0.0,0.0,0.0,2796.708194209668,-1287.5370852331712,5567.084492090704,-2663.6811020846476,-1544.06329397708,5567.084492090704,61.2181,-149.9003,27
4085,GW-Angeles - Philippines,gateway,-1,-1,0.0,0.0,0.0,0.0,0.0,0.0,0.0,-2527.3716540716355,-5615.475513958343,1655.592340791762,-3133.640235013455,5301.082116245261,1655.592340791762,15.145,120.5887,75
4086,GW-Ashburn - VA,gateway,-1,-1,0.0,0.0,0.0,0.0,0.0,0.0,0.0,3338.6695612314475,3671.105410094228,3993.671395436735,1076.990861368146,-4843.946743683914,3993.671395436735,39.0157,-77.4649,141
4087,GW-Awarua - NZ,gateway,-1,-1,0.0,0.0,0.0,0.0,0.0,0.0,0.0,1756.9153429561002,-4029.431535499671,-4605.929432412995,-4305.680097218514,885.5444212517859,-4605.929432412995,-46.5294,168.3781,105
4088,GW-Ballinspittle - Ireland,gateway,-1,-1,0.0,0.0,0.0,0.0,0.0,0.0,0.0,-1775.5469924122094,3545.7942807305544,4978.7896528558485,3921.116152393403,-591.6690992143409,4978.7896528558485,51.6508,-8.5808,95
4089,GW-Bandon - OR,gateway,-1,-1,0.0,0.0,0.0,0.0,0.0,0.0,0.0,4652.699553523625,64.74851620999118,4347.578624070986,-2627.7235609353374,-3840.165933005453,4347.578624070986,43.2476,-124.3828,128
4090,GW-Banning - CA,gateway,-1,-1,0.0,0.0,0.0,0.0,0.0,0.0,0.0,5242.365317727704,767.646936576011,3539.0036036489396,-2392.9479734046517,-4727.100161867464,3539.0036036489396,33.9191,-116.8494,136
4091,GW-Bastrop - TX,gateway,-1,-1,0.0,0.0,0.0,0.0,0.0,0.0,0.0,4883.634156567031,2571.929134429779,3185.5204015573986,-711.544373685221,-5473.427322253744,3185.5204015573986,30.1579,-97.4069,135
4092,GW-Baxley - GA,gateway,-1,-1,0.0,0.0,0.0,0.0,0.0,0.0,0.0,3979.9167034161223,3689.5220398869064,3339.63397536852,722.5900830006675,-5378.677664713789,3339.63397536852,31.7791,-82.3485,131
4093,GW-Beekmantown - NY,gateway,-1,-1,0.0,0.0,0.0,0.0,0.0,0.0,0.0,2817.3490706892044,3555.2083852250494,4468.678500613651,1282.6209670556327,-4351.074109154784,4468.678500613651,44.7629,-73.5754,127
4094,GW-Bellingham - WA,gateway,-1,-1,0.0,0.0,0.0,0.0,0.0,0.0,0.0,4208.536492843482,198.57228753971842,4772.412698746351,-2262.4395167145235,-3554.233784964437,4772.412698746351,48.7519,-122.4787,106
4095,GW-Big Ivy - TN,gateway,-1,-1,0.0,0.0,0.0,0.0,0.0,0.0,0.0,4162.523082570975,3150.2728345154856,3652.3841482225275,176.62901296094083,-5217.242522310311,3652.3841482225275,35.1599,-88.061,142
4096,GW-Bluffdale - UT,gateway,-1,-1,0.0,0.0,0.0,0.0,0.0,0.0,0.0,4728.456478088444,1115.65953434482,4118.653973424939,-1812.4138220239636,-4507.56619468728,4118.653973424939,40.4798,-111.9042,136
4097,GW-Boca Chica - TX,gateway,-1,-1,0.0,0.0,0.0,0.0,0.0,0.0,0.0,5061.581504634105,2692.79743296702,2785.243981303388,-715.2773436182334,-5688.509792973399,2785.243981303388,26.0621,-97.1668,117
4098,GW-Boise - ID,gateway,-1,-1,0.0,0.0,0.0,0.0,0.0,0.0,0.0,4572.091047186787,715.1606466793753,4374.493341273842,-2049.6699309488517,-4149.014879280208,4374.493341273842,43.5811,-116.29,126
4099,GW-Boorowa - Australia,gateway,-1,-1,0.0,0.0,0.0,0.0,0.0,0.0,0.0,357.63598394411827,-5253.701924968162,-3586.731514629568,-4500.138924380216,2734.5999844042854,-3586.731514629568,-34.4392,148.7142,124
4100,GW-Brewster - WA,gateway,-1,-1,0.0,0.0,0.0,0.0,0.0,0.0,0.0,4248.825729815309,401.5945487331093,4724.027075217828,-2119.7128462500937,-3704.134948048609,4724.027075217828,48.0962,-119.7806,109
4101,GW-Bridgewater - CT,gateway,-1,-1,0.0,0.0,0.0,0.0,0.0,0.0,0.0,2954.699923735903,3758.2207993588695,4207.94739869386,1369.417693438839,-4580.302435096969,4207.94739869386,41.5454,-73.3544,138
4102,GW-Broadview - IL,gateway,-1,-1,0.0,0.0,0.0,0.0,0.0,0.0,0.0,3782.7862811538407,2884.497240832752,4234.38260664759,178.18338777381095,-4753.740323322143,4234.38260664759,41.8642,-87.8534,143
4103,GW-Broken Hill - Australia,gateway,-1,-1,0.0,0.0,0.0,0.0,0.0,0.0,0.0,-316.7118433456419,-5407.698401724658,-3355.7753477215288,-4237.482762441892,3374.4997012503422,-3355.7753477215288,-31.9505,141.4681,121
4104,GW-Brooklyn Park - MN,gateway,-1,-1,0.0,0.0,0.0,0.0,0.0,0.0,0.0,3830.0744482847113,2374.2188922538066,4498.650132933382,-266.13512193607374,-4498.395016515379,4498.650132933382,45.144,-93.3858,140
4105,GW-Bulla Bulling - Australia,gateway,-1,-1,0.0,0.0,0.0,0.0,0.0,0.0,0.0,-2206.168312126149,-5001.295611258039,-3275.391970336726,-2816.704095764341,4684.689365317923,-3275.391970336726,-31.1,121.0167,121
4106,GW-Burbank - CA,gateway,-1,-1,0.0,0.0,0.0,0.0,0.0,0.0,0.0,5243.269427086085,628.5910108002765,3564.826113836498,-2507.1255540294674,-4647.722280882001,3564.826113836498,34.2001,-118.3438,138
4107,GW-Butte - MT,gateway,-1,-1,0.0,0.0,0.0,0.0,0.0,0.0,0.0,4330.367750834756,971.5469666576525,4565.540937191646,-1700.8453362866144,-4099.160097864369,4565.540937191646,46.0038,-112.5348,117
4108,GW-Cabo San Lucas - Mexico,gateway,-1,-1,0.0,0.0,0.0,0.0,0.0,0.0,0.0,5671.464861631413,1547.6434211840126,2465.5524127373988,-2002.6466886057208,-5527.216304476469,2465.5524127373988,22.8905,-109.9167,109
4109,GW-Cal-Nev-Ari - NV,gateway,-1,-1,0.0,0.0,0.0,0.0,0.0,0.0,0.0,5127.276839279898,932.3014143603814,3664.9629290919297,-2192.060399212137,-4727.898573366433,3664.9629290919297,35.2987,-114.8745,138
4110,GW-Calais - ME,gateway,-1,-1,0.0,0.0,0.0,0.0,0.0,0.0,0.0,2391.3088023704136,3816.8800524330527,4500.79740573565,1741.959444446185,-4153.613898385393,4500.79740573565,45.1714,-67.2476,125
4111,GW-Caldera - Chile,gateway,-1,-1,0.0,0.0,0.0,0.0,0.0,0.0,0.0,3311.4634363665036,4619.16565149982,-2884.7987214764667,1867.5580190351716,-5367.933350175414,-2884.7987214764667,-27.0667,-70.8167,122
4112,GW-Calrossie - Australia,gateway,-1,-1,0.0,0.0,0.0,0.0,0.0,0.0,0.0,43.039434407017936,-5136.309985279874,-3768.4729957842665,-4222.934896423304,2924.09875318364,-3768.4729957842665,-36.45,145.3,125
4113,GW-Calverton - NY,gateway,-1,-1,0.0,0.0,0.0,0.0,0.0,0.0,0.0,2946.474604583163,3823.6581988942153,4154.782582673207,1427.6416357976982,-4611.281164401205,4154.782582673207,40.9089,-72.7976,137
4114,GW-Camaçari - Brazil,gateway,-1,-1,0.0,0.0,0.0,0.0,0.0,0.0,0.0,341.5493478838706,6213.7296654613,-1393.004502519905,4881.978377000174,-3859.194143726957,-1393.004502519905,-12.6996,-38.3263,82
4115,GW-Canyonleigh - Australia,gateway,-1,-1,0.0,0.0,0.0,0.0,0.0,0.0,0.0,493.1858283884039,-5236.777922198716,-3595.335677230786,-4564.403000815915,2614.0582460790197,-3595.335677230786,-34.5333,150.2,127
4116,GW-Cass County - ND,gateway,-1,-1,0.0,0.0,0.0,0.0,0.0,0.0,0.0,3855.1285579166247,2043.7788856523068,4636.454062895554,-550.653527326215,-4328.490386306258,4636.454062895554,46.93,-97.25,134
4117,GW-Cataby - Australia,gateway,-1,-1,0.0,0.0,0.0,0.0,0.0,0.0,0.0,-2683.7384551405944,-4784.986677476024,-3242.104488385175,-2364.7537709288513,4950.402933307676,-3242.104488385175,-30.75,115.5333,121
4118,GW-Centennial - CO,gateway,-1,-1,0.0,0.0,0.0,0.0,0.0,0.0,0.0,4615.0268107865895,1710.1906039053695,4043.1714145195974,-1261.1244436555373,-4757.393141582874,4043.1714145195974,39.5919,-104.8469,142
4119,GW-Chalfont Grove - UK,gateway,-1,-1,0.0,0.0,0.0,0.0,0.0,0.0,0.0,-2254.239634291719,3266.0724315346065,4976.434783037542,3968.2848736111105,-39.25071606089162,4976.434783037542,51.6167,-0.5667,90
4120,GW-Chantilly - VA,gateway,-1,-1,0.0,0.0,0.0,0.0,0.0,0.0,0.0,3344.125163840938,3676.0987011699867,3984.5646533564354,1077.9288665968497,-4851.282730447183,3984.5646533564354,38.9102,-77.4727,142
4121,GW-Chapel Hill - NC,gateway,-1,-1,0.0,0.0,0.0,0.0,0.0,0.0,0.0,3596.3446513599124,3718.066916747771,3718.831786658103,966.9155255784419,-5081.6130131263135,3718.831786658103,35.8958,-79.2267,136
4122,GW-Charcas - Mexico,gateway,-1,-1,0.0,0.0,0.0,0.0,0.0,0.0,0.0,5358.283138587246,2393.1165828620024,2490.107877949607,-1131.1641920196485,-5758.35677456078,2490.107877949607,23.1314,-101.1136,102
4123,GW-Charleston - SC,gateway,-1,-1,0.0,0.0,0.0,0.0,0.0,0.0,0.0,3779.1714084615833,3812.161990495459,3433.1444862873627,938.4883278220464,-5285.258294052769,3433.1444862873627,32.7765,-79.9311,130
4124,GW-Chaska - MN,gateway,-1,-1,0.0,0.0,0.0,0.0,0.0,0.0,0.0,3858.454791610387,2372.0754805063343,4475.624628242786,-284.2383186655065,-4520.3566277809,4475.624628242786,44.851,-93.598,142
4125,GW-Chattanooga - TN,gateway,-1,-1,0.0,0.0,0.0,0.0,0.0,0.0,0.0,4012.071650906928,3352.5423836344094,3640.747165938728,428.63539058540533,-5210.809060790256,3640.747165938728,35.0317,-85.2975,141
4126,GW-Chicago - IL,gateway,-1,-1,0.0,0.0,0.0,0.0,0.0,0.0,0.0,3774.929786298878,2897.5472605338305,4232.496315264907,193.37626442949443,-4754.837603837685,4232.496315264907,41.8414,-87.6711,142
4127,GW-Chico - CA,gateway,-1,-1,0.0,0.0,0.0,0.0,0.0,0.0,0.0,4900.755480604794,279.15996470538045,4058.8506678205636,-2595.392441906564,-4166.446044180401,4058.8506678205636,39.7754,-121.9199,137
4128,GW-Clarksville - GA,gateway,-1,-1,0.0,0.0,0.0,0.0,0.0,0.0,0.0,3925.958512148175,3489.6496830596348,3605.8560937702155,590.3133176976507,-5219.419061211287,3605.8560937702155,34.6485,-83.5473,139
4129,GW-Cobargo - Australia,gateway,-1,-1,0.0,0.0,0.0,0.0,0.0,0.0,0.0,454.2918395547756,-5120.422091740108,-3762.990326259522,-4446.891423249789,2578.809830695872,-3762.990326259522,-36.3886,149.89,129
4130,GW-Colburn - ID,gateway,-1,-1,0.0,0.0,0.0,0.0,0.0,0.0,0.0,4194.525270476861,636.6161303580167,4746.52208947599,-1896.333985054254,-3795.160043954569,4746.52208947599,48.4,-116.55,113
4131,GW-Conrad - MT,gateway,-1,-1,0.0,0.0,0.0,0.0,0.0,0.0,0.0,4148.542413017878,975.3310994994837,4729.503803939931,-1592.9940148314022,-3952.7262711918725,4729.503803939931,48.17,-111.95,115
4132,GW-Corpus Christi - TX,gateway,-1,-1,0.0,0.0,0.0,0.0,0.0,0.0,0.0,4998.036348573718,2627.1660783164984,2956.241487538237,-732.3093691631808,-5598.75807055072,2956.241487538237,27.7931,-97.4519,130
4133,GW-Cromwell - NZ,gateway,-1,-1,0.0,0.0,0.0,0.0,0.0,0.0,0.0,1863.18487052903,-4111.163965239874,-4491.275812907106,-4433.710717309093,845.775553012511,-4491.275812907106,-45.05,169.2,107
4134,GW-Dallas - TX,gateway,-1,-1,0.0,0.0,0.0,0.0,0.0,0.0,0.0,4722.355755356816,2549.3109439835102,3435.3261101857984,-637.1109466058342,-5328.575776976505,3435.3261101857984,32.7999,-96.8182,137
4135,GW-Debeque - CO,gateway,-1,-1,0.0,0.0,0.0,0.0,0.0,0.0,0.0,4727.712195414965,1443.159931390732,4017.2001562803393,-1544.3041602126973,-4695.646691457616,4017.2001562803393,39.289,-108.205,141
4136,GW-Delta - UT,gateway,-1,-1,0.0,0.0,0.0,0.0,0.0,0.0,0.0,4820.282966318798,1076.6390466887992,4022.1045547156004,-1897.212711439644,-4560.138532960369,4022.1045547156004,39.3461,-112.5894,138
4137,GW-Denver - CO,gateway,-1,-1,0.0,0.0,0.0,0.0,0.0,0.0,0.0,4609.2127198938715,1694.4623799742462,4056.31572945914,-1270.6300511906563,-4743.579231697377,4056.31572945914,39.7457,-104.9954,141
4138,GW-Douglas - WY,gateway,-1,-1,0.0,0.0,0.0,0.0,0.0,0.0,0.0,4413.408413710233,1591.5091812342055,4306.341276135844,-1241.966004234662,-4524.22322001097,4306.341276135844,42.7401,-105.3504,138
4139,GW-Draper - UT,gateway,-1,-1,0.0,0.0,0.0,0.0,0.0,0.0,0.0,4726.861636585385,1122.366199570953,4118.662419802617,-1806.0132966750425,-4510.126693297535,4118.662419802617,40.4799,-111.8229,136
4140,GW-Dubois - ID,gateway,-1,-1,0.0,0.0,0.0,0.0,0.0,0.0,0.0,4465.667732489925,1027.2866777424574,4421.691876967793,-1733.2396257078733,-4241.861220637101,4421.691876967793,44.1704,-112.2251,121
4141,GW-Dubuque - IA,gateway,-1,-1,0.0,0.0,0.0,0.0,0.0,0.0,0.0,3884.701413022987,2670.04060576549,4282.175539361034,-55.81993293987674,-4713.481307893978,4282.175539361034,42.4446,-90.6785,147
4142,GW-Duluth - MN,gateway,-1,-1,0.0,0.0,0.0,0.0,0.0,0.0,0.0,3664.3028817566787,2384.1472697855334,4628.710868091355,-162.51118697458855,-4368.622657930555,4628.710868091355,46.8281,-92.1304,134
4143,GW-Dumas - TX,gateway,-1,-1,0.0,0.0,0.0,0.0,0.0,0.0,0.0,4756.217596339307,2039.195075288112,3715.864984410053,-1073.5610977357617,-5062.350140817536,3715.864984410053,35.8628,-101.9732,139
4144,GW-Eagan - MN,gateway,-1,-1,0.0,0.0,0.0,0.0,0.0,0.0,0.0,3840.382390886485,2402.953425987219,4474.702762080795,-248.58799633505612,-4523.375518766138,4474.702762080795,44.8393,-93.1456,142
4145,GW-Edison - NJ,gateway,-1,-1,0.0,0.0,0.0,0.0,0.0,0.0,0.0,3066.401410396823,3764.471740067495,4122.1412691519345,1310.1702354175923,-4675.2025673414655,4122.1412691519345,40.5211,-74.3451,138
4146,GW-El Marques,gateway,-1,-1,0.0,0.0,0.0,0.0,0.0,0.0,0.0,5412.949920221373,2512.2053085176753,2243.9903195280685,-1065.3237849675227,-5871.651180387969,2243.9903195280685,20.7351,-100.2836,93
4147,GW-Elbert - CO,gateway,-1,-1,0.0,0.0,0.0,0.0,0.0,0.0,0.0,4629.911199772086,1744.457020465561,4011.6038053300435,-1241.692573037247,-4789.301365344502,4011.6038053300435,39.2239,-104.5347,142
4148,GW-Elfordstown - Ireland,gateway,-1,-1,0.0,0.0,0.0,0.0,0.0,0.0,0.0,-1778.8459314692684,3501.7369397540097,5008.504376504216,3887.00677914721,-563.5891606535524,5008.504376504216,52.0833,-8.25,91
4149,GW-Evanston - WY,gateway,-1,-1,0.0,0.0,0.0,0.0,0.0,0.0,0.0,4653.950128917645,1179.0907876679946,4184.865022236572,-1717.6418834763601,-4483.214610984386,4184.865022236572,41.2683,-110.9632,136
4150,GW-Fair Park - UT,gateway,-1,-1,0.0,0.0,0.0,0.0,0.0,0.0,0.0,4708.583118419183,1109.4957614992425,4142.852190082945,-1806.0017470057892,-4487.771553639839,4142.852190082945,40.7669,-111.9212,137
4151,GW-Fairbanks - AK,gateway,-1,-1,0.0,0.0,0.0,0.0,0.0,0.0,0.0,2511.680433263964,-1042.237119545792,5750.044065246111,-2298.9680864109355,-1452.4264352676194,5750.044065246111,64.8378,-147.7164,20
4152,GW-Falda del Carmen - Argentina,gateway,-1,-1,0.0,0.0,0.0,0.0,0.0,0.0,0.0,2660.3848273095264,4746.590315742893,-3316.4346176433874,2346.825848345945,-4909.192957342204,-3316.4346176433874,-31.5333,-64.45,130
4153,GW-Foggia - Italy,gateway,-1,-1,0.0,0.0,0.0,0.0,0.0,0.0,0.0,-3705.4880205151153,3030.2622158637932,4201.018759821047,4611.680997646454,1282.7817207223459,4201.018759821047,41.4621,15.5444,130
4154,GW-Fort Lauderdale - FL,gateway,-1,-1,0.0,0.0,0.0,0.0,0.0,0.0,0.0,4048.952245315706,4055.005299025133,2791.2437426903803,981.5413161207401,-5645.67612467426,2791.2437426903803,26.1224,-80.1373,108
4155,GW-Franklin Park - IL,gateway,-1,-1,0.0,0.0,0.0,0.0,0.0,0.0,0.0,3779.17728031115,2881.3280373377684,4239.723486485437,177.67237492067179,-4748.964592620032,4239.723486485437,41.9288,-87.8574,143
4156,GW-Frederick - MD,gateway,-1,-1,0.0,0.0,0.0,0.0,0.0,0.0,0.0,3316.378272440929,3653.557622167317,4027.957161302396,1075.4913534648745,-4815.6169379465255,4027.957161302396,39.4143,-77.4105,141
4157,GW-Fremont - CA,gateway,-1,-1,0.0,0.0,0.0,0.0,0.0,0.0,0.0,5058.822234835278,286.6757518023486,3860.8684521833743,-2680.3193590543738,-4299.971339882813,3860.8684521833743,37.4921,-121.9367,135
4158,GW-Ft. Lauderdale - FL,gateway,-1,-1,0.0,0.0,0.0,0.0,0.0,0.0,0.0,4050.5475897372844,4048.666918037053,2798.075579983853,975.4415163332245,-5643.32822349965,2798.075579983853,26.1911,-80.1934,108
4159,GW-Gaffney - SC,gateway,-1,-1,0.0,0.0,0.0,0.0,0.0,0.0,0.0,3788.7978695781303,3599.2442981230924,3644.3890664541996,758.9148251617778,-5170.454245251673,3644.3890664541996,35.0718,-81.6498,137
4160,GW-Goodyear - AZ,gateway,-1,-1,0.0,0.0,0.0,0.0,0.0,0.0,0.0,5197.67932785482,1177.7546722310954,3492.2004293547425,-2032.002663544659,-4926.859206281312,3492.2004293547425,33.4121,-112.4129,141
4161,GW-Goonhilly - UK,gateway,-1,-1,0.0,0.0,0.0,0.0,0.0,0.0,0.0,-2051.643438194527,3553.8950740528844,4866.37631156975,4086.8098239665233,-370.6702815100416,4866.37631156975,50.0502,-5.1825,105
4162,GW-Gordon - GA,gateway,-1,-1,0.0,0.0,0.0,0.0,0.0,0.0,0.0,3990.88147296186,3584.120651280465,3439.165884240814,630.1234400430977,-5326.912823059299,3439.165884240814,32.8411,-83.2538,132
4163,GW-Grant District - WV,gateway,-1,-1,0.0,0.0,0.0,0.0,0.0,0.0,0.0,3446.795846887191,3573.439909844647,3990.4186761805963,934.867655965931,-4876.053410824996,3990.4186761805963,38.978,-79.1466,144
4164,GW-Greenville - PA,gateway,-1,-1,0.0,0.0,0.0,0.0,0.0,0.0,0.0,3399.706725837987,3375.924619236457,4196.081001328883,800.559823310803,-4723.767228153335,4196.081001328883,41.4028,-80.3812,140
4165,GW-Guarapari - Brazil,gateway,-1,-1,0.0,0.0,0.0,0.0,0.0,0.0,0.0,553.3570622397956,5944.6973701961815,-2236.3574224816775,4540.0534713704665,-3877.3116122701613,-2236.3574224816775,-20.6614,-40.4981,87
4166,GW-Hamshire - TX,gateway,-1,-1,0.0,0.0,0.0,0.0,0.0,0.0,0.0,4769.619433192222,2810.103177943801,3157.135759986205,-451.184585019859,-5517.46154299377,3157.135759986205,29.8622,-94.6749,126
4167,GW-Hawkins - TX,gateway,-1,-1,0.0,0.0,0.0,0.0,0.0,0.0,0.0,4662.8256804081175,2679.110309723567,3417.9413736709544,-496.7219131861624,-5354.702859963493,3417.9413736709544,32.6136,-95.2998,140
4168,GW-Hawthorne - CA,gateway,-1,-1,0.0,0.0,0.0,0.0,0.0,0.0,0.0,5260.329485454039,632.107757782795,3539.1508744491744,-2514.0802835968534,-4663.692404159597,3539.1508744491744,33.9207,-118.328,137
4169,GW-Highlands Ranch - CO,gateway,-1,-1,0.0,0.0,0.0,0.0,0.0,0.0,0.0,4623.348287467268,1696.1882444910375,4039.585479277236,-1277.3636090475882,-4756.127222673615,4039.585479277236,39.55,-105.0333,143
4170,GW-Hillman - MI,gateway,-1,-1,0.0,0.0,0.0,0.0,0.0,0.0,0.0,3391.591571412766,2977.268468146389,4491.950984067111,479.39570523220493,-4487.449239434556,4491.950984067111,45.0586,-83.9022,131
4171,GW-Hillsboro - TX,gateway,-1,-1,0.0,0.0,0.0,0.0,0.0,0.0,0.0,4777.53497410952,2545.621009683018,3361.4657837903487,-671.9183153937884,-5371.55029123042,3361.4657837903487,32.011,-97.13,137
4172,GW-Hinds - NZ,gateway,-1,-1,0.0,0.0,0.0,0.0,0.0,0.0,0.0,2074.0035847672366,-4112.355302776878,-4397.425448335542,-4556.147317912892,674.1502973222035,-4397.425448335542,-43.8667,171.5833,114
4173,GW-Hitterdal - MN,gateway,-1,-1,0.0,0.0,0.0,0.0,0.0,0.0,0.0,3815.8873523394955,2108.2730103187037,4640.01301035054,-475.3308124547708,-4333.574966527509,4640.01301035054,46.9769,-96.2595,133
4174,GW-Honolulu - HI,gateway,-1,-1,0.0,0.0,0.0,0.0,0.0,0.0,0.0,5003.109092780021,-3210.2503989001075,2303.920525672351,-5506.415772697083,-2239.686039624574,2303.920525672351,21.315,-157.8664,96
4175,GW-Howell - UT,gateway,-1,-1,0.0,0.0,0.0,0.0,0.0,0.0,0.0,4641.868450043701,1049.912899350021,4232.099116579194,-1816.2639573705437,-4398.914075188259,4232.099116579194,41.8366,-112.4352,135
4176,GW-Ibi - Spain,gateway,-1,-1,0.0,0.0,0.0,0.0,0.0,0.0,0.0,-2833.6928531043754,4106.522155852007,3960.0007645965616,4989.073386825167,-49.861238563499725,3960.0007645965616,38.6264,-0.5726,140
4177,GW-Inman - KS,gateway,-1,-1,0.0,0.0,0.0,0.0,0.0,0.0,0.0,4453.456033831135,2309.2014212506756,3925.6957055403213,-678.4371416752896,-4970.453187986841,3925.6957055403213,38.2319,-97.7725,151
4178,GW-Iron Mountain - CO,gateway,-1,-1,0.0,0.0,0.0,0.0,0.0,0.0,0.0,4606.297476434974,1695.8459894669052,4059.029864990322,-1267.8195518730774,-4741.993636150363,4059.029864990322,39.7775,-104.9685,141
4179,GW-Irvine - CA,gateway,-1,-1,0.0,0.0,0.0,0.0,0.0,0.0,0.0,5269.139694364916,678.002005839478,3517.629757729816,-2481.644832706411,-4697.335283217063,3517.629757729816,33.6872,-117.8479,137
4180,GW-Isle of Man - UK,gateway,-1,-1,0.0,0.0,0.0,0.0,0.0,0.0,0.0,-1910.8536306042981,3220.444144066838,5145.828471946263,3733.149516909652,-293.62691812102247,5145.828471946263,54.1391,-4.4973,70
4181,GW-Itaboraí - Brazil,gateway,-1,-1,0.0,0.0,0.0,0.0,0.0,0.0,0.0,786.3342800133341,5832.332446918108,-2450.659626335426,4313.9830987449795,-4002.995527731766,-2450.659626335426,-22.7446,-42.8586,92
4182,GW-Kalama - WA,gateway,-1,-1,0.0,0.0,0.0,0.0,0.0,0.0,0.0,4433.819883454475,181.1884897707177,4566.019593670926,-2406.4447456067646,-3728.352412806928,4566.019593670926,46.01,-122.84,115
4183,GW-Kaua'i - HI,gateway,-1,-1,0.0,0.0,0.0,0.0,0.0,0.0,0.0,4893.552313810798,-3325.3930687712877,2374.3512947819418,-5537.406105780971,-2083.8010772371636,2374.3512947819418,21.9994,-159.378,97
4184,GW-Kaunas - Lithuania,gateway,-1,-1,0.0,0.0,0.0,0.0,0.0,0.0,0.0,-3153.575072368153,1888.5947826959246,5194.894348484196,3360.5609494068785,1489.4482520751124,5194.894348484196,54.8985,23.9036,64
4185,GW-Kenansville - FL,gateway,-1,-1,0.0,0.0,0.0,0.0,0.0,0.0,0.0,4052.5616475180327,3924.9972941227365,2965.2174962576237,873.2003591135302,-5573.722346748973,2965.2174962576237,27.8847,-81.0962,115
4186,GW-Kent - WA,gateway,-1,-1,0.0,0.0,0.0,0.0,0.0,0.0,0.0,4317.672337536902,221.14121857525146,4673.566958188921,-2306.871354775639,-3656.4384864783283,4673.566958188921,47.4211,-122.2481,114
4187,GW-Ketchikan - AK,gateway,-1,-1,0.0,0.0,0.0,0.0,0.0,0.0,0.0,3612.28752194666,-408.75226366369907,5223.128501678996,-2415.305366607839,-2716.9835369941266,5223.128501678996,55.342,-131.636,70
4188,GW-Ki Ki - Australia,gateway,-1,-1,0.0,0.0,0.0,0.0,0.0,0.0,0.0,-460.6730538885573,-5158.4820898581565,-3710.215702988859,-3950.844008929499,3348.5801096990754,-3710.215702988859,-35.8,139.7167,124
4189,GW-Kihei - HI,gateway,-1,-1,0.0,0.0,0.0,0.0,0.0,0.0,0.0,5101.22880518406,-3095.733612678995,2245.1188915946063,-5469.347554846982,-2385.8623698360025,2245.1188915946063,20.746,-156.432,93
4190,GW-Kiowa - CO,gateway,-1,-1,0.0,0.0,0.0,0.0,0.0,0.0,0.0,4624.536158961453,1745.1514065653193,4017.457928867074,-1238.0281987525343,-4785.308171525886,4017.457928867074,39.292,-104.5052,142
4191,GW-Kuparuk - AK,gateway,-1,-1,0.0,0.0,0.0,0.0,0.0,0.0,0.0,1960.5913605139735,-889.966328795399,5983.592257456843,-1857.0012095811521,-1089.727056159354,5983.592257456843,70.3316,-149.5947,0
4192,GW-Lawrence - KS,gateway,-1,-1,0.0,0.0,0.0,0.0,0.0,0.0,0.0,4302.469338553995,2478.5076793730473,3989.8749514150722,-453.0647571237109,-4944.590483726722,3989.8749514150722,38.9717,-95.2353,154
4193,GW-Lekki,gateway,-1,-1,0.0,0.0,0.0,0.0,0.0,0.0,0.0,-3988.0492521487276,4925.727862518178,714.0473050553732,6323.727758698961,421.66224281068673,714.0473050553732,6.4711,3.8148,88
4194,GW-Lepe - Spain,gateway,-1,-1,0.0,0.0,0.0,0.0,0.0,0.0,0.0,-2384.3879346982503,4488.974168680629,3839.9299968454175,5042.802351510362,-637.4475302470759,3839.9299968454175,37.2547,-7.2044,141
4195,GW-Limestone - ME,gateway,-1,-1,0.0,0.0,0.0,0.0,0.0,0.0,0.0,2360.459345759033,3671.2370860428123,4635.30756103583,1640.692744956519,-4044.487282903029,4635.30756103583,46.9149,-67.9195,116
4196,GW-Lindon - UT,gateway,-1,-1,0.0,0.0,0.0,0.0,0.0,0.0,0.0,4735.363906309532,1132.3941492688414,4106.215902846529,-1802.7155703046294,-4522.853569048928,4106.215902846529,40.3327,-111.7312,135
4197,GW-Lisle - IL,gateway,-1,-1,0.0,0.0,0.0,0.0,0.0,0.0,0.0,3798.729319170751,2871.28875613193,4229.119187654264,158.20194155354562,-4759.161239872611,4229.119187654264,41.8006,-88.0961,144
4198,GW-Litchfield - MN,gateway,-1,-1,0.0,0.0,0.0,0.0,0.0,0.0,0.0,3878.347150651319,2298.2274525563944,4496.768470430382,-356.0585934051617,-4494.068126176037,4496.768470430382,45.12,-94.53,139
4199,GW-Lithia Springs - GA,gateway,-1,-1,0.0,0.0,0.0,0.0,0.0,0.0,0.0,4030.9105532113595,3454.980887324641,3523.0454374106935,501.50899597082685,-5285.226726142371,3523.0454374106935,33.7459,-84.5795,139
4200,GW-Llano Grande - Mexico,gateway,-1,-1,0.0,0.0,0.0,0.0,0.0,0.0,0.0,5307.209906746857,2842.3739994461957,2098.8984338845485,-734.5400830196223,-5975.451264418218,2098.8984338845485,19.34,-97.008,92
4201,GW-Lockport - NY,gateway,-1,-1,0.0,0.0,0.0,0.0,0.0,0.0,0.0,3207.6349123221944,3378.9364938966514,4341.367933071051,913.6834339933272,-4568.513559461214,4341.367933071051,43.1709,-78.6903,135
4202,GW-Loring - ME,gateway,-1,-1,0.0,0.0,0.0,0.0,0.0,0.0,0.0,2357.0283703092778,3670.053356544541,4637.972115557402,1641.7019804974889,-4041.0009880668536,4637.972115557402,46.95,-67.89,116
4203,GW-Los Angeles - CA,gateway,-1,-1,0.0,0.0,0.0,0.0,0.0,0.0,0.0,5250.84337187304,639.578358223567,3551.787568726685,-2502.508815694745,-4660.243150268136,3551.787568726685,34.0581,-118.2354,136
4204,GW-Lunenburg - VT,gateway,-1,-1,0.0,0.0,0.0,0.0,0.0,0.0,0.0,2717.8169345269434,3665.995378142494,4440.9082946623,1430.5174546312578,-4333.551755103297,4440.9082946623,44.412,-71.7318,128
4205,GW-Luz - Brazil,gateway,-1,-1,0.0,0.0,0.0,0.0,0.0,0.0,0.0,996.3196207225486,5920.500917928301,-2145.8366428596087,4265.064446561129,-4225.424141137406,-2145.8366428596087,-19.79,-44.7325,91
4206,GW-Lynnwood - WA,gateway,-1,-1,0.0,0.0,0.0,0.0,0.0,0.0,0.0,4283.367853659756,215.42678457097276,4705.080784675351,-2291.7775456112854,-3625.10752264099,4705.080784675351,47.8417,-122.3009,112
4207,GW-Madera - CA,gateway,-1,-1,0.0,0.0,0.0,0.0,0.0,0.0,0.0,5087.813512329299,469.2592123259691,3804.8670492482925,-2547.788940778979,-4428.8623886769965,3804.8670492482925,36.8588,-119.9105,135
4208,GW-Manaus - Brazil,gateway,-1,-1,0.0,0.0,0.0,0.0,0.0,0.0,0.0,2675.583678932683,5779.468383660291,-344.71427244102125,3182.28688112354,-5516.706719314419,-344.71427244102125,-3.119,-60.0217,73
4209,GW-Mandale - NC,gateway,-1,-1,0.0,0.0,0.0,0.0,0.0,0.0,0.0,3596.347074042798,3718.0665645759323,3718.8298091962747,966.9138419076269,-5081.614790391052,3718.8298091962747,35.8958,-79.2267,136
4210,GW-Manistique - MI,gateway,-1,-1,0.0,0.0,0.0,0.0,0.0,0.0,0.0,3455.094865204666,2791.266606278325,4561.964774860574,290.7806733223104,-4432.188668695229,4561.964774860574,45.9575,-86.2464,129
4211,GW-Marathon - ON,gateway,-1,-1,0.0,0.0,0.0,0.0,0.0,0.0,0.0,3283.333828980094,2639.9715536698163,4772.566666993161,266.0802512055635,-4204.63222370629,4772.566666993161,48.754,-86.379,116
4212,GW-Marcell - MN,gateway,-1,-1,0.0,0.0,0.0,0.0,0.0,0.0,0.0,3674.78081004269,2250.673271482244,4686.477076952602,-277.6423470744862,-4300.285909556895,4686.477076952602,47.593,-93.6941,130
4213,GW-Marsala - Italy,gateway,-1,-1,0.0,0.0,0.0,0.0,0.0,0.0,0.0,-3727.302474349389,3401.6109851383635,3887.804382113178,4927.769457192355,1086.659655212814,3887.804382113178,37.7986,12.4357,136
4214,GW-Mazahua - Mexico,gateway,-1,-1,0.0,0.0,0.0,0.0,0.0,0.0,0.0,5440.202350660865,2551.8624610123934,2131.2474531950525,-1048.6116501526262,-5916.77422614928,2131.2474531950525,19.65,-100.05,97
4215,GW-McGregor - TX,gateway,-1,-1,0.0,0.0,0.0,0.0,0.0,0.0,0.0,4819.376897919505,2537.755468847118,3307.6128780147205,-702.4543344639706,-5401.217863765214,3307.6128780147205,31.44,-97.41,138
4216,GW-Merida - Mexico,gateway,-1,-1,0.0,0.0,0.0,0.0,0.0,0.0,0.0,4845.502041221448,3467.4394784379992,2268.0250159151437,42.36637490462423,-5958.207084214935,2268.0250159151437,20.9674,-89.5926,83
4217,GW-Merredin - Australia,gateway,-1,-1,0.0,0.0,0.0,0.0,0.0,0.0,0.0,-2432.3020242127764,-4870.648134583149,-3311.7080753530254,-2579.6334426284775,4794.246310900247,-3311.7080753530254,-31.4833,118.2833,123
4218,GW-Merrillan - WI,gateway,-1,-1,0.0,0.0,0.0,0.0,0.0,0.0,0.0,3765.4042678331894,2573.0935683122575,4443.923617351971,-66.32625854196448,-4560.118489571749,4443.923617351971,44.45,-90.8333,138
4219,GW-Mesa - AZ,gateway,-1,-1,0.0,0.0,0.0,0.0,0.0,0.0,0.0,5185.514220994108,1227.8006173296444,3493.0428783394937,-1984.0889486222293,-4945.750007430857,3493.0428783394937,33.4212,-111.8592,140
4220,GW-Miami - FL,gateway,-1,-1,0.0,0.0,0.0,0.0,0.0,0.0,0.0,4077.456859785944,4049.145672539047,2758.2823567298387,960.329090864707,-5665.5982171431915,2758.2823567298387,25.7915,-80.3797,101
4221,GW-Milano - Italy,gateway,-1,-1,0.0,0.0,0.0,0.0,0.0,0.0,0.0,-3133.495008483042,3203.1624211360977,4523.679503125828,4423.447269489191,715.6498574129862,4523.679503125828,45.4642,9.19,128
4222,GW-Milwaukee - WI,gateway,-1,-1,0.0,0.0,0.0,0.0,0.0,0.0,0.0,3713.623945854794,2815.862743060219,4339.771502445436,161.93308679473003,-4657.667170846569,4339.771502445436,43.1512,-88.0088,142
4223,GW-Minneapolis - MN,gateway,-1,-1,0.0,0.0,0.0,0.0,0.0,0.0,0.0,3836.1760736421006,2390.196956868346,4485.061096938221,-256.59097086699774,-4512.587886598593,4485.061096938221,44.9709,-93.2544,141
4224,GW-Molokai - HI,gateway,-1,-1,0.0,0.0,0.0,0.0,0.0,0.0,0.0,5056.35271769626,-3139.5454592474534,2285.1672833782054,-5479.301666540333,-2323.9409939763927,2285.1672833782054,21.1333,-157.0167,93
4225,GW-Monterey,gateway,-1,-1,0.0,0.0,0.0,0.0,0.0,0.0,0.0,5140.128684510739,340.7217668392302,3748.1908470483677,-2682.98969511655,-4397.565293617202,3748.1908470483677,36.2231,-121.3877,135
4226,GW-Montes Carlos,gateway,-1,-1,0.0,0.0,0.0,0.0,0.0,0.0,0.0,4064.800939737118,4806.756391011549,1022.7746267368026,1586.8501869554095,-6091.750172682537,1022.7746267368026,9.2895,-75.3994,67
4227,GW-Mossoró - Brazil,gateway,-1,-1,0.0,0.0,0.0,0.0,0.0,0.0,0.0,239.85860111612047,6347.653763586873,-572.8694231894522,5050.029544193972,-3853.237866220564,-572.8694231894522,-5.1878,-37.3441,88
4228,GW-Mt. Ayr - IN,gateway,-1,-1,0.0,0.0,0.0,0.0,0.0,0.0,0.0,3863.3983578045572,3005.029023547979,4075.8587510149932,230.25493000768617,-4889.072403908519,4075.8587510149932,39.975,-87.3036,148
4229,GW-Muallim - Turkey,gateway,-1,-1,0.0,0.0,0.0,0.0,0.0,0.0,0.0,-4440.408370854029,2048.927016681552,4080.817303072195,4233.014672134626,2448.859980711654,4080.817303072195,40.0333,30.05,133
4230,GW-Murayjat - Oman,gateway,-1,-1,0.0,0.0,0.0,0.0,0.0,0.0,0.0,-5836.001019636845,-379.96420055414626,2536.530908078503,3051.8408226912525,4988.942602181371,2536.530908078503,23.588,58.545,94
4231,GW-Myrtle Beach - SC,gateway,-1,-1,0.0,0.0,0.0,0.0,0.0,0.0,0.0,3670.451909707069,3838.8014325404674,3519.733726228335,1022.9005114133176,-5211.745216690604,3519.733726228335,33.71,-78.8958,136
4232,GW-Nemaha - NE,gateway,-1,-1,0.0,0.0,0.0,0.0,0.0,0.0,0.0,4236.761332398105,2397.951713194572,4106.9014986315515,-481.04921811897975,-4844.472175197589,4106.9014986315515,40.3408,-95.6708,147
4233,GW-New Braunfels - TX,gateway,-1,-1,0.0,0.0,0.0,0.0,0.0,0.0,0.0,4937.869027586724,2522.0081861408657,3141.81953519533,-783.594350747231,-5488.994053379802,3141.81953519533,29.703,-98.1245,136
4234,GW-New York - NY,gateway,-1,-1,0.0,0.0,0.0,0.0,0.0,0.0,0.0,3035.3039767083155,3771.3536265066823,4138.721090052997,1333.7118485028002,-4653.750220236328,4138.721090052997,40.7178,-74.0083,139
4235,GW-Niland - CA,gateway,-1,-1,0.0,0.0,0.0,0.0,0.0,0.0,0.0,5264.547874475831,901.1430485629062,3474.442537726075,-2296.616025269567,-4822.1445383870705,3474.442537726075,33.2205,-115.4668,138
4236,GW-Nome - AK,gateway,-1,-1,0.0,0.0,0.0,0.0,0.0,0.0,0.0,2102.117776898633,-1778.0821645602036,5733.983888637863,-2664.4385550962334,-693.7164536012145,5733.983888637863,64.5011,-165.4064,21
4237,GW-Norcross - GA,gateway,-1,-1,0.0,0.0,0.0,0.0,0.0,0.0,0.0,3999.657935269246,3472.7577165556436,3541.01913587279,534.0449463144686,-5269.924643899094,3541.01913587279,33.941,-84.2135,136
4238,GW-North Miami - FL,gateway,-1,-1,0.0,0.0,0.0,0.0,0.0,0.0,0.0,4058.750653343201,4057.092757455052,2774.042278282638,977.6021528467394,-5654.887491308516,2774.042278282638,25.9496,-80.1918,103
4239,GW-Northlake - IL,gateway,-1,-1,0.0,0.0,0.0,0.0,0.0,0.0,0.0,3782.405882345414,2878.1670383954156,4238.996250629422,173.22859400238642,-4749.7822701600735,4238.996250629422,41.92,-87.9113,143
4240,GW-Noviciado - Chile,gateway,-1,-1,0.0,0.0,0.0,0.0,0.0,0.0,0.0,3113.8037707897706,4324.8361709125065,-3492.6262935669047,1740.8705622690609,-5036.799729356206,-3492.6262935669047,-33.4167,-70.9333,139
4241,GW-Otaru - Japan,gateway,-1,-1,0.0,0.0,0.0,0.0,0.0,0.0,0.0,-310.72979811144234,-4647.101979537632,4342.971954192009,-3619.259550089169,2931.3938876830093,4342.971954192009,43.1907,140.9945,133
4242,GW-Oxford - AL,gateway,-1,-1,0.0,0.0,0.0,0.0,0.0,0.0,0.0,4115.345797766299,3368.7668237855187,3508.9866492636434,382.3951218712032,-5304.567363979821,3508.9866492636434,33.5936,-85.8768,139
4243,GW-Panaca - NV,gateway,-1,-1,0.0,0.0,0.0,0.0,0.0,0.0,0.0,4956.849457584244,944.6815977297529,3887.9271652705806,-2083.750052265451,-4595.733411102758,3887.9271652705806,37.8,-114.39,136
4244,GW-Perry - FL,gateway,-1,-1,0.0,0.0,0.0,0.0,0.0,0.0,0.0,4131.490080999178,3668.0564040386635,3176.285590090593,617.7164904605116,-5490.198030127583,3176.285590090593,30.0616,-83.5805,129
4245,GW-Peñuelas - Mexico,gateway,-1,-1,0.0,0.0,0.0,0.0,0.0,0.0,0.0,5458.371034157144,2299.6121330797337,2358.2031543620615,-1265.255077559132,-5786.290685563947,2358.2031543620615,21.8422,-102.3344,104
4246,GW-Phoenix - AZ,gateway,-1,-1,0.0,0.0,0.0,0.0,0.0,0.0,0.0,5174.8945601334135,1202.5025821997313,3517.343649325232,-1998.6476729522387,-4922.494656990297,3517.343649325232,33.6841,-112.0983,139
4247,GW-Pimba - Australia,gateway,-1,-1,0.0,0.0,0.0,0.0,0.0,0.0,0.0,-761.1700850313113,-5402.388252449894,-3292.777045745681,-3977.0686293301537,3734.7160328669124,-3292.777045745681,-31.2833,136.8,123
4248,GW-Pine Valley - CA,gateway,-1,-1,0.0,0.0,0.0,0.0,0.0,0.0,0.0,5308.9806219269385,823.2964680983575,3426.138960105419,-2385.843403039555,-4813.610243315468,3426.138960105419,32.7014,-116.3651,136
4249,GW-Piscataway - NJ,gateway,-1,-1,0.0,0.0,0.0,0.0,0.0,0.0,0.0,3075.4166992974365,3755.030307424929,4124.02335750407,1297.2591823641926,-4677.131503151166,4124.02335750407,40.5434,-74.498,136
4250,GW-Piti - GU,gateway,-1,-1,0.0,0.0,0.0,0.0,0.0,0.0,0.0,-14.296240475599792,-6205.196822835372,1470.1676427393768,-5063.5504569318455,3586.799236467414,1470.1676427393768,13.4156,144.6879,82
4251,GW-Ponce - PR,gateway,-1,-1,0.0,0.0,0.0,0.0,0.0,0.0,0.0,3164.314018572277,5177.06696212822,1959.5528605130066,2408.335824036838,-5569.095446942291,1959.5528605130066,18.0111,-66.6141,90
4252,GW-Port St. Lucie - FL,gateway,-1,-1,0.0,0.0,0.0,0.0,0.0,0.0,0.0,4032.3382634436925,3989.912810456026,2905.953092794692,937.9104088053688,-5594.593834312527,2905.953092794692,27.2813,-80.4831,117
4253,GW-Porto Alegre - Brazil,gateway,-1,-1,0.0,0.0,0.0,0.0,0.0,0.0,0.0,1526.7513697021893,5311.256034598852,-3173.694800551917,3461.4937188856807,-4307.954461698176,-3173.694800551917,-30.0346,-51.2177,121
4254,GW-Presidente Prudente - Brazil,gateway,-1,-1,0.0,0.0,0.0,0.0,0.0,0.0,0.0,1649.9217148997968,5676.3296748679,-2387.3125466568554,3688.920471261738,-4618.963736574459,-2387.3125466568554,-22.1257,-51.3875,98
4255,GW-Prosser - WA,gateway,-1,-1,0.0,0.0,0.0,0.0,0.0,0.0,0.0,4402.049451661186,416.99956031202413,4581.185437429602,-2195.4012390294956,-3838.2471790960426,4581.185437429602,46.2068,-119.7687,120
4256,GW-Prudhoe Bay - AK,gateway,-1,-1,0.0,0.0,0.0,0.0,0.0,0.0,0.0,1984.402272178095,-858.2713279842221,5980.393857723555,-1844.8140748589037,-1127.4498123942697,5980.393857723555,70.2466,-148.569,0
4257,GW-Puerto Montt - Chile,gateway,-1,-1,0.0,0.0,0.0,0.0,0.0,0.0,0.0,2930.9616085575585,3783.8878489759577,-4201.584693249738,1404.0733231682805,-4575.688069310821,-4201.584693249738,-41.4689,-72.9411,128
4258,GW-Puerto Saavedra - Chile,gateway,-1,-1,0.0,0.0,0.0,0.0,0.0,0.0,0.0,3078.9224841565065,3912.1623386558026,-3973.592943164693,1423.6704256612238,-4770.528308954775,-3973.592943164693,-38.7833,-73.3833,136
4259,GW-Punta Arenas - Chile,gateway,-1,-1,0.0,0.0,0.0,0.0,0.0,0.0,0.0,2238.201055892597,3110.545094800353,-5081.493130378486,1252.852812858101,-3621.5182703803694,-5081.493130378486,-53.1638,-70.9171,77
4260,GW-Punta Gorda - FL,gateway,-1,-1,0.0,0.0,0.0,0.0,0.0,0.0,0.0,4152.569955297543,3890.625531090191,2871.2828380241913,787.4871396741862,-5635.660410427375,2871.2828380241913,26.9298,-82.0454,114
4261,GW-Puwera - NZ,gateway,-1,-1,0.0,0.0,0.0,0.0,0.0,0.0,0.0,2543.450880346566,-4511.431563620429,-3710.215702988859,-5152.801656205376,520.3770035018075,-3710.215702988859,-35.8,174.2333,123
4262,GW-Redmond - WA,gateway,-1,-1,0.0,0.0,0.0,0.0,0.0,0.0,0.0,4296.456358839556,229.57397484475226,4692.545845282756,-2287.755330402595,-3643.9562293684853,4692.545845282756,47.674,-122.1215,112
4263,GW-Rio Negro - Brazil,gateway,-1,-1,0.0,0.0,0.0,0.0,0.0,0.0,0.0,1446.3769760376176,5545.7011355959485,-2789.512780573044,3699.423852232864,-4377.3360167677865,-2789.512780573044,-26.105,-49.7978,108
4264,GW-Riverside - GA,gateway,-1,-1,0.0,0.0,0.0,0.0,0.0,0.0,0.0,4020.4673679083867,3460.5893934012533,3529.425157014219,512.1099055195249,-5279.922371664779,3529.425157014219,33.8151,-84.4601,137
4265,GW-Robbins - CA,gateway,-1,-1,0.0,0.0,0.0,0.0,0.0,0.0,0.0,4962.916915764566,301.2010895748791,3981.5232168981,-2613.1914484542476,-4229.952347588417,3981.5232168981,38.875,-121.7071,137
4266,GW-Robertsdale - AL,gateway,-1,-1,0.0,0.0,0.0,0.0,0.0,0.0,0.0,4363.220377766394,3344.4000602727397,3223.029385579362,219.66652233556877,-5493.127565155685,3223.029385579362,30.55,-87.71,132
4267,GW-Rolette County - ND,gateway,-1,-1,0.0,0.0,0.0,0.0,0.0,0.0,0.0,3813.815157690093,1808.4530760563898,4765.697891024262,-719.1932747370581,-4159.140490401534,4765.697891024262,48.6604,-99.8105,122
4268,GW-Rolette - ND,gateway,-1,-1,0.0,0.0,0.0,0.0,0.0,0.0,0.0,3814.8175126964366,1806.4742742976216,4765.646474277451,-721.3881438987403,-4158.819676869493,4765.646474277451,48.6597,-99.8406,121
4269,GW-Roll - AZ,gateway,-1,-1,0.0,0.0,0.0,0.0,0.0,0.0,0.0,5263.840014287972,1040.816859853153,3436.528558302181,-2182.0464875948373,-4902.038816426162,3436.528558302181,32.8128,-113.9953,136
4270,GW-Saguenay - QC,gateway,-1,-1,0.0,0.0,0.0,0.0,0.0,0.0,0.0,2484.8430446999746,3435.8686062114484,4748.5813121200745,1376.6520012468686,-4010.5445145773206,4748.5813121200745,48.4279,-71.0548,113
4271,GW-Salem - OR,gateway,-1,-1,0.0,0.0,0.0,0.0,0.0,0.0,0.0,4518.271274205886,180.8008029020189,4483.047941128777,-2455.4181539523915,-3797.1549779914335,4483.047941128777,44.9453,-122.8886,122
4272,GW-Salt Lake City - UT,gateway,-1,-1,0.0,0.0,0.0,0.0,0.0,0.0,0.0,4722.227618476067,1108.6402899670659,4127.625448686977,-1814.5622194637635,-4498.430940331434,4127.625448686977,40.5861,-111.968,137
4273,GW-Sambro Creek - NS,gateway,-1,-1,0.0,0.0,0.0,0.0,0.0,0.0,0.0,2169.292041139397,4008.6925309443363,4446.564396509353,2026.651037396026,-4082.6620408774047,4446.564396509353,44.4833,-63.6,126
4274,GW-San Clemente - Chile,gateway,-1,-1,0.0,0.0,0.0,0.0,0.0,0.0,0.0,3076.4914716220187,4187.644751513869,-3686.175216380994,1650.235249747934,-4927.260086532275,-3686.175216380994,-35.5333,-71.4833,139
4275,GW-San Jose - CA,gateway,-1,-1,0.0,0.0,0.0,0.0,0.0,0.0,0.0,5074.845728855494,301.11880138911937,3838.8256974236224,-2677.7463138357316,-4321.389404227768,3838.8256974236224,37.2422,-121.7844,133
4276,GW-Sanderson - TX,gateway,-1,-1,0.0,0.0,0.0,0.0,0.0,0.0,0.0,5089.572339653655,2137.9119364885214,3184.00584853938,-1184.9371598703901,-5391.691569063088,3184.00584853938,30.1421,-102.3949,136
4277,GW-Sandston - VA,gateway,-1,-1,0.0,0.0,0.0,0.0,0.0,0.0,0.0,3394.8696649014437,3761.6611318477935,3860.69232758864,1118.6265364627238,-4942.05515797263,3860.69232758864,37.4901,-77.2461,143
4278,GW-Santa Clara - CA,gateway,-1,-1,0.0,0.0,0.0,0.0,0.0,0.0,0.0,5065.298079521437,283.17600878537644,3852.682553325154,-2686.910904468104,-4303.247968431005,3852.682553325154,37.3992,-121.9803,135
4279,GW-Santa Elena - Chile,gateway,-1,-1,0.0,0.0,0.0,0.0,0.0,0.0,0.0,3064.9485059189974,4091.548995921269,-3801.1278524247605,1578.3423161740234,-4862.460083428332,-3801.1278524247605,-36.8167,-72.0167,137
4280,GW-Santiago de los Caballeros - DR,gateway,-1,-1,0.0,0.0,0.0,0.0,0.0,0.0,0.0,3495.141396546593,4896.950824266678,2110.5615243168318,1988.778604196924,-5678.107115987537,2110.5615243168318,19.4517,-70.697,90
4281,GW-Seattle - WA,gateway,-1,-1,0.0,0.0,0.0,0.0,0.0,0.0,0.0,4304.694179015059,214.67663351615792,4685.7421990183175,-2304.6778063138768,-3642.106291819092,4685.7421990183175,47.5832,-122.3251,113
4282,GW-Secaucus - NJ,gateway,-1,-1,0.0,0.0,0.0,0.0,0.0,0.0,0.0,3036.1903514882456,3764.3371368755916,4144.416340719094,1327.466271669913,-4650.432154984074,4144.416340719094,40.7855,-74.0686,139
4283,GW-Shakopee - MN,gateway,-1,-1,0.0,0.0,0.0,0.0,0.0,0.0,0.0,3857.593122753175,2384.1163390116153,4470.0038845184345,-273.90033283444774,-4526.589668428973,4470.0038845184345,44.7797,-93.4627,142
4284,GW-Slope County - ND,gateway,-1,-1,0.0,0.0,0.0,0.0,0.0,0.0,0.0,4103.441493212707,1594.1002503509299,4599.85274476137,-1061.2612586344283,-4272.3661169556035,4599.85274476137,46.45,-103.95,127
4285,GW-Springbrook Creek - Australia,gateway,-1,-1,0.0,0.0,0.0,0.0,0.0,0.0,0.0,735.6107088050063,-5744.889104646715,-2662.327586518485,-5119.377894723678,2708.660907277194,-2662.327586518485,-24.8333,152.1167,100
4286,GW-Springer - OK,gateway,-1,-1,0.0,0.0,0.0,0.0,0.0,0.0,0.0,4655.893183075977,2480.6290742209358,3572.6388585793516,-654.95543101529,-5234.68196927637,3572.6388585793516,34.2853,-97.1317,140
4287,GW-St James - MN,gateway,-1,-1,0.0,0.0,0.0,0.0,0.0,0.0,0.0,3950.2394023175307,2340.400807318388,4412.206108125534,-363.0090149572301,-4577.1270169811005,4412.206108125534,44.0515,-94.5346,140
4288,GW-St. John's - NL,gateway,-1,-1,0.0,0.0,0.0,0.0,0.0,0.0,0.0,1298.9234018002003,4111.524081130263,4684.114484206668,2612.1614074201393,-3430.5167329490014,4684.114484206668,47.5615,-52.7126,107
4289,GW-Sterling - VA,gateway,-1,-1,0.0,0.0,0.0,0.0,0.0,0.0,0.0,3337.4836732906138,3675.0813849484266,3991.022758764894,1080.9238523798938,-4845.2682155719785,3991.022758764894,38.985,-77.4239,142
4290,GW-Sullivan - ME,gateway,-1,-1,0.0,0.0,0.0,0.0,0.0,0.0,0.0,2481.902178741943,3818.568213040498,4450.376221930592,1691.144024621483,-4228.632581636097,4450.376221930592,44.5314,-68.2022,129
4291,GW-Sunnyvale - CA,gateway,-1,-1,0.0,0.0,0.0,0.0,0.0,0.0,0.0,5064.6599238484505,279.469490143714,3853.7845770495114,-2689.5727369397932,-4300.590870202369,3853.7845770495114,37.4117,-122.0217,134
4292,GW-Sunset - TX,gateway,-1,-1,0.0,0.0,0.0,0.0,0.0,0.0,0.0,4729.437241288165,2451.8630320285015,3495.578957206033,-720.8395067257429,-5278.219335406097,3495.578957206033,33.4486,-97.7767,136
4293,GW-Surrency - GA,gateway,-1,-1,0.0,0.0,0.0,0.0,0.0,0.0,0.0,3978.9475723184637,3698.8118232082716,3330.561528066973,730.7414052112536,-5383.23784403719,3330.561528066973,31.6829,-82.2697,128
4294,GW-Surubim - Brazil,gateway,-1,-1,0.0,0.0,0.0,0.0,0.0,0.0,0.0,63.194551387728545,6318.731355671273,-863.2783373891131,5128.174666928745,-3692.178771665679,-863.2783373891131,-7.8311,-35.7531,87
4295,GW-Sussex - NJ,gateway,-1,-1,0.0,0.0,0.0,0.0,0.0,0.0,0.0,3046.936756639751,3716.5104798360458,4179.31112407032,1282.1838636983744,-4631.660424228554,4179.31112407032,41.2018,-74.5263,141
4296,GW-Suva - Fiji,gateway,-1,-1,0.0,0.0,0.0,0.0,0.0,0.0,0.0,3357.177460081466,-5048.752250561621,-1973.2838672126627,-6060.805360341597,164.85803008841205,-1973.2838672126627,-18.1416,178.4419,90
4297,GW-Tapachula - Mexico,gateway,-1,-1,0.0,0.0,0.0,0.0,0.0,0.0,0.0,5174.907268907321,3350.6676943818748,1629.7520148531166,-242.86276823408556,-6160.16695518635,1629.7520148531166,14.9032,-92.2577,80
4298,GW-Te Hana - NZ,gateway,-1,-1,0.0,0.0,0.0,0.0,0.0,0.0,0.0,2553.2417538656555,-4470.850993831095,-3752.0926891608506,-5125.274322559201,488.9940503102116,-3752.0926891608506,-36.2667,174.55,126
4299,GW-Tea Gardens - Australia,gateway,-1,-1,0.0,0.0,0.0,0.0,0.0,0.0,0.0,685.7108927097195,-5330.593358552369,-3422.90008809028,-4752.005597374848,2510.7504426249748,-3422.90008809028,-32.6667,152.15,123
4300,GW-Thomaston - GA,gateway,-1,-1,0.0,0.0,0.0,0.0,0.0,0.0,0.0,4048.4914610531255,3509.1767271388217,3449.0368367926544,535.6764879692438,-5330.821241867874,3449.0368367926544,32.9471,-84.2618,135
4301,GW-Tionesta - CA,gateway,-1,-1,0.0,0.0,0.0,0.0,0.0,0.0,0.0,4803.48123929493,193.3808226808218,4177.581177117269,-2609.459203933544,-4037.5179035944325,4177.581177117269,41.1811,-122.8747,134
4302,GW-Toa Baja - PR,gateway,-1,-1,0.0,0.0,0.0,0.0,0.0,0.0,0.0,3124.022080233789,5183.98518086376,2005.0736499489838,2437.2045323681446,-5540.14894931603,2005.0736499489838,18.4441,-66.2545,91
4303,GW-Toonpan - Australia,gateway,-1,-1,0.0,0.0,0.0,0.0,0.0,0.0,0.0,202.83888715177838,-6019.08800386593,-2092.975133677806,-5036.537384045274,3302.0986041513215,-2092.975133677806,-19.2833,146.75,89
4304,GW-Torrumbarry - Australia,gateway,-1,-1,0.0,0.0,0.0,0.0,0.0,0.0,0.0,-21.324085294423266,-5163.782045549024,-3731.1803178330356,-4208.306110804728,2992.5339443875473,-3731.1803178330356,-36.0333,144.5833,122
4305,GW-Tracy City - TN,gateway,-1,-1,0.0,0.0,0.0,0.0,0.0,0.0,0.0,4026.4288569801474,3312.4327803333636,3661.412572167218,387.58012146307857,-5199.434768702858,3661.412572167218,35.2595,-85.7369,138
4306,GW-Tromsø - Norway,gateway,-1,-1,0.0,0.0,0.0,0.0,0.0,0.0,0.0,-1802.8559794498171,1303.3199433626016,5957.558011663977,2103.9747719356533,722.6497882535989,5957.558011663977,69.6496,18.956,1
4307,GW-Tucson - AZ,gateway,-1,-1,0.0,0.0,0.0,0.0,0.0,0.0,0.0,5238.402007464594,1327.6983839677478,3376.412541127345,-1932.9092126409475,-5046.533519782407,3376.412541127345,32.1701,-110.9577,141
4308,GW-Tukwila - WA,gateway,-1,-1,0.0,0.0,0.0,0.0,0.0,0.0,0.0,4310.684723160821,216.91379241952896,4680.166191245388,-2306.30071792401,-3648.2915692604806,4680.166191245388,47.5089,-122.2994,114
4309,GW-Tulelake - CA,gateway,-1,-1,0.0,0.0,0.0,0.0,0.0,0.0,0.0,4762.588782199108,320.57195765847746,4216.137244777536,-2481.9400290108583,-4077.3756241925216,4216.137244777536,41.644,-121.3293,131
4310,GW-Uruguaiana - Brazil,gateway,-1,-1,0.0,0.0,0.0,0.0,0.0,0.0,0.0,2067.7606926274825,5141.588761341422,-3146.7960891578136,3011.1153441546317,-4652.3922509741415,-3146.7960891578136,-29.7547,-57.0883,123
4311,GW-Vernon - UT,gateway,-1,-1,0.0,0.0,0.0,0.0,0.0,0.0,0.0,4765.79200867436,1078.3969994038991,4085.6357553615235,-1864.380978874595,-4516.613457434489,4085.6357553615235,40.09,-112.43,136
4312,GW-Villahermosa - Mexico,gateway,-1,-1,0.0,0.0,0.0,0.0,0.0,0.0,0.0,5133.074924339263,3236.587089437442,1957.2581230377264,-312.0043528569256,-6060.248134374697,1957.2581230377264,17.9893,-92.9472,80
4313,GW-Villarejo de Salvanes - Spain,gateway,-1,-1,0.0,0.0,0.0,0.0,0.0,0.0,0.0,-2580.1648046881937,4143.048682440132,4092.147527714251,4872.858382700877,-278.1258466276979,4092.147527714251,40.1667,-3.2667,140
4314,GW-Villenave d’Ornon,gateway,-1,-1,0.0,0.0,0.0,0.0,0.0,0.0,0.0,-2576.7009174770246,3732.2696139888944,4469.5384657913,4535.11441111667,-44.287331299694394,4469.5384657913,44.7738,-0.5595,129
4315,GW-Virginia Beach - VA,gateway,-1,-1,0.0,0.0,0.0,0.0,0.0,0.0,0.0,3343.8248287235933,3869.868779951057,3798.2043586302134,1236.4789284729989,-4962.6775755302215,3798.2043586302134,36.7838,-76.0093,140
4316,GW-Wagin - Australia,gateway,-1,-1,0.0,0.0,0.0,0.0,0.0,0.0,0.0,-2461.064329544001,-4733.729794709769,-3483.3633667202007,-2451.1525520896635,4738.869756583439,-3483.3633667202007,-33.3167,117.35,128
4317,GW-Wailuku - HI,gateway,-1,-1,0.0,0.0,0.0,0.0,0.0,0.0,0.0,5092.107686175285,-3099.0336549284425,2261.107013069235,-5466.789710005605,-2376.5059538240994,2261.107013069235,20.9005,-156.5046,94
4318,GW-Warra - Australia,gateway,-1,-1,0.0,0.0,0.0,0.0,0.0,0.0,0.0,605.7231731175513,-5655.380450987141,-2876.566720914238,-4971.383938332883,2763.2535796674442,-2876.566720914238,-26.9833,150.9333,107
4319,GW-Warren - MO,gateway,-1,-1,0.0,0.0,0.0,0.0,0.0,0.0,0.0,4127.144038566081,2785.449565232247,3972.684252970245,-101.17391838585417,-4978.133288067175,3972.684252970245,38.7728,-91.1643,151
4320,GW-Watkins - CO,gateway,-1,-1,0.0,0.0,0.0,0.0,0.0,0.0,0.0,4597.090548871805,1724.5542247896396,4057.382754357103,-1239.0504597600493,-4751.008603121519,4057.382754357103,39.7582,-104.617,141
4321,GW-Weehawken - NJ,gateway,-1,-1,0.0,0.0,0.0,0.0,0.0,0.0,0.0,3034.431832572199,3767.9805678264206,4142.406412007896,1331.457379977021,-4651.093995110152,4142.406412007896,40.7616,-74.0253,139
4322,GW-Wellington - UT,gateway,-1,-1,0.0,0.0,0.0,0.0,0.0,0.0,0.0,4768.761375625154,1232.1575025639208,4038.7378931324747,-1740.4163811991302,-4607.629324157119,4038.7378931324747,39.5401,-110.6928,138
4323,GW-West Jordan - UT,gateway,-1,-1,0.0,0.0,0.0,0.0,0.0,0.0,0.0,4720.210249233104,1106.5760819568877,4130.466712627204,-1815.087085685907,-4495.592763307252,4130.466712627204,40.6198,-111.9863,137
4324,GW-Westbury - NY,gateway,-1,-1,0.0,0.0,0.0,0.0,0.0,0.0,0.0,3003.8498375829026,3792.9327759327994,4141.926951090866,1369.4717127328145,-4640.474126370793,4141.926951090866,40.7559,-73.5579,137
4325,GW-Westminster - CO,gateway,-1,-1,0.0,0.0,0.0,0.0,0.0,0.0,0.0,4602.448627084908,1684.2475211023348,4068.1532313463435,-1275.081994721972,-4732.165358906106,4068.1532313463435,39.8845,-105.0802,141
4326,GW-Willemstad - Curaçao,gateway,-1,-1,0.0,0.0,0.0,0.0,0.0,0.0,0.0,3469.8073745940437,5181.198685630208,1335.7483983252014,2235.703357090265,-5821.1694302656,1335.7483983252014,12.1696,-68.99,79
4327,GW-Wise - VA,gateway,-1,-1,0.0,0.0,0.0,0.0,0.0,0.0,0.0,3752.0629081472066,3456.5001855717346,3815.3838730320713,663.4084138862585,-5058.18731127431,3815.3838730320713,36.9773,-82.528,143
4328,GW-Wola Krobowska - Poland,gateway,-1,-1,0.0,0.0,0.0,0.0,0.0,0.0,0.0,-3370.0063045025486,2296.269491455516,4887.722382555579,3818.4683846669054,1431.4661243199619,4887.722382555579,50.35,20.55,96
4329,GW-Yamaguchi - Japan,gateway,-1,-1,0.0,0.0,0.0,0.0,0.0,0.0,0.0,-1219.4734022194582,-5138.978875091093,3563.5415837766304,-3497.7215388020154,3957.5451095791295,3563.5415837766304,34.1861,131.4706,134
