id,name,kind,shell_id,plane_id,inclination_deg,raan_deg,argp_deg,true_anomaly_deg,arg_of_lat_deg,semi_major_axis_km,altitude_km,eci_x_km,eci_y_km,eci_z_km,ecef_x_km,ecef_y_km,ecef_z_km,lat_deg,lon_deg,degree
0,STARLINK-5372,satellite,0,26,42.9997,63.9152,55.967,256.8984,312.8655,6865.2886,492.9169,5359.153452868615,2576.6069490851887,-3431.952895527803,-517.2448275599687,-5923.840552363825,-3431.952895527803,-30.1463,-94.9902,4
1,STARLINK-5368,satellite,0,26,43.0123,63.8746,12.4772,317.9704,330.4476,6867.912,489.4193,4852.622365781955,4271.64004570663,-2309.7832057464198,1199.0805775039876,-6352.720541124448,-2309.7832057464198,-19.7743,-79.3111,4
2,STARLINK-4659,satellite,0,26,42.9842,63.9927,101.1201,183.9653,285.0854,6861.741,497.6187,5142.483614062563,-520.5634156926426,-4520.200333559224,-3070.7282682116697,-4157.733985413846,-4520.200333559224,-41.3474,-126.448,4
3,STARLINK-5387,satellite,0,26,42.983,64.0707,79.2263,181.9168,261.1432,6858.8476,495.6636,4000.001988735337,-3119.9574013215442,-4623.9953902926945,-4723.835846081155,-1849.1957698487392,-4623.9953902926945,-42.5274,-158.6216,4
4,STARLINK-5304,satellite,0,26,42.9966,64.1623,93.5875,137.7901,231.3776,6864.6371,494.0938,1663.4107541970952,-5567.241910587927,-3658.2464949270984,-5637.0414619760695,1408.8581845409255,-3658.2464949270984,-32.3557,165.9676,15
5,STARLINK-5082,satellite,0,26,43.0202,63.8098,48.1262,326.4177,14.5439,6869.5447,484.8371,1801.087988509986,6516.5571603953285,1175.7228919067388,4686.485241975023,-4873.016647191437,1175.7228919067388,9.9257,-46.1179,4
6,STARLINK-5360,satellite,0,26,43.014,63.8717,14.3658,318.5746,332.9404,6868.2332,488.929,4742.434923830073,4483.158306207601,-2130.4458929118637,1437.2178637248217,-6365.830834814228,-2130.4458929118637,-18.1851,-77.2776,5
7,STARLINK-5432,satellite,0,78,42.9888,52.8356,70.9023,172.068,242.9703,6872.5741,505.4206,1682.585688267439,-5196.493365143277,-4176.107145847415,-5327.9264266492555,1203.261353386289,-4176.107145847415,-37.5722,167.2738,11
8,STARLINK-5087,satellite,0,78,43.0216,52.5349,30.0013,326.8154,356.8167,6870.076,485.563,4389.748552550697,5269.956414719627,-260.041391305406,2293.864761804134,-6463.785069308752,-260.041391305406,-2.1848,-70.4613,7
9,STARLINK-5084,satellite,0,78,43.0153,52.4981,58.9099,323.3617,22.2716,6868.7976,485.0866,2357.2214308694524,6195.1732238666045,1774.1111272674777,4126.389299113258,-5187.444023797035,1774.1111272674777,15.0736,-51.4993,6
10,STARLINK-5418,satellite,0,78,42.9932,52.4235,94.4158,321.4809,55.8966,6863.9977,487.6909,-947.1016067353212,5581.1862230987845,3872.8655141329923,5283.675421625028,-2032.0962450887712,3872.8655141329923,34.5441,-21.0367,5
11,STARLINK-5427,satellite,0,78,42.9887,52.6622,103.0894,192.3491,295.4385,6870.8678,504.3419,5401.334869802671,-406.44857047215174,-4232.852973577904,-3104.603079122246,-4438.58744842205,-4232.852973577904,-38.1793,-124.9712,3
12,STARLINK-5416,satellite,0,78,43.0191,52.5677,13.3105,321.6669,334.9774,6877.8972,498.1339,5474.425638827723,3654.2823176675474,-1983.7834825800521,350.9104471472398,-6572.668954873275,-1983.7834825800521,-16.8713,-86.9439,4
13,STARLINK-5078,satellite,0,78,42.9933,52.8316,78.4822,164.9536,243.4357,6863.0023,495.8617,1724.3438409028909,-5160.576732096333,-4187.759100793852,-5318.332250841438,1149.023915840594,-4187.759100793852,-37.7568,167.8086,12
14,STARLINK-5407,satellite,0,78,43.0035,52.4581,80.38,320.5975,40.9776,6866.3144,486.4352,547.302777843944,6111.40675530593,3068.3207389699937,4977.504181290783,-3587.936034082468,3068.3207389699937,26.7112,-35.7852,4
15,STARLINK-5409,satellite,0,78,42.9863,52.6658,107.8146,183.4573,291.2719,6876.3537,510.5146,5242.772295748919,-859.6601321422053,-4371.345263679156,-3413.551841810884,-4071.036810339187,-4371.345263679156,-39.6224,-129.9797,4
16,STARLINK-5406,satellite,0,78,42.9844,52.7944,75.1162,177.6008,252.717,6864.9928,499.4348,2587.341580156686,-4526.314280072867,-4471.490293901399,-5212.958162508772,83.21424356695559,-4471.490293901399,-40.7946,179.0855,9
17,STARLINK-5400,satellite,0,78,42.9823,52.2751,85.9215,15.9389,101.8604,6865.9074,493.3756,-4748.755563167314,1890.4932648258875,4578.424201523997,4048.2341180604603,3120.3276604285975,4578.424201523997,42.0302,37.6246,7
18,STARLINK-5403,satellite,0,78,43.0007,52.622,37.2439,277.9677,315.2116,6870.7184,497.2962,5773.0504976912825,1725.8281924756843,-3301.043720922021,-1460.1450632468795,-5845.902102594023,-3301.043720922021,-28.8666,-104.024,4
19,STARLINK-5405,satellite,0,78,42.9811,52.7207,97.2021,177.5574,274.7594,6875.2496,511.7522,4336.876444845051,-2583.913831495854,-4674.3138838253435,-4434.589640467742,-2412.3686921993517,-4674.3138838253435,-42.9749,-151.4543,3
20,STARLINK-5359,satellite,0,78,42.9835,53.1303,83.6051,15.7602,99.3653,6875.307,503.4887,-4639.082963097811,2081.4622342311623,4622.744924995499,4156.554508344079,2928.588463782418,4622.744924995499,42.4534,35.1674,8
21,STARLINK-5411,satellite,0,78,42.9827,52.709,101.081,178.2915,279.3725,6861.4982,497.8001,4620.3051398875905,-2113.0718764490302,-4618.756548928185,-4174.165401258514,-2896.3141306922944,-4618.756548928185,-42.4517,-145.2445,3
22,STARLINK-5398,satellite,0,78,43.0235,52.5104,43.499,325.3568,8.8558,6869.9812,485.0111,3514.2244957923463,5850.651461051348,720.8689995664784,3239.9125067228547,-6006.901303859592,720.8689995664784,6.0668,-61.6591,9
23,STARLINK-5379,satellite,0,78,42.9964,52.6099,76.2366,232.3831,308.6196,6870.9778,499.9805,5724.609027740018,1023.1997932928041,-3661.5113398086346,-2039.7953307161026,-5445.853592070369,-3661.5113398086346,-32.3569,-110.5339,3
24,STARLINK-5401,satellite,0,78,42.9906,52.2142,86.6388,33.2296,119.8684,6863.4175,487.9399,-5530.981015098611,-33.842564949319524,4055.5138370640916,2792.018591230686,4774.675747609028,4055.5138370640916,36.4203,59.6828,5
25,STARLINK-5397,satellite,0,78,42.9851,53.1113,81.544,23.6598,105.2038,6876.5475,503.9606,-4962.331820243715,1470.7178214405417,4521.930833439696,3796.10531085415,3518.1433275821823,4521.930833439696,41.3201,42.8236,3
26,STARLINK-5491,satellite,1,99,43.0046,220.2305,171.4296,48.2145,219.644,6882.9349,507.699,1971.8240841092343,5873.8821715851,-2994.6948079841677,4046.6097177720458,-4692.071160625268,-2994.6948079841677,-25.9356,-49.2243,11
27,STARLINK-5655,satellite,1,99,43.0148,219.8191,10.4614,328.7033,339.1646,6880.0421,498.5277,-6080.478496783994,-2741.4937104337746,-1668.2693049801514,743.3377427314856,6628.382571520095,-1668.2693049801514,-14.1268,83.6013,2
28,STARLINK-5653,satellite,1,99,43.0205,220.2878,149.6229,29.5472,179.1702,6882.1015,497.3263,5291.171691200038,4389.858062382801,67.93714139897331,1077.0784067146692,-6790.232233098728,67.93714139897331,0.5697,-80.9867,4
29,STARLINK-5547,satellite,0,89,43.0183,231.1953,21.355,327.9618,349.3168,6869.7552,486.2163,-4951.8842964944215,-4673.3152145220365,-868.098804387424,-1493.9477046897857,6642.977753673673,-868.098804387424,-7.3107,102.6745,2
30,STARLINK-5608,satellite,0,89,43.0119,231.1382,62.4516,324.8554,27.307,6868.2204,485.423,-2033.1932724700923,-6191.533361779197,2147.238664214778,-4288.532063315861,4906.878131271883,2147.238664214778,18.3432,131.1529,7
31,STARLINK-5665,satellite,1,99,43.0186,219.8683,41.6096,327.0012,8.6108,6885.4375,500.7011,-4737.289080356196,-4937.584988245149,702.6218152963328,-1830.712788354976,6593.189215664864,702.6218152963328,5.8991,105.5182,2
32,STARLINK-5574,satellite,0,47,43.0069,219.5095,108.4229,37.0921,145.515,6876.4493,495.437,6178.923301548951,1408.2121819950892,2653.2733347629137,-1940.3582395219205,-6033.006267049898,2653.2733347629137,22.8451,-107.829,44
33,STARLINK-5654,satellite,0,47,43.0163,219.4767,126.9861,35.9294,162.9155,6873.664,489.744,6004.415103460956,3034.5960381333052,1376.286801584422,-452.432081512608,-6712.457006263992,1376.286801584422,11.6319,-93.856,14
34,STARLINK-5635,satellite,0,47,42.985,220.1433,77.2108,175.0952,252.3059,6875.3028,510.3209,-1492.6291527749013,5013.032448713907,-4468.542098831073,5073.235401864021,-1273.0744977595295,-4468.542098831073,-40.6839,-14.0869,4
35,STARLINK-5625,satellite,0,47,42.9806,219.6875,99.4206,344.184,83.6047,6873.2376,502.0287,2600.8630423682766,-4332.50595019977,4654.704921966672,-5053.15275153507,-27.269824479368275,4654.704921966672,42.8271,-179.6908,4
36,STARLINK-5586,satellite,0,47,43.0198,219.8839,17.7248,332.0958,349.8206,6876.6295,492.6278,-5758.273878513711,-3655.0165295157663,-828.4042283498743,-206.76255738595827,6817.192467274928,-828.4042283498743,-6.9682,91.7372,4
37,STARLINK-5689,satellite,0,85,42.9857,271.3145,82.3022,181.7996,264.1019,6870.4167,507.0046,-5017.694401466533,591.5534982017339,-4662.8639136713955,3068.1397372266983,4014.1887350489374,-4662.8639136713955,-42.8814,52.6085,4
38,STARLINK-5690,satellite,0,85,43.0178,270.5852,135.1091,32.8869,167.9961,6869.8094,484.9535,974.9421619605404,6722.901774878994,973.7321848220107,5285.353653484914,-4267.664144638504,973.7321848220107,8.2075,-38.9192,6
39,STARLINK-5694,satellite,0,85,42.9854,270.9437,97.9202,328.7207,66.6409,6863.3479,489.6309,4650.712322444936,-2643.4571654998113,4293.473719651998,-4645.880086660917,-2651.9406313756376,4293.473719651998,38.9249,-150.2816,4
40,STARLINK-5692,satellite,0,85,43.0188,270.6419,158.067,30.5533,188.6203,6869.9259,486.0787,-828.1788140006403,6777.598076682037,-701.89580561601,6252.098585524791,-2744.627317848901,-701.89580561601,-5.9057,-23.7011,7
41,STARLINK-5696,satellite,0,85,42.9795,271.2942,93.4316,175.3473,268.7788,6871.7849,508.3281,-5031.724302938793,32.91722978668682,-4686.8977089593,2594.790819546285,4311.193988630067,-4686.8977089593,-43.1451,58.9574,4
42,STARLINK-5695,satellite,0,85,43.0189,271.0709,35.8849,329.6632,5.5481,6876.8264,491.745,613.3147789436997,-6827.335494087194,453.13349704372445,-6185.286307979226,2954.8093432941314,453.13349704372445,3.8056,154.4655,5
43,STARLINK-5704,satellite,0,85,42.983,271.1916,103.6148,181.6737,285.2886,6861.792,497.1511,-4806.422191730851,-1910.800749730149,-4515.452364483072,808.0052125818407,5108.814086142955,-4515.452364483072,-41.298,81.0126,4
44,STARLINK-5701,satellite,0,85,43.0192,271.079,29.5678,331.2388,0.8066,6872.7181,487.653,199.92250005976229,-6862.559921860495,65.93867822419986,-6004.729675033681,3328.3508253977643,65.93867822419986,0.5537,151.0009,5
45,STARLINK-5706,satellite,0,85,43.0103,271.0295,62.1597,325.3276,27.4873,6877.1406,494.2558,2427.8514856470633,-6052.0589626971405,2163.019212692981,-6443.96170262247,998.6180948973278,2163.019212692981,18.458,171.191,4
46,STARLINK-5371,satellite,0,85,42.9887,270.9616,93.1367,326.9679,60.1046,6867.9417,492.6675,4409.190475498283,-3347.2698328685315,4057.0736908745043,-5128.066561541741,-2085.212057238776,4057.0736908745043,36.4073,-157.872,9
47,STARLINK-5373,satellite,0,85,43.021,270.6278,156.6245,31.2202,187.8447,6869.913,485.962,-759.3950611658303,6791.764772172051,-639.1773244187417,6229.200128880924,-2811.0167793505275,-639.1773244187417,-5.3765,-24.288,6
48,STARLINK-5013,satellite,0,85,43.019,271.0691,29.9572,329.0618,359.019,6870.4663,485.7019,42.14503583386877,-6863.238358086774,-80.17373900049455,-5924.837372966534,3464.4074627355953,-80.17373900049455,-0.6735,149.6841,5
49,STARLINK-5362,satellite,0,85,43.0074,270.5922,173.9392,40.2563,214.1954,6867.4638,490.4759,-2880.1371362764994,5649.128296494973,-2631.8575272726903,6328.077679123649,-404.070935599481,-2631.8575272726903,-22.668,-3.6536,4
50,STARLINK-5344,satellite,0,85,42.9936,270.969,91.212,322.8663,54.0783,6874.3029,497.5466,4136.348656257631,-3960.592545818756,3793.340406097221,-5516.444031154734,-1537.6991810028094,3793.340406097221,33.6846,-164.4243,9
51,STARLINK-5363,satellite,0,85,42.9889,271.1891,108.0929,189.5301,297.6231,6863.845,495.8218,-4382.980065732983,-3275.1604711081113,-4148.079970221859,-581.514741756267,5440.499147435092,-4148.079970221859,-37.3388,96.101,4
52,STARLINK-5365,satellite,1,98,43.0165,271.042,43.6243,330.3546,13.9789,6883.4223,498.329,1335.5676794997387,-6649.063784470736,1133.1251659528477,-6400.339565210324,2242.642121803643,1133.1251659528477,9.5436,160.6898,3
53,STARLINK-5366,satellite,0,85,43.0036,270.701,106.6724,33.7826,140.455,6872.4009,491.8054,3131.846159212567,5333.1756500250995,2981.491372124374,2989.8468339950678,-5414.05936319919,2981.491372124374,25.8774,-61.0909,7
54,STARLINK-5141,satellite,1,98,43.0225,271.0579,38.8012,328.6019,7.4032,6882.7672,497.6669,773.4695472752413,-6805.201914860061,604.4564550452826,-6247.936764664722,2805.7644996200465,604.4564550452826,5.0749,155.8166,3
55,STARLINK-5367,satellite,1,98,43.0167,271.0739,13.2438,332.4289,345.6726,6885.0685,501.8157,-1119.5547809923044,-6687.534969937135,-1161.3778487526283,-5181.172274372449,4374.011973583181,-1161.3778487526283,-9.7788,139.8285,4
56,STARLINK-5737,satellite,0,2,43.0063,296.7112,169.067,47.1395,216.2065,6864.5825,488.164,-5137.229061427415,3614.093105195413,-2765.041871355857,5728.91453885658,2575.330970782807,-2765.041871355857,-23.8918,24.2054,4
57,STARLINK-5751,satellite,0,85,43.0099,270.7274,175.2523,35.934,211.1863,6867.8418,489.6483,-2673.8201977924427,5839.546113514341,-2424.8867213854896,6386.629664876621,-678.6566036672797,-2424.8867213854896,-20.8027,-6.0656,3
58,STARLINK-5752,satellite,0,2,43.007,296.6232,121.8583,103.0771,224.9353,6873.5301,500.7127,-5354.510768449681,2759.109067918567,-3311.5868276203537,5104.3357234404,3198.3160007297924,-3311.5868276203537,-28.9516,32.0708,4
59,STARLINK-5754,satellite,0,2,42.987,296.5636,85.8317,179.8865,265.7182,6858.7672,495.5571,-4707.536809458619,-1780.6725223830426,-4666.886490746464,869.4962107096485,4957.385781229799,-4666.886490746464,-43.0162,80.0518,4
60,STARLINK-5757,satellite,0,85,42.9951,270.8846,84.8572,36.6092,121.4663,6863.7248,488.0843,4223.221672197822,3645.995237910379,3989.5504197174428,981.9705345335343,-5492.232372787449,3989.5504197174428,35.7363,-79.863,93
61,STARLINK-5742,satellite,0,2,42.9828,296.166,99.7379,336.7915,76.5294,6861.6358,489.2145,5083.423607283299,717.6793662661559,4546.966006951747,-1975.5429101955938,-4738.511311986631,4546.966006951747,41.7083,-112.6318,95
62,STARLINK-5736,satellite,0,2,42.9821,296.9237,84.2308,21.7823,106.013,6871.8265,498.8623,3448.010648819933,3875.9021275192185,4500.57467844662,1575.1260180130491,-4942.709051103657,4500.57467844662,41.1204,-72.3241,81
63,STARLINK-5767,satellite,0,2,43.005,296.4211,63.0283,250.2938,313.322,6871.6132,499.2444,-1176.2476991876804,-5849.291286338883,-3409.979880818111,-4431.249208705411,3995.2218527425935,-3409.979880818111,-29.9033,137.9621,17
64,STARLINK-5727,satellite,0,2,42.9859,296.4042,107.4137,187.5055,294.9192,6862.8096,496.0301,-2793.3545821064326,-4616.7325368145275,-4245.522788371074,-2546.2567222817624,4757.48103959352,-4245.522788371074,-38.3689,118.1562,8
65,STARLINK-5728,satellite,0,2,43.0171,296.3214,42.2102,329.2954,11.5056,6873.3071,488.0441,3880.6288629446817,-5586.306682790302,934.2797291986661,-6784.352379926166,-488.5340429254626,934.2797291986661,7.8693,-175.8813,4
66,STARLINK-5697,satellite,0,2,42.9832,296.4954,101.0611,184.7317,285.7927,6861.8798,497.2018,-3492.02009060312,-3828.6710253022065,-4504.503706713471,-1512.0532697655287,4956.472641158815,-4504.503706713471,-41.176,106.9652,8
67,STARLINK-5762,satellite,0,2,43.0163,296.3154,48.1933,326.6043,14.7977,6874.8275,489.9927,4093.01185878217,-5383.092077797008,1196.5874794088443,-6717.887422697933,-774.8644850096676,1196.5874794088443,10.0959,-173.4204,4
68,STARLINK-5760,satellite,0,2,43.0062,296.4148,39.0063,276.4823,315.4885,6871.3784,497.9142,-975.0377938425565,-5955.403074981619,-3285.589973658928,-4625.14909545727,3876.2766064501484,-3285.589973658928,-28.7162,140.0341,16
69,STARLINK-5759,satellite,0,2,43.0102,296.2916,65.4567,323.4298,28.8865,6868.0503,485.3189,4833.850270739037,-4312.465366014899,2260.876349944604,-6174.870801341384,-1958.1717390830388,2260.876349944604,19.3511,-162.4052,9
70,STARLINK-5703,satellite,0,2,42.9838,296.0821,77.9967,23.5988,101.5956,6861.5048,489.5321,3808.0802971167564,3398.87799018885,4580.368199424824,981.1619722803107,-5009.108536020162,4580.368199424824,42.0811,-78.9175,89
71,STARLINK-5750,satellite,0,2,42.9859,296.202,96.2717,329.7695,66.0412,6862.6451,488.4555,5343.269977860442,-474.5094043986164,4273.188418725173,-3133.5283418974645,-4353.928497540214,4273.188418725173,38.7151,-125.7426,65
72,STARLINK-5729,satellite,0,2,43.0201,296.3333,32.4981,327.7788,0.2769,6870.1929,485.4888,3066.351918145249,-6140.548032132684,22.628412736020888,-6845.747665355337,494.5534583071763,22.628412736020888,0.1901,175.868,4
73,STARLINK-5743,satellite,0,81,42.9879,284.9435,101.6681,325.6792,67.3473,6873.0752,499.5388,5162.558050131087,-1360.3855576271478,4322.389705251088,-3803.331433146406,-3746.6417624339697,4322.389705251088,39.169,-135.4302,36
74,STARLINK-5744,satellite,0,2,42.9933,296.6418,77.8207,162.8199,240.6406,6876.3411,508.2098,-5431.854904168168,1048.1470897192119,-4088.2550279434768,3672.1202074474954,4137.534677036362,-4088.2550279434768,-36.6353,48.4105,4
75,STARLINK-5748,satellite,0,85,42.9948,270.6816,87.281,146.4921,233.7731,6870.871,500.4617,-4102.717684352476,4012.7790759694826,-3780.3655957980363,5544.177928098805,1482.1536396808124,-3780.3655957980363,-33.5382,14.9672,4
76,STARLINK-5714,satellite,0,85,42.9857,270.4518,102.9795,189.1366,292.1161,6862.7763,496.6799,-4632.7344234136035,-2621.658928441719,-4337.075341601724,107.97712051255283,5321.998188312861,-4337.075341601724,-39.3469,88.8377,4
77,STARLINK-5948,satellite,0,23,43.0128,347.4214,170.9953,42.0047,213.0,6867.4406,489.8724,-6214.712889294109,-1414.461137887005,-2550.587949654398,1953.2380766144993,6066.977634952533,-2550.587949654398,-21.9337,72.1543,4
78,STARLINK-5940,satellite,0,65,42.9804,335.9635,88.4052,180.4242,268.8294,6871.477,508.1176,-2176.9396005978124,-4536.20600405117,-4686.918777908188,-2791.4008383181754,4186.204999241847,-4686.918777908188,-43.147,123.6957,10
79,STARLINK-5939,satellite,1,102,42.9956,336.0646,86.7864,150.1607,236.9471,6877.7665,508.5834,-5140.682453024535,-2332.527960580646,-3932.3201693314304,615.7536036228631,5611.430322952457,-3932.3201693314304,-35.0279,83.7379,4
80,STARLINK-5774,satellite,1,102,43.0199,336.1706,138.992,32.6927,171.6846,6886.1204,501.0955,-5932.589674517403,3415.3549863288013,678.7429449098184,5963.6530970149415,3360.8200885045326,678.7429449098184,5.6976,29.4035,0
81,STARLINK-5758,satellite,0,45,42.9915,321.93,94.3579,210.3782,304.7361,6867.494,497.7118,535.2741491252203,-5664.068344438141,-3849.2236191407565,-5144.909194502313,2428.60000937032,-3849.2236191407565,-34.247,154.7308,21
82,STARLINK-5795,satellite,0,45,42.9881,322.0898,76.7288,178.1837,254.9126,6869.8624,505.3214,-4394.797572468719,-2731.154755746123,-4525.56154235452,-107.56642836803024,5173.188713578866,-4525.56154235452,-41.3504,91.1912,4
83,STARLINK-5798,satellite,0,45,43.0194,322.254,145.8677,29.3179,175.1855,6880.2621,494.8146,-5157.260157461453,4525.956912559568,393.54523823193875,6523.461464130744,2127.455953030811,393.54523823193875,3.3031,18.0624,4
84,STARLINK-6076,satellite,0,46,43.0189,91.7447,16.4775,330.7027,347.1802,6872.4715,489.4093,909.6387243452147,6726.690484790298,-1039.5304384660449,5321.92109272893,-4213.426559199014,-1039.5304384660449,-8.7605,-38.3691,10
85,STARLINK-6101,satellite,0,71,43.0156,89.6215,117.995,38.0301,156.0252,6868.6641,484.9926,-2079.914464001948,-6255.894815131026,1902.0085689877246,-4320.06130262482,4979.893016633118,1902.0085689877246,16.1887,130.9417,6
86,STARLINK-6107,satellite,0,80,43.0194,78.3367,138.8193,31.9911,170.8104,6878.7542,493.4626,-2157.025624883231,-6480.903227110405,748.6727462808295,-4474.268617137807,5160.986972204899,748.6727462808295,6.2939,130.9233,6
87,STARLINK-6091,satellite,0,80,43.0046,78.3886,105.9583,35.1102,141.0685,6873.9141,493.0847,-4166.426964934692,-4597.538563728468,2943.304783187451,-1829.398991480828,5928.7244689793315,2943.304783187451,25.5172,107.1484,5
88,STARLINK-6079,satellite,0,80,42.9808,78.555,92.0162,352.8186,84.8348,6868.7931,496.7421,-4779.816168184134,1598.2634096244815,4661.231937684781,3812.718488681541,3296.09864146158,4661.231937684781,42.9424,40.8434,7
89,STARLINK-6092,satellite,0,80,43.0192,78.307,159.695,32.9096,192.6046,6869.8012,486.659,-285.19634956311273,-6781.824486151208,-1021.9622699155346,-5687.846609105233,3704.4407499721633,-1021.9622699155346,-8.6148,146.9242,5
90,STARLINK-6094,satellite,0,71,42.9828,89.786,85.6982,8.9932,94.6914,6858.7023,487.0807,-5000.32139435487,-542.0235759937212,4658.154824761892,2084.2443047583974,4577.436977376994,4658.154824761892,42.9825,65.5188,4
91,STARLINK-6115,satellite,0,80,43.0172,78.7227,45.4608,329.7734,15.2342,6869.7594,485.0835,1.8839850035313725,6751.365581593086,1230.1954890384598,5806.153794989439,-3445.216810978517,1230.1954890384598,10.3901,-30.6838,5
92,STARLINK-6126,satellite,0,80,42.9977,78.2245,85.5339,149.2105,234.7445,6864.0751,494.3262,3205.425456845959,-4716.528263368436,-3823.4751340793455,-5691.828066826857,-351.40358027693173,-3823.4751340793455,-34.0061,-176.4671,9
93,STARLINK-6119,satellite,0,80,43.0048,78.6742,82.4548,321.8328,44.2876,6877.4269,498.1695,-2474.461346328919,5512.1754037225655,3272.5581932950126,6003.360435828749,-683.1545311318675,3272.5581932950126,28.5908,-6.4921,9
94,STARLINK-6124,satellite,0,80,42.9824,78.0648,95.3209,187.8703,283.1912,6866.7854,502.225,5112.345719631995,521.97424957933,-4560.805546217938,-2158.628558921054,-4663.567156037737,-4560.805546217938,-41.7663,-114.838,4
95,STARLINK-6122,satellite,0,80,42.988,78.4509,81.2528,34.8078,116.0606,6862.9152,488.1836,-5018.722607861947,-2049.699730769909,4200.8433263503985,796.8185293739367,5362.268720628351,4200.8433263503985,37.9453,81.5479,4
96,STARLINK-6121,satellite,1,100,43.0158,26.8117,65.5014,322.0717,27.5731,6883.2852,500.368,4390.335258555578,4826.425963058385,2171.3934714206353,1912.067543079528,-6238.062918094218,2171.3934714206353,18.5149,-72.9588,19
97,STARLINK-6117,satellite,0,80,43.0152,78.2723,169.7741,42.9958,212.7699,6875.8883,498.4711,1488.7425524944235,-6212.023363574167,-2538.0901286891153,-6102.552189277015,1887.9738966281395,-2538.0901286891153,-21.792,162.8093,9
98,STARLINK-6120,satellite,0,80,43.0046,78.3789,103.4058,37.2276,140.6333,6866.6952,486.3227,-4185.370549528299,-4554.086474457797,2967.935628641685,-1782.3617924986333,5922.855451075885,2967.935628641685,25.7734,106.7481,5
99,STARLINK-6071,satellite,0,80,42.9995,77.8061,86.8307,322.3487,49.1794,6864.9561,486.763,-2763.594748311032,5184.493051585986,3540.055489126344,5868.983132995087,-267.3221267588297,3540.055489126344,31.2296,-2.6079,10
100,STARLINK-5566,satellite,0,80,43.0234,77.9082,20.0713,326.8421,346.9135,6878.2047,495.3251,2514.796793212331,6307.6022104863,-1061.7844481082923,4142.721119073356,-5380.326224911114,-1061.7844481082923,-8.9417,-52.4046,12
101,STARLINK-5564,satellite,0,80,43.0116,77.9347,13.6092,317.3847,330.9939,6868.0833,489.5568,3635.4964713688396,5362.762296201926,-2270.881306280889,2758.4039808009425,-5862.359722637442,-2270.881306280889,-19.4276,-64.8017,11
102,STARLINK-5489,satellite,0,80,42.9821,78.1368,79.7494,180.9884,260.7378,6867.9667,503.9282,4628.66015137399,-2102.57553609512,-4624.283295811562,-4169.398637325405,-2908.8543595326705,-4624.283295811562,-42.4674,-145.0978,4
103,STARLINK-5090,satellite,0,80,42.9839,78.1491,84.4109,170.1371,254.548,6873.8926,508.9504,4369.888588963666,-2789.340183127889,-4519.754733327292,-4628.123063682086,-2335.984127638869,-4519.754733327292,-41.2594,-153.2182,4
104,STARLINK-4774,satellite,0,80,42.9889,78.437,86.0607,31.0018,117.0625,6872.0274,497.0977,-5008.828651609271,-2164.30328017276,4169.845967551191,693.1970110644339,5412.213138227268,4169.845967551191,37.5597,82.7013,4
105,STARLINK-5375,satellite,0,80,42.9811,78.509,80.2801,14.1469,94.4271,6876.8137,504.7885,-5018.358312483109,478.7954495123166,4671.750644923621,2971.4907442108943,4072.27307434202,4671.750644923621,42.9998,53.8822,4
106,STARLINK-5377,satellite,0,80,42.9844,78.0333,104.3182,185.2987,289.6169,6874.0312,508.561,5115.167831090952,1276.240958058725,-4417.142206899655,-1511.2935783995629,-5050.7152605490055,-4417.142206899655,-40.1336,-106.6584,4
107,STARLINK-5376,satellite,0,80,42.9897,77.7717,95.91,324.3442,60.2542,6868.7994,493.335,-3539.021127922071,4251.623025546653,4063.6074218772574,5462.098360408437,875.4715280697311,4063.6074218772574,36.4711,9.106,16
108,STARLINK-5374,satellite,0,80,42.9817,78.0734,95.5265,182.0898,277.6163,6861.41,498.0985,5059.575129284965,-138.51994794633893,-4639.99965248703,-2699.829436649877,-4281.285937409091,-4639.99965248703,-42.6902,-122.236,4
109,STARLINK-5111,satellite,1,101,43.0035,77.9462,14.8091,305.0533,319.8624,6877.091,501.8723,4267.704416331087,4463.7758049158,-3023.0549571618963,1662.6868895075731,-5947.610253638279,-3023.0549571618963,-26.2234,-74.3814,9
110,STARLINK-30107,satellite,0,83,42.9831,122.5422,81.7373,14.2737,96.011,6858.7599,486.6732,-3818.0455657657058,-3287.861119154786,4647.8922588354535,-880.5891233792322,4961.054875417034,4647.8922588354535,42.8684,100.0652,4
111,STARLINK-30106,satellite,0,67,42.9809,140.023,90.9205,180.8028,271.7233,6861.1027,498.004,3067.594339083496,3980.1918736451225,-4678.937210357185,1858.864574832679,-4668.691987338628,-4678.937210357185,-43.1348,-68.2898,12
112,STARLINK-30095,satellite,0,28,43.0072,114.4607,69.1116,326.1687,35.2803,6864.6254,483.0708,-4954.641461427986,3896.496117770708,2701.723376393517,5878.689972688218,2274.2379409636183,2701.723376393517,23.3309,21.1495,5
113,STARLINK-30103,satellite,0,67,43.0075,140.1933,163.6655,47.0765,210.742,6867.7533,489.9861,6175.987414252543,-1806.1687943582424,-2393.7841329920375,-4703.676105833134,-4390.956313393903,-2393.7841329920375,-20.5229,-136.9693,4
114,STARLINK-30113,satellite,0,67,42.9781,140.0297,84.6271,182.3788,267.0059,6861.1556,499.0134,3497.964130513719,3614.7156654352984,-4675.117074960378,1324.9900478938393,-4852.455437537395,-4675.117074960378,-43.0832,-74.7274,11
115,STARLINK-30098,satellite,0,67,43.0181,140.2052,164.5294,31.9137,196.4431,6869.3,487.417,5968.071691942199,-3122.4228420858813,-1325.6807790174794,-5729.7885834473545,-3540.752309035166,-1325.6807790174794,-11.2025,-148.2858,4
116,STARLINK-30049,satellite,0,67,43.0067,140.5348,76.4097,321.6327,38.0425,6864.2346,483.8081,-6134.164239886201,1047.0719370514532,2882.6945662496228,4029.4147845160187,4742.166915828993,2882.6945662496228,24.9922,49.6455,5
117,STARLINK-30083,satellite,0,28,43.0077,114.8683,163.3606,50.0773,213.4379,6867.3549,490.4306,4919.266854521733,-4034.54914951148,-2580.4638953815697,-5979.391663471068,-2173.395629109586,-2580.4638953815697,-22.2021,-160.0248,4
118,STARLINK-30089,satellite,0,70,43.0089,100.561,68.9115,322.8148,31.7263,6865.0833,482.5515,-3661.5542352502603,5250.996984495589,2459.9189424076612,6384.198301395094,471.12715621675795,2459.9189424076612,21.1403,4.2205,5
119,STARLINK-30086,satellite,0,67,43.0189,140.1741,133.7621,34.4772,168.2393,6869.6687,485.0873,4504.951509250166,-5088.4990946161515,954.324494360777,-6674.610046282293,-1279.4498296815777,954.324494360777,8.0427,-169.1487,5
120,STARLINK-30109,satellite,0,67,43.0137,140.1223,164.0207,44.1152,208.1359,6866.4457,487.8138,6162.265863835243,-2064.4735256159966,-2207.9858777800755,-4918.855348302308,-4247.403156875533,-2207.9858777800755,-18.8742,-139.1896,4
121,STARLINK-30108,satellite,1,104,43.0165,128.8588,166.1844,30.8253,197.0097,6882.3629,500.41,5271.825024948501,-4198.398308360005,-1372.5720475873454,-6300.1503096923125,-2393.071984833987,-1372.5720475873454,-11.5817,-159.201,0
122,STARLINK-30104,satellite,0,67,43.0056,140.3107,98.8245,38.0569,136.8814,6865.8901,486.5855,1663.5115212507853,-5836.508084404648,3198.1711882521745,-5868.699272358188,1546.113207781819,3198.1711882521745,27.9357,165.2407,4
123,STARLINK-30101,satellite,0,67,43.0065,139.8656,13.1758,307.8629,321.0387,6864.0459,488.5529,-2045.6907587123876,5852.266762055536,-2943.356130179891,6077.187977125669,-1225.4236921246736,-2943.356130179891,-25.5358,-11.4004,4
124,STARLINK-30111,satellite,0,67,42.9952,139.8317,84.6563,223.0183,307.6746,6864.5564,494.0158,-642.7577747580563,5744.040543120228,-3705.8710372993864,5268.519439190309,-2376.939678850661,-3705.8710372993864,-32.8291,-24.2829,2
125,STARLINK-30099,satellite,0,67,42.9923,140.0433,73.2155,163.0375,236.253,6861.4761,492.362,5603.557503575137,751.1249898235808,-3891.6575304594103,-2212.0741095701574,-5202.958156662428,-3891.6575304594103,-34.7083,-113.0331,4
126,STARLINK-30094,satellite,0,67,43.0002,139.7861,41.0879,275.595,316.6829,6865.7532,492.1622,-1590.4831149220608,5855.618500875247,-3212.253972440003,5847.888079637985,-1618.675252999382,-3212.253972440003,-28.0445,-15.4719,4
127,STARLINK-30112,satellite,0,67,42.979,139.9122,96.058,184.3107,280.3686,6861.4465,497.9932,2236.652024234238,4576.381734412364,-4604.649190725099,2795.5006894094226,-4258.05800243323,-4604.649190725099,-42.2908,-56.7143,13
128,STARLINK-6156,satellite,0,84,43.0188,129.6184,31.8719,329.4428,1.3147,6873.9781,488.6962,-4466.360185971036,5214.728978168855,107.4900596210607,6763.501467008119,1181.8711995645904,107.4900596210607,0.9025,9.9119,5
129,STARLINK-6158,satellite,0,84,42.9973,129.0961,89.3976,143.7804,233.1781,6864.3469,493.6643,5714.302021206592,-658.5262124935299,-3747.9221462848627,-3481.056744819411,-4579.208261419664,-3747.9221462848627,-33.2507,-127.2416,4
130,STARLINK-6188,satellite,0,84,43.0195,128.7531,41.5688,327.9007,9.4695,6869.8309,484.5933,-4880.862440565129,4762.0593923273145,770.2761134812744,6585.563275078787,1769.2891707422336,770.2761134812744,6.4847,15.0381,5
131,STARLINK-6189,satellite,0,84,42.9797,129.4083,83.2165,6.2515,89.468,6864.7761,493.0864,-3918.6801955775645,-3137.3368914506646,4677.3888566322985,-699.7877006823147,4970.838402084994,4677.3888566322985,43.1556,98.0134,4
132,STARLINK-6191,satellite,0,84,43.0207,128.7599,32.9472,327.8454,0.7926,6870.1002,485.0494,-4350.4681352928155,5307.780349788015,64.77520970067498,6784.426796927871,1034.7261835485535,64.77520970067498,0.5442,8.6716,5
133,STARLINK-6157,satellite,0,84,42.995,128.8595,89.1801,219.0121,308.1921,6864.4912,493.9308,409.87156623164736,5781.983149626633,-3679.8543605400055,4764.252055668578,-3301.7005002618325,-3679.8543605400055,-32.5709,-34.7226,9
134,STARLINK-6159,satellite,0,84,43.0084,129.5678,66.5059,325.2012,31.7071,6873.4673,491.1339,-5755.416954846732,2822.141596766399,2461.6403082078914,5363.038377729799,3511.000836703652,2461.6403082078914,21.1279,33.2114,4
135,STARLINK-6160,satellite,0,84,42.9917,129.4784,98.6974,328.3587,67.0561,6870.8076,497.0643,-5272.0478741741235,-874.5570875252974,4311.943610006621,1936.8157678763266,4980.771382851281,4311.943610006621,39.0733,68.751,4
136,STARLINK-6166,satellite,0,84,43.0198,129.1987,141.3073,31.2228,172.53,6870.7375,485.4564,3795.3938552045356,-5686.034069919634,608.7666384338738,-6826.656920704933,-364.3531904658183,608.7666384338738,5.1203,-176.9449,4
137,STARLINK-6153,satellite,0,84,43.0056,129.1254,175.2951,43.1458,218.441,6870.433,494.6998,5817.64996460858,-2203.066833822479,-2912.780688681941,-4862.29037704135,-3880.2946891093075,-2912.780688681941,-25.2279,-141.4088,4
138,STARLINK-6173,satellite,0,84,43.0123,129.1486,176.7374,30.7068,207.4442,6868.9585,489.2041,5640.687947299249,-3264.2338790645467,-2158.3892238147428,-5684.780726576269,-3186.8246620714435,-2158.3892238147428,-18.4312,-150.7255,4
139,STARLINK-5836,satellite,0,84,43.0221,129.1573,168.7625,32.0588,200.8213,6875.4198,494.4059,5440.129928511288,-3852.597509812633,-1666.4225900341028,-6088.558928671921,-2714.216532222173,-1666.4225900341028,-14.1196,-155.9732,4
140,STARLINK-6178,satellite,0,84,42.9847,128.9064,104.539,186.0665,290.6055,6862.2609,496.5371,2140.878970526349,4833.022830921501,-4381.7432055505205,3065.097707612631,-4306.581996599883,-4381.7432055505205,-39.8321,-54.5596,13
141,STARLINK-6176,satellite,0,84,43.0171,129.6195,18.02,329.4627,347.4826,6876.0098,492.535,-3438.278052843042,5860.547102553451,-1015.8310728571238,6794.612224443995,-31.828121936583262,-1015.8310728571238,-8.5553,-0.2684,5
142,STARLINK-6145,satellite,0,84,42.9801,129.41,87.6649,358.3906,86.0555,6870.3739,498.4934,-4172.053296096939,-2816.815117617853,4670.255538627913,-294.85904427337783,5025.289469903601,4670.255538627913,43.0318,93.358,4
143,STARLINK-6298,satellite,0,84,43.0034,128.8238,33.9008,284.5385,318.4393,6866.1412,491.8821,-625.6023960913396,6090.5603352591825,-3106.5259161953372,5557.824464934315,-2568.441311847569,-3106.5259161953372,-27.047,-24.8031,5
144,STARLINK-6303,satellite,0,84,42.9796,128.9766,92.5261,174.7869,267.3129,6865.7232,502.1313,4105.76375389425,2907.695190663565,-4678.611651541968,406.84015775373683,-5014.625450683106,-4678.611651541968,-43.0988,-85.3617,10
145,STARLINK-6305,satellite,0,66,42.9825,117.6799,90.7196,182.0492,272.7688,6869.579,506.3113,4294.120377830456,2627.5282463615845,-4681.396947129203,69.7845293143662,-5033.736646289229,-4681.396947129203,-43.098,-89.2057,9
146,STARLINK-5775,satellite,0,20,43.0077,143.2944,74.583,324.4528,39.0358,6881.673,501.1326,-6174.097750819488,653.392160445381,2953.550840525495,3711.163800203833,4977.315300446858,2953.550840525495,25.5801,53.2912,5
147,STARLINK-5335,satellite,0,20,43.0183,143.3296,44.7767,327.5174,12.2941,6881.082,495.9332,-6025.856412150752,3152.5603668637987,998.512722386521,5785.1846821714025,3575.0832940993287,998.512722386521,8.4042,31.7149,4
148,STARLINK-5334,satellite,1,103,43.0152,143.3892,10.1193,324.7959,334.9152,6880.0117,500.0463,-3727.865959367875,5425.162827345826,-1988.799077288371,6567.828091145367,439.3295794623153,-1988.799077288371,-16.9104,3.8269,0
149,STARLINK-5339,satellite,0,20,42.9843,143.0704,77.7345,33.0434,110.7779,6875.8531,502.2998,-875.2718756161914,-5221.727930455934,4380.415828964312,-4044.972811265756,3416.2462428913273,4380.415828964312,39.7776,139.8167,7
150,STARLINK-5349,satellite,0,20,42.9827,143.1223,84.9061,7.8211,92.7272,6876.1806,504.843,-2752.3626823854324,-4213.7165257304105,4680.571300624139,-2220.515116924649,4516.660260647307,4680.571300624139,43.1001,116.18,5
151,STARLINK-6280,satellite,0,84,42.9861,129.6743,94.3125,183.0596,277.3721,6868.0723,504.3642,3274.630081137651,3861.8917391493874,-4647.212931678151,1651.5094912604197,-4786.431486345397,-4647.212931678151,-42.7239,-70.9635,12
152,STARLINK-6319,satellite,0,84,42.9924,129.5888,90.6095,214.5424,305.1519,6864.4449,494.5178,645.2130535412949,5663.150758458544,-3828.0795132776557,4542.001550630856,-3443.5154002206186,-3828.0795132776557,-34.0515,-37.1676,9
153,STARLINK-6310,satellite,0,84,43.0026,129.4168,73.8834,326.6511,40.5345,6866.7601,486.1082,-5829.387751325292,1957.5623004474762,3040.752298052177,4657.109250596011,4015.6126734842856,3040.752298052177,26.4542,40.7697,6
154,STARLINK-6308,satellite,0,84,42.9838,129.3361,101.8876,329.6086,71.4962,6862.0759,489.2134,-5059.611319790614,-1332.363557730797,4434.255242966907,1434.6832145495578,5031.554772752866,4434.255242966907,40.458,74.0852,4
155,STARLINK-6314,satellite,0,84,42.9831,129.2103,73.793,32.9197,106.7127,6862.0989,489.4223,-2476.5278236902423,-4566.001027124191,4478.429612444903,-2664.2209700402236,4459.08982461769,4478.429612444903,40.9437,120.8575,7
156,STARLINK-6249,satellite,0,50,43.0042,155.1559,102.2322,38.3908,140.623,6866.6353,486.3138,3474.9546858305202,-5116.4299511494355,2968.562065172803,-6173.275087790619,-379.26271113599734,2968.562065172803,25.7793,-176.4844,5
157,STARLINK-6226,satellite,0,50,43.0021,154.6043,77.6683,323.7491,41.4174,6866.1496,486.3108,-6070.7015492678,-791.9295661023112,3095.175183838852,2415.2476223126077,5625.57985107871,3095.175183838852,26.9641,66.7646,5
158,STARLINK-6086,satellite,0,50,43.0098,154.7087,8.371,321.3757,329.7467,6867.8079,489.3495,-4281.077998920591,4820.13503211588,-2359.283047646828,6329.590824431778,1223.768996151536,-2359.283047646828,-20.2163,10.9426,4
159,STARLINK-6187,satellite,0,50,42.9798,154.8924,83.1705,182.8344,266.0049,6861.1472,497.743,2559.3877896926297,4334.448517727298,-4669.428996439568,2422.790070679451,-4412.255441865663,-4669.428996439568,-43.0282,-61.2286,13
160,STARLINK-6291,satellite,0,50,42.9865,154.8469,93.8568,185.8363,279.6932,6868.3885,504.585,1058.9715546115146,4977.8646881580335,-4619.317908722441,3741.518740720352,-3449.8688554676096,-4619.317908722441,-42.4063,-42.6776,4
161,STARLINK-6244,satellite,0,50,42.9998,155.1688,97.885,36.2119,134.097,6869.5891,490.7357,2820.7875274407334,-5277.554233134806,3361.740629905894,-5978.20041561866,265.5950853106863,3361.740629905894,29.4792,177.4562,4
162,STARLINK-6263,satellite,0,50,43.0167,154.6824,17.6212,327.7492,345.3704,6869.5348,486.9324,-5461.849880634356,3986.1825723042934,-1182.7792606250287,6214.53915033971,2664.762422285143,-1182.7792606250287,-9.9827,23.2094,4
163,STARLINK-6255,satellite,0,50,43.0158,155.0581,170.523,29.8452,200.3682,6873.1615,491.8639,6575.891555767313,-1130.4880922344316,-1630.9273020105031,-4326.47139033179,-5079.566752050434,-1630.9273020105031,-13.8181,-130.4224,4
164,STARLINK-6199,satellite,0,50,42.9813,154.9075,81.7977,177.4612,259.2589,6862.121,497.7657,3251.8321345754803,3926.753555479063,-4599.1362721857095,1718.9279903802449,-4799.905444986653,-4599.1362721857095,-42.2303,-70.2967,11
165,STARLINK-6074,satellite,0,50,42.9953,154.7474,80.2134,228.7997,309.0132,6864.6159,493.7309,-2244.417385039714,5372.844553952908,-3637.9870435581283,5766.180453378582,-809.9573928823104,-3637.9870435581283,-32.1572,-7.9958,4
166,STARLINK-6295,satellite,0,50,43.0182,155.0987,136.1974,31.3984,167.5958,6877.7188,492.5863,5631.781690959325,-3803.9243507696474,1006.8236834626402,-6144.446982776068,-2903.889935389603,1006.8236834626402,8.4789,-154.7044,9
167,STARLINK-6252,satellite,0,50,42.9875,154.3632,80.1076,35.8224,115.93,6862.8305,488.6293,751.6565838704545,-5365.497001555119,4205.740724941377,-4998.46411200624,2090.1919085955824,4205.740724941377,37.9943,157.3069,6
168,STARLINK-5302,satellite,0,50,43.0147,154.6284,53.8157,326.389,20.2046,6869.1856,485.1617,-6561.230186480534,1193.646151598427,1616.7784902670771,4373.317951408754,5034.741581361953,1616.7784902670771,13.7097,49.0215,5
169,STARLINK-6265,satellite,0,50,42.9867,154.9002,80.0518,180.8933,260.9451,6869.8868,506.1762,3086.395133010341,4038.273472550008,-4628.8824981987955,1899.2333211196312,-4714.488344255389,-4628.8824981987955,-42.5023,-68.0579,13
170,STARLINK-30126,satellite,0,34,42.9829,205.5561,92.9627,183.7367,276.6994,6861.2559,497.661,-2874.655120583013,4154.946637293161,-4649.118917407508,5040.077187997805,353.3349120480838,-4649.118917407508,-42.7973,4.0102,4
171,STARLINK-30130,satellite,0,35,42.9882,202.2349,76.9263,173.2333,250.1596,6859.6317,494.1411,369.20747969041577,5252.880722369603,-4402.042902458141,4329.891366789227,-2996.8501461210362,-4402.042902458141,-40.0702,-34.6883,5
172,STARLINK-30068,satellite,0,39,42.9832,191.2684,79.2184,22.2691,101.4874,6858.9745,486.8035,2299.2918829624996,-4553.084736574127,4580.259818518576,-5089.062077334064,344.63162147693697,4580.259818518576,42.1005,176.1258,4
173,STARLINK-30053,satellite,0,35,42.9984,202.4746,93.3756,36.4956,129.8712,6862.3254,484.8446,5533.356209763279,-1876.2680990496083,3589.0747396407287,-4436.191294863348,-3802.4491737583726,3589.0747396407287,31.721,-139.3987,13
174,STARLINK-30125,satellite,0,35,43.008,202.4439,107.9464,36.1199,144.0663,6864.4849,483.1788,6255.760664828047,-600.1188134276136,2745.137785031752,-3706.9942247248982,-5074.729342900552,2745.137785031752,23.7278,-126.1474,26
175,STARLINK-30132,satellite,0,34,42.9872,205.2211,99.5694,328.2367,67.8061,6862.3692,488.751,-364.3239762863246,-5306.315530470248,4329.795714068264,-4378.343620203423,3019.904570020519,4329.795714068264,39.3225,145.4045,7
176,STARLINK-30066,satellite,0,35,43.0025,202.2848,216.7607,12.2494,229.0101,6862.4028,488.9503,2728.1066621839204,5211.411879224179,-3532.341893265602,3091.0440881591744,-5004.680427382691,-3532.341893265602,-31.143,-58.2993,17
177,STARLINK-30080,satellite,0,68,42.9885,194.4295,67.3801,176.7862,244.1663,6867.1876,499.4208,1772.0010874738962,5126.040499821986,-4215.861229437006,3505.283283267467,-4138.752005601392,-4215.861229437006,-38.0312,-49.7373,10
178,STARLINK-30070,satellite,0,35,42.9934,202.4915,86.2724,36.5304,122.8029,6861.2599,485.4844,5044.597510972921,-2473.7748593547553,3930.0236081645353,-4700.834445281128,-3077.284780540842,3930.0236081645353,35.1401,-146.7902,8
179,STARLINK-30071,satellite,0,34,43.0119,205.8298,116.37,34.6006,150.9706,6867.943,485.3876,6460.562622857296,422.5531256125907,2271.1801912583824,-2931.815046862472,-5772.510812360296,2271.1801912583824,19.4426,-116.9257,22
180,STARLINK-30085,satellite,0,35,42.9831,202.1653,91.0374,180.2516,271.2889,6858.6178,495.5004,-2036.8919089166277,4590.662768188617,-4678.350396501982,4987.544890055855,-589.4991683801854,-4678.350396501982,-43.1477,-6.7408,4
181,STARLINK-30119,satellite,0,11,42.9833,38.4181,85.3544,10.7352,96.0896,6861.2093,489.5046,-3669.836203448775,3456.4294713169093,4649.157627217885,4844.844584734895,1393.5865240796386,4649.157627217885,42.8609,16.0475,15
182,STARLINK-30120,satellite,0,11,43.0135,38.6119,60.3141,326.1947,26.5088,6868.3132,485.1704,3400.3263732973896,5581.313204837147,2089.1124242756964,3066.33888111928,-5771.55459140494,2089.1124242756964,17.8307,-62.019,9
183,STARLINK-30084,satellite,0,11,43.0205,37.7959,35.3552,328.0014,3.3566,6870.0689,484.8647,5233.7677225100115,4430.896093628346,274.14836726759586,1141.6562534113568,-6761.788651293777,274.14836726759586,2.3037,-80.4166,6
184,STARLINK-30114,satellite,0,11,42.9837,38.2576,92.567,356.0946,88.6616,6861.1263,489.6,-2979.7609489316505,4037.4685310652185,4674.290211551686,4992.6398518855185,503.6613559570883,4674.290211551686,43.1474,5.7606,20
185,STARLINK-30151,satellite,0,11,42.9842,38.4584,104.1556,337.627,81.7826,6860.9354,487.3663,-2319.884064170481,4496.368540747852,4626.229577925913,5050.781481484775,-297.9908584328989,4626.229577925913,42.6164,-3.3765,18
186,STARLINK-30152,satellite,0,11,43.023,38.2104,161.2409,27.8071,189.048,6869.8476,485.8842,-4837.946663702276,-4812.823583670892,-736.4737639053476,-1672.0592741664461,6616.133051264967,-736.4737639053476,-6.1979,104.1831,4
187,STARLINK-30128,satellite,0,79,43.0238,12.6392,152.6414,38.9032,191.5446,6867.145,484.0991,-6340.424054450843,-2450.689519866945,-936.9795731305767,1126.0574808525564,6703.644595506278,-936.9795731305767,-7.8967,80.4647,4
188,STARLINK-30069,satellite,0,17,42.9843,35.0591,102.0,336.6669,78.6669,6858.9648,486.4512,-1721.7095247419668,4798.607357597423,4582.598489381996,5005.644515949717,-966.6639746664067,4582.598489381996,42.1295,-10.9301,15
189,STARLINK-30144,satellite,0,17,42.9908,35.1344,96.9749,316.1263,53.1011,6862.0108,485.2776,1058.5768182460931,5649.53902267654,3739.1254631238144,4319.453558985196,-3792.123020241188,3739.1254631238144,33.2087,-41.2805,5
190,STARLINK-30142,satellite,0,17,43.0212,35.2177,49.2998,325.6242,14.924,6867.0164,482.3787,4670.374943068652,4877.737797059673,1205.341856046612,1813.3660415993197,-6505.108125533539,1205.341856046612,10.182,-74.4236,13
191,STARLINK-30133,satellite,0,11,43.0191,37.8025,20.7443,324.0881,344.8324,6869.4329,487.1442,6039.859133740501,3023.4550854704125,-1225.3610948759112,-480.0934072764368,-6737.261263271238,-1225.3610948759112,-10.3456,-94.076,4
192,STARLINK-30123,satellite,0,54,43.0215,325.3479,43.3027,327.4655,10.7682,6867.2277,482.1837,6076.571109489721,-3061.0135571127153,874.4658862962959,-5732.309174440116,-3665.399292593189,874.4658862962959,7.369,-147.404,7
193,STARLINK-30076,satellite,0,11,43.0006,38.297,92.499,38.6684,131.1675,6865.0217,486.9888,-5884.096385686886,165.48759267686805,3521.697599961253,3143.5800433238414,4976.733962208502,3521.697599961253,31.0487,57.7212,4
194,STARLINK-30073,satellite,0,75,42.9839,223.7622,100.0726,179.2828,279.3555,6859.0145,495.1575,-4232.488991676433,2806.318358176893,-4617.3062455070285,4572.644726344818,2209.141461910887,-4617.3062455070285,-42.4555,25.7862,4
195,STARLINK-30078,satellite,0,61,42.9835,350.7611,89.5239,2.2896,91.8135,6858.5736,487.2808,590.6441862421455,4982.40845156786,4671.629381567489,3984.301706421032,-3049.3596779007453,4671.629381567489,43.1351,-37.4284,5
196,STARLINK-30135,satellite,0,11,43.0139,38.5117,64.5243,324.7019,29.2263,6867.9254,485.1479,3159.9204841682563,5644.877942904274,2285.2226772898102,3243.6346516274484,-5597.193823990288,2285.2226772898102,19.5683,-59.9072,8
197,STARLINK-30137,satellite,0,11,43.0218,38.1287,143.8576,32.7286,176.5862,6870.0527,484.888,-5573.497537053365,-3994.8723014373527,278.82851930241713,-593.3327349954718,6831.605650644224,278.82851930241713,2.343,94.9637,4
198,STARLINK-30136,satellite,0,11,42.9846,38.408,101.3248,325.9162,67.2409,6860.0049,485.2843,-794.7933926236466,5271.060728144749,4309.813590012552,4939.238091072286,-2004.9201521378986,4309.813590012552,39.1304,-22.0931,11
199,STARLINK-6205,satellite,0,79,43.0175,13.114,164.6537,32.2989,196.9526,6869.5178,487.4345,-6063.126243934907,-2915.1629370731916,-1365.5505587691569,585.1073422464694,6702.038809021228,-1365.5505587691569,-11.5439,85.0106,3
200,STARLINK-6203,satellite,0,79,43.0198,12.6808,53.2028,325.106,18.3089,6869.2388,484.7832,6009.69410001563,2967.6357247810306,1470.6623974163267,-512.7198782240815,-6682.843952781868,1470.6623974163267,12.4508,-94.3872,14
201,STARLINK-6185,satellite,0,79,42.9986,13.052,119.8089,108.1699,227.9787,6865.1433,493.0282,-3634.7431528017137,-4671.8806687565875,-3478.4229439694377,-2164.533791416359,5509.321213702934,-3478.4229439694377,-30.5966,111.4492,8
202,STARLINK-6192,satellite,0,79,42.983,12.879,98.5957,183.5942,282.1899,6861.5794,497.7561,2507.763113147151,-4463.199984587398,-4575.809918775076,-5118.0813462451915,119.47078010730256,-4575.809918775076,-41.9679,178.6628,8
203,STARLINK-6183,satellite,0,52,43.0016,1.5008,28.726,288.0437,316.7697,6875.33,501.3253,5097.488251576805,-3311.3011635993103,-3211.461732834725,-5448.20112901664,-2695.5901633593157,-3211.461732834725,-27.9962,-153.6753,4
204,STARLINK-6098,satellite,0,52,42.9848,1.6539,86.5856,178.9179,265.5035,6875.2873,512.0516,-394.35842257279694,-5031.15288322026,-4676.569366366716,-4126.346072057654,2905.3891294289674,-4676.569366366716,-42.9983,144.8504,14
205,STARLINK-6110,satellite,1,105,43.0126,1.4796,12.4066,313.4498,325.8564,6879.9388,502.9465,5763.398993565594,-2674.794364688041,-2633.3852758217945,-5240.370547945823,-3593.022317300825,-2633.3852758217945,-22.6383,-145.5638,1
206,STARLINK-6116,satellite,0,52,42.9812,1.6127,91.5408,184.7268,276.2676,6873.4041,509.7939,891.359942350255,-4978.661353922152,-4661.166407220127,-4736.988563360708,1772.7184701622684,-4661.166407220127,-42.8405,159.4827,15
207,STARLINK-5950,satellite,0,52,42.9898,1.5426,102.7986,196.0405,298.839,6876.0094,507.9645,3435.2693604553597,-4316.495228016132,-4108.511245899959,-5464.977943520576,-753.1418918125755,-4108.511245899959,-36.8478,-172.1534,8
208,STARLINK-5961,satellite,0,52,42.9803,1.6455,83.1702,180.9508,264.1209,6871.0471,507.507,-560.3076078680459,-5021.941257423216,-4662.893973846182,-4033.77887740398,3043.430067646333,-4662.893973846182,-42.8778,142.966,13
209,STARLINK-5965,satellite,1,105,42.9938,1.5208,98.1802,207.0265,305.2067,6880.0303,510.2831,4075.2831538956725,-4006.0185152700387,-3834.385042348661,-5524.369668832248,-1462.0044087479703,-3834.385042348661,-34.0261,-165.1767,2
210,STARLINK-5966,satellite,0,52,42.9888,1.2883,98.6386,324.5967,63.2352,6874.5804,499.7175,2992.055094733344,4555.276021181733,4182.424087670912,2392.04652887594,-4897.044692747413,4182.424087670912,37.6755,-63.966,43
211,STARLINK-5808,satellite,0,85,42.9841,270.9621,102.9667,328.21,71.1767,6862.1945,489.2117,4785.380449651132,-2132.8245605885054,4425.958446877673,-4275.353645978932,-3028.2268501496837,4425.958446877673,40.3669,-144.6901,7
212,STARLINK-5828,satellite,0,96,42.9904,27.3638,75.7593,165.9846,241.7439,6873.7288,505.8405,-854.6730402112893,-5430.93660959045,-4130.029740099373,-4235.4280402710065,3505.2371929357255,-4130.029740099373,-37.0859,140.3889,15
213,STARLINK-5834,satellite,1,100,43.0201,27.4775,153.3559,29.1112,182.4671,6884.2311,499.2797,-5996.051028061931,-3362.3181593743234,-201.9770999911846,166.27923784568864,6872.420428862188,-201.9770999911846,-1.6934,88.614,2
214,STARLINK-5843,satellite,0,96,42.9815,27.2812,86.7388,179.4577,266.1966,6871.3984,507.9212,1895.257076156741,-4670.080106428768,-4677.566581621831,-4983.612708730076,751.8323979239017,-4677.566581621831,-43.0418,171.421,9
215,STARLINK-5838,satellite,1,100,43.0201,27.4849,148.0255,30.4409,178.4664,6883.8875,498.5883,-6160.4739896795645,-3053.2026235327057,125.56300903194054,516.0271016626033,6856.179845089767,125.56300903194054,1.0528,85.6958,2
216,STARLINK-5542,satellite,0,96,43.0203,27.0589,27.0533,325.5035,352.5569,6873.7091,489.5517,6360.144826266094,2518.531552882562,-606.9593750514251,-1077.762644996954,-6755.210661037418,-606.9593750514251,-5.102,-99.0649,4
217,STARLINK-6155,satellite,0,96,42.9963,27.5731,94.7964,34.4382,129.2346,6880.7548,502.8738,-5657.3673651537765,1439.6176733168327,3631.4818591902203,4123.864145781614,4131.833619202259,3631.4818591902203,32.045,45.0553,6
218,STARLINK-6194,satellite,1,100,42.9955,27.3777,98.9308,134.5627,233.4935,6879.6067,509.2062,-1774.8092665468166,-5474.605610785768,-3771.6704851368327,-3803.665489634778,4318.956282393801,-3771.6704851368327,-33.4028,131.3701,13
219,STARLINK-6245,satellite,0,96,42.9996,26.9529,92.7208,321.2274,53.9482,6875.5051,498.7206,1762.8051704528716,5453.784171501945,3788.1747346530155,3791.8789518095973,-4298.010920544977,3788.1747346530155,33.6262,-48.58,6
220,STARLINK-6184,satellite,1,100,43.0234,27.0623,24.4245,326.8724,351.297,6884.304,500.6202,6401.067818004507,2415.818330501893,-710.142979734655,-1186.9834718758793,-6738.020306750004,-710.142979734655,-5.9626,-99.9908,2
221,STARLINK-6248,satellite,0,96,43.0082,26.9968,72.8272,321.5753,34.4026,6867.2843,485.8989,3757.1939633871843,5095.430275232757,2644.1086477329427,2466.388279506513,-5830.681351521842,2644.1086477329427,22.7954,-67.0716,24
222,STARLINK-6240,satellite,0,96,42.9877,26.9155,100.5721,325.0337,65.6058,6872.5261,498.2021,458.11613927820736,5363.897369245504,4264.870530958404,4380.032463304394,-3129.9490419598933,4264.870530958404,38.5609,-35.5494,5
223,STARLINK-6232,satellite,0,96,42.9887,26.7453,88.323,28.6232,116.9462,6871.989,496.7528,-4793.984199038709,2598.3213075042117,4173.9274549102865,4680.13410508036,2798.196361252524,4173.9274549102865,37.605,30.8747,8
224,STARLINK-6247,satellite,0,96,43.013,27.0092,61.3702,324.3279,25.6981,6880.5859,497.0809,4528.296552048057,4754.313111299329,2033.1811356511375,1779.6720156429371,-6319.947020371328,2033.1811356511375,17.3071,-74.273,21
225,STARLINK-6251,satellite,0,96,42.9888,26.9168,100.5709,323.5086,64.0795,6875.5249,500.9397,631.7132302915592,5390.386127079635,4213.724218611803,4314.27168607619,-3292.777554445379,4213.724218611803,37.9986,-37.3519,5
226,STARLINK-6259,satellite,0,96,42.9959,26.9448,90.8448,321.6568,52.5016,6880.174,502.8775,1922.9786704558953,5452.485191615265,3719.480392905187,3709.063676307774,-4435.119883036572,3719.480392905187,32.9167,-50.0945,6
227,STARLINK-6254,satellite,0,96,43.0172,27.0661,18.0942,324.7682,342.8624,6875.4151,493.394,6520.09581325544,1669.3316108823917,-1381.1924417637324,-1889.7773498211675,-6459.648520564041,-1381.1924417637324,-11.6676,-106.3069,4
228,STARLINK-6225,satellite,0,96,42.9843,26.8841,102.908,330.6395,73.5475,6874.0218,501.0011,-444.0596475236814,5178.792793557566,4492.150701236991,4680.979832614536,-2259.5379120117964,4492.150701236991,41.0115,-25.7669,8
229,STARLINK-6100,satellite,0,68,43.0196,194.5367,20.9373,330.6251,351.5624,6880.9035,496.4595,-6767.393846452071,-992.9300180513011,-688.1770375742003,2597.7135738078136,6327.354398340537,-688.1770375742003,-5.781,67.6793,4
230,STARLINK-6170,satellite,1,106,42.9954,194.8587,85.4515,147.2619,232.7134,6880.7714,510.0294,3002.6902628082707,4939.864320890764,-3733.8274423515445,2717.4214669458615,-5102.355230102562,-3733.8274423515445,-33.0208,-61.961,13
231,STARLINK-6162,satellite,0,68,42.9848,194.2482,73.907,36.8676,110.7745,6862.7564,489.5093,3512.610928732419,-3948.2410156778355,4372.403562138876,-5187.6768106608315,-1007.4978722870995,4372.403562138876,39.7795,-169.0094,4
232,STARLINK-6143,satellite,0,68,42.988,194.2265,84.4007,32.4422,116.843,6872.1115,497.4544,4107.528437287384,-3582.7819535565945,4178.103938793291,-5176.774281211009,-1705.615557869824,4178.103938793291,37.6445,-161.7643,6
233,STARLINK-6133,satellite,0,68,42.9828,194.3632,100.8634,334.3997,75.2631,6867.517,495.0795,-486.8045540623695,-5137.5061459476265,4525.717127284352,-4170.671688493122,3039.15214168482,4525.717127284352,41.4275,143.9193,7
234,STARLINK-6127,satellite,0,68,43.0197,194.0947,154.1886,28.6979,182.8865,6878.2671,493.5223,6594.694501132832,1916.6696043825311,-236.0825924023119,-1715.0819750653156,-6649.970808540557,-236.0825924023119,-1.9811,-104.4619,4
235,STARLINK-6112,satellite,0,68,42.9962,194.1939,91.5901,37.349,128.9391,6865.231,487.6517,5136.593476525167,-2726.179184874046,3638.6200374889836,-4964.860711658694,-3027.6729686261283,3638.6200374889836,32.1955,-148.6243,9
236,STARLINK-5347,satellite,0,68,42.9916,194.2083,89.1884,33.4986,122.687,6869.2864,493.4185,4630.998905483379,-3186.703569062014,3939.543260751499,-5103.092647521009,-2357.8965054636833,3939.543260751499,35.1908,-155.2006,9
237,STARLINK-5336,satellite,0,68,43.0007,194.1754,102.7627,33.1669,135.9296,6870.8613,491.4809,5637.229868139948,-2177.784823058678,3256.411916179999,-4748.519391220451,-3738.0035999176357,3256.411916179999,28.4674,-141.7904,8
238,STARLINK-5355,satellite,0,68,42.9942,194.196,92.1536,34.4516,126.6052,6875.7397,498.7754,4961.057326007235,-2906.1676805044785,3761.069404588438,-5030.1420533780065,-2784.882637020262,3761.069404588438,33.3542,-151.0294,9
239,STARLINK-5357,satellite,0,68,43.014,194.0626,173.5388,29.0862,202.625,6875.2322,494.4565,5682.637252820426,3415.8932976800297,-1803.1974828013122,39.66243158576387,-6630.167423210256,-1803.1974828013122,-15.3051,-89.6573,4
240,STARLINK-5361,satellite,0,68,42.9829,194.2565,87.2441,17.6026,104.8467,6872.0157,499.4279,2901.727180972998,-4273.811690078568,4526.303106153844,-5156.126043311346,-315.992437466807,4526.303106153844,41.402,-176.493,4
241,STARLINK-5358,satellite,0,68,43.0118,194.1324,120.5827,33.1128,153.6955,6878.1836,494.9458,6516.819640879307,-655.1137997052123,2077.0618304381383,-3887.453112674725,-5271.225722644601,2077.0618304381383,17.6983,-126.4082,5
242,STARLINK-5150,satellite,0,68,43.0086,194.1447,113.7358,34.0129,147.7487,6876.5268,494.4973,6288.836286558565,-1179.6865346177462,2500.5778045216725,-4222.373713985244,-4807.565119531987,2500.5778045216725,21.4672,-131.2921,4
243,STARLINK-5791,satellite,0,68,42.98,194.3253,86.2541,358.945,85.1991,6876.6763,505.2407,682.4618797554072,-4997.46716203859,4669.512932997773,-4646.613792945774,1961.99197556448,4669.512932997773,42.9708,157.1085,6
244,STARLINK-6164,satellite,0,68,42.9908,194.4031,94.2799,325.2131,59.493,6879.6059,504.0867,-2302.5794110260854,-5064.4696094743,4038.8661325171242,-3181.6973714009773,4563.718462634403,4038.8661325171242,36.1486,124.8831,7
245,STARLINK-5525,satellite,0,45,43.0179,321.6946,127.4346,33.225,160.6597,6869.1183,484.7677,-4050.837080179074,5317.099244204057,1550.3509041523005,6639.612759196004,772.2485550589911,1550.3509041523005,13.137,6.6342,5
246,STARLINK-5870,satellite,0,45,43.0125,321.7071,116.8625,33.8514,150.7139,6867.951,485.2241,-3175.87197566448,5634.284342331087,2289.451894856713,6466.152095146967,-142.1264875902249,2289.451894856713,19.6058,-1.2592,5
247,STARLINK-5983,satellite,0,45,42.9909,321.7748,85.4861,36.1817,121.6678,6863.5808,487.8394,-186.6952320677,5582.400801511633,3980.5056205370643,4896.867839238123,-2686.771144595292,3980.5056205370643,35.6446,-28.7523,5
248,STARLINK-6294,satellite,0,45,43.0169,322.4867,165.9473,31.2574,197.2047,6869.4861,487.4924,-6105.601758054731,2815.599308539948,-1385.2385533329577,5536.026089276687,3815.5454961328305,-1385.2385533329577,-11.7125,34.5754,4
249,STARLINK-6350,satellite,0,45,42.9868,322.2099,100.3243,195.5743,295.8986,6863.158,495.7532,-398.63473355130793,-5408.016683724889,-4211.17116637534,-4448.320258679997,3101.2902119049413,-4211.17116637534,-38.0054,145.1165,15
250,STARLINK-6230,satellite,0,45,43.0167,321.6213,169.5532,33.5875,203.1406,6868.7117,488.1363,-6173.082026856279,2372.829847251519,-1840.4483382844,5189.60161693666,4099.426575972802,-1840.4483382844,-15.6439,38.3063,4
251,STARLINK-6233,satellite,0,45,43.019,322.081,37.7288,326.1833,3.912,6870.08,485.2564,5612.132062746454,-3937.949932436971,319.45851722493774,-6249.705176051657,-2818.627533485088,319.45851722493774,2.6845,-155.7245,3
252,STARLINK-6250,satellite,0,45,43.0161,322.0605,48.7187,325.7592,14.4779,6869.7967,485.2933,6011.8445126471015,-3096.0907361602895,1170.48972883635,-5729.466035950653,-3591.8339652147815,1170.48972883635,9.8804,-147.9162,7
253,STARLINK-5840,satellite,0,45,43.0176,322.0888,20.3939,329.8586,350.2525,6878.81,495.0065,4821.404005784244,-4833.22177378049,-793.847296030483,-6616.445511328951,-1681.8496059853735,-793.847296030483,-6.6738,-165.7379,2
254,STARLINK-5872,satellite,0,45,43.0108,322.1153,8.6854,323.6429,332.3283,6874.969,495.9444,3370.3047432152075,-5579.010820153112,-2176.9378356919797,-6517.781394965872,-53.30554343745516,-2176.9378356919797,-18.5763,-179.5314,3
255,STARLINK-5866,satellite,0,45,42.9798,321.8483,84.5525,11.6961,96.2485,6861.6073,489.8617,2494.060994664668,4383.233077823048,4647.708405639208,2498.072121825022,-4380.948314439519,4647.708405639208,42.8416,-60.3077,32
256,STARLINK-6368,satellite,0,45,43.0211,321.6591,141.8715,32.596,174.4675,6870.0369,484.9837,-5057.7417963944945,4616.990780280394,451.4352446819532,6551.003011192134,1995.4236371110653,451.4352446819532,3.7951,16.9406,5
257,STARLINK-6360,satellite,0,45,42.9794,321.8554,89.9066,3.7696,93.6762,6861.3717,489.7284,2746.707299099849,4209.318545140643,4665.685559866062,2219.616821497997,-4509.552612745133,4665.685559866062,43.0479,-63.7934,40
258,STARLINK-6365,satellite,0,45,43.003,321.7234,104.1761,35.3394,139.5155,6866.361,486.0953,-2078.3003092286463,5789.055543553053,3037.6686294485803,6039.450327260682,-1165.1334714242264,3037.6686294485803,26.4254,-10.9194,8
259,STARLINK-6330,satellite,0,45,42.9875,321.5239,77.6604,166.4541,244.1146,6862.8375,495.78,-5157.946106191676,-1672.4054905068997,-4211.710964041585,1192.3563562004085,5289.577911221649,-4211.710964041585,-38.011,77.2969,4
260,STARLINK-5485,satellite,0,45,43.0017,321.7293,100.7919,36.9035,137.6954,6866.0964,486.5999,-1891.7347666849817,5793.669307330117,3149.170806362099,5948.259329981026,-1327.9591158907672,3149.170806362099,27.4718,-12.585,8
261,STARLINK-5509,satellite,0,45,42.9796,321.8863,97.1857,347.8093,84.995,6861.2617,489.7422,3555.724327055663,3563.192537628938,4657.5245177717,1251.2118604739055,-4875.857404645815,4657.5245177717,42.9545,-75.6077,81
262,STARLINK-30239,satellite,0,50,42.9802,154.4791,84.2183,9.4624,93.6806,6861.044,489.3488,-1759.7619179935098,-4707.734739608557,4665.473925275126,-3151.7247686728824,3914.8639017303412,4665.473925275126,43.0484,128.8364,6
263,STARLINK-30235,satellite,0,50,42.9798,154.4904,82.8221,7.2869,90.109,6861.3702,489.5872,-2148.8976804121326,-4533.608394191434,4675.202605926225,-2803.469572222632,4160.760107286351,4675.202605926225,43.158,123.9716,6
264,STARLINK-30236,satellite,0,50,42.9984,154.6126,84.3351,322.5584,46.8935,6865.3838,486.5778,-5805.069141194946,-1299.299809569104,3415.3029807700536,1843.350284571137,5655.887857584487,3415.3029807700536,30.0159,71.9483,5
265,STARLINK-30201,satellite,0,50,42.9953,154.6071,87.9106,322.93,50.8406,6864.8985,487.712,-5581.6531761692295,-1656.9583669051062,3627.2830661375215,1421.7587353162476,5646.146057909663,3627.2830661375215,32.083,75.8662,4
266,STARLINK-30233,satellite,0,50,42.9827,154.5125,94.9931,340.7468,75.74,6869.9259,497.3645,-3621.556415290159,-3666.6516641935377,4536.946263813275,-1306.622855086709,4985.252452005575,4536.946263813275,41.5358,104.6867,3
267,STARLINK-30184,satellite,0,58,43.0203,125.858,143.9548,32.6516,176.6064,6867.4878,482.6033,3771.1664207909193,-5724.579349562294,277.0759958063885,-6847.45380332174,-323.8538468363258,277.0759958063885,2.3291,-177.2922,4
268,STARLINK-6316,satellite,0,7,43.0186,180.4304,41.9285,326.9482,8.8766,6869.9215,484.9138,-6774.608307183812,-825.1733152583242,722.4751465164221,2745.6875058526007,6247.993984966955,722.4751465164221,6.0805,66.2769,1
269,STARLINK-6320,satellite,0,7,43.0177,180.4014,45.6851,328.2316,13.9166,6869.5459,484.6516,-6652.1640159301805,-1253.3351344922635,1125.9641263552296,2314.9548656303023,6361.062727585987,1125.9641263552296,9.502,70.0022,2
270,STARLINK-6375,satellite,0,7,42.9899,180.3195,95.3791,324.9369,60.316,6863.4022,488.3373,-3372.2996334301406,-4377.616817057732,4063.1551189207635,-2045.2876325908214,5133.491240334472,4063.1551189207635,36.4974,111.7233,4
271,STARLINK-6359,satellite,0,7,43.0049,180.3733,73.4642,324.3208,37.785,6866.701,485.9905,-5401.720293462871,-3109.156940165612,2866.942386124935,80.88927087620205,6232.086001753002,2866.942386124935,24.838,89.2564,4
272,STARLINK-6372,satellite,0,7,43.0193,180.4261,34.9715,329.8705,4.842,6872.8992,487.3481,-6837.572701598852,-474.5496349450557,395.361009259629,3079.388276685962,6123.313289966909,395.361009259629,3.322,63.3024,2
273,STARLINK-6376,satellite,0,7,42.9825,180.1774,75.5824,27.5345,103.1169,6861.5653,489.4494,1571.4956421076722,-4881.403192788949,4553.713856741865,-5000.24248900122,1138.0996155523662,4553.713856741865,41.7822,167.1774,3
274,STARLINK-6331,satellite,0,7,43.0102,179.9542,170.1883,42.1653,212.3537,6867.5222,490.2121,5801.839731565749,2681.9305609373405,-2506.1591900555395,-652.4480736458298,-6358.333690178619,-2506.1591900555395,-21.5316,-95.8588,3
275,STARLINK-6324,satellite,0,7,42.9913,180.1195,84.6102,36.7061,121.3163,6863.5246,488.1986,3574.0062215957873,-4278.727021901414,3995.701805074725,-5503.256042249027,-891.7389379209147,3995.701805074725,35.7991,-170.7959,4
276,STARLINK-6215,satellite,0,50,43.0175,154.3559,47.1374,325.8655,13.0029,6869.5875,484.6218,-6516.256912679855,1875.992368992665,1053.3567145284276,4937.291703065431,4648.021316582785,1053.3567145284276,8.8842,43.2714,4
277,STARLINK-6369,satellite,0,50,42.9835,155.0883,101.9004,331.3226,73.2231,6867.5603,494.7531,-3821.8634501257325,-3525.6380851486388,4480.441590861699,-1083.1630848591265,5085.619123612777,4480.441590861699,40.9273,102.0235,3
278,STARLINK-6371,satellite,0,50,43.0137,154.8465,120.2743,35.0804,155.3548,6868.5244,485.4128,4756.052531038228,-4544.704249116889,1951.9459946740126,-6334.947132225846,-1772.7992615746914,1951.9459946740126,16.6246,-164.366,9
279,STARLINK-30240,satellite,0,7,43.0189,179.8672,187.7244,10.9971,198.7214,6868.6362,486.1329,6503.82359962105,1595.514961458021,-1502.8886294985089,-1944.9701568664318,-6408.001287150547,-1502.8886294985089,-12.7255,-106.8842,4
280,STARLINK-30207,satellite,0,4,42.9815,165.4536,84.5616,13.8853,98.4469,6858.7666,486.5139,-271.23204057405087,-5054.361925362156,4622.719436648183,-4209.110828324005,2811.321277846097,4622.719436648183,42.5831,146.2605,7
281,STARLINK-30205,satellite,0,7,42.9799,180.1399,96.7152,344.9453,81.6605,6861.3528,489.1279,-982.478517896421,-4966.269936484903,4625.619198415924,-3770.561618660431,3378.1601797497024,4625.619198415924,42.5959,138.1419,7
282,STARLINK-30222,satellite,0,7,43.0074,179.5364,6.6814,312.7315,319.4129,6866.2638,490.8107,-5186.595494580334,3308.061584245119,-3046.3664724284413,5490.864611200614,2773.887180658954,-3046.3664724284413,-26.4871,26.8021,2
283,STARLINK-30172,satellite,0,7,43.0183,180.3155,20.4798,332.1006,352.5804,6872.7488,488.6374,-6812.581139104979,610.8021268287251,-604.946551596146,4000.1947838901788,5548.223382846549,-604.946551596146,-5.0858,54.2089,2
284,STARLINK-30214,satellite,0,7,42.9806,179.6586,99.1626,179.5486,278.7112,6861.412,497.4519,-1010.2604110524379,4971.1178486901335,-4626.8029933593325,4791.146379554953,-1666.5998720097546,-4626.8029933593325,-42.5455,-19.1802,3
285,STARLINK-30182,satellite,0,7,42.9911,179.7851,81.9272,156.3866,238.3139,6863.6512,494.9798,3622.423245705701,4259.960815041086,-3983.8800643356017,1816.5092268130995,-5288.620854780329,-3983.8800643356017,-35.6365,-71.0437,12
286,STARLINK-30191,satellite,0,66,42.9917,118.0646,103.255,322.7978,66.0528,6860.0982,486.5163,-5353.7392446663325,299.3844238154429,4272.825337894909,2988.236413119084,4452.25763769494,4272.825337894909,38.7242,56.1315,5
287,STARLINK-30208,satellite,0,7,42.9986,179.5418,3.9229,311.4558,315.3787,6865.6174,490.99,-4857.343544268108,3565.2909049988143,-3288.189548137311,5544.179658438146,2359.4824558091145,-3288.189548137311,-28.7728,23.0536,2
288,STARLINK-30224,satellite,0,7,43.0204,179.8917,153.3689,29.3995,182.7684,6870.9034,486.2629,6856.811293533272,229.43407418476252,-226.19541189857551,-3300.0346203099252,-6014.837704733052,-226.19541189857551,-1.9002,-118.7513,4
289,STARLINK-30043,satellite,0,7,42.9856,179.7459,79.6189,168.9055,248.5244,6862.2932,496.6496,2534.433039549483,4662.856082795437,-4356.432040991912,2717.9947182714,-4558.2981903635055,-4356.432040991912,-39.5565,-59.1935,15
290,STARLINK-30105,satellite,0,45,43.0204,322.2195,21.2493,325.2191,346.4684,6867.1145,484.3558,4553.736243002421,-5014.962800602712,-1095.4129646105189,-6636.241694874316,-1358.919360916783,-1095.4129646105189,-9.2423,-168.4274,5
291,STARLINK-30102,satellite,0,39,43.0212,191.3088,159.8752,33.6309,193.5061,6863.0937,479.4417,6308.354755501454,2455.552445870083,-1092.6243124855312,-1105.5174452870842,-6678.540912043758,-1092.6243124855312,-9.2253,-99.3991,4
292,STARLINK-30158,satellite,0,39,43.0233,191.3294,147.0213,32.1132,179.1345,6867.5321,482.5309,6741.094453386588,1273.333892656245,70.70563445095388,-2343.112938497183,-6447.755841307394,70.70563445095388,0.5942,-109.9711,4
293,STARLINK-30146,satellite,0,39,43.0171,191.3507,125.6629,34.5728,160.2357,6869.0087,484.9672,6665.33092144278,-392.39147913348586,1583.0049576292256,-3737.224873908175,-5532.9700529715365,1583.0049576292256,13.4184,-124.0369,5
294,STARLINK-30197,satellite,0,39,42.9814,191.0961,93.9617,181.1322,275.0939,6861.171,497.7333,-1561.1017368022592,4792.2922755656455,-4662.471978694272,4918.293181384008,-1101.5879760803277,-4662.471978694272,-42.9488,-12.6246,2
295,STARLINK-30215,satellite,0,39,42.9928,191.4562,83.364,31.8824,115.2464,6860.5142,486.7539,3767.1953264146127,-3864.9969518277035,4229.045448366026,-5245.92844294133,-1268.9353161358106,4229.045448366026,38.2545,-166.4019,4
296,STARLINK-30162,satellite,0,7,42.9811,180.0579,92.0022,182.5438,274.546,6861.2119,497.7232,-549.2521253836352,5006.632192466001,-4666.192197338188,4586.5521310552385,-2081.2456262988294,-4666.192197338188,-42.9914,-24.4072,4
297,STARLINK-30178,satellite,0,39,43.009,191.3758,111.8506,35.2326,147.0832,6867.3733,485.7808,6184.122369496212,-1536.7889953419904,2543.18529146571,-4476.121268116643,-4535.353160474005,2543.18529146571,21.8806,-134.6234,4
298,STARLINK-30217,satellite,0,7,42.9914,180.2286,72.3695,164.6692,237.0387,6866.9013,497.9007,3720.3907317716817,4230.526137214104,-3929.9779976505147,1741.2220837984949,-5357.8731087621645,-3929.9779976505147,-35.0666,-71.9967,10
299,STARLINK-30216,satellite,0,39,43.0064,190.8522,71.5891,326.5987,38.1878,6864.3547,483.5168,-4710.04237179116,-4059.8584332686078,2891.8811477448326,-1089.6431353641515,6122.060721669143,2891.8811477448326,25.0784,100.0922,2
300,STARLINK-30165,satellite,0,60,43.0082,267.6708,3.5032,319.6506,323.1538,6864.3475,488.0112,-3230.0185070228968,-5364.906651451941,-2807.034210294951,-2967.0662027487797,5514.685945999975,-2807.034210294951,-24.278,118.2816,8
301,STARLINK-30140,satellite,0,85,42.9969,270.68,91.1217,38.9227,130.0444,6865.013,487.15,3788.037222445312,4458.509004434511,3581.1136933261487,1902.8153864910314,-5532.343278050251,3581.1136933261487,31.6307,-71.0197,64
302,STARLINK-30077,satellite,0,60,43.019,267.154,163.1052,33.6368,196.742,6866.8454,484.683,-1117.1535938129236,6634.77403076967,-1348.5747957007318,6276.644266641592,-2423.2200357334395,-1348.5747957007318,-11.4031,-21.11,5
303,STARLINK-30088,satellite,0,60,42.9905,267.739,113.011,181.8706,294.8817,6860.2333,493.1685,-4664.529461456163,-2705.696337790161,-4245.410482351286,51.91059621764434,5392.210405680024,-4245.410482351286,-38.3866,89.4484,3
304,STARLINK-30091,satellite,0,60,43.0124,267.2119,118.8298,35.4657,154.2955,6865.9024,482.5593,2473.281165260164,6066.96507379293,2029.3296713704337,3956.9150944454236,-5221.877810175558,2029.3296713704337,17.3112,-52.8467,7
305,STARLINK-30116,satellite,0,60,43.0212,267.6177,21.8653,329.5706,351.4359,6867.3811,483.6757,-1028.428684798071,-6748.16674172159,-697.1446289082568,-5279.803749319802,4326.5566334513,-697.1446289082568,-5.8676,140.667,5
306,STARLINK-30092,satellite,0,60,43.0132,267.6457,12.293,317.9789,330.2719,6865.3724,487.3342,-2731.173782424322,-5852.508360371799,-2321.5943037960137,-3640.9119416925073,5334.315754702255,-2321.5943037960137,-19.8859,124.3153,9
307,STARLINK-30039,satellite,0,60,42.9995,267.6972,86.5889,222.3825,308.9714,6862.2702,491.3416,-4072.8707690112024,-4156.348842107919,-3639.1470343528404,-1497.633582559752,5623.2202207229075,-3639.1470343528404,-32.1812,104.9134,7
308,STARLINK-30171,satellite,0,85,43.0046,270.6468,104.5352,38.092,142.6272,6878.8419,497.9828,2988.811353331423,5495.63607328287,2845.2470552944196,3202.5416484608018,-5373.893946259523,2845.2470552944196,24.5917,-59.2074,7
309,STARLINK-30204,satellite,0,60,42.9988,267.513,84.9452,323.1137,48.0589,6862.6279,484.2702,3527.8721983488285,-4740.461678691614,3478.3644941463604,-5876.881073761062,-616.5452293995446,3478.3644941463604,30.6394,-174.011,5
310,STARLINK-30155,satellite,0,60,43.0205,267.1583,157.8283,31.8117,189.6399,6867.3267,483.6807,-503.6402376801676,6797.97859657311,-783.918508189027,6104.094775322205,-3034.1709678857587,-783.918508189027,-6.601,-26.4307,7
311,STARLINK-30161,satellite,0,60,43.0179,267.1855,135.9382,32.496,168.4342,6867.2021,482.1828,1334.3768032834903,6663.1431675880385,938.3148428242318,5050.619972025418,-4546.347569543511,938.3148428242318,7.9103,-41.9922,6
312,STARLINK-30176,satellite,0,60,43.009,267.2231,111.463,35.7704,147.2334,6865.0614,483.1096,2990.4863716829855,5628.768979501253,2531.8989848047017,3316.20013216005,-5443.240362805864,2531.8989848047017,21.7875,-58.6489,8
313,STARLINK-30154,satellite,0,8,42.9982,307.3183,84.4479,322.7744,47.2224,6862.9308,484.3692,5750.791822741117,-1472.033415045371,3432.4533925946544,-4199.398205355969,-4195.657716779254,3432.4533925946544,30.1927,-135.0255,21
314,STARLINK-30145,satellite,0,8,43.0168,307.4232,17.6667,327.7927,345.4594,6869.5265,486.5828,3037.008688266862,-6042.3564292579085,-1175.6844917112512,-6746.322425431665,469.7091897340484,-1175.6844917112512,-9.9228,176.0172,5
315,STARLINK-30226,satellite,0,8,43.0176,307.3897,54.2968,325.9225,20.2192,6869.0686,485.0134,5287.718160096105,-4063.0921884552376,1617.9506579231581,-6191.874641221904,-2475.756429839015,1617.9506579231581,13.7201,-158.2065,9
316,STARLINK-30203,satellite,0,8,43.0102,307.0314,112.0703,35.1697,147.24,6867.4381,485.4339,-1307.5284857927993,6240.671985586529,2532.3594366218126,6034.764087325839,-2058.455727764496,2532.3594366218126,21.7839,-18.8345,4
317,STARLINK-30169,satellite,0,73,42.9949,293.314,85.9428,148.751,234.6938,6861.5768,491.5227,-5331.783000665064,2021.333330847537,-3819.33110273949,4458.153323512197,3555.076278314335,-3819.33110273949,-33.9801,38.57,4
318,STARLINK-30164,satellite,0,8,43.0184,307.3828,44.7649,328.5261,13.291,6869.6351,484.7373,4971.332801123369,-4606.428436258409,1076.3168868280447,-6497.8442187125975,-1926.4872870690035,1076.3168868280447,9.0793,-163.4859,9
319,STARLINK-30072,satellite,0,8,42.9944,307.7295,102.2586,127.8947,230.1532,6864.7614,493.5112,-5741.347381977839,1120.0000963211537,-3594.6190271903647,3891.783295434647,4367.092025327497,-3594.6190271903647,-31.7307,48.2938,1
320,STARLINK-30230,satellite,0,8,42.9854,307.2397,101.4946,332.6577,74.1524,6861.8234,489.6153,4975.840041350259,1429.7045838140627,4498.48596354192,-1308.228060664798,-5009.149494212836,4498.48596354192,41.1647,-104.6369,111
321,STARLINK-30213,satellite,0,8,42.981,307.5607,99.6582,183.6069,283.2651,6861.5529,497.2026,-2915.1165161855997,-4229.156815072785,-4555.974553317041,-2150.781821359996,4664.526688349209,-4555.974553317041,-41.7496,114.7541,8
322,STARLINK-30212,satellite,0,8,43.0102,307.8593,114.3018,38.5985,152.9004,6865.6867,482.334,-1943.3583010573077,6222.4721371279265,2131.1538035118015,6343.420547935539,-1502.2705267863432,2131.1538035118015,18.2095,-13.3235,4
323,STARLINK-30219,satellite,0,8,43.0194,308.2788,23.1651,327.6878,350.8529,6872.6083,488.9355,3573.305805444047,-5816.360309593082,-744.7503267089775,-6825.477579455351,-106.85243367458985,-744.7503267089775,-6.265,-179.1031,5
324,STARLINK-30074,satellite,0,8,42.9994,307.4819,50.1737,262.1201,312.2938,6865.1872,492.6393,-136.02624953712817,-5926.149782958708,-3463.3515204847026,-5027.932771072177,3139.6889081886966,-3463.3515204847026,-30.4521,148.0173,16
325,STARLINK-30082,satellite,0,8,43.0142,307.3706,58.0651,328.1026,26.1677,6865.9001,483.0913,5494.420783849685,-3550.052569492676,2063.5538910222563,-5856.019692955317,-2915.2300684303555,2063.5538910222563,17.611,-153.5351,9
326,STARLINK-30153,satellite,0,8,42.9953,307.0955,97.4569,27.8615,125.3184,6862.4204,486.2801,873.2186703840339,5630.782285285266,3815.8696829299447,4397.863786305254,-3623.1221491545716,3815.8696829299447,33.9747,-39.483,5
327,STARLINK-30147,satellite,0,8,42.9857,307.2703,100.9804,327.5928,68.5732,6859.8243,486.4508,5231.964341571069,834.1249208754534,4351.417435659644,-1951.1480869140364,-4925.671162189815,4351.417435659644,39.5726,-111.6094,97
328,STARLINK-30157,satellite,0,41,43.0226,281.6888,47.6005,328.5018,16.1023,6869.2332,483.9915,2697.9678393022245,-6173.6021281736175,1298.406190353828,-6686.281092633126,828.2746218469475,1298.406190353828,10.9748,172.9384,4
329,STARLINK-30168,satellite,0,8,42.9834,307.1708,89.7404,0.2304,89.9709,6858.609,487.1879,3998.286418576846,3027.2837052127925,4673.887530213017,564.5227434647342,-4983.177198227452,4673.887530213017,43.1617,-83.5368,100
330,STARLINK-30231,satellite,0,8,42.984,307.1996,92.9292,352.4092,85.3384,6861.3316,489.3364,4319.637369301065,2579.058459862448,4659.990928035838,15.078585002600335,-5030.962351074057,4659.990928035838,42.9859,-89.8283,115
331,STARLINK-30081,satellite,0,8,42.9864,307.1341,79.4803,31.7267,111.207,6859.7657,486.2511,2230.2583870034227,4799.588610297834,4357.849113319736,2990.750824882347,-4366.4073108638595,4357.849113319736,39.6438,-55.591,24
332,STARLINK-30149,satellite,0,8,42.9835,307.1845,90.7646,2.1899,92.9545,6861.1529,489.7054,3777.986241633799,3309.713592100233,4669.418246368596,919.8179217229142,-4937.744332646705,4669.418246368596,43.0908,-79.4477,83
333,STARLINK-30259,satellite,0,73,43.0226,293.0289,148.3076,30.1432,178.4508,6867.6233,482.7553,-2558.17176253204,6364.863204709803,126.55374297951295,6779.48797844154,-1046.0731960296387,126.55374297951295,1.0635,-8.7715,5
334,STARLINK-30256,satellite,0,73,42.9926,293.3389,94.438,323.6211,58.0592,6861.1549,485.3598,5344.509173868531,-1644.5136979377362,3967.47324661129,-4140.527057382524,-3758.222891121941,3967.47324661129,35.5253,-137.771,26
335,STARLINK-30261,satellite,0,73,42.9829,293.198,80.9714,19.6543,100.6257,6858.9271,486.9227,4032.67915090067,3103.5278285704208,4593.754536559258,612.560978407192,-5051.648757044853,4593.754536559258,42.2519,-83.0861,106
336,STARLINK-30260,satellite,0,73,43.0166,293.0158,167.959,31.7435,199.7025,6866.5852,484.9652,-4082.683127175925,5284.6414505970515,-1578.2398931098767,6627.937906100887,816.1959882077889,-1578.2398931098767,-13.3772,7.0203,4
337,STARLINK-30253,satellite,0,73,43.0032,293.1006,97.8951,38.0975,135.9925,6863.3084,484.197,1269.6558141919577,5903.792066953696,3249.420186244346,4430.483799875071,-4103.364467772926,3249.420186244346,28.4339,-42.8048,4
338,STARLINK-30257,satellite,0,73,43.0152,293.0834,122.5251,34.7663,157.2914,6866.2443,482.444,-699.7083355418997,6579.856386810323,1806.3870776867288,6016.485637363674,-2754.2698490293274,1806.3870776867288,15.3604,-24.5977,4
339,STARLINK-30250,satellite,0,73,42.9878,293.1545,80.4512,34.3595,114.8107,6860.1784,485.9602,3054.270272118276,4435.103139012046,4243.1617733238145,2256.9476869859122,-4889.2631231126115,4243.1617733238145,38.4104,-65.2213,49
340,STARLINK-30269,satellite,0,73,43.022,293.4492,49.6769,325.9873,15.6642,6866.9564,482.4552,3870.667530812439,-5520.756616405,1263.6864941839247,-6722.88932355389,-513.4003261689389,1263.6864941839247,10.6803,-175.633,4
341,STARLINK-30266,satellite,0,73,42.9851,292.7963,96.4485,181.1132,277.5617,6858.7241,494.8982,-4238.31675067152,-2760.991738909168,-4638.716405579617,-213.0448768991652,5053.81204060603,-4638.716405579617,-42.7003,92.4139,4
342,STARLINK-30270,satellite,0,73,43.0052,292.6877,38.981,280.8965,319.8775,6863.8295,489.4137,-959.9030279178622,-6089.681702255149,-3016.7330043488705,-4748.367044444615,3931.7486528285804,-3016.7330043488705,-26.2158,140.3745,16
343,STARLINK-30268,satellite,0,73,43.0036,293.4057,72.4394,324.2702,36.7095,6864.4933,483.7293,4935.46599635198,-3854.75991002572,2796.1145111217165,-5833.010398028254,-2279.032308148001,2796.1145111217165,24.1937,-158.6588,9
344,STARLINK-30251,satellite,0,73,42.9932,292.7359,102.4744,196.2097,298.684,6860.6414,492.807,-2788.6065078843358,-4740.315654649009,-4105.793073042484,-2654.9772155084515,4816.43174421234,-4105.793073042484,-36.9144,118.865,10
345,STARLINK-30254,satellite,0,17,43.012,34.5326,111.5161,38.3461,149.8622,6865.3075,482.8117,-6313.5797982768945,-1288.0383436528632,2348.9848658530177,2112.4072673263254,6087.533834064255,2348.9848658530177,20.1444,70.8629,5
346,STARLINK-30264,satellite,0,67,43.0104,140.3171,69.4439,321.9205,31.3643,6865.0931,483.3393,-6173.954141513824,1730.6980051340888,2435.0976692705453,4637.7236259082365,4427.701988185674,2435.0976692705453,20.9145,43.6728,5
347,STARLINK-30166,satellite,0,79,42.9892,12.741,80.4512,29.4979,109.9491,6862.1864,489.0213,-3322.379340340223,4083.5511044046793,4395.835033979491,5207.032955869799,774.8560510766096,4395.835033979491,40.0384,8.464,20
348,STARLINK-30218,satellite,0,79,42.9857,12.8501,99.1645,337.291,76.4555,6861.6418,489.3242,481.2144687324067,5112.357300101961,4545.873548827981,4151.891452914695,-3021.516488791204,4545.873548827981,41.6953,-36.0451,4
349,STARLINK-30138,satellite,0,79,42.9824,12.8134,95.3035,352.55,87.8535,6861.2332,489.9709,-861.4388130000307,4945.767563924509,4672.433311208866,4693.433774314636,-1781.6770276998418,4672.433311208866,43.1232,-20.7873,13
350,STARLINK-30255,satellite,0,79,43.0091,12.6474,109.5455,35.8507,145.3962,6867.7816,485.9167,-6133.9354871352625,1543.5419318219965,2657.6933415659914,4456.331451537241,4488.741053978284,2657.6933415659914,22.919,45.2076,5
351,STARLINK-30252,satellite,0,74,42.9991,358.0585,96.2371,134.7041,230.9412,6862.1465,491.0815,-4454.1902220359025,-3748.8908221036754,-3634.4938820941798,-952.6674279741723,5743.380337554748,-3634.4938820941798,-32.1366,99.418,5
352,STARLINK-30258,satellite,0,79,43.022,13.4022,167.5103,39.2232,206.7335,6868.9951,489.5494,-5441.440253301523,-3617.7081067527893,-2107.191023216382,-336.27603195918437,6525.641915263569,-2107.191023216382,-17.9782,92.9499,2
353,STARLINK-30174,satellite,0,79,43.0195,12.5671,161.5524,31.5312,193.0836,6869.6407,486.5583,-6278.621019622037,-2563.60506980205,-1060.119963851847,997.4111726090107,6708.078995860824,-1060.119963851847,-8.9392,81.5428,4
354,STARLINK-30248,satellite,0,79,43.023,12.5854,152.0673,30.1596,182.2269,6870.0499,485.2001,-6650.8702990737165,-1684.6377144706842,-181.95877722929023,1943.3147022567255,6579.939812195152,-181.95877722929023,-1.5287,73.5461,4
355,STARLINK-30052,satellite,0,79,42.9926,12.4614,73.8301,168.5532,242.3833,6863.1013,495.4346,-2147.495994505982,-5031.668561009191,-4148.371434584281,-3232.5856289695757,4413.594646730362,-4148.371434584281,-37.3443,126.2196,12
356,STARLINK-30245,satellite,0,79,43.0226,12.5979,135.539,35.7822,171.3212,6871.4577,484.4479,-6785.575349219014,-740.7827670757766,706.508375420384,2823.868972314134,6214.38299070203,706.508375420384,5.946,65.5625,2
357,STARLINK-30041,satellite,0,79,42.989,12.7192,81.1915,32.4398,113.6312,6860.0702,485.9243,-3692.201797533747,3876.51666463086,4282.615383767544,5217.585858930977,1198.5547002768362,4282.615383767544,38.8332,12.9372,16
358,STARLINK-30244,satellite,0,79,42.982,12.8279,100.8172,340.5184,81.3356,6861.366,489.4806,-93.84811749802363,5065.33751441042,4622.126710088372,4404.763867453043,-2502.8996935617633,4622.126710088372,42.5536,-29.6063,5
359,STARLINK-30246,satellite,0,79,42.9954,12.8983,92.405,321.1793,53.5843,6864.1781,487.55,3067.9612788717163,4844.322220231248,3764.1919772120987,2601.949869041546,-5109.765264772645,3764.1919772120987,33.4474,-63.0143,48
360,STARLINK-30075,satellite,0,79,43.0208,12.5393,172.8822,39.1081,211.9903,6867.5146,489.2616,-5106.001975171412,-3859.42106778083,-2481.181262315969,-715.2762339629915,6360.406202280842,-2481.181262315969,-21.3097,96.4164,3
361,STARLINK-30148,satellite,0,79,43.0266,12.6147,137.2427,33.4772,170.7199,6869.8388,485.2483,-6786.493986441654,-689.6993594406408,755.1829506860673,2868.2763772353965,6189.117583162801,755.1829506860673,6.3565,65.1352,4
362,STARLINK-30249,satellite,0,79,42.9944,12.4757,83.0489,157.1336,240.1824,6863.4255,495.3558,-2392.1922893600326,-4991.724699840868,-4062.24698727279,-3073.4187415050365,4603.693806894697,-4062.24698727279,-36.4445,123.727,11
363,STARLINK-30141,satellite,0,79,43.0235,12.5981,146.5697,28.9281,175.4978,6870.0352,484.5237,-6762.607926685906,-1107.837670829832,367.5537161883949,2496.4358853899953,6381.847549504907,367.5537161883949,3.0894,68.6357,3
364,STARLINK-30150,satellite,0,79,43.0125,12.5498,170.193,38.746,208.939,6867.94,488.9816,-5336.3109114564,-3676.207129934906,-2265.9391456298476,-440.2155307331097,6465.0540053749155,-2265.9391456298476,-19.3854,93.8953,2
365,STARLINK-30056,satellite,0,79,42.9903,12.6991,75.0946,39.5043,114.5989,6862.6891,488.9387,-3788.0473591182767,3822.471757654075,4252.410104719323,5219.986624707492,1308.5613363006212,4252.410104719323,38.4894,14.0731,15
366,STARLINK-30100,satellite,0,79,43.0065,12.9684,69.146,323.7532,32.8992,6867.4367,485.189,5001.725197766753,3948.1158026074204,2541.639360261239,844.7533920872114,-6315.953217949801,2541.639360261239,21.8686,-82.3819,53
367,STARLINK-30309,satellite,0,37,43.018,24.043,28.8418,302.6515,331.4933,6867.0707,487.8037,6484.019688953527,270.12938246426984,-2234.8170566393683,-3074.8851887836945,-5714.942019461456,-2234.8170566393683,-19.1123,-118.2822,4
368,STARLINK-30306,satellite,0,37,43.0001,24.0779,89.7745,221.5614,311.3359,6862.478,490.9203,5676.3409711434515,-1591.6157671012236,-3514.6258309725313,-4264.281339760849,-4070.6255325360526,-3514.6258309725313,-30.9599,-136.331,2
369,STARLINK-30323,satellite,0,79,43.0283,12.5045,166.3003,29.4507,195.751,6869.4126,486.38,-6154.441976467607,-2760.0533366733594,-1271.387250233119,765.0996345593296,6701.467974420636,-1271.387250233119,-10.7399,83.4868,2
370,STARLINK-30329,satellite,0,37,42.9803,24.1878,90.5064,184.6671,275.1734,6858.7681,495.663,2613.683561196562,-4308.4548470252885,-4660.3903831393845,-5039.004676882443,-50.564743465269125,-4660.3903831393845,-42.9412,-179.4251,9
371,STARLINK-30330,satellite,0,37,42.9855,24.2596,77.007,177.6711,254.6781,6859.2576,494.506,336.1260686478227,-5159.830721446689,-4513.207625526817,-4609.61729154145,2342.704043094596,-4513.207625526817,-41.2925,153.0594,18
372,STARLINK-30311,satellite,0,37,43.0192,23.5665,141.218,36.3435,177.5615,6867.6231,483.0018,-6368.517811732344,-2545.052983025828,199.158455898711,1059.2212396444775,6775.940094942311,199.158455898711,1.6738,81.1154,4
373,STARLINK-30328,satellite,0,79,43.0183,12.448,164.4563,34.3853,198.8416,6869.364,487.7055,-5994.825613310004,-2983.261649291668,-1512.5123591479698,491.69559788479353,6678.025130317557,-1512.5123591479698,-12.8054,85.789,3
374,STARLINK-30326,satellite,0,37,43.0124,23.927,73.5679,322.5527,36.1206,6864.4718,483.2114,3864.708670776809,4948.692622072246,2757.706927088711,2285.3345912530344,-5848.314080463878,2757.706927088711,23.8429,-68.656,32
375,STARLINK-30324,satellite,0,37,42.9911,24.1169,106.3898,190.7397,297.1295,6860.4621,493.2605,4682.225974797357,-2799.1963333784224,-4165.198940465856,-4795.911291798838,-2599.6105618078,-4165.198940465856,-37.5354,-151.5402,4
376,STARLINK-30312,satellite,0,37,43.0109,23.5117,172.683,40.2347,212.9177,6864.9884,487.3999,-4194.648752185768,-4798.793100181024,-2543.934541017142,-1988.1111407781277,6055.65087042446,-2543.934541017142,-21.8819,108.1754,6
377,STARLINK-30263,satellite,0,37,43.0151,23.5957,118.7285,37.0775,155.806,6866.412,482.7545,-6556.348534603502,-620.88277711593,1917.707065846114,2810.080411233486,5956.059906726806,1917.707065846114,16.3315,64.742,5
378,STARLINK-30280,satellite,0,37,42.9952,23.6937,81.775,32.368,114.143,6860.1169,486.0115,-4406.559520091181,3063.2620772013843,4266.293535045315,4882.438391621946,2227.8098459568914,4266.293535045315,38.6575,24.5268,10
379,STARLINK-30247,satellite,0,37,43.0047,23.6426,98.1425,37.2149,135.3574,6863.1091,484.0235,-5882.550950864475,1271.3520015403324,3286.4687457792943,4093.989197849663,4411.348325538058,3286.4687457792943,28.7885,47.1369,5
380,STARLINK-30277,satellite,0,29,43.0041,241.8256,81.7024,323.243,44.9453,6863.0989,484.3365,831.2706704207485,-5951.23103260412,3304.092735351773,-5542.884860069265,2320.471753533531,3304.092735351773,28.9557,157.2839,4
381,STARLINK-30265,satellite,0,37,43.0196,23.5487,160.5155,31.3827,191.8981,6867.449,484.0754,-5741.9614049429065,-3630.760921949841,-965.1844857739081,-194.2196842158148,6790.7896714944045,-965.1844857739081,-8.136,91.6382,2
382,STARLINK-30286,satellite,0,37,42.982,23.7673,84.1345,8.5738,92.7083,6858.7482,487.1999,-2315.4374771834364,4454.16474599104,4668.576549366502,5012.212317066754,-280.2891075645782,4668.576549366502,43.1008,-3.2007,18
383,STARLINK-30243,satellite,0,37,43.025,23.9994,24.498,329.2032,353.7012,6867.4007,483.2759,6454.1260149781265,2271.0727708712566,-513.6343601558239,-1338.547636529835,-6709.828937651889,-513.6343601558239,-4.3199,-101.2819,4
384,STARLINK-30299,satellite,0,37,42.9929,23.8349,110.5609,320.8377,71.3986,6859.6303,487.7687,79.8350930164338,5231.898802517624,4431.548577162869,4459.441049692962,-2737.2475675714136,4431.548577162869,40.4385,-31.542,5
385,STARLINK-30294,satellite,0,79,43.0213,12.5682,131.323,31.8852,163.2082,6866.8656,482.2414,-6724.960562029091,-14.912733171164652,1352.0453852865237,3417.3011699664694,5792.009121557308,1352.0453852865237,11.437,59.4593,5
386,STARLINK-30276,satellite,0,37,42.9837,23.7873,96.2016,348.1183,84.3199,6861.1926,489.3088,-1392.4351857497347,4841.695811015908,4652.471336712281,4874.757171914633,-1271.8634312652182,4652.471336712281,42.9002,-14.6229,14
387,STARLINK-30289,satellite,0,79,42.9902,13.0415,106.0948,192.8183,298.9131,6863.2779,495.6279,4226.091056281451,-3533.8512826297324,-4098.256576583945,-5195.16104708923,-1832.5534640311616,-4098.256576583945,-36.818,-160.5701,4
388,STARLINK-30288,satellite,0,48,42.9837,49.6802,98.9525,342.5906,81.5431,6858.8189,486.689,-3129.6155044053235,3978.2287521382323,4622.907673913645,5018.120090004489,662.7729415469845,4622.907673913645,42.5839,7.5238,20
389,STARLINK-30347,satellite,0,11,43.0131,37.9052,57.4624,324.6115,22.0739,6868.8535,484.8031,3858.756523993091,5394.110598596592,1759.0179755450267,2671.492036842256,-6070.383954779117,1759.0179755450267,14.943,-66.2464,9
390,STARLINK-30345,satellite,0,48,42.9837,49.2082,98.678,180.9752,279.6532,6858.875,495.5481,4499.728458850224,-2362.6567400460003,-4613.544649106217,-4327.341897514485,-2665.2983278963616,-4613.544649106217,-42.4099,-148.3702,4
391,STARLINK-30333,satellite,0,48,43.0188,48.9882,60.9958,324.7258,25.7216,6865.8872,482.5172,2412.631546338488,6090.790700527435,2030.8189535611448,4008.3433497510027,-5181.8631713434925,2030.8189535611448,17.3244,-52.2769,6
392,STARLINK-30336,satellite,0,48,42.9865,49.324,78.1987,165.9487,244.1473,6860.4159,493.8709,1476.0702677340953,-5215.077666124699,-4211.623275395322,-5238.57641781866,1390.3724729997543,-4211.623275395322,-38.0225,165.1358,16
393,STARLINK-30346,satellite,0,48,43.0215,49.0487,17.4384,325.8755,343.3139,6866.8157,485.1774,5396.415867346187,4020.591450509673,-1344.362695572862,705.7769252677314,-6692.409039876209,-1344.362695572862,-11.3662,-83.9799,4
394,STARLINK-30315,satellite,0,48,42.9825,49.247,85.3674,180.1248,265.4922,6858.6747,495.3116,3439.732109360747,-3676.280245013804,-4664.918912030836,-4916.58015444884,-1083.528037904835,-4664.918912030836,-42.9956,-167.5717,8
395,STARLINK-30287,satellite,0,48,43.0082,49.0858,12.5796,309.4789,322.0584,6864.3151,488.9893,5876.908958152624,2069.2956650639308,-2878.4612993027827,-1217.6891644767416,-6110.423598293564,-2878.4612993027827,-24.9328,-101.2703,4
396,STARLINK-30335,satellite,0,48,42.9935,49.1341,102.2747,198.6325,300.9072,6860.9532,492.6532,5563.990552789036,-152.14313491743368,-4015.6913370673465,-2968.829016775511,-4708.204825002827,-4015.6913370673465,-35.9786,-122.2341,4
397,STARLINK-30318,satellite,0,48,43.0237,49.001,38.2232,326.2357,4.4589,6867.5541,482.7439,4193.094116980748,5418.15236694784,363.92760078332225,2521.6393313750978,-6370.22357753503,363.92760078332225,3.0596,-68.404,10
398,STARLINK-30348,satellite,0,48,43.0155,49.4131,174.1389,27.6942,201.8331,6866.2725,485.4668,-2727.246310254273,-6051.531959839512,-1741.0258328458774,-3814.1032009199284,5432.451405257754,-1741.0258328458774,-14.7852,125.0725,3
399,STARLINK-30349,satellite,0,48,43.0168,49.4703,123.6687,35.6515,159.3203,6868.8037,484.2733,-5517.913684884669,-3727.7112309354034,1652.9867384332222,-391.88806059862185,6647.527826420865,1652.9867384332222,14.0247,93.3738,3
400,STARLINK-30341,satellite,0,78,42.9831,52.5808,98.1716,185.8015,283.9731,6865.8847,500.4303,4880.834048180426,-1645.8247753564938,-4544.710198365227,-3905.1529895779836,-3358.7289746338147,-4544.710198365227,-41.5997,-139.302,2
401,STARLINK-30300,satellite,0,48,43.0068,49.37,141.3808,81.7248,223.1056,6863.3888,489.6579,-660.0365439569388,-6036.054357223586,-3198.904011944649,-4855.189725966176,3646.4685885921112,-3198.904011944649,-27.929,143.0918,16
402,STARLINK-30281,satellite,0,48,42.9813,49.6095,81.2787,21.5357,102.8145,6859.0165,485.8594,-4709.367447549841,2010.5696528907629,4556.74618817896,4131.426264314541,3025.202325084949,4556.74618817896,41.8431,36.2131,8
403,STARLINK-30325,satellite,0,48,43.0223,49.4403,148.8042,31.9214,180.7255,6867.558,482.6837,-4412.568515017657,-5253.243173795492,-59.275274177731106,-2267.84951431228,6474.888672648173,-59.275274177731106,-0.4981,109.303,3
404,STARLINK-30338,satellite,0,48,42.993,49.5413,89.8913,34.2601,124.1514,6861.3667,484.9228,-5655.305132190784,-235.5643357562905,3869.0958661414365,2681.9224355502133,4984.501855166285,3869.0958661414365,34.5218,61.7174,5
405,STARLINK-30334,satellite,0,48,43.0082,49.4963,111.728,33.5907,145.3188,6864.8366,482.9155,-5832.458038614864,-2434.66223748926,2661.677955017852,880.7504217354593,6258.548208448359,2661.677955017852,22.966,81.9895,4
406,STARLINK-30375,satellite,0,71,42.9969,88.8984,88.9819,144.1155,233.0974,6864.3468,494.1444,3935.6043506286537,-4199.111556808329,-3744.2067245487838,-5619.212116133456,-1243.3722954559564,-3744.2067245487838,-33.2109,-167.5231,6
407,STARLINK-30365,satellite,0,49,42.9807,103.6635,90.5896,356.0822,86.6717,6861.1496,489.661,-4960.943109172312,-796.2597458048975,4667.479742416265,1845.4805306155297,4673.241672153554,4667.479742416265,43.069,68.4508,4
408,STARLINK-30351,satellite,0,49,42.9852,103.6164,79.524,33.0135,112.5375,6860.0934,486.0972,-3883.33830317156,-3644.3725430879476,4317.322036378971,-1153.935440041459,5199.057665568734,4317.322036378971,39.2059,102.514,4
409,STARLINK-30242,satellite,0,18,42.9963,75.0721,88.6104,144.6188,233.2292,6861.8505,491.6583,2827.0203443929177,-5005.719927718075,-3749.2525868180037,-5747.5641573410885,121.58239845193434,-3749.2525868180037,-33.275,178.7882,10
410,STARLINK-30331,satellite,0,90,43.0069,30.7681,36.5215,280.2466,316.7681,6863.378,489.6854,6055.145701562627,-395.76108749168816,-3206.4384479125124,-3428.892603780516,-5006.407076663287,-3206.4384479125124,-28.0004,-124.4073,4
411,STARLINK-30364,satellite,0,49,43.0218,103.4675,152.3916,32.6414,185.033,6870.0118,485.8623,2020.5359593332546,-6546.912779946047,-410.8487161562738,-6661.849866119152,1601.370935313822,-410.8487161562738,-3.453,166.4837,4
412,STARLINK-30308,satellite,0,49,42.9795,103.6682,76.9597,18.6239,95.5836,6861.4124,489.7985,-4694.452269436553,-1828.3466789289284,4653.207748270331,821.8159055711855,4970.447897898001,4653.207748270331,42.9048,80.6116,4
413,STARLINK-30361,satellite,0,49,43.0139,103.5143,117.0213,35.7229,152.7442,6868.2142,485.3665,-808.5763698907269,-6467.623068032586,2143.5886372492637,-5150.634817646502,3994.359131492873,2143.5886372492637,18.3111,142.2061,5
414,STARLINK-30363,satellite,0,71,43.0175,89.0309,125.3603,34.5458,159.9061,6869.0323,484.8157,-1832.3704600469746,-6414.027657760866,1608.2891671568505,-4582.3396759651205,4847.627810738977,1608.2891671568505,13.637,133.3886,6
415,STARLINK-30362,satellite,0,49,42.992,104.2101,77.7952,160.6747,238.4699,6864.1061,495.1957,5031.173931184521,-2429.90173146822,-3990.740832860438,-4656.250623840069,-3088.116526041712,-3990.740832860438,-35.7058,-146.4469,4
416,STARLINK-30350,satellite,0,70,43.021,100.4674,43.0712,327.5543,10.6255,6867.261,482.269,-2134.336588309901,6462.223311832367,863.0082450788924,6647.050188930564,-1460.2898993097865,863.0082450788924,7.2718,-12.3905,4
417,STARLINK-30307,satellite,0,49,43.0077,103.8446,68.6766,324.6886,33.3651,6867.4487,485.6212,-4050.1674691644625,4903.256718525967,2573.699444508578,6283.3090053235555,982.7567957882625,2573.699444508578,22.1572,8.8895,6
418,STARLINK-30356,satellite,0,49,42.981,103.2342,96.8453,180.5535,277.3988,6861.3243,497.7136,4646.535006025375,2001.0546863167222,-4641.999576056172,-648.8223218087504,-5017.323690432186,-4641.999576056172,-42.7159,-97.3684,4
419,STARLINK-30370,satellite,0,71,43.0066,88.974,154.9514,60.4817,215.4331,6864.636,488.472,2809.137054880878,-5643.334591374965,-2713.992152627671,-6286.8800390089045,462.18576181601895,-2713.992152627671,-23.4234,175.7954,7
420,STARLINK-30368,satellite,0,49,42.9941,103.7588,93.0734,322.9012,55.9746,6863.936,487.4402,-4951.211127143621,2738.891409914953,3876.3508617325356,4881.239017621612,2861.734340169457,3876.3508617325356,34.581,30.3819,7
421,STARLINK-30397,satellite,0,58,42.9969,126.078,98.3944,204.9279,303.3223,6861.3091,492.2186,1169.7491757655862,5517.388408305775,-3911.0404055430276,4149.081137587922,-3820.3420914917183,-3911.0404055430276,-34.9066,-42.6379,11
422,STARLINK-30354,satellite,0,84,42.9864,128.8037,76.6005,170.326,246.9264,6862.6035,496.3035,5287.217656702421,798.6501335454901,-4306.910906551907,-2009.8438082922398,-4955.1024662894115,-4306.910906551907,-39.0243,-112.078,4
423,STARLINK-30383,satellite,0,84,43.0197,128.9593,141.164,31.2584,172.4224,6867.5086,482.4717,3761.6379714499267,-5703.918875334148,617.2158803528692,-6824.822844346561,-326.1961188187253,617.2158803528692,5.1939,-177.2636,4
424,STARLINK-30384,satellite,0,84,42.9807,128.7079,92.7989,184.5495,277.3484,6861.4024,497.8429,3338.4333958958764,3800.744625180031,-4642.58737931226,1566.3709870827497,-4810.1225738533085,-4642.58737931226,-42.7216,-71.9626,12
425,STARLINK-30305,satellite,0,58,42.986,126.1393,98.93,183.1268,282.0568,6859.021,494.7599,3119.7089057158328,4053.4200030544575,-4576.350749371561,1895.2694497689317,-4750.868456433755,-4576.350749371561,-41.9965,-68.2514,13
426,STARLINK-30360,satellite,0,58,42.982,126.1643,92.1995,182.8093,275.0088,6858.69,495.275,3684.607917874253,3435.4608678708564,-4661.4624575952275,1075.6065689232214,-4921.564526857575,-4661.4624575952275,-42.9564,-77.6719,12
427,STARLINK-30355,satellite,0,84,42.9796,129.119,86.0291,8.151,94.1801,6861.2804,489.6742,-3566.793282527559,-3544.9391779481853,4662.852818627118,-1229.8656059064567,4876.067953489165,4662.852818627118,43.0159,104.1562,3
428,STARLINK-30385,satellite,0,28,43.0219,114.3932,144.0856,32.8515,176.9371,6868.4326,483.5832,2585.6879230519216,-6350.941443863761,250.14633437449942,-6781.54819668603,1015.3045428970208,250.14633437449942,2.1023,171.4852,4
429,STARLINK-30359,satellite,0,28,42.9844,114.6081,87.9719,10.7079,98.6798,6858.8873,486.8043,-4076.3791803305608,-3004.8958783281823,4620.339818748075,-505.4341603089846,5038.9287324806355,4620.339818748075,42.5538,95.7279,4
430,STARLINK-30380,satellite,0,58,42.993,125.8246,96.5456,327.1212,63.6668,6860.2836,486.0928,-5424.314235149108,-164.68616544012747,4190.160242885888,2625.068495233091,4749.665446119684,4190.160242885888,37.8456,61.0712,5
431,STARLINK-30369,satellite,0,58,42.9805,125.7492,90.5646,354.25,84.8147,6858.7179,486.8396,-4415.464074240417,-2415.204495719557,4654.329482413322,174.73594116195068,5029.811437610559,4654.329482413322,42.9406,88.0103,4
432,STARLINK-30376,satellite,0,58,43.0073,125.5973,104.654,36.849,141.503,6864.1061,483.5699,585.8769307675035,-6181.3039618965495,2911.728706446153,-5615.614282525499,2648.8953692547316,2911.728706446153,25.2621,154.7467,5
433,STARLINK-30389,satellite,0,84,42.9906,128.8262,77.6709,162.2427,239.9135,6863.4455,495.3937,5543.469287218335,43.04706765429873,-4051.041128012342,-2790.471195335247,-4790.112242564976,-4051.041128012342,-36.3279,-120.2229,4
434,STARLINK-30388,satellite,0,58,42.9922,125.6485,83.2716,36.9281,120.1997,6860.8668,485.6164,-1512.1268011989016,-5328.660412874466,4040.76118141978,-3812.1159076770705,4018.5720803632375,4040.76118141978,36.2813,133.4897,7
435,STARLINK-30381,satellite,0,58,43.0176,125.8333,56.0584,325.1483,21.2067,6866.3956,482.5327,-5214.515471275262,4122.399690155823,1692.7767526762389,6205.549646106968,2382.5415831140454,1692.7767526762389,14.373,21.0037,4
436,STARLINK-30382,satellite,0,58,43.0159,125.5574,128.9568,33.7441,162.7009,6866.8002,482.2706,2595.208147317715,-6195.291645988113,1391.5178193146705,-6652.523569658217,927.7252081819468,1391.5178193146705,11.7755,172.061,4
437,STARLINK-30378,satellite,0,58,43.0081,126.0153,12.6518,311.8532,324.505,6864.6513,488.2332,-928.5409136798221,6233.024271101395,-2718.093041832789,5834.879878952246,-2380.537038299269,-2718.093041832789,-23.4617,-22.1947,4
438,STARLINK-30387,satellite,0,28,43.0182,114.4108,158.6283,32.4799,191.1083,6869.7352,486.3456,3664.0893844881925,-5733.79996923339,-902.2265320923597,-6800.7691899464235,-227.04961963269753,-902.2265320923597,-7.5996,-178.0878,5
439,STARLINK-30372,satellite,0,15,42.9872,9.7761,91.4685,357.9007,89.3692,6858.6138,487.5535,-777.1075451607331,4954.70033446516,4674.186977297124,4658.103259714641,-1858.769905859986,4674.186977297124,43.1623,-21.754,14
440,STARLINK-30367,satellite,0,58,43.0031,125.8832,77.365,324.9119,42.2769,6863.5499,483.638,-5707.164874794631,2133.4260574159634,3146.2257661693598,4746.035669978636,3820.7830440685166,3146.2257661693598,27.4569,38.8357,5
441,STARLINK-30374,satellite,0,4,43.0177,165.3337,161.6845,34.7733,196.4578,6868.8874,486.8229,6728.424256813447,-291.2149920804715,-1326.709821878946,-3682.380341030833,-5638.845110062668,-1326.709821878946,-11.2123,-123.1461,4
442,STARLINK-30394,satellite,0,4,42.9954,165.4604,89.916,36.7777,126.6937,6861.8326,484.7394,2956.2840791111867,-4920.899904443912,3749.1597591996615,-5740.539284319054,-32.86565307533127,3749.1597591996615,33.3121,-179.672,4
443,STARLINK-30379,satellite,0,4,42.9861,165.5252,78.2772,27.1313,105.4084,6859.3023,486.6441,555.2319441806712,-5136.51451771605,4506.224467542439,-4701.319082708806,2142.349827900297,4506.224467542439,41.2725,155.5017,6
444,STARLINK-30395,satellite,0,4,42.9835,165.5924,100.0767,344.7284,84.805,6859.6488,487.7842,-1844.088397439026,-4683.382202906297,4655.161353047258,-3087.7666961886325,3974.9751830642927,4655.161353047258,42.9428,127.8401,7
445,STARLINK-30403,satellite,0,4,42.9883,165.6417,102.487,327.4746,69.9616,6859.7186,486.4795,-3444.1232538561158,-3981.674992192601,4391.64212176556,-1668.088215487886,4993.315775770127,4391.64212176556,40.0104,108.4726,4
446,STARLINK-30413,satellite,0,4,42.9865,166.0831,75.83,170.1684,245.9985,6860.4929,494.3268,3813.362098088937,3780.875765761914,-4275.479187522014,1307.0392330773893,-5208.493111300376,-4275.479187522014,-38.7003,-75.9129,12
447,STARLINK-30398,satellite,0,4,43.0216,165.7775,30.3264,336.0812,6.4075,6867.4406,482.1375,-6745.856049437302,1132.3612901570111,522.3419447566146,4414.774560000649,5224.804447589113,522.3419447566146,4.3941,49.8034,4
448,STARLINK-30386,satellite,0,4,43.0197,165.8109,15.6029,329.444,345.0469,6866.9946,484.6062,-6110.13527596722,2880.122038038141,-1207.9949771944243,5593.836986102608,3786.534539327812,-1207.9949771944243,-10.2013,34.0945,4
449,STARLINK-30391,satellite,0,4,43.0072,165.846,354.1105,329.986,324.0965,6864.1309,487.5018,-4670.103908525925,4212.584543284884,-2744.8329771640597,6005.439039046981,1868.272196186174,-2744.8329771640597,-23.7091,17.2807,4
450,STARLINK-30401,satellite,0,4,43.0005,165.846,34.8381,284.0232,318.8613,6866.1671,491.9418,-4205.978326427521,4467.519101552196,-3080.5280808617254,5987.986730322925,1339.0278274137395,-3080.5280808617254,-26.8025,12.6051,4
451,STARLINK-30390,satellite,0,4,43.0227,165.779,37.5202,328.0955,5.6156,6869.9999,485.0357,-6741.448373936039,1201.9738927346937,458.2110143759579,4472.402918382296,5185.506682370218,458.2110143759579,3.8521,49.2228,4
452,STARLINK-30409,satellite,0,4,43.0002,165.264,144.0717,78.0675,222.1393,6866.0064,492.0663,5780.521978550188,1963.1336115900137,-3141.5984380469627,-1259.8402483733578,-5973.36843581867,-3141.5984380469627,-27.3765,-101.9097,4
453,STARLINK-30415,satellite,0,4,42.9883,165.9144,104.4148,190.8803,295.2951,6862.7562,496.024,-1740.3871304077945,5118.336096408393,-4232.705510559161,5290.182448691802,-1113.6792262763074,-4232.705510559161,-38.2324,-11.8882,4
454,STARLINK-30407,satellite,0,13,43.0145,60.2022,63.1342,322.7139,25.8481,6865.86,482.5085,1170.0116937578646,6442.986673719543,2039.9486070337941,4945.090664618925,-4292.677830906548,2039.9486070337941,17.4047,-40.9602,4
455,STARLINK-30408,satellite,0,4,42.9851,165.201,75.3425,176.9974,252.3399,6861.942,496.5572,3236.1501030613326,4094.976809529017,-4460.445184523338,1871.6221841104361,-4872.220536887673,-4460.445184523338,-40.6936,-68.9861,13
456,STARLINK-30377,satellite,0,4,43.0187,165.3419,157.9427,32.3841,190.3268,6867.3684,483.653,6758.186620461985,-838.1442672196173,-839.1547329187043,-4167.996262901283,-5385.478563888768,-839.1547329187043,-7.0684,-127.7374,4
457,STARLINK-30422,satellite,0,4,42.99,165.4702,83.365,36.2234,119.5883,6863.3572,487.5315,2183.5585241477183,-5072.399079658742,4066.540642992955,-5476.713875410641,709.0595028525985,4066.540642992955,36.5376,172.6231,4
458,STARLINK-30402,satellite,0,4,42.9899,165.4749,83.7866,35.8766,119.6632,6861.0233,485.8495,2191.7892290848895,-5069.812480743891,4062.519065659231,-5478.687187091312,700.6606315760508,4062.519065659231,36.5061,172.7121,4
459,STARLINK-30411,satellite,0,4,43.007,165.3977,101.9968,38.9573,140.9541,6863.985,483.7862,4357.6788999854,-4399.906827458552,2946.705785546352,-6007.207035027093,-1503.9977140991052,2946.705785546352,25.5861,-165.944,9
460,STARLINK-30418,satellite,0,4,43.0174,165.3301,163.7026,32.1546,195.8572,6869.4022,487.187,6735.394014807222,-345.6136591528812,-1279.6267152334906,-3732.7257608152104,-5617.093530522748,-1279.6267152334906,-10.809,-123.6052,4
461,STARLINK-30432,satellite,0,53,42.9891,216.4235,83.1588,36.1506,119.3094,6860.729,485.4915,5297.096946803021,-1526.0778148276343,4076.4227241182825,-4014.472658038132,-3777.851087404482,4076.4227241182825,36.6533,-136.7393,28
462,STARLINK-30427,satellite,0,53,42.9815,216.4858,81.462,16.5082,97.9703,6858.8066,487.1481,3717.6816968967737,-3428.1460817717116,4628.683140181808,-4844.92096586632,-1449.1665162834042,4628.683140181808,42.646,-163.3475,2
463,STARLINK-30393,satellite,0,53,43.017,216.3204,130.657,34.3712,165.0282,6869.4521,484.7338,6109.040431901152,2882.138875890942,1209.4372965646785,-636.9315897984794,-6724.687178482111,1209.4372965646785,10.2134,-95.4107,13
464,STARLINK-30439,satellite,0,53,42.9809,216.5616,97.9541,338.8191,76.7732,6858.8884,486.2271,1648.2718452155013,-4855.528953725469,4549.393492283871,-5017.147450552374,1058.8639929718456,4549.393492283871,41.7578,168.0827,3
465,STARLINK-30442,satellite,0,53,42.9977,216.5838,98.4047,317.1759,55.5806,6861.4451,485.3493,-646.5852788020684,-5631.771106925141,3857.3798171197177,-4514.310763556317,3428.690224210981,3857.3798171197177,34.4003,142.7828,6
466,STARLINK-30441,satellite,0,53,43.0037,216.3225,102.228,38.2424,140.4705,6863.9844,483.5371,6152.230701554472,561.2415863513672,2976.9353033665093,-2655.256111947648,-5578.041744498179,2976.9353033665093,25.8685,-115.4554,59
467,STARLINK-30460,satellite,0,53,43.0049,216.6617,77.683,323.6787,41.3617,6863.6489,483.9021,-2150.1165809356157,-5731.618761467481,3090.842716396503,-3833.3036370218474,4772.864775458798,3090.842716396503,26.9336,128.7695,6
468,STARLINK-30444,satellite,0,53,43.0227,216.7361,27.9496,330.8972,358.8467,6867.7683,482.9324,-5557.72178008917,-4022.07277866149,-94.21966296339497,-624.7755043550867,6831.910156821819,-94.21966296339497,-0.7918,95.2251,3
469,STARLINK-30446,satellite,0,35,42.9857,202.4794,76.4899,187.5085,263.9984,6858.6877,494.5096,-1245.9720250732655,4887.767237487188,-4653.511650422132,4839.680128793537,-1421.3413052744527,-4653.511650422132,-42.8717,-16.3667,4
470,STARLINK-30445,satellite,0,53,43.018,216.7057,50.5182,329.5244,20.0427,6866.5191,482.0235,-4138.656311822955,-5229.273004044674,1603.7210456060525,-2386.943276834199,6227.05982076601,1603.7210456060525,13.6032,110.9727,5
471,STARLINK-30447,satellite,0,39,42.9834,190.8617,77.869,179.2778,257.1469,6859.0413,495.0894,577.028738249162,5095.390262888789,-4562.362782716082,4088.4264853091595,-3095.2759117936307,-4562.362782716082,-41.837,-37.1287,5
472,STARLINK-30434,satellite,0,53,43.0026,216.8057,12.1489,304.2008,316.3496,6863.4202,489.0941,-6051.093514973397,-201.14826910457623,-3230.691384113485,2913.400563649408,5307.3807578544975,-3230.691384113485,-28.2334,61.2361,3
473,STARLINK-30429,satellite,0,53,43.018,216.7534,17.0836,326.0959,343.1795,6869.3595,487.4084,-6133.880587406051,-2768.2307753347504,-1355.2223927313505,747.5783721000023,6687.95329406804,-1355.2223927313505,-11.4554,83.622,2
474,STARLINK-30284,satellite,0,7,42.9814,179.9559,69.8728,25.7417,95.6144,6861.1104,489.9449,667.1171711828802,-4993.747687002693,4653.227723803223,-4635.5878161420005,1973.293409599199,4653.227723803223,42.9039,156.9413,4
475,STARLINK-30433,satellite,0,53,43.0109,216.2658,165.3259,38.8218,204.1477,6866.051,486.0454,3834.618137278037,5359.330802193757,-1915.0254169362818,2653.888574672528,-6031.881824050192,-1915.0254169362818,-16.2999,-66.2516,8
476,STARLINK-30358,satellite,0,53,43.022,216.2946,150.9308,31.9865,182.9173,6867.5338,482.9729,5371.639404948031,4261.830675885014,-238.24989662910832,925.9137224973101,-6794.144124552859,-238.24989662910832,-2.0024,-82.2395,4
477,STARLINK-30436,satellite,0,53,43.0085,216.3443,110.9656,36.5735,147.5391,6865.015,483.1503,6256.380278672246,1261.3222684761745,2510.887350306129,-2106.2116701734008,-6024.70749968314,2510.887350306129,21.5976,-109.2694,38
478,STARLINK-30339,satellite,0,53,43.0224,216.7339,25.88,328.4811,354.361,6870.0005,485.892,-5769.193495115899,-3690.287714053836,-460.16446986660776,-231.53103748177585,6844.575251632997,-460.16446986660776,-3.868,91.9374,3
479,STARLINK-30282,satellite,0,53,43.0061,216.2391,166.0751,52.1786,218.2537,6864.051,488.4729,2509.816403702843,5692.026977723358,-2898.176156004454,3615.780974430434,-5062.062567805072,-2898.176156004454,-25.1172,-54.4622,14
480,STARLINK-30340,satellite,0,53,43.0177,216.2945,132.6749,36.6425,169.3174,6869.6853,484.3319,5985.435433990143,3241.9511133159995,867.8016678058616,-264.39708060577146,-6801.895216729141,867.8016678058616,7.3102,-92.226,10
481,STARLINK-30279,satellite,0,53,43.0156,216.2745,162.9574,34.1413,197.0987,6866.7274,484.758,4414.797063130956,5069.775568186443,-1376.3760588227553,2108.9051283559234,-6383.226189005366,-1376.3760588227553,-11.6413,-71.7174,6
482,STARLINK-30465,satellite,0,69,43.0191,245.2245,133.5324,33.3021,166.8345,6869.6052,484.8345,3837.799075745114,5588.150703956866,1066.3622618020677,2849.0830934936275,-6151.329576790082,1066.3622618020677,8.9945,-65.1481,9
483,STARLINK-30470,satellite,0,69,43.0086,245.2506,114.7186,34.8092,149.5277,6867.688,485.248,4786.0696710255015,4304.8906417839735,2373.235850945445,1261.6265374735508,-6312.43572748047,2373.235850945445,20.3538,-78.6976,36
484,STARLINK-30473,satellite,0,69,43.0199,245.5804,23.5117,330.6572,354.1689,6870.3197,485.7523,-3287.1453581274804,-6006.653566332763,-475.7601208406432,-3489.919855255564,5891.151931098885,-475.7601208406432,-3.9994,120.6425,3
485,STARLINK-30443,satellite,0,69,42.9863,245.4999,95.9725,328.7766,64.749,6862.7376,487.964,2915.619817753701,-4543.6989806040065,4229.111076017609,-5395.352771008691,-190.28353683084032,4229.111076017609,38.2472,-177.9801,3
486,STARLINK-30467,satellite,0,69,43.02,245.2115,144.2092,32.4015,176.6106,6870.0064,485.1772,3141.8656916797904,6095.624957317345,276.8363793874645,3640.5488781699714,-5811.571862283042,276.8363793874645,2.3262,-57.9357,4
487,STARLINK-30474,satellite,0,69,43.0027,245.2658,104.1389,38.5918,142.7307,6866.8101,486.1768,5043.96060681985,3687.5539731128597,2833.5410295878405,599.0913671729186,-6219.379586546377,2833.5410295878405,24.529,-84.4979,61
488,STARLINK-30479,satellite,0,69,43.0007,245.5595,79.9918,323.2789,43.2707,6866.0429,486.4786,1064.0948516102972,-5970.111855849738,3206.874612547125,-5677.879120094455,2129.840867805988,3206.874612547125,28.0188,159.4383,4
489,STARLINK-30481,satellite,0,69,42.9874,245.3411,80.8745,33.3123,114.1869,6862.7543,488.7608,5331.707889309048,644.3572848862482,4265.924642812393,-2165.249801972438,-4914.67177160028,4265.924642812393,38.6352,-113.7768,89
490,STARLINK-30457,satellite,0,69,42.9851,245.8051,95.371,186.7232,282.0942,6861.6633,497.442,-5069.412045138308,700.6261262723332,-4577.426485432685,3188.3364505846694,4003.0396113555867,-4577.426485432685,-41.9884,51.4634,4
491,STARLINK-30472,satellite,0,29,42.9819,242.0324,98.5952,341.4739,80.0691,6858.8544,486.8235,3808.593843462472,-3360.906027963311,4603.689234492148,-4833.45573367132,-1561.6600346747068,4603.689234492148,42.365,-162.0947,4
492,STARLINK-30462,satellite,0,69,43.0181,245.6142,42.3681,329.4554,11.8235,6869.9628,485.0061,-1836.9814269306537,-6542.3370539665275,959.3211284780646,-4690.351761584934,4917.039276148677,959.3211284780646,8.0852,133.6484,5
493,STARLINK-30449,satellite,0,69,43.0197,245.2066,139.8812,34.664,174.5452,6870.1616,485.5341,3298.2483063402683,6002.678525921052,445.1394583184559,3480.837605650699,-5898.674506947988,445.1394583184559,3.7418,-59.4549,6
494,STARLINK-30466,satellite,0,69,42.9908,245.5203,91.5479,326.3118,57.8597,6863.7008,487.6637,2354.2108024901586,-5081.015400474314,3960.0573502657744,-5571.167880877747,566.6696087621729,3960.0573502657744,35.4353,174.1922,4
495,STARLINK-30428,satellite,0,69,43.0197,245.6328,27.5913,330.2949,357.8861,6870.2963,485.4278,-2998.4660829888244,-6171.52363167805,-172.72119680852873,-3778.974603193924,5726.941045236131,-172.72119680852873,-1.451,123.4192,2
496,STARLINK-30482,satellite,0,69,43.0186,246.0298,164.859,33.2982,198.1572,6869.5073,488.0375,1220.9186577768778,6596.216000182346,-1459.5593370126294,5050.92366054688,-4414.620942424955,-1459.5593370126294,-12.3494,-41.1542,12
497,STARLINK-30463,satellite,0,69,42.9834,245.8823,73.2236,183.6947,256.9184,6862.0605,497.6889,-3830.609923851943,3417.701316728975,-4559.911519537569,4893.537097512887,1551.6279690535066,-4559.911519537569,-41.7901,17.5926,4
498,STARLINK-30453,satellite,0,29,42.9813,242.4343,90.7693,179.216,269.9854,6861.1433,497.8305,-4451.9885781434195,2326.027255212655,-4680.961704123694,4271.485272023395,2642.918588000547,-4680.961704123694,-43.1593,31.7465,4
499,STARLINK-30478,satellite,0,69,43.0005,245.1164,130.1599,95.4131,225.5729,6865.6194,492.6972,-1230.7262315275107,5868.7105662933645,-3343.9477066666536,5675.651760899837,-1934.79400890324,-3343.9477066666536,-29.2989,-18.8239,4
500,STARLINK-30477,satellite,0,29,42.9835,241.9634,79.8399,21.4541,101.294,6858.9663,487.0165,4972.002765804218,-1126.6185371037936,4583.531739847102,-3505.064754773745,-3701.972703323669,4583.531739847102,42.1358,-133.435,50
501,STARLINK-30450,satellite,0,9,43.0109,256.3049,169.459,43.9247,213.3836,6867.3803,490.063,-1326.4847362880278,6223.4461258981255,-2576.779202270474,6029.616259261586,-2033.3645033809923,-2576.779202270474,-22.17,-18.6356,4
502,STARLINK-30483,satellite,0,14,42.9911,111.0005,83.2025,34.2637,117.4662,6860.5292,485.7959,-3020.858956542516,-4546.819467262333,4148.096994230647,-2370.08103912666,4917.506682371784,4148.096994230647,37.403,115.7326,5
503,STARLINK-30454,satellite,0,9,43.0062,256.2957,159.8193,57.9526,217.7718,6866.7192,491.1369,-1701.9881952513622,6000.956286899523,-2868.3139229944086,6029.773013723018,-1596.8962323931785,-2868.3139229944086,-24.8307,-14.8334,4
504,STARLINK-30501,satellite,0,9,43.0061,256.4233,103.7862,36.0903,139.8765,6865.4441,485.1486,4373.36545264546,4339.516296150777,3014.971890511409,1501.9130182576373,-5975.113752267752,3014.971890511409,26.217,-75.8904,56
505,STARLINK-30499,satellite,0,14,43.0094,111.644,151.8646,63.8431,215.7078,6864.485,488.563,4778.211499799406,-4099.6939912160515,-2732.408683679747,-5963.4787153541865,-2018.840649963702,-2732.408683679747,-23.5914,-161.2973,4
506,STARLINK-30496,satellite,0,9,42.9835,256.6216,107.0232,328.8579,75.8811,6859.4005,487.4123,4345.14704989046,-2752.5382819806455,4533.253270520389,-4583.848652542553,-2333.474107318217,4533.253270520389,41.5683,-153.021,4
507,STARLINK-30485,satellite,0,9,42.9819,256.5993,96.8146,345.2903,82.1049,6861.3625,489.5082,4615.829665722789,-2068.061080974651,4631.155866304997,-4133.167091089159,-2915.422771185369,4631.155866304997,42.6559,-144.8019,14
508,STARLINK-30492,satellite,0,9,43.0167,256.756,52.9381,326.264,19.2021,6866.6041,482.4557,121.62254050450986,-6683.498498605346,1539.1399755040115,-5810.774294151293,3304.367764890769,1539.1399755040115,13.0449,150.3747,5
509,STARLINK-30440,satellite,0,9,42.9895,256.8944,100.5226,200.6352,301.1578,6863.4975,495.0167,-4991.294321531671,-2485.3437618468934,-4006.2396016622965,408.113935023585,5560.8808326330045,-4006.2396016622965,-35.8666,85.8026,3
510,STARLINK-30452,satellite,0,9,42.9855,256.9227,102.0632,188.2441,290.3073,6862.2289,496.5854,-5127.441937914058,-1255.2569661292928,-4390.331322849974,1535.603255595507,5050.569623230677,-4390.331322849974,-39.9253,73.0883,4
511,STARLINK-30471,satellite,0,9,43.0124,255.9773,6.5217,320.2703,326.7919,6867.4178,489.8784,-4059.0721217736727,-4906.547607203056,-2564.8016150165035,-2149.9471365442296,5993.997265729734,-2564.8016150165035,-22.0622,109.7321,7
512,STARLINK-30461,satellite,0,9,42.9906,256.2206,75.6538,169.8734,245.5272,6862.6041,496.5836,-3762.253700843658,3851.469567237206,-4261.445045484175,5231.772486354797,1271.5845972199786,-4261.445045484175,-38.5351,13.6609,4
513,STARLINK-30396,satellite,0,60,42.9831,267.7267,79.3436,173.251,252.5946,6859.3241,494.0985,-4705.680349329758,2241.4003875059675,-4464.938385693845,4328.092208006556,2904.2935606052424,-4464.938385693845,-40.7608,33.8629,4
514,STARLINK-30524,satellite,0,60,42.9863,267.614,104.1437,183.8441,287.9878,6859.4786,494.2253,-4859.352470841634,-1918.8669665156501,-4450.8596544306365,828.0647200135116,5158.4557466870465,-4450.8596544306365,-40.6048,80.8804,4
515,STARLINK-30521,satellite,0,60,42.9869,267.1572,79.7089,32.2345,111.9435,6859.847,486.1573,4773.040322536329,2328.0670936793786,4335.787494463071,-432.0713089449581,-5292.931578739427,4335.787494463071,39.4052,-94.6668,120
516,STARLINK-30528,satellite,0,60,42.9799,267.2258,87.7642,2.9401,90.7043,6858.6141,486.9806,5013.008678514231,-158.54715555122596,4673.089776106576,-2693.3039766397856,-4231.017241847248,4673.089776106576,43.1542,-122.4793,69
517,STARLINK-30495,satellite,0,60,43.0214,267.4308,46.4078,326.3932,12.8009,6867.1587,482.1613,810.2124566653738,-6732.398961081388,1036.9753775842796,-6204.057144352464,2737.0266614913767,1036.9753775842796,8.7482,156.1945,5
518,STARLINK-30494,satellite,0,83,43.0039,121.9127,37.8641,277.5144,315.3785,6863.1749,489.7868,410.3258474734743,6010.1366681098725,-3287.953076954608,4960.264148735623,-3418.4630530739582,-3287.953076954608,-28.7761,-34.5734,11
519,STARLINK-30498,satellite,0,60,43.0106,267.3814,70.4126,323.6313,34.0439,6864.7713,483.338,2544.982044191091,-5805.217492097924,2619.0461351360254,-6291.387179866734,771.9657303425339,2619.0461351360254,22.5765,173.0047,4
520,STARLINK-30505,satellite,0,60,42.9806,267.6589,88.5485,178.219,266.7675,6858.5695,494.9781,-4993.018348444267,591.4571623975236,-4671.53406296488,3055.470626444484,3993.0130295038357,-4671.53406296488,-43.0738,52.5766,4
521,STARLINK-30502,satellite,0,60,42.9949,267.331,91.1697,324.1206,55.2902,6861.5278,484.984,3936.1701240179023,-4091.887686898281,3843.5612856979865,-5527.273231672842,-1298.5494637609047,3843.5612856979865,34.2622,-166.779,9
522,STARLINK-30489,satellite,0,60,43.0141,267.3954,62.7369,324.2257,26.9627,6865.7495,482.7152,1993.7196880676318,-6210.278473523157,2121.4689957182068,-6358.619589103144,1452.7332289059043,2121.4689957182068,18.1229,167.1307,4
523,STARLINK-30503,satellite,0,60,42.9988,267.742,100.7094,130.9062,231.6157,6861.9999,490.9237,-3763.5160075899726,4413.126905277174,-3668.7955183847107,5715.519876620708,986.1918481821205,-3668.7955183847107,-32.4772,9.7898,4
524,STARLINK-30512,satellite,0,60,42.9859,267.2304,100.0548,329.4282,69.4829,6859.7413,486.0231,4575.194680398767,-2626.872554160719,4377.655700147605,-4593.096540725469,-2595.4440750915373,4377.655700147605,39.861,-150.5303,4
525,STARLINK-30509,satellite,0,41,42.9829,282.0531,95.3133,181.5686,276.8819,6858.8109,495.0788,-4703.165136092201,-1845.1781221494164,-4645.614596125865,811.7825981432874,4986.527209708551,-4645.614596125865,-42.7774,80.7536,4
526,STARLINK-30511,satellite,0,41,42.9819,282.0448,98.4551,182.1382,280.5933,6861.421,497.5397,-4565.285457723927,-2264.754340099958,-4601.269631836861,380.5618091911843,5081.940204379848,-4601.269631836861,-42.2561,85.7174,4
527,STARLINK-30508,satellite,0,41,42.9958,282.1937,98.3735,132.5158,230.8893,6864.7125,493.7102,-4723.37879251007,3410.3991252385567,-3632.9918802497455,5342.621196361172,2323.2580922390243,-3632.9918802497455,-32.108,23.502,4
528,STARLINK-30510,satellite,0,81,43.0198,285.2641,39.1092,329.1038,8.2129,6882.4134,497.1036,2484.1249195794635,-6375.4438030378005,670.0500602244813,-6750.820491075936,1115.1605261297723,670.0500602244813,5.6277,170.6201,2
529,STARLINK-30515,satellite,0,81,42.989,285.1491,94.6611,328.3347,62.9958,6875.2146,500.4792,5137.52864497274,-1841.0601861489843,4174.066222376455,-4204.012083555998,-3479.940457573021,4174.066222376455,37.5825,-140.3832,22
530,STARLINK-30519,satellite,0,41,43.0197,282.2608,169.7609,29.1695,198.9304,6869.1582,487.3638,-2969.9445745228995,5999.306307042933,-1519.344484068563,6675.0866541189835,-505.4355561946172,-1519.344484068563,-12.8648,-4.3302,4
531,STARLINK-30537,satellite,0,74,43.0008,358.4019,92.0214,321.999,54.0204,6861.6737,484.9058,4139.779316937822,3943.9222216271514,3784.1000561765604,1280.789779545896,-5572.420732841464,3784.1000561765604,33.6622,-77.0557,81
532,STARLINK-30534,satellite,0,74,43.0015,358.1509,95.9548,36.0526,132.0074,6862.5629,484.0759,-4466.072941644303,3872.2237302955646,3474.8295461633934,5608.6134563844535,1866.381320742021,3474.8295461633934,30.606,18.4059,8
533,STARLINK-30536,satellite,0,74,42.9813,358.2412,82.4465,19.8936,102.3401,6861.5081,488.6637,-1314.4023073715955,4943.397402494613,4567.013289366425,4922.433315951199,-1390.8564104996403,4567.013289366425,41.9374,-15.7779,12
534,STARLINK-30538,satellite,0,74,43.0255,358.508,21.8937,328.5049,350.3986,6867.2961,483.6899,6741.353446062906,-1012.5276243776635,-780.8913153752372,-4309.404322441067,-5282.053848703016,-780.8913153752372,-6.5754,-129.2096,4
535,STARLINK-30517,satellite,0,74,42.9828,358.666,83.2168,199.123,282.3398,6861.5878,496.1723,1352.460157681132,-4938.804071822358,-4572.147618814044,-4937.894169584427,1355.7784877877739,-4572.147618814044,-41.9387,164.6469,14
536,STARLINK-30523,satellite,0,74,43.0264,358.4809,57.0057,315.6988,12.7045,6868.5144,485.0786,6721.610486015652,925.4682538307347,1029.8300155603558,-2632.3878616843394,-6253.564836173127,1029.8300155603558,8.6837,-112.8283,5
537,STARLINK-30531,satellite,0,74,42.9842,358.3149,100.6712,339.1543,79.8255,6861.4109,489.3993,1356.104023166984,4900.172702856854,4602.155005749913,3523.1376545788858,-3665.816649310425,4602.155005749913,42.328,-46.137,9
538,STARLINK-30552,satellite,0,74,42.9878,358.6404,99.4413,191.8218,291.2631,6862.2252,496.3189,2378.1344114743474,-4738.186085604515,-4362.7115067507275,-5288.489377935213,371.2287169941175,-4362.7115067507275,-39.6269,175.9847,7
539,STARLINK-30545,satellite,0,74,43.0195,358.0474,157.2149,31.2115,188.4264,6867.5238,484.4566,-6809.407706597962,-503.5024588679574,-686.0729317332668,3040.1189998986983,6113.855126449819,-686.0729317332668,-5.7735,63.5611,3
540,STARLINK-30535,satellite,0,74,43.0189,358.0754,136.0687,31.1521,167.2208,6867.2801,482.1992,-6648.894769951804,1333.4369805428082,1035.2028087747437,4538.271664377739,5038.843730785633,1035.2028087747437,8.733,47.992,3
541,STARLINK-30540,satellite,0,74,42.9922,358.1943,80.7901,29.4011,110.1912,6859.8848,486.41,-2216.8217847307733,4778.679289567302,4387.645299398502,5241.04017930556,-530.6339762031138,4387.645299398502,39.9673,-5.7813,17
542,STARLINK-30539,satellite,0,74,43.0223,358.0536,156.3651,28.3124,184.6775,6870.0215,485.491,-6850.65359749736,-176.6171507505173,-381.8744508716479,3342.3237411805544,5982.6014692593035,-381.8744508716479,-3.2094,60.809,3
543,STARLINK-30530,satellite,0,74,42.9848,358.2385,86.861,12.6347,99.4957,6861.3224,489.056,-978.6743151332375,4980.202705438954,4611.4059550985885,4782.849841985931,-1698.4021288782426,4611.4059550985885,42.4353,-19.5501,12
544,STARLINK-30526,satellite,0,16,43.0238,333.2942,43.5091,326.3898,9.899,6872.2967,487.4978,6429.444951684615,-2268.6243547540744,805.2726089929445,-5230.7306552305645,-4373.0853710117935,805.2726089929445,6.7778,-140.1031,4
545,STARLINK-30527,satellite,0,84,43.0025,129.7449,99.9487,36.5374,136.4861,6863.3221,483.6852,524.6134127130438,-6031.213861537428,3220.0804820412354,-5455.267868708602,2625.035686811734,3220.0804820412354,28.1568,154.3035,5
546,STARLINK-30522,satellite,0,74,42.9852,358.7454,77.7259,177.9854,255.7113,6861.8103,497.4588,-1800.80903679839,-4829.199543253593,-4536.642073459795,-3235.2649558199423,4012.124385063211,-4536.642073459795,-41.5317,128.8817,11
547,STARLINK-30486,satellite,0,74,42.9861,358.2265,77.2033,26.4245,103.6278,6859.2186,487.2002,-1463.723297453865,4921.705322323024,4542.90883207478,4979.937654738875,-1251.3553157300573,4542.90883207478,41.6779,-14.1052,12
548,STARLINK-30520,satellite,0,74,43.0197,358.0566,139.7387,34.8236,174.5623,6867.3982,482.3555,-6809.482535235041,706.644330654909,443.538616835708,4081.051956704286,5496.672951376849,443.538616835708,3.73,53.4076,3
549,STARLINK-30497,satellite,0,74,43.0138,358.0894,120.5442,32.6545,153.1987,6865.7866,482.5029,-6043.034202180596,2464.0700997710624,2109.6453164893796,5201.7488490084515,3941.0294006959016,2109.6453164893796,18.0191,37.1489,4
550,STARLINK-30525,satellite,0,74,42.9843,358.2659,89.7021,359.7278,89.43,6858.6163,486.8007,219.90474038477117,5010.086123321546,4673.47238732839,4197.20743492696,-2744.5893693113126,4673.47238732839,43.16,-33.181,5
551,STARLINK-30568,satellite,0,72,43.0209,318.8298,13.0317,323.6809,336.7127,6866.1411,485.9127,3439.2067977777583,-5642.638257685288,-1851.0055929910686,-6607.653982162304,-80.11714541255924,-1851.0055929910686,-15.7412,-179.3053,5
552,STARLINK-30575,satellite,0,72,43.0242,318.8009,30.7711,327.1425,357.9135,6867.5865,482.9081,5038.70420893746,-4653.618877418398,-170.4369000380326,-6572.797979163267,-1960.3661613423703,-170.4369000380326,-1.4324,-163.3926,4
553,STARLINK-30577,satellite,0,72,43.0194,318.3588,139.6166,35.2307,174.8473,6867.577,482.5686,-4807.041055367656,4876.866102198807,420.3665916532164,6646.6597571942175,1647.2342756453563,420.3665916532164,3.5348,13.9191,5
554,STARLINK-30566,satellite,0,72,43.0051,318.3152,239.2922,337.7928,217.0851,6864.5564,487.2636,-6100.279107538177,1380.5900134831822,-2822.135256456378,4299.00335859671,4542.90700961075,-2822.135256456378,-24.4198,46.5801,4
555,STARLINK-30544,satellite,0,72,42.9856,318.1201,103.5284,177.3741,280.9025,6858.9726,495.2618,-2324.827653961302,-4537.557739072559,-4595.361682109555,-2717.1318522698793,4314.098788092473,-4595.361682109555,-42.2067,122.2038,10
556,STARLINK-30553,satellite,0,72,43.0155,318.3364,161.6998,41.3613,203.0611,6866.2951,485.8282,-6023.519284080665,2728.975860314776,-1833.814204818845,5419.650935411283,3789.1262251564044,-1833.814204818845,-15.5915,34.9592,4
557,STARLINK-30541,satellite,0,72,42.9911,318.2589,72.626,165.9094,238.5354,6861.0581,492.6111,-5524.091300896357,-810.0627175105426,-3991.9593073783735,2120.8469847889105,5164.667886132773,-3991.9593073783735,-35.7339,67.6747,4
558,STARLINK-30573,satellite,0,72,43.0234,318.3654,154.7382,27.102,181.8402,6867.6123,482.9468,-5232.315581514108,4435.606522390909,-150.32366029623628,6484.03025617367,2238.098121856258,-150.32366029623628,-1.2633,19.0432,4
559,STARLINK-30582,satellite,0,72,42.997,318.0572,103.0093,199.2031,302.2124,6861.0975,492.4788,-117.43852588730134,-5604.5116117176385,-3960.169725873093,-4760.759985621426,2959.6463593724006,-3960.169725873093,-35.4078,148.1318,16
560,STARLINK-30558,satellite,0,72,43.0056,318.7121,76.9597,323.2953,40.255,6863.8557,483.5943,6070.742929621901,-1018.3473792755548,3022.4498200698795,-3972.359039436998,-4702.266981386197,3022.4498200698795,26.2933,-130.1903,22
561,STARLINK-30579,satellite,0,73,43.023,292.6396,24.5012,330.7087,355.21,6867.5037,483.1493,2245.2948159163984,-6471.640557512285,-390.91165891689036,-6711.745599856251,1369.6537222339207,-390.91165891689036,-3.2866,168.4661,4
562,STARLINK-30588,satellite,0,72,43.0144,318.3924,125.1696,35.6281,160.7977,6866.5962,481.7441,-3747.774578263161,5534.3485995746205,1538.9301771435169,6671.897637593863,400.76255383782285,1538.9301771435169,13.0445,3.4375,5
563,STARLINK-30585,satellite,0,72,42.9886,318.4853,85.7757,32.4552,118.2309,6860.5938,485.3064,500.2816618277761,5457.843419563361,4118.534952584984,4439.332237591796,-3214.1353141880104,4118.534952584984,37.0952,-35.905,5
564,STARLINK-30587,satellite,0,72,42.9837,318.1939,84.0783,175.6258,259.704,6858.9561,495.1033,-4207.61398244669,-2864.6811737790053,-4604.182903015343,-317.89246316402637,5080.2911367901215,-4604.182903015343,-42.3075,93.5805,3
565,STARLINK-30576,satellite,0,72,43.0138,318.4094,119.1801,34.4292,153.6093,6865.8882,482.5848,-3115.394690855628,5745.567946508104,2079.7072237353777,6531.024497214936,-250.90660519638374,2079.7072237353777,17.7547,-2.2001,5
566,STARLINK-30571,satellite,0,72,42.9896,318.6627,97.6432,323.9112,61.5545,6860.694,485.8779,5364.68061379093,1153.9459526753553,4110.6615039950175,-1743.7506139367254,-5202.953310003401,4110.6615039950175,37.009,-108.5284,109
567,STARLINK-30567,satellite,0,72,43.018,318.7546,54.0474,325.1477,19.1951,6866.5699,482.0489,5957.649598303557,-3030.9435284059523,1538.5441268415268,-5645.7877472846785,-3578.4477250845307,1538.5441268415268,13.0405,-147.6324,9
568,STARLINK-30569,satellite,0,45,42.9948,321.6783,95.5942,137.0289,232.6231,6864.4837,493.8121,-5744.247593728129,-546.3336014802986,-3720.520926526074,2459.983506024004,5219.515492097679,-3720.520926526074,-32.9762,64.7653,4
569,STARLINK-30480,satellite,0,92,43.0209,176.2383,158.4801,32.3513,190.8313,6867.243,483.7866,6786.656926244413,498.51960408703343,-879.7244571001115,-3032.8007035483183,-6091.744735521768,-879.7244571001115,-7.4118,-116.4666,4
570,STARLINK-30532,satellite,0,72,43.0007,318.4262,102.3725,37.2148,139.5873,6863.7791,483.6464,-1748.54685120578,5897.125668456193,3031.9962440424197,5964.211892348748,-1503.8895383612205,3031.9962440424197,26.3824,-14.1522,8
571,STARLINK-30506,satellite,0,72,42.9767,318.5859,97.0779,345.8137,82.8917,6858.7081,486.353,3928.104194715609,3171.0532673937682,4636.923447306161,723.9816823209962,-4996.141702639619,4636.923447306161,42.7459,-81.7548,94
572,STARLINK-30604,satellite,0,15,42.9919,9.1407,103.9872,324.8149,68.8021,6859.757,486.4905,1704.819915177929,5009.926630497225,4358.717656960745,3439.675560088207,-4021.7418897145103,4358.717656960745,39.6516,-49.4606,10
573,STARLINK-30500,satellite,0,15,43.022,9.2664,36.125,323.4626,359.5876,6870.0724,484.6763,6778.894493550653,1069.4171643748925,-33.699427317676935,-2537.789985931903,-6376.259531532162,-33.699427317676935,-0.2831,-111.7029,4
574,STARLINK-30613,satellite,0,15,43.0091,9.2256,69.0118,324.3472,33.3591,6864.8508,482.6031,5211.673279107051,3640.1187149240036,2572.220252840121,472.74704201130635,-6339.441052740216,2572.220252840121,22.1542,-85.7352,53
575,STARLINK-30597,satellite,0,15,42.988,8.9788,76.8116,34.4596,111.2712,6859.8019,486.5054,-3186.132144763066,4228.020621366245,4356.252892987978,5261.802722860499,583.9764758006454,4356.252892987978,39.6247,6.333,19
576,STARLINK-30598,satellite,0,15,43.0184,9.26,48.8937,323.2185,12.1122,6867.1763,481.5872,6449.858518405126,2117.7715218898174,981.909181706833,-1468.2313866355141,-6627.965579396821,981.909181706833,8.281,-102.4905,12
577,STARLINK-30603,satellite,0,15,43.0174,9.2866,23.6217,327.2869,350.9087,6867.3283,483.5289,6814.3394165221325,311.0410586518523,-739.6386438537049,-3208.1780745126425,-6019.930370523468,-739.6386438537049,-6.2268,-118.0543,4
578,STARLINK-30602,satellite,0,15,43.0126,10.0789,72.4284,319.003,31.4314,6878.2651,496.44,5314.467669448551,3605.988981733486,2444.5322759061837,390.95949037883696,-6410.450360378741,2444.5322759061837,20.9572,-86.51,52
579,STARLINK-30610,satellite,0,15,42.9978,9.3762,98.2776,207.9241,306.2017,6864.2698,494.2787,4661.199819344656,-3337.336443974289,-3778.3917915298675,-5248.062155114596,-2307.0418098056984,-3778.3917915298675,-33.5527,-156.2698,4
580,STARLINK-30551,satellite,0,79,42.9979,12.5966,88.2801,320.9301,49.2102,6865.1716,487.178,3545.035547484228,4684.272079310924,3541.801826217054,2220.9483223645757,-5438.480531851214,3541.801826217054,31.2446,-67.786,58
581,STARLINK-30586,satellite,0,79,43.0138,12.6482,60.4456,323.8547,24.3003,6868.732,485.3822,5650.014931795655,3383.9814581523806,1926.3093968138685,28.85312077203886,-6585.83075519366,1926.3093968138685,16.4003,-89.749,29
582,STARLINK-30609,satellite,0,79,42.9849,12.5304,109.3685,322.1344,71.5029,6862.0592,489.5926,1091.8276092349474,5116.977014429399,4434.763055150167,3844.4161831743063,-3549.0851645225425,4434.763055150167,40.4608,-42.7126,6
583,STARLINK-30583,satellite,0,79,42.9934,12.5767,98.4917,317.2016,55.6932,6864.0411,488.4563,2871.097083371125,4887.023097081417,3863.998621872143,2739.0909702879962,-4962.214613460022,3863.998621872143,34.4497,-61.1018,35
584,STARLINK-30557,satellite,0,79,42.9869,12.8173,105.8866,187.771,293.6576,6862.6279,496.4768,3707.1796503711926,-3874.7541446043415,-4288.179820474537,-5223.709438288558,-1212.3367294567308,-4288.179820474537,-38.822,-166.9339,6
585,STARLINK-30591,satellite,0,15,42.9968,8.9494,90.3344,35.0784,125.4128,6861.6266,485.0288,-4560.5349199773755,3419.2464102662966,3810.8271579459483,5267.171073717464,2178.677041382227,3810.8271579459483,33.9309,22.4716,9
586,STARLINK-30584,satellite,0,15,43.0011,9.1836,89.7084,317.8117,47.5201,6862.6772,484.4179,3981.1909197066893,4390.221657392994,3449.0940916616005,1745.5589310341425,-5663.65176882234,3449.0940916616005,30.354,-72.8705,64
587,STARLINK-30590,satellite,0,79,42.9937,12.7825,96.6415,208.2894,304.931,6864.0706,494.5074,4744.866005863831,-3145.3502716493495,-3838.5082111736033,-5125.602017405046,-2476.9307023290207,-3838.5082111736033,-34.1569,-154.208,3
588,STARLINK-30608,satellite,0,15,42.9972,9.1723,89.1111,323.7904,52.9015,6864.397,487.3445,3446.620808966865,4609.644794334087,3730.9117586145203,2206.9558087261958,-5315.765813978684,3730.9117586145203,33.1152,-67.4532,59
589,STARLINK-30615,satellite,0,15,42.9983,9.6045,96.9025,136.1793,233.0818,6864.492,494.0121,-3396.4624615208004,-4646.42891001254,-3743.4688304184133,-2264.1789995610125,5291.384726729587,-3743.4688304184133,-33.2043,113.166,8
590,STARLINK-30578,satellite,0,15,42.9949,9.1598,91.9893,322.6292,54.6184,6861.607,484.7573,3268.4215178023264,4668.439917443984,3812.0113798025754,2348.419996672929,-5192.478598900951,3812.0113798025754,33.9444,-65.664,60
591,STARLINK-30574,satellite,0,15,42.986,9.1016,97.0543,338.8056,75.86,6859.0569,486.0864,884.3232637663627,5066.202886858351,4532.168184216008,3906.5828679877163,-3344.704713602556,4532.168184216008,41.566,-40.5692,5
592,STARLINK-30570,satellite,0,15,43.0188,9.2401,49.3039,330.224,19.5279,6868.6822,484.0733,6113.28446563526,2693.359036835101,1564.6636311529624,-801.4732534549665,-6632.048739497848,1564.6636311529624,13.2618,-96.8907,18
593,STARLINK-30581,satellite,0,15,43.0098,9.3377,48.9288,266.7192,315.648,6863.1347,489.9563,5411.809306417366,-2665.588476190388,-3272.7142334801024,-5053.12063697117,-3295.3017648829514,-3272.7142334801024,-28.6298,-146.8903,4
594,STARLINK-30795,satellite,0,26,43.012,63.5169,166.9784,44.9211,211.8995,6867.5778,489.8885,-224.7623580608977,-6399.74597461405,-2474.7113093240787,-5390.030787898953,3457.5764290455268,-2474.7113093240787,-21.2495,147.3208,15
595,STARLINK-30765,satellite,0,26,43.0045,63.4719,137.9321,87.8585,225.7906,6865.4536,492.3922,1081.7918283321692,-5890.468934112111,-3356.4595639679073,-5618.40162093073,2073.996395731937,-3356.4595639679073,-29.4206,159.7387,15
596,STARLINK-30768,satellite,0,26,42.9814,63.3502,89.1686,181.3605,270.5291,6861.1508,498.3737,4517.982418547683,-2196.4108744760524,-4681.142230938354,-4193.657898794105,-2765.7945136442145,-4681.142230938354,-43.1572,-146.5944,4
597,STARLINK-30799,satellite,0,26,43.0209,63.5764,131.2829,33.0346,164.3176,6869.4584,484.6335,-4154.381814440562,-5312.9298141204445,1265.496287262514,-2450.87884758928,6283.255871310972,1265.496287262514,10.6923,111.309,5
598,STARLINK-30759,satellite,0,26,42.9954,63.4572,81.4974,155.1505,236.6478,6863.8334,494.853,2065.834238194667,-5251.484859781305,-3911.086969041225,-5570.706231113661,901.6631404471666,-3911.086969041225,-34.8917,170.806,10
599,STARLINK-30781,satellite,0,26,42.9855,63.7475,86.4907,14.2202,100.7109,6861.3713,489.3884,-4984.669417578289,1037.279162655021,4594.340472082665,3434.681192081035,3758.4361605039107,4594.340472082665,42.2398,47.5771,5
600,STARLINK-30754,satellite,0,26,42.9877,63.8334,105.3271,325.2362,70.5634,6859.6695,486.0547,-3238.273822137375,4132.779168569658,4407.85968013185,5206.477151851762,677.4043626587359,4407.85968013185,40.1908,7.413,19
601,STARLINK-30766,satellite,0,13,42.9988,60.6828,82.8032,224.924,307.7272,6861.9871,491.3916,5518.014054595959,1717.8089659400077,-3702.0743613406567,-1336.9590235304668,-5622.444959231071,-3702.0743613406567,-32.8055,-103.3759,4
602,STARLINK-30767,satellite,0,13,43.0051,60.6438,31.9793,289.7446,321.7239,6864.1429,489.1761,5351.345737068753,3171.9532749372534,-2899.8598753905203,-1.1816692371003636,-6220.786717103143,-2899.8598753905203,-25.13,-90.0109,4
603,STARLINK-30787,satellite,0,13,43.0,60.6609,55.5361,259.2426,314.7788,6863.0941,490.2321,5474.726335955969,2468.464969844227,-3322.572439013265,-669.211007469656,-5968.090514430841,-3322.572439013265,-29.1054,-96.3979,4
604,STARLINK-30756,satellite,0,26,42.9928,63.8552,98.6672,324.9015,63.5687,6862.9379,488.4305,-2687.3588265314365,4720.018875917178,4188.021285759064,5430.5858139029015,-95.98629791503913,4188.021285759064,37.8077,-1.0126,18
605,STARLINK-30783,satellite,0,13,43.0208,60.5939,23.4461,326.6993,350.1454,6867.3259,483.6885,4067.2281730661207,5467.7553782867235,-801.2091194592223,2628.5039161742416,-6287.261808706779,-801.2091194592223,-6.7472,-67.3117,5
606,STARLINK-30757,satellite,0,13,43.0206,60.5624,44.1496,327.1696,11.3192,6867.266,482.1216,2448.5928716319017,6341.79886717108,918.6096608700706,4205.902927956669,-5340.8239517198535,918.6096608700706,7.7432,-51.7795,5
607,STARLINK-30770,satellite,0,26,43.0214,63.9511,46.1693,327.6897,13.8591,6867.2465,482.4949,1845.4855585587989,6511.348491818819,1121.1253691009385,4659.35967119235,-4908.548011706374,1121.1253691009385,9.4638,-46.4919,4
608,STARLINK-30758,satellite,0,13,43.019,60.6016,18.8237,324.3125,343.1362,6866.7771,484.7398,4491.585843013068,5006.868489249848,-1358.107192713535,2015.6294528503902,-6417.18889877807,-1358.107192713535,-11.4847,-72.5626,6
609,STARLINK-30761,satellite,0,26,43.0191,63.9846,25.7879,327.0715,352.8594,6867.4237,483.4354,3546.567495111014,5844.854068041532,-581.8902128122356,3218.42909597863,-6031.763774240319,-581.8902128122356,-4.8952,-61.9165,5
610,STARLINK-30772,satellite,0,26,42.9846,63.7907,96.1723,349.0424,85.2146,6861.1818,489.586,-4232.610934304875,2721.2157222676046,4659.375983698403,4499.506804222824,2252.6537343910823,4659.375983698403,42.9769,26.5946,11
611,STARLINK-30776,satellite,0,26,43.0132,64.0018,16.6645,313.3118,329.9763,6864.3058,486.92,4861.178196986741,4239.914993692193,-2342.3781198573274,1167.4286334005874,-6343.898092065443,-2342.3781198573274,-20.0727,-79.5729,6
612,STARLINK-30782,satellite,0,26,42.982,63.8092,100.2578,339.0299,79.2878,6861.4147,489.3864,-3860.8551823326457,3319.5806290037062,4594.019464641425,4824.5665129090075,1627.6904662491902,4594.019464641425,42.2361,18.6431,15
613,STARLINK-30769,satellite,0,26,43.0185,63.5638,138.3684,33.7342,172.1026,6869.8627,484.5789,-3643.5254600806484,-5779.722234392844,643.281824357303,-3112.9523425640377,6081.940035705382,643.281824357303,5.4122,117.105,4
614,STARLINK-30775,satellite,0,26,42.9855,63.3999,70.027,181.3244,251.3514,6861.9786,496.5435,3272.053245033383,-4093.827549364607,-4435.371792779456,-5190.2028404940465,-726.3270040399492,-4435.371792779456,-40.418,-172.0337,9
615,STARLINK-30780,satellite,0,26,43.0093,63.617,107.0227,34.1754,141.1982,6866.5814,485.9546,-5191.751174819838,-3392.5576732923073,2932.2697161766546,-269.9715187398857,6196.034474317179,2932.2697161766546,25.4433,92.4949,4
616,STARLINK-30753,satellite,0,18,42.9952,74.8594,100.1454,201.0093,301.1546,6863.5153,495.3638,5076.326608233135,2306.4022402749893,-4007.001715235365,-605.4000693501268,-5542.74966811889,-4007.001715235365,-35.8724,-96.2334,4
617,STARLINK-30824,satellite,0,18,42.9808,74.9583,89.0938,179.577,268.6708,6858.5962,495.7536,4806.852421642718,-1456.6195928549112,-4678.247259943255,-3704.6751685163767,-3391.600321016529,-4678.247259943255,-43.1445,-137.5261,4
618,STARLINK-30791,satellite,0,18,42.9949,74.3948,87.762,37.9378,125.6999,6864.1822,487.3734,-5000.517499658218,-2758.9831493971915,3798.391278839538,177.45031601125925,5708.386345403859,3798.391278839538,33.7923,88.2195,4
619,STARLINK-30810,satellite,0,18,43.0081,74.3657,104.1879,37.9249,142.1128,6864.2268,483.4127,-4424.28993948322,-4382.110817061414,2872.621740658174,-1512.5757343793412,6040.641632259431,2872.621740658174,24.9005,104.0578,4
620,STARLINK-30819,satellite,0,18,43.0126,74.787,17.1227,307.978,325.1006,6864.6578,488.5025,4247.773099733272,4678.339799404447,-2678.6939432734957,1857.4079614845775,-6039.906890848812,-2678.6939432734957,-23.1012,-72.9062,11
621,STARLINK-30806,satellite,0,18,43.024,74.7373,26.4114,326.9863,353.3978,6867.4418,483.6168,2350.722842749087,6423.877561396938,-538.2849398430727,4326.421548463971,-5298.50709089155,-538.2849398430727,-4.5275,-50.7671,9
622,STARLINK-30821,satellite,0,18,43.015,74.6802,64.8102,323.9293,28.7395,6865.5275,482.6126,-736.7109716727823,6436.955710197857,2249.677499453682,5912.444688135722,-2649.55461928369,2249.677499453682,19.2595,-24.1387,4
623,STARLINK-30778,satellite,0,18,43.0226,74.7051,47.8212,326.8636,14.6848,6866.9816,482.2672,524.1152854884007,6736.017529524073,1186.4656295249858,5526.583438166092,-3886.5800508321513,1186.4656295249858,10.0211,-35.1169,5
624,STARLINK-30809,satellite,0,18,43.0214,75.1495,152.2773,31.5342,183.8115,6867.5143,483.0871,-1432.30276843786,-6702.795589462949,-311.17508569413184,-5034.778535417426,4650.802622547928,-311.17508569413184,-2.6157,137.2702,4
625,STARLINK-30801,satellite,0,18,43.0171,75.1738,127.7874,34.8667,162.6541,6866.7294,482.3213,-3120.9513925457754,-5946.995618322465,1395.2070764668085,-3523.3744766374934,5717.772886042211,1395.2070764668085,11.807,121.642,5
626,STARLINK-30793,satellite,0,18,43.015,74.7673,7.3088,324.9647,332.2735,6865.6073,486.5974,3848.528848193028,5247.815569479583,-2178.105271923401,2550.874656074864,-5986.967599347872,-2178.105271923401,-18.613,-66.9225,10
627,STARLINK-30755,satellite,0,18,42.9825,74.5586,97.6397,340.7519,78.3916,6858.968,486.571,-4367.79505659538,2637.552598829079,4578.068831737631,4496.496774512835,2411.604056391666,4578.068831737631,42.0775,28.206,11
628,STARLINK-30760,satellite,0,18,43.0012,74.633,86.8681,322.0093,48.8774,6864.9823,486.8143,-2448.360071889898,5351.300544187993,3524.0522445753727,5851.672453865202,-623.5495557905763,3524.0522445753727,31.0727,-6.0824,10
629,STARLINK-30826,satellite,0,18,43.0201,74.7603,15.1083,324.2064,339.3147,6866.462,485.459,3397.449208802701,5728.360911153423,-1653.798351759222,3194.2879138453445,-5844.082868875675,-1653.798351759222,-14.0292,-61.3396,9
630,STARLINK-30796,satellite,0,18,42.9839,74.4788,81.3451,18.2924,99.6376,6858.89,486.7767,-5070.938473312439,217.20653690373072,4607.879134186235,2773.30684121163,4250.925175098095,4607.879134186235,42.4128,56.8795,4
631,STARLINK-30820,satellite,0,18,42.9928,74.4057,83.9677,36.9111,120.8788,6861.0081,485.23,-5091.417977110762,-2232.1389528173668,4012.4848274999863,676.9743320188209,5517.8516721745,4012.4848274999863,35.9905,83.0054,4
632,STARLINK-30785,satellite,0,18,42.983,74.9215,95.7534,179.7709,275.5243,6858.7764,495.6656,4997.840779866425,-662.169627823643,-4657.96732900996,-3118.7529212846016,-3961.0934466238864,-4657.96732900996,-42.9135,-128.215,4
633,STARLINK-30807,satellite,0,18,43.0095,74.8004,349.585,328.5524,318.1374,6863.4642,488.2822,4571.310970935091,4053.721980976995,-3123.637689528337,1155.1261630228166,-5999.602440124492,-3123.637689528337,-27.2236,-79.102,11
634,STARLINK-30822,satellite,0,18,43.0036,75.0821,149.6451,72.3736,222.0188,6866.0495,491.863,1934.4757153974347,-5793.855986560763,-3134.4046422031915,-5970.220315456081,1291.291164448941,-3134.4046422031915,-27.3096,167.7956,12
635,STARLINK-30830,satellite,0,18,42.9871,74.4119,80.5562,33.2648,113.821,6860.0655,485.7438,-5162.962319719793,-1434.1795896933093,4276.136655288024,1399.8223773089055,5172.383234286155,4276.136655288024,38.7649,74.8566,4
636,STARLINK-30827,satellite,0,18,43.0038,74.3703,96.5025,38.6372,135.1397,6863.0853,484.0724,-4716.056717186578,-3727.8603985137847,3299.0360041615118,-801.0109119940856,5957.895234845473,3299.0360041615118,28.9085,97.6572,4
637,STARLINK-30798,satellite,0,18,42.9874,74.9913,77.5169,176.8023,254.3192,6859.3145,493.9099,4188.108137776609,-3043.247467299161,-4505.166097783325,-4753.799895865801,-2050.119867471097,-4505.166097783325,-41.2075,-156.6714,4
638,STARLINK-30762,satellite,0,18,43.0198,75.1245,162.1992,35.7412,197.9405,6866.7286,484.9228,-182.39034552616246,-6706.390572052229,-1442.0921026427022,-5675.400087577586,3577.537503503843,-1442.0921026427022,-12.205,147.7744,7
639,STARLINK-30800,satellite,0,58,43.0141,125.9706,12.0829,319.5078,331.5907,6865.5742,486.7326,-1613.353688111406,6287.413690340484,-2227.3086680475567,6230.957430481226,-1819.2444959252796,-2227.3086680475567,-19.0488,-16.2762,4
640,STARLINK-30841,satellite,0,58,43.0026,125.8379,80.3766,323.3873,43.764,6865.7956,486.2466,-5713.507175046133,1984.4567737792847,3236.0441463584493,4621.136286195114,3902.2214635657165,3236.0441463584493,28.2972,40.1787,5
641,STARLINK-30839,satellite,0,58,43.0229,125.0787,28.4584,329.5347,357.9931,6870.0928,485.4048,-3798.2546434890864,5714.403291697369,-163.99396787876785,6852.517574200959,352.34388346491875,-163.99396787876785,-1.3777,2.9435,3
642,STARLINK-30846,satellite,0,58,42.9873,126.0779,104.2125,184.9741,289.1866,6859.6193,494.8717,2504.309185946937,4615.850880855412,-4420.233034737195,2692.9286471939745,-4508.412043528621,-4420.233034737195,-40.2639,-59.1496,15
643,STARLINK-30838,satellite,0,58,43.0114,125.4637,160.4706,44.5791,205.0496,6866.0553,486.3104,5337.630017390037,-3831.06767690756,-1982.0883142021607,-6017.759248058979,-2637.0338223067392,-1982.0883142021607,-16.8866,-156.3366,4
644,STARLINK-30837,satellite,0,58,43.0112,125.9671,17.4199,306.899,324.3189,6867.0327,490.5811,-905.3696512111138,6233.107965765887,-2731.5356632029866,5823.133151757147,-2400.5102405811904,-2731.5356632029866,-23.5761,-22.4033,3
645,STARLINK-30813,satellite,0,58,42.9958,125.4039,81.9854,152.5229,234.5083,6864.1718,494.396,5642.045343626576,-880.4019162562336,-3812.226102010364,-3635.0455679470483,-4403.88770436242,-3812.226102010364,-33.8923,-129.5369,3
646,STARLINK-30805,satellite,0,58,42.9879,125.3635,78.5918,168.9624,247.5543,6859.9535,493.8236,5300.759077210046,548.5678749445187,-4325.262861831762,-2231.8563089632225,-4839.193210049264,-4325.262861831762,-39.2389,-114.7594,4
647,STARLINK-30851,satellite,0,58,42.9994,125.4196,121.3982,105.0003,226.3985,6862.8868,490.3858,5705.368401784874,-1750.5671264515295,-3389.5460874387304,-4415.8073566341445,-4014.518558108035,-3389.5460874387304,-29.7487,-137.7253,4
648,STARLINK-30818,satellite,0,58,42.9849,125.2997,94.1968,173.2988,267.4956,6861.1335,498.1364,4268.885601302903,2654.887143489879,-4677.033372695875,106.18822207958053,-5025.985881712231,-4677.033372695875,-43.112,-88.7896,9
649,STARLINK-30794,satellite,0,58,43.0096,125.0889,36.3331,303.2206,339.5536,6868.9684,488.6908,-2262.9769190666957,6272.088544109007,-1635.9763502440558,6549.121994367319,-1252.6613046894483,-1635.9763502440558,-13.8683,-10.8283,4
650,STARLINK-30835,satellite,0,58,43.015,125.4714,164.5597,36.8771,201.4368,6868.7533,487.922,5201.966684962431,-4139.3999546983005,-1711.533213562169,-6213.771617163583,-2363.0767372532764,-1711.533213562169,-14.524,-159.1784,2
651,STARLINK-30836,satellite,0,58,43.0144,125.5156,128.025,36.8314,164.8564,6869.7554,484.8908,2781.13814305135,-6153.165019046232,1222.9546409525337,-6711.124113261241,746.3124404382181,1222.9546409525337,10.3285,173.6545,4
652,STARLINK-30855,satellite,0,58,43.0229,125.8978,39.827,327.1742,7.0011,6867.4466,482.4401,-4487.783709289255,5157.495767144909,570.5389671422485,6725.200199793866,1229.4907409867853,570.5389671422485,4.8002,10.3603,5
653,STARLINK-30840,satellite,0,58,43.014,125.8661,61.0309,325.7034,26.7343,6868.3001,484.8737,-5418.951545242427,3643.4880142115226,2105.497984648212,5897.8934075833,2802.6584009068524,2105.497984648212,17.976,25.4169,2
654,STARLINK-30875,satellite,0,58,43.0101,125.4355,168.24,44.0254,212.2653,6864.9871,487.4543,5547.248303665186,-3174.907252988509,-2499.0519186433326,-5560.287634059665,-3152.015424156185,-2499.0519186433326,-21.4766,-150.452,3
655,STARLINK-30872,satellite,0,0,42.9818,343.711,94.6535,351.8557,86.5092,6858.6432,487.1295,1804.713452045406,4687.84009121865,4665.066141235934,3111.6846553166397,-3943.3810329078638,4665.066141235934,43.0611,-51.7234,19
656,STARLINK-30865,satellite,0,28,42.9889,114.3216,75.1878,168.2736,243.4613,6862.9249,496.0978,5358.083562259582,-944.9501758006036,-4188.491468472135,-3545.728734323677,-4126.71758635036,-4188.491468472135,-37.763,-130.6696,4
657,STARLINK-30874,satellite,0,58,43.0167,125.5167,126.7327,33.8742,160.6069,6869.0984,484.836,2404.190000594908,-6236.10316462922,1554.4003467188218,-6590.196591377341,1112.8437113348855,1554.4003467188218,13.1718,170.4153,4
658,STARLINK-30871,satellite,0,58,42.9977,125.8216,86.4413,322.9035,49.3447,6862.4705,484.4968,-5699.483613060724,1395.5943918630323,3547.5556320439673,4107.479773037625,4190.51393939145,3547.5556320439673,31.3146,45.5733,6
659,STARLINK-30861,satellite,0,53,42.9896,216.8271,56.3948,185.4976,241.8924,6874.1819,506.4314,-66.19390363766107,5493.56077504109,-4136.052117906202,4758.990228081083,-2745.1053952403386,-4136.052117906202,-37.1452,-29.9774,4
660,STARLINK-30867,satellite,0,53,42.9814,216.3251,96.7594,347.1629,83.9224,6858.9523,487.412,2369.4906102901305,-4448.055290107929,4647.676243351039,-5034.527633457758,230.6797001481717,4647.676243351039,42.8602,177.3766,1
661,STARLINK-30880,satellite,0,53,43.0166,216.0775,152.0501,36.5422,188.5923,6869.9504,486.3768,5044.037795268249,4602.898873414923,-699.6357802675169,1386.3761011503766,-6686.326093239697,-699.6357802675169,-5.8863,-78.286,4
662,STARLINK-30777,satellite,0,53,43.0195,216.9293,153.9668,34.8941,188.8608,6869.8719,486.2924,4957.13185029677,4692.933170834926,-721.3569812624215,1508.1453162875134,-6657.497700495996,-721.3569812624215,-6.0698,-77.236,3
663,STARLINK-30860,satellite,0,53,43.0097,216.1417,107.7757,37.5689,145.3445,6867.179,485.7632,6239.970248923734,1024.675734178576,2661.1290485302375,-2301.3905629815567,-5889.888839722458,2661.1290485302375,22.9509,-111.3424,40
664,STARLINK-30853,satellite,0,53,42.9886,216.6409,108.1569,188.0658,296.2227,6862.8767,495.8878,-5123.194612461043,1804.6138595464834,-4199.787357854902,4165.35196081966,3486.200978387925,-4199.787357854902,-37.8839,39.9277,2
665,STARLINK-30866,satellite,0,53,42.99,216.3811,98.6255,323.2924,61.9179,6863.0574,488.2459,26.147068818218198,-5478.600671599466,4126.12775017202,-4725.696197777735,2771.9207121357153,4126.12775017202,37.1563,149.6057,7
666,STARLINK-30817,satellite,0,53,42.9907,216.6195,101.9636,199.2464,301.21,6863.5379,495.0143,-5417.615370634488,1325.2910070607973,-4004.126462205875,3903.2395718256453,3983.926882168601,-4004.126462205875,-35.8448,45.5861,2
667,STARLINK-30847,satellite,0,53,42.986,216.6662,104.683,183.3056,287.9885,6861.9989,495.5225,-4552.5957182087,2565.1358594286953,-4451.6590442274355,4528.467575265888,2607.4951908957896,-4451.6590442274355,-40.6043,29.9334,3
668,STARLINK-30848,satellite,0,53,43.0162,216.5258,11.4279,326.5025,337.9304,6866.292,485.5876,-6232.4795732191005,-2270.1304441424013,-1758.9922822809147,1226.305355629112,6518.701484097187,-1758.9922822809147,-14.941,79.346,2
669,STARLINK-30843,satellite,0,53,42.983,216.7664,90.094,162.356,252.45,6860.6509,495.4282,-1207.72903451159,5074.555109027701,-4462.253981704206,4980.837524099426,-1549.508481385158,-4462.253981704206,-40.7216,-17.2806,4
670,STARLINK-30877,satellite,0,53,43.0241,216.496,38.5565,328.7773,7.3338,6869.9008,484.9735,-5091.059432475037,-4563.318264214634,597.7373314990991,-1328.3474443930354,6706.58279546912,597.7373314990991,5.0277,101.2034,4
671,STARLINK-30864,satellite,0,53,42.9867,216.6514,103.7343,187.7902,291.5245,6862.281,496.1545,-4809.920357539508,2244.6092008689775,-4354.738742786056,4384.020812617383,2992.3178014770215,-4354.738742786056,-39.5416,34.3155,3
672,STARLINK-30854,satellite,0,53,42.9806,216.7298,88.1846,178.9686,267.1531,6858.6415,495.2927,-2725.990771163597,4223.234377756982,-4673.411037483132,5022.986532594138,190.63207315513307,-4673.411037483132,-43.0928,2.1734,4
673,STARLINK-30849,satellite,0,53,43.0075,216.4475,74.5214,323.3645,37.8859,6866.6841,486.1135,-2525.211511197095,-5694.889130123014,2873.637139426582,-3610.390407483506,5076.764371745715,2873.637139426582,24.8994,125.4189,6
674,STARLINK-30886,satellite,0,53,43.0214,216.5209,22.2154,329.6693,351.8847,6867.4339,483.4164,-5880.258220387062,-3473.332548820588,-660.8365864386009,11.730210521017602,6829.446400352467,-660.8365864386009,-5.5613,89.9016,3
675,STARLINK-30850,satellite,0,53,43.0189,216.5346,15.4145,326.9559,342.3704,6871.7169,489.8076,-6163.710755523647,-2674.223981791171,-1418.8955612883085,843.6524604760311,6665.66236082189,-1418.8955612883085,-11.9971,82.7866,2
676,STARLINK-30823,satellite,0,53,43.014,216.464,63.6694,324.1472,27.8166,6870.6048,487.8398,-3490.338918476445,-5491.372137745081,2184.977959664098,-2943.0653069435357,5803.1026460075345,2184.977959664098,18.6703,116.892,3
677,STARLINK-30873,satellite,0,53,42.9822,216.3103,101.5786,342.5657,84.1443,6861.1406,489.7432,2391.5938836451674,-4436.106010025715,4651.201447870465,-5035.5235668362175,205.57296590820405,4651.201447870465,42.8823,177.6622,2
678,STARLINK-30808,satellite,0,53,43.002,216.8325,142.5606,82.2381,224.7987,6863.1002,489.7227,1777.7129902120066,5749.9427967430265,-3298.081440031869,4039.0127478172058,-4461.892161892266,-3298.081440031869,-28.8733,-47.8478,10
679,STARLINK-30881,satellite,0,53,42.9994,216.7732,132.6414,90.6543,223.2957,6868.6496,495.2197,1942.0972847337478,5752.171321539692,-3212.3681514647315,3957.0838630537946,-4604.422230472912,-3212.3681514647315,-28.032,-49.3239,11
680,STARLINK-30883,satellite,0,53,42.9961,216.3978,92.1377,321.4151,53.5529,6864.2628,487.6925,-885.3409668087226,-5666.43798722844,3762.799692121269,-4422.34956698285,3651.735532321844,3762.799692121269,33.4326,140.452,6
681,STARLINK-30907,satellite,0,41,43.0154,281.73,123.3824,33.8125,157.195,6866.1678,482.3539,617.8078884386128,6585.954078101988,1813.630962673828,5349.719192116156,-3890.627490699829,1813.630962673828,15.4238,-36.0268,4
682,STARLINK-30896,satellite,0,67,42.9898,140.172,101.0979,198.6218,299.7197,6860.7637,492.787,179.44192507157783,5527.678864638318,-4064.340625225712,4663.047715803763,-2973.788666865867,-4064.340625225712,-36.4822,-32.5271,5
683,STARLINK-30832,satellite,0,41,43.0076,282.4944,164.7051,50.2112,214.9163,6867.0957,490.584,-4023.4731708488002,4874.583638575985,-2680.3891336848114,6245.0304897330725,974.4209502658954,-2680.3891336848114,-23.1092,8.8684,4
684,STARLINK-30903,satellite,0,41,43.0084,281.767,108.4214,34.6593,143.0807,6864.3434,483.2957,1830.944424143475,5981.806222129456,2809.8851108459207,4211.296403745696,-4625.942689139946,2809.8851108459207,24.3221,-47.6864,4
685,STARLINK-30905,satellite,0,41,43.0157,281.6405,170.3814,29.8939,200.2753,6868.9632,487.2851,-3002.6071540616035,5955.557453778784,-1622.7221340196875,6654.116397044156,-455.0266821517879,-1622.7221340196875,-13.7567,-3.912,4
686,STARLINK-30842,satellite,0,60,43.0066,267.5269,355.8767,329.241,325.1177,6873.1909,496.338,-3114.1653288710345,-5507.398029119583,-2680.3074340393237,-3148.720616617594,5487.715118806736,-2680.3074340393237,-23.0879,119.8462,8
687,STARLINK-30858,satellite,0,41,43.0205,281.7057,146.4501,33.6648,180.1149,6870.1115,485.2999,-1402.3385285218333,6718.640055117747,-9.388123622657975,6494.241936392285,-2220.697910660781,-9.388123622657975,-0.0789,-18.8781,4
688,STARLINK-30885,satellite,0,41,43.0078,281.7728,106.0492,34.3823,140.4315,6866.4272,486.215,2049.4036854312767,5829.120917220233,2980.7730570493777,3968.5386129979297,-4735.969532268786,2980.7730570493777,25.8934,-50.0384,5
689,STARLINK-30890,satellite,0,41,43.0164,281.7311,126.1131,34.5222,160.6353,6869.1067,484.8045,312.605430293605,6676.665026871911,1552.1935144973534,5583.414572804438,-3674.3788242774576,1552.1935144973534,13.1528,-33.3484,4
690,STARLINK-30909,satellite,0,41,43.0171,281.7287,129.5537,32.1079,161.6615,6869.1989,484.606,221.53275891895106,6698.157054507598,1472.846347821443,5648.353166528395,-3607.0058492179905,1472.846347821443,12.4699,-32.5621,4
691,STARLINK-30918,satellite,0,41,43.0014,282.0549,81.4785,324.4012,45.8797,6865.4821,486.7933,4519.42180102303,-3918.084213182739,3358.587672963015,-5675.270937242353,-1888.877207773536,3358.587672963015,29.4675,-161.5912,9
692,STARLINK-30892,satellite,0,41,42.9925,281.8208,86.8151,33.0788,119.8938,6863.3423,488.22,3556.871007025432,4236.897393567203,4054.792860319278,1830.1069963462476,-5220.473088347376,4054.792860319278,36.4111,-70.6812,70
693,STARLINK-30891,satellite,0,41,43.0045,282.0629,74.2959,326.3783,40.6742,6866.2575,486.1725,4284.838716994816,-4404.65886363404,3049.5365369077076,-5974.141640450368,-1438.9211915475714,3049.5365369077076,26.5362,-166.4578,9
694,STARLINK-30889,satellite,0,41,43.0162,282.159,7.6635,332.7185,340.382,6866.7136,484.9054,-285.3206992287605,-6673.394521779043,-1571.7135701258267,-5594.518311787718,3649.2420040045085,-1571.7135701258267,-13.321,146.884,7
695,STARLINK-30870,satellite,0,41,42.9896,282.2486,103.2072,194.6489,297.8562,6860.5781,493.1198,-3657.2997880925436,-4075.6639500970923,-4137.660891547858,-1640.199151549413,5224.617222089995,-4137.660891547858,-37.2465,107.429,8
696,STARLINK-30888,satellite,0,41,43.0233,281.6856,151.611,30.8676,182.4786,6870.0833,485.3822,-1601.345752551734,6671.005569644068,-202.52195522794105,6554.77511549526,-2025.2275710946044,-202.52195522794105,-1.7015,-17.1696,4
697,STARLINK-30859,satellite,0,41,42.9808,282.3331,84.4264,178.9496,263.376,6861.2823,497.9614,-5043.73247217468,-292.0071716516733,-4649.851570264178,2321.4354559657454,4487.253376281579,-4649.851570264178,-42.8033,62.6457,4
698,STARLINK-30884,satellite,0,41,42.9924,282.2315,90.8725,213.818,304.6906,6864.0867,494.4997,-3207.666103501025,-4693.815508565822,-3849.6053850414078,-2401.2353991423543,5153.163534947065,-3849.6053850414078,-34.2692,114.9843,8
699,STARLINK-30852,satellite,0,41,43.0074,281.7478,96.7523,39.2919,136.0441,6863.2988,484.8781,2402.9323965346193,5542.387308548663,3246.972732062327,3541.5871911979566,-4893.802340452613,3246.972732062327,28.4074,-54.1072,6
700,STARLINK-30964,satellite,0,0,43.0141,343.9289,50.4034,325.3078,15.7112,6866.834,482.3676,6721.40590453965,-522.9090558836222,1267.1761552114617,-3878.0897311966983,-5514.630654095729,1267.1761552114617,10.7103,-125.1163,4
701,STARLINK-30844,satellite,0,0,42.9945,344.2746,73.0562,168.2362,241.2924,6860.7704,493.1332,-4366.817802931197,-3344.766789889329,-4105.168893971552,-649.6295820637682,5462.1006955979,-4105.168893971552,-36.9058,96.7826,5
702,STARLINK-30876,satellite,0,0,42.9846,344.2031,89.7585,172.8425,262.601,6858.7142,495.297,-2205.97974600479,-4550.523740169856,-4640.674299795249,-2788.9038914039784,4218.486462482078,-4640.674299795249,-42.7195,123.4693,10
703,STARLINK-30952,satellite,0,0,43.0066,344.033,31.902,287.2559,319.1579,6863.7308,489.2508,4088.8597919283725,-4583.820496099342,-3061.403796225462,-6028.284738861652,-1178.9689757227077,-3061.403796225462,-26.6345,-168.9342,5
704,STARLINK-30925,satellite,0,0,42.9959,344.0664,95.1067,209.9178,305.0245,6861.5528,492.0204,2659.2588915200245,-5034.3223859821655,-3832.9001552992663,-5686.597977970639,280.46956175263387,-3832.9001552992663,-34.1143,177.1764,10
705,STARLINK-30954,satellite,0,0,43.0001,343.8534,88.8193,322.2717,51.091,6862.1575,484.9174,5222.116408353406,2550.680644887556,3638.975358019895,-469.648050984568,-5792.7456566644,3638.975358019895,32.2134,-94.6351,114
706,STARLINK-30906,satellite,0,23,42.9832,347.3727,99.7229,181.3789,281.1018,6861.4365,497.8648,212.6183326574106,-5098.957008359713,-4593.796158042155,-4494.261159156346,2417.8886992128705,-4593.796158042155,-42.1694,151.72,17
707,STARLINK-30940,satellite,0,59,43.0132,198.8829,170.244,34.8131,205.0571,6865.9681,486.0235,5194.197226938516,4022.6375418265025,-1982.6238083383862,810.6803325450614,-6519.5164716160025,-1982.6238083383862,-16.892,-82.9118,5
708,STARLINK-30933,satellite,0,59,43.0009,198.1107,104.9081,37.3366,142.2448,6864.1547,483.3281,6107.915140845296,-1233.2697042786717,2863.6985996692174,-4176.182202980642,-4624.617145101481,2863.6985996692174,24.8184,-132.0831,18
709,STARLINK-30919,satellite,0,0,43.0193,343.4753,131.4901,32.9048,164.3949,6867.0235,482.3049,-5950.242343923923,3172.601228672837,1258.9496646547343,5763.85496132234,3499.8226372834224,1258.9496646547343,10.64,31.2662,4
710,STARLINK-30931,satellite,0,16,43.0001,332.7215,88.0219,322.6813,50.7032,6862.3204,484.8369,5638.50660942994,1458.9204162995213,3619.006626822765,-1621.0975741339048,-5594.036844785513,3619.006626822765,32.0163,-106.1611,89
711,STARLINK-30922,satellite,0,0,42.9875,344.1149,103.2616,180.6217,283.8833,6859.1018,494.6429,249.9065445402196,-5138.549159561172,-4543.009293718401,-4547.335120228556,2406.009985550103,-4543.009293718401,-41.6237,152.1165,18
712,STARLINK-30949,satellite,0,0,43.0186,343.9598,16.2058,324.1518,340.3577,6866.5746,485.021,5745.128228216655,-3406.5325824585125,-1573.6809076787015,-5860.448160172738,-3204.0770833316838,-1573.6809076787015,-13.3378,-151.3333,4
713,STARLINK-30967,satellite,0,0,43.0247,343.943,33.3194,328.1965,1.5159,6867.5872,482.8531,6627.708441542792,-1769.5290409830948,123.84046052854752,-4902.565293483341,-4798.187757488522,123.84046052854752,1.0407,-135.6165,4
714,STARLINK-30955,satellite,0,0,43.0243,343.5172,147.7832,30.641,178.4241,6867.6762,482.5664,-6537.133346527198,2078.091034029667,128.73330263827262,5121.772921302492,4562.895668170039,128.73330263827262,1.0819,41.6973,4
715,STARLINK-30895,satellite,0,0,43.0064,343.8934,72.7764,324.1718,36.9482,6864.3537,483.2582,6101.754689008763,1375.6627818342486,2811.651115795966,-1928.9946941869782,-5950.028390181248,2811.651115795966,24.3385,-107.9627,59
716,STARLINK-30917,satellite,0,93,43.01,235.1805,68.1926,324.0763,32.2689,6865.0033,483.2776,-1113.166190569811,-6289.829717961811,2497.76838184769,-4842.3489242856,4165.663661921513,2497.76838184769,21.4789,139.296,5
717,STARLINK-30899,satellite,0,0,43.0033,343.6016,99.3443,36.7947,136.139,6863.2839,483.9788,-3762.1609392963524,4729.348377254021,3240.722662124689,5986.823221159571,823.7346206072586,3240.722662124689,28.352,7.8342,9
718,STARLINK-30902,satellite,0,0,43.0154,343.9151,57.5798,325.2091,22.7889,6866.214,482.4203,6614.27661293058,114.46591387692857,1812.4339321577086,-3275.216198955498,-5747.583527700976,1812.4339321577086,15.4132,-119.6763,5
719,STARLINK-30912,satellite,0,35,42.9857,201.7118,97.9102,329.1282,67.0384,6859.9784,485.7769,-776.4617698745117,-5279.36652927453,4303.807717718121,-4144.949040552926,3360.6548888156062,4303.807717718121,39.0623,140.9654,7
720,STARLINK-30900,satellite,0,0,42.992,343.7811,93.7829,324.4574,58.2402,6861.0862,485.1472,4656.088176607254,3086.306436923195,3975.0852620682303,279.77265613347697,-5579.083418610572,3975.0852620682303,35.6049,-87.1292,105
721,STARLINK-30908,satellite,0,0,42.9993,343.7775,80.9789,323.182,44.1609,6863.1975,483.6518,5699.266529272298,1980.4260572817157,3257.9071128348896,-1203.5212447753436,-5912.297603590191,3257.9071128348896,28.5173,-101.5061,80
722,STARLINK-30869,satellite,0,16,43.0237,332.9015,23.2494,328.7865,352.0359,6869.9909,486.1896,5734.96698931982,-3715.565474152979,-648.8996040487757,-6121.076655848175,-3037.7119242179992,-648.8996040487757,-5.4583,-153.6061,4
723,STARLINK-30969,satellite,0,16,43.0236,332.9051,22.8879,327.9724,350.8603,6869.8591,486.3968,5670.310164138625,-3796.3802623069532,-743.9350836189284,-6157.609819262209,-2940.8777205611987,-743.9350836189284,-6.2604,-154.4708,4
724,STARLINK-30951,satellite,0,16,42.9791,333.1061,91.8298,175.4823,267.3121,6861.2402,499.0349,-2557.3011430147876,-4330.109650555356,-4676.453967939391,-2420.1223539838084,4408.247555848609,-4676.453967939391,-43.0984,118.7667,8
725,STARLINK-30950,satellite,0,25,42.9809,136.536,82.6072,179.2048,261.812,6858.8477,495.7998,4128.758984277738,2935.1400701722278,-4631.975774974157,418.7176472147568,-5048.403065692725,-4631.975774974157,-42.6168,-85.2587,10
726,STARLINK-30942,satellite,0,16,43.0046,332.5265,101.3094,37.753,139.0623,6866.2071,486.1492,-3081.2941677385684,5307.1737508140295,3065.799357466941,6136.5511422980535,-56.63079930246965,3065.799357466941,26.6888,-0.5287,9
727,STARLINK-30959,satellite,0,16,43.0075,332.5269,100.5651,36.8488,137.4138,6866.1493,486.2099,-2915.0134676328316,5341.712929001342,3166.2764914218324,6081.446640549817,-217.27238776756045,3166.2764914218324,27.6352,-2.0461,9
728,STARLINK-30971,satellite,0,16,42.9795,333.1351,82.1725,174.7901,256.9626,6861.6709,498.1235,-3593.527407119195,-3666.0244920338137,-4560.681442436338,-1320.379853965969,4960.82370611468,-4560.681442436338,-41.7955,104.9044,8
729,STARLINK-30963,satellite,0,16,43.0061,332.8045,79.2648,324.42,43.6848,6863.3224,483.8345,5993.527507390272,814.3051247171443,3230.455637347605,-2356.6381931290803,-5570.612286335296,3230.455637347605,28.2548,-112.9307,70
730,STARLINK-30961,satellite,0,16,42.9952,332.7697,96.8897,320.2723,57.162,6863.8959,488.0893,5236.031285912087,2046.1422348377912,3930.1002397367442,-910.7187680923016,-5547.36991714827,3930.1002397367442,35.1256,-99.3232,115
731,STARLINK-30975,satellite,0,16,43.0088,332.8102,77.5081,322.5192,40.0273,6866.4469,486.7257,6147.372387323234,469.54243700945096,3009.814608327284,-2731.6521243457187,-5527.090920197935,3009.814608327284,26.1623,-116.2999,56
732,STARLINK-30976,satellite,0,16,43.0214,332.9274,23.4807,326.3101,349.7908,6869.8469,486.5044,5610.608881543466,-3866.6538977935566,-830.0866985304025,-6187.603743426607,-2853.682585942165,-830.0866985304025,-6.9887,-155.2412,4
733,STARLINK-30926,satellite,0,16,43.0118,332.3534,168.977,45.3831,214.3601,6867.2914,490.3495,-6334.970292470015,119.98390075845543,-2643.13449136142,3334.4129276137346,5387.757898335934,-2643.13449136142,-22.7709,58.2472,4
734,STARLINK-30943,satellite,0,8,42.9951,307.1742,90.6049,140.5072,231.112,6862.1641,491.7473,-5717.381123065885,1072.337223465804,-3643.341431569716,3838.562374697338,4370.788592780301,-3643.341431569716,-32.2206,48.7094,3
735,STARLINK-30946,satellite,0,16,43.0001,332.9727,62.7034,249.1511,311.8545,6862.5608,490.4882,2380.34900693658,-5411.235303391488,-3486.3236053644496,-5868.535023233752,712.6188213716744,-3486.3236053644496,-30.6861,173.0764,10
736,STARLINK-30944,satellite,0,16,43.0188,332.8409,68.6598,319.7068,28.3666,6868.281,486.2066,6460.435775639824,-635.3204020401296,2224.2714333161866,-3841.668923015949,-5232.823550469559,2224.2714333161866,19.0233,-126.2842,10
737,STARLINK-30928,satellite,0,16,43.0217,332.8641,49.3206,325.6507,14.9713,6869.4824,484.9835,6490.933086573878,-1870.3058021833897,1209.54859556042,-4919.483812364925,-4629.139784877943,1209.54859556042,10.214,-136.7417,4
738,STARLINK-30957,satellite,0,16,42.9845,332.6613,89.4903,3.4463,92.9366,6861.0865,489.4034,1988.7591946997397,4611.776179400941,4669.374285161715,2952.384867324669,-4062.888905518461,4669.374285161715,43.0926,-53.9952,21
739,STARLINK-30966,satellite,0,16,43.019,332.9012,15.2261,331.8593,347.0854,6867.144,483.9934,5443.115025016501,-4044.7279301717394,-1046.25756040965,-6255.34042637043,-2618.7862369593213,-1046.25756040965,-8.8247,-157.2835,4
740,STARLINK-30935,satellite,0,16,42.9831,333.0782,93.3338,180.5863,273.9202,6861.1929,498.3693,-1850.5217233457674,-4680.965805515825,-4670.563676956199,-3082.4068806237265,3979.2762335965713,-4670.563676956199,-43.0362,127.7619,13
741,STARLINK-30958,satellite,0,16,42.9833,332.6874,98.9817,347.1858,86.1674,6858.7817,487.3219,2703.190414897958,4235.850134211593,4663.555147688176,2264.6338718454467,-4485.654713103414,4663.555147688176,43.0423,-63.2126,40
742,STARLINK-30962,satellite,0,16,43.0116,332.4051,159.9835,49.4865,209.47,6867.9273,489.6179,-6441.139232707196,579.9191569194281,-2303.9676185954113,3784.1737560509764,5244.483752257894,-2303.9676185954113,-19.7219,54.1875,4
743,STARLINK-30977,satellite,0,16,43.0185,333.3014,146.9611,31.6826,178.6437,6870.1452,485.2259,-6076.517241128652,3188.9382970525894,110.83134873104991,5842.314792253663,3600.1037641096505,110.83134873104991,0.9311,31.6419,4
744,STARLINK-30947,satellite,0,74,43.024,358.467,48.0029,326.3514,14.3543,6869.5916,485.1761,6679.350226937922,1065.5136992987148,1160.8582232268516,-2490.37403772326,-6288.6465992074045,1160.8582232268516,9.7985,-111.6041,7
745,STARLINK-30941,satellite,0,74,43.0033,358.5581,29.7283,286.1763,315.9046,6865.7398,492.0142,4841.073422641692,-3616.6459004202043,-3258.291322087468,-5580.053381601176,-2319.293795730782,-3258.291322087468,-28.4829,-157.4303,2
746,STARLINK-30980,satellite,0,74,42.9826,358.6624,92.0332,187.6306,279.6638,6860.1063,495.8056,1036.404940374926,-4975.914525429235,-4613.478648483378,-4808.607448099729,1646.5585245872753,-4613.478648483378,-42.4072,161.0978,14
747,STARLINK-30965,satellite,0,0,42.9817,343.552,87.2609,3.9304,91.1913,6861.0066,489.811,1283.5148280501646,4851.126396297604,4674.523174068816,3517.9757885821286,-3578.3633098988103,4674.523174068816,43.1484,-45.4876,10
748,STARLINK-30990,satellite,0,74,43.0127,358.4331,69.4441,320.0847,29.5289,6867.8778,485.4869,6035.357612459159,2308.4864039806303,2306.809649959337,-1092.7700126291015,-6368.712953739612,2306.809649959337,19.7597,-99.7362,28
749,STARLINK-30984,satellite,0,51,43.0189,354.6678,129.6147,34.82,164.4347,6867.073,482.6434,-6454.801863846563,1954.1639366260201,1255.8690781876214,4973.184424255229,4555.28928555278,1255.8690781876214,10.6132,42.4888,4
750,STARLINK-30956,satellite,0,16,43.0049,332.4259,23.0595,295.0678,318.1272,6866.1808,491.7091,2980.260881345582,-5336.917759543017,-3125.546564374532,-6110.602172453813,158.7047037965174,-3125.546564374532,-27.2268,178.5122,7
751,STARLINK-30997,satellite,0,51,43.0172,355.0142,56.9121,326.007,22.9191,6866.2246,482.6732,6463.62621638695,1396.5975456842393,1822.3532219276935,-2095.563793612083,-6271.96627515471,1822.3532219276935,15.499,-108.4753,16
752,STARLINK-30994,satellite,0,39,42.989,191.5392,102.7312,196.0323,298.7636,6860.6724,493.3799,-4116.532610468782,3651.6422036730505,-4102.70212033228,5240.596348882416,1678.2375948534175,-4102.70212033228,-36.8785,17.757,3
753,STARLINK-30991,satellite,0,51,43.024,354.6534,138.5295,33.0216,171.551,6867.5192,482.6138,-6687.8864587210055,1366.04940796784,687.7671283138885,4586.210964964291,5055.747744359323,687.7671283138885,5.7893,47.7879,4
754,STARLINK-30979,satellite,0,51,42.989,355.2119,101.5685,189.5709,291.1394,6859.7501,494.4413,2075.862023332622,-4873.248474325073,-4365.25437806007,-5250.485022731436,700.1148894996676,-4365.25437806007,-39.6675,172.4048,9
755,STARLINK-31005,satellite,0,51,43.0118,355.124,17.5896,308.8283,326.4179,6864.8345,487.8531,5460.841799726453,-3251.6959225798137,-2589.505573405564,-5582.264150374551,-3038.527026373952,-2589.505573405564,-22.2928,-151.4398,4
756,STARLINK-30987,satellite,0,51,42.9948,355.1697,92.7442,212.5302,305.2744,6861.5814,491.9804,3604.4257449990278,-4417.545052962431,-3821.074530042896,-5638.17464235847,-847.0985470596578,-3821.074530042896,-33.9951,-171.4556,7
757,STARLINK-31000,satellite,0,51,43.0255,355.0615,40.127,328.7739,8.9009,6867.3394,482.2075,6819.131114308261,189.63976843803619,724.2439652295159,-3315.0441426992675,-5962.130049559095,724.2439652295159,6.0979,-119.0748,4
758,STARLINK-30993,satellite,0,51,43.0202,355.0854,38.2005,309.5017,347.7022,6867.164,485.8223,6589.792955732807,-1639.383191170842,-997.3774361456786,-4771.282592316405,-4831.957250553617,-997.3774361456786,-8.4071,-134.638,4
759,STARLINK-30978,satellite,0,51,43.0035,354.997,82.3089,321.9638,44.2727,6863.1586,484.147,5196.6708643044085,3059.252021513749,3264.933037759957,-19.227098047529722,-6030.260468814507,3264.933037759957,28.5821,-90.1827,89
760,STARLINK-30953,satellite,0,59,43.0138,198.873,121.1632,34.5859,155.7491,6866.0051,482.4119,6583.711300240338,73.72474454902365,1921.798810387865,-3294.669159242307,-5700.5126922066165,1921.798810387865,16.3681,-120.0262,6
761,STARLINK-30986,satellite,0,51,42.9947,354.9434,96.3237,329.21,65.5337,6860.138,485.9765,3230.6415123010893,4296.1812131838315,4255.406432175548,2047.4957028125941,-4970.108544537104,4255.406432175548,38.5412,-67.6102,67
762,STARLINK-30985,satellite,0,51,42.9862,354.8007,82.3231,25.5877,107.9109,6859.4557,486.475,-1667.2329626194166,4943.362200163483,4447.76111920458,5102.367568934021,-1087.3549490116845,4447.76111920458,40.6262,-12.0302,15
763,STARLINK-30981,satellite,0,51,42.9986,354.7365,93.3132,35.7543,129.0675,6862.3153,484.4839,-3945.881248446983,4273.452763928464,3630.5185870236805,5688.3977351693775,1214.2934401919724,3630.5185870236805,32.132,12.05,12
764,STARLINK-31002,satellite,0,51,42.9833,355.2763,91.8814,177.7315,269.6129,6858.8242,495.6947,-459.7102970266162,-5000.294222726135,-4679.573006328658,-4066.4699993188924,2945.8610991796727,-4679.573006328658,-43.1602,144.0794,13
765,STARLINK-30989,satellite,0,17,42.9805,35.0985,91.7028,354.0767,85.7794,6858.6595,487.0708,-2463.0780074584604,4382.258728658049,4660.91920265833,5025.668542001589,-116.62136022538591,4660.91920265833,43.0141,-1.3293,19
766,STARLINK-30968,satellite,0,17,42.9894,35.1665,100.2058,324.263,64.4688,6860.2651,485.7,-190.75368700519113,5401.055896922381,4218.184820085856,4742.956015738438,-2590.783665912048,4218.184820085856,38.1458,-28.6451,5
767,STARLINK-30982,satellite,0,17,43.0057,35.2238,80.792,322.4457,43.2377,6863.3656,483.7264,2099.6510943277085,5687.46197651146,3203.924898876082,3821.0630389237685,-4706.934852400854,3203.924898876082,28.0031,-50.9305,4
768,STARLINK-30998,satellite,0,17,42.9814,35.0821,87.9365,2.8251,90.7617,6861.1318,489.35,-2957.7435628162475,4052.635622105577,4674.7776209303,4994.455491691059,476.9872225301559,4674.7776209303,43.1549,5.4554,20
769,STARLINK-30983,satellite,0,17,43.0238,34.8547,160.931,31.9019,192.8329,6869.6263,486.5635,-4855.117042295225,-4739.523976350281,-1040.2363137092846,-1600.253492546239,6593.514827190295,-1040.2363137092846,-8.7702,103.642,4
770,STARLINK-31017,satellite,0,32,42.9908,162.5363,79.3392,37.197,116.5362,6860.4223,485.6918,1575.3557999127775,-5198.903874752107,4182.379546613135,-5275.306206499907,1296.7234951580326,4182.379546613135,37.7658,166.1899,4
771,STARLINK-31028,satellite,0,17,43.017,34.4617,19.133,321.2542,340.3872,6866.5648,485.2768,6282.705198677094,2269.1962007134034,-1571.4182253544482,-1252.7269788846174,-6561.425997997001,-1571.4182253544482,-13.3177,-100.809,4
772,STARLINK-31011,satellite,0,17,43.0227,34.439,35.2285,326.3648,1.5933,6867.559,482.5943,5577.1768409043925,3993.4554330980686,130.15558277247874,590.2373679959233,-6834.0476776418545,130.15558277247874,1.0938,-85.0638,6
773,STARLINK-31021,satellite,0,17,42.9972,34.9407,92.4369,36.0964,128.5333,6864.5522,486.7088,-5750.012108454845,769.5814503080912,3658.8827478613575,3594.793976814236,4553.27916125244,3658.8827478613575,32.4012,51.7091,5
774,STARLINK-31010,satellite,0,17,42.9962,34.9079,89.8275,38.4581,128.2855,6862.0804,484.6665,-5736.514859859723,797.0368557076831,3670.2674968994097,3611.5250532730506,4527.665764643952,3670.2674968994097,32.5252,51.4221,5
775,STARLINK-31003,satellite,0,17,43.0192,34.4272,44.1293,324.5114,8.6407,6867.3907,482.2727,5168.342883145085,4455.998128581906,703.161946867419,1196.6180428214136,-6718.317701573523,703.161946867419,5.9197,-79.9008,8
776,STARLINK-31015,satellite,0,17,43.0168,34.4591,20.2509,327.1795,347.4304,6867.1501,484.1863,6139.984179769583,2889.239712240864,-1018.7597614454553,-646.6070256960744,-6754.924958645425,-1018.7597614454553,-8.5908,-95.4679,4
777,STARLINK-30932,satellite,0,17,42.9947,34.5423,95.3757,209.6509,305.0266,6861.5641,492.1488,5575.878776166798,-1152.5059864955517,-3832.7875718968876,-3835.3440989859882,-4208.186048381035,-3832.7875718968876,-34.1125,-132.3461,4
778,STARLINK-30992,satellite,0,17,42.9868,34.6083,98.8382,184.9372,283.7753,6859.1605,495.567,4115.166421489353,-3085.602532882752,-4545.668985113339,-4753.0265559826585,-1965.776239964652,-4545.668985113339,-41.6465,-157.5308,4
779,STARLINK-30948,satellite,0,17,42.9842,34.6521,91.5406,178.1597,269.7003,6858.6021,495.7843,2825.4827577157507,-4150.956573167582,-4679.75520275749,-5011.564359629345,-313.07500022370607,-4679.75520275749,-43.1615,-176.4253,9
780,STARLINK-31001,satellite,0,17,43.0145,34.7301,174.7932,35.4818,210.275,6867.7396,489.0802,-3430.6093954255634,-5457.173293317648,-2360.9269676600397,-2944.115131937722,5734.283500767717,-2360.9269676600397,-20.2318,117.177,8
781,STARLINK-31004,satellite,0,17,42.9914,34.7213,78.4384,170.0147,248.4531,6859.8518,493.8015,587.8256899384457,-5273.638181157802,-4352.960599737192,-4835.889272849268,2184.2558568671293,-4352.960599737192,-39.5386,155.6924,19
782,STARLINK-30988,satellite,0,17,43.0053,34.7802,136.1036,91.1787,227.2823,6862.7494,490.0335,-1720.563688424845,-5684.2175430560765,-3439.0563521130453,-4011.629404142213,4379.212030323966,-3439.0563521130453,-30.2291,132.4916,17
783,STARLINK-31009,satellite,0,17,43.0151,34.8303,160.792,45.299,206.091,6865.8311,486.5275,-3798.7725443705613,-5331.691381252831,-2058.9994222454193,-2648.3981984817656,5986.951879802263,-2058.9994222454193,-17.5618,113.8628,8
784,STARLINK-31044,satellite,0,70,43.0209,100.2303,146.3113,32.4209,178.7323,6870.0661,485.2058,1109.416506581191,-6772.286898294882,103.59842745308482,-6390.978112933703,2500.0147155354275,103.59842745308482,0.8703,158.6356,2
785,STARLINK-31062,satellite,0,49,43.0194,103.2473,18.8698,326.7711,345.6409,6869.5204,486.9671,-312.3564588241746,6758.306368376936,-1161.4389221818906,5972.405076761993,-3178.4664738330966,-1161.4389221818906,-9.8008,-28.0216,8
786,STARLINK-31096,satellite,0,70,42.9994,101.1895,96.3326,36.8568,133.1894,6871.8674,491.8745,-2679.175921774703,-5319.306298411205,3413.383453772624,-3208.8058920461795,5017.625719730813,3413.383453772624,29.9717,122.5992,6
787,STARLINK-31094,satellite,0,70,42.9854,100.0876,78.332,177.6985,256.0305,6861.7138,497.5684,5089.322979806376,-778.1797119654246,-4543.079846365926,-3265.1990920226976,-3980.6088662859092,-4543.079846365926,-41.6028,-129.3612,3
788,STARLINK-31075,satellite,0,70,43.0242,99.8151,33.3527,327.6881,1.0408,6870.1039,485.1584,-1259.584523133633,6746.183421805321,85.0581111847753,6445.120070131148,-2357.534986622976,85.0581111847753,0.7145,-20.0918,2
789,STARLINK-30857,satellite,0,70,43.0184,100.2337,158.4505,32.2414,190.6919,6869.7821,486.3505,2114.61215183347,-6472.251120343308,-868.8183180197653,-6645.614870079407,1482.3704381990524,-868.8183180197653,-7.3167,167.4255,5
790,STARLINK-31059,satellite,0,88,43.0216,303.5347,154.6765,31.6846,186.3611,6867.3567,483.1397,-4230.315375679612,5376.882514645863,-518.6520512491851,6782.5792594437635,896.1318783410368,-518.6520512491851,-4.3623,7.5265,4
791,STARLINK-31087,satellite,0,70,43.0028,99.7443,79.7507,323.3607,43.1114,6865.9442,486.4303,-4226.705364140104,4355.363832789778,3197.5082229564555,5902.089594928919,1414.0617966184461,3197.5082229564555,27.9301,13.4733,6
792,STARLINK-31052,satellite,0,70,43.0088,99.8763,33.8891,291.4552,325.3443,6867.1762,491.1262,1843.9836560045603,6053.892965872487,-2663.178524055856,4266.650263151367,-4673.926753576986,-2663.178524055856,-22.9505,-47.6082,12
793,STARLINK-31074,satellite,0,70,42.9821,100.0271,89.8889,182.2621,272.151,6859.4882,496.2265,4896.727159559499,1127.4482613711136,-4676.6543300731555,-1527.8583411401205,-4786.932770224055,-4676.6543300731555,-43.1226,-107.7017,4
794,STARLINK-31071,satellite,0,87,43.0197,300.0634,128.8455,33.7185,162.564,6866.7731,482.3608,-1977.892286336044,6416.821951965925,1402.3025883951664,6528.202835881317,-1571.6964061709077,1402.3025883951664,11.8679,-13.5366,4
795,STARLINK-31080,satellite,0,70,43.0231,99.817,30.6293,322.5873,353.2167,6870.0051,486.0412,-578.100874874065,6817.245283624505,-553.1670412067385,6158.646144853418,-2979.9516004648212,-553.1670412067385,-4.6512,-25.8207,7
796,STARLINK-31088,satellite,0,70,42.9848,100.0535,80.9909,178.2448,259.2357,6861.4553,497.6746,5082.573823693039,-401.30008800690536,-4599.023247131914,-2937.5876537847607,-4167.034582320547,-4599.023247131914,-42.2297,-125.1823,3
797,STARLINK-31038,satellite,0,70,42.9966,100.1536,106.2423,123.8741,230.1164,6867.4462,496.2728,4570.912946580825,-3655.7639282921414,-3594.288507828715,-5475.902489924618,-2066.9656468987464,-3594.288507828715,-31.7131,-159.3202,4
798,STARLINK-31082,satellite,0,70,42.986,99.9921,97.9098,183.9085,281.8183,6861.4888,497.2606,4597.486849059558,2237.849624546767,-4582.033505731452,-420.128228718743,-5095.914887514639,-4582.033505731452,-42.0416,-94.713,6
799,STARLINK-31069,satellite,0,70,43.0169,100.2174,162.0837,35.2721,197.3558,6869.2756,487.4287,2635.7257996271346,-6182.6444151981,-1397.009782646199,-6662.311592143662,886.4235470634482,-1397.009782646199,-11.8135,172.4213,3
800,STARLINK-31067,satellite,0,70,43.0114,100.2007,165.9004,40.5258,206.4262,6868.3001,488.9952,3287.5330877060637,-5654.976301119508,-2084.153596408802,-6540.903842395154,56.63650347390756,-2084.153596408802,-17.7767,179.5039,5
801,STARLINK-31085,satellite,0,70,43.0042,100.2989,103.838,37.3986,141.2366,6866.6114,486.1333,-2134.2081468295823,-5824.683458826932,2929.6249676423977,-3921.466482550549,4806.649814138581,2929.6249676423977,25.418,129.209,6
802,STARLINK-31089,satellite,0,70,43.0101,100.2391,109.9642,36.8708,146.835,6867.3542,485.1118,-1679.7442227775991,-6139.070159861848,2559.967788372633,-4423.686352209791,4576.103379397555,2559.967788372633,22.0346,134.0298,7
803,STARLINK-31061,satellite,0,70,42.9893,100.3608,81.6423,35.0987,116.741,6860.4015,485.7377,-3850.79871247507,-3840.041093076666,4174.818047252214,-1338.8347645295405,5270.871635109721,4174.818047252214,37.6855,104.2521,4
804,STARLINK-31054,satellite,0,74,43.008,358.6072,101.0459,37.5094,138.5553,6863.6999,483.5848,-5058.040016988401,3443.0376337553216,3095.954038333876,5541.391905664169,2594.4657848488,3095.954038333876,26.983,25.0889,7
805,STARLINK-31134,satellite,0,74,43.0203,358.9399,44.3866,333.6374,18.024,6866.8437,481.7403,6549.92208881369,1430.6707863216877,1447.9249801022365,-2110.27206703293,-6363.572115680341,1447.9249801022365,12.2609,-108.3464,11
806,STARLINK-31133,satellite,0,74,43.026,358.5654,131.579,28.2336,159.8126,6866.5497,482.7861,-6392.989140434468,1891.200387344838,1615.2333910894372,4887.498852200714,4534.236873448827,1615.2333910894372,13.7012,42.8527,4
807,STARLINK-31068,satellite,0,74,43.0207,358.5355,144.4822,36.4871,180.9693,6867.6282,483.0793,-6860.1596181763025,90.49224263117182,-79.19097037031074,3576.923656399608,5854.536359877024,-79.19097037031074,-0.6655,58.5765,2
808,STARLINK-31129,satellite,0,74,43.023,358.5127,164.5083,30.6345,195.1428,6866.8049,484.3189,-6655.29878138676,-1138.0827489768417,-1222.9892263953018,2415.6868857229865,6304.97351962661,-1222.9892263953018,-10.3297,69.0362,2
809,STARLINK-30774,satellite,0,74,43.0113,358.4756,159.3495,57.1162,216.4657,6864.3764,488.4514,-5596.750964037448,-2834.7621587082504,-2782.461862054636,416.38419439596686,6259.881951966474,-2782.461862054636,-24.0505,86.1945,2
810,STARLINK-31086,satellite,0,74,43.0219,358.1093,34.6271,323.2048,357.832,6867.5494,482.9921,6846.209775307219,-415.86822976967517,-177.0916962343758,-3849.6770780238917,-5676.576527008275,-177.0916962343758,-1.4883,-124.1439,2
811,STARLINK-31065,satellite,0,74,42.9886,358.2495,99.9269,194.2689,294.1959,6860.1188,493.7079,2671.8688316674356,-4663.347373460008,-4268.796397875787,-5373.9396136775495,80.40402812950805,-4268.796397875787,-38.6329,179.1428,8
812,STARLINK-31092,satellite,0,74,42.998,358.4242,78.7438,158.9303,237.6741,6861.1481,492.4299,-3785.3779695879157,-4139.273497593724,-3955.272953203677,-1629.5847635433129,5367.226933803973,-3955.272953203677,-35.3578,106.8892,6
813,STARLINK-31091,satellite,0,52,42.9832,2.1107,80.5454,32.4245,112.9698,6859.9953,485.0642,-2843.274335492871,4515.359621291301,4302.8987082080475,5334.076493973277,142.51109746999262,4302.8987082080475,39.0573,1.5304,18
814,STARLINK-31084,satellite,0,52,42.9988,2.0492,94.3765,39.8808,134.2573,6862.9752,483.9097,-4910.698541785682,3418.354805935511,3349.2294524003837,5445.008356680651,2480.3212983878348,3349.2294524003837,29.3911,24.4903,7
815,STARLINK-31064,satellite,0,52,43.0027,2.3094,87.2966,321.9618,49.2584,6862.409,484.47,4318.397162922533,3976.5955969704496,3543.289807413385,1217.7877523685727,-5742.722315136198,3543.289807413385,31.2729,-78.0274,79
816,STARLINK-31081,satellite,0,52,43.0226,1.9643,150.92,32.7984,183.7185,6867.5638,483.365,-6831.84022203366,-559.8315469650521,-303.6117334268451,3003.1100500701677,6161.881385383994,-303.6117334268451,-2.552,64.0168,4
817,STARLINK-31022,satellite,0,52,43.0253,2.3919,42.4457,324.3223,6.768,6867.45,482.991,6782.571618840915,874.9386322232382,551.7031082728282,-2706.9441624883557,-6280.226801321203,551.7031082728282,4.641,-113.3173,4
818,STARLINK-31025,satellite,0,74,43.014,358.0727,9.4349,320.08,329.5149,6865.2923,486.9975,5824.933340265518,-2743.060380797314,-2374.982542878126,-5330.47499139569,-3611.130714518907,-2374.982542878126,-20.364,-145.8843,4
819,STARLINK-31018,satellite,0,74,42.9881,358.8033,106.6508,328.1066,74.7574,6859.302,486.7561,1903.0434109032628,4799.734254042185,4510.035936559518,3157.7751171289115,-4085.0311434369387,4510.035936559518,41.3141,-52.2956,22
820,STARLINK-31008,satellite,0,74,42.9952,358.8477,98.6025,322.0467,60.6492,6860.7998,486.0285,3448.0171355257435,4302.766911840412,4075.557674931866,1942.28587819343,-5160.440953240159,4075.557674931866,36.641,-69.3747,67
821,STARLINK-31077,satellite,0,74,42.9862,358.731,87.0643,9.0112,96.0755,6858.7554,487.6926,-615.0086368912331,5001.9457935739165,4648.30091357095,4616.060890824495,-2022.2955267475572,4648.30091357095,42.8652,-23.6582,9
822,STARLINK-31078,satellite,0,74,42.9935,358.6643,75.7315,41.3493,117.0808,6860.6691,486.4126,-3016.518622880211,4536.883140025397,4163.036230421296,5440.954565515523,280.547044941854,4163.036230421296,37.5566,2.9517,16
823,STARLINK-31070,satellite,0,74,43.0093,358.8982,77.3107,322.2052,39.5159,6863.9242,483.6772,5350.791181513733,3088.4931871404415,2976.4516799123444,-72.68611299050794,-6177.740134074626,2976.4516799123444,25.8635,-90.6741,65
824,STARLINK-31090,satellite,0,61,43.0211,350.7821,129.7012,32.6047,162.3059,6866.8068,482.3478,-6206.49388749955,2551.4111030355234,1422.4327751382514,5360.248397804994,4037.078412180176,1422.4327751382514,12.0407,36.9853,4
825,STARLINK-31113,satellite,0,27,42.9861,16.3851,98.6839,342.1761,80.86,6858.7811,486.5138,-351.93312359181994,5056.949899332685,4614.493578809807,4529.187989405421,-2276.6324614367672,4614.493578809807,42.4897,-26.6868,9
826,STARLINK-31128,satellite,0,27,43.0205,16.5816,24.4078,324.4364,348.8443,6867.2278,484.0268,6729.169990487442,990.9672839302581,-905.7654389756558,-2579.905368031319,-6293.475447691844,-905.7654389756558,-7.6322,-112.2904,4
827,STARLINK-31083,satellite,0,27,42.9862,16.3131,79.7123,22.3053,102.0176,6859.0353,486.8438,-2747.658407025595,4306.5745685837155,4571.75393665921,5105.722482068895,166.76082443633135,4571.75393665921,42.0044,1.8707,19
828,STARLINK-30828,satellite,0,27,42.9923,16.707,100.8827,191.4188,292.3015,6859.894,494.07,3829.9783509782314,-3700.026471624985,-4330.249774358146,-5136.05391375609,-1407.0821776564155,-4330.249774358146,-39.291,-164.6791,5
829,STARLINK-31131,satellite,0,64,42.988,5.892,99.0123,333.99,73.0024,6859.3698,486.2721,1501.1565816390478,4975.954726862498,4470.060795139638,3514.335354139467,-3829.235373417113,4470.060795139638,40.8739,-47.4554,10
830,STARLINK-31124,satellite,0,27,42.994,16.4555,96.6238,322.9679,59.5918,6860.879,485.587,2103.067265962441,5130.933191848575,4032.31392777232,3340.628320209774,-4426.010593140121,4032.31392777232,36.1938,-52.9555,14
831,STARLINK-31126,satellite,0,27,43.0095,16.1856,111.5079,33.0895,144.5973,6864.5577,482.6767,-6177.733251243338,1231.7562376280719,2709.8277258630096,4210.491782405101,4685.442402031249,2709.8277258630096,23.4064,48.0561,5
832,STARLINK-31066,satellite,0,32,43.0214,162.4517,147.8177,32.3592,180.1769,6867.552,482.5871,6546.085643944867,-2053.7984944992004,-14.453118991500292,-5105.444155726873,-4582.986524813551,-14.453118991500292,-0.1215,-138.0867,4
833,STARLINK-31058,satellite,0,27,43.0041,16.491,81.6551,323.7755,45.4306,6863.0115,484.1805,3600.1720749671445,4791.570085341198,3331.892819924099,2285.116657469723,-5540.633963172832,3331.892819924099,29.2231,-67.5873,56
834,STARLINK-31125,satellite,0,27,42.9878,16.7531,94.08,183.9912,278.0712,6858.8085,495.1878,2355.6310683426773,-4482.1827273667805,-4633.510927661197,-5056.812795536725,260.00785092458847,-4633.510927661197,-42.639,177.0566,9
835,STARLINK-31110,satellite,0,27,43.0142,16.5347,58.5047,325.6829,24.1876,6866.0406,482.234,5413.052763266013,3750.3922135356597,1917.0529890822352,464.88214547635823,-6568.901473158813,1917.0529890822352,16.327,-85.9519,30
836,STARLINK-31112,satellite,0,27,43.0194,16.5962,17.4687,324.3084,341.7772,6866.6786,485.1384,6694.729152869922,358.1545530460885,-1464.0552732773876,-3106.645588478847,-5941.079556927258,-1464.0552732773876,-12.3933,-117.6055,4
837,STARLINK-31147,satellite,0,27,42.9833,16.8255,79.7645,177.1904,256.955,6859.0614,495.2183,-67.02222493177169,-5130.761666974938,-4558.934190942381,-4378.984348230974,2674.6407870744806,-4558.934190942381,-41.7976,148.5838,16
838,STARLINK-31144,satellite,0,27,43.0001,16.2208,95.0512,35.2133,130.2645,6862.4881,484.5111,-5324.200131606894,2436.3371904466367,3568.384847559854,4811.246732687681,3336.877406222528,3568.384847559854,31.5191,34.7435,5
839,STARLINK-31095,satellite,0,27,43.0234,16.9915,153.4025,32.6141,186.0167,6867.651,484.0332,-6372.703803365244,-2497.1342158397642,-490.7533429045658,1102.5731572749132,6755.099221343855,-490.7533429045658,-4.1267,80.7299,4
840,STARLINK-31107,satellite,0,27,43.0149,17.0402,116.4314,34.3705,150.8018,6865.4922,482.7195,-6441.077321302824,584.5096510369403,2282.454458568429,3788.090641878713,5242.089075937933,2282.454458568429,19.5509,54.147,5
841,STARLINK-31121,satellite,0,27,42.9868,16.289,71.0488,38.0854,109.1343,6859.6164,487.0358,-3486.1840675625963,3917.8065516741704,4416.5404188323455,5148.0196682407195,1000.2904701510718,4416.5404188323455,40.279,10.9959,17
842,STARLINK-31137,satellite,0,27,42.9836,16.7762,89.0471,181.9127,270.9598,6858.6635,495.6797,1559.1778676373879,-4773.681840877629,-4679.041519166832,-4901.304328244952,1093.750347557616,-4679.041519166832,-43.1542,167.4203,12
843,STARLINK-31106,satellite,0,27,43.0033,16.647,66.7921,246.719,313.5111,6862.7687,490.5395,5570.210117772608,-2133.931165757121,-3394.954468149434,-4676.615095765589,-3702.725242626475,-3394.954468149434,-29.8001,-141.6295,4
844,STARLINK-31115,satellite,0,5,42.9884,151.5298,82.9845,25.9898,108.9743,6859.6006,485.5403,-301.15049351730914,-5230.776161497436,4419.961325315411,-4345.5914595655495,2927.0370236788144,4419.961325315411,40.3271,146.0372,7
845,STARLINK-31180,satellite,0,5,42.9882,151.1068,107.2031,185.7293,292.9324,6859.9889,493.6721,-107.30933517840118,5340.304965373014,-4309.900737677276,4648.140191403953,-2631.5708574270466,-4309.900737677276,-39.0743,-29.5166,4
846,STARLINK-31164,satellite,0,5,42.9864,150.8198,100.5024,326.8405,67.343,6859.8894,486.0107,-4562.156315654976,-2753.0752545306404,4313.624403008132,-41.05823896553141,5328.321295360537,4313.624403008132,39.1666,90.4415,4
847,STARLINK-31152,satellite,0,5,42.9991,150.8756,82.7969,323.2382,46.0351,6862.944,484.4231,-5915.5415215782405,-836.4210317076893,3366.0896579845125,2297.8379610100374,5514.813899012404,3366.0896579845125,29.551,67.3801,5
848,STARLINK-31157,satellite,0,5,43.015,150.9175,59.463,325.3903,24.8534,6866.0075,482.5008,-6463.513720006589,1183.0613239107868,1966.592666453576,4314.3723398045195,4956.090699167706,1966.592666453576,16.7603,48.9598,5
849,STARLINK-31076,satellite,0,5,43.02,150.9536,39.6138,323.8499,3.4637,6867.6462,482.4004,-6133.809174364054,3059.8839981562664,282.78593592608206,5760.532399635391,3715.208142545495,282.78593592608206,2.3771,32.8197,4
850,STARLINK-31101,satellite,0,5,42.9969,151.0558,82.4884,224.678,307.1664,6862.0319,491.4121,-1692.4976224204977,5507.091342959179,-3729.757877518082,5600.1396215404475,-1353.1590744800824,-3729.757877518082,-33.0814,-13.584,4
851,STARLINK-31108,satellite,0,5,43.0168,150.9805,14.4782,328.0225,342.5008,6866.9279,484.7335,-4990.934020696854,4493.9634048349235,-1407.642220392156,6411.106410354209,2000.7108931727037,-1407.642220392156,-11.9095,17.3316,4
852,STARLINK-31042,satellite,0,5,42.9972,151.0479,85.194,222.8127,308.0067,6864.4952,494.093,-1784.0101656330705,5508.886669034823,-3689.4332019835547,5648.360669231596,-1275.3612639677112,-3689.4332019835547,-32.6652,-12.7236,4
853,STARLINK-31159,satellite,0,5,42.9824,150.7884,97.3164,337.1103,74.4267,6859.2801,486.1692,-3963.9387013896085,-3318.2538373562143,4502.023159949025,-832.3169539343714,5102.04537863953,4502.023159949025,41.2292,99.2653,4
854,STARLINK-31148,satellite,0,5,43.0105,150.9175,63.7439,328.2438,31.9877,6865.0478,482.7254,-6374.629243210461,505.72973612350563,2478.1672126386165,3686.4364870238633,5225.11689644669,2478.1672126386165,21.304,54.7962,5
855,STARLINK-31151,satellite,0,5,43.022,150.9827,22.5358,327.0074,349.5432,6867.2502,484.0162,-5459.168963929709,4069.4117321650656,-849.6986797202942,6284.760393776192,2620.004659430622,-849.6986797202942,-7.1573,22.6304,4
856,STARLINK-31156,satellite,0,5,42.9868,150.8236,100.3887,329.3723,69.761,6862.2566,488.2753,-4365.83713988819,-2953.041406249397,4387.048633291672,-313.19138836075115,5261.4540417366725,4387.048633291672,39.9477,93.4065,4
857,STARLINK-31167,satellite,0,64,42.988,5.6972,94.5949,183.2909,277.8857,6858.7676,495.2028,1430.7129926234452,-4855.145774186147,-4635.632183331388,-4905.849962220725,1245.7994638135178,-4635.632183331388,-42.6629,165.7514,13
858,STARLINK-31176,satellite,0,5,42.9845,151.2091,89.7908,172.4585,262.2493,6861.3542,497.5204,3208.3744407743425,3915.596020488575,-4638.389645799298,1731.4969540357217,-4756.834771783129,-4638.389645799298,-42.6764,-69.9984,13
859,STARLINK-31181,satellite,0,74,43.0058,358.9471,143.8436,79.1522,222.9958,6863.3885,489.5925,-5081.7283813169215,-3329.778231147402,-3192.266963325404,-272.09059569260955,6069.378313949515,-3192.266963325404,-27.8664,92.5669,2
860,STARLINK-31183,satellite,0,5,42.9904,151.2486,78.5284,171.4473,249.9757,6862.0974,496.4324,4330.772626197522,3005.9344723483036,-4398.584624103837,376.5717710282265,-5258.272272632744,-4398.584624103837,-40.0163,-85.9037,10
861,STARLINK-31165,satellite,0,5,42.9991,151.3044,112.4177,116.8987,229.3164,6862.4003,490.673,5752.067027327252,1190.6622877569462,-3549.3374062086245,-1909.7594671805475,-5554.887086869205,-3549.3374062086245,-31.3006,-108.9729,4
862,STARLINK-31160,satellite,0,5,42.987,151.1278,89.811,175.915,265.726,6861.173,497.9578,2866.5954655493356,4139.033338331674,-4668.56705834722,2098.0116885156076,-4576.823515690871,-4668.56705834722,-43.0167,-65.3733,13
863,STARLINK-31179,satellite,0,5,42.9979,151.0689,96.2533,207.5681,303.8214,6863.9116,494.9169,-1326.590521628718,5500.116848854868,-3890.1335487610004,5407.506291574962,-1664.3327400822109,-3890.1335487610004,-34.678,-17.1074,4
864,STARLINK-31189,satellite,0,57,43.0161,96.2637,120.336,36.7201,157.056,6866.2419,482.3987,-1254.2061462020984,-6491.970596687679,1824.1152076644394,-4944.279503436737,4390.081488688322,1824.1152076644394,15.515,138.3978,5
865,STARLINK-31185,satellite,0,57,43.015,97.0486,165.1982,40.5431,205.7413,6865.9148,486.4079,2921.364586144075,-5867.496561872949,-2033.2765762775568,-6536.933243239812,479.9903355212986,-2033.2765762775568,-17.3358,175.8005,5
866,STARLINK-31166,satellite,0,57,42.9905,96.5214,96.3676,328.5943,64.962,6860.2462,485.6464,-4843.5284105585215,2366.637169633735,4235.385469656605,4506.123959567509,2958.9839164130594,4235.385469656605,38.3295,33.2912,8
867,STARLINK-31187,satellite,0,57,43.0102,97.0354,161.2238,51.462,212.6858,6865.028,487.7326,3397.1723117687116,-5400.7433374744605,-2528.114047276553,-6378.150581835695,-167.34236926651042,-2528.114047276553,-21.7379,-178.4971,7
868,STARLINK-31162,satellite,0,57,42.9857,96.5109,100.0258,331.8784,71.9043,6859.5433,486.0989,-4977.425379947277,1575.0327980087318,4442.824241905688,3893.529329246276,3477.919074683244,4442.824241905688,40.5745,41.773,5
869,STARLINK-31184,satellite,0,57,42.9854,96.4061,79.2368,21.1461,100.383,6858.9131,486.8707,-4764.120467235814,-1778.1772143393548,4597.529501459177,900.5035400218654,5004.782853065551,4597.529501459177,42.2949,79.8,4
870,STARLINK-31192,satellite,0,57,42.999,96.995,116.4449,110.5152,226.9601,6862.8155,490.5365,4211.8824223888,-4202.630431142382,-3421.024842321578,-5763.157018373059,-1479.215083200917,-3421.024842321578,-30.0521,-165.6048,4
871,STARLINK-31161,satellite,0,57,42.9845,96.4532,93.8677,352.4252,86.2929,6858.6437,486.929,-5022.4110626726,-122.02550647582652,4664.062261075187,2456.768181592568,4382.213277397751,4664.062261075187,43.0512,60.724,4
872,STARLINK-31195,satellite,0,57,43.0216,97.0795,149.5447,34.8657,184.4104,6867.6278,483.4179,1225.9735619571666,-6741.47700297803,-360.0014868576079,-6423.928313488906,2384.0445422548564,-360.0014868576079,-3.0263,159.6391,4
873,STARLINK-31193,satellite,0,57,43.0102,96.5947,73.2404,323.3975,36.638,6864.4373,483.4037,-3604.802334603089,5122.896978376375,2791.64244799732,6245.06762352784,487.6512075059449,2791.64244799732,24.1538,4.4649,7
874,STARLINK-31168,satellite,0,57,43.0223,96.629,49.2064,326.2039,15.4103,6866.9707,482.344,-2087.172772312002,6415.095083610261,1243.6950395917931,6582.457008967978,-1476.819162365336,1243.6950395917931,10.5096,-12.6453,5
875,STARLINK-31191,satellite,0,57,42.9945,96.339,84.6674,36.9645,121.6319,6861.132,485.2904,-3846.621072206479,-4045.238360335746,3980.826826617539,-1517.463838481212,5371.94104248889,3980.826826617539,35.6632,105.7739,4
876,STARLINK-31170,satellite,0,57,43.0182,96.6783,16.4095,323.6112,340.0207,6866.6224,485.6542,952.7101435447017,6605.215883495904,-1599.7114220219507,5195.467041621767,-4188.5147373050395,-1599.7114220219507,-13.5612,-38.8753,12
877,STARLINK-31141,satellite,0,57,42.9842,96.8173,100.8506,182.7887,283.6393,6858.8052,493.8551,4652.100857490902,2185.9432498007136,-4546.935002468662,-492.6313196047773,-5116.4152160044,-4546.935002468662,-41.6734,-95.4997,4
878,STARLINK-31188,satellite,0,57,43.0054,96.7178,25.6586,293.2022,318.8608,6863.7168,489.1774,2674.552600492774,5519.375471440754,-3079.5994740461965,3383.2514144269153,-5115.696147575889,-3079.5994740461965,-26.8055,-56.5215,16
879,STARLINK-31138,satellite,0,57,42.9951,96.7487,96.1614,208.5639,304.7253,6861.5409,491.9653,3637.8257432720216,4367.427223064989,-3846.760068188978,1901.0891197418991,-5356.683381158604,-3846.760068188978,-34.2548,-70.4602,13
880,STARLINK-31163,satellite,0,57,43.0177,96.2454,128.8992,35.2364,164.1356,6866.9355,482.4324,-645.0666022593296,-6708.532755408186,1279.3124015768094,-5441.250368965291,3976.596166820315,1279.3124015768094,10.814,143.8398,5
881,STARLINK-31174,satellite,0,57,43.0187,96.2337,136.1301,35.0781,171.2082,6867.3878,482.4413,-25.929789018581676,-6822.895447942616,715.3707465326883,-5855.414658570214,3502.384020023458,715.3707465326883,6.0227,149.1145,5
882,STARLINK-31169,satellite,0,57,43.0093,96.6988,15.5746,310.3585,325.933,6864.7589,488.0296,2128.828842779971,5974.334677996659,-2622.332083352826,4052.931138322729,-4878.353848848951,-2622.332083352826,-22.59,-50.2802,13
883,STARLINK-31238,satellite,0,7,43.0077,180.0685,14.1114,312.9747,327.0861,6864.9501,487.4841,-5764.384935093635,2720.0085220243122,-2543.5576223514463,5279.763909315544,3570.808466119176,-2543.5576223514463,-21.8782,34.0713,2
884,STARLINK-31158,satellite,0,7,42.9907,180.1632,101.0701,190.893,291.9632,6859.7973,493.7828,-2580.208994486013,4648.6166584758475,-4340.320141777071,5314.517201219561,-151.73071748028372,-4340.320141777071,-39.4018,-1.6354,4
885,STARLINK-31237,satellite,0,7,43.0234,180.0492,26.117,329.1526,355.2696,6867.6306,483.1903,-6838.241115308811,407.78893779010593,-386.063952860859,3838.663273054574,5673.843286960419,-386.063952860859,-3.2457,55.9195,4
886,STARLINK-31244,satellite,0,7,42.9845,180.2649,82.8448,180.829,263.6738,6858.5992,494.663,733.1433454657512,4993.381677582737,-4650.677659709514,3921.057197909335,-3177.525797494506,-4650.677659709514,-42.8382,-39.0204,5
887,STARLINK-31226,satellite,0,7,43.0214,180.4538,145.1041,33.5067,178.6108,6867.6648,482.2431,6859.105896838491,-67.26582004661495,113.47286011992932,-3556.408237678438,-5865.476863952671,113.47286011992932,0.9537,-121.2296,4
888,STARLINK-31197,satellite,0,7,42.9879,180.5858,79.126,35.9494,115.0755,6860.1934,486.0226,2951.93275738745,-4512.519743025905,4234.114505068246,-5387.056033990564,-237.42098049983892,4234.114505068246,38.3134,-177.4765,4
889,STARLINK-31213,satellite,0,7,42.9877,180.2857,84.5771,171.8792,256.4563,6859.1385,493.9495,1582.7964236831394,4888.3969749006765,-4549.122218536962,3397.382337430353,-3854.7973690401022,-4549.122218536962,-41.6972,-48.609,8
890,STARLINK-31199,satellite,0,7,42.9801,180.2173,93.2944,184.5001,277.7945,6858.7156,496.1917,-949.8384126666148,4972.072837353463,-4636.62822141262,4761.149004922002,-1719.0583070551684,-4636.62822141262,-42.6666,-19.8526,3
891,STARLINK-31200,satellite,0,7,42.9822,180.2377,87.8245,182.9606,270.7851,6858.5357,495.6245,-114.87986081775689,5020.417043634553,-4679.097863404637,4376.853440782345,-2461.89736430046,-4679.097863404637,-43.1553,-29.3569,4
892,STARLINK-31149,satellite,0,7,42.9958,179.9116,95.8106,323.2561,59.0668,6860.9696,485.2948,-3530.930061825577,-4295.888859703247,4010.471217923164,-1894.0792921307925,5228.249404107206,4010.471217923164,35.9693,109.9143,4
893,STARLINK-31242,satellite,0,7,42.9964,180.3515,87.9016,147.4157,235.3173,6861.4897,491.8544,3880.003690255659,4151.702568384301,-3848.7757623927127,1592.0107734574356,-5454.957795429933,-3848.7757623927127,-34.2759,-73.7303,12
894,STARLINK-31223,satellite,0,7,42.9996,180.3758,110.4506,117.7708,228.2215,6862.5427,490.7628,4548.074711470363,3773.134766037291,-3490.564606560413,925.6339462129818,-5836.499922163427,-3490.564606560413,-30.726,-80.9883,11
895,STARLINK-31219,satellite,0,7,43.0199,180.0205,34.414,327.9708,2.3848,6867.6564,482.414,-6854.517071040244,-211.15652536769957,194.76031412199833,3314.5856686574243,6003.541721393989,194.76031412199833,1.6369,61.0967,4
896,STARLINK-31198,satellite,0,7,43.0004,180.0914,57.5834,255.5581,313.1415,6862.7396,490.3466,-4698.89277072943,3654.977697968431,-3415.354090857162,5540.503512738258,2177.447144891222,-3415.354090857162,-29.9981,21.4551,4
897,STARLINK-31196,satellite,0,7,42.9823,180.652,84.4778,9.3007,93.7786,6858.6411,487.2884,508.69528452593164,-4998.873067289427,4663.736407662477,-4559.191811734687,2112.172544841425,4663.736407662477,43.0447,155.1428,6
898,STARLINK-31203,satellite,0,92,42.991,176.6742,102.5171,193.8107,296.3278,6860.2982,493.3581,-2777.8307800007105,4668.62780722673,-4194.639010860305,5432.528391824823,8.04467197715255,-4194.639010860305,-37.8458,0.0848,4
899,STARLINK-31201,satellite,0,7,42.9984,179.9446,79.5996,325.353,44.9525,6863.1123,484.0383,-4856.209645068231,-3538.6184645271805,3304.013460315539,-566.7501966085233,5981.921678607187,3304.013460315539,28.9564,95.4123,4
900,STARLINK-31214,satellite,0,7,43.0219,180.0448,14.3774,319.8787,334.2561,6865.8631,485.8233,-6182.6768548816035,2174.218768005843,-2033.5549230042702,5023.662356564938,4208.982878353147,-2033.5549230042702,-17.3398,39.9573,4
901,STARLINK-31215,satellite,0,7,43.0066,180.0886,25.3384,294.8337,320.1721,6863.8424,488.8765,-5275.493013665025,3206.227282625644,-2998.151519107705,5448.615928218242,2902.292954173988,-2998.151519107705,-26.0446,28.0427,2
902,STARLINK-31177,satellite,0,7,43.0203,180.0339,23.7113,324.435,348.1463,6867.2929,483.8139,-6715.8165310717495,1026.4958232899792,-961.6103145955901,4308.3935798493885,5252.963936232661,-961.6103145955901,-8.106,50.642,4
903,STARLINK-30945,satellite,0,7,43.0194,180.4619,131.8128,32.7976,164.6104,6866.9266,482.264,6624.247407468227,-1277.5987689517312,1241.9858995033946,-4477.671410493729,-5046.124361272085,1241.9858995033946,10.4951,-131.5842,4
904,STARLINK-31212,satellite,0,7,43.0148,179.9882,58.4395,325.0582,23.4977,6866.3289,482.3482,-6290.541175389595,-1998.276740891265,1865.594332586122,1489.752260575861,6429.981058647688,1865.594332586122,15.877,76.9554,4
905,STARLINK-30996,satellite,0,72,42.9893,318.4728,99.5245,329.3496,68.8741,6859.7718,486.1668,4951.031728018837,1863.7982171951783,4360.412169562322,-922.1933656813591,-5209.224353256674,4360.412169562322,39.6723,-100.0391,116
906,STARLINK-31006,satellite,0,60,43.0203,268.0025,140.8521,33.9148,174.7669,6867.4794,482.5624,695.3421265383414,6811.923033610041,426.9179382748649,5504.536913409786,-4072.5752856976073,426.9179382748649,3.59,-36.4962,7
907,STARLINK-31178,satellite,0,72,43.0218,318.5975,45.9484,326.2993,12.2477,6867.1779,482.2827,5732.0518861269165,-3635.510067931808,992.8907923039604,-6050.730980993237,-3076.0375282062646,992.8907923039604,8.3734,-153.0524,9
908,STARLINK-30863,satellite,0,72,42.9879,318.8754,79.5015,172.5304,252.0319,6859.4826,494.505,-4736.032428275841,-2204.9852111521514,-4451.66813357936,519.0626529153087,5198.320585095592,-4451.66813357936,-40.6117,84.2978,4
909,STARLINK-31206,satellite,0,30,43.0185,253.4163,33.9538,328.3788,2.3325,6867.5776,482.5331,-1760.857680918784,-6628.09615073453,190.49659791296884,-4802.9441486205515,4895.304470721323,190.49659791296884,1.6011,134.4544,5
910,STARLINK-31224,satellite,0,72,43.0212,318.204,134.1906,33.684,167.8746,6867.2665,482.4121,-4298.129232017276,5255.531581871367,983.1347321127851,6712.789638607236,1016.3574031688343,983.1347321127851,8.2904,8.6095,5
911,STARLINK-31186,satellite,0,72,43.0196,318.6251,24.9477,326.0868,351.0346,6867.3625,483.6285,4569.239706764286,-5066.590569019568,-729.5217546268324,-6688.556451262983,-1345.921279353939,-729.5217546268324,-6.1412,-168.6225,4
912,STARLINK-31211,satellite,0,72,43.0147,318.1581,159.5412,36.8101,196.3513,6866.8643,484.855,-5847.768920035414,3340.1360630361887,-1317.9057193873025,5855.690737784292,3326.228531708895,-1317.9057193873025,-11.1402,29.598,4
913,STARLINK-30862,satellite,0,8,42.9882,307.5524,101.3586,192.8303,294.1889,6860.1466,493.533,-1916.76162710752,-5020.808818060747,-4268.888142190071,-3340.932930953623,4209.591841679911,-4268.888142190071,-38.635,128.4372,14
914,STARLINK-31210,satellite,0,3,42.9969,315.073,88.7513,323.2224,51.9737,6862.0243,484.485,5780.108626381616,-186.00912455730497,3683.257618242963,-3108.1915026966167,-4876.822808935577,3683.257618242963,32.6553,-122.511,65
915,STARLINK-31231,satellite,0,3,42.9854,315.0115,99.9573,333.241,73.1984,6859.4027,486.4242,4795.533274987205,1994.459510945495,4474.580476586221,-730.4930333622727,-5142.119024343917,4474.580476586221,40.9228,-98.0854,113
916,STARLINK-31207,satellite,0,3,42.9838,314.9373,82.4503,11.9287,94.3791,6858.7878,487.2924,3170.022101263352,3902.5500577994153,4660.391990279353,1739.8375737760732,-4717.19220437384,4660.391990279353,43.0064,-69.7546,64
917,STARLINK-31217,satellite,0,47,43.0135,220.5532,158.8239,37.7246,196.5485,6867.8094,485.6074,4069.2244841391544,5363.126750599758,-1333.4690534848799,2537.490486669313,-6235.612117136458,-1333.4690534848799,-11.2722,-67.8569,6
918,STARLINK-31208,satellite,0,72,42.9998,318.9166,104.7761,126.0428,230.8188,6862.2186,491.0848,-5825.180290763775,-83.30279324092268,-3628.250641599893,2899.5349616574854,5052.9557470247455,-3628.250641599893,-32.0749,60.1515,4
919,STARLINK-31235,satellite,0,3,42.9851,314.8897,78.4517,30.306,108.7577,6859.5203,486.2834,1808.440351124925,4913.135791428418,4425.866724737188,3303.569397697702,-4061.5008362903277,4425.866724737188,40.3867,-50.8756,13
920,STARLINK-31220,satellite,0,72,42.9846,318.3705,81.1252,16.1075,97.2326,6858.7568,486.9586,2659.837689974466,4291.937028296376,4636.757128952687,2334.988870050214,-4476.9729693858835,4636.757128952687,42.7393,-62.4555,38
921,STARLINK-31225,satellite,0,3,43.018,314.6886,152.9911,33.6151,186.6062,6867.4629,483.4303,-5203.596093827892,4439.804243562712,-538.5310507791901,6472.992241306382,2211.2542759361136,-538.5310507791901,-4.5297,18.8608,4
922,STARLINK-31240,satellite,0,3,43.0149,315.2065,15.6002,318.6059,334.2061,6865.8769,486.4681,2846.5451012607778,-5902.881096279998,-2037.155873313205,-6529.206502478581,562.3937218025328,-2037.155873313205,-17.3697,175.077,5
923,STARLINK-31202,satellite,0,3,43.0089,314.3868,19.134,301.2694,320.4034,6862.7489,487.6775,1412.9967746294162,-6015.599116653804,-2983.2402021849916,-5894.965145669434,1852.9378156704868,-2983.2402021849916,-25.9105,162.5507,14
924,STARLINK-31234,satellite,0,3,43.0221,315.1524,43.1451,326.409,9.554,6867.3398,482.3994,5383.425591709767,-4180.713713797791,776.8797922066854,-6341.861994244967,-2498.084206780032,776.8797922066854,6.5427,-158.5003,9
925,STARLINK-31153,satellite,0,3,43.0002,314.824,91.6549,38.2761,129.931,6862.2934,484.7346,-375.0733369330856,5832.52620351502,3586.008312484407,5208.094513622776,-2652.3185065032803,3586.008312484407,31.6913,-26.9883,4
926,STARLINK-31241,satellite,0,3,43.0239,315.1806,20.9321,327.6737,348.6059,6867.0567,484.2053,4072.905287055678,-5444.474044377609,-924.9486254510433,-6760.428920848005,-726.2615943235976,-924.9486254510433,-7.7946,-173.8683,5
927,STARLINK-31205,satellite,0,3,43.0133,315.1177,67.8208,323.0521,30.8729,6865.0998,482.561,5986.568237747877,-2330.4649149950324,2400.6291070330503,-5058.028795133086,-3960.6073641348335,2400.6291070330503,20.6076,-141.9379,9
928,STARLINK-31265,satellite,0,29,43.0144,242.1269,167.01,33.0936,200.1036,6866.456,485.1799,1488.1645684630587,6502.716693675294,-1609.0223754627182,4834.189991161051,-4596.799463799841,-1609.0223754627182,-13.6426,-43.5581,12
929,STARLINK-31276,satellite,0,29,43.0193,241.709,51.2084,325.6057,16.8141,6866.8188,482.3849,-1834.6879566115374,-6469.661376832273,1353.766762112574,-4629.010362591131,4877.997672409717,1353.766762112574,11.4515,133.4998,6
930,STARLINK-31259,satellite,0,29,43.025,241.7426,24.2445,331.2959,355.5404,6867.5561,482.9519,-3581.9378533870063,-5840.456248407263,-364.00893995583067,-3196.605380896847,6059.944060295234,-364.00893995583067,-3.0602,117.8115,4
931,STARLINK-31281,satellite,0,29,43.015,241.7711,11.1267,323.2719,334.3986,6865.9089,486.3325,-4837.6318221150705,-4427.222732680281,-2022.9544809106853,-1340.5494231962946,6419.182970991676,-2022.9544809106853,-17.2453,101.7958,4
932,STARLINK-31274,satellite,0,29,43.0163,242.1671,137.4884,34.2698,171.7582,6867.3891,482.535,3805.9049890434444,5668.417338944227,670.9201672749563,2934.391452485774,-6164.836957912817,670.9201672749563,5.6471,-64.5461,10
933,STARLINK-31257,satellite,0,29,42.98,241.9644,87.3872,176.3139,263.7011,6858.7284,495.6705,-4051.6349190816627,3010.7253693577563,-4651.213584907609,4656.216937246306,1949.3220874234455,-4651.213584907609,-42.8365,22.7166,4
934,STARLINK-31292,satellite,0,29,43.0008,241.8137,75.7823,237.3798,313.1621,6862.8133,490.7836,-5444.969875101786,-2408.9346719406662,-3414.451963911507,705.2377976488399,5912.131835743454,-3414.451963911507,-29.9873,83.1975,4
935,STARLINK-31286,satellite,0,29,42.9887,241.873,106.4174,185.4888,291.9062,6859.881,493.8465,-5315.069464793351,-62.34197610275883,-4341.938827495637,2657.377449380413,4603.498129584449,-4341.938827495637,-39.4189,60.0042,4
936,STARLINK-31252,satellite,0,12,43.0109,158.8869,22.2694,303.2546,325.5241,6864.7908,488.0866,-4254.583272675191,4687.961633828647,-2650.0223944256313,6202.389412991944,1268.39610295142,-2650.0223944256313,-22.8415,11.5577,4
937,STARLINK-31261,satellite,0,29,42.9999,242.2265,98.945,37.5025,136.4474,6863.3202,483.859,5373.201673895904,2787.027116025017,3222.2909403632525,-343.41960118641674,-6043.250727161453,3222.2909403632525,28.177,-93.2524,87
938,STARLINK-31290,satellite,0,10,43.0161,227.8504,53.3349,326.9868,20.3216,6866.4857,482.1186,-3025.1282248997886,-5937.536462095235,1625.0621564498297,-3564.1137757834927,5630.526885564625,1625.0621564498297,13.7875,122.3337,5
939,STARLINK-31279,satellite,0,29,42.9937,242.4723,93.5319,324.9133,58.4453,6861.062,485.4693,2131.3275573477126,-5156.896867690717,3984.165974199447,-5522.752855434958,797.0842856894809,3984.165974199447,35.6965,171.7874,4
940,STARLINK-31266,satellite,0,29,42.9781,241.9387,89.822,180.9128,270.7348,6858.618,495.4952,-4472.296851490183,2284.3505190929777,-4678.705728600337,4245.995896412069,2681.6441355223164,-4678.705728600337,-43.1518,32.2753,4
941,STARLINK-31313,satellite,0,29,42.9813,241.986,84.6228,171.9991,256.6219,6859.1286,494.8539,-3566.7147729364633,3696.397413189598,-4552.322596000835,4998.652400471163,1182.4898676021899,-4552.322596000835,-41.7263,13.3093,4
942,STARLINK-31307,satellite,0,29,42.9826,241.9203,95.3325,182.5235,277.856,6858.789,495.1455,-4830.0573692703265,1513.5287521713028,-4635.457337705964,3765.4608695981597,3382.5327660817834,-4635.457337705964,-42.6614,41.9335,4
943,STARLINK-31316,satellite,0,68,42.9818,195.2931,77.4225,181.5594,258.9819,6858.9247,495.1909,-34.65129572190001,5100.20222880727,-4593.200137945784,4404.558492577119,-2571.6002746330205,-4593.200137945784,-42.1829,-30.2785,4
944,STARLINK-31310,satellite,0,29,43.0171,242.5495,56.7261,326.3575,23.0836,6866.2009,482.482,-1163.8720274908287,-6505.875821322322,1834.6648808830394,-5002.315684278389,4319.474052898621,1834.6648808830394,15.6068,139.1896,5
945,STARLINK-31343,satellite,0,29,42.9824,242.3535,83.6346,10.3121,93.9467,6858.6271,486.9174,4650.793292662494,-1903.5348743094555,4662.572716513424,-4009.485158529177,-3029.414470210542,4662.572716513424,43.0342,-142.9267,19
946,STARLINK-31295,satellite,0,29,43.006,242.0963,164.918,49.2969,214.2149,6864.7381,487.9718,161.98470837277767,6336.061180649879,-2632.144663522404,5367.273314572797,-3371.095889671443,-2632.144663522404,-22.6794,-32.1323,10
947,STARLINK-31291,satellite,0,29,42.9948,242.064,100.7736,127.5729,228.3465,6862.5468,490.9592,-1176.744914810405,5787.3414022369725,-3497.132545211021,5578.1292778400575,-1939.7223668045674,-3497.132545211021,-30.789,-19.1745,4
948,STARLINK-31312,satellite,0,23,43.0244,347.7177,142.895,30.5746,173.4696,6867.4229,482.2958,-6538.448442843058,2007.250741201575,532.3533259393289,5061.5111797571235,4600.1595792933895,532.3533259393289,4.4783,42.2662,4
949,STARLINK-31308,satellite,0,61,43.0035,351.6209,77.0606,324.446,41.5066,6863.6179,483.609,5564.811008437429,2539.579174218002,3099.4870583882653,-653.9914053986249,-6081.848336107447,3099.4870583882653,27.0162,-96.1375,76
950,STARLINK-31270,satellite,0,11,43.0068,38.4788,56.9695,257.3039,314.2734,6862.974,490.3472,5986.8138995658965,167.92717653881215,-3351.962085657601,-2909.1889192735666,-5235.146610805815,-3351.962085657601,-29.387,-119.0611,4
951,STARLINK-31341,satellite,0,31,42.9919,42.161,76.9592,162.2316,239.1907,6860.9736,493.1182,288.3867305447349,-5556.082556300905,-4019.9352352327332,-4926.099170000686,2585.878428330309,-4019.9352352327332,-36.0196,152.3035,18
952,STARLINK-31338,satellite,0,31,42.983,42.0945,84.2158,176.2152,260.431,6858.8756,495.7836,2472.6778069324396,-4439.288380787205,-4614.786028191172,-5079.618452310643,137.4526959856825,-4614.786028191172,-42.4222,178.45,9
953,STARLINK-31334,satellite,0,31,42.9937,41.9546,97.6832,205.0808,302.7639,6861.2959,492.6702,5584.740758888959,-656.2257083187781,-3935.8806516038185,-3412.994073280009,-4468.940923754714,-3935.8806516038185,-35.1577,-127.3695,4
954,STARLINK-31297,satellite,0,11,42.9895,38.539,101.5289,191.5744,293.1033,6860.0025,494.2116,4983.994975739669,-1934.1550757458583,-4304.898214221061,-4205.775390069309,-3300.396210081311,-4304.898214221061,-39.0168,-141.8777,4
955,STARLINK-31182,satellite,0,11,43.009,38.0444,101.4405,36.9118,138.3523,6863.6322,483.8439,-6089.227775360877,-533.5531963514741,3108.521112155269,2646.9367598791123,5509.727733995929,3108.521112155269,27.1002,64.3398,5
956,STARLINK-31327,satellite,0,11,42.9846,38.5852,96.6049,182.3505,278.9555,6858.8493,495.7857,3928.8162998327875,-3210.8781093641032,-4622.973999313478,-4765.731400970461,-1741.591216339104,-4622.973999313478,-42.5149,-159.9256,4
957,STARLINK-31256,satellite,0,11,42.9929,38.099,79.7955,37.1872,116.9827,6860.5596,486.2642,-5205.713828999991,1597.4719339289497,4166.529477847539,4029.2707417424485,3662.8336488121745,4166.529477847539,37.5944,42.2726,5
958,STARLINK-31272,satellite,0,11,42.9836,38.1655,86.7435,9.1329,95.8764,6858.6949,486.6889,-3634.3073845672593,3488.3281902563326,4649.078270449341,4854.160123960156,1346.7565553626462,4649.078270449341,42.8818,15.5063,16
959,STARLINK-31278,satellite,0,11,42.9895,38.2378,102.3979,332.2151,74.613,6859.2958,486.7282,-1563.7264243744803,4923.4834289851115,4507.028212918463,5032.4745919136785,-1166.2456377287092,4507.028212918463,41.2808,-13.0476,15
960,STARLINK-31309,satellite,0,11,42.9953,38.3037,90.4949,322.8041,53.2991,6861.8534,484.9231,723.4320050938865,5695.259387374946,3748.9028616254955,4529.723145527939,-3527.1718954914963,3748.9028616254955,33.3086,-37.9069,4
961,STARLINK-31325,satellite,0,11,43.0052,38.3397,75.6619,323.4449,39.1068,6864.0574,483.4166,2211.512763381223,5781.9862249974085,2950.298298588791,3845.3109814361305,-4851.36443330168,2950.298298588791,25.621,-51.5988,6
962,STARLINK-31342,satellite,0,11,43.0186,38.3769,52.6183,325.2452,17.8635,6866.7865,482.1162,4163.008097491713,5259.173300224658,1435.4888243858124,2400.240843083559,-6263.256670197304,1435.4888243858124,12.1533,-69.0319,9
963,STARLINK-31298,satellite,0,11,43.0219,38.4031,30.0553,326.5129,356.5682,6867.6386,483.1254,5553.7481789474,4019.1774651690803,-280.21988189490185,624.3119034223622,-6827.015525024802,-280.21988189490185,-2.3553,-84.775,5
964,STARLINK-31322,satellite,0,11,43.0072,38.7674,156.4639,58.9104,215.3744,6864.5662,488.142,-2543.891796612741,-5769.264061978181,-2709.988732453703,-3664.835155942048,5130.767639396449,-2709.988732453703,-23.388,125.5377,10
965,STARLINK-31329,satellite,0,11,42.9842,38.652,81.4999,176.2589,257.7588,6859.0391,495.5178,1928.4109543218165,-4741.346598627459,-4573.537009524689,-5061.822259634864,759.6655770334401,-4573.537009524689,-41.9592,171.4649,9
966,STARLINK-31340,satellite,0,74,42.9815,358.8825,79.0314,179.2872,258.3185,6858.769,494.717,-1485.2446000537354,-4888.979952545583,-4582.224330269733,-3447.640987325179,3771.1865667050806,-4582.224330269733,-42.0629,132.4337,15
967,STARLINK-31344,satellite,0,11,42.9958,38.7191,82.1322,154.4158,236.548,6861.3536,492.6676,-332.0648406894259,-5634.732386252126,-3905.393882661551,-4677.281928314151,3159.6692684783534,-3905.393882661551,-34.8464,145.9596,16
968,STARLINK-31348,satellite,0,61,43.0086,351.6365,69.8666,324.5,34.3666,6864.5017,482.9888,6012.389602215752,1977.338618157237,2640.584403917425,-1365.8881855302566,-6180.052281681517,2640.584403917425,22.7736,-102.4629,40
969,STARLINK-31289,satellite,0,11,43.0172,38.4324,19.7906,315.7208,335.5114,6866.0461,486.2957,6185.098608341864,2252.805507327698,-1940.6918345727431,-1217.0401159268026,-6469.110511112277,-1940.6918345727431,-16.5239,-100.6546,4
970,STARLINK-31283,satellite,0,61,42.984,351.5263,102.9414,333.9346,76.876,6859.3013,487.0524,2259.3934563968846,4601.576141836005,4552.11734356237,2805.571911553497,-4290.469441567607,4552.11734356237,41.7822,-56.819,29
971,STARLINK-31439,satellite,0,91,43.0022,20.6175,90.6952,41.4012,132.0964,6862.6791,485.2475,-5613.375723470473,1864.2743843016256,3470.610232915927,4466.689721125721,3877.394605659925,3470.610232915927,30.5591,40.9602,5
972,STARLINK-31410,satellite,0,37,43.0078,24.0508,104.5716,37.5124,142.084,6864.1531,483.2465,-6196.2581444217285,609.1927534263024,2874.38945363028,3684.449267287258,5018.920640927301,2874.38945363028,24.9175,53.7172,5
973,STARLINK-31395,satellite,0,37,43.0227,24.3852,55.5112,326.0707,21.5819,6866.3701,482.453,5047.780586579757,4313.43110750488,1721.4413910051428,1135.484459780658,-6541.899709643895,1721.4413910051428,14.6219,-80.1532,21
974,STARLINK-31486,satellite,0,91,42.9915,20.6724,84.6553,26.2357,110.8909,6859.8512,487.1032,-3941.6671541082396,3520.734658759142,4368.042671731006,5038.805887483568,1594.5995482955998,4368.042671731006,39.7488,17.5607,14
975,STARLINK-31411,satellite,0,37,43.0085,23.6241,39.316,279.3225,318.6385,6863.747,489.7682,6048.815072601126,-974.2609653457932,-3093.686785512699,-3923.2540772059006,-4705.892652495419,-3093.686785512699,-26.9353,-129.8176,2
976,STARLINK-31382,satellite,0,37,43.0235,23.5726,19.0648,327.9323,346.997,6867.1316,484.1465,6579.308451884724,1639.2136551638378,-1053.4069776612373,-1945.8849393969376,-6495.217695731647,-1053.4069776612373,-8.8853,-106.6775,4
977,STARLINK-31394,satellite,0,79,42.9873,13.4568,78.7629,175.4354,254.1983,6859.288,495.0297,-693.5011730730694,-5133.584181598284,-4503.223062763294,-4061.8707348212934,3214.939588889996,-4503.223062763294,-41.1777,141.6387,13
978,STARLINK-31403,satellite,0,52,43.0151,2.5393,61.8761,325.9722,27.8483,6865.5381,482.5902,5954.499894774746,2608.943962154942,2185.635665363686,-793.0924393700076,-6452.415204956305,2185.635665363686,18.691,-97.0073,28
979,STARLINK-31514,satellite,0,37,43.0179,24.0107,127.1541,36.0358,163.1898,6866.8486,482.2222,-6588.397786778267,-1346.9966868289766,1353.39256930862,2201.8683316602624,6353.987828221318,1353.39256930862,11.4486,70.8871,5
980,STARLINK-31478,satellite,0,37,43.0047,23.9099,166.3372,53.4256,219.7628,6863.9202,488.821,-3521.7202564745276,-5072.753522182945,-2993.9414135246343,-2566.9886507725696,5616.57467932968,-2993.9414135246343,-26.0055,114.5622,6
981,STARLINK-31498,satellite,0,37,42.9884,24.2405,100.867,337.3258,78.1928,6859.017,486.7308,-736.221129762918,5051.638093402814,4575.40305928898,4720.628740511334,-1943.3819163731496,4575.40305928898,42.0463,-22.3759,11
982,STARLINK-31563,satellite,0,37,42.9852,23.7256,98.1736,185.1585,283.3321,6859.1551,495.0805,3414.8007907282094,-3835.97908857055,-4553.667880295877,-5041.226953811913,-980.6277624403768,-4553.667880295877,-41.7396,-168.9922,8
983,STARLINK-31551,satellite,0,91,43.0171,20.1469,20.7406,323.609,344.3496,6866.9552,484.5298,6669.4057343221275,1005.1853967523676,-1262.869727051041,-2537.1925002817807,-6249.3219430084555,-1262.869727051041,-10.67,-112.0969,4
984,STARLINK-31536,satellite,0,37,43.0184,23.9496,164.0765,34.4934,198.5699,6866.9344,485.3823,-5296.511102521521,-4100.966587848222,-1490.980833668175,-825.8680854235688,6647.473107825262,-1490.980833668175,-12.6245,97.082,2
985,STARLINK-31548,satellite,0,37,43.0069,24.3411,80.5349,322.2464,42.7813,6863.4138,483.8274,3181.7711938118623,5177.586023035747,3176.837747639323,2830.5533594213234,-5377.641921434965,3176.837747639323,27.7457,-62.2397,30
986,STARLINK-31542,satellite,0,37,43.0236,23.554,33.2673,327.8705,1.1378,6867.5807,482.6416,6248.121677900835,2832.4131917944615,92.95124510773722,-750.6422770442093,-6818.95337737541,92.95124510773722,0.7811,-96.2819,5
987,STARLINK-31554,satellite,0,37,42.9901,24.101,85.1505,35.6174,120.7679,6860.9504,484.8539,-4960.862015881868,2501.138377941806,4016.6890187088056,4681.660820447462,2991.3035767905717,4016.6890187088056,36.0363,32.5762,8
988,STARLINK-31558,satellite,0,37,43.0185,23.5808,16.4862,323.5061,339.9924,6866.491,484.9409,6596.045837110614,1006.1873015621293,-1601.7312099244482,-2498.9128300068537,-6186.733244541604,-1601.7312099244482,-13.5801,-111.9945,4
989,STARLINK-31275,satellite,0,37,42.9853,24.167,80.2904,19.2105,99.5008,6858.8445,486.7395,-3057.227045888699,4049.2419198545576,4609.82918176739,5042.278903724076,564.2878633108261,4609.82918176739,42.4351,6.3855,19
990,STARLINK-31590,satellite,0,37,42.9978,24.3034,93.353,323.6024,56.9554,6861.2673,484.7383,1677.2471775856352,5369.3100333468865,3919.214577164072,3762.859071185377,-4181.332316297814,3919.214577164072,35.0339,-48.0154,6
991,STARLINK-31567,satellite,0,37,42.9809,23.7987,84.0139,178.1469,262.1608,6858.7786,495.3587,1150.745484449249,-4929.222544246087,-4635.640418319532,-4826.766290687853,1524.394055276925,-4635.640418319532,-42.6618,162.4728,15
992,STARLINK-31503,satellite,0,37,42.9877,23.866,77.1268,163.8152,240.9419,6860.7473,493.6295,-1272.9915001400564,-5362.699146530645,-4091.1455438365797,-3963.367126801323,3830.2441846206048,-4091.1455438365797,-36.7562,135.9786,17
993,STARLINK-31305,satellite,0,18,42.9826,74.7126,86.5753,5.7669,92.3422,6858.6536,486.8072,-4907.218664290645,1050.8809026121053,4669.671517440108,3406.8761114246854,3684.8800322454344,4669.671517440108,43.1164,47.2449,5
994,STARLINK-31459,satellite,0,18,43.0232,74.9408,41.9095,325.4664,7.3759,6867.4482,482.4647,1145.9342072051443,6737.308167355259,600.92225178668,5210.529086837415,-4422.089232973031,600.92225178668,5.0564,-40.3207,6
995,STARLINK-31438,satellite,0,26,42.9871,63.9289,86.8481,181.4575,268.3056,6858.6569,495.6854,4418.915652466199,-2387.9799762915995,-4677.967707085271,-4307.904090041808,-2582.871708347411,-4677.967707085271,-43.1419,-149.0545,4
996,STARLINK-31467,satellite,0,18,43.0193,74.92,57.3827,324.1176,21.5002,6866.3976,482.2345,-114.33100823727492,6640.160431484054,1715.0724443327333,5769.778406921513,-3288.534517123593,1715.0724443327333,14.5671,-29.6813,4
997,STARLINK-31444,satellite,0,64,43.0164,5.3869,8.6087,321.4423,330.051,6863.835,485.4987,6153.839923972818,-1935.2378331020413,-2336.754510653677,-4803.396924241598,-4306.073532667274,-2336.754510653677,-20.0269,-138.1249,4
998,STARLINK-31505,satellite,0,18,43.0226,74.9806,21.0059,325.164,346.1699,6867.0797,484.4998,2884.973372732273,6124.729181238466,-1119.1798102144292,3796.6128624862745,-5605.453565706526,-1119.1798102144292,-9.4444,-55.8899,7
999,STARLINK-31494,satellite,0,18,42.9844,74.6836,79.6276,26.8948,106.5224,6859.3712,486.3036,-5152.047471144222,-610.3457066819449,4480.931681024944,2102.8670420800777,4742.790869300695,4480.931681024944,40.9941,66.0884,4
1000,STARLINK-31303,satellite,0,26,43.0261,64.0812,142.8561,33.5827,176.4387,6867.5749,482.5852,-3273.1976951711413,-6022.508121229819,290.7789076703986,-3510.6711149197376,5887.241760351022,290.7789076703986,2.4443,120.8084,5
1001,STARLINK-31408,satellite,0,18,42.9876,75.2411,75.3094,171.8666,247.1761,6859.9915,493.8974,3796.6638711664473,-3753.429155990448,-4313.425568882809,-5164.995302425381,-1351.188552935343,-4313.425568882809,-39.1107,-165.3397,6
1002,STARLINK-31427,satellite,0,18,43.0018,75.2719,126.6277,99.342,225.9697,6862.9762,490.2093,2277.4073190861495,-5530.901201881486,-3365.3941404804395,-5918.95800524328,862.1997066618096,-3365.3941404804395,-29.5168,171.7122,9
1003,STARLINK-31423,satellite,0,18,42.9836,75.19,82.6054,178.8623,261.4677,6858.7657,494.8834,4540.008413377631,-2253.6466203965715,-4627.5198088239285,-4254.123174088141,-2755.546316586023,-4627.5198088239285,-42.5733,-147.0674,4
1004,STARLINK-31433,satellite,0,18,43.003,74.8774,77.9159,324.7516,42.6675,6863.4957,483.4714,-1965.5769946774042,5754.018239694161,3169.628031371978,5951.817799021203,-1244.2201220011452,3169.628031371978,27.679,-11.8076,8
1005,STARLINK-31285,satellite,0,18,42.9961,74.6158,88.905,38.8225,127.7275,6862.0283,484.8502,-4937.48390570098,-2993.0712030729874,3698.3429239631473,-56.048880549181966,5773.567447316275,3698.3429239631473,32.8036,90.5562,4
1006,STARLINK-31284,satellite,0,18,42.9917,74.824,97.1493,326.8347,63.984,6860.3793,485.718,-3562.1896065487895,4081.9877130064224,4201.2139522636035,5328.005660941816,981.9237033046832,4201.2139522636035,37.9653,10.4421,17
1007,STARLINK-31424,satellite,0,1,43.0223,71.4673,45.9424,325.8229,11.7652,6867.2377,482.4529,1165.057645871886,6692.816587107839,954.3775926395784,5162.506044603767,-4415.8447126569035,954.3775926395784,8.0463,-40.5426,5
1008,STARLINK-31405,satellite,0,18,42.9959,75.0534,101.9636,201.7805,303.7441,6861.4059,492.3954,5016.449604016476,2607.0098146891796,-3892.070924106207,-316.2948677600083,-5644.574772305833,-3892.070924106207,-34.7123,-93.2072,5
1009,STARLINK-31426,satellite,0,18,42.9848,75.1114,99.098,183.4147,282.5126,6859.0754,495.0355,5119.272122189853,177.6626416512367,-4568.53516200087,-2458.3173734430525,-4493.905513770483,-4568.53516200087,-41.9066,-118.6801,4
1010,STARLINK-31407,satellite,0,26,43.021,63.7023,34.4367,325.7449,0.1816,6867.6015,482.8204,3025.3771373329723,6157.8899271010605,14.835166715434005,3753.5214867147683,-5743.13430333649,14.835166715434005,0.1247,-56.8327,5
1011,STARLINK-31393,satellite,0,13,42.9943,60.3459,99.0665,201.9082,300.9747,6861.019,492.9694,5488.390362968177,940.194033731668,-4013.1038125460427,-1990.706335119196,-5200.334785828974,-4013.1038125460427,-35.9499,-110.947,4
1012,STARLINK-31425,satellite,0,18,42.9829,74.7519,93.5129,351.7358,85.2487,6858.7275,487.0394,-4672.511026162372,1862.259452106412,4657.735269911958,3985.059876940301,3069.147655908587,4657.735269911958,42.978,37.6022,8
1013,STARLINK-31463,satellite,0,12,43.0132,158.1346,114.9013,35.0283,149.9296,6865.4007,483.0952,4572.746978236396,-4542.68458681829,2344.374553175657,-6239.713252462539,-1616.1611025296693,2344.374553175657,20.1023,-165.4788,9
1014,STARLINK-31487,satellite,0,32,43.0086,162.3499,151.5169,63.9001,215.417,6864.6617,488.6745,6211.999444656876,1075.714686562587,-2713.1058229204673,-2243.223188309796,-5891.862940932437,-2713.1058229204673,-23.4146,-110.8435,4
1015,STARLINK-31386,satellite,0,32,43.0054,162.0567,52.8389,261.5769,314.4158,6863.0675,490.2327,-3465.259881056821,4890.421851169299,-3343.6971289356343,5973.931718467383,486.2013458901922,-3343.6971289356343,-29.3081,4.6529,4
1016,STARLINK-31409,satellite,0,50,42.9896,155.1909,102.4581,192.4998,294.9579,6860.2638,493.6675,-718.9436492464018,5346.867149827029,-4243.025119960756,4965.754310526634,-2108.827260867352,-4243.025119960756,-38.3579,-23.0097,4
1017,STARLINK-31489,satellite,0,32,43.0047,161.9078,75.8399,323.6149,39.4548,6863.9159,483.2961,-6022.6299433451995,-1384.9138999455784,2972.185910224343,1880.679137356575,5886.6887064845205,2972.185910224343,25.8253,72.2824,5
1018,STARLINK-31502,satellite,0,50,42.9831,154.8729,94.6075,341.8139,76.4213,6859.1881,486.2922,-3527.0321852000907,-3729.94394867629,4542.990616589428,-1409.2759910682348,4936.231262481818,4542.990616589428,41.6856,105.9339,3
1019,STARLINK-31447,satellite,0,32,42.988,162.0902,101.8323,198.4182,300.2504,6860.9733,492.9306,-1956.4773520465224,5190.2163554050985,-4042.6751773424107,5462.228294789314,-964.4747278122882,-4042.6751773424107,-36.2562,-10.0136,4
1020,STARLINK-31504,satellite,0,32,42.9861,162.2308,71.1413,186.7358,257.8772,6859.0766,495.0101,2870.76694399248,4234.817882386598,-4575.401300665933,2178.272036318164,-4629.2673588264,-4575.401300665933,-41.9839,-64.801,14
1021,STARLINK-31474,satellite,0,50,42.9832,155.2821,86.4689,180.2148,266.6836,6858.7202,495.4605,2456.7534709590345,4387.425018799002,-4671.699905137746,2520.7068216905936,-4350.996785994583,-4671.699905137746,-43.0719,-59.9146,13
1022,STARLINK-31500,satellite,0,32,42.9828,162.158,94.7977,184.2908,279.0885,6858.9105,495.8589,487.1433329623387,5052.314905015134,-4621.1623843669095,4097.22255844271,-2995.990960079138,-4621.1623843669095,-42.4938,-36.1752,4
1023,STARLINK-31480,satellite,0,32,43.0195,161.9751,23.4677,333.5097,356.9775,6867.5415,482.5489,-6433.036843003828,2371.4457468451346,-246.8040959214003,5321.003450838704,4323.729897881821,-246.8040959214003,-2.0745,39.0965,4
1024,STARLINK-31282,satellite,0,32,42.9923,162.2933,79.7699,156.8673,236.6372,6861.4285,493.0504,4871.471980477223,2846.634233755592,-3909.3584747250334,-36.23731732340872,-5642.096469770538,-3909.3584747250334,-34.8846,-90.368,9
1025,STARLINK-31485,satellite,0,32,43.0187,162.3829,154.8541,39.3786,194.2327,6867.138,484.6653,6712.93948511568,-837.4555640293867,-1151.031207049836,-4144.325163276919,-5346.911004830611,-1151.031207049836,-9.7155,-127.7788,4
1026,STARLINK-31455,satellite,0,12,43.0207,158.9343,152.2092,39.3033,191.5125,6867.3047,484.3879,6634.5932847153235,-1482.516245302524,-934.3980622722387,-4659.205991490568,-4950.503206749185,-934.3980622722387,-7.8745,-133.2637,4
1027,STARLINK-31475,satellite,0,12,43.0167,158.9151,170.6951,35.0255,205.7207,6865.9299,486.3126,6552.069542688623,-192.43540010598642,-2031.7929070885666,-3507.464784315264,-5537.538935504665,-2031.7929070885666,-17.323,-122.3501,4
1028,STARLINK-31445,satellite,0,21,42.9931,169.2173,81.1815,153.7179,234.8994,6861.6649,491.9425,4645.263478164611,3296.3391465401173,-3829.0952723360665,465.9512773650636,-5676.901792149013,-3829.0952723360665,-34.0763,-85.3078,8
1029,STARLINK-31495,satellite,0,50,42.9808,154.7996,76.3149,21.3716,97.6866,6858.868,485.9229,-1286.3705799352972,-4886.796739251965,4630.9332517166695,-3547.2006491294715,3599.013641888867,4630.9332517166695,42.681,134.5846,7
1030,STARLINK-31477,satellite,0,50,43.022,154.6054,158.7461,31.0534,189.7995,6867.3295,483.8895,6474.444996854256,-2128.3972409078383,-796.8186020515456,-5133.068494644987,-4483.315811057509,-796.8186020515456,-6.7099,-138.8654,4
1031,STARLINK-31446,satellite,0,32,42.9916,161.8519,95.4908,325.1729,60.6636,6860.7466,485.3701,-4553.542481716878,-3107.9859510749015,4075.466390958729,-350.72443590028655,5501.937674578084,4075.466390958729,36.6441,93.6474,4
1032,STARLINK-31479,satellite,0,4,43.0029,166.2062,88.0416,320.2045,48.246,6862.6674,484.9312,-5326.96959452668,-2544.5513072539366,3489.146369023784,528.4014703215973,5879.807675632039,3489.146369023784,30.7412,84.8648,4
1033,STARLINK-31349,satellite,0,32,43.0103,162.0036,7.2736,328.3251,335.5986,6866.1351,485.5274,-5302.828573958118,3902.1965563010667,-1933.7404714049997,6061.1891938620565,2570.8197924017195,-1933.7404714049997,-16.4649,22.984,4
1034,STARLINK-31464,satellite,0,32,43.0169,161.9431,50.6839,327.4852,18.1691,6866.7074,482.2818,-6681.191373173615,533.2918180912152,1459.2095555144028,3866.508559966915,5474.74473230626,1459.2095555144028,12.3569,54.7686,5
1035,STARLINK-31402,satellite,0,1,43.0182,70.8447,124.9229,35.7641,160.6871,6866.6401,482.4253,-3690.9687150401573,-5570.784453936975,1547.7155456755272,-2909.0378802196083,6016.17719977383,1547.7155456755272,13.1189,115.8054,5
1036,STARLINK-31578,satellite,0,66,42.9895,118.0011,102.1072,196.9528,299.06,6860.7542,493.0452,2309.610854432512,5003.903739172594,-4090.86080059627,3126.015834649519,-4538.8743022183835,-4090.86080059627,-36.7569,-55.444,15
1037,STARLINK-31565,satellite,0,58,43.0193,126.1174,136.4056,32.8601,169.2656,6867.2811,482.3166,3218.2298204709873,-5995.343939887961,871.7297190473455,-6798.318647537346,289.8546212604032,871.7297190473455,7.3457,177.5586,4
1038,STARLINK-31570,satellite,0,66,42.9982,118.831,66.3088,246.0529,312.3617,6862.7126,490.7112,1019.2198127658096,5840.006551053574,-3458.5787197786312,4503.356565808949,-3855.4202344580362,-3458.5787197786312,-30.4152,-40.5675,11
1039,STARLINK-31611,satellite,0,66,42.9934,118.8518,90.9199,214.3595,305.2794,6861.6425,492.0682,1676.648986517,5449.664615264889,-3820.7884644688047,3832.2803163980034,-4221.803384740591,-3820.7884644688047,-33.9917,-47.7689,12
1040,STARLINK-31632,satellite,0,84,42.9889,129.6938,79.0481,36.2391,115.2872,6860.2473,486.0643,-1618.7319258017658,-5149.617829228828,4226.886040667768,-3603.7394208293977,4018.945013493157,4226.886040667768,38.2361,131.8822,7
1041,STARLINK-31599,satellite,0,66,43.0138,118.2792,167.963,39.1927,207.1558,6865.7318,486.6473,4909.837236640663,-4292.392085274585,-2136.7164428780297,-6196.362837294604,-2033.769675412014,-2136.7164428780297,-18.2468,-161.8291,4
1042,STARLINK-31614,satellite,0,66,42.9888,118.5949,97.2854,335.3466,72.632,6859.4779,486.2861,-5181.620227515122,-493.855561111896,4461.237965270036,2218.148649471655,4708.810684905699,4461.237965270036,40.7763,64.7766,4
1043,STARLINK-31493,satellite,0,66,43.0189,118.3436,131.4826,33.3208,164.8034,6866.9646,482.282,1985.7617517406056,-6450.4035939213045,1226.7710485142622,-6561.101618711434,1582.0561962493632,1226.7710485142622,10.3651,166.4432,4
1044,STARLINK-31634,satellite,0,66,43.016,118.7125,57.6322,325.4872,23.1194,6866.2046,482.5131,-4757.627282905116,4586.570348413675,1837.3170129886794,6371.761025507145,1752.7995771960889,1837.3170129886794,15.6298,15.381,5
1045,STARLINK-31633,satellite,0,66,43.009,118.6846,74.0755,323.0647,37.1402,6864.4859,483.3099,-5280.144555291202,3342.583863697393,2824.306993624284,5568.274141591712,2836.7439952703885,2824.306993624284,24.4549,26.9965,5
1046,STARLINK-31594,satellite,0,84,42.98,129.7593,81.501,12.5353,94.0364,6858.6881,487.2968,-3537.3756402113636,-3570.698835144157,4662.106292944341,-1267.0272388837748,4863.903634652639,4662.106292944341,43.0259,104.6008,2
1047,STARLINK-31572,satellite,0,84,42.9799,129.809,97.7357,342.1087,79.8444,6858.9177,486.5654,-4566.0031052165,-2232.0162104641413,4600.152728557956,409.08720321275365,5065.859096025964,4600.152728557956,42.3269,85.3832,4
1048,STARLINK-31573,satellite,0,66,42.9861,118.0201,103.0779,188.9199,291.9978,6859.8981,494.1337,2901.92391160432,4456.603480883936,-4339.114259610034,2353.14664273531,-4769.190481869147,-4339.114259610034,-39.3864,-63.738,14
1049,STARLINK-31588,satellite,0,66,42.9815,118.1432,81.0521,175.6004,256.6525,6859.1272,495.5028,5055.802538000484,907.3264348316958,-4553.344088929668,-1798.3316356497994,-4811.484582830713,-4553.344088929668,-41.7329,-110.4936,4
1050,STARLINK-31596,satellite,0,66,42.9948,118.2113,93.5831,141.8284,235.4116,6861.5007,491.7434,5483.398969418634,-1479.674054822991,-3852.961228554771,-4069.5840272271557,-3961.7654412742877,-3852.961228554771,-34.3189,-135.7691,4
1051,STARLINK-31612,satellite,0,66,42.9864,118.4715,78.747,29.3434,108.0903,6859.5096,486.3581,-3175.6390520761624,-4143.806198912835,4443.186834915996,-1944.4864799953623,4845.078485673361,4443.186834915996,40.5766,111.8672,5
1052,STARLINK-31550,satellite,0,66,43.0096,118.7962,13.6288,312.946,326.5748,6864.8574,487.6837,-336.5100193559813,6350.99689793799,-2578.6588302019727,5634.3819480612065,-2949.93909328768,-2578.6588302019727,-22.1951,-27.6348,9
1053,STARLINK-31473,satellite,0,66,43.0189,118.3296,137.71,34.0919,171.8019,6867.4286,482.5315,2592.744045348188,-6316.503670654159,667.4150718530834,-6755.525955485371,991.6699908938492,667.4150718530834,5.6175,171.649,4
1054,STARLINK-31562,satellite,0,33,43.0199,133.4597,38.9756,325.6318,4.6074,6867.565,482.4259,-4996.157113805947,4686.522318982629,375.9791075964069,6579.397983213764,1906.9870294888622,375.9791075964069,3.1612,16.1638,5
1055,STARLINK-31600,satellite,0,58,43.0073,126.1478,111.5329,36.5043,148.0372,6865.096,482.8921,1288.3270985250197,-6264.438980276496,2476.3552554011794,-6045.41316827587,2087.094170189318,2476.3552554011794,21.2871,160.9535,4
1056,STARLINK-31628,satellite,0,66,42.9948,118.6304,94.3675,324.1127,58.4802,6861.0927,485.3815,-5469.700749916062,1097.7835141634403,3985.684989885284,3734.1180687867404,4144.76985922762,3985.684989885284,35.7127,47.9836,6
1057,STARLINK-31605,satellite,0,7,43.0195,180.599,41.479,327.4345,8.9135,6867.4405,482.1671,-6768.723456050303,-847.9312481211377,725.1720047469239,2723.1108912064487,6254.540087026276,725.1720047469239,6.1057,66.4726,3
1058,STARLINK-31532,satellite,0,39,42.9859,191.2768,78.9578,170.8655,249.8234,6859.6469,494.4536,1400.1203198686474,5084.862697134242,-4392.687198483193,3659.5458551664556,-3797.8796311561027,-4392.687198483193,-39.9659,-46.0627,7
1059,STARLINK-31593,satellite,0,39,42.9962,190.8952,88.0427,324.4546,52.4973,6861.8592,484.3362,-3346.8671604621336,-4695.456649742287,3709.2536230530977,-2331.6462253813224,5273.732911236021,3709.2536230530977,32.9152,113.8514,5
1060,STARLINK-31555,satellite,0,39,43.0096,191.3779,164.5049,42.8934,207.3983,6865.6601,486.8994,5517.767621911072,3466.0057604023154,-2154.234045424176,166.85940603811386,-6513.916901463267,-2154.234045424176,-18.4009,-88.5326,2
1061,STARLINK-31561,satellite,0,39,42.9898,190.856,100.7469,325.872,66.6189,6860.0101,485.9236,-1805.0155373764858,-5032.997327774337,4290.796831803039,-3408.413871281027,4119.69150223815,4290.796831803039,38.9212,129.6025,7
1062,STARLINK-31413,satellite,0,39,43.022,191.0096,16.1691,332.5972,348.7663,6867.179,483.6681,-6792.728438170964,-325.98627868908346,-911.9949301771154,3184.3002247413724,6008.964866542502,-911.9949301771154,-7.6854,62.0798,2
1063,STARLINK-31422,satellite,0,39,42.9811,191.6518,100.5209,346.6248,87.1457,6858.5636,486.8408,677.2708288290786,-4974.507228586914,4667.669483949951,-4624.217308856874,1954.7460764290524,4667.669483949951,43.0932,157.0853,6
1064,STARLINK-31416,satellite,0,39,42.9981,191.3357,101.6983,126.6038,228.3021,6862.7276,491.0651,3739.9174518257023,4572.479209294634,-3494.9943685692997,2025.3895696746151,-5549.08512792473,-3494.9943685692997,-30.7677,-69.9482,11
1065,STARLINK-31552,satellite,0,39,42.9868,191.5911,84.0142,24.3101,108.3243,6859.4794,486.0149,3067.756382679451,-4230.22694078521,4437.048064828183,-5203.321814950203,-481.0314793013368,4437.048064828183,40.5115,-174.7182,4
1066,STARLINK-31557,satellite,0,38,43.0089,187.134,103.7585,38.1804,141.9388,6864.1416,483.6394,5741.808340841157,-2397.16665523293,2883.942750963991,-4990.559537798529,-3716.0579241451333,2883.942750963991,25.0044,-143.328,9
1067,STARLINK-31559,satellite,0,39,42.9927,191.0915,76.8678,229.419,306.2868,6861.7307,491.2912,-4764.228180683968,3189.36216161127,-3772.285421629813,5173.334228759566,2471.1361988133413,-3772.285421629813,-33.5079,25.5323,2
1068,STARLINK-31501,satellite,0,39,43.0131,191.472,113.4367,37.3961,150.8328,6865.4285,482.8694,6355.427418117466,-1204.1503892164135,2280.222185783014,-4277.381457500464,-4852.364752761326,2280.222185783014,19.5306,-131.3963,4
1069,STARLINK-31549,satellite,0,39,43.0207,190.9782,41.7225,328.348,10.0705,6867.2165,482.5717,-6464.073738140561,-2147.329287932289,818.4478659473622,1450.0581950104508,6655.268859633945,818.4478659473622,6.8942,77.7084,2
1070,STARLINK-31560,satellite,0,39,43.0195,191.4119,153.8395,32.2365,186.0761,6867.5339,483.545,6583.067758907008,1870.5171241701437,-495.5070579108272,-1748.8492090514906,-6616.429692377503,-495.5070579108272,-4.167,-104.8058,3
1071,STARLINK-31571,satellite,0,39,43.0196,191.4304,137.158,34.9656,172.1236,6867.3468,482.5321,6797.192019420425,673.0401275616945,641.4064688656564,-2888.0622674203855,-6189.822186596607,641.4064688656564,5.398,-115.0129,4
1072,STARLINK-31553,satellite,0,97,42.9994,184.3978,95.0623,135.2205,230.2828,6862.2943,491.2803,4076.7913459321794,4186.125884638174,-3600.5459685033416,1521.2462600794856,-5641.780518284934,-3600.5459685033416,-31.8006,-74.9097,12
1073,STARLINK-31547,satellite,0,7,42.992,179.8717,98.1502,201.0357,299.1859,6860.7028,492.6519,-3336.9749560249934,4390.217497226949,-4085.8209691661555,5478.25339506004,630.9922896587582,-4085.8209691661555,-36.7068,6.5704,4
1074,STARLINK-31537,satellite,0,39,42.9974,191.5134,90.6888,38.8861,129.5749,6862.2241,484.5152,5051.956116593552,-2915.7636759995653,3604.2645904402975,-5084.75971306582,-2858.173731362093,3604.2645904402975,31.8724,-150.6594,9
1075,STARLINK-31451,satellite,0,39,43.0143,190.9452,67.3809,323.8632,31.2441,6865.1302,482.9064,-5263.130102198286,-3667.0722579883713,2426.74264674669,-469.6848156711178,6397.448990957385,2426.74264674669,20.8409,94.199,3
1076,STARLINK-31428,satellite,0,39,43.0095,191.0419,13.9702,313.5809,327.5511,6864.9727,487.4515,-6199.724767516601,1533.527239370018,-2511.6794533115503,4481.273850779973,4550.437084628709,-2511.6794533115503,-21.5905,45.4388,2
1077,STARLINK-31419,satellite,0,39,42.9862,191.1302,103.022,189.2018,292.2238,6859.8829,494.0228,-3444.3865297744574,4059.3293611180375,-4332.122916870194,5248.429775951419,892.1537510055301,-4332.122916870194,-39.3116,9.6472,3
1078,STARLINK-31583,satellite,0,7,43.0083,180.2364,106.5147,37.1128,143.6274,6864.4109,483.5864,5534.29988385626,-2951.316664963691,2774.222495962775,-5361.364125356656,-3254.922422529065,2774.222495962775,23.9931,-148.7378,9
1079,STARLINK-31461,satellite,0,7,42.9811,180.4233,98.706,341.2221,79.9281,6858.8455,486.694,-1162.3502659356836,-4946.532347818444,4601.536138096846,-3661.8392982543483,3522.8075965762173,4601.536138096846,42.3416,136.1086,7
1080,STARLINK-31534,satellite,0,23,43.016,347.1787,118.5965,34.0789,152.6754,6865.7201,482.596,-5430.591887274054,3596.7230738799517,2147.794929794099,5863.606309296865,2836.5236057331194,2147.794929794099,18.356,25.8154,4
1081,STARLINK-31544,satellite,0,23,43.0021,347.9066,109.2437,120.5248,229.7685,6862.3632,490.7825,-5137.146267489422,-2818.1318391249642,-3573.519039622721,196.26296848420986,5856.075450630065,-3573.519039622721,-31.5373,88.0805,4
1082,STARLINK-31545,satellite,0,23,42.9745,347.3552,84.5483,4.3603,88.9086,6858.6924,486.1395,1225.0099682238306,4863.911204074241,4671.55278430164,3558.8134476346827,-3534.5619910112246,4671.55278430164,43.1432,-44.8041,9
1083,STARLINK-31507,satellite,0,23,42.9952,347.4571,87.5723,325.9908,53.5631,6861.8151,484.8849,4851.368763823512,3053.911898553896,3761.6916477672307,152.30417548059472,-5730.52878928836,3761.6916477672307,33.4371,-88.4776,106
1084,STARLINK-31543,satellite,0,23,42.9847,347.7706,94.7127,177.5185,272.2312,6858.6291,495.7003,-801.6498389145925,-4960.118661398447,-4676.273131788101,-3857.504001863763,3219.484815151327,-4676.273131788101,-43.1224,140.1515,13
1085,STARLINK-31366,satellite,0,23,43.0227,347.574,23.2134,326.7807,349.9941,6867.2823,483.5603,6411.204128113538,-2305.1220170988126,-813.4011561641922,-5252.819827885522,-4338.77975262936,-813.4011561641922,-6.8505,-140.4436,4
1086,STARLINK-31374,satellite,0,2,42.9853,296.4954,77.4636,25.997,103.4606,6859.1058,486.8638,3653.0863251559176,3604.0959126554258,4545.806061085641,1236.7340744112641,-4980.465427633328,4545.806061085641,41.7128,-76.0546,84
1087,STARLINK-31400,satellite,0,23,42.9998,347.223,92.1885,39.2443,131.4328,6862.5904,484.5849,-3593.7403259117877,4670.330166000054,3506.142291731648,5850.154851183464,708.9722185736454,3506.142291731648,30.9088,6.9099,12
1088,STARLINK-31391,satellite,0,23,42.985,347.2776,82.1271,28.2341,110.3612,6859.6708,485.7687,-1291.2109553796058,5111.277788905423,4381.851443998605,5055.004867747133,-1496.4331437464937,4381.851443998605,39.9085,-16.4903,14
1089,STARLINK-31387,satellite,0,23,42.9889,347.8429,79.7064,171.2179,250.9243,6859.5874,494.2298,-3192.017919302728,-4166.047667619432,-4422.916260104505,-1955.2630485178195,4870.511059132074,-4422.916260104505,-40.2979,111.873,8
1090,STARLINK-31396,satellite,0,65,43.004,337.0909,83.7727,321.8839,45.6566,6862.9555,484.0221,5810.773996316462,1437.7002632057074,3344.7128841967597,-1727.216431856358,-5731.387256207238,3344.7128841967597,29.3471,-106.7708,74
1091,STARLINK-31412,satellite,0,23,43.0234,347.5451,45.0051,326.2136,11.2186,6867.2266,482.1743,6780.929079917509,-498.46580666467236,910.6097840759414,-3887.4254773068947,-5578.2963802284685,910.6097840759414,7.6753,-124.872,4
1092,STARLINK-31483,satellite,0,23,42.9975,347.6594,86.8401,220.7167,307.5567,6861.9404,491.504,3236.3926870580735,-4781.5800066667025,-3710.5403875682528,-5763.576748110767,-344.85946939969443,-3710.5403875682528,-32.8892,-176.5758,9
1093,STARLINK-31568,satellite,0,23,42.9889,347.7012,103.3164,190.0803,293.3966,6859.9659,493.8008,1681.4160700779523,-5082.586325005614,-4295.152791802859,-5229.3539324622625,1146.1680508947745,-4295.152791802859,-38.9148,167.6374,13
1094,STARLINK-31615,satellite,0,95,43.0148,340.6672,11.4777,318.9637,330.4413,6865.4242,487.0976,4813.503007580779,-4312.099186954426,-2309.5568860009257,-6164.177526994075,-1940.8570317834933,-2309.5568860009257,-19.7793,-162.5228,4
1095,STARLINK-31457,satellite,0,95,43.0045,340.6879,39.4068,276.9807,316.3875,6863.3142,489.7568,3544.5285387434838,-4910.540254359645,-3228.8781648729782,-6031.66805773049,-544.1218549251614,-3228.8781648729782,-28.2132,-174.8453,7
1096,STARLINK-31398,satellite,0,23,43.0138,347.5062,67.9316,324.5254,32.457,6864.9604,482.8378,6231.977739944328,1375.531519141434,2510.749911090279,-1995.5290673092595,-6061.9713998696,2510.749911090279,21.5974,-108.2209,38
1097,STARLINK-31399,satellite,0,23,42.9815,347.4108,100.0745,327.8311,67.9056,6859.8514,485.2846,3529.1234934628415,3972.8850719906586,4330.201228359796,1617.1725031866845,-5061.944440854177,4330.201228359796,39.3507,-72.2825,78
1098,STARLINK-31401,satellite,0,95,43.025,340.6466,23.0706,328.6774,351.748,6867.3757,483.5211,6168.117002393204,-2929.56346737862,-671.9488430212666,-5665.937616262077,-3811.188842505441,-671.9488430212666,-5.655,-146.0733,4
1099,STARLINK-31414,satellite,0,23,43.0103,347.6096,10.3923,318.2878,328.6801,6865.1721,487.1752,5166.31689535253,-3805.7046622873395,-2433.359085227954,-5908.563683993711,-2502.617316321309,-2433.359085227954,-20.8866,-157.0445,4
1100,STARLINK-31415,satellite,0,23,43.0256,347.9859,155.7704,31.3559,187.1264,6867.5991,483.4942,-6788.872281465371,808.544218688112,-580.8093622329352,4158.1876030165895,5426.970284214016,-580.8093622329352,-4.886,52.5404,4
1101,STARLINK-31466,satellite,0,23,43.0141,347.9521,169.0407,39.4333,208.474,6865.5952,486.7691,-6398.957030590864,-1080.4610011084014,-2231.974333132147,2334.500138815786,6055.093406061833,-2231.974333132147,-19.0901,68.9162,4
1102,STARLINK-31622,satellite,0,54,43.018,326.1108,123.4537,34.6961,158.1498,6866.4368,481.8778,-4243.7951164919405,5098.8447097562985,1741.491930323857,6550.3034879831075,1049.5420812368425,1741.491930323857,14.7973,9.103,5
1103,STARLINK-31319,satellite,0,45,42.9865,322.3331,107.3669,182.5811,289.948,6859.6553,493.9292,-1030.3633119781623,-5166.558253598954,-4398.788703458728,-3918.4133866516554,3521.5066766671325,-4398.788703458728,-40.0361,138.0537,14
1104,STARLINK-31625,satellite,0,54,43.0106,326.0194,162.638,52.0656,214.7036,6864.7721,488.1373,-6275.528142179124,784.2414337695263,-2665.329442247219,3875.4479073027,4997.818684937077,-2665.329442247219,-22.9807,52.209,4
1105,STARLINK-31631,satellite,0,45,43.0224,322.1771,40.8409,326.7858,7.6267,6867.4717,482.1423,5779.104168811179,-3643.773617967064,621.1960645741497,-6081.838235997551,-3112.294144858697,621.1960645741497,5.2277,-152.8995,8
1106,STARLINK-31620,satellite,0,45,42.9903,322.4776,93.5185,154.0733,247.5918,6859.9225,494.2429,-4902.270957612045,-2087.6664465117565,-4326.886041606598,704.7646268719834,5281.469355628937,-4326.886041606598,-39.2535,82.3993,4
1107,STARLINK-31511,satellite,0,54,43.0282,326.0776,149.8111,29.7047,179.5159,6867.5401,482.7334,-5669.257188954737,3863.8699197856317,39.558144652490014,6215.123245028753,2905.54829260201,39.558144652490014,0.3324,25.0559,4
1108,STARLINK-31364,satellite,0,45,43.0084,322.2448,22.9903,302.1373,325.1276,6864.7672,488.3332,2694.9289377375408,-5716.354170467093,-2676.609352340915,-6291.434143141999,597.664959805093,-2676.609352340915,-23.0828,174.5734,7
1109,STARLINK-31597,satellite,0,54,42.9953,325.9683,79.6079,156.5119,236.1199,6861.3846,492.2111,-5503.2170877018725,-1312.5591431364721,-3885.749093682275,1677.9829853289316,5403.016094696705,-3885.749093682275,-34.649,72.7471,4
1110,STARLINK-31621,satellite,0,54,43.0194,326.06,165.0634,35.4006,200.464,6866.64,485.4718,-6313.275145337071,2134.385776879994,-1636.8590336033628,5056.013299511345,4341.632782772263,-1636.8590336033628,-13.8826,40.6529,4
1111,STARLINK-31462,satellite,0,54,42.9819,325.8174,94.734,183.5636,278.2977,6858.9078,495.6245,-1972.2360281782646,-4667.09620307205,-4630.664934423735,-3008.3955862970947,4076.893169549833,-4630.664934423735,-42.6033,126.4241,13
1112,STARLINK-31592,satellite,0,54,43.0086,326.1547,99.3627,37.557,136.9197,6863.4799,484.6502,-2252.562499950274,5634.783194649225,3195.1701112793385,5995.638658552621,-936.5556806473875,3195.1701112793385,27.9159,-8.8782,8
1113,STARLINK-31267,satellite,0,45,43.0194,321.72,166.0918,32.8061,198.898,6866.5971,484.9722,-6102.958193947969,2746.3820520826666,-1516.2987586982465,5475.141233786783,3848.576563245975,-1516.2987586982465,-12.8432,35.1041,4
1114,STARLINK-31381,satellite,0,45,43.0191,322.5841,164.8732,40.202,205.0753,6865.9734,486.2471,-6228.88228404997,2087.7979861023414,-1984.2506862372393,4972.895952896961,4292.805700353277,-1984.2506862372393,-16.9057,40.8021,4
1115,STARLINK-31546,satellite,0,45,42.9974,322.2743,69.6356,241.5747,311.2103,6862.4479,490.8098,1265.7821976828775,-5753.621655613548,-3521.151776585458,-5594.539887045662,1845.9388343526407,-3521.151776585458,-31.0242,161.7395,17
1116,STARLINK-31575,satellite,0,45,42.9876,322.4018,128.012,140.6909,268.7029,6858.7142,493.8864,-3184.8549161369647,-3881.2874778759533,-4677.628386602058,-1713.983179448369,4719.105315981677,-4677.628386602058,-43.1521,109.9611,8
1117,STARLINK-31610,satellite,0,54,43.0065,325.7065,29.7728,290.9715,320.7443,6864.1202,489.2521,2601.2314211917765,-5618.230806126193,-2962.297886350614,-6159.243100038299,628.2091468065,-2962.297886350614,-25.7091,174.1763,7
1118,STARLINK-31581,satellite,0,72,43.0105,318.77,14.6825,308.055,322.7375,6864.2235,488.3298,2105.172207970739,-5884.939327731173,-2834.4021435745512,-6135.6299964159825,1190.926304760219,-2834.4021435745512,-24.5287,169.0155,9
1119,STARLINK-31566,satellite,0,54,42.9935,325.7596,97.0666,202.4651,299.5317,6860.9558,492.5803,338.9889097866944,-5514.196310512966,-4072.0739923999463,-4915.88127317023,2520.989040025246,-4072.0739923999463,-36.5639,152.8501,18
1120,STARLINK-31515,satellite,0,54,42.9842,325.8999,80.458,176.8429,257.3009,6859.0248,494.8691,-3995.4736802904545,-3210.044752168628,-4565.055804981647,-723.1573621580643,5073.976810192937,-4565.055804981647,-41.8688,98.1113,4
1121,STARLINK-31531,satellite,0,85,42.9811,270.7508,80.3331,20.0814,100.4145,6858.8824,486.7774,4915.8921984637245,1303.7446019848283,4596.6354133215855,-1385.9942383967175,-4893.338948535263,4596.6354133215855,42.2855,-105.8143,108
1122,STARLINK-31753,satellite,0,85,43.0053,271.1906,28.5585,290.1462,318.7047,6863.6379,489.2566,-3204.305134673635,-5224.040818565291,-3089.2092165331123,-2859.0173093631765,5420.718946310893,-3089.2092165331123,-26.8954,117.8082,8
1123,STARLINK-31733,satellite,0,85,42.9919,270.8015,85.0852,36.4409,121.5261,6861.0855,485.2281,4224.155211811924,3644.414860848696,3985.1114847721424,980.1350296480018,-5492.229260974962,3985.1114847721424,35.7077,-79.8816,93
1124,STARLINK-31657,satellite,0,85,43.0115,271.0758,65.0704,324.3638,29.4343,6865.3989,482.7451,2576.220679058579,-5925.855580024163,2299.113534468685,-6411.086292116445,806.6287234838401,2299.113534468685,19.6993,172.8289,4
1125,STARLINK-31754,satellite,0,55,42.9826,278.7149,94.3342,349.212,83.5462,6858.69,487.0151,5042.517176879549,-6.58967553361872,4644.168309800791,-2577.6504609115955,-4333.905975481145,4644.168309800791,42.8233,-120.7427,70
1126,STARLINK-31638,satellite,0,85,43.0064,271.058,72.8512,323.6952,36.5465,6864.3922,483.1147,3087.459242578592,-5453.227436117389,2785.336286273307,-6265.322207519401,125.82400634069765,2785.336286273307,24.0969,178.8495,3
1127,STARLINK-31670,satellite,0,41,42.9868,282.5341,102.9521,187.6189,290.5709,6859.7279,494.0728,-4065.178141412359,-3374.241997798054,-4381.331534305565,-828.8364593205079,5217.682675750039,-4381.331534305565,-39.8448,99.0261,6
1128,STARLINK-31712,satellite,0,41,42.9807,282.5374,99.3274,184.1844,283.5118,6859.1077,494.8625,-4417.765342887877,-2625.231971247566,-4549.7494917876265,-4.743157373749665,5138.91730135247,-4549.7494917876265,-41.6974,90.0529,4
1129,STARLINK-31684,satellite,0,55,42.9904,278.7819,97.237,325.0395,62.2765,6860.5414,485.5572,4874.058565391717,-2474.2566455957644,4138.200612794153,-4614.263885499355,-2930.35179494196,4138.200612794153,37.3003,-147.5818,4
1130,STARLINK-31678,satellite,0,55,43.0153,278.8768,53.8343,325.983,19.8173,6866.5023,482.1013,2675.6372737181446,-6113.225282405363,1586.3637671579074,-6622.95868484972,816.6862510925871,1586.3637671579074,13.4531,172.9703,4
1131,STARLINK-31744,satellite,0,55,43.0051,278.8374,77.982,323.0704,41.0524,6863.7131,483.6923,4048.8735740937664,-4603.948586636777,3071.7906293487504,-6025.202360760969,-1134.3087407183527,3071.7906293487504,26.7554,-169.3382,9
1132,STARLINK-31719,satellite,0,85,42.9891,271.4152,78.6254,169.4104,248.0358,6859.8717,494.0125,-4718.171253968738,2451.3843260617546,-4340.3031374380225,4515.078743180092,2807.9332325967903,-4340.3031374380225,-39.4001,31.8775,4
1133,STARLINK-31728,satellite,0,85,43.0214,271.1148,32.5499,328.5824,1.1322,6867.5085,482.5383,232.55218321064478,-6856.105043004641,92.49412908720471,-6015.820651195821,3296.9923826535596,92.49412908720471,0.7773,151.2749,5
1134,STARLINK-31720,satellite,0,85,43.0154,271.5903,121.2975,34.8051,156.1027,6866.1136,482.3913,1856.766987659047,6324.859741406288,1895.4979154518562,4493.199174422067,-4823.131303820716,1895.4979154518562,16.1381,-47.0282,4
1135,STARLINK-31731,satellite,0,85,42.9971,270.7826,91.5643,37.0671,128.6314,6862.0978,484.6106,3858.6835520995537,4333.775007219014,3652.769227050224,1759.4929633598697,-5529.487234846184,3652.769227050224,32.3518,-72.3488,70
1136,STARLINK-31742,satellite,0,85,42.9809,270.9403,99.8394,339.1879,79.0272,6858.9537,486.6358,4944.172975197305,-1223.8595247552323,4588.100816522383,-3574.5107064691338,-3628.4365440700503,4588.100816522383,42.1902,-134.5711,39
1137,STARLINK-31512,satellite,0,89,43.0227,231.0053,161.1334,31.5733,192.7067,6867.1892,484.1422,3354.433106813607,5896.740380736654,-1029.7900227013054,3361.0584695967555,-5892.966532218672,-1029.7900227013054,-8.6845,-60.3017,4
1138,STARLINK-31458,satellite,0,85,42.9968,271.024,87.136,323.5372,50.6733,6862.2241,484.3545,3956.210536951654,-4275.241126052788,3616.98634617953,-5695.204524609738,-1222.2658963765514,3616.98634617953,31.9989,-167.8873,9
1139,STARLINK-31357,satellite,0,85,43.0136,271.5136,168.7261,36.8896,205.6156,6865.912,486.0458,-2331.986145776235,6128.390547529456,-2023.866735346198,6460.720495821,-1120.0092687201857,-2023.866735346198,-17.254,-9.8349,2
1140,STARLINK-31508,satellite,0,85,43.0211,271.5446,152.7074,31.7123,184.4197,6867.5342,483.1047,-570.8181101780624,6827.873492279912,-360.7396637715397,6164.073243263524,-2991.6368083657203,-360.7396637715397,-3.0327,-25.8889,7
1141,STARLINK-31535,satellite,0,55,43.0199,278.9036,32.5975,326.0196,358.6171,6867.5655,482.8661,941.9895966594084,-6795.084816809657,-112.96715927209485,-6325.189857634811,2655.6534662348936,-112.96715927209485,-0.9493,157.2247,4
1142,STARLINK-31533,satellite,0,85,43.0051,271.6124,106.2638,35.6524,141.9162,6864.0576,483.3259,2940.1967035631237,5482.629018556468,2885.0604405758213,3216.150120523182,-5325.44420804684,2885.0604405758213,25.016,-58.8713,6
1143,STARLINK-31524,satellite,0,63,42.9827,264.1919,97.5418,180.7192,278.261,6858.8012,495.1412,-5043.263562450166,-478.2567600489858,-4630.837858004191,2160.9956971328343,4581.84837001875,-4630.837858004191,-42.609,64.7494,4
1144,STARLINK-31635,satellite,0,40,43.0123,249.0199,113.0439,35.8331,148.877,6865.227,483.0886,4522.49172898049,4553.9966692440275,2418.2593816597678,1610.3327787241778,-6212.780814091956,2418.2593816597678,20.7641,-75.4689,37
1145,STARLINK-31650,satellite,0,40,42.9977,249.4838,78.0879,232.6362,310.7241,6862.4377,491.091,-5132.40069224762,-2860.5336310815164,-3547.308393310784,157.3709971784879,5873.621020254823,-3547.308393310784,-31.2786,88.4653,4
1146,STARLINK-31658,satellite,0,22,43.0169,209.1175,122.6056,34.0493,156.6548,6866.1838,482.4959,6468.704874267747,1328.2424382280371,1854.2868042016662,-2156.949122932141,-6241.469474904731,1854.2868042016662,15.7779,-109.0643,16
1147,STARLINK-31669,satellite,0,40,42.9792,249.1773,87.7481,4.4666,92.2147,6858.6389,486.5857,4778.072557255329,-1533.7732608777,4669.635584127009,-3756.3586336440703,-3327.4926887414117,4669.635584127009,43.1177,-138.4645,28
1148,STARLINK-31671,satellite,0,40,42.9865,249.6633,78.0987,176.08,254.1787,6859.2825,494.6182,-3879.125504761508,3433.416202549501,-4502.451135717717,4931.7999078882385,1585.342603406033,-4502.451135717717,-41.1721,17.8202,4
1149,STARLINK-31674,satellite,0,40,43.0088,249.3511,58.2794,330.2924,28.5718,6865.5169,482.1739,120.46391915315024,-6481.716384095336,2237.2658343404332,-5636.622605691095,3202.44351092721,2237.2658343404332,19.1505,150.397,5
1150,STARLINK-31679,satellite,0,82,42.9886,238.8596,101.5568,328.5296,70.0865,6859.6166,486.174,2827.971283575293,-4436.765434102314,4394.946007803276,-5258.669083434311,-169.43603189326154,4394.946007803276,40.0487,-178.1545,4
1151,STARLINK-31370,satellite,0,40,42.9833,249.6192,88.6241,179.6483,268.2724,6858.6551,495.4726,-4632.591616979363,1941.82335716344,-4677.410028835879,4033.1346539913698,2994.2290999365555,-4677.410028835879,-43.1371,36.5905,4
1152,STARLINK-31404,satellite,0,40,43.0096,249.7743,166.0738,45.689,211.7628,6865.0823,487.0727,-461.4911858050661,6388.139584932699,-2464.1029455426306,5730.07762952291,-2861.3828528879158,-2464.1029455426306,-21.1632,-26.5358,8
1153,STARLINK-31453,satellite,0,89,42.9867,231.6606,99.0403,325.9747,65.0151,6860.1132,485.9706,1769.2243009981685,-5091.202423539067,4237.10943366652,-5281.552375802121,1075.0354628343657,4237.10943366652,38.3457,168.4949,4
1154,STARLINK-31476,satellite,0,40,42.9903,249.5457,106.1878,183.2511,289.4388,6859.6632,494.3796,-5234.114761938675,-485.740592791495,-4413.367081850558,2251.9039742312825,4749.824181532527,-4413.367081850558,-40.1923,64.6342,4
1155,STARLINK-31538,satellite,0,40,42.9816,249.2416,99.2792,331.745,71.0242,6859.5579,486.2492,3644.762537332371,-3765.4260761233345,4419.8182835906255,-5097.835647506316,-1214.413108997484,4419.8182835906255,40.3205,-166.6007,4
1156,STARLINK-31564,satellite,0,40,42.986,249.1027,79.8704,33.6856,113.5561,6860.0243,486.0362,5272.145790743695,919.8551491853442,4284.891044809278,-1897.9030689271883,-5003.960299132679,4284.891044809278,38.8569,-110.7707,98
1157,STARLINK-31452,satellite,0,40,42.9974,249.7278,89.1961,143.7255,232.9216,6861.8927,491.52,-2322.9977491873487,5269.205521515867,-3734.183732150752,5717.117090437948,-689.5052899906775,-3734.183732150752,-33.1251,-6.8769,4
1158,STARLINK-31513,satellite,0,69,42.9883,246.1976,75.5603,168.8858,244.4461,6860.2418,493.2485,-2949.25000667263,4536.694779958771,-4221.943286225499,5406.481571122125,222.78274053549777,-4221.943286225499,-38.1362,2.3596,4
1159,STARLINK-31392,satellite,0,40,43.0135,249.4345,9.8432,322.0061,331.8492,6865.5387,486.5628,-4341.976634756263,-4833.497574727792,-2208.6446723976082,-1942.8158764161378,6200.074706970406,-2208.6446723976082,-18.8837,107.3986,6
1160,STARLINK-31619,satellite,0,40,42.9951,249.3039,86.1879,323.5338,49.7217,6862.3363,484.4537,2012.5611398058725,-5499.043047826662,3567.2958922547223,-5756.468317574299,1073.7547634682555,3567.2958922547223,31.5087,169.434,4
1161,STARLINK-31509,satellite,0,40,43.0184,249.8237,158.2772,32.2367,190.5139,6867.2608,483.742,1467.6392070535148,6648.097664285481,-854.1941320837027,4969.707024741813,-4653.297699931803,-854.1941320837027,-7.1956,-43.1168,11
1162,STARLINK-31734,satellite,0,63,43.0158,264.0073,124.9207,33.6137,158.5344,6866.3995,482.5005,2491.731649924706,6157.0242604759105,1712.3985207299131,4024.9676985726537,-5283.683316094199,1712.3985207299131,14.5433,-52.7008,7
1163,STARLINK-31738,satellite,0,85,42.9861,271.1162,98.8206,325.8839,64.7045,6860.257,485.9448,4590.57116833245,-2840.5651992283115,4226.305253675281,-4784.744898442256,-2499.6740906412047,4226.305253675281,38.2307,-152.4163,4
1164,STARLINK-31721,satellite,0,42,42.9968,274.6899,90.9788,322.2028,53.1817,6861.8259,485.0648,4337.249777017706,-3767.131613035193,3743.3669500912038,-5452.512154184257,-1809.1786607856695,3743.3669500912038,33.2523,-161.6438,9
1165,STARLINK-31737,satellite,0,42,43.015,274.8258,14.3414,321.002,335.3434,6865.988,486.1435,-1561.1904734307836,-6390.834230531398,-1953.047239388417,-4700.707952960305,4602.54523035229,-1953.047239388417,-16.6325,135.6045,7
1166,STARLINK-31539,satellite,0,42,42.9843,274.9976,92.4565,179.2293,271.6858,6858.6793,495.5038,-4982.220916834186,-638.3668042411118,-4677.619891703964,1992.1433940546935,4611.008798345687,-4677.619891703964,-43.1393,66.6337,4
1167,STARLINK-31397,satellite,0,42,43.0204,275.2026,161.9977,31.9745,193.9722,6867.0509,483.9845,-1810.0394579590884,6521.261744242593,-1130.3163845803986,6532.4207195625795,-1769.3436972279537,-1130.3163845803986,-9.54,-15.1553,4
1168,STARLINK-31481,satellite,0,42,42.9999,274.4516,93.5911,37.4461,131.0372,6862.4733,484.6986,3421.8955728856345,4782.081786169389,3527.454443983746,2367.8869737933273,-5382.451746247912,3527.454443983746,31.1166,-66.254,58
1169,STARLINK-31540,satellite,0,42,43.01,274.7386,67.4124,324.5635,31.9758,6865.0322,482.7207,3127.1797157177225,-5578.222592415762,2477.3200309645044,-6393.095245314264,155.41380014065103,2477.3200309645044,21.2964,178.6074,4
1170,STARLINK-31574,satellite,0,42,42.9867,275.0691,76.549,173.9224,250.4714,6859.6297,494.2468,-4916.144208062758,1867.24738840798,-4410.550007671917,4113.617549740692,3276.16198293839,-4410.550007671917,-40.1624,38.5345,4
1171,STARLINK-31556,satellite,0,42,42.9966,275.117,81.4001,154.962,236.362,6861.3752,492.1009,-4501.68135686403,3413.995428065035,-3896.755632513788,5232.63569465088,2130.7330918375574,-3896.755632513788,-34.7617,22.1562,4
1172,STARLINK-31582,satellite,0,42,43.0222,275.2324,140.4564,32.3129,172.7694,6867.4749,482.3077,7.987607645455115,6834.939598473031,589.1223927128744,5874.925880743969,-3493.0944751631428,589.1223927128744,4.957,-30.7347,6
1173,STARLINK-31519,satellite,0,42,42.981,274.5571,84.7942,10.8677,95.6619,6858.6794,487.002,4921.194872624925,1070.7112159910835,4650.825027964103,-1589.1400854296744,-4779.039157747038,4650.825027964103,42.8993,-108.3931,104
1174,STARLINK-31736,satellite,0,60,43.0009,267.9344,72.1079,243.7773,315.8852,6863.2793,490.6398,-3669.6927425640934,-4798.788245545424,-3258.6283182893335,-2255.8656225040518,5604.113109459597,-3258.6283182893335,-28.4924,111.9266,6
1175,STARLINK-31675,satellite,0,42,43.0193,274.7717,43.9411,326.7891,10.7302,6867.2536,482.2171,1491.249705287522,-6639.018509248219,871.3845460777889,-6471.106283401885,2103.61021070378,871.3845460777889,7.3429,161.9918,4
1176,STARLINK-31722,satellite,0,42,42.9899,274.4886,82.5993,34.3245,116.9237,6860.4222,485.7867,4214.7410672548,3444.8388611337946,4168.181279367579,813.2736440069632,-5382.336204952766,4168.181279367579,37.615,-81.4076,96
1177,STARLINK-31741,satellite,0,42,42.9827,274.626,102.0524,332.3261,74.3785,6859.2874,486.6958,4963.173266264181,-1450.5206478911323,4501.334211726269,-3779.162115821944,-3529.1688431207385,4501.334211726269,41.2177,-136.9591,31
1178,STARLINK-31699,satellite,0,42,43.0165,274.7913,27.8585,328.5683,356.4268,6867.6069,483.0051,260.4177783602497,-6849.95060779839,-291.7155049109643,-6024.740083691223,3269.884963194865,-291.7155049109643,-2.452,151.5094,4
1179,STARLINK-31750,satellite,0,42,42.9901,274.9243,103.3306,189.7092,293.0398,6859.9459,493.8102,-4372.359593417322,-3072.8366513865712,-4306.719675272423,-412.90514679578934,5328.166930568399,-4306.719675272423,-39.0391,94.4313,4
1180,STARLINK-31723,satellite,0,42,43.0023,274.8678,49.7017,264.453,314.1547,6862.9568,490.1139,-3182.383982101902,-5069.168446320374,-3358.31503021437,-2736.986584585975,5322.869619153307,-3358.31503021437,-29.4492,117.2119,8
1181,STARLINK-31724,satellite,0,82,42.9925,238.8575,98.3606,204.5041,302.8647,6861.3095,492.2788,-5535.192274460007,-1006.9585401147756,-3931.112991140826,1957.151307463593,5274.644800974315,-3931.112991140826,-35.1113,69.6427,4
1182,STARLINK-31730,satellite,0,42,43.0121,275.2632,115.2797,36.2213,151.5009,6865.6067,482.8747,1829.9572693574055,6221.722763039373,2232.4190595831856,4418.161552217023,-4747.465244349616,2232.4190595831856,19.1053,-47.0576,4
1183,STARLINK-31718,satellite,0,42,43.0102,275.1643,172.959,42.1391,215.0982,6864.6161,487.7448,-3379.005011034281,5332.239776161715,-2691.56863389717,6309.961578443024,186.65683391916713,-2691.56863389717,-23.2213,1.6944,4
1184,STARLINK-31747,satellite,0,43,43.0133,289.7918,13.9166,316.9124,330.829,6865.4447,487.2857,-272.3752640459555,-6466.828774646294,-2281.967677985358,-5423.445937199431,3532.7463610245754,-2281.967677985358,-19.533,146.9204,13
1185,STARLINK-31388,satellite,0,87,43.0161,300.6152,120.8499,34.1495,154.9994,6865.9696,482.4563,-1341.699415306698,6429.036547541808,1977.5192077286888,6214.213044215467,-2125.14105220453,1977.5192077286888,16.8563,-18.8797,4
1186,STARLINK-31332,satellite,0,87,43.0156,300.1526,13.7833,325.0449,338.8282,6866.3986,485.3553,1647.3229561470687,-6443.3932563746885,-1690.751932795684,-6382.447920957386,1869.585011282095,-1690.751932795684,-14.3494,163.6733,6
1187,STARLINK-31689,satellite,0,2,43.0202,297.0924,155.7276,31.9523,187.6799,6867.3941,483.5153,-3693.7054471477295,5748.4770532316015,-625.5978926982581,6828.499472506113,245.0373763384104,-625.5978926982581,-5.2638,2.0551,5
1188,STARLINK-31471,satellite,0,87,42.9944,300.2314,102.9558,200.5833,303.5391,6861.3401,492.1593,-1705.8894977800928,-5383.0576488983925,-3901.0802972531196,-3760.074655597359,4212.980799188896,-3901.0802972531196,-34.8054,131.7488,16
1189,STARLINK-31470,satellite,0,2,43.0041,297.0311,137.3805,85.6481,223.0286,6863.39,489.7929,-5330.916241860076,2912.5529928720616,-3194.2132557561627,5224.284264730084,3099.755931570937,-3194.2132557561627,-27.884,30.6822,4
1190,STARLINK-31587,satellite,0,87,43.0235,300.565,144.3129,31.9729,176.2858,6867.4921,482.3859,-3201.5706587363047,6060.049227602687,303.2288925967221,6845.47704802071,-337.18734980840156,303.2288925967221,2.5491,-2.8199,5
1191,STARLINK-31606,satellite,0,87,42.9927,300.0197,93.8556,322.8172,56.6728,6861.5226,485.908,5513.378501005722,-1165.4232815001633,3906.918526253657,-3814.5759296826436,-4147.838521097525,3906.918526253657,34.9014,-132.6033,39
1192,STARLINK-31666,satellite,0,73,42.9854,293.4379,81.2342,174.4898,255.724,6859.1811,494.6886,-5137.493820837922,-382.54591486475806,-4535.082028734957,2291.38336763611,4614.081316865595,-4535.082028734957,-41.5348,63.5907,4
1193,STARLINK-31683,satellite,0,87,42.9916,300.2483,101.1837,195.2883,296.472,6860.312,493.4265,-2340.9244266408086,-4906.810747847542,-4189.500819554792,-3026.530562385476,4516.285159440489,-4189.500819554792,-37.791,123.8275,12
1194,STARLINK-31751,satellite,0,87,42.9888,300.7074,78.5988,33.8878,112.4866,6859.9311,486.1784,2644.942634479679,4620.651993037167,4319.2480367925655,2625.326884081983,-4631.825248448286,4319.2480367925655,39.2261,-60.4554,35
1195,STARLINK-31510,satellite,0,2,43.0155,297.0644,169.7305,39.1909,208.9214,6865.4627,486.7657,-4893.881301889512,4244.845445792365,-2264.0715393739183,6147.327633210714,2044.2969514265603,-2264.0715393739183,-19.3753,18.3946,4
1196,STARLINK-31663,satellite,0,87,43.0027,300.6385,94.5692,39.2471,133.8163,6862.8687,484.0657,693.8897777188618,5928.705983640423,3374.535298875994,4745.58801876422,-3620.833056112637,3374.535298875994,29.6341,-37.3432,4
1197,STARLINK-31692,satellite,0,87,43.0182,300.4934,167.7296,36.7639,204.4935,6866.073,485.9266,-4961.2681490405275,4325.526321785969,-1940.9863687570237,6251.095707184798,2061.1070003187783,-1940.9863687570237,-16.5274,18.2484,4
1198,STARLINK-31685,satellite,0,87,43.0083,300.0611,71.4423,323.946,35.3883,6864.6076,483.1617,5314.185392089563,-3384.1095178802148,2709.003680175552,-5621.354830897644,-2844.843313022577,2709.003680175552,23.3971,-153.157,9
1199,STARLINK-31686,satellite,0,87,43.0193,300.1001,47.8299,326.3472,14.1771,6867.0419,482.2128,4398.18369301344,-5137.927723834582,1146.2330733512954,-6662.667641888603,-1162.4031084644928,1146.2330733512954,9.6781,-170.1035,6
1200,STARLINK-31668,satellite,0,87,42.9835,299.9502,100.5041,337.3686,77.8726,6859.0174,486.7885,4967.402927150382,1199.989236407727,4569.621467331765,-1501.5118265174963,-4884.723967941759,4569.621467331765,41.9808,-107.0869,107
1201,STARLINK-31690,satellite,0,87,43.0019,300.1923,42.627,274.8784,317.5054,6863.5444,489.8034,-385.7090890898156,-6079.341650941306,-3162.1015912133757,-5032.346077723583,3432.5878523784836,-3162.1015912133757,-27.58,145.7019,16
1202,STARLINK-31701,satellite,0,87,42.9996,300.4518,95.3109,137.2667,232.5776,6861.6002,491.0435,-5549.9433867905245,1574.9572675511756,-3717.1030457527263,4185.482455541545,3970.4028266091664,-3717.1030457527263,-32.9571,43.4894,4
1203,STARLINK-31697,satellite,0,87,43.0052,300.1725,14.773,309.9448,324.7179,6864.5707,488.0048,309.6243973784171,-6300.187455452176,-2703.68850222962,-5576.965491109842,2947.148647805007,-2703.68850222962,-23.331,152.1458,16
1204,STARLINK-31662,satellite,0,87,43.0203,300.5276,166.1178,31.3366,197.4544,6866.7145,484.5567,-4621.156597304094,4874.149864518741,-1404.2062968486027,6549.511331154161,1488.7331935838815,-1404.2062968486027,-11.8803,12.806,4
1205,STARLINK-31702,satellite,0,87,42.9851,300.7165,79.7107,25.7029,105.4137,6859.2498,486.5968,3225.6355193722948,4035.932886311794,4505.9967429871285,1826.1992468780716,-4833.060632492747,4505.9967429871285,41.2703,-69.3006,65
1206,STARLINK-31770,satellite,0,19,42.9976,329.5631,88.9563,36.5,125.4563,6861.7203,485.1747,-1359.9416005670057,5536.874522793871,3808.910964056633,5456.134036418754,-1654.3947578342365,3808.910964056633,33.9107,-16.8682,9
1207,STARLINK-31778,satellite,0,54,42.9898,326.1335,88.7569,27.0816,115.8385,6860.3495,485.5386,34.13411924869736,5412.662785819479,4207.273346563656,4638.233455801836,-2790.1387027480423,4207.273346563656,38.0308,-31.0291,4
1208,STARLINK-31776,satellite,0,16,43.0049,332.998,97.261,37.9485,135.2095,6863.2593,484.0137,-2731.968733138401,5357.253468763071,3295.04369042304,6001.450013150312,-382.6429498604767,3295.04369042304,28.8706,-3.6482,10
1209,STARLINK-31765,satellite,0,54,42.9853,325.7349,98.8905,186.5754,285.4659,6859.3599,494.483,-1211.871732117899,-5029.553354671649,-4510.066282741024,-3707.9900465723417,3607.7485856300623,-4510.066282741024,-41.2577,135.785,15
1210,STARLINK-31767,satellite,0,19,43.0242,329.478,135.5783,32.8571,168.4354,6867.0054,482.0076,-5278.665562337048,4279.175265375609,938.3059877428088,6373.118822667261,2357.754767351723,938.3059877428088,7.9104,20.3021,5
1211,STARLINK-31782,satellite,0,16,42.984,333.1685,104.1982,334.524,78.7223,6858.9592,487.1311,3416.3950618990993,3783.7047080290977,4583.909027286861,1511.9492177589968,-4868.489098216003,4583.909027286861,42.1391,-72.7474,76
1212,STARLINK-31755,satellite,0,16,42.9971,333.2402,95.5965,321.8667,57.4632,6861.2106,485.5887,5196.37697943803,2114.548135640563,3942.055895965638,-831.6541207650581,-5548.152751483054,3942.055895965638,35.2628,-98.525,118
1213,STARLINK-31585,satellite,0,54,42.9815,325.3601,94.3109,353.9245,88.2354,6858.7074,486.5688,3022.7877725635817,4003.9047067013594,4671.09375004575,1902.1149167760111,-4642.247048755956,4671.09375004575,43.1345,-67.7191,60
1214,STARLINK-31667,satellite,0,54,42.9869,325.4247,98.9693,327.9637,66.9329,6860.1014,485.8905,4830.042692256524,2274.733100220336,4300.624851831289,-507.0205564816451,-5314.7580604919085,4300.624851831289,39.0272,-95.4494,118
1215,STARLINK-31729,satellite,0,54,43.011,326.0618,108.8594,35.2117,144.0711,6864.5814,483.349,-2964.3910147970246,5541.654097324969,2745.0430949253173,6278.60936699105,-276.782657946993,2745.0430949253173,23.7263,-2.5242,7
1216,STARLINK-31448,satellite,0,54,42.9995,325.9117,103.8129,125.3067,229.1196,6862.4274,490.9828,-5847.255924565055,-625.490467861412,-3539.0427763765924,2444.437925647756,5348.491693963964,-3539.0427763765924,-31.1982,65.438,4
1217,STARLINK-31748,satellite,0,54,43.0166,325.6084,13.1704,321.8299,335.0003,6866.0382,486.0495,3934.541554858415,-5262.8361455362065,-1978.507816773772,-6533.621330557811,-699.89559975045,-1978.507816773772,-16.8558,-173.8857,5
1218,STARLINK-31746,satellite,0,16,43.0128,333.2625,73.5907,322.6963,36.287,6864.3624,483.3358,6272.10239304277,163.39438898597015,2768.7252580424865,-3058.601776851879,-5478.222460415739,2768.7252580424865,23.9435,-119.1755,31
1219,STARLINK-31762,satellite,0,19,43.021,329.4487,155.6346,33.5597,189.1944,6867.478,483.7278,-6240.566092730459,2752.72282192127,-748.0215632002623,5550.783357719616,3963.704354228031,-748.0215632002623,-6.2974,35.5299,4
1220,STARLINK-31768,satellite,0,19,43.0163,329.4266,166.154,37.2462,203.4001,6866.2107,485.8605,-6436.026437221634,1487.7573100715372,-1859.2915777696824,4562.433184088614,4777.034807808514,-1859.2915777696824,-15.8136,46.3163,4
1221,STARLINK-31769,satellite,0,19,42.9868,329.6266,78.3794,25.9033,104.2827,6859.2494,486.6697,998.1438069913278,5047.975157407462,4529.768091915987,3832.849263386886,-3433.309012220227,4529.768091915987,41.5348,-41.8527,6
1222,STARLINK-31784,satellite,0,16,42.99,333.0556,76.0644,37.8945,113.9589,6860.2515,486.3342,-405.25926504547573,5347.044789367425,4272.189023295386,4805.909490200742,-2378.7301283258207,4272.189023295386,38.7186,-26.3335,6
1223,STARLINK-31777,satellite,0,16,42.9847,333.1203,92.9019,359.999,92.9009,6858.6425,487.0012,1954.9456142261188,4624.134687960583,4667.902612889383,2980.2618347719254,-4040.1080880570667,4667.902612889383,43.0946,-53.585,22
1224,STARLINK-31758,satellite,0,54,43.0078,325.5048,75.8335,322.8793,38.7129,6864.1161,483.2891,6186.204608777526,-445.57609577807295,2925.3911526589663,-3538.588254337513,-5093.727386212746,2925.3911526589663,25.39,-124.7875,29
1225,STARLINK-31774,satellite,0,54,43.0185,325.9778,158.8916,34.7887,193.6802,6867.1284,483.8494,-6189.392695303559,2746.8055953036187,-1107.095667789494,5519.592255046173,3922.7062409900923,-1107.095667789494,-9.3424,35.4009,4
1226,STARLINK-31763,satellite,0,19,42.986,329.6973,99.8963,343.1041,83.0003,6858.8568,487.2022,3232.823519575582,3875.9656047224203,4639.387528336717,1684.9387984255789,-4757.650525550658,4639.387528336717,42.7674,-70.4982,70
1227,STARLINK-31749,satellite,0,1,43.0227,70.8668,31.7269,326.4602,358.1871,6867.6058,483.1116,2397.673308249578,6426.960855124485,-148.09578867311365,4305.126092292677,-5340.463692962972,-148.09578867311365,-1.2445,-51.1266,7
1228,STARLINK-31781,satellite,0,62,43.02,57.1123,164.9633,34.4689,199.4321,6866.6188,484.9531,-2112.1808616854023,-6340.317104656592,-1557.5267786674374,-4376.218456143762,5050.706980629321,-1557.5267786674374,-13.1985,130.9075,5
1229,STARLINK-31541,satellite,0,26,42.9897,64.0656,99.2727,197.0989,296.3715,6860.373,493.7068,5378.639802792615,774.5461235164331,-4193.162715171208,-2077.2073234785867,-5021.443772554488,-4193.162715171208,-37.8279,-112.4733,4
1230,STARLINK-31797,satellite,0,1,42.9877,71.146,77.3093,174.8448,252.1541,6859.5059,494.467,3842.9737788107523,-3534.9505343507126,-4454.693955016148,-5000.694053611765,-1502.4585608612672,-4454.693955016148,-40.6452,-163.2771,4
1231,STARLINK-31798,satellite,0,1,42.986,71.5612,101.6642,333.617,75.2812,6859.22,486.4454,-4050.295353619359,3186.4080025715884,4520.67321697992,4806.645213383531,1858.561326149884,4520.67321697992,41.4349,21.1397,13
1232,STARLINK-31802,satellite,0,1,42.9904,71.4278,81.6801,36.0988,117.7789,6860.6038,485.3206,-5223.363392699601,-1615.6564981847503,4135.951032247639,1274.535084371377,5316.900541765601,4135.951032247639,37.2781,76.5198,4
1233,STARLINK-31791,satellite,0,1,43.0021,70.9413,43.8552,271.9346,315.7898,6863.2458,489.9081,4914.412999151756,3506.943383442082,-3263.937779768847,509.81805723611626,-6015.828502327501,-3263.937779768847,-28.5463,-85.156,10
1234,STARLINK-31727,satellite,0,1,42.9986,71.6245,91.0345,322.9917,54.0263,6861.7345,484.9659,-2581.7037216070075,5101.638869804965,3784.2587592014715,5704.941799833022,-381.5132036801855,3784.2587592014715,33.6634,-3.8259,12
1235,STARLINK-31807,satellite,0,1,42.9845,71.4892,80.928,15.5621,96.4901,6858.7764,486.7478,-4970.8123946240585,847.1337786810916,4643.819098751683,3264.061775732688,3843.5025986372693,4643.819098751683,42.8214,49.6607,5
1236,STARLINK-31806,satellite,0,1,43.0231,71.2777,157.6145,37.9256,195.5402,6866.9983,484.8126,-849.1707506781158,-6692.955276486636,-1254.3861561058181,-5323.746362917154,4144.208725460616,-1254.3861561058181,-10.5971,142.1014,5
1237,STARLINK-31804,satellite,0,1,43.0166,70.8974,14.786,322.2034,336.9893,6866.2388,485.9322,3920.5247781909284,5326.794923639142,-1830.0881191191631,2582.0857124696963,-6089.178275299272,-1830.0881191191631,-15.5588,-67.0209,9
1238,STARLINK-31660,satellite,0,90,43.0148,30.8101,118.671,35.7769,154.4479,6865.9466,482.4588,-6422.537344787402,-1311.5826409759197,2018.175334107851,2147.7306944871875,6193.261485942263,2018.175334107851,17.2134,70.8742,5
1239,STARLINK-31800,satellite,0,1,43.0007,71.3656,92.7085,39.23,131.9385,6862.6458,484.0204,-4998.840934181843,-3150.398165881414,3478.508629025834,-160.0762626386918,5906.589107004194,3478.508629025834,30.6421,91.5524,4
1240,STARLINK-31789,satellite,0,1,42.98,71.0687,92.7986,180.591,273.3896,6858.5895,495.1402,4872.910877539465,-1242.3427819636263,-4670.854191434902,-3554.0609914702804,-3557.7136586927354,-4670.854191434902,-43.0648,-134.9706,4
1241,STARLINK-31795,satellite,0,79,43.0179,12.611,128.9212,27.2677,156.1889,6866.1254,481.2734,-6564.65244805577,605.6175010302181,1888.8435263376134,3869.2769666437734,5337.614642957907,1888.8435263376134,16.0827,54.0614,5
1242,STARLINK-31796,satellite,0,1,42.9912,71.1856,79.6709,158.3483,238.0191,6861.1443,492.6508,2858.5587224526726,-4814.353424040813,-3969.863267937941,-5599.048751198194,-3.153250656533199,-3969.863267937941,-35.5063,-179.9677,9
1243,STARLINK-31801,satellite,0,1,43.0128,71.6719,68.4909,324.2942,32.7851,6864.9349,482.9838,-764.5867530210122,6327.130616691449,2533.301290778568,5832.198110676888,-2569.560262260154,2533.301290778568,21.8006,-23.7774,4
1244,STARLINK-31787,satellite,0,1,43.0066,71.2377,157.904,58.9283,216.8323,6864.3841,488.5752,1081.9294474422527,-6169.013880984914,-2806.2709881983383,-5858.0592652318155,2215.9524449001456,-2806.2709881983383,-24.2688,159.2797,11
1245,STARLINK-31277,satellite,0,1,43.0224,71.3072,140.2493,34.1854,174.4346,6867.524,482.5159,-2649.1643210013367,-6312.140811891756,453.95359833280213,-4078.089550832794,5498.2159692216865,453.95359833280213,3.8176,126.5647,5
1246,STARLINK-31799,satellite,0,13,43.0128,60.5077,15.0489,313.9992,329.0481,6865.2013,487.2889,5143.940665646611,3852.2937064193316,-2407.7994980170783,689.7947312810895,-6389.40338379944,-2407.7994980170783,-20.657,-83.8383,5
1247,STARLINK-31764,satellite,0,1,42.988,70.9961,103.2398,191.3417,294.5815,6860.1963,493.5981,5246.483089088256,1212.8060918167262,-4255.704190544889,-1632.8349578718303,-5131.309133231841,-4255.704190544889,-38.4936,-107.6516,4
1248,STARLINK-31589,satellite,0,16,43.013,333.0057,19.6047,313.183,332.7877,6865.7952,487.1258,4396.9468247657705,-4815.226390832998,-2140.9347009886296,-6384.468673192019,-1325.9360225222417,-2140.9347009886296,-18.2827,-168.2675,5
1249,STARLINK-31665,satellite,0,19,42.9855,329.665,102.4611,185.4078,287.8689,6859.4684,494.4133,-595.8132349434343,-5188.034122615468,-4453.90108015376,-4158.5319023322345,3158.687050918665,-4453.90108015376,-40.6369,142.7809,14
1250,STARLINK-31912,satellite,0,16,43.0209,333.399,141.7098,35.6035,177.3133,6867.6611,482.464,-6022.343604969079,3278.838751090517,219.40552582832527,5892.009941098037,3507.6523353899665,219.40552582832527,1.8441,30.7663,4
1251,STARLINK-31904,satellite,0,16,42.9955,333.2923,90.0983,143.6873,233.7855,6861.8778,492.1969,-5442.9836810211145,-1795.6887660110212,-3776.470253485046,1231.7016137946443,5597.631698389598,-3776.470253485046,-33.5449,77.5904,4
1252,STARLINK-31858,satellite,0,16,43.0205,332.9422,41.2048,334.1209,15.3257,6866.9442,477.1434,6489.784618612536,-1827.6110588101499,1236.053138620823,-4882.174599803363,-4649.928790347212,1236.053138620823,10.4524,-136.3957,4
1253,STARLINK-31881,satellite,0,19,42.997,329.3996,93.0183,321.9709,54.9892,6861.6654,484.9712,5476.710744222105,1532.8230593214387,3829.690233892384,-1475.0055336604357,-5492.564590674967,3829.690233892384,34.1218,-105.0319,106
1254,STARLINK-31885,satellite,0,19,42.9883,329.8023,74.1153,171.1243,245.2396,6860.3069,493.8491,-4777.8180764438985,-2494.577992384045,-4249.800533688999,291.2856816830714,5381.971533121233,-4249.800533688999,-38.4289,86.902,4
1255,STARLINK-31880,satellite,0,19,43.0076,329.5648,16.8958,306.2125,323.1083,6864.3999,488.4642,3206.3543829937867,-5378.0217491233525,-2810.155344136632,-6261.278405581903,-14.801728987101487,-2810.155344136632,-24.305,-179.8646,7
1256,STARLINK-31886,satellite,0,16,43.0192,333.3678,164.2034,34.1233,198.3267,6866.8778,485.0324,-6530.148835787443,1509.855730011614,-1472.0802191640737,4629.4489011524165,4846.721677031155,-1472.0802191640737,-12.4625,46.3135,4
1257,STARLINK-31909,satellite,0,16,42.9884,332.8477,104.3932,327.5268,71.92,6859.5003,486.7092,4068.8251856552197,3271.003019187228,4443.839979729442,738.1763498856908,-5168.161647957969,4443.839979729442,40.5813,-81.8713,96
1258,STARLINK-31910,satellite,0,16,43.0241,332.9669,24.7697,329.2526,354.0223,6867.5335,483.4229,5841.132777422879,-3566.9286896129324,-487.5481449828845,-6047.379158822096,-3204.8428525766935,-487.5481449828845,-4.1001,-152.0784,4
1259,STARLINK-31902,satellite,0,16,43.0167,333.4275,120.4357,35.5692,156.0049,6866.2329,482.5204,-4692.0648319722,4627.044759502386,1902.8737873086088,6373.133923213748,1675.76239086899,1902.8737873086088,16.2023,14.732,5
1260,STARLINK-31913,satellite,0,19,43.0189,329.5252,23.4211,320.8096,344.2307,6867.0204,484.9026,5000.188075393925,-4524.431115077802,-1272.3287368730487,-6442.033000745875,-1993.1303323407774,-1272.3287368730487,-10.7503,-162.8082,4
1261,STARLINK-31866,satellite,0,54,42.9802,325.7877,83.6406,11.2745,94.9151,6858.7442,487.4389,2323.9244928996195,4462.676594269825,4656.6422726504625,2653.184303833297,-4275.128124820952,4656.6422726504625,42.9624,-58.1759,31
1262,STARLINK-31917,satellite,0,16,42.9833,333.2218,78.7607,176.352,255.1127,6859.2363,494.8126,-3760.5585181772817,-3537.6848637979992,-4522.450788070209,-1124.7941386956052,5039.032914135131,-4522.450788070209,-41.3931,102.5831,7
1263,STARLINK-31860,satellite,0,19,42.9817,329.7264,87.452,178.9998,266.4518,6858.7895,495.8979,-2893.5512335822327,-4114.31169977642,-4670.738076172468,-2062.9985978440463,4587.39973073809,-4670.738076172468,-43.0575,114.2139,8
1264,STARLINK-31854,satellite,0,87,43.0126,300.1453,112.5425,35.7763,148.3188,6865.1136,482.869,-653.4071587373668,6369.573909311803,2457.0681465645566,5811.997075774341,-2686.838791677943,2457.0681465645566,21.1136,-24.8107,4
1265,STARLINK-31842,satellite,0,19,43.0015,329.8538,134.3707,89.6954,224.0661,6863.3496,490.0316,-6017.733462705309,-542.1026813800324,-3255.525570948983,2603.1166779992286,5452.593411033406,-3255.525570948983,-28.4656,64.4798,4
1266,STARLINK-31871,satellite,0,16,42.9899,333.0772,101.8053,195.7463,297.5516,6860.5845,493.5862,815.2351610416325,-5406.468220035442,-4149.507378002599,-5066.133906458722,2056.4032250220444,-4149.507378002599,-37.368,157.9072,19
1267,STARLINK-31875,satellite,0,19,43.0012,329.5941,77.2149,231.6785,308.8934,6862.2547,491.1817,1739.323881561731,-5550.362624445644,-3643.1783486769446,-5661.243116119985,1334.9528860593496,-3643.1783486769446,-32.222,166.7317,15
1268,STARLINK-31877,satellite,0,16,43.0118,333.3344,166.7497,45.8141,212.5638,6865.1003,487.7062,-6381.033258394782,182.0312888596185,-2519.7913230237996,3411.2771642925545,5395.730621819474,-2519.7913230237996,-21.6628,57.6982,4
1269,STARLINK-31884,satellite,0,16,42.986,333.1752,94.1983,181.9743,276.1726,6858.7979,495.6692,-1594.0917612341716,-4787.875815914268,-4652.849075226197,-3305.1588488279745,3813.2411877385257,-4652.849075226197,-42.8552,130.9174,14
1270,STARLINK-32108,satellite,0,51,43.0135,354.8761,112.2408,37.9725,150.2133,6865.462,483.0836,-5706.294564177028,3013.0154744596084,2324.3187794601663,5502.1611690028985,3371.391756056543,2324.3187794601663,19.9232,31.4974,4
1271,STARLINK-32080,satellite,0,51,43.0113,355.2201,68.0116,321.9459,29.9574,6865.325,482.2209,6129.630716879502,2000.252830353323,2336.0115437440754,-1405.9786840428046,-6292.583575183286,2336.0115437440754,20.0302,-102.595,31
1272,STARLINK-32091,satellite,0,0,42.9848,343.7806,79.5801,28.1449,107.725,6859.3464,485.8999,-669.7402508708616,5169.4329781718625,4451.892794042151,4788.039562220134,-2060.647099835924,4451.892794042151,40.6759,-23.2858,10
1273,STARLINK-32085,satellite,0,61,43.0121,351.3415,222.5801,355.4456,218.0257,6864.3316,489.4989,-5810.705400433797,-2242.5143800831343,-2884.3037761548685,1034.9292078482636,6141.831121925505,-2884.3037761548685,-24.9848,80.4352,4
1274,STARLINK-32100,satellite,0,16,42.9853,333.1794,81.626,18.2103,99.8363,6858.9155,486.8265,1184.295154742215,4937.976822408811,4605.3024048526,3643.2871617182514,-3537.319432769887,4605.3024048526,42.3832,-44.1545,6
1275,STARLINK-32089,satellite,0,61,42.9943,351.0865,98.051,205.1424,303.1934,6861.2445,492.1914,3061.183373672887,-4732.331664146849,-3916.5894889724796,-5631.849186919253,-219.27462811541628,-3916.5894889724796,-34.9634,-177.7703,9
1276,STARLINK-32103,satellite,0,95,42.9939,340.7027,105.8367,196.4408,302.2775,6861.1626,492.4857,2056.6817926667213,-5217.1738664513305,-3957.106159292065,-5536.525708664189,892.0348795703147,-3957.106159292065,-35.3763,170.8473,10
1277,STARLINK-32105,satellite,0,61,43.0215,351.0072,15.2963,323.2188,338.5151,6866.3724,485.3111,6019.589787710215,-2812.9531052752786,-1714.7438376209066,-5489.878786646417,-3742.912942176535,-1714.7438376209066,-14.5575,-145.7144,4
1278,STARLINK-32106,satellite,0,0,43.0221,343.6342,138.4652,32.983,171.4481,6867.3539,482.3911,-6299.009011117833,2627.1341765522893,696.0342895020451,5472.568980434378,4078.031051640016,696.0342895020451,5.8594,36.6926,4
1279,STARLINK-32090,satellite,0,51,42.9992,355.1944,82.0131,329.0792,51.0923,6862.2528,484.9795,4618.5004347555405,3527.9623520421774,3639.0107500723866,678.8302321504337,-5772.023400782665,3639.0107500723866,32.2134,-83.2924,91
1280,STARLINK-32088,satellite,0,0,42.9965,343.7156,89.8712,39.1258,128.9971,6862.1419,484.787,-3048.8872689702857,4951.18679689678,3634.154252307754,5813.823341823453,97.0691852384753,3634.154252307754,32.1664,0.9565,12
1281,STARLINK-32107,satellite,0,61,42.992,351.5168,84.7783,34.1234,118.9016,6860.8426,485.9678,-2629.8409983498022,4831.325415999012,4093.0791184650266,5496.987442208315,-202.2325692948417,4093.0791184650266,36.8244,-2.1069,16
1282,STARLINK-32104,satellite,0,23,42.997,347.9755,85.5494,37.9952,123.5445,6861.4456,485.35,-2834.9577498710983,4877.248775400279,3897.15719760158,5641.109619639196,-49.22722734257947,3897.15719760158,34.805,-0.5,14
1283,STARLINK-32094,satellite,0,61,42.985,351.5872,82.9707,14.9972,97.9679,6858.8203,487.0812,-213.4351522580643,5052.150306543745,4628.967179107848,4454.417502673372,-2393.3119303606445,4628.967179107848,42.6497,-28.2487,7
1284,STARLINK-32099,satellite,0,61,43.0046,351.0478,36.0684,281.0288,317.0972,6863.8228,489.9628,4434.61172188077,-4157.610388147063,-3186.8098372403365,-5838.03864566452,-1693.7561911911273,-3186.8098372403365,-27.8131,-163.8213,4
1285,STARLINK-32096,satellite,0,61,42.9966,351.2879,78.8585,160.4726,239.3311,6861.1287,493.1267,-4114.75476888362,-3737.894504153752,-4026.144678949519,-1116.34124839712,5445.809797391062,-4026.144678949519,-36.0838,101.5846,7
1286,STARLINK-32102,satellite,0,61,42.9834,351.1494,96.2267,185.7532,281.9799,6858.9032,495.2792,652.0166219972966,-5072.640125517141,-4577.777437663868,-4695.744127032168,2026.5218014643283,-4577.777437663868,-42.0086,156.6566,18
1287,STARLINK-32092,satellite,0,61,43.0251,351.3985,151.6109,31.3406,182.9515,6867.5459,482.7623,-6813.332438920565,769.398554982531,-241.04316688356167,4136.9930090185135,5467.976033505305,-241.04316688356167,-2.026,52.8894,4
1288,STARLINK-32093,satellite,0,61,43.0216,351.3784,163.3905,33.5839,196.9744,6866.9295,484.762,-6708.5003781914575,-464.2210310719974,-1366.8242132242663,3022.437784869312,6007.024914754288,-1366.8242132242663,-11.5594,63.2907,4
1289,STARLINK-32087,satellite,0,61,42.9848,351.222,82.4667,178.2911,260.7578,6858.8622,495.2963,-1845.7581029180812,-4729.593615021198,-4618.965080594874,-3126.6632983026466,3999.9819195571695,-4618.965080594874,-42.4732,128.0137,13
1290,STARLINK-32086,satellite,0,61,43.0241,350.977,32.0401,327.7287,359.7688,6867.5608,482.6407,6772.648928374314,-1095.9643170409686,-18.889739177360113,-4397.134048870562,-5266.414667257032,-18.889739177360113,-0.1587,-129.8598,4
1291,STARLINK-32098,satellite,0,61,43.0081,351.4678,105.8661,34.5538,140.4199,6864.005,483.2647,-4752.671170011108,3943.7930551268073,2980.2397405333554,5816.355115323897,2076.3911202773743,2980.2397405333554,25.9005,19.6461,7
1292,STARLINK-31472,satellite,0,28,43.0167,114.8588,126.3395,35.7392,162.0787,6866.7694,482.3964,1343.4435094554615,-6570.808793990903,1439.9872728035211,-6337.046513696268,2195.9531309971435,1439.9872728035211,12.1915,160.8875,5
1293,STARLINK-31817,satellite,0,28,42.9812,114.649,81.8324,179.2574,261.0898,6858.8466,495.4821,4952.219582946918,1102.7190532407476,-4623.04781915512,-1577.433327121451,-4822.050622566054,-4623.04781915512,-42.518,-108.1144,4
1294,STARLINK-31833,satellite,0,28,42.9843,115.066,96.0603,348.1639,84.2242,6858.6494,487.2572,-4812.007348891618,-1488.9868596958281,4650.354357576622,1173.6726697385125,4898.468031787352,4650.354357576622,42.892,76.5259,4
1295,STARLINK-31849,satellite,0,6,43.0064,107.9708,105.4393,37.1512,142.5905,6864.3043,483.3457,-1217.3342701469262,-6121.474245393211,2841.659722834066,-4644.407878784793,4169.391456527952,2841.659722834066,24.6148,138.085,7
1296,STARLINK-31661,satellite,0,6,43.0166,107.8711,168.1668,38.0125,206.1794,6865.8481,486.1014,3996.637954328667,-5181.89517482683,-2065.4089696128513,-6495.673663807901,-794.5918412533894,-2065.4089696128513,-17.6193,-173.0259,5
1297,STARLINK-31707,satellite,0,28,43.0238,114.828,149.913,33.4012,183.3141,6867.5703,483.2565,3139.420228132267,-6095.002705012961,-270.63812918510587,-6843.841506258597,408.47372024821476,-270.63812918510587,-2.2747,176.5844,5
1298,STARLINK-31821,satellite,0,28,42.9933,114.9511,83.2637,36.3655,119.6292,6860.8221,485.6697,-2522.41609410339,-4912.170431842924,4064.043580098671,-2938.569137196855,4675.1270281328,4064.043580098671,36.5231,122.1516,7
1299,STARLINK-31819,satellite,0,28,43.015,114.8795,113.8831,34.1061,147.9892,6865.0304,483.3347,35.181974374939024,-6394.426833783689,2480.1899959786697,-5518.042591645049,3231.275020905062,2480.1899959786697,21.3202,149.6475,5
1300,STARLINK-31726,satellite,0,28,42.9826,114.5759,94.6607,187.5306,282.1913,6859.092,496.0389,3861.077520348912,3359.8313631780043,-4574.615183438627,920.544711780254,-5034.777437062306,-4574.615183438627,-41.9674,-79.6386,12
1301,STARLINK-31759,satellite,0,28,43.0167,115.2254,54.8591,325.5985,20.4576,6866.5,482.2661,-4324.579034805518,5066.701925370287,1635.5199570868317,6563.86079959279,1135.422226486477,1635.5199570868317,13.8777,9.814,5
1302,STARLINK-31818,satellite,0,28,42.9904,115.1307,98.1918,324.7186,62.9104,6860.4986,485.6887,-5368.004319622405,930.4413357390638,4162.027676358677,3538.3092849100876,4142.651187229714,4162.027676358677,37.5506,49.4988,6
1303,STARLINK-31816,satellite,0,28,43.0177,115.2535,19.0961,326.0298,345.1259,6866.9928,484.5588,-1664.619317092919,6547.708862117634,-1201.708675452112,6480.996039630137,-1907.9148692201063,-1201.708675452112,-10.1477,-16.4037,4
1304,STARLINK-31809,satellite,0,6,43.0229,107.9025,148.9394,36.0585,184.9979,6867.5432,483.498,2517.078400107022,-6370.161843648155,-407.85704452738355,-6763.08549718494,1084.1218309410226,-407.85704452738355,-3.429,170.893,5
1305,STARLINK-31779,satellite,0,28,42.9932,114.7149,75.8111,164.0529,239.8641,6860.9214,493.0263,5384.837841019435,-1314.9780990786355,-4047.8120089800677,-3877.650553090717,-3960.9938352951986,-4047.8120089800677,-36.309,-134.3908,4
1306,STARLINK-31805,satellite,0,28,42.9918,114.5067,97.0889,206.3937,303.4827,6861.369,492.352,2239.375083408866,5182.263136885479,-3903.5464376033083,3315.254162003727,-4569.435613446321,-3903.5464376033083,-34.8294,-54.0381,16
1307,STARLINK-31681,satellite,0,6,43.0194,107.9299,131.1442,32.7229,163.8671,6866.8603,482.3698,702.7248812496911,-6698.585727815713,1300.4188866711027,-6120.148024378611,2812.2341956740265,1300.4188866711027,10.9946,155.321,5
1308,STARLINK-31636,satellite,0,28,43.0015,114.7545,118.5528,106.9623,225.5151,6863.1268,490.3976,5265.845354776555,-2867.930428994707,-3339.588202921736,-5152.712638229212,-3066.546056039031,-3339.588202921736,-29.2679,-149.2418,4
1309,STARLINK-31640,satellite,0,28,43.0023,114.9079,96.2981,37.4675,133.7656,6862.9673,484.133,-1287.0641027476777,-5827.172091126699,3377.4043606770315,-4355.700690702117,4079.257294803148,3377.4043606770315,29.6615,136.8771,7
1310,STARLINK-31677,satellite,0,28,43.0033,115.1863,78.564,323.1813,41.7453,6863.5351,483.6793,-5198.926490619037,3208.9920284526024,3114.0545557443465,5411.940533014788,2835.0248959478886,3114.0545557443465,27.1531,27.6476,6
1311,STARLINK-31783,satellite,0,28,43.0205,115.2551,32.6252,326.5614,359.1866,6867.6097,482.8646,-2862.5382607165725,6234.9637988311315,-66.4531673145829,6823.001338149461,-718.0192242632905,-66.4531673145829,-0.5584,-6.0074,5
1312,STARLINK-31808,satellite,0,28,43.0077,114.4537,20.1654,304.4988,324.6643,6864.6312,488.2406,324.62566162682907,6298.049537194885,-2707.4826668185283,5251.621487713733,-3491.6015727643885,-2707.4826668185283,-23.3648,-33.6184,11
1313,STARLINK-31822,satellite,0,28,43.0157,114.7946,167.9599,36.4039,204.3638,6866.1434,486.0144,4500.686614215923,-4806.995521489939,-1931.2798251595234,-6430.302416147399,-1419.3649213277226,-1931.2798251595234,-16.4422,-167.5527,5
1314,STARLINK-31363,satellite,0,25,43.0075,137.1208,146.5216,72.4567,218.9782,6864.0682,489.2441,6058.061955396896,-1317.120167101354,-2944.783288515859,-4222.877202486998,-4538.967759604374,-2944.783288515859,-25.5463,-132.9339,4
1315,STARLINK-31868,satellite,0,25,43.0102,137.0979,158.7017,53.2489,211.9506,6865.1148,487.7629,6073.614015373398,-2018.8788691038374,-2477.400794110211,-4834.419899767695,-4194.406194991643,-2477.400794110211,-21.2806,-139.0547,4
1316,STARLINK-31848,satellite,0,25,43.0177,136.8016,25.2771,327.9732,353.2503,6867.4884,483.3347,-4563.549798793979,5094.038533449087,-550.1660683484619,6709.26333358873,1327.0270784345473,-550.1660683484619,-4.6278,11.1881,5
1317,STARLINK-31890,satellite,0,25,43.0124,136.8364,12.6315,319.5575,332.189,6865.5783,486.4706,-2825.793604722942,5859.839510421808,-2184.0680157770403,6481.600251434657,-558.2891410333536,-2184.0680157770403,-18.6661,-4.923,4
1318,STARLINK-31862,satellite,0,67,42.9931,139.9364,88.6541,34.669,123.3232,6861.3943,484.5662,185.56414238016217,-5630.900960444873,3906.3635725709805,-4938.007808350672,2712.4819929253104,3906.3635725709805,34.9035,151.2197,7
1319,STARLINK-31870,satellite,0,67,43.0096,139.8869,105.0345,39.565,144.5995,6864.5712,483.1109,2403.423583407344,-5823.3126006567045,2709.856750790025,-6234.7482942083325,902.9553001738459,2709.856750790025,23.4051,171.7594,4
1320,STARLINK-31888,satellite,0,67,42.9848,140.0499,94.2008,353.8178,88.0186,6858.6145,487.1816,-3399.9692934736495,-3689.9745479857347,4671.223826756556,-1439.7063400406917,4806.552716427114,4671.223826756556,43.1312,106.6745,3
1321,STARLINK-31863,satellite,0,67,42.9848,140.0031,80.5652,21.6446,102.2098,6859.0213,486.6958,-2039.7017725864337,-4686.782322664218,4568.259873857197,-2990.9168654950267,4144.964193431282,4568.259873857197,41.9662,125.8134,5
1322,STARLINK-31873,satellite,0,67,43.001,140.1739,84.8272,320.7203,45.5475,6862.9916,483.8821,-5980.5713825729545,326.3297248132786,3338.233811368505,3331.134641761378,4977.676882824415,3338.233811368505,29.2855,56.209,5
1323,STARLINK-31865,satellite,0,67,43.0154,140.2178,59.0087,325.3941,24.4028,6865.9757,482.5226,-6125.884907451321,2404.491850437536,1933.1834077822882,5192.762023278257,4042.6809826845724,1933.1834077822882,16.4675,37.9016,4
1324,STARLINK-31823,satellite,0,67,43.0213,140.2487,35.9537,327.0901,3.0438,6867.5571,482.4539,-5437.453012609704,4176.080599926631,248.54718402281114,6365.43405564469,2546.9184762494306,248.54718402281114,2.0892,21.8072,4
1325,STARLINK-31916,satellite,0,67,43.018,140.2773,15.6878,326.1795,341.8673,6866.7026,484.7828,-4017.8894938207422,5368.450668818582,-1456.9423536437118,6666.976916169327,717.7167737757767,-1456.9423536437118,-12.3329,6.1444,4
1326,STARLINK-31907,satellite,0,67,43.0105,140.3,11.9537,315.7562,327.7099,6864.9947,487.4648,-2751.248027422789,5768.368371760786,-2500.782179268835,6364.899672306523,-575.7530218768231,-2500.782179268835,-21.4922,-5.1688,4
1327,STARLINK-31687,satellite,0,67,43.0218,140.6769,151.0792,35.1943,186.2736,6867.5104,483.624,5623.654214133221,-3898.0669751560486,-511.57816110562663,-6221.277257490943,-2848.8808589280343,-511.57816110562663,-4.3024,-155.3958,4
1328,STARLINK-31810,satellite,0,67,42.9783,140.4847,83.8227,180.2661,264.0888,6858.7203,495.1237,3723.3181576870347,3403.388277559592,-4654.047545636305,1028.2751590813482,-4938.501804030069,-4654.047545636305,-42.8731,-78.2382,11
1329,STARLINK-31812,satellite,0,67,42.9944,140.3475,91.7252,214.7897,306.5149,6861.7982,491.7122,-569.7435154786616,5712.450291569574,-3761.6001017622043,5204.10582615158,-2423.6292120079893,-3761.6001017622043,-33.3984,-24.9721,3
1330,STARLINK-31815,satellite,0,67,42.9811,140.4122,99.909,185.4452,285.3542,6859.2046,494.7136,1685.077576918904,4889.646367399017,-4512.27862209136,3346.2875428620905,-3943.4106708456434,-4512.27862209136,-41.2806,-49.6828,7
1331,STARLINK-31814,satellite,0,67,43.0269,140.6932,135.9677,29.0719,165.0396,6867.027,483.1921,4308.4322943649295,-5200.544977508787,1208.4843786431493,-6670.74867228613,-1053.2658968234684,1208.4843786431493,10.2076,-171.0275,6
1332,STARLINK-31794,satellite,0,67,43.0016,140.6082,147.5108,74.1608,221.6715,6863.621,489.4829,6079.770099308879,-674.4215861350867,-3112.09904271534,-3681.1393461239377,-4885.454129424766,-3112.09904271534,-27.1097,-126.9976,4
1333,STARLINK-31824,satellite,0,67,42.9867,140.5519,73.0279,169.9013,242.9292,6860.4551,493.5278,5252.763616589449,1467.7038812657167,-4167.19507393754,-1416.7907974717602,-5266.724231535923,-4167.19507393754,-37.5547,-105.0566,4
1334,STARLINK-31947,satellite,0,34,42.9963,205.514,88.0294,37.9837,126.0131,6861.645,485.0144,5385.594836633283,-1924.3993894412552,3782.240638562985,-4402.223856371442,-3650.8040036199022,3782.240638562985,33.6429,-140.3308,13
1335,STARLINK-31929,satellite,0,34,42.9859,206.0657,83.4075,183.1546,266.562,6858.6383,495.5088,-1832.5019423252356,4683.021639791308,-4671.385657655995,4962.735394773624,-812.4115021591709,-4671.385657655995,-43.068,-9.297,4
1336,STARLINK-31927,satellite,0,34,43.0102,205.7958,62.9703,323.8119,26.7823,6865.727,482.3725,-4529.21489212983,-4699.0397555036025,2108.0789740598743,-1731.6608232817164,6292.544235522328,2108.0789740598743,18.0056,105.3865,5
1337,STARLINK-31855,satellite,0,34,43.0107,205.4521,111.4016,35.7763,147.1779,6864.815,482.9959,6372.157127882308,22.41270052191226,2535.7424531929714,-3230.899505923048,-5492.374456843979,2535.7424531929714,21.8227,-120.4663,26
1338,STARLINK-31887,satellite,0,34,42.9865,206.1304,82.2501,163.2579,245.508,6860.0747,493.6716,542.3107458109575,5355.186196814059,-4258.665844294122,4329.595405638267,-3197.924916417813,-4258.665844294122,-38.5248,-36.4503,7
1339,STARLINK-31852,satellite,0,59,43.0241,198.0386,39.4133,328.7388,8.1522,6867.3467,483.1091,-6237.6418626679,-2779.4063325004468,663.8242354008789,790.8902324246022,6782.902638863838,663.8242354008789,5.5868,83.3493,4
1340,STARLINK-31906,satellite,0,34,43.018,205.8588,18.5377,325.8281,344.3658,6866.8869,484.3853,-6535.978089039759,-1665.4230873024405,-1261.5876427476512,1901.2401258211894,6471.315911319369,-1261.5876427476512,-10.6593,73.6275,4
1341,STARLINK-31857,satellite,0,34,43.0239,205.3992,151.401,31.1973,182.5983,6867.4959,483.1554,6094.160301433407,3145.3490260351023,-212.22992001954213,-402.9444525612149,-6846.140959934803,-212.22992001954213,-1.7836,-93.3684,5
1342,STARLINK-31851,satellite,0,34,42.9845,205.5745,79.0177,25.6325,104.6502,6859.242,486.5957,3658.4826620600998,-3628.093836493751,4522.05722052508,-4986.7088698532425,-1296.261903445943,4522.05722052508,41.4493,-165.4288,4
1343,STARLINK-31903,satellite,0,59,42.9906,198.7792,97.0084,326.9514,63.9597,6860.3062,485.6514,-1398.9943350410174,-5234.703135252218,4200.22045225615,-3789.003820866847,3873.338625675877,4200.22045225615,37.9552,134.3694,7
1344,STARLINK-31922,satellite,0,34,43.0156,205.4224,129.5695,31.7556,161.3251,6866.6731,481.1349,6557.31145372388,1338.9922485667469,1498.1050581580287,-2192.8973923720937,-6323.166514444159,1498.1050581580287,12.6938,-109.1267,12
1345,STARLINK-31889,satellite,0,34,43.0064,206.2059,157.7571,59.3855,217.1426,6864.27,488.327,3570.143416480534,5134.583294952152,-2826.3883720798553,2595.4721874375323,-5689.762187585631,-2826.3883720798553,-24.4549,-65.4792,14
1346,STARLINK-31859,satellite,0,59,43.011,198.8672,63.5583,325.008,28.5664,6865.4921,482.6455,-4924.439605381335,-4217.129226692891,2237.121113556445,-1115.5626349760844,6386.6896236721,2237.121113556445,19.1478,99.9079,4
1347,STARLINK-31895,satellite,0,34,42.9818,205.6446,96.0664,347.4186,83.485,6858.6717,487.0091,1455.2633605975802,-4828.570092332611,4643.532822891646,-4895.513316086131,1211.1275561600016,4643.532822891646,42.8161,166.1043,4
1348,STARLINK-31899,satellite,0,34,42.9901,205.7114,97.9094,324.318,62.2273,6860.4952,485.4767,-953.26763991068,-5383.746177980564,4136.260355126284,-4144.548610863019,3565.972365907317,4136.260355126284,37.2804,139.2913,7
1349,STARLINK-31896,satellite,0,34,43.0002,205.7668,78.777,322.1991,40.9761,6863.657,483.5933,-3232.8520411655695,-5212.295811417829,3066.7720085209908,-2834.3543542487587,5439.282612656134,3066.7720085209908,26.7087,117.5236,6
1350,STARLINK-31892,satellite,0,34,42.9919,205.9465,74.4075,227.3474,301.7549,6861.1462,491.2831,-5114.850922114642,2257.6601775039207,-3978.84196201591,4550.779118865661,3247.9437870505576,-3978.84196201591,-35.6068,35.5159,4
1351,STARLINK-31891,satellite,0,34,42.9836,206.0173,95.8349,184.8739,280.7087,6858.917,495.2897,-3310.3148500634356,3874.3334186383113,-4598.171552300882,5020.923001400525,871.1923205212913,-4598.171552300882,-42.2382,9.8435,4
1352,STARLINK-31882,satellite,0,59,43.0008,198.8087,85.4413,324.3349,49.7762,6862.2835,484.2905,-2956.954372071541,-5051.86602566713,3570.4571727816156,-2837.0865459477623,5120.14349707164,3570.4571727816156,31.5406,118.991,6
1353,STARLINK-31691,satellite,0,34,43.0169,205.3664,168.0622,35.7,203.7622,6866.1049,485.7912,4808.9149669311955,4517.419301961165,-1886.3974605521519,1432.7783324772215,-6440.488068375716,-1886.3974605521519,-16.0504,-77.458,5
1354,STARLINK-31569,satellite,0,34,43.0172,205.8239,38.846,326.7125,5.5584,6867.4761,482.2489,-5934.530667560208,-3411.663449497245,453.32834703013043,92.45638783625377,6844.673370818824,453.32834703013043,3.8125,89.2261,4
1355,STARLINK-31654,satellite,0,35,43.0004,201.9896,136.187,86.0199,222.2069,6863.5209,489.6836,3451.3345871092697,5030.389185274348,-3144.609749637365,2566.4502807032345,-5534.424879260728,-3144.609749637365,-27.4153,-65.1217,15
1356,STARLINK-31442,satellite,0,36,43.0224,213.2913,146.333,33.5571,179.8901,6867.5741,482.9971,5740.428740556729,3757.999147223122,8.980173003771835,304.44402946688507,-6854.370397699659,8.980173003771835,0.0755,-87.4568,6
1357,STARLINK-31651,satellite,0,22,43.0186,209.3971,47.7948,327.4005,15.1953,6866.9237,482.215,-5122.193376185163,-4394.709470628697,1226.6498764605983,-1167.4402425462645,6647.3618522201905,1226.6498764605983,10.3642,99.961,4
1358,STARLINK-31584,satellite,0,22,42.9851,209.2683,101.5133,329.9969,71.5102,6859.6437,486.7397,428.7287552915681,-5212.2100499852195,4433.123705253073,-4701.903664472389,2289.7693946775285,4433.123705253073,40.4632,154.0345,6
1359,STARLINK-31950,satellite,0,22,43.012,209.458,14.0517,318.7265,332.7782,6865.6713,486.4647,-6442.329193811041,-1002.4501700089705,-2141.3884601378527,2423.7226911295065,6052.609363017324,-2141.3884601378527,-18.2886,68.1767,4
1360,STARLINK-31931,satellite,0,22,42.9963,209.748,78.0343,155.6679,233.7022,6861.7701,491.9972,1520.1769208116075,5528.820345319727,-3772.393179726381,3980.1752903082374,-4127.589725228192,-3772.393179726381,-33.5051,-46.0416,12
1361,STARLINK-31938,satellite,0,22,42.9971,209.0759,93.1615,35.3323,128.4938,6862.0234,484.6394,5637.38845641963,-1356.3735976722708,3659.7738808151994,-4042.072219606948,-4157.10838402338,3659.7738808151994,32.4211,-134.1962,25
1362,STARLINK-31941,satellite,0,39,43.0062,191.6789,81.0456,323.657,44.7026,6863.0692,485.1136,-4059.599210124698,-4441.653760100939,3290.5605969104517,-1749.8048307542151,5757.327238027477,3290.5605969104517,28.8226,106.9054,2
1363,STARLINK-31952,satellite,0,22,42.9988,209.5022,61.3793,250.151,311.5303,6862.536,490.5244,-5810.758164498601,1029.5150675157222,-3503.8409680674886,3849.3571779910517,4472.947689921918,-3503.8409680674886,-30.8566,49.2852,4
1364,STARLINK-31921,satellite,0,21,43.0138,169.0568,161.6498,38.2167,199.8665,6866.6153,485.4982,6660.416852612546,448.9709018734038,-1590.8856021194476,-3011.0295740656757,-5957.887916484843,-1590.8856021194476,-13.4853,-116.8114,2
1365,STARLINK-31760,satellite,0,22,42.9824,209.6791,73.6273,181.2641,254.8914,6859.2593,494.8441,-845.9567683496823,5097.523850703204,-4517.7299339175715,4816.06855799869,-1872.3984370483413,-4517.7299339175715,-41.3403,-21.2452,4
1366,STARLINK-31945,satellite,0,34,42.984,205.3407,88.793,171.4224,260.2155,6858.8834,495.2396,-1063.5653850654421,4971.187436209644,-4611.560280317183,4818.39492844691,-1620.7856637307443,-4611.560280317183,-42.3898,-18.5916,4
1367,STARLINK-31937,satellite,0,35,43.0157,202.4577,58.1568,325.8586,24.0154,6866.0704,482.1247,-5010.1441768198265,-4279.3454619739305,1904.24197695258,-1125.3628552667155,6492.141457132957,1904.24197695258,16.2152,99.8341,4
1368,STARLINK-31940,satellite,0,35,42.9933,201.7514,105.4593,194.5013,299.9606,6860.8265,493.161,-4795.607923713073,2769.5702059808496,-4055.06350636304,4828.260205289037,2712.2459095477834,-4055.06350636304,-36.3834,29.3248,4
1369,STARLINK-31933,satellite,0,22,43.007,209.3598,71.4891,324.723,36.2121,6864.5022,483.3701,-3369.9552845505327,-5295.168733457581,2763.5208411426456,-2835.705835270257,5599.480596579564,2763.5208411426456,23.8957,116.8587,6
1370,STARLINK-31936,satellite,0,92,43.006,177.0856,69.3759,325.2296,34.6055,6864.7224,483.0624,-5782.190807279289,-2557.5194882584688,2656.544293535071,749.4368091145125,6277.975862788199,2656.544293535071,22.9187,83.1925,4
1371,STARLINK-31935,satellite,0,22,42.98,209.61,93.2592,182.9509,276.2101,6858.6526,495.0598,-3111.860075331817,3972.98973077826,-4651.585809486476,5004.557481478241,650.1730107393047,-4651.585809486476,-42.8455,7.4022,4
1372,STARLINK-31934,satellite,0,34,42.9905,205.645,83.8442,34.9081,118.7522,6860.673,485.4684,4875.817096024993,-2536.2093868813026,4098.532970621391,-4668.448826639784,-2900.264808778684,4098.532970621391,36.8845,-148.1495,4
1373,STARLINK-31926,satellite,0,59,42.9831,198.9072,89.2302,158.0394,247.2697,6859.9429,494.5633,1008.4035114963466,5241.08910060334,-4316.43781076218,3993.721094723266,-3540.633336004123,-4316.43781076218,-39.1387,-41.5586,8
1374,STARLINK-31919,satellite,0,22,43.02,209.4214,26.4099,327.5881,353.998,6867.4269,483.2131,-6201.2504823010795,-2895.0881020554307,-489.4708352196326,672.8260389012072,6810.605537268973,-489.4708352196326,-4.1164,84.358,4
1375,STARLINK-31974,satellite,0,62,43.0083,56.8235,73.7056,323.4148,37.1204,6864.3464,483.1673,459.239267906562,6232.800965829,2822.9217220008736,5126.837716238732,-3574.1073873315972,2822.9217220008736,24.4426,-34.8818,4
1376,STARLINK-31975,satellite,0,62,43.017,56.8467,58.6799,324.2083,22.8882,6866.3099,482.3843,1822.7523145541309,6356.9944872731985,1819.9461182420139,4538.189029565402,-4810.264571036246,1819.9461182420139,15.4787,-46.6671,4
1377,STARLINK-31976,satellite,0,13,43.0244,60.7338,152.752,35.0126,187.7646,6867.4447,483.5149,-2732.3964654300717,-6262.085057291693,-632.5047526604914,-3992.5813066543,5544.275806523815,-632.5047526604914,-5.3221,125.7587,4
1378,STARLINK-31965,satellite,0,62,43.005,56.9489,22.0017,297.4609,319.4626,6863.6412,488.8138,5578.535519688918,2592.614557574759,-3042.267958277767,-615.3739025001165,-6120.704514081794,-3042.267958277767,-26.4571,-95.7412,4
1379,STARLINK-31969,satellite,0,78,43.001,53.3408,85.4496,323.1363,48.5859,6862.5878,484.5086,-308.7906563600402,5884.147913511001,3507.1848734017017,5218.688281224796,-2735.660973318536,3507.1848734017017,30.9194,-27.6637,3
1380,STARLINK-31951,satellite,0,62,42.9946,56.564,88.0149,34.2267,122.2416,6861.1778,484.9373,-5554.754920533672,-715.2549453876795,3954.364828648113,2218.0351359437723,5142.68529076138,3954.364828648113,35.393,66.6695,5
1381,STARLINK-31949,satellite,0,62,42.9942,56.7607,95.7713,322.6617,58.433,6861.1005,484.9946,-1606.2315075678425,5343.7564480317005,3983.4060776466686,5415.6480344036645,-1344.0494779745902,3983.4060776466686,35.6916,-13.938,12
1382,STARLINK-31977,satellite,0,48,43.02,49.5482,132.484,34.0318,166.5158,6866.9868,482.2097,-5217.909181104483,-4317.336000158544,1091.2983957747,-1052.0675516317478,6690.225723196715,1091.2983957747,9.2102,98.9368,4
1383,STARLINK-31963,satellite,0,62,43.0201,56.9104,16.2472,324.2006,340.4477,6866.7101,485.4039,4937.271031598813,4501.228418549026,-1566.882901482785,1353.3827223078804,-6542.633852079504,-1566.882901482785,-13.2784,-78.3129,5
1384,STARLINK-31961,satellite,0,48,42.9901,49.8207,99.3645,327.9423,67.3068,6859.9587,485.912,-1828.3213589148575,5005.632687891625,4312.728065757897,5238.0934846656955,-980.5581285452681,4312.728065757897,39.1576,-10.6029,15
1385,STARLINK-31964,satellite,0,62,43.0221,56.4495,146.3727,32.5139,178.8866,6867.5708,482.7003,-3872.302010977904,-5662.8650188562415,90.95822195305982,-2895.7492700775747,6219.115632536061,90.95822195305982,0.7644,114.9677,5
1386,STARLINK-31905,satellite,0,78,43.0246,53.4333,25.4518,326.6579,352.1097,6867.4693,483.6323,4602.208861271687,5048.555403793726,-642.6921357174024,1995.0617141908365,-6533.6028976754005,-642.6921357174024,-5.408,-73.0197,6
1387,STARLINK-31928,satellite,0,62,42.9852,57.0744,90.9311,186.0955,277.0267,6858.7313,495.1897,4639.123522694379,-2003.831422324858,-4644.455521072392,-4089.8018853833023,-2968.2196627318463,-4644.455521072392,-42.7633,-144.0293,4
1388,STARLINK-31953,satellite,0,78,43.0265,53.4011,45.9102,327.404,13.3142,6867.1385,482.1399,3052.768036732917,6047.713060861254,1077.912999902084,3644.7830551525685,-5710.497564440656,1077.912999902084,9.0964,-57.4515,8
1389,STARLINK-31942,satellite,0,62,42.9829,56.6306,80.3624,20.6346,100.9969,6858.9519,486.636,-4830.549704008474,1615.6553014554033,4587.898207509387,3853.555046174561,3330.8656535681353,4587.898207509387,42.1879,40.8389,6
1390,STARLINK-31676,satellite,0,62,43.0193,56.879,38.8164,322.9579,1.7743,6867.6365,482.8399,3617.01640156256,5828.298159402387,144.93319217365317,3168.255593730952,-6083.915152010122,144.93319217365317,1.218,-62.4913,7
1391,STARLINK-31908,satellite,0,48,42.9845,49.7506,90.7092,357.6717,88.3809,6858.7382,485.9563,-3700.2674136771725,3386.19016322112,4671.286810786445,4799.9507163712815,1455.5878106879877,4671.286810786445,43.1415,16.87,16
1392,STARLINK-31914,satellite,0,62,42.992,57.0,102.941,195.2907,298.2317,6860.6403,493.5807,5478.177393463656,313.94291540813214,-4123.734727575737,-2524.160302578531,-4872.125047171703,-4123.734727575737,-37.0974,-117.3879,4
1393,STARLINK-31850,satellite,0,62,43.0102,56.4842,111.2374,39.3327,150.5702,6865.4604,483.2201,-5353.216579155893,-3619.840870510533,2298.9023361949235,-383.1098050359844,6450.845103430501,2298.9023361949235,19.696,93.3988,4
1394,STARLINK-31924,satellite,0,62,42.9846,56.699,97.3471,342.3473,79.6943,6858.9337,486.5118,-3450.3312752146103,3733.8167585582955,4598.356142236646,4971.475772216333,1063.2977670816717,4598.356142236646,42.307,12.0725,21
1395,STARLINK-31898,satellite,0,78,43.0182,53.3796,63.1587,324.2973,27.456,6865.6732,482.7761,1774.793775347711,6264.059099066943,2157.463942582419,4482.713347068333,-4721.61099516169,2157.463942582419,18.441,-46.4868,4
1396,STARLINK-31861,satellite,0,48,42.9919,49.6287,82.9966,33.8999,116.8965,6860.5242,485.5528,-5416.099339058278,533.9564451437672,4169.194542585223,3221.8083645994993,4386.250380182917,4169.194542585223,37.6272,53.7018,5
1397,STARLINK-31872,satellite,0,63,42.9846,264.2384,78.3537,30.4457,108.7994,6859.5028,486.2669,4945.288355169812,1721.462487162536,4424.724072106108,-1041.6924578846313,-5131.684599980034,4424.724072106108,40.3742,-101.4747,121
1398,STARLINK-31972,satellite,0,63,43.0108,264.0471,166.757,41.1416,207.8986,6865.6239,486.6493,-1706.3437591748093,6275.816063434701,-2190.38486012987,6268.41229993691,-1733.344606401019,-2190.38486012987,-18.7216,-15.4572,4
1399,STARLINK-31958,satellite,0,40,43.0195,249.3952,135.9569,33.7962,169.7531,6867.3292,482.1612,3210.788834238185,6004.750213224514,832.5622485987645,3527.22905616508,-5824.503862702234,832.5622485987645,7.0141,-58.8016,9
1400,STARLINK-31959,satellite,0,76,43.0197,260.1002,48.2451,326.6879,14.933,6866.9947,482.2692,133.60956154356242,-6751.575257230173,1206.0037426943425,-5875.443879091929,3328.7804362288184,1206.0037426943425,10.1878,150.4659,4
1401,STARLINK-31957,satellite,0,63,43.0025,263.5812,80.8111,324.9669,45.778,6862.977,484.1799,3036.6532247987416,-5154.273320733335,3351.6060485424605,-5982.265951336915,17.03995243726927,3351.6060485424605,29.4127,179.8368,4
1402,STARLINK-31968,satellite,0,63,43.0193,263.6537,43.2021,320.1994,3.4016,6867.5559,483.48,-461.2872393648982,-6840.421792425841,277.7568259825336,-5648.43167056854,3885.7915382085985,277.7568259825336,2.3345,145.4743,5
1403,STARLINK-31970,satellite,0,63,42.9969,263.9977,105.9142,123.1204,229.0346,6862.5147,490.7742,-3299.1156759755822,4871.233199947674,-3534.223111606019,5872.683420694189,353.0815373874273,-3534.223111606019,-31.1521,3.4406,4
1404,STARLINK-31932,satellite,0,76,42.9839,260.7091,73.0089,26.109,99.1179,6858.8306,486.4647,5061.720858528144,272.64534286677645,4614.555049851428,-2347.2644679304944,-4492.850214533844,4614.555049851428,42.4908,-117.5846,76
1405,STARLINK-31956,satellite,0,63,42.9813,263.8935,85.3172,179.0914,264.4086,6858.6938,495.1677,-4897.7411641937,1196.5221663588813,-4656.952948485277,3527.3137969569575,3602.44239146481,-4656.952948485277,-42.9058,45.6037,4
1406,STARLINK-31960,satellite,0,63,43.0209,263.6762,20.7869,328.4852,349.2721,6867.2362,483.8175,-1670.70503431383,-6597.8046922185995,-871.4260322163019,-4822.872464660066,4802.310200098186,-871.4260322163019,-7.3415,135.1224,5
1407,STARLINK-31432,satellite,0,63,43.0131,264.0561,169.2217,31.5641,200.7858,6866.4242,485.4219,-1106.709534585408,6565.56207135925,-1661.250678636075,6211.785252824706,-2396.9011826946285,-1661.250678636075,-14.0938,-21.0998,6
1408,STARLINK-31853,satellite,0,63,42.9854,263.9581,74.4067,168.7817,243.1884,6860.4532,493.3234,-4130.335124226211,3550.30919296627,-4176.5455010242085,5160.47594540614,1741.7955164031603,-4176.5455010242085,-37.6547,18.6509,4
1409,STARLINK-31971,satellite,0,76,42.985,260.7339,103.6495,334.2832,77.9328,6859.0132,486.6414,4609.263297449103,-2204.0966433087847,4570.675395800181,-4246.827385164813,-2840.3885858928934,4570.675395800181,41.9938,-146.2244,6
1410,STARLINK-31962,satellite,0,63,42.9919,264.1935,88.2891,34.7377,123.0267,6861.2906,485.0345,4561.0871322895355,3292.2648559525433,3919.7462893621823,505.38174204236634,-5602.42028099353,3919.7462893621823,35.0376,-84.8454,104
1411,STARLINK-31879,satellite,0,63,42.9895,264.3792,99.1885,327.0961,66.2847,6860.0766,485.9626,4299.206286873146,-3193.772900800187,4279.93448842193,-4939.939370292223,-2068.902863068273,4279.93448842193,38.8042,-157.2755,5
1412,STARLINK-31876,satellite,0,63,42.9844,263.8203,103.1592,182.4393,285.5985,6859.2897,494.8423,-5006.739987952109,-1314.2981181323128,-4507.3287700950395,1423.2544980417165,4976.863619197219,-4507.3287700950395,-41.2247,74.0408,4
1413,STARLINK-31955,satellite,0,63,43.0115,263.7104,9.0881,318.9937,328.0818,6865.0549,487.204,-3275.237624318641,-5499.242763842436,-2475.0186153563554,-3059.5495418165897,5622.1000589277755,-2475.0186153563554,-21.261,118.5551,8
1414,STARLINK-31946,satellite,0,63,42.9831,264.3069,91.0039,356.5247,87.5286,6858.6574,487.0315,4956.267655058701,-791.1605368905086,4669.427301416225,-3208.4983131238173,-3859.5417653389336,4669.427301416225,43.1118,-129.7373,55
1415,STARLINK-31948,satellite,0,76,42.9929,260.6391,84.5108,35.8786,120.3894,6860.861,485.3629,4832.327887585048,2718.519508818382,4032.8741274242734,-126.46801892050811,-5543.0810000530055,4032.8741274242734,36.201,-91.307,115
1416,STARLINK-31900,satellite,0,63,43.0176,263.6184,60.1534,324.4716,24.625,6866.0274,482.6778,1383.6284141128551,-6428.903039961093,1949.8074703031002,-6235.484481893746,2089.008176533475,1949.8074703031002,16.6128,161.4782,5
1417,STARLINK-31973,satellite,0,63,43.0161,264.111,131.2452,34.1995,165.4447,6866.9899,482.2483,1935.0691029234897,6475.225679210406,1176.08850629479,4582.596107571763,-4967.1775632307645,1176.08850629479,9.9326,-47.3061,4
1418,STARLINK-31966,satellite,0,63,43.0191,264.0751,154.7957,31.8783,186.6741,6867.45,483.546,123.56182868212623,6838.82837428528,-544.057610300568,5819.3210715322375,-3594.4879085702332,-544.057610300568,-4.5762,-31.7029,7
1419,STARLINK-32302,satellite,0,44,42.9973,85.6108,90.2711,37.7088,127.9799,6862.1402,484.87,-4264.270734026856,-3904.6778783549366,3685.823992776345,-1183.5361821450485,5659.483751398698,3685.823992776345,32.6788,101.8117,4
1420,STARLINK-32364,satellite,0,44,42.9857,85.7913,99.8869,331.5915,71.4785,6859.5299,486.282,-4582.534722508416,2520.8185962000944,4432.05857206096,4505.619221766965,2655.851333638152,4432.05857206096,40.4547,30.5174,10
1421,STARLINK-32331,satellite,0,71,43.0209,89.4076,35.8942,327.3953,3.2895,6867.581,482.5857,-216.99162106453474,6851.995082207975,268.59383196597213,6004.348704143173,-3308.2803099599487,268.59383196597213,2.2577,-28.8539,6
1422,STARLINK-32398,satellite,0,44,43.02,85.9392,41.0293,326.6825,7.7119,6867.4473,482.2903,-189.9552249456581,6828.794458600561,628.0732742140078,5970.602773076294,-3319.7016841022846,628.0732742140078,5.2856,-29.0744,6
1423,STARLINK-32365,satellite,0,44,42.9888,85.6506,79.8105,34.1244,113.9348,6860.0922,486.0716,-4781.469973237397,-2425.777186965116,4272.731343099537,352.3266406686719,5350.0201872559655,4272.731343099537,38.7262,86.2322,4
1424,STARLINK-32333,satellite,0,71,42.9899,89.534,99.9785,199.7146,299.6931,6860.834,492.9808,4388.809005407895,3364.3197337451093,-4065.539437248362,655.2310213642745,-5490.989352153046,-4065.539437248362,-36.4934,-83.1952,11
1425,STARLINK-32399,satellite,0,80,42.9996,78.4973,106.6439,122.1573,228.8011,6862.611,490.9688,2799.551742248702,-5183.157517744598,-3521.9898937456765,-5886.17458447221,235.7129024756426,-3521.9898937456765,-31.0315,177.7068,9
1426,STARLINK-32421,satellite,0,44,43.0138,85.9911,13.5993,318.7702,332.3695,6865.6735,486.5411,2746.4605706128755,5902.335948313058,-2171.102771980414,3675.973439978281,-5372.879542782813,-2171.102771980414,-18.5511,-55.6212,14
1427,STARLINK-32403,satellite,0,44,43.0122,85.9047,65.6215,323.2702,28.8917,6865.5528,482.7246,-1987.9970654322788,6162.592475045995,2260.474214516853,6314.6841121587195,-1433.332797821609,2260.474214516853,19.3552,-12.7885,4
1428,STARLINK-32390,satellite,0,44,42.9859,86.0981,101.0427,188.913,289.9557,6859.6932,494.5907,4868.090441542529,2016.0207241604742,-4398.950520248666,-748.9558393368603,-5215.525789218713,-4398.950520248666,-40.0333,-98.1719,4
1429,STARLINK-32348,satellite,0,71,43.0165,89.438,17.3124,324.7874,342.0999,6866.7532,484.9457,1606.0830719337416,6514.528607226779,-1438.8735759391752,4784.204461059496,-4704.250576139266,-1438.8735759391752,-12.1773,-44.5172,12
1430,STARLINK-32455,satellite,0,71,42.9854,89.6736,81.2279,176.0442,257.2721,6859.0827,495.3592,4889.135472381433,-1540.1654033992174,-4564.967558265913,-3818.5054313488376,-3419.7618934489747,-4564.967558265913,-41.8642,-138.1531,4
1431,STARLINK-32396,satellite,0,71,43.0051,89.4797,21.1876,299.7226,320.9102,6864.0213,488.7803,3212.8005272164924,5297.777245674629,-2951.5276603229663,2918.1077534120222,-5465.636112288035,-2951.5276603229663,-25.6108,-61.9022,14
1432,STARLINK-32355,satellite,0,71,42.9914,89.7196,75.7986,167.3543,243.153,6860.4681,493.317,4464.020189682306,-3121.513276835088,-4175.707003431065,-4961.850881422249,-2247.52246304197,-4175.707003431065,-37.6459,-155.6314,4
1433,STARLINK-32370,satellite,0,44,43.0136,85.5615,113.7128,35.5353,149.2481,6865.3058,482.7952,-3012.5841730817556,-5677.857278561434,2392.242669292586,-3347.1517188940807,5487.285489777267,2392.242669292586,20.5317,121.3825,6
1434,STARLINK-32405,satellite,0,71,43.0043,89.775,141.3161,80.6059,221.922,6863.5891,489.6328,3333.307096586277,-5119.814052036244,-3127.560442049868,-6103.937225772705,-255.69996364184945,-3127.560442049868,-27.2547,-177.6012,6
1435,STARLINK-32419,satellite,0,44,42.9997,86.035,72.8523,238.3117,311.164,6862.5213,491.0482,4082.3054096522856,4245.573854621687,-3523.9065703387696,1569.5672951656447,-5676.845366809806,-3523.9065703387696,-31.0499,-74.5446,12
1436,STARLINK-32320,satellite,0,71,43.0186,89.8145,160.9472,39.7558,200.7031,6866.4939,485.5847,1752.975744216823,-6425.037745215629,-1655.1414771416366,-6420.548804378546,1769.346500222972,-1655.1414771416366,-14.0405,164.5931,6
1437,STARLINK-32341,satellite,0,44,43.021,85.9559,26.8636,326.7266,353.5902,6867.4813,483.3512,1039.4909549783633,6762.000220454167,-522.6099851469146,5286.060054778028,-4343.127620066459,-522.6099851469146,-4.3955,-39.4072,9
1438,STARLINK-32339,satellite,0,44,43.0248,85.5275,137.3785,33.2025,170.581,6867.3742,482.1652,-1345.9712498554045,-6682.937723671331,766.0127235752003,-5061.732192791808,4566.416804493618,766.0127235752003,6.451,137.945,5
1439,STARLINK-32327,satellite,0,44,42.9809,85.7169,86.9321,5.7523,92.6843,6858.6672,486.9662,-5019.585633442518,53.99078912699888,4668.413223340858,2606.725575329846,4290.004278750123,4668.413223340858,43.1007,58.716,4
1440,STARLINK-32337,satellite,0,44,42.998,85.852,88.6276,321.5279,50.1555,6862.3212,484.6101,-3522.552897623902,4660.238524350669,3590.319079946882,5805.164829020031,652.8884501271839,3590.319079946882,31.7344,6.4169,12
1441,STARLINK-32362,satellite,0,12,42.9911,158.1789,94.4352,323.766,58.2013,6861.0976,485.3626,-4938.33414719295,-2614.0281236775713,3973.4745770829036,270.4146348511399,5580.964352687403,3973.4745770829036,35.587,87.226,4
1442,STARLINK-32472,satellite,0,12,43.0164,158.7017,152.6251,46.201,198.8261,6866.7572,485.549,6640.008487346283,-850.7124880279108,-1510.7857836111114,-4118.528835883522,-5277.418372396984,-1510.7857836111114,-12.7946,-127.9687,4
1443,STARLINK-32352,satellite,0,12,42.9808,158.0877,91.015,355.5499,86.5649,6858.6196,487.1085,-2249.341568350954,-4491.2578344758485,4665.237918314404,-2715.8098602141195,4225.554547040658,4665.237918314404,43.0632,122.7293,7
1444,STARLINK-32427,satellite,0,12,43.0203,158.2917,32.4597,328.9918,1.4515,6867.6349,482.57,-6419.083945435738,2418.784030566045,118.56462843394014,5354.604164002625,4287.583134111561,118.56462843394014,0.9964,38.6852,4
1445,STARLINK-32346,satellite,0,12,43.0155,158.3209,14.8158,325.6286,340.4444,6866.5224,484.9971,-5388.44033711554,3949.2689379426233,-1566.9158343351683,6145.345068261711,2620.448130157084,-1566.9158343351683,-13.2794,23.094,4
1446,STARLINK-32330,satellite,0,21,43.0072,169.0543,151.3614,62.4319,213.7933,6864.8648,488.4675,6130.218295152644,1657.75458503388,-2603.8636279450566,-1700.8745783281572,-6118.394583485283,-2603.8636279450566,-22.4209,-105.5356,2
1447,STARLINK-32379,satellite,0,12,42.9845,158.0178,78.2118,29.5886,107.8004,6859.4449,486.124,156.00414492284193,-5212.1003667910145,4450.144815072961,-4562.703617226176,2524.29460009867,4450.144815072961,40.655,151.0466,7
1448,STARLINK-32433,satellite,0,21,43.0168,169.0916,158.0033,34.6622,192.6655,6867.2545,484.2496,6782.1339875971835,-186.77762638150534,-1026.414229994426,-3619.9448042202735,-5738.312201495857,-1026.414229994426,-8.6557,-122.2453,4
1449,STARLINK-32394,satellite,0,21,43.0197,169.1119,144.4142,34.1639,178.5781,6867.6535,482.7542,6711.789627945917,-1417.791634868637,116.14909942626512,-4642.908518881173,-5049.916198810284,116.14909942626512,0.9761,-132.5955,2
1450,STARLINK-32486,satellite,0,21,43.0149,169.1426,117.0753,40.2417,157.317,6866.3597,482.3371,5850.877792674086,-3091.4412405394514,1804.4205012647296,-5643.364261087261,-3455.7516845395476,1804.4205012647296,15.3436,-148.5185,8
1451,STARLINK-32391,satellite,0,21,43.0065,169.1855,96.1493,40.0086,136.1578,6863.3336,484.5895,4206.652829353588,-4340.1731459956945,3240.101252662909,-5878.795508080451,-1404.5619737497568,3240.101252662909,28.3433,-166.5628,8
1452,STARLINK-32483,satellite,0,21,42.9864,169.2415,80.189,34.6775,114.8665,6860.2703,485.7437,1982.8097892524343,-5008.248560301848,4241.011605477749,-5319.141748907349,849.0108109745557,4241.011605477749,38.3889,170.9313,4
1453,STARLINK-32451,satellite,0,21,42.9885,169.3862,96.1287,336.1651,72.2937,6859.5242,485.6867,-2928.9337710057694,-4310.956700098428,4452.524225002245,-2214.093497336893,4718.13423824631,4452.524225002245,40.6844,115.1394,4
1454,STARLINK-32556,satellite,0,21,42.9863,169.3128,84.7129,8.8925,93.6054,6858.7125,487.1159,-504.5168818725388,-4997.992086791344,4664.873079750823,-4041.6358296616922,2983.226777185759,4664.873079750823,43.059,143.5681,6
1455,STARLINK-32466,satellite,0,21,42.9925,169.4309,89.4057,328.7029,58.1087,6861.2161,484.2478,-4341.103120323962,-3520.7796487639475,3968.9582214734746,-814.1411671679377,5529.7594700275395,3968.9582214734746,35.5472,98.3754,2
1456,STARLINK-32316,satellite,0,4,43.012,165.6995,109.492,38.0866,147.5786,6865.111,483.0541,4945.785671554899,-4035.3699543340335,2508.293872073443,-5993.623837304165,-2195.786846257828,2508.293872073443,21.5746,-159.8795,9
1457,STARLINK-32415,satellite,0,21,43.0202,169.5221,47.3572,328.5893,15.9465,6866.7974,481.5825,-6735.600446890342,-155.4122954408214,1285.6641527066442,3301.878948923598,5872.824002843841,1285.6641527066442,10.8697,60.654,3
1458,STARLINK-32393,satellite,0,21,43.0053,169.4826,74.7622,322.147,36.9092,6864.4248,482.6228,-5940.488769981158,-1960.0867448590689,2808.784623051414,1344.05351639431,6109.408074331961,2808.784623051414,24.3145,77.5927,3
1459,STARLINK-32324,satellite,0,21,43.0137,169.5774,11.6526,321.822,333.4746,6865.7506,486.267,-5633.344985798365,3314.697244953485,-2090.6673692961085,5724.440904562543,3154.7693869588916,-2090.6673692961085,-17.8414,28.8594,2
1460,STARLINK-32318,satellite,0,21,42.9891,169.6594,102.5182,195.6043,298.1225,6860.5776,493.3334,-2387.9026348357643,4936.772876319467,-4127.56233018506,5464.2840498439,-464.11770968227165,-4127.56233018506,-37.1391,-4.8549,2
1461,STARLINK-32401,satellite,0,21,42.9839,169.7299,92.2784,184.6104,276.8887,6858.7208,495.333,78.69043136960697,5051.727884103098,-4645.806914189734,4305.052810659288,-2644.365159437794,-4645.806914189734,-42.7776,-31.5602,2
1462,STARLINK-32588,satellite,0,21,42.9985,169.6212,70.2048,242.023,312.2278,6862.6342,490.5765,-3867.5603330770837,4487.068909844691,-3465.872838458783,5832.189067697368,1037.9696577055863,-3465.872838458783,-30.4867,10.0914,2
1463,STARLINK-32569,satellite,0,21,42.9832,169.7985,76.6067,179.0664,255.6731,6859.1441,494.6032,2533.1292551198803,4487.071871888075,-4533.816416787432,2567.460820723926,-4467.516395121676,-4533.816416787432,-41.5213,-60.1142,11
1464,STARLINK-32303,satellite,0,36,42.9889,213.1144,71.7286,171.798,243.5266,6860.2671,493.183,107.50409853308717,5435.556397383247,-4189.090258277686,4620.502115351642,-2864.9242018535765,-4189.090258277686,-37.7882,-31.8008,4
1465,STARLINK-32434,satellite,0,36,42.9808,213.4448,85.7674,9.1888,94.9561,6858.5317,486.725,3247.7491330482335,-3842.545772895923,4655.922805676318,-4961.668977272297,-833.5906717265746,4655.922805676318,42.9597,-170.463,4
1466,STARLINK-32460,satellite,0,36,43.0062,212.7472,75.3585,323.738,39.0965,6863.8588,483.3304,-2765.478725598523,-5538.6693101258015,2949.6647774327525,-3353.469093722848,5203.746279951888,2949.6647774327525,25.6154,122.7991,6
1467,STARLINK-32559,satellite,0,36,43.0035,212.8751,15.2358,306.0853,321.3211,6863.9209,488.3964,-6201.944208404753,-273.8489309542957,-2925.1725461013702,2927.8106569644015,5474.215008393053,-2925.1725461013702,-25.3677,61.8605,4
1468,STARLINK-32541,satellite,0,53,42.9883,216.8487,78.7923,33.0082,111.8004,6859.7367,486.1862,4829.783447732796,-2199.173370842408,4340.258806048547,-4355.071022898856,-3032.577790020029,4340.258806048547,39.4534,-145.1492,4
1469,STARLINK-32544,satellite,0,36,42.9818,212.9971,94.5938,184.1371,278.7309,6858.7908,495.4294,-3576.7637331915844,3595.211374939273,-4625.300013152026,4916.743879173537,1242.7442456824724,-4625.300013152026,-42.5439,14.1849,4
1470,STARLINK-32555,satellite,0,53,43.001,217.0496,85.9635,322.0721,48.0356,6862.5041,484.3193,-1412.7530340851565,-5738.497654025531,3477.265445063009,-4215.319524728272,4142.138066870532,3477.265445063009,30.6285,135.5017,5
1471,STARLINK-32547,satellite,0,36,43.0112,212.764,65.4255,326.612,32.0375,6864.9168,482.9275,-3449.1280248056187,-5383.329186170998,2481.7171899335312,-2871.153316871878,5712.547232994719,2481.7171899335312,21.3353,116.6843,5
1472,STARLINK-32616,satellite,0,36,43.0168,213.2112,169.5984,31.5376,201.1359,6866.2237,485.2419,4364.074070899084,5019.31738694644,-1688.0291543098806,2091.3757949071123,-6313.860689916526,-1688.0291543098806,-14.3261,-71.6733,6
1473,STARLINK-32605,satellite,0,36,42.9877,212.9251,103.795,196.3234,300.1184,6860.7008,492.0488,-5250.759935744497,1773.1037592666385,-4047.5447088153282,4203.3147562198765,3611.996941317819,-4047.5447088153282,-36.3122,40.6732,4
1474,STARLINK-32579,satellite,0,53,43.0006,216.7874,94.2249,38.8458,133.0708,6862.6653,484.2242,5944.009401297957,-129.6798962467646,3416.264491532409,-3143.3396235865143,-5046.531546418793,3416.264491532409,30.0366,-121.9176,47
1475,STARLINK-32537,satellite,0,53,43.0131,217.0825,65.9802,327.8237,33.804,6864.5783,482.8817,-2863.9702977013535,-5661.668945830926,2602.7548789282546,-3409.0293766705436,5351.199849314085,2602.7548789282546,22.4301,122.4995,5
1476,STARLINK-32564,satellite,0,53,42.9854,216.9828,104.9795,324.2729,69.2524,6859.6213,485.6561,881.20563025552,-5206.9093006216835,4370.771163201079,-4928.134287590284,1897.8725645236625,4370.771163201079,39.7885,158.9378,5
1477,STARLINK-32536,satellite,0,53,43.023,217.1131,43.3091,329.3602,12.6694,6867.0113,482.2089,-4673.491552527553,-4915.531580351097,1026.533839194986,-1844.284303779112,6527.065911710203,1026.533839194986,8.6593,105.7781,4
1478,STARLINK-32624,satellite,0,36,42.9894,212.6667,100.5157,327.0052,67.5209,6859.7802,486.3539,294.4597015011602,-5315.867502116031,4319.6397683381565,-4722.578340826594,2458.1309221880374,4319.6397683381565,39.2292,152.5027,6
1479,STARLINK-32622,satellite,0,36,43.015,212.7748,58.9521,325.9927,24.9448,6865.8356,482.3752,-4083.9472241377835,-5144.8615064287615,1973.3260849781884,-2342.2425070137397,6136.94752203513,1973.3260849781884,16.8197,110.89,5
1480,STARLINK-32620,satellite,0,36,43.0018,213.1675,140.1439,82.1959,222.3398,6863.3844,489.5854,2397.001097636259,5605.217164356598,-3152.674146102479,3598.6549319562587,-4920.747545076271,-3152.674146102479,-27.4919,-53.8211,14
1481,STARLINK-32609,satellite,0,36,42.9799,213.043,83.7674,181.0027,264.7701,6858.5502,495.2515,-2202.1148527742494,4532.7701814241545,-4659.659322756077,5022.022689399282,-417.8557760468542,-4659.659322756077,-42.936,-4.7563,4
1482,STARLINK-32567,satellite,0,22,43.0251,209.7621,152.7348,31.6259,184.3607,6867.3682,483.0319,5749.5301530451015,3727.0691248399703,-355.9546138432854,273.1976428104057,-6846.422736734348,-355.9546138432854,-2.9924,-87.7149,4
1483,STARLINK-32420,satellite,0,36,43.0152,212.8335,15.0796,327.4572,342.5368,6866.6264,484.6411,-6316.301745211808,-2283.9250136144565,-1404.772867933132,1257.1943769557156,6597.836274334978,-1404.772867933132,-11.885,79.2118,4
1484,STARLINK-32354,satellite,0,53,42.983,216.9139,88.0014,2.5525,90.5539,6858.4812,486.5821,3064.712170793998,-3969.4084927196045,4673.2226699198,-4977.428894123276,-611.4458895389877,4673.2226699198,43.1588,-172.9967,3
1485,STARLINK-32361,satellite,0,36,42.9831,213.4702,100.4651,340.3215,80.7866,6858.792,486.9343,1814.5350211727045,-4734.812300976256,4613.566981911226,-4998.11838291578,854.281861505698,4613.566981911226,42.476,170.3007,4
1486,STARLINK-32500,satellite,0,53,43.0143,216.7361,119.6726,34.555,154.2276,6865.804,483.2264,6254.731061271453,1947.0934920162042,2034.5890676645379,-1515.5117042881059,-6373.0728843825045,2034.5890676645379,17.3557,-103.3764,24
1487,STARLINK-32499,satellite,0,14,42.999,110.7951,39.1046,275.9806,315.0852,6863.0363,489.6842,1587.581523799679,5801.54122022458,-3304.595854561263,4180.372887822162,-4324.6708711110505,-3304.595854561263,-28.9358,-45.972,12
1488,STARLINK-32372,satellite,0,14,42.9831,110.9241,88.2437,184.4977,272.7413,6858.6374,495.8849,4567.704024633574,2097.9004666004107,-4674.450867201907,-525.3129923924092,-4998.915150754181,-4674.450867201907,-43.1001,-95.9989,4
1489,STARLINK-32452,satellite,0,49,43.0057,104.1626,164.3828,53.5949,217.9777,6864.0004,488.3295,4317.918091029896,-4489.485728517281,-2880.3730694494043,-6063.976999050684,-1424.1073352763333,-2880.3730694494043,-24.953,-166.7838,5
1490,STARLINK-32458,satellite,0,57,43.0223,96.8753,29.4199,324.5391,353.959,6867.4843,483.3812,-292.693924699217,6837.4347863805015,-492.6736571475604,6030.437480360635,-3235.73917166135,-492.6736571475604,-4.1433,-28.2166,7
1491,STARLINK-32487,satellite,0,14,42.9853,111.2872,78.6214,31.5098,110.1312,6859.5495,486.3106,-3530.853155683351,-3908.0027931186573,4388.698131877468,-1560.4824762925386,5030.338386153183,4388.698131877468,39.9794,107.2346,4
1492,STARLINK-32513,satellite,0,57,42.9955,96.7547,94.2387,323.4231,57.6618,6861.1742,485.1584,-4638.862179412368,3143.682490626765,3950.360338029094,5070.099263471921,2386.6033143355107,3950.360338029094,35.3506,25.2074,9
1493,STARLINK-32514,satellite,0,49,43.019,104.198,163.161,33.4617,196.6227,6866.8049,484.7943,3004.1498010707896,-6022.463144677336,-1339.2605199153818,-6712.451451270077,487.82565595991514,-1339.2605199153818,-11.3231,175.8434,5
1494,STARLINK-32498,satellite,0,57,43.0016,96.5128,96.4178,39.2057,135.6236,6863.1814,483.8312,-2928.6659712206383,-5267.348597666993,3270.715346674908,-3036.8603304736766,5205.720406776133,3270.715346674908,28.6388,120.258,6
1495,STARLINK-32518,satellite,0,49,42.9908,104.3583,88.9384,326.3398,55.2782,6861.5119,484.2226,-4961.280113355974,2760.827609366154,3842.274676096888,4905.242983792955,2859.206309759736,3842.274676096888,34.2535,30.2374,7
1496,STARLINK-32471,satellite,0,49,42.9859,104.0689,78.8219,174.5558,253.3777,6859.1232,493.9259,5143.507534005932,-734.9286974524659,-4483.721904464311,-3255.6345274099262,-4049.275708895519,-4483.721904464311,-40.9696,-128.7994,4
1497,STARLINK-32450,satellite,0,49,42.9971,104.1291,91.3751,140.7475,232.1226,6861.8257,491.3378,4870.963188889051,-3119.1820019429897,-3694.4197574225045,-5167.410692627601,-2598.7392101700393,-3694.4197574225045,-32.7296,-153.3017,4
1498,STARLINK-32613,satellite,0,14,43.0164,111.5541,44.9646,325.9326,10.8972,6867.2101,481.5599,-3356.3620618357054,5916.313907592403,884.6489428577848,6800.7974368543355,-130.7316571332864,884.6489428577848,7.456,-1.1013,5
1499,STARLINK-32610,satellite,0,14,42.9943,111.469,90.8659,322.556,53.4219,6861.6836,485.0252,-5243.445981094309,2328.525576063978,3754.8597362427913,4677.3243284524715,3322.4078981221996,3754.8597362427913,33.3677,35.387,5
1500,STARLINK-32612,satellite,0,14,43.0084,111.5171,67.7906,324.3874,32.178,6864.9374,482.8724,-4613.710456564959,4420.612995500762,2491.272813203339,6155.608481806138,1713.659141055593,2491.272813203339,21.4216,15.5567,5
1501,STARLINK-32601,satellite,0,14,42.9851,110.8505,99.1049,194.8611,293.966,6860.0831,493.7733,3295.2824555471357,4238.40284986514,-4276.19845639905,1964.8275532578907,-4996.238371569186,-4276.19845639905,-38.7117,-68.5322,14
1502,STARLINK-32593,satellite,0,14,43.0118,111.6099,16.1662,319.3904,335.5566,6866.0151,485.9982,-370.37254922767335,6572.938933984065,-1937.0503900328088,5842.55490729843,-3034.0161849120063,-1937.0503900328088,-16.4927,-27.4427,10
1503,STARLINK-32586,satellite,0,14,42.9998,111.2284,94.3881,36.8486,131.2367,6862.45,484.8991,-1878.7831621116277,-5579.045967039568,3516.852703457174,-3840.4658976176574,4461.659081755399,3516.852703457174,31.0119,130.7209,7
1504,STARLINK-32611,satellite,0,14,43.0123,111.186,116.1019,36.489,152.5908,6865.7446,482.8018,47.828011306934954,-6511.690852042484,2153.839570269023,-5625.3562078728555,3280.20926249922,2153.839570269023,18.4089,149.7531,5
1505,STARLINK-32607,satellite,0,14,42.9823,111.4009,102.8883,331.673,74.5613,6859.1502,486.7059,-5166.930233138394,-64.83363306830618,4505.291634903709,2579.674495105222,4477.3486499713235,4505.291634903709,41.2616,60.0511,4
1506,STARLINK-32606,satellite,0,14,42.9928,111.0258,83.2808,154.1887,237.4695,6861.0618,492.3944,5274.9569776661365,-1926.4808128804323,-3945.9256613783004,-4347.582309418488,-3554.5783858928357,-3945.9256613783004,-35.2622,-140.7306,4
1507,STARLINK-32578,satellite,0,14,42.9939,111.0499,100.6121,129.8051,230.4171,6862.1118,491.6959,5181.996997626761,-2692.003040392929,-3607.3870961313523,-4958.622952263245,-3084.1581785287353,-3607.3870961313523,-31.8658,-148.1193,4
1508,STARLINK-32517,satellite,0,14,43.0168,111.5849,24.4055,325.2827,349.6882,6867.2859,483.7723,-1648.4002683940828,6607.726924357872,-837.9285433546518,6524.347257078355,-1952.4782766473395,-837.9285433546518,-7.0579,-16.6604,4
1509,STARLINK-32522,satellite,0,14,43.0227,111.1511,144.5543,29.2198,173.7741,6867.4803,482.3756,1953.539764490198,-6556.753799918342,507.62322008824617,-6636.142486495073,1664.0164972508612,507.62322008824617,4.2699,165.9233,4
1510,STARLINK-32560,satellite,0,14,42.9873,110.9901,71.9119,179.7192,251.6311,6859.2609,494.0052,5223.195606553376,-312.5747630775738,-4441.1198268110575,-2932.996954679221,-4333.244072363557,-4441.1198268110575,-40.4992,-124.0925,4
1511,STARLINK-32637,satellite,0,38,43.0147,187.3123,118.5573,37.3203,155.8776,6865.9195,482.2618,6469.740377818661,-1236.1438671531785,1912.218447012425,-4363.206684678131,-4934.371251077247,1912.218447012425,16.2847,-131.4846,4
1512,STARLINK-32582,satellite,0,68,43.0017,194.7017,53.4867,262.4787,315.9654,6862.9949,489.9331,-5658.019002034495,2122.453680974888,-3253.6398677963566,4711.530592037148,3784.1073102602886,-3253.6398677963566,-28.448,38.77,4
1513,STARLINK-32615,satellite,0,38,42.9974,187.8107,98.9785,204.5914,303.5699,6861.1375,491.7164,-4328.051422446482,3627.724515203105,-3899.6613977783704,5327.91092761309,1872.3726714966867,-3899.6613977783704,-34.7935,19.3629,4
1514,STARLINK-32592,satellite,0,68,43.0165,195.0599,140.7117,33.8319,174.5436,6867.3525,482.306,6718.643126857619,1313.856639609431,445.03110424551284,-2296.8062257643774,-6449.113574500522,445.03110424551284,3.7426,-109.603,4
1515,STARLINK-32225,satellite,0,38,42.9814,187.8749,94.0859,188.1578,282.2437,6859.4398,496.2048,-2114.5351072921153,4662.1585454571805,-4573.712314856876,5088.643846409423,-559.1822845457498,-4573.712314856876,-41.956,-6.271,4
1516,STARLINK-32595,satellite,0,68,42.9925,194.9393,79.8797,158.2678,238.1476,6860.9154,492.2156,2400.240572592238,5053.632805393586,-3975.243165731303,3122.5632337817206,-4642.193252020299,-3975.243165731303,-35.5642,-56.0733,15
1517,STARLINK-32480,satellite,0,38,42.9799,187.9205,94.9582,173.2937,268.2519,6858.383,494.0588,-484.1492710409947,4999.005785631287,-4676.09917948335,4546.786047287161,-2133.3532294534357,-4676.09917948335,-43.1332,-25.136,4
1518,STARLINK-32510,satellite,0,68,42.9804,195.244,78.1164,18.5419,96.6583,6858.582,486.9602,2076.6537065176317,-4597.133426993649,4642.043212267172,-5013.3914296873245,558.5989036092616,4642.043212267172,42.7995,173.6422,4
1519,STARLINK-32456,satellite,0,38,42.9839,187.9925,73.0177,173.8581,246.8758,6859.8967,493.6427,2027.2073438970301,4947.377382759126,-4303.422850536632,3221.4378118478185,-4267.1361598833155,-4303.422850536632,-39.0048,-52.9493,13
1520,STARLINK-32509,satellite,0,38,43.0141,187.7314,12.5002,326.3762,338.8764,6866.2633,485.2421,-6586.051421944818,930.6409944193109,-1687.006422247293,4159.75718476022,5190.23950861912,-1687.006422247293,-14.3172,51.2893,4
1521,STARLINK-32491,satellite,0,68,42.9886,195.1755,80.8925,37.0395,117.932,6860.435,485.5908,4259.374825721534,-3435.617892056245,4130.161123807914,-5127.6433428949385,-1911.2869889874098,4130.161123807914,37.2155,-159.5575,9
1522,STARLINK-32577,satellite,0,68,42.9813,194.8019,98.585,181.9987,280.5836,6858.7708,494.9696,-2479.753883073344,4449.884811646521,-4599.639066602498,5092.342076672894,-136.77109229112114,-4599.639066602498,-42.2572,-1.5385,4
1523,STARLINK-32618,satellite,0,38,42.9779,187.8947,92.2426,182.9789,275.2215,6858.7022,495.5155,-1305.6068504752097,4867.617983339378,-4659.727079799269,4852.766256863164,-1359.7697363844309,-4659.727079799269,-42.9348,-15.6531,4
1524,STARLINK-32598,satellite,0,38,43.0201,187.2562,159.0155,32.2169,191.2324,6866.9299,483.6491,6552.658631323158,1819.3659247782416,-911.852048560149,-1777.3359087704284,-6564.183465922724,-911.852048560149,-7.6842,-105.1503,4
1525,STARLINK-32630,satellite,0,68,43.0042,194.989,159.3481,57.6105,216.9586,6864.1962,488.4217,4516.944319476111,4333.224177827422,-2814.3295041103197,1423.2671940467028,-6095.402222569571,-2814.3295041103197,-24.3435,-76.857,10
1526,STARLINK-32599,satellite,0,68,43.0158,195.0267,161.1816,34.5781,195.7598,6866.7207,484.718,6025.020472441003,3028.389155919161,-1271.4734956546536,-468.28082332900806,-6727.014615973737,-1271.4734956546536,-10.7433,-93.982,4
1527,STARLINK-32473,satellite,0,38,43.0056,187.7537,352.9293,331.8568,324.7861,6864.4393,487.2509,-5945.481496378241,2110.7701704805972,-2698.8638453211215,4848.104043873808,4037.3243758882154,-2698.8638453211215,-23.2896,39.7863,4
1528,STARLINK-32492,satellite,0,68,43.0186,194.655,7.1645,329.8601,337.0246,6866.0239,485.0198,-6607.222665711908,296.235721479756,-1827.2579397477461,3624.8788775287753,5532.0339912389845,-1827.2579397477461,-15.5363,56.7651,4
1529,STARLINK-32496,satellite,0,68,43.0019,195.117,101.585,37.5739,139.1589,6863.5428,483.2515,5863.340529556127,-1813.151633211354,3058.39792948925,-4550.21389095005,-4118.47478530071,3058.39792948925,26.6315,-137.8512,4
1530,STARLINK-32495,satellite,0,68,42.9836,194.4536,101.1049,335.0963,76.2012,6858.9482,486.4651,-367.7291058455501,-5124.141170027725,4538.916476777941,-4219.91147899025,2929.913741929171,4538.916476777941,41.6387,145.2275,7
1531,STARLINK-32494,satellite,0,68,42.9889,194.7525,108.9486,185.8135,294.7621,6859.9477,493.246,-3940.730143484767,3676.4240337695774,-4249.4168591434445,5172.242503690142,1514.3827861109535,-4249.4168591434445,-38.4288,16.3195,4
1532,STARLINK-32408,satellite,0,38,43.0183,187.7196,14.9878,330.9762,345.964,6866.8857,483.9818,-6759.776856991389,311.5292868534487,-1135.3279734319167,3715.845147001996,5655.451219521349,-1135.3279734319167,-9.5826,56.6936,4
1533,STARLINK-32571,satellite,0,38,43.0099,187.218,168.5302,43.9371,212.4672,6864.8127,487.3272,5405.603056510197,3399.9700605789435,-2512.914334318838,167.27007837406265,-6383.7576346746055,-2512.914334318838,-21.6021,-88.4991,4
1534,STARLINK-33566,satellite,0,83,43.0171,122.2311,146.5785,34.5298,181.1082,6867.5872,483.049,3740.7044495069476,-5751.06562298778,-90.5320108676409,-6854.698277930475,-284.1427405545998,-90.5320108676409,-0.7608,-177.6263,4
1535,STARLINK-33545,satellite,0,25,42.9912,136.6671,98.3597,198.6463,297.0061,6860.4886,494.1264,802.6281833654484,5392.916602824892,-4170.3127532114,4229.271498520423,-3441.078911847229,-4170.3127532114,-37.5838,-39.133,8
1536,STARLINK-33562,satellite,0,25,42.995,136.8735,85.2188,148.1898,233.4086,6861.6526,491.717,5741.389155426599,144.8457724678811,-3757.930334643547,-2803.860985873022,-5012.274264617923,-3757.930334643547,-33.3616,-119.2226,4
1537,STARLINK-33554,satellite,0,25,43.0055,136.61,33.5986,284.6426,318.2413,6863.4568,489.2576,-1424.1221165426311,5945.853981657751,-3117.5308001230346,5840.649198697701,-1807.794322309123,-3117.5308001230346,-27.1618,-17.1983,4
1538,STARLINK-33555,satellite,0,25,42.9989,137.0469,98.2109,36.1059,134.3168,6862.869,483.8178,1061.2047558335819,-5890.30807778907,3345.810076152827,-5607.762635768052,2091.622099222211,3345.810076152827,29.3586,159.5451,4
1539,STARLINK-33559,satellite,0,25,43.0118,137.0066,115.0427,40.5489,155.5915,6866.0367,482.3485,3155.095291816502,-5774.954218267892,1933.4239348905987,-6576.550441792055,231.74729792926556,1933.4239348905987,16.4701,177.9818,4
1540,STARLINK-33553,satellite,0,25,43.0174,136.9457,157.4959,40.5123,198.0082,6866.7666,485.2687,5827.756972052129,-3321.9899330489243,-1447.3614681999245,-5829.875259825366,-3318.271070219657,-1447.3614681999245,-12.2496,-150.3522,4
1541,STARLINK-33556,satellite,0,25,42.9816,136.7318,91.8376,183.8364,275.674,6858.6808,495.3093,2930.6338743815877,4103.4108821204945,-4656.40733964577,2034.7080332145822,-4613.735904096568,-4656.40733964577,-42.8985,-66.202,13
1542,STARLINK-33551,satellite,0,25,43.019,136.9763,141.1643,35.6845,176.8488,6867.4394,482.5079,4819.883443286487,-4875.505838463092,257.2946958547906,-6652.04011939927,-1658.9743330315398,257.2946958547906,2.1627,-165.9965,4
1543,STARLINK-32311,satellite,0,78,42.9998,52.6262,189.7367,36.1401,225.8768,6862.9,489.3941,-36.99076514854326,-5983.653566057464,-3359.596600975101,-5127.907996521795,3083.8349330835304,-3359.596600975101,-29.4649,148.978,16
1544,STARLINK-32470,satellite,0,24,43.0243,67.414,155.2145,31.0936,186.3081,6867.4297,483.3932,-2110.4243311257337,-6508.490942728518,-514.387524703331,-4521.767314973506,5134.974737836979,-514.387524703331,-4.3262,131.3666,4
1545,STARLINK-32502,satellite,0,24,42.9904,67.711,101.0415,324.9256,65.9672,6859.9666,486.0099,-3178.900035394433,4320.617128728397,4269.5745155877785,5337.759812024175,530.5261513173423,4269.5745155877785,38.6927,5.6761,18
1546,STARLINK-32521,satellite,0,26,43.011,63.9045,109.3346,32.0696,141.4042,6863.8511,483.6427,-5167.010250063547,-3437.5050287178906,2918.263005141063,-321.2518417299773,6197.679646521562,2918.263005141063,25.3224,92.9672,4
1547,STARLINK-32549,satellite,0,24,42.9814,67.2251,87.2426,176.8109,264.0535,6858.677,495.4921,4329.680439328563,-2589.0152663563968,-4654.270521108477,-4435.307195958394,-2403.5770912559783,-4654.270521108477,-42.8727,-151.5459,4
1548,STARLINK-32535,satellite,0,26,43.0146,64.3589,54.3059,326.5375,20.8434,6866.2922,482.2665,1165.152715598652,6551.1993793622805,1664.9268378234835,5040.647030126847,-4343.693322104709,1664.9268378234835,14.1323,-40.7526,4
1549,STARLINK-32548,satellite,0,24,43.0194,67.8621,16.8353,331.3091,348.1444,6867.0432,483.7292,3485.145977777118,5831.658306661961,-961.7352157549253,3238.407515029035,-5972.202094594501,-961.7352157549253,-8.1072,-61.5314,5
1550,STARLINK-32525,satellite,0,24,43.0019,67.3309,107.8091,120.7855,228.5946,6862.5894,490.8778,1724.4616254183543,-5639.642936269544,-3510.971074544724,-5730.455988457767,1393.274743366865,-3510.971074544724,-30.9244,166.3345,16
1551,STARLINK-32628,satellite,0,24,42.9988,67.507,93.2857,36.4706,129.7563,6862.1375,484.1848,-5239.300472450625,-2576.4376791229433,3594.753276649656,456.25830454975505,5820.663958222906,3594.753276649656,31.7803,85.518,4
1552,STARLINK-32626,satellite,0,24,43.0184,67.8077,54.5303,328.9685,23.4989,6865.9875,482.4118,524.440687202457,6579.436951512171,1865.8238701592857,5391.736358187143,-3806.994572772595,1865.8238701592857,15.8788,-35.2251,4
1553,STARLINK-32608,satellite,0,24,43.0178,67.4367,129.8589,35.3466,165.2054,6866.8376,482.1402,-3727.471301484759,-5633.149302728036,1195.0087219267848,-2944.061855346268,6079.384274917397,1195.0087219267848,10.0942,115.8395,5
1554,STARLINK-32488,satellite,0,24,43.0057,67.8954,22.1347,304.8299,326.9646,6864.7074,487.7621,4699.92232999948,4300.980135440564,-2551.885323560413,1302.203203679448,-6236.3424256377275,-2551.885323560413,-21.9526,-78.2056,9
1555,STARLINK-32490,satellite,0,24,42.9857,67.2707,75.0766,174.8424,249.919,6859.6172,494.3011,3438.927489417795,-3995.645044243636,-4395.25033841114,-5190.867959493079,-919.9409895043649,-4395.25033841114,-39.9949,-169.9502,8
1556,STARLINK-32557,satellite,0,62,43.0083,56.945,108.5813,34.5631,143.1444,6864.2354,483.1924,-5513.991063346257,-2958.4788594522956,2805.6821327847697,267.7581492202329,6251.799755431606,2805.6821327847697,24.2838,87.5476,4
1557,STARLINK-32568,satellite,0,24,43.0024,67.7642,83.4275,321.3338,44.7613,6862.9728,483.9334,-1426.1119550921487,5843.0678314009465,3293.154832778479,5753.253728807414,-1753.6557594844287,3293.154832778479,28.8529,-16.9518,8
1558,STARLINK-32462,satellite,0,26,42.9942,64.2803,93.8582,322.3596,56.2178,6861.2504,485.0153,-2100.7183711708562,5243.47451488963,3886.036034854911,5581.6091927768375,-867.5721770440099,3886.036034854911,34.6936,-8.835,10
1559,STARLINK-32463,satellite,0,24,43.0132,67.3736,165.3788,42.1992,207.5781,6865.56,486.712,-195.93673290084536,-6508.532896528528,-2167.3395101227884,-5498.3054688628135,3488.270150026681,-2167.3395101227884,-18.5174,147.6079,12
1560,STARLINK-32550,satellite,0,24,43.0207,67.827,40.5822,328.7717,9.3539,6867.1974,482.3725,1799.7512033403702,6576.104366099923,760.732006329831,4738.385972303878,-4902.239427571588,760.732006329831,6.4062,-45.9737,5
1561,STARLINK-32507,satellite,0,24,42.9801,67.1501,92.69,192.547,285.237,6859.1626,495.9325,5165.992380713681,-219.08869862408852,-4515.518310548636,-2823.4088851385627,-4331.724760736446,-4515.518310548636,-41.3077,-123.0962,4
1562,STARLINK-32245,satellite,0,24,42.979,67.6359,100.0583,347.0801,87.1385,6858.6394,485.9694,-4501.389347880903,2222.047912250163,4666.863983786633,4207.24587321228,2738.4457540526914,4666.863983786633,43.0908,33.0596,9
1563,STARLINK-32546,satellite,0,26,43.0061,64.3278,72.8804,322.168,35.0483,6864.5836,483.1942,-163.44359757858425,6307.931977731365,2686.2538857658137,5509.065992934705,-3076.834660940642,2686.2538857658137,23.1891,-29.1835,4
1564,STARLINK-32545,satellite,0,24,42.9929,67.946,78.0276,227.6206,305.6482,6861.5917,490.6929,5281.984572016353,2175.2468699541546,-3802.540911968701,-823.1096977032694,-5652.747154243762,-3802.540911968701,-33.8155,-98.2847,4
1565,STARLINK-32554,satellite,0,24,43.0088,67.4733,106.501,37.3323,143.8333,6864.5762,483.1249,-4854.628643977651,-3980.11326291104,2760.5205950232767,-947.3036193707599,6205.750293820701,2760.5205950232767,23.869,98.6792,4
1566,STARLINK-32570,satellite,0,24,42.985,67.5672,82.2722,26.161,108.4332,6859.4434,485.9024,-5224.554282182678,-188.11190848260088,4434.028954195352,2503.029685906697,4589.792580177905,4434.028954195352,40.4791,61.3943,4
1567,STARLINK-32529,satellite,0,71,42.9915,89.764,95.1097,324.405,59.5148,6860.7789,485.3289,-4307.277039977178,3495.963066526072,4028.791503741408,5203.981564349441,1921.7099519802894,4028.791503741408,36.1588,20.268,10
1568,STARLINK-32464,satellite,0,71,43.0168,89.8364,51.154,325.9345,17.0885,6866.6207,481.9467,-1454.9622720370733,6560.581812821624,1375.048024573107,6385.131059495913,-2094.815096574813,1375.048024573107,11.6347,-18.1635,4
1569,STARLINK-32482,satellite,0,71,42.9969,89.3429,95.9979,133.3698,229.3677,6862.406,491.4234,3758.286040404633,-4513.126562610641,-3552.3102730105147,-5798.86591697766,-930.6875998727554,-3552.3102730105147,-31.3259,-170.8821,7
1570,STARLINK-32454,satellite,0,57,42.9825,97.042,79.0427,176.1154,255.1581,6859.0794,494.5254,5032.370642789191,-1149.7917453599878,-4523.141330123183,-3555.7881342433657,-3742.077776914658,-4523.141330123183,-41.4029,-133.5378,4
1571,STARLINK-32485,satellite,0,46,42.9814,92.6839,84.8139,182.5122,267.3261,6858.6509,495.3732,5025.23587259908,-84.97978217438192,-4674.22178727244,-2636.2623821632114,-4279.058049504142,-4674.22178727244,-43.1014,-121.6366,4
1572,STARLINK-32388,satellite,0,57,42.9812,96.9704,94.4876,181.9244,276.412,6858.4897,494.8329,4859.615914242346,1366.293978027539,-4649.723719711841,-1303.4888249174303,-4876.837392375018,-4649.723719711841,-42.826,-104.9643,4
1573,STARLINK-32374,satellite,0,71,42.9868,89.5795,78.9854,30.1609,109.1463,6859.4501,486.3404,-4753.902994568904,-2213.6749688850655,4415.77270137732,520.7032982050696,5218.124052269921,4415.77270137732,40.2755,84.3015,4
1574,STARLINK-32384,satellite,0,71,42.9837,89.6022,78.0365,24.0895,102.126,6858.9252,486.7467,-4913.003526255515,-1405.979416751266,4569.633440205971,1296.5846643843777,4943.000098868156,4569.633440205971,41.9812,75.302,4
1575,STARLINK-32295,satellite,0,71,42.9996,89.7753,82.859,322.5416,45.4006,6862.8872,483.982,-3551.9151783701327,4828.6204783164285,3329.8012517135153,5964.973264153993,592.2593316115552,3329.8012517135153,29.204,5.6703,12
1576,STARLINK-32479,satellite,0,71,43.0177,89.4609,129.9071,28.7795,158.6866,6866.3309,482.7787,-1882.9656511977894,-6373.007639443074,1700.958466977281,-4521.25020271546,4870.224083185077,1700.958466977281,14.4434,132.8719,6
1577,STARLINK-32468,satellite,0,71,43.0206,89.4475,129.1338,36.6206,165.7544,6867.0047,482.1946,-1298.1876435421846,-6636.5791560470225,1151.6806434234745,-5046.229837137247,4501.670632455158,1151.6806434234745,9.7246,138.2643,5
1578,STARLINK-32629,satellite,0,71,42.9994,89.0782,43.8445,270.3789,314.2234,6862.9219,489.9002,3673.476761415822,4728.101101054706,-3354.129190814927,2193.134759109896,-5571.313262314441,-3354.129190814927,-29.4099,-68.513,13
1579,STARLINK-32644,satellite,0,71,42.9939,89.7542,89.5267,322.9885,52.5151,6861.749,484.5366,-3961.497353294506,4189.499600587932,3710.086372183588,5624.151459987907,1270.54655113526,3710.086372183588,32.9224,12.7299,12
1580,STARLINK-32623,satellite,0,46,43.0097,92.8418,168.6028,42.1324,210.7352,6865.1338,487.2017,2854.0062905723976,-5764.369651864644,-2392.4348767416986,-6413.873016697548,485.32701928083327,-2392.4348767416986,-20.5196,175.6728,7
1581,STARLINK-32639,satellite,0,71,42.9897,89.7127,98.4757,328.1822,66.6579,6859.8458,485.7995,-4590.553708578016,2739.3564888348023,4291.9756434080655,4697.682405517467,2551.281509585396,4291.9756434080655,38.9347,28.5061,10
1582,STARLINK-32625,satellite,0,71,43.0142,89.8186,55.0068,329.1378,24.1447,6865.8888,482.4275,-2031.5648824367042,6265.309739509056,1913.9075898493684,6425.257433326816,-1448.2502957070628,1913.9075898493684,16.299,-12.7022,3
1583,STARLINK-32635,satellite,0,57,42.9927,97.1045,87.9054,145.9932,233.8986,6861.7038,491.9123,4525.288074833799,-3511.378176759057,-3781.551651014661,-5328.439246481116,-2101.3671875739633,-3781.551651014661,-33.5975,-158.4773,4
1584,STARLINK-32532,satellite,0,71,43.0146,89.3871,170.7021,37.4705,208.1726,6865.5269,486.6268,2304.1829236116173,-6074.521001909281,-2210.2806378551345,-6400.203893515343,1116.4472533583262,-2210.2806378551345,-18.898,170.1049,4
1585,STARLINK-32503,satellite,0,57,42.9885,96.8984,106.6538,190.9766,297.6304,6860.3409,492.8928,4033.335972004566,3694.108490148326,-4146.000953398557,1120.2075865217712,-5353.444831428735,-4146.000953398557,-37.3356,-78.1814,12
1586,STARLINK-32508,satellite,0,71,43.0103,89.4817,109.2248,35.3964,144.6212,6864.3776,483.0951,-2953.8695763387627,-5565.028356351193,2708.4466419499827,-3280.0510527683086,5379.233325692994,2708.4466419499827,23.3922,121.3732,6
1587,STARLINK-32524,satellite,0,46,43.0093,92.9407,110.6392,36.7189,147.358,6864.7462,482.9475,-2405.19342142757,-5906.15160628528,2523.296614783707,-3853.321896190943,5081.288473924708,2523.296614783707,21.7104,127.1743,6
1588,STARLINK-32484,satellite,0,71,43.0099,89.8021,64.8464,326.3808,31.2271,6865.1212,483.3585,-2579.878327548995,5874.043673943235,2425.5145124124015,6368.386453826898,-777.0554954851108,2425.5145124124015,20.8284,-6.9567,4
1589,STARLINK-32497,satellite,0,46,43.0199,92.8776,156.2314,33.4681,189.6995,6867.1528,483.7364,1183.676985590273,-6712.54433164224,-788.7134284586463,-6377.468427241052,2405.6681130243164,-788.7134284586463,-6.6415,159.3328,4
1590,STARLINK-32526,satellite,0,46,43.0194,92.9077,133.692,34.7305,168.4225,6867.1806,482.3328,-664.374304920487,-6762.902845508191,939.2936444319173,-5478.168147258331,4020.935446533006,939.2936444319173,7.9184,143.7216,5
1591,STARLINK-32686,satellite,0,59,42.9829,198.4921,86.8138,182.0845,268.8983,6858.4838,494.9298,-1467.0143488396097,4802.495584505123,-4678.261529203448,4879.079307663616,-1187.7205262271202,-4678.261529203448,-43.1511,-13.6815,4
1592,STARLINK-32688,satellite,0,35,43.0185,202.1695,140.6077,31.9926,172.6003,6867.2853,482.3399,6543.992227412151,1968.9291641108614,602.786465574229,-1644.2703122920173,-6633.015261992999,602.786465574229,5.0722,-103.9225,10
1593,STARLINK-32684,satellite,0,35,43.0013,201.8031,34.5357,279.5678,314.1035,6862.8176,489.5982,-5772.992060910272,1572.2521564781493,-3360.90828767423,4296.923717939863,4163.635519721807,-3360.90828767423,-29.4766,44.0974,4
1594,STARLINK-32672,satellite,0,35,42.996,202.0532,80.1645,156.0801,236.2446,6861.236,491.5372,1967.384851684956,5299.683750372465,-3891.076541065861,3554.9833719116477,-4395.377598572514,-3891.076541065861,-34.7071,-51.0341,14
1595,STARLINK-32682,satellite,0,21,42.9915,169.4121,92.8246,212.4134,305.238,6861.544,491.7193,-3139.071863410912,4758.044103760942,-3822.406183937303,5693.693209251857,273.15471057919075,-3822.406183937303,-34.01,2.7467,2
1596,STARLINK-32663,satellite,0,35,42.9938,202.486,87.4405,324.779,52.2195,6861.8149,484.4502,-2365.1945483560417,-5268.7751380545205,3695.330736860796,-3325.491153259191,4721.784122188289,3695.330736860796,32.7757,125.1565,7
1597,STARLINK-32640,satellite,0,35,42.9863,201.9156,94.161,184.5058,278.6668,6858.5857,494.5724,-2811.8416328114677,4218.406112749674,-4625.899788012295,5062.622576479537,266.9384727149171,-4625.899788012295,-42.5573,3.0183,4
1598,STARLINK-32653,satellite,0,68,43.0152,195.215,125.4329,34.8248,160.2577,6866.3714,482.2983,6674.425308864356,59.612855502768745,1580.638697392261,-3353.0768666183285,-5771.341475142435,1580.638697392261,13.4033,-120.156,5
1599,STARLINK-32647,satellite,0,35,43.0144,202.1867,122.0819,36.3712,158.4531,6866.1619,482.4419,6603.077904243736,703.6442051830195,1718.5152639991945,-2762.72880221725,-6038.466903312357,1718.5152639991945,14.5965,-114.5851,9
1600,STARLINK-32667,satellite,0,35,43.0214,201.7325,27.471,328.9495,356.4205,6867.3492,482.4995,-6476.48342096268,-2244.4505769578473,-292.23795419973726,1372.8500325213358,6715.480525071682,-292.23795419973726,-2.4566,78.4462,4
1601,STARLINK-32655,satellite,0,35,42.9821,202.3521,86.598,8.1467,94.7447,6858.4707,486.5976,2424.968039375869,-4406.458259249381,4657.409918981123,-5027.0451679240205,161.7444346903045,4657.409918981123,42.9777,178.1572,4
1602,STARLINK-32665,satellite,0,35,43.0197,202.1366,160.9742,32.843,193.8172,6866.9151,484.2342,5720.604036976686,3620.6316753670003,-1118.04668960029,196.4006439729778,-6767.252844662435,-1118.04668960029,-9.4351,-88.3376,4
1603,STARLINK-32660,satellite,0,38,43.0143,187.8946,0.6227,331.0705,331.6931,6865.334,485.9143,-6310.794012339225,1526.8201638262212,-2219.6977216785012,4532.156724992998,4649.393110820346,-2219.6977216785012,-18.9836,45.7316,4
1604,STARLINK-32448,satellite,0,35,43.0146,201.7639,11.1473,324.0726,335.2198,6865.8255,485.8417,-6566.032852171048,-356.98363616822036,-1962.1112162580603,3042.0100042047757,5829.785576382669,-1962.1112162580603,-16.7126,62.4442,4
1605,STARLINK-32430,satellite,0,59,42.9912,198.7921,89.3156,38.0298,127.3454,6861.8487,484.2477,5221.625803296463,-2434.5476770568443,3716.6432065036734,-4757.388519140491,-3249.561955012485,3716.6432065036734,32.9895,-145.6647,8
1606,STARLINK-32675,satellite,0,35,43.0071,202.0984,167.668,47.3549,215.0229,6864.4502,487.7185,4123.590320521287,4782.696286192351,-2686.3787230117273,2010.509647613286,-5986.320393556368,-2686.3787230117273,-23.174,-71.4353,11
1607,STARLINK-32671,satellite,0,35,43.0175,202.5546,49.4239,327.4072,16.8312,6866.6875,482.0412,-5506.33891739935,-3859.3771560325254,1354.9857957816055,-511.0429117554904,6704.729334441236,1354.9857957816055,11.4625,94.3587,4
1608,STARLINK-32670,satellite,0,35,42.9858,201.9833,76.4581,180.9726,257.4307,6858.8839,494.5537,-449.36993092950246,5103.076423199626,-4567.2904036751215,4618.561767293005,-2216.3504951922187,-4567.2904036751215,-41.8963,-25.6354,4
1609,STARLINK-32642,satellite,0,35,42.9846,201.863,100.7645,192.014,292.7786,6859.8116,494.9008,-4190.77270411369,3307.3129660613326,-4315.2454378975235,4982.292090829516,1917.7227210103724,-4315.2454378975235,-39.1235,21.0521,4
1610,STARLINK-32668,satellite,0,59,42.9826,198.8606,77.3875,28.8046,106.1921,6859.0434,486.0935,3365.7909151096405,-3939.417438389062,4488.207863750981,-5105.200402321806,-885.7127583204986,4488.207863750981,41.0763,-170.1576,4
1611,STARLINK-32669,satellite,0,35,42.9831,202.419,97.8253,335.6653,73.4906,6859.1691,486.3115,32.91821963037603,-5187.809266980134,4481.128604022101,-4479.028775970537,2617.775739779186,4481.128604022101,40.9962,149.6958,7
1612,STARLINK-32666,satellite,0,35,43.0034,202.5159,74.3389,323.6984,38.0373,6864.1479,482.8266,-3805.831630764431,-4922.587151766636,2881.7696673136006,-2292.9110284062663,5784.356289534552,2881.7696673136006,24.9874,111.6233,5
1613,STARLINK-32662,satellite,0,35,42.9878,202.2796,79.9115,35.97,115.8815,6860.451,485.5612,4479.72584306902,-3040.490288617007,4205.604114973753,-4900.170640023427,-2302.3580353383722,4205.604114973753,38.0129,-154.8334,6
1614,STARLINK-33548,satellite,0,25,42.9908,136.9262,92.3626,324.4255,56.788,6861.1932,484.9239,-5608.640284337744,-500.23854886690447,3911.3606748877933,2430.4639118100727,5079.3631114793825,3911.3606748877933,34.9525,64.429,5
1615,STARLINK-33544,satellite,0,86,42.9905,147.9688,83.5205,37.1283,120.6488,6860.8477,485.3855,674.6711590531705,-5511.369331204742,4021.977389839773,-5084.667506381593,2230.8136245212286,4021.977389839773,36.0878,156.3113,6
1616,STARLINK-33560,satellite,0,86,43.0017,147.7747,158.6155,61.4703,220.0857,6863.5575,488.6708,6165.078570473428,-65.83172488319033,-3013.9151327221384,-3201.1796732868497,-5269.24817174584,-3013.9151327221384,-26.1926,-121.2796,4
1617,STARLINK-33547,satellite,0,25,42.9805,136.8557,99.6415,338.4039,78.0454,6858.8649,486.787,-4391.356507367669,-2608.9204591936896,4572.292139721757,-4.183055396628449,5107.882187291259,4572.292139721757,42.0109,90.0469,4
1618,STARLINK-33563,satellite,0,86,43.017,147.8366,140.6529,43.7233,184.3761,6867.4766,484.0675,5995.897183857599,-3318.2325391663985,-357.212628559551,-5912.404844505054,-3464.811564580005,-357.212628559551,-3.0026,-149.6287,4
1619,STARLINK-33550,satellite,0,86,42.9897,147.7275,81.6196,159.2605,240.8801,6860.6251,492.5998,5165.628683943891,1924.8587946966852,-4088.2396665399738,-979.1299222639478,-5424.952135754975,-4088.2396665399738,-36.7323,-100.231,4
1620,STARLINK-33564,satellite,0,86,43.0135,147.8726,128.7031,34.4719,163.175,6866.6669,482.2148,4788.374474495577,-4721.21823019726,1354.4393067411145,-6503.259846597174,-1710.5680497380483,1354.4393067411145,11.4576,-165.2632,8
1621,STARLINK-33546,satellite,0,86,43.0111,147.8066,173.7559,31.765,205.521,6865.8468,485.6597,6392.108065518318,-1469.7587246748283,-2016.6831405122498,-4524.550922983256,-4748.4392357229835,-2016.6831405122498,-17.1919,-133.6169,4
1622,STARLINK-33565,satellite,0,25,42.9918,136.486,76.4122,164.4169,240.8291,6860.6034,492.9555,5444.32269508073,875.606473376629,-4086.581166039822,-2023.783512166889,-5129.486972424398,-4086.581166039822,-36.7128,-111.5312,4
1623,STARLINK-33549,satellite,0,86,43.0026,147.9131,105.7101,36.0428,141.7528,6864.1597,483.3535,2913.74567177853,-5491.28875118826,2895.408433630208,-6209.456029765064,294.6553972848973,2895.408433630208,25.1117,177.2832,4
1624,STARLINK-32692,satellite,0,30,43.018,253.4551,167.8134,32.2579,200.0713,6866.462,484.9935,184.8645373645325,6668.658966663914,-1606.6157835451024,5641.683667256974,-3560.4202995500286,-1606.6157835451024,-13.6222,-32.2557,10
1625,STARLINK-32680,satellite,0,69,43.0114,245.6629,179.7611,29.9176,209.6788,6865.3104,486.6039,193.264869070413,6456.13161326135,-2317.7700187972837,5454.595875540516,-3459.2442168638204,-2317.7700187972837,-19.854,-32.3824,10
1626,STARLINK-32638,satellite,0,9,42.9914,257.0662,94.4536,30.4841,124.9377,6861.4414,484.1835,4885.2990963919065,2906.397123266555,3832.25749410268,8.114443427928672,-5684.4723286464805,3832.25749410268,34.1523,-89.9182,110
1627,STARLINK-32283,satellite,0,29,43.0062,241.8826,10.1156,310.0323,320.1479,6863.8076,488.4906,-5319.205402814374,-3131.0493844544335,-2999.477141792449,19.97123809689693,6172.2781462658495,-2999.477141792449,-26.0585,89.8146,4
1628,STARLINK-32676,satellite,0,69,42.9817,245.9741,101.1103,334.0897,75.2,6859.1431,486.6315,3715.7694711784457,-3573.6899002400237,4518.743199040569,-4969.133572901555,-1373.285768032975,4518.743199040569,41.412,-164.5512,4
1629,STARLINK-32659,satellite,0,69,43.0079,245.751,116.9912,36.1303,153.1215,6865.6852,482.8765,4580.1933344998515,4646.875365357087,2115.1519184596173,1660.7901572358344,-6309.785867696938,2115.1519184596173,18.0667,-75.2537,25
1630,STARLINK-32614,satellite,0,30,43.0063,253.424,155.9469,65.3411,221.288,6863.5929,489.0122,-1702.7419057162351,5887.154314362927,-3088.7104791364886,5932.271903836942,-1538.202190074827,-3088.7104791364886,-26.8918,-14.5363,4
1631,STARLINK-32418,satellite,0,69,42.992,245.389,102.222,199.3871,301.6091,6860.9626,492.7992,-5385.38303928704,-1489.9943539176882,-3985.9725834326437,1465.2616468025092,5392.164867746229,-3985.9725834326437,-35.6711,74.7976,4
1632,STARLINK-32657,satellite,0,94,43.0062,311.0417,6.5903,318.5476,325.1379,6864.5803,487.89,1533.8025178533128,-6130.736201802455,-2675.640308815744,-6055.617159552287,1807.7547833708625,-2675.640308815744,-23.0755,163.3783,11
1633,STARLINK-32734,satellite,0,8,43.0196,307.9289,162.4923,32.7397,195.232,6866.8884,484.3543,-5109.303929702894,4412.09245862611,-1229.9465810050847,6401.061658018789,2144.284533308157,-1229.9465810050847,-10.3891,18.5203,4
1634,STARLINK-32733,satellite,0,8,42.9949,307.4191,91.3768,323.0701,54.4469,6861.5745,484.9504,5662.922866391935,-687.1311797680482,3804.0151431444942,-3479.4545887336585,-4520.424804579141,3804.0151431444942,33.8626,-127.5861,55
1635,STARLINK-32707,satellite,0,8,42.9835,307.7902,72.796,178.8751,251.6711,6859.5656,494.4207,-5089.232147704004,-1214.9722855916318,-4442.098961450311,1550.7644356345131,4997.156308657038,-4442.098961450311,-40.507,72.7593,4
1636,STARLINK-32705,satellite,0,87,43.021,300.1846,136.4272,32.9977,169.4249,6867.1585,482.4596,-2595.0027883377234,6292.15868836374,858.9903865088612,6735.737972622774,-977.3097744315849,858.9903865088612,7.2376,-8.2556,5
1637,STARLINK-32743,satellite,0,8,42.9804,307.2762,89.7132,7.2705,96.9837,6858.6228,486.5245,3456.1024974858433,3677.992892621365,4638.601499995019,1400.7691888621655,-4848.723736287271,4638.601499995019,42.7637,-73.8863,79
1638,STARLINK-32753,satellite,0,8,43.0187,307.5005,44.1216,327.9582,12.0798,6867.0125,482.246,4916.355458877326,-4682.843709219325,979.4234546195125,-6535.53029589103,-1840.2228002332774,979.4234546195125,8.2591,-164.2743,9
1639,STARLINK-32699,satellite,0,94,43.0202,310.9843,33.4012,327.0887,0.4899,6867.4784,483.0725,4532.156209663359,-5151.130358634894,40.02437968686529,-6742.357665211051,-1270.904006921837,40.02437968686529,0.3363,-169.3253,4
1640,STARLINK-32713,satellite,0,47,43.022,220.435,148.437,29.3892,177.8262,6867.3655,482.5185,5341.56417759919,4301.693217288936,177.55041408108445,975.5412074756377,-6788.60749724106,177.55041408108445,1.4922,-81.8224,7
1641,STARLINK-32732,satellite,0,47,43.0241,219.9959,30.9817,330.7522,1.7339,6867.4282,482.4161,-5155.851700852295,-4523.736808625008,141.63796123336132,-1261.253985193992,6742.1242839124925,141.63796123336132,1.1904,100.5959,4
1642,STARLINK-32328,satellite,0,47,42.9811,220.6307,80.222,12.7524,92.9744,6858.5076,487.1477,3531.3885928495074,-3569.4015250821776,4667.382626432813,-4871.399804381094,-1216.8798571931534,4667.382626432813,43.0875,-165.9745,4
1643,STARLINK-32332,satellite,0,47,43.0133,220.4628,122.217,34.5161,156.7331,6866.0774,482.6074,6079.929829683055,2581.971652020241,1848.3221685853025,-880.2690786833156,-6546.544943313227,1848.3221685853025,15.7256,-97.6582,21
1644,STARLINK-32717,satellite,0,47,42.9819,220.2416,83.1425,179.5996,262.7422,6858.6374,494.9369,-2555.750686140123,4362.06105176273,-4641.66113579718,5055.56428172697,-26.60793749146987,-4641.66113579718,-42.7335,-0.3016,4
1645,STARLINK-32757,satellite,0,47,42.9898,220.5394,83.3644,37.9561,121.3205,6860.9015,485.3332,5493.17549495314,-939.3817598752488,3993.7399497630076,-3609.844008050164,-4245.755686174643,3993.7399497630076,35.7961,-130.372,54
1646,STARLINK-32731,satellite,0,47,42.9972,220.769,86.9889,323.4558,50.4447,6862.1366,484.4271,-782.0675359083602,-5779.635903845298,3605.2167520638823,-4572.391108136785,3620.643639737428,3605.2167520638823,31.8823,141.6261,7
1647,STARLINK-32694,satellite,0,47,43.006,220.0652,11.944,307.3674,319.3114,6863.6165,488.3919,-6088.070423209596,-845.4032448960671,-3051.4987558522084,2378.111965114994,5667.794245190731,-3051.4987558522084,-26.5453,67.2379,4
1648,STARLINK-32708,satellite,0,47,43.0035,220.4868,105.4411,37.1153,142.5564,6864.1689,483.3662,6120.779551194324,1216.0986634067972,2843.720973443256,-2075.9458668604907,-5885.005270288484,2843.720973443256,24.6337,-109.4304,64
1649,STARLINK-32718,satellite,0,47,43.0172,220.0244,15.4542,325.1034,340.5576,6866.4507,485.2562,-6029.329750289975,-2882.677920882453,-1558.3052282786527,595.8107672421804,6656.399834964336,-1558.3052282786527,-13.2047,84.8851,4
1650,STARLINK-32729,satellite,0,47,42.9908,220.1142,111.881,186.2473,298.1283,6860.4456,492.5581,-5326.840962383938,1300.9852753743307,-4127.001570951542,3836.032932580791,3918.245610656366,-4127.001570951542,-37.1381,45.6074,4
1651,STARLINK-32739,satellite,0,47,43.0075,220.3697,171.1279,42.2377,213.3656,6864.6829,487.7322,2579.110699379041,5815.389668129096,-2574.5121100780448,3686.5458752827785,-5184.587592207274,-2574.5121100780448,-22.1574,-54.5849,13
1652,STARLINK-32714,satellite,0,47,42.9939,220.7501,93.6814,323.8535,57.5349,6861.0752,485.2995,-26.18175260499978,-5607.792049047094,3944.784600524437,-4810.127978025663,2882.8260413247312,3944.784600524437,35.2925,149.0647,7
1653,STARLINK-32685,satellite,0,47,42.982,220.6068,76.9977,22.9476,99.9453,6858.6925,486.9084,4114.015279113123,-2979.6746640687884,4603.544816021483,-4661.326684242205,-2018.8155842575727,4603.544816021483,42.3627,-156.5826,4
1654,STARLINK-32691,satellite,0,47,43.001,220.3538,159.3537,60.9911,220.3448,6863.6829,488.8052,1882.0786812491458,5862.921568735725,-3030.0789233127034,4082.957543680468,-4609.287057676258,-3030.0789233127034,-26.3431,-48.4651,13
1655,STARLINK-32788,satellite,0,47,42.9892,220.303,75.2145,166.332,241.5465,6860.4499,492.5121,-361.25031755165475,5481.057067361466,-4114.300879399838,4898.731544859346,-2484.938151947489,-4114.300879399838,-37.0053,-26.8969,4
1656,STARLINK-32768,satellite,0,47,43.0121,220.0298,11.2342,322.2619,333.4961,6865.6318,486.4161,-6142.777155423566,-2235.3540127268775,-2089.0799742072013,1210.4643843152467,6423.806871140516,-2089.0799742072013,-17.827,79.3287,4
1657,STARLINK-32792,satellite,0,47,43.0185,219.9571,56.3691,326.6115,22.9806,6866.0704,482.3763,-3582.9473124341475,-5556.122638217017,1826.945174730423,-2951.5239898845175,5915.785353756751,1826.945174730423,15.5397,116.5157,5
1658,STARLINK-32725,satellite,0,47,43.0195,219.955,50.0725,325.82,15.8925,6866.7987,482.1561,-4175.266752074271,-5289.442865329984,1281.5137230732132,-2420.024245155803,6289.240091571094,1281.5137230732132,10.8332,111.0461,5
1659,STARLINK-32681,satellite,0,35,43.0216,201.8232,155.4597,31.6007,187.0603,6867.2968,483.1219,6091.910332959591,3103.605005278481,-575.3828875351817,-437.7025073876034,-6822.913750637339,-575.3828875351817,-4.8405,-93.6706,4
1660,STARLINK-32679,satellite,0,47,43.0079,220.7636,73.0145,323.2994,36.3139,6864.3274,482.8551,-2246.1553365458626,-5857.1995796591,2770.0469500048057,-3892.3351781067395,4919.525136954275,2770.0469500048057,23.9575,128.3511,6
1661,STARLINK-32749,satellite,0,47,42.9806,220.181,98.564,178.38,276.944,6858.5958,495.1298,-3849.890368878605,3272.7225490266646,-4644.8421550703615,4778.669333382351,1642.1595956188023,-4644.8421550703615,-42.7682,18.965,4
1662,STARLINK-32744,satellite,0,47,42.9846,220.6812,96.705,342.0912,78.7962,6858.8237,486.4612,2196.4671789356134,-4598.625940455798,4584.6826561607395,-5075.787166477807,456.3038998228497,4584.6826561607395,42.1529,174.863,4
1663,STARLINK-32701,satellite,0,47,43.0162,220.3976,167.3373,31.7936,199.1309,6866.4657,484.9413,3871.6133396093996,5453.804781662308,-1534.18790214872,2716.279611102993,-6111.890175897329,-1534.18790214872,-12.9974,-66.0384,7
1664,STARLINK-32748,satellite,0,5,43.0179,151.084,139.6402,33.4903,173.1304,6867.3186,482.2533,5671.777950578104,-3818.4486138952434,559.8016428548294,-6177.340333355397,-2930.884054943677,559.8016428548294,4.7098,-154.6177,8
1665,STARLINK-32777,satellite,0,5,42.9995,151.5932,61.5532,252.0838,313.637,6862.916,490.809,-2437.929661919191,5448.87041236568,-3387.763261942384,5930.276003287873,-682.2875728368297,-3387.763261942384,-29.7295,-6.5631,4
1666,STARLINK-32741,satellite,0,86,43.0171,148.0258,51.147,323.4435,14.5906,6867.0402,481.9574,-6300.155225401749,2443.471572864332,1178.848117243517,5315.178197676077,4172.695761555346,1178.848117243517,9.9566,38.1338,4
1667,STARLINK-32754,satellite,0,5,42.9752,151.2943,81.3879,6.7144,88.1023,6858.6252,484.9345,-2606.0408464229727,-4286.427129608985,4669.085524554564,-2357.6891662837643,4427.889816364117,4669.085524554564,43.1243,118.0337,6
1668,STARLINK-32786,satellite,0,5,42.9774,150.8544,89.0667,182.913,271.9797,6858.6525,496.4053,2237.42838432282,4499.272114355874,-4676.867120161233,2728.7796866072,-4219.395306907581,-4676.867120161233,-43.1236,-57.1083,13
1669,STARLINK-32789,satellite,0,5,42.9955,151.4033,86.6602,326.0331,52.6934,6861.8931,484.8875,-5558.060907828914,-1513.2744560879655,3719.202326766247,1533.313456902415,5552.566116442583,3719.202326766247,33.0115,74.5628,4
1670,STARLINK-32791,satellite,0,5,42.9938,151.1553,91.4674,39.1642,130.6316,6862.4716,484.2036,2074.836933254943,-5487.873676306941,3548.4048662036485,-5778.625445558758,1014.4918662277628,3548.4048662036485,31.3244,170.0427,4
1671,STARLINK-32785,satellite,0,5,43.0234,151.4991,43.2238,326.8424,10.0662,6867.4294,481.9789,-6353.936761868237,2452.5989017157654,818.0742467451691,5350.460740764654,4214.299895362711,818.0742467451691,6.8917,38.2258,4
1672,STARLINK-32752,satellite,0,75,43.0123,224.0864,172.3776,36.2531,208.6307,6865.3847,486.5262,2653.667231054472,5917.673293653687,-2243.056615468824,3736.495792383253,-5300.887300923934,-2243.056615468824,-19.1892,-54.8207,14
1673,STARLINK-32760,satellite,0,75,43.0214,224.1165,150.8687,29.5017,180.3704,6867.4343,482.7386,4902.921880802215,4799.171676224544,-30.263136694362725,1627.17552318657,-6665.057506418646,-30.263136694362725,-0.2543,-76.2804,7
1674,STARLINK-32715,satellite,0,75,42.9972,224.2152,93.2448,37.5927,130.8375,6862.3245,484.4576,5859.5850705452085,407.4112350031158,3537.8130422489467,-2638.305034947541,-5247.86315141063,3537.8130422489467,31.2193,-116.6905,69
1675,STARLINK-32764,satellite,0,75,42.9828,224.3437,90.003,358.3068,88.3098,6858.5207,487.2165,3359.2445869754442,-3726.3860754657926,4671.830599778802,-4918.624743850306,-988.7406170137301,4671.830599778802,43.1379,-168.6339,4
1676,STARLINK-32773,satellite,0,75,42.9953,223.7924,100.0207,207.4276,307.4483,6861.9249,491.918,-5770.8400225514215,-11.253337540603955,-3715.9890295398427,2933.790773405513,4969.46605797522,-3715.9890295398427,-32.9413,59.444,4
1677,STARLINK-32750,satellite,0,75,43.0005,223.6041,83.385,323.2558,46.6408,6862.7087,484.3736,-894.4417485488237,-5887.277810683445,3400.234960849206,-4607.66063628947,3772.204862212715,3400.234960849206,29.8808,140.6935,8
1678,STARLINK-32771,satellite,0,75,43.0247,223.7077,18.1063,331.9306,350.0369,6867.1476,483.1663,-5484.48249812393,-4042.0077691913684,-809.9381614853736,-679.278744454008,6779.082199366229,-809.9381614853736,-6.8216,95.7221,4
1679,STARLINK-32766,satellite,0,75,42.9841,223.9646,86.9049,164.2166,251.1216,6859.3975,494.1406,-1699.6359716066852,4961.092009900737,-4427.689323202864,5134.1451285112535,-1068.5271012307076,-4427.689323202864,-40.3508,-11.7567,4
1680,STARLINK-32747,satellite,0,22,43.0217,209.6424,137.8278,32.4959,170.3237,6867.2225,482.2042,6294.38324791412,2611.9436708612725,786.6987903115688,-963.8729130422856,-6746.2922571496665,786.6987903115688,6.6259,-98.1311,12
1681,STARLINK-32767,satellite,0,22,43.0184,209.1765,40.4056,327.896,8.3016,6867.2381,482.0438,-5573.799899230376,-3941.492440831199,675.7315763092087,-547.2643974407171,6804.638833698955,675.7315763092087,5.6882,94.5981,4
1682,STARLINK-32769,satellite,0,22,43.0168,209.2023,19.0705,328.0175,347.088,6866.9811,483.8359,-6384.892070284765,-2284.489821459048,-1045.9836332180741,1291.6936918477747,6657.12159269875,-1045.9836332180741,-8.8226,79.0192,4
1683,STARLINK-32778,satellite,0,22,42.9841,209.7862,81.9715,24.6382,106.6097,6859.222,486.2883,4087.9779919153343,-3197.3247666400002,4478.874838722342,-4835.25552840914,-1885.4054473090143,4478.874838722342,40.9714,-158.6978,4
1684,STARLINK-32710,satellite,0,22,42.9812,208.9841,95.1546,351.0216,86.1762,6858.5226,486.7796,2024.7842909059364,-4598.607200876346,4663.051017891618,-4988.2026063735775,603.9655374432252,4663.051017891618,43.0408,173.0963,4
1685,STARLINK-32742,satellite,0,22,42.9888,209.0533,96.557,328.2997,64.8568,6860.2522,486.0179,-341.7707928191618,-5383.233034607034,4231.845665645877,-4456.006846293381,3039.7381738391896,4231.845665645877,38.2892,145.6995,7
1686,STARLINK-32783,satellite,0,22,43.0063,209.2376,9.0228,316.984,326.0068,6864.5789,487.3745,-6335.186301592742,-330.7279684822611,-2616.9492964648803,2946.8481217927197,5617.83344467522,-2616.9492964648803,-22.5434,62.3206,4
1687,STARLINK-32806,satellite,0,44,43.0137,85.9522,14.0366,325.435,339.4716,6866.4182,485.0573,2208.6918855373633,6285.991911352745,-1641.5092559297025,4280.264885030069,-5106.01083712219,-1641.5092559297025,-13.9237,-50.0276,14
1688,STARLINK-32329,satellite,0,44,42.9806,85.7126,95.3866,350.2485,85.635,6858.5161,486.8705,-4947.542111981995,894.1178243980434,4659.913900189712,3292.6053766298055,3799.522268329276,4659.913900189712,43.0042,49.0883,5
1689,STARLINK-32774,satellite,0,71,43.0136,88.9911,114.0306,38.0677,152.0982,6865.6017,482.5618,-2453.118811360327,-6018.9542176892,2189.421282519504,-3925.9030658629945,5180.046997348196,2189.421282519504,18.7247,127.1581,6
1690,STARLINK-32802,satellite,0,44,43.0152,85.4582,157.294,41.6021,198.8961,6866.5933,485.3919,1105.7509498006416,-6600.932609446778,-1516.127783015535,-6241.719907017368,2415.7667684993835,-1516.127783015535,-12.8409,158.8418,7
1691,STARLINK-32796,satellite,0,44,43.0112,85.4315,167.6467,45.4199,213.0666,6864.7918,487.4041,2271.1408718686816,-5950.887890157676,-2554.1497870149706,-6277.00879420452,1081.8078103696773,-2554.1497870149706,-21.9742,170.2214,8
1692,STARLINK-32805,satellite,0,44,42.9842,86.1909,77.1645,177.4453,254.6098,6859.1127,494.7096,4709.245105430725,-2139.111885540305,-4511.759356213561,-4241.928086191352,-2959.532941777133,-4511.759356213561,-41.2749,-145.0971,4
1693,STARLINK-32770,satellite,0,44,43.0065,85.546,104.8226,37.7647,142.5874,6864.0185,483.2741,-3460.6046046950037,-5193.897304541933,2841.8369555016084,-2702.361778871335,5625.797210730189,2841.8369555016084,24.6167,115.6574,6
1694,STARLINK-32775,satellite,0,44,42.983,85.7399,98.0494,340.5063,78.5556,6858.7953,487.4708,-4801.215519981666,1721.7624509294742,4581.383739416594,3929.8598021802036,3251.513238778471,4581.383739416594,42.1081,39.6039,7
1695,STARLINK-32800,satellite,0,46,42.9954,93.1549,77.2007,161.5475,238.7482,6861.0096,493.0337,4481.3046596059785,-3319.3821792653866,-4001.558317424953,-5140.861800342286,-2161.464654814495,-4001.558317424953,-35.8303,-157.1958,4
1696,STARLINK-32758,satellite,0,71,42.9807,89.1913,104.0572,337.1988,81.256,6858.678,486.7957,-4941.660730686325,1111.9790753140337,4619.225532231624,3476.996543601198,3683.3413196347797,4619.225532231624,42.5413,46.6507,5
1697,STARLINK-32746,satellite,0,44,42.9927,85.3828,82.1327,152.0912,234.2239,6861.6582,492.5285,3737.0647169552235,-4327.756593257462,-3797.4641262635932,-5628.597792898199,-1006.9839695727896,-3797.4641262635932,-33.7541,-169.8568,6
1698,STARLINK-32780,satellite,0,44,42.9815,86.1621,83.9428,177.8096,261.7525,6858.7078,495.3222,4892.325964439308,-1315.006315118029,-4631.0131157962105,-3626.464594902088,-3537.3506319064472,-4631.0131157962105,-42.6096,-135.7127,4
1699,STARLINK-32765,satellite,0,44,43.0128,85.8817,53.6285,328.246,21.8746,6866.1834,482.1738,-1406.629232199478,6482.848942611508,1743.2430854646484,6293.617251360407,-2096.739874895291,1743.2430854646484,14.8118,-18.4257,4
1700,STARLINK-32762,satellite,0,71,43.0043,89.018,102.1805,35.6087,137.7892,6863.4557,483.6746,-3455.7749793248327,-5020.561743670733,3142.325353379231,-2555.7324491168392,5533.231657744767,3142.325353379231,27.4199,114.7916,6
1701,STARLINK-32761,satellite,0,71,42.9952,89.0559,86.7931,36.93,123.723,6861.3519,485.1619,-4233.153620878659,-3737.2860009485476,3888.868557722509,-1055.427423755562,5547.338928173471,3888.868557722509,34.7216,100.7723,4
1702,STARLINK-32763,satellite,0,44,43.017,85.5191,122.0292,34.4967,156.5259,6865.9823,482.4089,-2483.031215350478,-6116.019522227796,1863.918986978598,-3994.1356494359593,5255.284885387393,1863.918986978598,15.8622,127.2357,5
1703,STARLINK-32759,satellite,0,71,42.9931,89.4804,89.2909,217.4837,306.7747,6861.8091,491.8062,4058.2903235359718,4072.3582842952515,-3748.9194611356274,1432.8268953032307,-5567.838847692125,-3748.9194611356274,-33.2709,-75.5686,12
1704,STARLINK-32756,satellite,0,44,42.9897,86.2043,76.7756,170.6587,247.4344,6859.9287,493.6642,4451.468679417085,-2934.855329920084,-4321.565556462835,-4794.897035474494,-2331.9330244647927,-4321.565556462835,-39.2001,-154.0647,4
1705,STARLINK-32751,satellite,0,44,42.9831,86.089,97.8435,185.0692,282.9126,6859.0453,494.9514,4987.3603241729525,1196.3953761954544,-4561.158036940926,-1514.7825013903957,-4900.057027504666,-4561.158036940926,-41.8245,-107.1782,4
1706,STARLINK-32740,satellite,0,44,43.0041,85.4215,147.709,72.2896,219.9985,6863.8167,489.1402,2796.1072077087715,-5498.338374364715,-3008.806255501654,-6155.517103323994,399.4365865795725,-3008.806255501654,-26.1429,176.2872,7
1707,STARLINK-32745,satellite,0,44,43.017,85.933,20.7854,325.7531,346.5385,6867.0401,484.0556,1638.2350651837514,6573.5017734996245,-1089.7305570521262,4818.530177032035,-4761.985576209986,-1089.7305570521262,-9.1943,-44.6618,12
1708,STARLINK-32755,satellite,0,79,42.9979,13.3667,94.8923,138.2113,233.1036,6861.8221,490.9963,-3080.607052715575,-4857.800594849675,-3742.8599232542147,-2607.093054844911,5127.517160960285,-3742.8599232542147,-33.2147,116.9511,8
1709,STARLINK-32797,satellite,0,91,43.0152,20.3341,172.4927,37.7146,210.2073,6865.1416,486.8476,-4683.772814273533,-4428.049308196825,-2355.4072108821288,-1419.7376001409655,6287.264397040749,-2355.4072108821288,-20.1894,102.7246,5
1710,STARLINK-32794,satellite,0,91,42.9907,20.6689,105.0511,323.5462,68.5973,6859.7773,486.8469,692.8621182716995,5251.910844455097,4352.791451285798,4163.974101364871,-3274.743519148272,4352.791451285798,39.5848,-38.1832,5
1711,STARLINK-32807,satellite,0,79,43.0052,12.9699,72.4612,323.2866,35.7478,6864.4155,482.8572,4766.04406040355,4104.183602440369,2732.577842273573,1099.2047764159934,-6192.838435463389,2732.577842273573,23.6139,-79.935,51
1712,STARLINK-32804,satellite,0,91,43.022,20.4045,134.6766,33.0738,167.7503,6867.0932,482.0761,-6653.944649951883,-1339.8776665425146,993.0241700180604,2241.4244631292813,6406.736138004148,993.0241700180604,8.3748,70.7174,4
1713,STARLINK-32799,satellite,0,91,42.984,20.2226,74.7077,177.9338,252.6415,6859.2392,493.9732,-264.93029361282504,-5204.345245601704,-4466.071291937166,-4341.331637791741,2882.401274388997,-4466.071291937166,-40.7742,146.4181,15
1714,STARLINK-32781,satellite,0,91,43.0205,20.3945,137.7061,37.1509,174.857,6867.5333,481.5742,-6560.419938177878,-1959.4436261533663,419.53047148172794,1660.8083015763032,6642.3071951491465,419.53047148172794,3.5283,75.9619,4
1715,STARLINK-32809,satellite,0,91,42.9968,20.0424,98.7371,210.4321,309.1692,6862.0241,491.7308,5406.628477491226,-2170.5763473720103,-3629.00579803556,-4624.698730664224,-3543.3310350548145,-3629.00579803556,-32.079,-142.5415,4
1716,STARLINK-32878,satellite,0,9,42.9968,256.8646,81.5442,227.0002,308.5444,6861.9971,490.9755,-4795.045779703578,-3272.4083849149315,-3660.5696230618073,-368.96964405910694,5793.529327523728,-3660.5696230618073,-32.3953,93.644,4
1717,STARLINK-32892,satellite,0,9,42.9808,256.9194,98.9558,188.3875,287.3433,6859.3367,494.199,-5131.431650955918,-908.1224819900385,-4466.31919790419,1836.2222512433104,4876.9421848907405,-4466.31919790419,-40.7753,69.3681,4
1718,STARLINK-32909,satellite,0,9,42.9851,257.042,77.6789,174.298,251.9769,6859.4298,494.269,-4176.664383264073,3140.0680331664885,-4449.900007028637,4831.242075202337,1990.8924215374716,-4449.900007028637,-40.5939,22.3959,4
1719,STARLINK-32901,satellite,0,9,42.9992,256.681,85.3513,322.1957,47.547,6862.6338,484.4833,2534.486581947846,-5356.448755537017,3450.485615668968,-5900.030253968767,552.0946540412936,3450.485615668968,30.3672,174.6541,4
1720,STARLINK-32890,satellite,0,9,43.0141,256.2878,176.553,33.8297,210.3827,6865.2059,486.5446,-1062.1416022386181,6352.558651064204,-2367.6195493835476,6005.84035878533,-2326.591451716865,-2367.6195493835476,-20.2995,-21.1758,4
1721,STARLINK-32893,satellite,0,9,43.0073,256.3846,110.3949,36.3845,146.7794,6864.8044,482.833,4020.869296027376,4929.154791187981,2562.776376714459,2188.878167364256,-5972.668517477193,2562.776376714459,22.0678,-69.873,28
1722,STARLINK-32902,satellite,0,9,43.0202,256.3464,135.5759,32.3964,167.9723,6867.1458,482.2109,2599.33722018517,6273.0118997211175,975.2863727963676,4069.8480090540675,-5435.399659774924,975.2863727963676,8.224,-53.1753,8
1723,STARLINK-32661,satellite,0,9,43.0132,256.7249,60.2258,326.0996,26.3255,6865.7337,482.6552,753.0136580309263,-6493.930882473404,2074.931303511247,-5969.7666074971,2664.592750784909,2074.931303511247,17.7124,155.9465,5
1724,STARLINK-32921,satellite,0,13,42.9836,60.1218,100.1362,186.9513,287.0875,6859.3661,495.1175,5166.577397028314,-642.2192400770712,-4473.317250711963,-3187.658477916605,-4116.406318620094,-4473.317250711963,-40.8459,-127.7534,4
1725,STARLINK-32917,satellite,0,13,43.0146,60.3411,167.709,41.8805,209.5895,6865.1884,486.7741,-799.8887519797743,-6411.71668335948,-2311.6286076305446,-5106.978739806725,3958.3710026191557,-2311.6286076305446,-19.7988,142.2211,15
1726,STARLINK-32916,satellite,0,13,42.9805,60.1865,87.2843,178.5193,265.8035,6858.5196,495.7486,4095.567500223872,-2925.737820496055,-4666.962984323228,-4605.524026505534,-2030.4589098160245,-4666.962984323228,-43.0155,-156.2085,4
1727,STARLINK-32905,satellite,0,13,43.0095,60.4445,111.0304,34.6104,145.6408,6864.6312,483.6713,-5255.046964042662,-3528.9605495780143,2640.3935992263555,-355.01238927780815,6320.051214842426,2640.3935992263555,22.7695,93.2151,4
1728,STARLINK-32871,satellite,0,13,42.9998,60.2928,92.3009,138.1251,230.426,6862.1511,491.8139,1193.824545025706,-5715.742250946524,-3608.3056830110263,-5525.255658324447,1888.5116980614002,-3608.3056830110263,-31.8743,161.1298,18
1729,STARLINK-32920,satellite,0,13,42.99,60.2301,77.4929,174.2888,251.7816,6859.4345,493.9196,3073.8222138984343,-4230.133376096916,-4445.133063088222,-5206.335269479668,-486.29666253907277,-4445.133063088222,-40.544,-174.6638,9
1730,STARLINK-32922,satellite,0,13,43.021,60.4038,136.4026,30.5996,167.0022,6866.9332,481.9489,-4281.828215219135,-5254.693506634438,1052.6073066310037,-2335.782299038101,6363.173560795988,1052.6073066310037,8.8814,110.1571,5
1731,STARLINK-32891,satellite,0,13,42.9976,60.4754,95.7233,35.7972,131.5204,6862.5029,484.0872,-5506.972997515552,-2104.651929380509,3501.009092103534,998.58860193439,5810.260935904449,3501.009092103534,30.8612,80.2481,4
1732,STARLINK-32899,satellite,0,18,43.0202,75.1211,143.9311,32.8108,176.7419,6867.5748,482.4712,-2034.2980576468085,-6546.630255837154,266.0174776749279,-4593.401344676126,5088.94884830999,266.0174776749279,2.2361,132.0701,5
1733,STARLINK-32819,satellite,0,18,43.0244,74.6792,30.6542,329.8944,0.5486,6867.5615,482.741,1766.4050824227438,6629.437263708282,44.82150776701653,4801.268189237288,-4900.760055712884,44.82150776701653,0.3767,-45.5875,8
1734,STARLINK-32703,satellite,0,18,43.0125,75.0726,175.1867,29.8638,205.0505,6865.8672,485.9416,451.4825498863556,-6554.272969810081,-1982.083016412057,-5867.870482668509,2954.7295399515983,-1982.083016412057,-16.8875,153.2727,8
1735,STARLINK-32881,satellite,0,18,42.9961,74.5614,98.2903,318.9402,57.2305,6861.1482,486.8077,-3077.2912085580897,4700.723821993365,3932.448641695733,5612.877990125106,249.25148122721416,3932.448641695733,35.1571,2.5427,14
1736,STARLINK-32898,satellite,0,18,42.9945,74.9928,26.928,213.618,240.546,6860.4399,490.8571,3347.243253023815,-4390.410327674795,-4074.249243355737,-5483.656695750523,-639.7261003096633,-4074.249243355737,-36.5973,-173.3459,9
1737,STARLINK-32658,satellite,0,18,43.0094,74.6142,73.8205,322.1044,35.925,6864.4846,482.9933,-1363.39044810388,6134.858929881582,2744.560183586496,5972.243031055189,-1956.4357340688227,2744.560183586496,23.7232,-18.1382,5
1738,STARLINK-32673,satellite,0,18,42.99,74.798,107.805,189.2251,297.0301,6860.2689,492.7555,5133.106271943196,1837.2097422860145,-4168.498802255482,-1037.9319588265064,-5352.272123599452,-4168.498802255482,-37.5734,-100.9748,4
1739,STARLINK-32437,satellite,0,18,43.0174,75.1468,119.8076,36.0469,155.8545,6865.8953,482.8958,-3587.455423550133,-5524.199068272109,1914.213455984622,-2921.7658696977214,5903.380045747285,1914.213455984622,16.3006,116.3322,5
1740,STARLINK-32870,satellite,0,60,42.9862,267.4928,81.8704,36.8773,118.7476,6860.579,485.2845,4537.007603236524,3101.795433119445,4098.272234062754,353.83349560036123,-5484.5578452722975,4098.272234062754,36.883,-86.3087,108
1741,STARLINK-32872,satellite,0,60,43.0231,267.8091,29.9735,328.3139,358.2874,6867.5405,482.9398,-411.96701720004035,-6847.2595354524565,-139.90069836526544,-5679.4693164195105,3846.8569316982125,-139.90069836526544,-1.1757,145.8892,5
1742,STARLINK-32677,satellite,0,60,42.979,267.5646,81.2458,16.1986,97.4445,6858.7698,487.3298,5006.606632769739,676.1182041667963,4634.325846945712,-1972.1100915180616,-4651.239360453545,4634.325846945712,42.7088,-112.9768,91
1743,STARLINK-32929,satellite,0,60,42.984,267.6359,100.8356,335.3601,76.1957,6859.0916,486.7396,4798.607724690287,-1835.2645781875117,4539.024760896299,-4026.1573102872662,-3191.377364121561,4539.024760896299,41.6378,-141.5975,25
1744,STARLINK-32944,satellite,0,60,43.0189,267.8408,1.6316,335.5132,337.1448,6866.1563,485.9786,-2185.660389975318,-6245.911174596708,-1818.4789991687844,-4257.537295787096,5065.75699340592,-1818.4789991687844,-15.4576,130.0455,5
1745,STARLINK-32943,satellite,0,60,43.0039,267.3152,168.4179,49.3329,217.7508,6864.1737,488.3832,-2815.100656732068,5564.241448885403,-2865.6829429635027,6221.890710435439,-416.71404634932554,-2865.6829429635027,-24.8171,-3.8317,4
1746,STARLINK-32803,satellite,0,60,42.9904,267.2546,71.4651,167.4523,238.9173,6860.8383,492.0851,-4124.592620969242,3745.005906020449,-4007.7631236894567,5325.0132194554835,1637.5493084809102,-4007.7631236894567,-35.9001,17.0937,4
1747,STARLINK-32926,satellite,0,60,42.9809,267.1423,96.1927,178.0937,274.2863,6858.5857,495.0612,-5026.358086530813,-262.70089094828415,-4665.9901788392035,2337.7809734452926,4457.361045768662,-4665.9901788392035,-43.0098,62.324,4
1748,STARLINK-33635,satellite,0,80,43.0121,78.4237,117.3026,34.0071,151.3097,6865.4118,483.2648,-3566.2523714337553,-5411.419192052479,2246.246914078129,-2835.5742804340625,5827.618051057536,2246.246914078129,19.2271,115.9464,5
1749,STARLINK-33622,satellite,0,80,42.9881,78.2204,77.2868,173.0813,250.3682,6859.4618,493.87,4158.225840913134,-3222.6138000879673,-4407.599441570797,-4892.838183143311,-1932.9294767606023,-4407.599441570797,-40.1328,-158.4434,4
1750,STARLINK-33628,satellite,0,80,42.9954,78.7133,87.6946,324.42,52.1146,6861.9484,484.1274,-3057.157393363374,4903.35947213746,3690.023347134232,5776.903434349513,128.5774124692533,3690.023347134232,32.7246,1.275,12
1751,STARLINK-33627,satellite,0,80,42.9796,78.5756,80.1515,14.5588,94.7103,6858.6838,486.6732,-5010.562003284601,438.2361394540122,4657.474032090615,2932.627508951839,4086.254812957934,4657.474032090615,42.9778,54.3337,4
1752,STARLINK-33620,satellite,0,80,42.9867,78.5083,77.4659,38.46,115.9259,6860.2488,486.4475,-5017.652023789335,-2038.9582608895728,4204.484493985423,805.5116282701929,5355.869083370928,4204.484493985423,37.9953,81.4469,4
1753,STARLINK-33604,satellite,0,80,43.0158,78.8517,11.7809,322.5407,334.3216,6865.8576,486.1155,3328.9668383338035,5647.566163578903,-2028.5906341250545,3159.723242799863,-5743.968385327152,-2028.5906341250545,-17.2954,-61.1851,12
1754,STARLINK-33624,satellite,0,18,42.9999,75.251,88.153,321.3619,49.5149,6862.2973,485.7869,-2555.57096546251,5277.143863936191,3557.392746562804,5842.57128590011,-493.5089557139961,3557.392746562804,31.4046,-4.8282,10
1755,STARLINK-33623,satellite,0,80,43.0199,78.798,44.0225,325.657,9.6795,6867.22,482.0226,486.4818842989769,6797.206990123163,786.9074931291132,5598.410160412397,-3885.42033326145,786.9074931291132,6.6279,-34.7615,6
1756,STARLINK-33586,satellite,0,1,43.0148,71.4109,166.0816,36.4818,202.5634,6866.1825,485.7841,-195.29774284794078,-6620.298937098004,-1796.3059677455674,-5594.7657534419395,3544.72783003374,-1796.3059677455674,-15.265,147.6425,7
1757,STARLINK-33605,satellite,0,80,43.0072,78.3141,173.223,41.7726,214.9956,6864.4781,487.5253,1679.7333952667684,-6088.04269159759,-2684.483726894679,-6093.328185152359,1660.4576844704948,-2684.483726894679,-23.1574,164.7568,10
1758,STARLINK-32945,satellite,0,88,42.9855,304.0057,77.6335,23.582,101.2155,6858.8394,486.9322,3332.1959945855892,3856.533577153412,4584.891012526206,1617.5387002374655,-4833.213209788911,4584.891012526206,42.1517,-71.4961,73
1759,STARLINK-32941,satellite,0,73,42.982,292.8159,99.4066,340.4108,79.8174,6858.8246,486.6906,5019.758748799128,796.9714836769516,4600.029786350182,-1874.8677966995613,-4724.194342619549,4600.029786350182,42.3246,-111.6464,95
1760,STARLINK-32942,satellite,0,88,42.9865,304.1222,100.5554,325.2126,65.768,6859.9763,486.0265,5364.435603040514,235.97860836075898,4262.645611301757,-2533.205415708357,-4734.5248509854055,4262.645611301757,38.6183,-118.149,71
1761,STARLINK-32947,satellite,0,88,42.9888,303.7003,67.5197,175.1931,242.7128,6860.357,492.398,-5457.267599357887,142.11602072397818,-4158.621320576215,2905.769274664292,4621.522642675763,-4158.621320576215,-37.4716,57.8405,4
1762,STARLINK-32961,satellite,0,88,43.0185,304.2565,27.8443,334.3222,2.1664,6867.3465,482.0673,4015.5456198961306,-5559.343259266792,176.9261224877898,-6829.975617190545,-618.3341882871789,176.9261224877898,1.4871,-174.827,4
1763,STARLINK-32948,satellite,0,88,43.0008,304.1833,82.6672,321.8198,44.487,6863.1289,484.4286,5656.0337302077705,-2072.5695363301948,3277.3913037653283,-4667.610673499033,-3807.843568321826,3277.3913037653283,28.6998,-140.7924,7
1764,STARLINK-32957,satellite,0,88,43.0081,304.315,9.2357,317.4456,326.6813,6864.8247,487.5073,956.0633545952604,-6290.490440005347,-2571.2585123518766,-5898.346863156802,2386.175055541174,-2571.2585123518766,-22.1287,157.9742,11
1765,STARLINK-32949,satellite,0,8,42.9894,307.8784,83.7983,33.808,117.6063,6860.4094,485.5057,1557.08605202753,5236.143688879531,4142.51702355636,3709.606758392558,-4010.0542891711425,4142.51702355636,37.3461,-47.2288,6
1766,STARLINK-32952,satellite,0,3,42.9797,314.4217,97.3505,181.1193,278.4698,6858.6479,495.2143,-2839.6132788873415,-4198.311205258054,-4628.156987606017,-2162.7614236872146,4583.850300134059,-4628.156987606017,-42.578,115.259,8
1767,STARLINK-32936,satellite,0,3,42.9779,314.4944,85.3735,178.9696,264.3431,6858.6031,495.4815,-4038.7504612891103,-3019.6055827854616,-4656.347926134757,-537.2794303411888,5014.065613639731,-4656.347926134757,-42.8965,96.1162,4
1768,STARLINK-32937,satellite,0,8,42.9796,307.5798,87.6915,171.3836,259.075,6858.839,496.1709,-4701.4247915810565,-1976.28611937437,-4595.10941915786,698.1237808626702,5051.903114977444,-4595.10941915786,-42.197,82.1321,4
1769,STARLINK-32939,satellite,0,8,42.9994,307.4062,46.6021,268.9751,315.5772,6863.1362,489.9179,186.72459104454634,-6027.833282534744,-3276.185489954891,-5280.016788135738,2913.9428395112873,-3276.185489954891,-28.6631,151.1065,16
1770,STARLINK-32919,satellite,0,8,42.9924,307.6408,73.8602,164.0423,237.9026,6860.9769,492.3036,-5594.755194375603,290.59606097814304,-3964.7092510196785,3103.6096064468134,4664.047509022594,-3964.7092510196785,-35.4554,56.3589,4
1771,STARLINK-32876,satellite,0,8,42.9901,307.2002,98.9642,322.7449,61.709,6860.5384,485.5481,5481.977114220712,81.6477139302184,4116.473640508177,-2725.9046128584523,-4756.909024947469,4116.473640508177,37.0721,-119.8145,69
1772,STARLINK-32915,satellite,0,3,42.9796,314.4624,86.0829,171.279,257.3619,6858.8988,495.6783,-4549.325388621617,-2360.433783172408,-4566.288616063727,290.1235812578291,5117.014504952763,-4566.288616063727,-41.8766,86.7549,4
1773,STARLINK-32946,satellite,0,91,43.021,20.7398,45.6285,333.4443,19.0728,6866.5815,482.3284,5482.435120042051,3828.266134432876,1529.255806676434,496.47545244122205,-6668.300275680408,1529.255806676434,12.9599,-85.742,20
1774,STARLINK-32960,satellite,0,27,43.0201,16.8613,127.4157,30.6745,158.0902,6866.2904,482.1273,-6632.655722840775,-55.017825771262686,1746.1335284565557,3335.724269357121,5733.070076120383,1746.1335284565557,14.837,59.8075,5
1775,STARLINK-32904,satellite,0,27,43.019,16.3796,41.8223,328.3442,10.1665,6867.2504,482.0639,6228.493177422557,2753.459999083209,826.0833094483257,-808.5413216614378,-6761.799328501003,826.0833094483257,6.9594,-96.8188,12
1776,STARLINK-32931,satellite,0,27,42.9971,16.7212,3.7054,232.0552,235.7606,6861.5511,491.4203,-2504.1983750931704,-5084.954532582559,-3869.0332214795117,-3096.479645129247,4747.587377558358,-3869.0332214795117,-34.4837,123.1133,11
1777,STARLINK-32934,satellite,0,27,43.0163,16.4286,8.8064,326.0798,334.8861,6865.7908,485.6149,6561.8283779852145,-285.2099941733981,-1986.8173449639678,-3592.2414409810694,-5498.612355186235,-1986.8173449639678,-16.9298,-123.1566,4
1778,STARLINK-32938,satellite,0,27,43.0033,16.7711,144.4889,70.2001,214.689,6864.5539,488.607,-4579.214885448123,-4363.569955229069,-2664.1714557591918,-1417.6071123577399,6164.441726245795,-2664.1714557591918,-22.9685,102.9509,7
1779,STARLINK-32935,satellite,0,27,42.9844,17.0289,82.6118,11.7868,94.3986,6858.5317,486.906,-1966.983118128275,4626.847558472891,4660.059634524299,4983.0112256523225,-668.0868516675984,4660.059634524299,43.0056,-7.6363,17
1780,STARLINK-32930,satellite,0,27,42.9937,16.9539,80.0562,35.602,115.6582,6860.1459,486.0037,-4157.765308816806,3458.095289273917,4214.24038762415,5095.150163357711,1812.4238482581445,4214.24038762415,38.1019,19.5813,12
1781,STARLINK-33660,satellite,0,77,43.0177,173.4173,128.4956,37.9706,166.4662,6866.9114,482.2908,6490.87369401718,-1930.5561730707482,1095.2030216499313,-4971.27722935443,-4598.357441300964,1095.2030216499313,9.2433,-137.2316,4
1782,STARLINK-33611,satellite,0,21,43.0224,169.523,24.3,323.2264,347.5264,6867.3096,484.0243,-6391.002751057379,2283.7345546722786,-1011.185423941576,5224.119732525123,4332.312627277585,-1011.185423941576,-8.5266,39.6686,3
1783,STARLINK-33646,satellite,0,77,43.0212,172.9643,42.5742,321.7013,4.2754,6867.6789,481.855,-6835.133008782468,466.8361764666396,348.92435374533204,3887.8668040729926,5641.052293428321,348.92435374533204,2.9338,55.425,4
1784,STARLINK-33665,satellite,0,77,42.9907,172.6302,84.1231,40.6312,124.7543,6861.5714,485.0279,3347.7257620796554,-4587.863123750094,3841.2113000731842,-5653.739710047918,-539.4285044239468,3841.2113000731842,34.2382,-174.5499,4
1785,STARLINK-33603,satellite,0,77,43.0071,173.4349,106.685,38.436,145.1209,6864.6767,483.1236,5261.25539546935,-3492.257369910731,2674.961492661156,-5687.379613360645,-2744.154333775871,2674.961492661156,23.0864,-154.2427,9
1786,STARLINK-33669,satellite,0,77,42.9809,172.7726,95.4463,346.6987,82.145,6858.91,486.8327,-1554.4514439387303,-4810.732053125032,4629.707576344257,-3345.0373059415447,3790.803028434361,4629.707576344257,42.6601,131.4255,7
1787,STARLINK-33673,satellite,0,4,42.98,165.385,85.2508,182.6516,267.9025,6858.6955,496.565,1509.4931973060695,4793.037764949494,-4676.8622289176255,3352.7491222305343,-3743.1075395088133,-4676.8622289176255,-43.1223,-48.1488,6
1788,STARLINK-33662,satellite,0,77,43.0052,173.0294,31.9176,290.0315,321.9491,6864.0124,488.2324,-4988.6911690372235,3726.203296878083,-2885.0157036966098,5749.581795722481,2390.3848568780154,-2885.0157036966098,-24.9963,22.5751,4
1789,STARLINK-33613,satellite,0,77,43.0136,173.3684,167.6616,34.139,201.8005,6866.1489,485.3581,6543.918785073251,1115.1242605710459,-1738.4677457796042,-2378.6239884228976,-6197.4610207606665,-1738.4677457796042,-14.7633,-110.9971,4
1790,STARLINK-33680,satellite,0,77,42.9991,172.8842,82.636,324.1275,46.7636,6862.9986,483.2354,-5112.836756777007,-3043.1637480706668,3406.4383993131846,-9.695106223613818,5949.94548747607,3406.4383993131846,29.9463,90.0934,4
1791,STARLINK-33671,satellite,0,94,43.017,311.597,128.5358,33.847,162.3829,6866.6979,482.3918,-3205.2637829579317,5896.995039351323,1416.3425458705299,6707.111447822599,-250.8434550928838,1416.3425458705299,11.9884,-2.1418,2
1792,STARLINK-33650,satellite,0,45,43.0055,322.0036,113.194,35.9466,149.1406,6865.1461,482.06,-3055.4986718424057,5651.0362262648705,2399.1603129365853,6419.163534045592,-254.20874762273246,2399.1603129365853,20.596,-2.2678,5
1793,STARLINK-33689,satellite,0,45,43.0193,321.9313,159.3839,32.3097,191.6937,6867.0293,484.0313,-5916.915823442723,3342.688076942869,-948.8205948316083,5893.15484141328,3384.4028212625794,-948.8205948316083,-7.9973,29.8685,4
1794,STARLINK-33607,satellite,0,45,42.9827,322.236,105.2842,325.8942,71.1784,6859.6147,486.9962,4656.076187444553,2398.4723046596073,4424.456961282412,-311.85438484007057,-5228.236959259153,4424.456961282412,40.3661,-93.4135,119
1795,STARLINK-33619,satellite,0,45,42.9905,321.8271,81.9163,159.1752,241.0915,6860.62,492.565,-5324.194877804019,-1404.3298899302745,-4096.633071429532,1507.73543083294,5295.8405760745045,-4096.633071429532,-36.8202,74.1083,4
1796,STARLINK-33612,satellite,0,45,42.9891,322.5093,102.4148,194.4797,296.8945,6860.306,492.9832,-261.7295812808702,-5442.073841986787,-4173.571615254719,-4547.443894686645,3000.903880505247,-4173.571615254719,-37.6255,146.5788,15
1797,STARLINK-33672,satellite,0,45,43.0143,321.9743,121.0986,35.1989,156.2975,6866.0062,482.4063,-3705.3477934696607,5456.874454810463,1880.9084789511417,6583.618909270006,403.7860121845368,1880.9084789511417,16.0106,3.5097,5
1798,STARLINK-33625,satellite,0,3,43.0162,314.6227,16.7308,325.1022,341.833,6866.5396,484.8506,3466.450689645852,-5739.392725379132,-1459.572872259198,-6704.7722989379745,-54.2001778140973,-1459.572872259198,-12.3553,-179.5368,5
1799,STARLINK-33699,satellite,0,3,43.0012,314.515,82.459,323.0095,45.4684,6862.8674,483.3505,5920.0674048954725,-922.6073467987346,3333.470520385931,-3813.155834782269,-4621.498130967788,3333.470520385931,29.2422,-129.5257,30
1800,STARLINK-33674,satellite,0,45,43.0095,322.3393,62.9341,325.8024,28.7364,6865.4921,483.0929,6234.390466994402,-1765.6270193110283,2249.383881238308,-4698.593548620127,-4461.8697797153545,2249.383881238308,19.2555,-136.4803,4
1801,STARLINK-33531,satellite,0,11,43.0253,38.4016,151.0426,29.3287,180.3714,6867.5876,482.8231,-5356.459651213648,-4287.212032954921,-30.344086668821262,-955.4877982072034,6794.0334174973295,-30.344086668821262,-0.255,98.0054,4
1802,STARLINK-33652,satellite,0,11,43.0048,38.0278,19.4942,302.2807,321.7749,6864.0836,488.6403,6159.982263886441,875.1822553800183,-2896.345248429833,-2389.1771664331823,-5744.837503265161,-2896.345248429833,-25.0996,-112.5816,4
1803,STARLINK-33707,satellite,0,11,43.0205,38.371,221.2551,340.1805,201.4357,6866.3782,486.4401,-3870.3118340386914,-5403.367857763676,-1711.2544962767086,-2673.5606765590596,6085.04488132755,-1711.2544962767086,-14.5248,113.719,5
1804,STARLINK-33668,satellite,0,11,42.9849,38.5677,79.8214,22.7838,102.6051,6858.8384,486.66,-4220.829799835139,2893.8045884336716,4561.327070675015,4641.948191160436,2154.4897738904374,4561.327070675015,41.8885,24.8977,11
1805,STARLINK-33676,satellite,0,11,43.0163,38.3554,165.6043,43.0517,208.656,6865.4374,486.674,-3229.156088788909,-5623.721608118094,-2245.081298096813,-3190.122997936225,5645.955103382885,-2245.081298096813,-19.2068,119.4677,8
1806,STARLINK-33711,satellite,0,11,43.0118,38.017,10.7861,318.0566,328.8427,6865.121,487.2321,6225.772312164585,1571.557464172265,-2422.0951632944502,-1823.7543161332878,-6156.61871001412,-2422.0951632944502,-20.7853,-106.5007,4
1807,STARLINK-33708,satellite,0,11,43.026,38.3845,157.1258,30.3145,187.4403,6867.3986,482.728,-4929.280287511276,-4733.2752986387195,-606.1916024884878,-1557.0511117349802,6654.1183518927255,-606.1916024884878,-5.1007,103.1701,4
1808,STARLINK-33690,satellite,0,17,43.0229,34.514,28.5743,325.9062,354.4805,6867.4941,483.2175,5900.760497160369,3472.0587071057703,-450.2769309911872,-23.28326729640365,-6846.431479238018,-450.2769309911872,-3.7863,-90.1949,4
1809,STARLINK-33694,satellite,0,11,43.0008,38.2996,104.0458,125.7868,229.8326,6862.2662,491.0705,-1096.9844061295353,-5753.951575859476,-3576.9609362324036,-4389.672752781803,3878.4154816254713,-3576.9609362324036,-31.5696,138.5384,17
1810,STARLINK-33692,satellite,0,31,43.0198,42.2916,22.9867,328.9039,351.8905,6867.3087,483.4592,5501.008523628394,4047.4205447028526,-660.3515861288419,675.5052334692182,-6796.057719168568,-660.3515861288419,-5.5571,-84.3236,4
1811,STARLINK-33693,satellite,0,11,43.0026,38.4796,91.8705,38.9554,130.8259,6862.4002,484.9581,-5870.7772339280455,181.14463970491906,3539.042906897606,3150.2537282277744,4957.291615256124,3539.042906897606,31.2288,57.5649,4
1812,STARLINK-33677,satellite,0,11,43.0254,38.3961,144.6144,28.6974,173.3118,6867.4988,482.045,-5702.645078487202,-3773.97511352096,545.1486588775266,-337.45749116992334,6830.019874811724,545.1486588775266,4.5864,92.8286,4
1813,STARLINK-33647,satellite,0,56,42.9805,45.9674,88.4657,181.2929,269.7586,6858.503,494.8361,3589.6098886660875,-3510.6070801709247,-4678.807793434807,-4850.524702032891,-1296.9469299567813,-4678.807793434807,-43.1581,-165.0303,4
1814,STARLINK-33645,satellite,0,31,43.0062,41.7179,141.8049,76.6568,218.4617,6864.0639,489.2161,-1934.0393189734064,-5906.63531097811,-2911.810931106846,-4094.0544477120166,4676.277040915995,-2911.810931106846,-25.2405,131.202,14
1815,STARLINK-33670,satellite,0,11,43.0231,38.3373,163.5781,30.9792,194.5573,6867.0271,484.2122,-4427.250873810024,-5108.610900118539,-1176.7375607178185,-2135.9567417819844,6413.7465202249505,-1176.7375607178185,-9.9352,108.4192,4
1816,STARLINK-33644,satellite,0,11,42.9919,38.8931,109.0321,190.7756,299.8077,6860.7851,492.6221,5390.330553097929,-1248.2482818635233,-4060.8397422334,-3823.0552245586155,-3999.7544918171334,-4060.8397422334,-36.4468,-133.706,4
1817,STARLINK-33664,satellite,0,11,43.0158,38.3919,120.4878,31.6363,152.124,6865.6075,482.1914,-6207.5980918848545,-1927.3208142642095,2187.532065164941,1508.4783551050132,6322.446729206044,2187.532065164941,18.709,76.5806,4
1818,STARLINK-33649,satellite,0,11,43.0063,38.2632,153.7113,69.1357,222.8469,6863.4112,489.213,-1837.1785643808585,-5795.597719359677,-3183.2249532833894,-4047.951375246035,4536.327552735951,-3183.2249532833894,-27.7824,131.7438,15
1819,STARLINK-33535,satellite,0,11,43.0174,38.3514,128.3812,30.8622,159.2434,6866.3968,481.9105,-6132.430320246259,-2585.796644777537,1658.3069462740455,903.757411887204,6593.653650388178,1658.3069462740455,14.0757,82.1954,4
1820,STARLINK-33703,satellite,0,11,42.9982,38.6913,82.5127,323.279,45.7917,6862.805,484.1081,1484.6329793872167,5794.779822925169,3352.0807299093,4227.0669995713415,-4232.67207102083,3352.0807299093,29.4176,-45.038,4
1821,STARLINK-33709,satellite,0,11,43.0127,38.7394,63.5674,321.0547,24.622,6865.9652,482.3204,3555.8426297697106,5531.569668775203,1949.3073590442023,2944.2300099308422,-5879.948082834067,1949.3073590442023,16.6093,-63.4018,9
1822,STARLINK-33698,satellite,0,11,42.9836,38.1264,86.1835,179.1431,265.3267,6858.5201,494.8188,2649.5718789703983,-4281.604053714244,-4663.602718805796,-5034.214422506819,-95.12919024838416,-4663.602718805796,-42.9844,-178.9174,9
1823,STARLINK-33606,satellite,0,11,43.025,38.351,135.9658,30.3328,166.2986,6867.0778,481.9121,-5963.2927188248705,-3203.551065217174,1108.5923275691307,286.1323741587914,6763.2630987048005,1108.5923275691307,9.3578,87.5774,4
1824,STARLINK-33686,satellite,0,11,42.9875,38.4835,56.912,52.7262,109.6381,6859.6571,488.2187,-4744.0737453762495,2264.12070443517,4403.7493084719845,4367.217751056298,2925.728521356521,4403.7493084719845,40.1305,33.8193,9
1825,STARLINK-33675,satellite,0,11,42.9873,38.0637,100.4181,186.0448,286.463,6859.2868,494.4185,4499.877917357655,-2591.599990450313,-4487.8511415141875,-4524.3412130593815,-2548.652265303663,-4487.8511415141875,-41.0117,-150.6066,4
1826,STARLINK-33655,satellite,0,11,43.0166,38.7843,18.645,323.5868,342.2318,6866.7148,485.0018,6053.0801083305705,2899.850359217104,-1428.6306542797345,-593.154167779822,-6685.5874115117385,-1428.6306542797345,-12.0892,-95.0701,4
1827,STARLINK-33608,satellite,0,11,42.9964,38.426,93.7562,30.6281,124.3843,6860.8329,482.7723,-5603.669659510712,835.3581608628392,3857.4543086696526,3576.7277927149657,4393.854254144233,3857.4543086696526,34.4158,50.8534,5
1828,STARLINK-33615,satellite,0,11,43.0194,38.766,38.0598,325.299,3.3588,6867.4185,482.7636,5156.274843341311,4517.643986128463,274.2420198337276,1255.7974814993288,-6739.380545045447,274.2420198337276,2.3052,-79.4447,6
1829,STARLINK-33679,satellite,0,39,42.9798,191.516,84.2325,179.424,263.6565,6858.5339,495.081,-253.2435830496113,5041.389250563874,-4650.397302059919,4465.466153223947,-2353.5823593977134,-4650.397302059919,-42.8318,-27.7921,4
1830,STARLINK-33706,satellite,0,39,42.9889,191.5552,78.3189,164.1471,242.466,6860.4633,494.0083,2217.015474612567,4997.815227870293,-4150.345621066954,3168.007994929576,-4456.1238773923305,-4150.345621066954,-37.3742,-54.5897,14
1831,STARLINK-33691,satellite,0,39,43.0178,190.8383,131.012,34.5143,165.5263,6866.8559,482.3376,6759.367311588301,17.780198700113083,1169.6927115458057,-3432.3842303708716,-5823.066295650054,1169.6927115458057,9.8779,-120.5171,5
1832,STARLINK-33696,satellite,0,39,43.0174,191.2169,56.4854,327.4069,23.8923,6866.0388,482.6236,-5756.443097934933,-3212.3059272936302,1895.255791404174,173.0964152890027,6589.809112660443,1895.255791404174,16.1354,88.4953,3
1833,STARLINK-33701,satellite,0,39,42.9992,191.6075,117.4562,103.8139,221.27,6863.551,490.3531,4387.37815390698,4281.692883975181,-3087.8036589555095,1445.0295224704932,-5957.673262042205,-3087.8036589555095,-26.8776,-76.3662,10
1834,STARLINK-33685,satellite,0,39,43.003,191.3128,18.8258,301.4292,320.2551,6863.7381,488.5957,-5803.625150268269,2111.418174602733,-2992.6291241433273,4776.306279185321,3914.97763981916,-2992.6291241433273,-25.9942,39.3403,2
1835,STARLINK-33654,satellite,0,39,43.0196,191.2238,50.17,326.6528,16.8228,6866.6375,482.0525,-6157.725143904873,-2701.624160355695,1354.3851821310159,817.0314741331397,6674.489615092059,1354.3851821310159,11.4574,83.0211,2
1836,STARLINK-33697,satellite,0,39,43.0211,191.2573,38.8464,323.8075,2.6539,6867.3552,482.7434,-6676.302309784427,-1565.6935835629015,216.74018830264473,2058.595053295109,6541.146331935392,216.74018830264473,1.8217,72.5304,2
1837,STARLINK-33720,satellite,0,39,43.0197,191.2514,34.3824,321.182,355.5644,6867.4906,483.4858,-6785.23136225202,-954.2571633615621,-362.043288903986,2640.0758047967315,6322.9716999241855,-362.043288903986,-3.0435,67.3376,2
1838,STARLINK-33587,satellite,0,39,42.9849,191.068,92.1811,348.3895,80.5706,6858.6451,486.7479,-152.5087138957168,-5070.627876731628,4610.754628809264,-4283.657740482769,2717.499279577472,4610.754628809264,42.4456,147.6095,7
1839,STARLINK-33637,satellite,0,39,43.0153,191.6464,165.1497,34.9227,200.0723,6866.3169,485.1856,5965.017604661695,2987.684497196189,-1606.6561323473145,-472.6874827656877,-6654.642005573781,-1606.6561323473145,-13.6222,-94.063,2
1840,STARLINK-33744,satellite,0,39,42.9816,191.4064,101.44,183.4915,284.9315,6859.0233,494.4576,-2692.9508673884156,4405.903536687348,-4521.149353296219,5163.255143829159,69.04106375065952,-4521.149353296219,-41.3812,0.7661,4
1841,STARLINK-33766,satellite,0,39,42.9915,191.5722,83.3801,152.0574,235.4374,6861.3116,491.7959,2985.0648560425925,4831.097678252435,-3853.954761581991,2632.857006502108,-5031.717495538617,-3853.954761581991,-34.3287,-62.3791,15
1842,STARLINK-33765,satellite,0,39,43.0127,191.2825,7.7208,326.6919,334.4126,6865.72,485.8282,-6493.483916333631,914.2743347219865,-2021.6834217925011,4098.464667333222,5118.96652669619,-2021.6834217925011,-17.2354,51.3177,2
1843,STARLINK-33735,satellite,0,39,42.9869,191.0837,98.3664,335.0854,73.4519,6859.2081,486.447,-992.0138419089164,-5092.802297478396,4480.6389603538855,-3874.5334926909104,3450.90088495113,4480.6389603538855,40.9898,138.3097,7
1844,STARLINK-33731,satellite,0,39,43.0084,191.623,156.1626,58.0543,214.2169,6864.644,488.1277,4990.252171576809,3907.6573978271895,-2632.4558906939133,815.8054517680309,-6285.448634710666,-2632.4558906939133,-22.6816,-82.6048,6
1845,STARLINK-33718,satellite,0,39,43.012,190.8673,106.5077,37.8071,144.3147,6864.3911,483.1416,6021.799844846787,-1822.519870044314,2728.8933597919427,-4639.09551558971,-4249.993511211349,2728.8933597919427,23.5791,-137.5064,4
1846,STARLINK-33630,satellite,0,38,42.9897,187.6393,96.3375,327.3874,63.725,6860.2037,485.6111,-2410.1947276803294,-4860.208560989298,4191.703897194268,-2951.114234553095,4552.097390903431,4191.703897194268,37.8651,122.9552,7
1847,STARLINK-33695,satellite,0,38,43.0062,187.4149,88.3361,46.1596,134.4957,6862.8509,485.3459,5228.24734891318,-2927.260515928302,3336.8054552975905,-5184.56756668909,-3003.9446759163343,3336.8054552975905,29.2649,-149.9119,9
1848,STARLINK-33713,satellite,0,38,42.9875,187.4673,81.3734,31.95,113.3234,6859.8578,485.4586,3289.5396596666133,-4213.036314136267,4292.186894065516,-5301.658088906765,-680.5642255363533,4292.186894065516,38.9393,-172.685,4
1849,STARLINK-33721,satellite,0,38,42.9841,187.5122,71.5939,27.7007,99.2946,6858.687,487.5509,1744.9002522888395,-4762.3501168928115,4613.007653237598,-4986.286883595718,928.2233787122227,4613.007653237598,42.4649,169.4548,4
1850,STARLINK-33639,satellite,0,38,43.0167,187.7626,35.6107,317.272,352.8827,6867.539,483.7674,-6830.443360033733,-303.757409786939,-580.0005246267835,3222.656992019474,6030.066912598681,-580.0005246267835,-4.879,61.8786,4
1851,STARLINK-33688,satellite,0,39,42.9986,191.3076,45.1274,268.0919,313.2193,6862.5696,489.7737,-5325.41318940045,2665.1596538414783,-3410.619125433842,5008.684653212632,3221.2077956842472,-3410.619125433842,-29.9551,32.7461,2
1852,STARLINK-33700,satellite,0,39,42.9939,191.1105,93.5658,325.7221,59.2879,6860.747,484.1105,-2604.6760667326757,-4904.463426387652,4018.8573381958404,-2889.982580868578,4741.9510326088675,4018.8573381958404,36.0633,121.3602,7
1853,STARLINK-33687,satellite,0,39,42.9912,190.8615,90.9406,32.1713,123.1118,6861.1552,484.3914,4469.380187150732,-3419.270222266268,3915.5506107449723,-5220.697242632683,-2100.2591294742238,3915.5506107449723,34.9984,-158.0853,9
1854,STARLINK-33716,satellite,0,39,42.9806,191.0105,84.7379,10.0052,94.7431,6858.4597,485.9858,1510.7575433806855,-4797.0369860928695,4656.8743469672745,-4896.6957728187035,1147.3110778180628,4656.8743469672745,42.9763,166.8133,4
1855,STARLINK-33754,satellite,0,39,43.0169,191.2529,10.0365,331.4812,341.5176,6866.4599,484.6929,-6693.152694978868,289.9339966799536,-1484.0120995384557,3663.287920942015,5609.160037743086,-1484.0120995384557,-12.5658,56.8518,2
1856,STARLINK-32953,satellite,0,35,43.0182,202.1891,15.9063,325.9773,341.8836,6866.5456,484.6612,-6627.849664401772,-1018.5257290557655,-1455.6606912668067,2504.521899469529,6220.38229450062,-1455.6606912668067,-12.3221,68.0687,4
1857,STARLINK-32951,satellite,0,35,43.0233,202.133,32.883,330.2468,3.1297,6867.3297,482.3035,-6242.231831407646,-2834.5132079685495,255.5604313698428,745.8318000818806,6814.958421676073,255.5604313698428,2.1482,83.7544,4
1858,STARLINK-32958,satellite,0,35,42.99,202.0432,94.7361,324.9724,59.7085,6860.6961,485.3768,-1580.2169398568271,-5311.670333266246,4036.692411485936,-3762.77206920569,4068.473136388732,4036.692411485936,36.2405,132.7645,7
1859,STARLINK-32928,satellite,0,35,43.0075,201.7709,116.9343,34.8687,151.803,6865.4005,482.4748,6492.289183745804,41.15545211930226,2210.403368439121,-3276.052592795463,-5605.264670455805,2210.403368439121,18.911,-120.3046,17
1860,STARLINK-32687,satellite,0,35,43.0193,202.1198,42.3547,327.7827,10.1374,6867.1225,482.1362,-5923.449236172779,-3360.547991204233,823.7503503798823,130.7706150472985,6809.06988515633,823.7503503798823,6.9395,88.8997,4
1861,STARLINK-32950,satellite,0,35,43.0225,201.6685,148.6115,31.5426,180.1541,6867.4225,482.5756,6370.901826680525,2545.746968822723,-12.589495691166475,-1059.8403040256937,-6778.344653706689,-12.589495691166475,-0.1058,-98.8866,5
1862,STARLINK-32954,satellite,0,35,42.9826,201.8517,79.4928,29.8342,109.327,6859.4476,486.1977,3867.3410040054696,-3548.0301622450484,4410.497033001496,-5024.373083437337,-1516.7463835107835,4410.497033001496,40.2187,-163.2021,4
1863,STARLINK-32940,satellite,0,35,42.9817,201.9479,97.6183,343.3712,80.9894,6858.6645,486.8193,855.4963793258066,-4995.504040615084,4615.986226345227,-4733.183078491359,1812.156897270281,4615.986226345227,42.5043,159.05,6
1864,STARLINK-32959,satellite,0,9,43.0137,257.0487,4.732,331.8592,336.5913,6866.0803,485.1776,-3353.873407181463,-5690.047007231435,-1859.660160344173,-3183.558859829867,5787.059249904148,-1859.660160344173,-15.8184,118.8159,7
1865,STARLINK-32956,satellite,0,9,42.9862,256.2844,105.0515,190.0009,295.0524,6860.2133,493.3737,-5107.691097444476,-1744.9681930960403,-4239.323272841598,1104.3092943467511,5283.362880235447,-4239.323272841598,-38.3203,78.1942,4
1866,STARLINK-33722,satellite,0,30,43.0079,253.0007,166.2997,48.3173,214.6171,6864.5868,487.4972,-1075.1154229051351,6234.244919729992,-2659.135017422779,5910.691487914355,-2255.085148380097,-2659.135017422779,-22.9266,-20.8832,4
1867,STARLINK-33739,satellite,0,30,43.0126,253.4517,55.0353,328.4599,23.4952,6866.0438,482.4016,125.02115646615549,-6599.246059430623,1865.3471373121477,-5740.038957110665,3258.470747655509,1865.3471373121477,15.8747,150.4176,5
1868,STARLINK-33683,satellite,0,30,43.0101,253.4397,65.0533,325.4973,30.5505,6865.1792,482.8469,759.9751831653477,-6387.908745973441,2377.9713482287634,-5882.1235933504495,2604.527300386997,2377.9713482287634,20.4037,156.1169,5
1869,STARLINK-33732,satellite,0,30,42.9829,253.2353,68.0444,33.2895,101.3339,6858.8654,487.9359,5097.736911300225,-128.37547587142478,4583.458205398389,-2710.568546832468,-4319.2846667660715,4583.458205398389,42.128,-122.1103,68
1870,STARLINK-33800,satellite,0,30,42.9912,252.9264,79.2742,163.6362,242.9104,6860.3727,493.1099,-3354.900278625947,4299.953634929922,-4166.5957696899695,5409.756877640137,692.4504797433159,-4166.5957696899695,-37.5511,7.2942,4
1871,STARLINK-33632,satellite,0,30,43.0024,253.4086,80.5716,324.206,44.7775,6863.0575,484.5379,1995.412551884214,-5673.945974510843,3294.3927415117405,-5898.1623996948,1177.7157894463967,3294.3927415117405,28.8619,168.708,4
1872,STARLINK-33719,satellite,0,30,43.0212,253.0397,160.4491,32.9696,193.4187,6867.0514,483.9463,833.4153973844037,6723.537712146753,-1086.3963258572237,5358.08768049474,-4146.255780748154,-1086.3963258572237,-9.1661,-37.7338,10
1873,STARLINK-33755,satellite,0,30,43.0178,252.9611,153.4559,33.0321,186.4881,6867.3339,482.9195,1455.580365373153,6683.853220351554,-528.9010000747026,5006.612506524766,-4661.162867866074,-528.9010000747026,-4.4488,-42.9536,9
1874,STARLINK-33752,satellite,0,30,42.9893,253.1902,76.3871,39.0609,115.448,6860.1698,486.4194,5187.24008734646,1510.5703062128973,4221.528685473832,-1346.4988207373426,-5232.229285834021,4221.528685473832,38.1767,-104.4317,118
1875,STARLINK-33714,satellite,0,30,42.9963,252.9434,84.1596,151.6595,235.819,6861.3292,491.5177,-2838.880713719179,4903.984336352071,-3871.7043091154715,5666.106869735278,-59.48965163678579,-3871.7043091154715,-34.5103,-0.6015,4
1876,STARLINK-33814,satellite,0,30,42.9803,252.8298,91.9645,179.2324,271.1969,6858.515,495.3479,-4838.765246522091,1345.0349255201684,-4678.164106911488,3624.974243799375,3475.964584631176,-4678.164106911488,-43.1468,43.7979,4
1877,STARLINK-33817,satellite,0,30,42.9939,252.7155,88.3716,218.1955,306.5671,6861.8146,491.4875,-5064.589559827485,-2706.273974678656,-3758.9069379313273,255.46809326342955,5736.612440182875,-3758.9069379313273,-33.3727,87.4501,4
1878,STARLINK-33820,satellite,0,30,43.0173,252.6287,22.7706,326.1872,348.9578,6867.1506,483.7013,-2927.69078619315,-6140.406727838161,-896.5619968301231,-3788.309325187066,5650.192968345517,-896.5619968301231,-7.5546,123.8408,4
1879,STARLINK-33813,satellite,0,30,43.0165,252.6417,12.8724,329.0015,341.8739,6866.6185,484.5814,-3435.337557588805,-5758.571034392961,-1456.345146850051,-3200.947525575636,5892.081078128596,-1456.345146850051,-12.3281,118.5136,4
1880,STARLINK-33834,satellite,0,30,43.0127,253.0954,118.1206,32.8563,150.9769,6865.3933,482.5692,4071.722068041182,5030.503568738394,2269.831879879589,2250.114306371313,-6068.1028635584635,2269.831879879589,19.439,-69.6547,21
1881,STARLINK-33830,satellite,0,30,43.0195,253.0696,135.6068,29.5254,165.1322,6866.8911,481.8604,3161.657686147937,5967.628727402266,1200.7755500337585,3520.359203532236,-5763.310075867947,1200.7755500337585,10.1438,-58.5825,10
1882,STARLINK-33651,satellite,0,30,43.0161,253.0846,124.7531,33.297,158.0501,6866.2397,482.6543,3644.7357660595612,5541.44028805019,1749.1817990415466,2907.3793527636467,-5961.443161646615,1749.1817990415466,14.8623,-64.0016,9
1883,STARLINK-33788,satellite,0,30,42.9835,253.3472,97.6411,328.296,65.9371,6860.0188,485.4268,3586.08552496304,-3990.178100265287,4267.6645921674735,-5261.22494034153,-1049.3058616601732,4267.6645921674735,38.6761,-168.7208,4
1884,STARLINK-33805,satellite,0,30,43.0157,253.4582,40.6786,328.6917,9.3703,6867.331,482.3686,-1144.2739166199733,-6721.080348379594,761.9820758641496,-5197.417748822496,4412.384002991589,761.9820758641496,6.4167,139.6702,5
1885,STARLINK-33702,satellite,0,30,42.9816,252.8471,90.3697,173.8571,264.2268,6858.6533,495.3007,-4569.91421148018,2133.062365153336,-4655.596951255048,4165.657647765981,2842.7745804989277,-4655.596951255048,-42.8893,34.3108,4
1886,STARLINK-33666,satellite,0,30,42.9806,253.2517,84.7815,9.5501,94.3317,6858.6148,486.9767,4937.90922998868,-945.2696383986014,4660.190977998179,-3331.689720799758,-3765.146193337365,4660.190977998179,43.0065,-131.5049,51
1887,STARLINK-33723,satellite,0,30,43.0004,252.9572,111.9967,116.7854,228.7821,6862.4436,490.6174,-2284.363791583183,5430.248531015677,-3520.8417618925405,5835.930902263654,-804.8773477358782,-3520.8417618925405,-31.0221,-7.8526,4
1888,STARLINK-33791,satellite,0,30,42.9814,253.2966,99.7012,340.4412,80.1424,6858.816,487.1107,4395.4847995557875,-2544.3807517113073,4604.861918575601,-4430.479417836889,-2482.94425248105,4604.861918575601,42.376,-150.7327,4
1889,STARLINK-33831,satellite,0,30,43.0141,252.948,171.3388,36.2656,207.6044,6865.6151,486.4447,-439.54525062626755,6495.723128380809,-2169.1962284553515,5811.420734489386,-2935.133392995336,-2169.1962284553515,-18.5345,-26.7967,9
1890,STARLINK-33879,satellite,0,2,42.9882,296.973,83.8266,167.4512,251.2778,6859.3995,493.9093,-5236.644187822549,-193.29870864676388,-4431.974935933655,2504.7348832875946,4602.837158216926,-4431.974935933655,-40.3995,61.4462,4
1891,STARLINK-33854,satellite,0,2,42.9932,296.3742,87.6352,37.1624,124.7976,6861.2953,485.1608,1951.3871666017335,5335.094852343382,3839.4558016399196,3593.6016186249435,-4399.679120583111,3839.4558016399196,34.2196,-50.7585,7
1892,STARLINK-33864,satellite,0,2,42.9983,297.0406,106.7144,123.3486,230.063,6862.2617,490.92,-5430.992525612113,2174.4459296948226,-3588.8002462105364,4640.454218015635,3562.3137937191777,-3588.8002462105364,-31.6868,37.5122,4
1893,STARLINK-33832,satellite,0,2,43.0159,296.2858,133.3566,33.9048,167.2614,6867.0492,481.896,-1971.4093481309485,6488.61991014513,1031.8631193103201,6586.652397565227,-1613.8938471529482,1031.8631193103201,8.705,-13.7676,4
1894,STARLINK-33856,satellite,0,2,42.9849,296.4079,76.9108,33.741,110.6518,6859.5719,486.2848,3127.8024213616764,4252.819116105018,4373.890761828072,2062.6522872055743,-4859.535364977793,4373.890761828072,39.8181,-67.001,62
1895,STARLINK-33876,satellite,0,2,43.0141,296.6485,59.6334,325.9852,25.6185,6865.8371,482.7112,4712.038083671489,-4555.140378128533,2023.1161148326496,-6321.473681655957,-1729.6176625365842,2023.1161148326496,17.2561,-164.6978,9
1896,STARLINK-33859,satellite,0,2,42.9915,297.0213,87.0878,150.0565,237.1443,6861.1786,492.0815,-5448.382065487957,1401.073800030178,-3931.331710480533,3984.116165550551,3971.7368120333194,-3931.331710480533,-35.1147,44.9108,4
1897,STARLINK-33826,satellite,0,2,42.9801,296.46,85.3901,11.049,96.439,6858.6298,486.4915,4118.719384611697,2908.6182859033756,4643.73119185882,401.0260092183015,-5026.2399308228505,4643.73119185882,42.8224,-85.4382,103
1898,STARLINK-33836,satellite,0,2,42.9855,296.856,102.4397,184.1568,286.5965,6859.2994,494.9804,-3407.3020669100333,-3922.9169309077142,-4484.976098220066,-1636.3290851005318,4931.674335073823,-4484.976098220066,-40.9758,108.3558,8
1899,STARLINK-33558,satellite,0,2,43.008,296.3197,110.4439,35.5756,146.0195,6864.6779,482.9431,-9.076143496943887,6340.032384298996,2614.4830874327927,5457.94026899715,-3225.985280561599,2614.4830874327927,22.5364,-30.5858,4
1900,STARLINK-33852,satellite,0,2,42.9892,296.8295,106.0986,187.6765,293.7751,6859.8736,493.4943,-2850.95173986622,-4542.646285705317,-4282.6479234469,-2453.15426563644,4769.234241371279,-4282.6479234469,-38.7827,117.22,8
1901,STARLINK-33835,satellite,0,2,43.0231,296.6803,36.5021,327.821,4.323,6867.5571,482.4827,3409.5284741496666,-5942.889787917868,352.84542788797347,-6850.774414716133,98.55641047979516,352.84542788797347,2.9665,179.1758,4
1902,STARLINK-33661,satellite,0,2,42.9814,296.4989,98.9708,343.3107,82.2816,6858.5496,486.8267,4858.338938093395,1393.3975680327233,4631.249077271815,-1279.5246290209454,-4889.563451242122,4631.249077271815,42.6776,-104.6646,109
1903,STARLINK-33729,satellite,0,2,42.9824,296.9491,84.9504,173.378,258.3284,6858.9111,497.5993,-5014.520474456697,-991.1561222930912,-4584.387622930944,1705.1701310360224,4818.734364096769,-4584.387622930944,-42.0655,70.513,4
1904,STARLINK-33717,satellite,0,2,42.9955,296.3477,97.8051,34.153,131.9581,6862.4828,483.3923,1307.2151160771327,5762.6456815538995,3476.779225252194,4289.920780832282,-4063.6776822252655,3476.779225252194,30.6283,-43.4486,4
1905,STARLINK-33684,satellite,0,2,43.0197,296.2716,143.3415,30.968,174.3095,6867.4284,482.3124,-2575.6550887312023,6341.532793940023,464.09034471491447,6768.33810756725,-1019.1352090751606,464.09034471491447,3.9031,-8.5629,5
1906,STARLINK-33704,satellite,0,2,42.9922,296.5902,93.3312,320.5832,53.9144,6861.7194,484.5273,5431.619512145761,-1797.0729844923694,3778.2040430609572,-4316.180724427085,-3755.3356428419224,3778.2040430609572,33.605,-138.9748,16
1907,STARLINK-33705,satellite,0,2,42.9817,296.5198,100.1952,335.0066,75.2019,6859.0896,486.2075,5120.21594066082,598.2935982232696,4518.502012751953,-2096.997568099588,-4709.264030403957,4518.502012751953,41.4125,-114.003,89
1908,STARLINK-33663,satellite,0,2,42.9873,296.3734,78.6442,39.239,117.8832,6860.3848,484.9448,2546.966205317199,4841.33005819768,4131.526738325003,2865.114538333764,-4660.110756802326,4131.526738325003,37.234,-58.4161,32
1909,STARLINK-33866,satellite,0,2,42.9982,296.786,90.9964,216.805,307.8014,6861.8301,491.2552,-1644.8117661217523,-5542.606983807301,-3698.2569804176474,-3928.4625665553385,4241.8250536880305,-3698.2569804176474,-32.7682,132.8036,18
1910,STARLINK-33849,satellite,0,2,43.0115,296.7496,2.3892,319.5828,321.972,6864.1542,488.369,-327.44466919998916,-6218.722918989492,-2883.942916587016,-5181.951686516575,3453.5650382120652,-2883.942916587016,-24.9859,146.3181,16
1911,STARLINK-33873,satellite,0,2,43.0042,296.7677,57.3653,257.4192,314.7845,6862.9701,490.1703,-1003.1831277391879,-5921.095880871084,-3322.4744065271607,-4581.284342872848,3882.986812750873,-3322.4744065271607,-29.1048,139.7162,16
1912,STARLINK-33772,satellite,0,2,42.9999,296.607,86.1004,320.7392,46.8396,6862.7539,484.3052,5371.506306364647,-2555.4748971196063,3411.264040788032,-4937.850705088714,-3316.8000185990295,3411.264040788032,29.9878,-146.1104,9
1913,STARLINK-33789,satellite,0,2,42.9774,296.4746,91.6404,357.7205,89.3609,6858.5119,486.6121,4523.0031338216395,2167.1641067719147,4672.682434968938,-442.93651282589343,-4995.794717544599,4672.682434968938,43.1524,-95.0667,117
1914,STARLINK-33822,satellite,0,2,43.0124,296.7358,10.1958,318.8199,329.0157,6865.1212,487.1498,339.70023335309867,-6416.566798539448,-2409.9975846618204,-5692.40839332822,2980.6395978422775,-2409.9975846618204,-20.6771,152.3627,13
1915,STARLINK-33771,satellite,0,87,42.98,300.0046,82.4874,9.4858,91.9733,6858.5114,487.5282,4222.796133270721,2711.081805118276,4671.063966068373,178.03181646112625,-5015.005125574357,4671.063966068373,43.1267,-87.9669,102
1916,STARLINK-33810,satellite,0,2,43.0024,296.3272,102.0663,36.8844,138.9506,6863.6317,483.606,658.2568749463625,6095.7017203643045,3071.4109931226762,4907.4025026304935,-3675.3615134082347,3071.4109931226762,26.7522,-36.8311,4
1917,STARLINK-33823,satellite,0,2,43.0205,296.7028,28.0736,322.163,350.2367,6867.2124,483.8131,2278.736374063161,-6423.358849405073,-793.8728849365807,-6687.2737815026485,1316.2627936458014,-793.8728849365807,-6.685,168.8648,5
1918,STARLINK-33816,satellite,0,45,42.9769,322.4678,96.9623,348.1604,85.1227,6858.7325,486.0871,3506.1508465479296,3607.3790935912853,4655.707653621305,1314.503864194659,-4855.755067406671,4655.707653621305,42.9622,-74.8525,80
1919,STARLINK-33861,satellite,0,45,42.9926,322.5588,95.5174,321.3005,56.8179,6861.2129,484.802,5530.7800678241665,1051.1479286274061,3912.753878869551,-1916.8917918749707,-5293.3888941528885,3912.753878869551,34.9675,-109.9068,99
1920,STARLINK-33850,satellite,0,45,43.0182,322.2628,121.9276,41.1933,163.1209,6866.7507,480.0346,-4298.36862069665,5167.384619306872,1358.3524342687294,6637.093075986247,1061.5234825166465,1358.3524342687294,11.4948,9.0868,5
1921,STARLINK-33887,satellite,0,45,43.0093,321.8421,7.2051,325.4853,332.6905,6865.7445,486.2052,3372.0453382823075,-5577.419762846395,-2147.5626407121404,-6517.300670655086,-55.6142310901897,-2147.5626407121404,-18.3439,-179.5111,4
1922,STARLINK-33886,satellite,0,45,43.0179,321.8084,23.104,330.7409,353.8448,6867.6116,483.7258,5029.294056880967,-4640.888801995888,-501.93181410003825,-6557.048606338628,-1958.7652123676532,-501.93181410003825,-4.2211,-163.3677,3
1923,STARLINK-33840,satellite,0,45,42.9814,322.4898,107.5029,330.5098,78.0128,6859.0773,487.6546,4117.159458366155,3024.9684040945654,4572.397606601958,501.8989710323773,-5084.243628531284,4572.397606601958,42.0055,-84.3622,107
1924,STARLINK-33851,satellite,0,45,42.9822,322.0402,89.9654,172.1261,262.0915,6858.7923,495.4496,-3803.8904709367484,-3340.4635639268463,-4635.042400356788,-933.0544891695611,4975.709884734717,-4635.042400356788,-42.6543,100.6209,6
1925,STARLINK-33853,satellite,0,45,42.9827,321.969,95.1,188.0676,283.1676,6859.1277,495.2576,-1780.6534792778064,-4814.5600487392185,-4556.648331022614,-3232.953479653946,3987.3207890227977,-4556.648331022614,-41.7717,129.0354,13
1926,STARLINK-33847,satellite,0,45,43.0019,322.3111,100.9414,33.7815,134.723,6863.1153,483.6486,-1639.9139593906089,5769.341612527646,3322.7023096638095,5798.890597310129,-1532.1515188373062,3322.7023096638095,29.1374,-14.8002,8
1927,STARLINK-33880,satellite,0,45,42.9841,322.5344,98.6824,325.1878,63.8702,6860.3073,485.9073,5135.6102968275945,1737.3424330223918,4196.66604532125,-1125.1089554399387,-5303.487691024711,4196.66604532125,37.9158,-101.9774,116
1928,STARLINK-33760,satellite,0,65,43.0232,336.7649,42.652,327.9302,10.5822,6867.1475,482.2892,6559.835103040008,-1813.9793904109254,859.5710697315907,-4906.179362403733,-4717.134921945228,859.5710697315907,7.2427,-136.1254,4
1929,STARLINK-33941,satellite,0,65,43.0235,336.7815,26.2013,330.2419,356.4432,6867.452,482.8487,6170.440953620182,-2985.6176411585216,-290.41643360347115,-5715.3373657796365,-3784.596815597826,-290.41643360347115,-2.4412,-146.4882,3
1930,STARLINK-33824,satellite,0,65,42.9811,337.0149,86.7861,177.8005,264.5866,6858.5547,494.8589,-2547.950079274063,-4348.8335907144265,-4658.113645693562,-2440.9971467742,4409.754657080034,-4658.113645693562,-42.9215,118.9665,8
1931,STARLINK-33808,satellite,0,65,42.9934,336.6566,99.6469,320.5236,60.1706,6860.6243,485.8307,4855.260277371973,2643.089331170841,4056.0566860155695,-203.04535475598678,-5524.332191087653,4056.0566860155695,36.439,-92.1049,120
1932,STARLINK-33844,satellite,0,65,43.0181,336.3655,136.2003,30.172,166.3723,6866.9975,483.6281,-5634.895242735473,3756.0366462450647,1102.8818865864396,6104.844982842307,2930.993589212343,1102.8818865864396,9.3069,25.6461,3
1933,STARLINK-33907,satellite,0,65,43.0132,336.7268,67.3456,324.5537,31.8994,6864.9031,483.1475,6395.987228824552,133.7442721055902,2472.3287042636234,-3147.29361086599,-5569.657358277073,2472.3287042636234,21.25,-119.4699,25
1934,STARLINK-33884,satellite,0,65,43.0161,336.3749,123.2946,36.061,159.3556,6866.3662,482.0995,-5172.017576125871,4192.182596208676,1649.7390547495702,6243.896221141182,2310.394058884482,1649.7390547495702,14.0011,20.3057,3
1935,STARLINK-33841,satellite,0,65,42.9891,336.4749,80.3885,36.4824,116.8708,6860.3706,485.7187,-1055.5834354759538,5338.562322489559,4170.030807791367,5130.317232036102,-1815.034203267189,4170.030807791367,37.635,-19.4831,12
1936,STARLINK-33769,satellite,0,65,43.024,336.3536,141.4378,32.0749,173.5127,6867.3693,482.3097,-6016.796697244518,3253.067530047711,528.8541073065305,5867.013850077019,3516.0260712952195,528.8541073065305,4.4488,30.9337,4
1937,STARLINK-33914,satellite,0,16,42.9883,332.7252,80.6492,160.8455,241.4947,6860.7128,493.5907,-4933.56155478714,-2420.5874590709996,-4112.857962103121,434.36624427220715,5478.193062290006,-4112.857962103121,-36.9834,85.4665,4
1938,STARLINK-33932,satellite,0,0,42.9885,343.7563,111.1559,180.0378,291.1937,6859.7053,493.4966,1072.7816109665682,-5187.82481489704,-4363.018905554043,-5009.434068721814,1723.3563200971355,-4363.018905554043,-39.6498,161.0156,17
1939,STARLINK-33930,satellite,0,0,42.9842,344.2245,71.327,28.9589,100.2859,6858.6664,487.4145,163.52479907880215,5081.723218057796,4599.213481865566,4287.582423484289,-2732.6339284086384,4599.213481865566,42.3098,-32.5109,5
1940,STARLINK-33911,satellite,0,65,42.9972,336.7485,93.6251,213.3978,307.0228,6861.8186,491.384,2214.8080627641298,-5313.544097450933,-3736.8241596761377,-5700.071293260801,805.1787889560828,-3736.8241596761377,-33.1522,171.9597,10
1941,STARLINK-33938,satellite,0,0,43.0171,344.0189,163.7549,35.5192,199.2741,6866.7563,485.026,-6683.082551568555,191.25997541038862,-1545.278038686018,3573.2781496262733,5650.827907013049,-1545.278038686018,-13.0928,57.693,4
1942,STARLINK-33881,satellite,0,0,42.988,344.3442,98.536,326.2648,64.8009,6860.1108,485.3598,4034.937620585671,3581.437268189531,4229.443278199717,1022.4777070065877,-5297.3534757149255,4229.443278199717,38.268,-79.0753,92
1943,STARLINK-33846,satellite,0,0,42.9902,344.1589,83.3786,38.0386,121.4172,6861.0495,485.3379,-2269.8982017287844,5092.902862385999,3989.6796028166127,5538.388333705369,-645.2534982371947,3989.6796028166127,35.7542,-6.6453,15
1944,STARLINK-33883,satellite,0,0,43.0076,344.1044,106.853,35.817,142.67,6864.0223,482.9145,-4411.346405072521,4417.981300728264,2836.3905595525807,6050.127205727595,1540.94019145639,2836.3905595525807,24.5678,14.2892,6
1945,STARLINK-33842,satellite,0,0,43.0054,343.9783,164.3424,56.0717,220.4141,6863.7917,488.8347,-5920.2199342815375,-1685.1121156034576,-3034.6455204954245,1570.2316896647435,5951.720705240683,-3034.6455204954245,-26.3857,75.2205,4
1946,STARLINK-33892,satellite,0,0,43.0032,343.9569,225.3746,2.0596,227.4342,6862.6941,489.0937,-5482.20346275745,-2269.1884407077364,-3446.846764182726,844.430355544184,5872.879052146988,-3446.846764182726,-30.3093,81.8178,4
1947,STARLINK-33933,satellite,0,65,43.0043,337.0158,154.6972,67.6324,222.3296,6863.3029,489.0769,-5990.343568914827,-1130.1968347156853,-3151.968667492951,2083.3033275293624,5728.997137749823,-3151.968667492951,-27.4874,70.0166,2
1948,STARLINK-33906,satellite,0,0,43.023,344.0375,151.5071,33.6216,185.1288,6867.6796,483.0977,-6693.506984893972,1448.1995661612668,-418.48230893066193,4659.738344233699,5018.6807333732895,-418.48230893066193,-3.5187,47.1239,4
1949,STARLINK-33923,satellite,0,0,43.0213,344.028,158.1877,34.0275,192.2152,6867.4284,484.1384,-6739.656973959879,824.9247103093651,-990.5573489896827,4147.17438551818,5376.283244066194,-990.5573489896827,-8.3513,52.354,4
1950,STARLINK-33947,satellite,0,0,42.9834,344.3169,97.4793,334.4191,71.8985,6859.3684,485.6344,3338.9437317299576,4013.261474787804,4442.186056264414,1748.9047758597378,-4918.9577141554855,4442.186056264414,40.5708,-70.4275,71
1951,STARLINK-33882,satellite,0,0,42.9991,343.936,96.7288,137.8951,234.6239,6861.8224,492.0027,-4950.97088777432,-2833.586325492681,-3816.5947473760807,88.0094871001401,5703.821396729417,-3816.5947473760807,-33.9498,89.116,4
1952,STARLINK-33875,satellite,0,0,42.9922,343.7302,105.489,192.8,298.289,6860.4992,492.7307,1883.8777488875023,-5154.6864318348735,-4121.023386728076,-5394.637514272191,1008.7981328804832,-4121.023386728076,-37.0744,169.408,12
1953,STARLINK-33869,satellite,0,0,43.0138,343.642,16.4583,317.2504,333.7086,6865.6442,486.1903,5277.484479376105,-3865.3208531026735,-2073.530606303829,-6016.543963681198,-2567.829133836087,-2073.530606303829,-17.6906,-156.8875,4
1954,STARLINK-33935,satellite,0,0,42.978,344.2496,85.5355,7.6563,93.1918,6858.6005,486.2406,991.8219201852176,4922.642131170143,4665.545257619357,3728.2699409884967,-3363.9440423486317,4665.545257619357,43.0735,-42.0593,6
1955,STARLINK-33916,satellite,0,0,42.9838,344.1775,79.1079,35.3579,114.4658,6860.0715,485.3534,-1486.9381774635044,5165.776563642736,4254.170937631291,5201.713880618687,-1355.8780746283635,4254.170937631291,38.5321,-14.6096,13
1956,STARLINK-33925,satellite,0,0,43.0005,343.6879,69.0556,243.4078,312.4634,6862.5311,490.4038,3406.904714321751,-4855.125214332229,-3452.9737463220445,-5913.807103289444,-454.0111500785698,-3452.9737463220445,-30.3623,-175.6099,7
1957,STARLINK-33870,satellite,0,0,43.019,343.6226,20.0621,327.7057,347.7679,6867.0877,484.0469,6134.158606888625,-2910.6239273171664,-991.8545334417806,-5632.326180865853,-3791.640179799513,-991.8545334417806,-8.3624,-146.0519,4
1958,STARLINK-33867,satellite,0,0,43.014,344.0696,123.195,33.7007,156.8957,6866.0968,482.4059,-5526.414711934438,3624.011462475333,1836.0875812521106,5935.953440291966,2905.0258868251008,1836.0875812521106,15.6194,26.0769,4
1959,STARLINK-33918,satellite,0,0,43.0089,344.0846,113.2041,36.6513,149.8554,6865.1764,482.719,-5012.853221229893,4048.319745299091,2349.2960601728655,6038.970883857953,2246.8691198397196,2349.2960601728655,20.1475,20.4083,4
1960,STARLINK-33712,satellite,0,23,43.0244,347.5642,149.6722,31.0006,180.6728,6867.8291,482.5656,-6711.955637440009,1419.806708830717,-54.966084347995945,4644.7264378251375,5049.031183026268,-54.966084347995945,-0.4619,47.3883,4
1961,STARLINK-33827,satellite,0,0,43.0067,343.9878,163.4646,49.8969,213.3615,6864.8096,487.6259,-6270.769052584644,-1071.6346127270438,-2574.1577026460564,2276.7086009790564,5940.331909942065,-2574.1577026460564,-22.1545,69.03,4
1962,STARLINK-33899,satellite,0,0,42.9869,343.8695,78.1928,177.5942,255.7871,6859.2145,494.8885,-2971.0811875865334,-4207.340848977379,-4536.604156513151,-2103.471754831229,4701.536665743609,-4536.604156513151,-41.5503,114.1038,8
1963,STARLINK-33900,satellite,0,0,42.9807,343.7907,121.7712,155.4927,277.2639,6858.6021,499.0063,-557.3992077616708,-5027.98395171761,-4644.246427536683,-4040.4598924463985,3044.010570460491,-4644.246427536683,-42.7315,143.0063,13
1964,STARLINK-33975,satellite,0,0,43.0137,343.6115,31.6661,323.0874,354.7535,6867.5376,483.4656,6425.720359396338,-2367.9882145354245,-428.0096104571732,-5314.297651496964,-4319.200249193492,-428.0096104571732,-3.5987,-140.8975,4
1965,STARLINK-33951,satellite,0,0,43.0103,343.6577,80.9945,245.6154,326.61,6865.1484,491.3445,4723.975401014248,-4264.727897559259,-2577.6676621172296,-6077.767238224958,-1888.0129839509311,-2577.6676621172296,-22.1736,-162.743,4
1966,STARLINK-33909,satellite,0,49,43.0034,104.3388,103.358,36.785,140.143,6863.779,483.5861,-1810.193308398691,-5896.210073584583,2997.4806233641066,-4148.256092149248,4564.434733848034,2997.4806233641066,26.06,132.2652,7
1967,STARLINK-34029,satellite,0,49,43.0186,104.285,136.272,32.1953,168.4673,6867.0493,482.2507,686.7559323368943,-6761.087299419059,935.6822706496597,-6165.762971489409,2857.849219321359,935.6822706496597,7.8879,155.1321,5
1968,STARLINK-34102,satellite,0,49,43.0176,104.2757,144.6859,30.8761,175.562,6867.3136,482.2643,1310.4640048187039,-6724.270141313889,362.1589662950212,-6452.223145985876,2302.594474868537,362.1589662950212,3.045,160.3601,4
1969,STARLINK-34109,satellite,0,49,42.9955,103.7499,83.3623,325.4115,48.7738,6862.5214,482.95,-4736.963820070674,3492.145115062925,3516.132700445678,5419.863301975163,2293.2478115588115,3516.132700445678,31.0147,22.9342,7
1970,STARLINK-34091,satellite,0,49,42.9831,104.0641,90.3484,177.0308,267.3793,6858.6516,495.3298,4941.701195605698,914.4472736801291,-4674.5402067358,-1734.008279740897,-4716.973585762572,-4674.5402067358,-43.1054,-110.1839,4
1971,STARLINK-34095,satellite,0,49,43.0082,104.3256,111.4547,35.7765,147.2313,6864.8009,483.034,-1203.1299436979648,-6259.159270093642,2531.980393343604,-4770.081224765245,4227.4012748926425,2531.980393343604,21.7885,138.4516,6
1972,STARLINK-34127,satellite,0,49,43.0215,103.8317,36.1603,330.2416,6.4019,6867.3423,482.4019,-2172.935237722041,6486.235648602191,521.9072211593409,6687.391740370781,-1439.3373987195218,521.9072211593409,4.3902,-12.1466,5
1973,STARLINK-34101,satellite,0,49,42.9872,103.5215,85.3166,34.2354,119.552,6860.8193,485.49,-3451.2642985072016,-4307.852671318267,4066.575049847833,-1945.0040942495061,5165.828004230009,4066.575049847833,36.5506,110.632,4
1974,STARLINK-34065,satellite,0,70,42.9805,100.0946,82.948,12.8839,95.8319,6858.6051,486.7932,-4789.7970096069175,-1560.226647540571,4649.248749621344,1101.0679412985178,4915.700557761803,4649.248749621344,42.883,77.3747,4
1975,STARLINK-34057,satellite,0,49,42.9816,103.662,98.6468,338.5688,77.2156,6858.9242,486.6782,-5110.765531720771,318.86235695431304,4557.857503731953,2881.059163901255,4233.331503320777,4557.857503731953,41.8494,55.7621,4
1976,STARLINK-34060,satellite,0,49,42.9825,103.6882,94.8881,335.18,70.0681,6859.625,485.3677,-5133.328044358319,1154.85018721471,4393.418370181639,3611.6333531643036,3826.3350987879544,4393.418370181639,40.0376,46.6534,5
1977,STARLINK-34048,satellite,0,49,43.0188,104.2649,152.6321,29.9643,182.5963,6867.4192,482.8707,1909.0757391171444,-6586.62398830996,-212.03601266338,-6639.155722381231,1717.49731733078,-212.03601266338,-1.7821,165.496,4
1978,STARLINK-33959,satellite,0,49,42.9976,103.4872,96.1636,37.5888,133.7524,6862.9352,484.0919,-2416.7319506597273,-5456.042220309549,3377.833096502557,-3460.2797991249918,4861.630769907092,3377.833096502557,29.6658,125.4415,7
1979,STARLINK-34058,satellite,0,49,42.9795,103.5941,80.7695,17.6996,98.4692,6858.6683,486.8954,-4584.34112039016,-2147.2981580525293,4622.538055507333,491.3100018005325,5038.42111874411,4622.538055507333,42.5781,84.4305,4
1980,STARLINK-34055,satellite,0,49,43.0136,104.2107,168.2231,35.4368,203.6598,6866.0371,485.7383,3494.99582258705,-5598.79648605751,-1878.6097477086475,-6598.399659191122,-150.46537733759814,-1878.6097477086475,-15.9825,-178.6937,5
1981,STARLINK-33794,satellite,0,49,42.9938,104.1509,80.9804,158.1438,239.1242,6860.8939,492.4689,5038.878693852636,-2361.855863497419,-4016.921254673436,-4601.651585174528,-3129.4511180013574,-4016.921254673436,-35.9924,-145.7815,4
1982,STARLINK-34047,satellite,0,49,42.984,104.0887,79.6489,180.7136,260.3625,6858.7037,494.9991,5080.861497124811,90.49085851312493,-4613.415721845387,-2513.7055545422986,-4416.404253858903,-4613.415721845387,-42.4127,-119.6474,4
1983,STARLINK-34094,satellite,0,70,43.0132,100.7433,165.7592,35.4414,201.2006,6866.2281,485.276,2975.3039869904683,-5947.296274688317,-1692.8473297777318,-6633.084400060466,474.29751801734216,-1692.8473297777318,-14.3677,175.91,5
1984,STARLINK-34043,satellite,0,70,43.0237,99.9008,152.139,35.6697,187.8087,6867.3654,483.6181,1840.2539135143738,-6579.515348247012,-636.0759904225582,-6597.938094539446,1773.0678454724025,-636.0759904225582,-5.3521,164.9582,4
1985,STARLINK-34025,satellite,0,49,42.9819,103.5667,78.6468,26.9094,105.5562,6859.131,486.5346,-4265.408412923841,-2920.5748284272545,4502.594311995998,-336.4902084661058,5158.511471063218,4502.594311995998,41.2329,93.7321,4
1986,STARLINK-33874,satellite,0,49,42.9866,103.9868,104.3157,184.3689,288.6847,6859.3469,494.1028,4083.553465187289,3283.0460742725436,-4432.94667053561,741.0227597322856,-5186.972691117452,-4432.94667053561,-40.4088,-81.8696,12
1987,STARLINK-33781,satellite,0,49,43.0189,104.249,157.4171,32.2299,189.647,6867.2677,483.7434,2479.8316609500307,-6349.534436258536,-784.4719384149366,-6726.345010771018,1105.6380148850826,-784.4719384149366,-6.6056,170.6655,5
1988,STARLINK-33891,satellite,0,49,43.013,104.3006,119.5198,34.8053,154.3251,6865.721,482.6034,-578.6474813813543,-6526.844504045831,2027.1878157360202,-5318.850852592119,3826.794702565366,2027.1878157360202,17.2922,144.2658,5
1989,STARLINK-33903,satellite,0,49,43.0032,103.904,47.0292,269.8265,316.8557,6863.3645,489.9017,2128.4734130959346,5685.805969833584,-3201.103304812225,3804.93755284874,-4730.881399461724,-3201.103304812225,-27.9488,-51.1911,12
1990,STARLINK-33889,satellite,0,49,43.0069,103.7864,68.4917,326.1561,34.6478,6864.597,483.3963,-4113.718104506547,4800.042970106639,2659.5597081738906,6226.945393989561,1090.0643185093716,2659.5597081738906,22.945,9.9294,5
1991,STARLINK-33984,satellite,0,49,43.0219,103.8392,27.0804,325.1211,352.2015,6867.4082,483.3749,-965.1381263801657,6763.345320947863,-635.2069398658645,6309.696591692222,-2619.553483738696,-635.2069398658645,-5.345,-22.5464,6
1992,STARLINK-33940,satellite,0,49,42.9897,103.9684,141.0214,154.6836,295.705,6860.2565,491.5391,3670.2632171750265,3979.762830214528,-4215.67907699434,1551.098714581249,-5186.852325421413,-4215.67907699434,-38.0808,-73.351,13
1993,STARLINK-33978,satellite,0,49,43.0151,103.812,55.2237,325.38,20.6037,6866.329,482.6451,-3246.8196718243407,5813.757800085473,1646.7333280731766,6656.7117932904575,-172.64368064871783,1646.7333280731766,13.9739,-1.4856,5
1994,STARLINK-34018,satellite,0,15,43.0208,9.4232,148.1537,26.2567,174.4105,6867.3336,481.7461,-6815.022981208203,-635.8869248724418,455.8554463793145,2929.114043095435,6186.208963344255,455.8554463793145,3.8341,64.6629,4
1995,STARLINK-34053,satellite,0,15,43.0212,9.4034,169.5548,18.9513,188.5061,6867.5253,485.4647,-6575.409762764845,-1841.267795082049,-692.635906343264,1770.1016743449422,6594.923858844071,-692.635906343264,-5.828,74.9757,4
1996,STARLINK-34042,satellite,0,64,43.0166,5.4843,59.1353,324.7529,23.8882,6866.0304,482.6545,6048.773230968627,2620.9857334944713,1894.927308672617,-830.8198239743876,-6539.645421194896,1894.927308672617,16.1325,-97.2403,24
1997,STARLINK-34040,satellite,0,15,42.9856,9.2362,79.73,179.512,259.242,6859.0258,494.623,-472.80945128031556,-5073.996779574063,-4597.142058461565,-4123.18311907791,2994.7208656064945,-4597.142058461565,-42.2317,144.0086,14
1998,STARLINK-33990,satellite,0,15,42.9902,9.267,82.5265,162.6378,245.1643,6860.1284,493.0442,-2111.303061673028,-4960.518596105365,-4246.881605777422,-3189.8472887014946,4346.172987272914,-4246.881605777422,-38.4031,126.2766,13
1999,STARLINK-34056,satellite,0,15,43.0031,9.4843,99.5066,39.572,139.0785,6863.6985,483.8206,-5652.1815545215695,2386.2992524367055,3063.6759662594004,4935.497088263756,3644.509423666487,3063.6759662594004,26.6787,36.4432,5
2000,STARLINK-34026,satellite,0,15,42.9963,9.4991,91.034,41.0309,132.0649,6862.4624,484.7642,-5145.756078739564,2914.1710025315533,3471.7079283101184,5131.233328401542,2939.6671211860303,3471.7079283101184,30.5722,29.8083,7
2001,STARLINK-33777,satellite,0,15,43.0162,9.0161,15.9629,321.0953,337.0582,6866.1101,485.756,6547.98275152049,-941.2884351788482,-1824.8508430093652,-4149.498190126778,-5152.064324379683,-1824.8508430093652,-15.5136,-128.8481,4
2002,STARLINK-34041,satellite,0,15,42.9811,9.5821,68.2739,35.439,103.7129,6858.9155,487.6783,-2413.846390198748,4534.480033556909,4541.167248750264,5131.489025061949,-236.6092894849182,4541.167248750264,41.6548,-2.64,18
2003,STARLINK-34011,satellite,0,15,42.9881,9.7301,93.2799,327.8693,61.1492,6860.5915,485.0017,2518.0599198633095,4888.212753771479,4094.2009351488064,2920.1841040727795,-4659.1602767534,4094.2009351488064,36.8421,-57.9221,29
2004,STARLINK-34044,satellite,0,15,43.0129,9.0312,8.7567,321.2268,329.9835,6865.2049,486.7555,6262.3780022354495,-1546.2927725792472,-2341.7997121871954,-4524.21084791816,-4597.816414885758,-2341.7997121871954,-20.0681,-134.5377,4
2005,STARLINK-34037,satellite,0,15,42.9865,9.1852,99.2544,174.1832,273.4376,6858.6153,494.5796,1206.142826312808,-4881.251801896644,-4670.807315749205,-4813.760696306553,1452.2767056175417,-4670.807315749205,-43.0686,163.2118,15
2006,STARLINK-34010,satellite,0,15,42.9944,9.2996,83.8057,154.2839,238.0896,6860.9876,492.6162,-2891.70278966652,-4791.7518469578445,-3973.1224587256643,-2646.634295020607,4931.344410504079,-3973.1224587256643,-35.54,118.2223,9
2007,STARLINK-34009,satellite,0,64,42.997,6.0413,91.4396,37.9567,129.3963,6862.0231,484.7563,-4735.67291917261,3395.9900142468014,3613.613835724276,5336.498086752512,2341.1822535496026,3613.613835724276,31.9635,23.6876,7
2008,STARLINK-33958,satellite,0,15,42.9831,9.6095,80.6441,15.903,96.5471,6858.7155,487.4689,-1602.493154093412,4782.261299000106,4643.660685974866,4930.777218790385,-1060.8691999903601,4643.660685974866,42.814,-12.1422,15
2009,STARLINK-33776,satellite,0,15,43.0005,9.0731,93.7197,215.0495,308.7693,6861.9103,490.9292,4860.860442242111,-3186.7120687990364,-3649.338372988048,-5220.3429566342575,-2555.60510711313,-3649.338372988048,-32.2843,-153.9161,4
2010,STARLINK-34032,satellite,0,15,42.9907,9.0981,95.873,198.6528,294.5258,6860.2168,495.2518,3536.286658089319,-4060.4368267520417,-4258.82867001616,-5296.256859215027,-970.635788255556,-4258.82867001616,-38.516,-169.6147,7
2011,STARLINK-34015,satellite,0,15,42.9829,9.6359,100.3509,342.0891,82.44,6858.6252,486.1502,57.02319557080242,5051.689671572653,4632.632231820523,4316.071516141225,-2625.7088281569445,4632.632231820523,42.6986,-31.3145,5
2012,STARLINK-33969,satellite,0,15,42.9904,9.2389,81.0968,170.9948,252.0916,6859.3764,494.0632,-1316.0695704636094,-5053.815411244199,-4453.096005820781,-3675.7117254120144,3709.7483252773727,-4453.096005820781,-40.6305,134.7359,16
2013,STARLINK-34002,satellite,0,15,43.016,9.3624,170.9634,31.7286,202.692,6866.1525,485.7391,-5931.958177344951,-2939.8130184965466,-1806.031371476515,497.0013560479435,6601.789004018374,-1806.031371476515,-15.3498,85.6947,4
2014,STARLINK-33999,satellite,0,15,42.9823,9.1252,97.7961,182.7378,280.5339,6858.7637,495.8386,2022.0197934438916,-4675.574713457404,-4601.049186489235,-5052.995329882678,645.6013804082262,-4601.049186489235,-42.2665,172.719,9
2015,STARLINK-33976,satellite,0,15,42.9985,9.2823,61.5112,169.457,230.9682,6862.273,490.7076,-3636.3873938245815,-4545.010891327837,-3635.6440670191596,-2054.5694519362114,5446.024389169179,-3635.6440670191596,-32.1499,110.6695,8
2016,STARLINK-33821,satellite,0,15,43.012,9.4088,114.2742,39.0129,153.2871,6865.6632,482.6979,-6412.904498931949,1222.5299507694929,2103.1953075143283,4322.50715587506,4892.428382752168,2103.1953075143283,17.9616,48.5391,5
2017,STARLINK-33888,satellite,0,15,43.0211,9.3696,161.7205,33.9105,195.631,6867.0703,484.8851,-6300.264133998599,-2409.6464111522605,-1261.50123398804,1140.8763328313719,6648.167054016719,-1261.50123398804,-10.6578,80.2625,4
2018,STARLINK-33896,satellite,0,15,43.0163,9.4131,129.1348,38.2364,167.3712,6867.3276,483.2515,-6784.152718090878,-12.97777718194361,1023.3270366258804,3449.157007088502,5841.935677969479,1023.3270366258804,8.6308,59.4418,5
2019,STARLINK-33878,satellite,0,15,43.0166,9.3922,127.9669,32.3086,160.2754,6866.459,482.7248,-6646.912271152263,616.2817458285213,1579.4167904484157,3920.4070844245225,5402.930151596447,1579.4167904484157,13.3919,54.0351,5
2020,STARLINK-33954,satellite,0,15,42.9889,9.5123,77.198,40.7181,117.9161,6860.4013,486.1142,-3898.3092808883225,3840.3508825896656,4131.102633107154,5291.605273156421,1394.282533767962,4131.102633107154,37.2221,14.7613,13
2021,STARLINK-34116,satellite,0,6,43.0213,107.7861,35.8445,325.6118,1.4562,6867.5881,482.1373,-2216.2547974355234,6491.328161178417,118.94709307242816,6713.867551694647,-1404.6740267996975,118.94709307242816,0.9997,-11.817,5
2022,STARLINK-34123,satellite,0,6,42.9859,107.9601,98.7117,185.0299,283.7415,6859.0938,494.5064,4136.5415660760145,3054.685812991708,-4545.543868705808,517.5740588525093,-5116.072579388447,-4545.543868705808,-41.653,-84.2233,10
2023,STARLINK-33972,satellite,0,6,42.996,107.7059,76.8765,327.0723,43.9488,6863.2126,484.2178,-4817.5681062683425,3644.6384474803504,3245.55211788322,5592.141767369724,2284.7980928355446,3245.55211788322,28.3969,22.2236,7
2024,STARLINK-33973,satellite,0,6,42.9915,107.2238,75.8009,166.2647,242.0655,6860.4728,492.8806,5188.345008950315,-1757.685936043982,-4134.681916082758,-4158.217971412086,-3566.17541406645,-4134.681916082758,-37.2167,-139.3829,4
2025,STARLINK-34119,satellite,0,6,43.0078,107.8413,29.0052,297.0989,326.1041,6864.7779,488.072,918.9024062400639,6280.289735543067,-2610.7001173159356,4933.229246671476,-3993.703794017098,-2610.7001173159356,-22.4843,-38.992,12
2026,STARLINK-34143,satellite,0,6,42.9821,107.5042,79.8199,27.9267,107.7466,6859.3348,486.3436,-3926.8853020306096,-3429.500609268657,4451.422439052754,-946.9041006696476,5126.916737027541,4451.422439052754,40.6675,100.4642,4
2027,STARLINK-33957,satellite,0,6,42.9926,107.8938,95.207,209.6455,304.8525,6861.4902,492.0149,2715.304368973929,4998.289970652397,-3840.696964941993,2914.259490698589,-4884.963875789303,-3840.696964941993,-34.1932,-59.1806,15
2028,STARLINK-34120,satellite,0,6,42.9825,107.1557,84.6343,178.6778,263.3121,6858.7536,496.2689,5001.587217034684,707.3276303240443,-4648.2495559664285,-1942.7054388158529,-4662.840619645914,-4648.2495559664285,-42.7982,-112.6183,4
2029,STARLINK-34134,satellite,0,6,43.015,107.7507,56.4803,326.2812,22.7614,6866.1207,482.1087,-3776.1052658616036,5431.97898662147,1810.270755661188,6598.295840950744,477.3454569355999,1810.270755661188,15.3951,4.1378,5
2030,STARLINK-34118,satellite,0,6,43.0172,107.8038,25.4424,321.8891,347.3315,6867.0793,483.7708,-999.3338435819751,6710.188271608519,-1026.5890512502851,6281.415966621242,-2563.0271605343137,-1026.5890512502851,-8.6578,-22.1971,7
2031,STARLINK-34125,satellite,0,6,42.9858,107.6462,97.9449,327.2111,65.1561,6860.2106,485.9243,-5210.117873819401,1365.3246505288917,4241.846997037817,3831.838067954375,3785.030605082331,4241.846997037817,38.3966,44.6479,5
2032,STARLINK-33955,satellite,0,6,42.9949,107.2614,123.3123,104.7488,228.0611,6862.4659,490.4665,4926.871451423122,-3272.2800488731787,-3481.38178668014,-5327.612861945807,-2568.7390311846084,-3481.38178668014,-30.6381,-154.2587,4
2033,STARLINK-34097,satellite,0,6,42.9916,107.4595,85.5826,36.3424,121.9251,6861.001,485.4142,-2972.600325190335,-4735.770067422553,3968.1094997978494,-2557.2196328309983,4972.373535272746,3968.1094997978494,35.5315,117.2161,5
2034,STARLINK-34092,satellite,0,6,43.0026,107.856,31.9437,287.1258,319.0694,6863.7065,489.2252,1539.974138821186,5943.578769705269,-3066.6231778156284,4326.8275496098495,-4356.169452152484,-3066.6231778156284,-26.6836,-45.1936,12
2035,STARLINK-34114,satellite,0,6,42.9834,107.9789,95.8475,180.91,276.7575,6858.5738,494.7905,4493.10286039458,2307.0962931287568,-4646.663662672326,-307.32443222345086,-5041.450020898049,-4646.663662672326,-42.7915,-93.4884,6
2036,STARLINK-33770,satellite,0,6,43.0187,107.3469,140.602,37.9616,178.5636,6867.4434,482.5616,1924.898946184226,-6584.079046941002,117.32989577629222,-6645.037491134055,1702.5890845449176,117.32989577629222,0.986,165.6289,4
2037,STARLINK-34106,satellite,0,6,43.0166,107.3191,163.7743,35.9251,199.6994,6866.5498,485.4238,3537.9753861429167,-5664.379665930001,-1578.1034081886382,-6676.732451428675,-153.98248209983356,-1578.1034081886382,-13.3751,-178.6788,5
2038,STARLINK-34083,satellite,0,6,42.991,107.9113,98.7502,199.1207,297.8708,6860.5483,493.1508,3236.166807855858,4417.9314516930035,-4137.229838469266,2149.3996374688386,-5036.960901036959,-4137.229838469266,-37.2417,-66.8908,14
2039,STARLINK-34066,satellite,0,6,43.0143,107.7603,50.274,325.2358,15.5097,6866.8886,481.4918,-3293.163737228181,5885.093516705505,1251.1792608588407,6741.708663569171,-169.16677014187692,1251.1792608588407,10.5749,-1.4374,5
2040,STARLINK-34071,satellite,0,6,43.0141,107.8133,20.2466,320.0155,340.2621,6866.5406,485.0711,-362.6410552720284,6667.623211184331,-1580.9086537443354,5920.053053592819,-3088.9609359684678,-1580.9086537443354,-13.4,-27.5546,8
2041,STARLINK-34038,satellite,0,6,42.9872,107.6647,89.498,328.6096,58.1076,6861.0641,484.5094,-5156.07424589366,2159.13573821309,3968.66921560384,4487.060715199456,3333.6548866537764,3968.66921560384,35.5427,36.6104,5
2042,STARLINK-34031,satellite,0,6,43.0039,107.7196,74.1375,322.7146,36.8521,6864.3118,483.0586,-4535.195837925307,4311.585077416874,2805.1668367633006,6021.7821808793915,1701.7363292185853,2805.1668367633006,24.2795,15.7801,5
2043,STARLINK-34070,satellite,0,6,42.9809,107.5954,98.6833,340.7188,79.4022,6858.8055,486.859,-5080.202807821331,-288.402725803793,4593.957225725529,2343.137812698435,4516.784463703087,4593.957225725529,42.2546,62.5814,4
2044,STARLINK-34068,satellite,0,6,43.0004,107.4195,107.3958,28.6413,136.0371,6863.1296,484.5728,-1844.3137118341076,-5752.1710543544505,3246.8169869686144,-4006.9590470136513,4520.3146020789245,3246.8169869686144,28.4073,131.5549,8
2045,STARLINK-34076,satellite,0,6,42.9806,107.5218,80.3619,20.3364,100.6983,6858.7647,486.8588,-4316.312695630098,-2697.267948867397,4592.423747372859,-118.45099040276187,5088.396509443569,4592.423747372859,42.2373,91.3335,4
2046,STARLINK-33910,satellite,0,6,43.0048,107.2729,145.9515,74.9512,220.9028,6863.7481,489.3115,4678.363711217033,-3977.6013642050007,-3065.0728912421146,-5807.533764873349,-1995.232116024066,-3065.0728912421146,-26.6686,-161.0394,4
2047,STARLINK-34075,satellite,0,6,43.0128,107.3789,123.4141,33.9291,157.3432,6866.0855,482.4947,46.84783644701243,-6617.931231918547,1802.4187691576508,-5716.237784627985,3335.241235619105,1802.4187691576508,15.3258,149.7378,5
2048,STARLINK-34159,satellite,0,6,42.9845,107.9274,77.5601,178.0757,255.6359,6858.994,494.676,5151.879553176456,-122.8722346406014,-4533.224469548596,-2733.450947032741,-4368.66185881318,-4533.224469548596,-41.5142,-122.034,4
2049,STARLINK-34137,satellite,0,6,43.02,107.6658,28.8121,325.7302,354.5423,6867.4467,482.9014,-1618.022993997637,6652.548516540649,-445.2040601032466,6547.40586001393,-2001.4686303531016,-445.2040601032466,-3.7437,-16.9978,4
2050,STARLINK-33974,satellite,0,6,43.0101,108.0364,163.7552,49.3915,213.1468,6864.9099,487.6799,4388.213159950094,-4614.114857646275,-2559.6814262597854,-6207.030057242202,-1421.0026478522702,-2559.6814262597854,-22.0233,-167.1052,5
2051,STARLINK-34170,satellite,0,6,42.9958,107.9857,69.0377,165.4133,234.451,6861.52,491.6306,5116.681866473017,-2534.1419103647045,-3807.9791868601005,-4789.525807919491,-3108.4965947920573,-3807.9791868601005,-33.865,-147.0156,4
2052,STARLINK-34187,satellite,0,6,42.9824,107.877,87.8387,181.8369,269.6755,6858.6392,496.2523,4791.1590408117,1504.5302797353086,-4679.906017607983,-1149.669291657588,-4888.4636478971215,-4679.906017607983,-43.1596,-103.2343,4
2053,STARLINK-34142,satellite,0,6,42.9879,107.8074,102.0981,188.8143,290.9124,6859.7661,494.0217,3715.9821433256648,3766.7311899540523,-4371.532282110678,1344.5424724292166,-5117.518215573034,-4371.532282110678,-39.7386,-75.2792,12
2054,STARLINK-34144,satellite,0,6,42.998,107.7451,66.5021,245.607,312.1091,6862.6291,490.8471,2144.162225589718,5518.331726860524,-3472.477717633573,3652.884154266647,-4658.954180159852,-3472.477717633573,-30.5496,-51.9015,13
2055,STARLINK-34099,satellite,0,6,42.9877,107.9488,73.5057,175.0591,248.5648,6859.6446,493.942,5218.854387344879,-946.0018167286927,-4356.083925948893,-3475.6181664209757,-4006.424704747036,-4356.083925948893,-39.5715,-130.942,4
2056,STARLINK-34107,satellite,0,6,43.0113,107.6985,16.2136,317.0499,333.2635,6865.6827,486.2359,287.47545325016273,6524.882436433769,-2105.972818449374,5465.678181264983,-3575.345432870391,-2105.972818449374,-17.9765,-33.1905,10
2057,STARLINK-34121,satellite,0,6,43.0181,107.6442,42.2751,326.396,8.6711,6867.3487,482.1092,-2776.1355056113694,6233.384674225743,705.5830904567115,6777.572548416603,-791.5321808607283,705.5830904567115,5.9403,-6.6612,5
2058,STARLINK-34103,satellite,0,6,43.0087,107.609,65.7924,324.0954,29.8878,6865.3302,482.6382,-4180.785308613901,4911.531899673368,2331.1142048340366,6357.049648136968,1090.885497819343,2331.1142048340366,19.9852,9.7373,5
2059,STARLINK-33801,satellite,0,6,42.983,107.4921,100.7307,331.6631,72.3938,6859.4292,486.1859,-5182.3100027369555,540.8755706990013,4454.864920018876,3108.513367710495,4181.629824627191,4454.864920018876,40.7066,53.3739,4
2060,STARLINK-34135,satellite,0,6,42.9949,107.5582,85.5784,325.5485,51.1269,6862.1339,483.9681,-5020.241477543054,2924.6216755077266,3639.9575185763133,5076.202482062457,2826.3766201262424,3639.9575185763133,32.2282,29.1086,7
2061,STARLINK-34147,satellite,0,6,42.9789,107.4204,84.1787,9.5115,93.6902,6858.5455,486.8125,-4643.133166847193,-1919.2986608020615,4663.583720360958,717.4087513667264,4972.697219607832,4663.583720360958,43.0466,81.7906,4
2062,STARLINK-33960,satellite,0,6,42.9881,107.3507,80.211,34.7679,114.9788,6860.0764,485.9404,-3475.721198844598,-4119.086400264863,4237.410849759644,-1770.1643418146384,5090.582366283118,4237.410849759644,38.3491,109.1743,4
2063,STARLINK-34153,satellite,0,6,43.0106,107.2626,115.1458,35.1942,150.3401,6865.2164,482.7149,-601.3302107315794,-6427.791603952735,2315.085623962285,-5222.082026860521,3795.7821632601717,2315.085623962285,19.8419,143.9877,5
2064,STARLINK-33963,satellite,0,6,42.9953,107.3104,91.8489,37.3106,129.1595,6861.9835,484.7043,-2424.2063779574437,-5290.927025950722,3625.6867959043934,-3314.4453339000784,4783.841289743347,3625.6867959043934,32.083,124.7158,6
2065,STARLINK-34112,satellite,0,6,43.0192,107.2293,141.0922,30.5431,171.6354,6867.1652,482.1739,1313.4338253953283,-6698.679082571609,680.8467508698767,-6431.726055505212,2286.9870598476036,680.8467508698767,5.7313,160.4257,4
2066,STARLINK-34084,satellite,0,6,43.0204,107.1998,161.0584,31.7181,192.7764,6867.0857,484.2074,3038.680484451242,-6064.619102517312,-1035.314011563964,-6766.324140280517,479.62649411791375,-1035.314011563964,-8.7314,175.9454,5
2067,STARLINK-34138,satellite,0,49,43.0143,104.1485,61.6981,325.6784,27.3764,6865.3475,482.3489,-3724.673049791258,5341.86813142384,2151.4030790678116,6494.554478265536,479.0684608738165,2151.4030790678116,18.3886,4.2188,5
2068,STARLINK-34115,satellite,0,49,42.9797,103.9929,94.2317,349.7521,83.9838,6858.565,487.0026,-5013.40105846258,-508.8463090260822,4647.776463807355,2119.452778709294,4571.764939060695,4647.776463807355,42.8645,65.1277,4
2069,STARLINK-34028,satellite,0,49,42.9839,104.3618,98.5761,182.605,281.1811,6858.9467,495.1943,4441.7647005306235,2511.1761712639527,-4590.822837396375,-105.60181029802635,-5101.384878213519,-4590.822837396375,-42.1561,-91.1859,8
2070,STARLINK-33942,satellite,0,49,42.9926,104.2967,131.1171,171.3284,302.4455,6861.1321,491.067,3195.4413295662885,4613.462633159582,-3948.8661569769874,2338.3560934072752,-5101.663801024641,-3948.8661569769874,-35.3002,-65.3756,14
2071,STARLINK-34139,satellite,0,49,43.0074,104.243,23.1266,300.4737,323.6003,6864.3999,488.4356,1527.5213636372252,6086.986290347186,-2777.9145537275062,4456.529644249149,-4418.6046604297235,-2777.9145537275062,-24.0089,-44.7552,12
2072,STARLINK-34090,satellite,0,49,43.0224,104.2049,15.5657,329.2744,344.84,6866.9327,484.2996,-353.4259351416315,6742.386222898634,-1224.3240621883629,5979.659399687739,-3135.0207868673065,-1224.3240621883629,-10.3411,-27.6672,8
2073,STARLINK-34105,satellite,0,49,43.0208,104.1859,29.4871,329.636,359.1231,6867.393,482.8107,-1606.783696476615,6669.758982196604,-71.63668202264775,6556.4765501484035,-2019.9143484834758,-71.63668202264775,-0.602,-17.123,4
2074,STARLINK-33642,satellite,0,49,43.0025,104.1131,77.7862,323.6054,41.3916,6863.6278,483.3705,-4470.077323198491,4180.4915567949265,3092.297745180023,5875.809194874685,1712.5907967851404,3092.297745180023,26.9495,16.2495,6
2075,STARLINK-34045,satellite,0,49,42.987,104.0547,93.9064,328.738,62.6444,6860.4959,485.1538,-5085.677382715063,1974.1996835837492,4151.5397154201555,4292.083380351674,3367.4321207458147,4151.5397154201555,37.4434,38.1166,5
2076,STARLINK-33871,satellite,0,43,43.0142,289.7025,169.8045,34.1451,203.9496,6866.0725,485.8049,-4031.9076769470767,5217.630563133169,-1900.3013830268512,6544.400722538068,806.7015505187378,-1900.3013830268512,-16.1718,7.0272,4
2077,STARLINK-34154,satellite,0,43,43.0217,289.3085,24.2924,335.2568,359.5492,6867.4685,483.1192,2231.3939963951902,-6488.170260265884,-36.827547911416644,-6718.873205218496,1390.0414905836847,-36.827547911416644,-0.3095,168.3112,4
2078,STARLINK-34158,satellite,0,43,43.0032,289.2752,80.0151,321.8672,41.8823,6863.5156,483.5246,4845.508936467629,-3713.980516747026,3122.2984418384626,-5666.037083292112,-2273.4625360719665,3122.2984418384626,27.2315,-158.1372,9
2079,STARLINK-34165,satellite,0,43,42.9838,289.0389,81.3364,24.3563,105.6927,6859.1995,486.4667,3959.113605538195,3327.767610276042,4499.714785270786,842.9612084043328,-5102.747711839717,4499.714785270786,41.2014,-80.6196,94
2080,STARLINK-34150,satellite,0,43,42.9899,289.6071,80.4524,165.9674,246.4198,6859.8956,492.5785,-5254.924845462644,1042.2005405603104,-4288.508202366728,3576.76053764413,3988.3832757843707,-4288.508202366728,-38.8517,48.1144,4
2081,STARLINK-34169,satellite,0,43,42.9992,289.2239,88.9171,320.1091,49.0262,6862.3793,485.1795,5056.107259262468,-2999.0943638199456,3531.043869432758,-5158.553039623274,-2819.2407058739527,3531.043869432758,31.1493,-151.3426,9
2082,STARLINK-34152,satellite,0,43,43.0168,289.2879,49.7292,323.9569,13.6861,6866.9745,482.3999,3321.727468171671,-5899.095019504979,1107.2903656212482,-6768.321100698678,151.7395788568827,1107.2903656212482,9.3461,178.7157,4
2083,STARLINK-33927,satellite,0,43,43.0126,289.7794,120.498,33.9311,154.4291,6865.77,482.4565,-56.69985169113979,6554.442348396477,2019.4735824686654,5666.653613283749,-3294.384039345316,2019.4735824686654,17.2248,-30.1721,4
2084,STARLINK-33898,satellite,0,43,43.0163,289.7187,163.2627,33.6206,196.8833,6866.8067,484.6844,-3587.127414604861,5689.541038991786,-1359.5534509546171,6723.445182497928,183.42628199607364,-1359.5534509546171,-11.4972,1.5627,4
2085,STARLINK-33928,satellite,0,43,42.9994,288.9539,94.8248,39.3754,134.2002,6862.6493,483.9312,1847.5723017120197,5688.991912447195,3352.529317868957,3950.9541114625326,-4490.892338840952,3352.529317868957,29.4227,-48.6596,4
2086,STARLINK-33758,satellite,0,43,42.988,289.4411,108.9361,186.9154,295.8514,6860.185,492.9678,-3264.2692692929145,-4325.652113021198,-4211.2306028994035,-2055.6926336216006,5014.065003707943,-4211.2306028994035,-38.0243,112.2929,8
2087,STARLINK-33936,satellite,0,43,43.0153,289.2652,63.6276,324.1478,27.7754,6865.5882,482.789,4208.374379236239,-4957.595809254941,2180.4496626373293,-6410.743086300057,-1091.1206190014789,2180.4496626373293,18.6445,-170.3407,9
2088,STARLINK-33931,satellite,0,43,42.9951,288.9712,89.6872,37.2956,126.9828,6861.807,484.9182,2447.5709724216827,5203.120403740001,3735.1197421694305,3227.0020819490082,-4759.151517230093,3735.1197421694305,33.1705,-55.8603,20
2089,STARLINK-33759,satellite,0,43,42.9858,289.1534,102.5104,327.7568,70.2672,6859.5914,486.391,5218.736070004388,-637.7642225607635,4399.843687503813,-3210.430554862236,-4163.542364903993,4399.843687503813,40.1007,-127.6352,57
2090,STARLINK-34163,satellite,0,43,42.9799,289.5316,88.4723,179.115,267.5873,6858.584,495.2714,-4824.72565202418,-1404.9406233228524,-4674.963688315458,1252.451226972266,4866.538985400057,-4674.963688315458,-43.1107,75.5676,4
2091,STARLINK-34077,satellite,0,43,42.9837,289.1296,102.5771,334.7818,77.3589,6858.9758,486.7226,5114.890632773848,186.21804016450616,4560.628324563202,-2448.723720002641,-4494.500582580537,4560.628324563202,41.8802,-118.5827,73
2092,STARLINK-34113,satellite,0,43,42.9986,289.6626,129.8359,95.1848,225.0207,6863.2258,490.2101,-4976.067311028279,3373.7400026219048,-3310.928550621357,5439.975355847975,2559.3037367499282,-3310.928550621357,-28.994,25.1952,4
2093,STARLINK-34193,satellite,0,43,42.9936,289.6432,93.5334,138.7099,232.2434,6861.9253,491.3646,-5150.63136252103,2623.680279435699,-3700.2315945572573,4883.857530108376,3092.0280184514404,-3700.2315945572573,-32.7873,32.3384,4
2094,STARLINK-34078,satellite,0,43,42.9808,289.0797,88.4922,3.0461,91.5383,6858.5609,486.924,4677.7092336597325,1812.660570548333,4671.804474780924,-826.7682036445107,-4948.045710796188,4671.804474780924,43.1399,-99.4859,108
2095,STARLINK-34182,satellite,0,81,43.003,286.2161,170.5523,44.7654,215.3177,6864.5013,487.8871,-4349.757354882677,4566.634263639022,-2705.906557603692,6146.5753949654745,1412.1432144803427,-2705.906557603692,-23.3517,12.9389,2
2096,STARLINK-34192,satellite,0,43,43.0197,289.7312,152.0593,30.7015,182.7608,6867.5094,482.9819,-2541.0975576702845,6369.193150229215,-225.46785732168223,6774.503478905444,-1062.9679189997535,-225.46785732168223,-1.895,-8.9174,5
2097,STARLINK-34093,satellite,0,43,42.9938,289.1957,94.1588,321.9361,56.0949,6861.3381,485.4121,5188.544010450207,-2243.5543443854067,3880.6580307685995,-4576.233977505136,-3318.5249174470387,3880.6580307685995,34.6365,-144.0517,4
2098,STARLINK-34016,satellite,0,43,42.9803,289.1013,95.923,348.5211,84.4442,6858.6605,486.9625,4933.994842577761,1006.3159536376324,4651.579397697848,-1651.0577229094256,-4757.203516852175,4651.579397697848,42.9083,-109.1401,104
2099,STARLINK-34161,satellite,0,43,43.0119,289.2428,72.2602,322.5911,34.8513,6864.5822,483.2749,4560.422103461174,-4369.175356576665,2673.4013975206944,-6084.184731747052,-1694.0599777546597,2673.4013975206944,23.0716,-164.4408,9
2100,STARLINK-34162,satellite,0,43,43.0083,289.3644,3.606,320.488,324.0941,6864.4916,487.8562,-933.4407131899027,-6219.911927709727,-2745.193458366675,-4873.880524807202,3975.412504811454,-2745.193458366675,-23.7111,140.7974,16
2101,STARLINK-34155,satellite,0,43,42.9829,289.478,100.081,181.6042,281.6853,6858.8128,494.5258,-4171.815689928484,-2949.9244158435667,-4582.153330530583,-409.4727735983234,5092.978721495426,-4582.153330530583,-42.0635,94.5967,4
2102,STARLINK-34141,satellite,0,43,42.9942,289.4124,107.3176,195.6208,302.9383,6861.1407,491.9614,-2733.1152773331182,-4919.779458627335,-3927.8005391416464,-2837.6448971325885,4860.238726492819,-3927.8005391416464,-35.0793,120.2785,10
2103,STARLINK-34062,satellite,0,43,42.9897,289.1708,97.9542,325.2418,63.196,6860.3689,485.8155,5243.188109524151,-1450.2899265684937,4172.588564233549,-3921.7878183375233,-3770.1382906865488,4172.588564233549,37.6614,-136.1295,31
2104,STARLINK-34201,satellite,0,33,42.9962,133.257,83.3753,323.8946,47.2699,6862.6165,484.0105,-5871.201340810557,864.0237416170532,3434.7716980670925,3737.841187768639,4609.34761820303,3434.7716980670925,30.217,50.9605,5
2105,STARLINK-34190,satellite,0,33,43.0215,132.9002,157.5983,31.2114,188.8096,6867.4082,483.5334,5178.426070413519,-4444.00398899523,-716.9615461845917,-6463.766404594177,-2187.462431170778,-716.9615461845917,-6.0351,-161.3032,4
2106,STARLINK-34168,satellite,0,33,42.9854,132.6358,102.5818,185.3014,287.8832,6859.2962,494.1198,2087.583996238554,4786.817454015767,-4453.345860935268,3052.5382414110404,-4237.173416812736,-4453.345860935268,-40.6329,-54.2303,13
2107,STARLINK-34098,satellite,0,33,42.9894,132.7754,72.3376,173.1094,245.447,6860.0634,493.3378,5288.614123917742,1007.7761385180604,-4256.620563169321,-1830.6785976715414,-5062.9702714015575,-4256.620563169321,-38.5051,-109.8791,4
2108,STARLINK-34180,satellite,0,33,42.9918,133.0144,87.8307,37.3692,125.1999,6861.4707,485.0987,-300.30528599624694,-5685.597816805967,3820.5260844056425,-4737.232537163953,3158.2960102088673,3820.5260844056425,34.0285,146.3088,7
2109,STARLINK-34171,satellite,0,33,42.9938,132.5703,76.2856,232.7245,309.0102,6862.1428,491.3813,-49.893775767877166,5820.54937117736,-3636.7941635453294,5031.931933494901,-2925.9093266620207,-3636.7941635453294,-32.1578,-30.1766,6
2110,STARLINK-34126,satellite,0,33,42.982,133.1942,98.6761,329.7802,68.4563,6859.8046,485.7598,-5123.814319686803,-1357.6604519075659,4347.190452316317,1445.6716947837238,5099.681209272061,4347.190452316317,39.5315,74.1729,4
2111,STARLINK-34157,satellite,0,33,42.9784,132.7245,87.9933,171.5912,259.5845,6858.8021,495.5053,4470.262401323421,2439.4037385032034,-4602.2410153018445,-181.87161431485862,-5089.288678392664,-4602.2410153018445,-42.2825,-92.0467,7
2112,STARLINK-34140,satellite,0,33,43.0082,132.9592,111.0302,35.453,146.4832,6864.5965,483.1853,1869.9522982623375,-6071.790624018898,2583.1369258515742,-6176.372050379304,1488.5534169097702,2583.1369258515742,22.2511,166.4497,4
2113,STARLINK-34132,satellite,0,33,42.9787,133.1228,89.7929,359.9843,89.7772,6858.4853,487.0795,-3678.8549973001554,-3408.834875377035,4673.368790555395,-1055.6388371075575,4903.035380694015,4673.368790555395,43.1566,102.1505,4
2114,STARLINK-34254,satellite,0,15,43.0048,8.9862,76.8065,323.852,40.6585,6863.6364,483.5815,4627.918600961312,4039.8722216804736,3047.430262489824,1114.3401969039483,-6041.228688784535,3047.430262489824,26.5273,-79.5489,72
2115,STARLINK-34129,satellite,0,15,43.0244,9.4823,162.9321,18.4224,181.3546,6867.5698,484.1097,-6747.051129159649,-1247.1584242505062,-110.6827258896418,2368.6657445291885,6439.528372898708,-110.6827258896418,-0.93,69.8049,4
2116,STARLINK-34212,satellite,0,15,43.0199,9.0755,17.1161,326.9384,344.0545,6866.7994,484.6087,6732.769579317864,-320.26514003910154,-1286.1439789991882,-3709.583886261909,-5627.765396576007,-1286.1439789991882,-10.8689,-123.3912,4
2117,STARLINK-34149,satellite,0,15,42.9871,9.2098,105.5117,181.8765,287.3882,6859.3962,493.9181,2791.301356871873,-4400.8810257877385,-4465.573115930321,-5209.099659725689,-156.19796112307196,-4465.573115930321,-40.7691,-178.2825,9
2118,STARLINK-34054,satellite,0,15,42.9954,9.1663,106.936,194.7086,301.6446,6860.9923,492.2691,4235.538972643465,-3645.2643221564103,-3984.4014140485942,-5295.8107757643465,-1783.8527390079948,-3984.4014140485942,-35.6581,-161.3843,4
2119,STARLINK-34195,satellite,0,15,43.0225,9.0438,39.952,325.3091,5.2612,6867.4025,482.163,6674.1018302996645,1527.9795370539184,429.1919854297129,-2089.912011284194,-6520.017215617984,429.1919854297129,3.6093,-107.7726,4
2120,STARLINK-34133,satellite,0,15,43.0151,9.009,61.8204,324.6724,26.4928,6865.6781,482.4652,5712.372140563742,3170.657000160439,2087.1796563077846,-186.44149501244985,-6530.658531411109,2087.1796563077846,17.8209,-91.6353,37
2121,STARLINK-34181,satellite,0,15,42.9861,9.2801,89.3981,176.8788,266.2769,6858.7977,495.0346,368.0942976895175,-5016.294517593174,-4669.632685381043,-4502.461854572093,2241.99494810985,-4669.632685381043,-43.0516,153.5291,16
2122,STARLINK-34186,satellite,0,15,43.0105,9.4232,168.5319,48.2217,216.7536,6864.3213,488.1123,-4932.661798634368,-3862.477589816838,-2801.14173236114,-806.3190253839136,6212.86851469175,-2801.14173236114,-24.2234,97.3946,4
2123,STARLINK-34203,satellite,0,82,43.0144,238.3418,129.5628,32.7126,162.2754,6866.8141,482.8375,4729.41573818627,4760.5711393546435,1424.7276826375257,1682.4720944306362,-6496.129497548716,1424.7276826375257,12.0596,-75.4797,18
2124,STARLINK-33865,satellite,0,82,42.9865,238.1708,71.7796,175.4446,247.2242,6859.857,493.4268,-2531.6941587540223,4698.626120936173,-4314.559856188498,5332.78686462099,-218.96802126970726,-4314.559856188498,-39.1262,-2.3513,3
2125,STARLINK-34234,satellite,0,82,42.9864,238.4755,76.8857,28.8669,105.7526,6859.1895,487.0467,5087.704225965095,-937.2110651041328,4498.996094349637,-3401.1625454746645,-3898.1011031933244,4498.996094349637,41.1891,-131.1053,54
2126,STARLINK-34256,satellite,0,82,43.0117,238.2714,166.6894,38.1293,204.8188,6865.9169,486.1764,1484.1547884519175,6405.532310250218,-1964.9610889155554,4752.643110751246,-4543.780702847901,-1964.9610889155554,-16.7368,-43.713,13
2127,STARLINK-34229,satellite,0,82,43.022,238.7432,35.7807,330.8038,6.5845,6867.3754,482.1346,-3044.4405764787716,-6124.120216194585,536.707955588306,-3714.7513487792635,5742.306963482207,536.707955588306,4.5151,122.8992,5
2128,STARLINK-34224,satellite,0,82,42.9966,238.2302,129.2414,96.7613,226.0026,6862.8744,490.0369,-559.923577184614,5954.135510240831,-3366.846381237181,5406.980026280004,-2555.349502907018,-3366.846381237181,-29.5316,-25.2955,5
2129,STARLINK-34215,satellite,0,82,42.9957,238.4141,90.8068,36.1883,126.9951,6861.7756,485.1553,5573.340663536206,1416.8436288548958,3734.6875667451186,-1624.0509797420793,-5516.52340116959,3734.6875667451186,33.1649,-106.4043,95
2130,STARLINK-33893,satellite,0,82,43.0017,238.6713,83.2196,318.787,42.0065,6863.442,483.8908,217.4178109475813,-6097.742026713817,3129.9134187749314,-5355.803405179467,2923.1999955420765,3129.9134187749314,27.3017,151.3743,6
2131,STARLINK-34183,satellite,0,82,43.0191,238.7678,14.3837,331.0093,345.393,6866.9138,484.1091,-4524.606562895373,-5021.543581165284,-1180.5639000983883,-2011.40955294755,6453.076483108618,-1180.5639000983883,-9.968,107.3121,4
2132,STARLINK-34211,satellite,0,82,43.0065,238.8001,10.4364,313.6557,324.0921,6864.5282,488.1725,-5397.175306329368,-3229.947898808148,-2745.3559154952586,-25.32599010616713,6289.787222990283,-2745.3559154952586,-23.7114,90.2307,4
2133,STARLINK-34252,satellite,0,78,42.981,53.2846,90.4887,0.645,91.1338,6858.5746,486.8221,-4100.384095578631,2888.847255817886,4672.518400427858,4576.249751629481,2053.418225650059,4672.518400427858,43.1489,24.1663,11
2134,STARLINK-34050,satellite,0,78,43.0084,53.1221,112.2884,35.5837,147.8721,6865.0636,482.4872,-5618.531445478137,-3045.158374591691,2487.674263251147,246.52348004969727,6385.93073122131,2487.674263251147,21.3904,87.7892,4
2135,STARLINK-33782,satellite,0,78,43.0081,53.0146,160.4741,51.0015,211.4756,6865.0748,487.324,-1428.1544893366217,-6251.690425434096,-2444.1584032259498,-4648.881131892443,4417.144172699272,-2444.1584032259498,-20.9831,136.4642,11
2136,STARLINK-34207,satellite,0,78,42.9858,53.211,82.3596,30.0632,112.4228,6859.8935,485.7946,-5278.507988955533,682.0573464623329,4320.745875931345,3279.016029500411,4192.36242369502,4320.745875931345,39.245,51.9696,5
2137,STARLINK-34260,satellite,0,78,42.9849,53.3488,99.2175,330.6424,69.86,6859.68,485.8501,-2368.3016364107198,4704.179458599159,4388.123264232478,5254.223644559183,-362.34087912790113,4388.123264232478,39.9764,-3.945,18
2138,STARLINK-33855,satellite,0,78,42.9961,52.9615,101.866,130.7859,232.6519,6861.7413,491.0757,677.3730849488303,-5726.96715292104,-3720.5527179127134,-5271.489804033989,2338.457250585378,-3720.5527179127134,-32.9914,156.0777,21
2139,STARLINK-34223,satellite,0,48,42.9863,49.3016,107.7618,185.8833,293.6452,6859.9894,494.7757,5282.751061425486,-912.2057913986285,-4287.47384821125,-3479.139965784308,-4078.6227186803712,-4287.47384821125,-38.8258,-130.4648,4
2140,STARLINK-34216,satellite,0,78,43.0007,52.7218,70.5309,239.9178,310.4487,6862.314,490.8091,5736.188469702025,1229.4354193938298,-3561.9780681664647,-1868.310168746113,-5561.005909344317,-3561.9780681664647,-31.4239,-108.5706,3
2141,STARLINK-34218,satellite,0,48,42.9955,49.5172,98.1212,131.9108,230.032,6862.1838,490.5504,63.99269292171323,-5850.56916609344,-3586.80012150551,-5064.944421127342,2929.0941676364173,-3586.80012150551,-31.6691,149.9589,16
2142,STARLINK-34017,satellite,0,78,43.0153,53.0787,133.8221,35.2189,169.0409,6867.1311,481.7933,-4807.797432880485,-4811.169121931764,889.6191173972132,-1686.0141000552558,6589.356640056501,889.6191173972132,7.4978,104.3523,4
2143,STARLINK-34299,satellite,0,14,42.9891,111.5909,71.7409,172.2679,244.0088,6860.1285,493.4679,5302.967795800364,-1136.1888286615006,-4206.650997351651,-3682.1083064146014,-3981.767310818597,-4206.650997351651,-37.9724,-132.7609,4
2144,STARLINK-34271,satellite,0,14,42.9932,111.3814,85.1808,222.3812,307.562,6861.9235,491.7102,2180.1879873380967,5347.028715807062,-3710.09107639584,3487.1644332080655,-4602.566671278901,-3710.09107639584,-32.8836,-52.8504,16
2145,STARLINK-34100,satellite,0,14,42.9815,111.4479,95.9678,190.3923,286.36,6859.2807,494.8381,3777.476688801984,3561.208070903152,-4490.01340041982,1136.3981040876602,-5065.583126130113,-4490.01340041982,-41.0326,-77.3558,12
2146,STARLINK-34269,satellite,0,14,43.0216,110.8452,145.6674,35.3991,181.0665,6867.5099,482.8042,2528.2573744250362,-6377.52221733702,-87.12606446700357,-6775.118382738264,1078.2605825327769,-87.12606446700357,-0.7322,170.9572,4
2147,STARLINK-34351,satellite,0,14,43.0233,110.838,163.9064,24.2777,188.1841,6867.3991,483.4628,3083.2969763542255,-6093.268007757435,-666.4350945249183,-6813.723242491869,455.86273535074156,-666.4350945249183,-5.6085,176.1724,5
2148,STARLINK-34198,satellite,0,14,43.0221,110.8327,167.6991,27.4729,195.172,6866.9429,484.4034,3582.400518460751,-5722.773496208312,-1225.2879622770554,-6749.618727361324,-162.4099714471412,-1225.2879622770554,-10.3492,-178.6216,5
2149,STARLINK-34279,satellite,0,14,43.0137,111.6767,157.7916,50.7716,208.5632,6865.5921,487.3831,4456.249431408749,-4715.3728039623975,-2238.550147391403,-6328.82852255557,-1427.8757674833196,-2238.550147391403,-19.1467,-167.2861,5
2150,STARLINK-34292,satellite,0,14,43.0082,111.3306,14.5318,314.2341,328.766,6865.2046,487.2672,289.4816279736537,6412.589768387486,-2427.302101504109,5368.06757854784,-3519.7951108986,-2427.302101504109,-20.832,-33.2525,11
2151,STARLINK-34278,satellite,0,14,43.0201,110.8645,132.8733,34.1153,166.9886,6867.1473,482.1116,1325.3155105744274,-6647.504130643796,1053.700692127275,-6393.768832313663,2250.66489918643,1053.700692127275,8.8904,160.6075,5
2152,STARLINK-33802,satellite,0,14,42.9812,111.5204,84.4279,180.6969,265.1248,6858.6923,495.9871,4868.728069232305,1292.7741188725852,-4662.821676231925,-1371.3738824761926,-4847.175632161423,-4662.821676231925,-42.9664,-105.7974,4
2153,STARLINK-35442,satellite,0,20,43.019,144.2299,141.1685,33.6868,174.8553,6867.3641,482.2009,5280.868458466142,-4358.831913585221,419.6970546380298,-6442.758242307069,-2319.019956295308,419.6970546380298,3.5293,-160.2041,4
2154,STARLINK-34616,satellite,0,20,42.9888,143.4974,80.357,31.5802,111.9372,6859.6743,485.7507,-708.316320219839,-5262.4766808663335,4335.884809441561,-4165.1796339752045,3293.425487675392,4335.884809441561,39.409,141.6664,7
2155,STARLINK-34615,satellite,0,20,43.0092,143.808,3.9057,326.3136,330.2194,6865.224,486.7078,-3335.084541872788,5528.486513582004,-2324.932651718396,6456.3590654925565,48.78165361083314,-2324.932651718396,-19.9176,0.4329,4
2156,STARLINK-35292,satellite,0,20,43.0092,143.7379,69.8943,323.9886,33.883,6864.8568,483.1538,-6244.488567002684,1113.2434323603202,2608.020188769233,4142.603428131407,4803.309821399671,2608.020188769233,22.477,49.2239,5
2157,STARLINK-35309,satellite,0,20,43.0195,144.2309,133.0081,34.757,167.7651,6867.0366,482.2258,4818.303343050965,-4781.07285371476,991.8225021275855,-6570.008655062413,-1705.7816421187326,991.8225021275855,8.3644,-165.4456,9
2158,STARLINK-35506,satellite,0,20,42.9796,143.5703,86.2367,4.3307,90.5674,6858.6808,485.8317,-2922.9548917812094,-4074.6021514035624,4672.4038244096255,-2013.8452482241212,4592.436750551429,4672.4038244096255,43.1553,113.6781,5
2159,STARLINK-35504,satellite,0,20,43.014,144.2588,117.6885,35.8464,153.535,6865.6966,482.9943,3678.3273281769048,-5400.8744137542935,2085.271342667868,-6521.669036517638,-409.1079863384787,2085.271342667868,17.8027,-176.4105,5
2160,STARLINK-35479,satellite,0,20,42.9828,143.9336,99.745,188.2455,287.9905,6859.3348,494.3612,1097.9237753778275,5108.249474411916,-4450.589286507033,3833.799877375341,-3549.877154157076,-4450.589286507033,-40.6008,-42.7979,7
2161,STARLINK-35507,satellite,0,20,43.0004,143.7,85.5181,322.5504,48.0685,6862.5088,484.1718,-5901.352715989234,-294.0459014567347,3478.947489224385,2757.118984486161,5225.966109348874,3478.947489224385,30.6456,62.1847,5
2162,STARLINK-35460,satellite,0,20,43.0159,144.1934,162.9822,33.0628,196.0451,6866.7017,484.575,6159.533845140834,-2733.568926122468,-1293.8621274561042,-5492.977093845334,-3903.7749563452353,-1293.8621274561042,-10.9349,-144.5992,4
2163,STARLINK-35505,satellite,0,20,42.9952,143.8767,75.2874,233.8954,309.1828,6861.892,490.4645,-1208.557093863454,5698.753705350234,-3627.529003106221,5518.157615422988,-1867.1744896286434,-3627.529003106221,-32.071,-18.6942,4
2164,STARLINK-35512,satellite,0,20,42.9947,144.1228,90.8417,140.5373,231.379,6861.9312,491.0623,5769.433257993731,667.3644657859136,-3656.5738612520922,-2368.72628587951,-5302.91158055849,-3656.5738612520922,-32.3552,-114.0696,4
2165,STARLINK-35257,satellite,0,20,42.9868,143.635,100.8859,328.528,69.414,6859.5735,485.9032,-4724.508502051885,-2351.083575456662,4375.68518460414,387.51982592621573,5262.927222492892,4375.68518460414,39.8404,85.7888,4
2166,STARLINK-35322,satellite,0,20,43.0182,143.767,49.0927,323.6126,12.7053,6867.0973,482.2497,-6049.8569320102915,3065.6185513169667,1029.312793317682,5722.644298083691,3640.072559384213,1029.312793317682,8.6829,32.4597,3
2167,STARLINK-35400,satellite,0,20,42.996,144.3217,85.7262,39.4779,125.2041,6861.6317,484.7142,820.8758508955476,-5633.6430867172885,3820.41561868544,-5264.413018924977,2167.42408339351,3820.41561868544,34.0295,157.6224,6
2168,STARLINK-35407,satellite,0,20,42.9953,143.6847,90.9735,324.1334,55.1068,6861.5617,485.5225,-5596.828742131758,-991.5948138635258,3835.3598376256,2001.804501081689,5319.824337615133,3835.3598376256,34.1761,69.3791,5
2169,STARLINK-35417,satellite,0,20,42.986,143.917,102.5066,192.5143,295.0209,6860.0419,493.2701,333.4733866009159,5386.2991636555025,-4240.328098257999,4462.876312945605,-3034.165156235912,-4240.328098257999,-38.3317,-34.2105,5
2170,STARLINK-35404,satellite,0,20,43.018,143.8021,17.5697,326.9423,344.512,6866.7712,484.2738,-4545.005490512095,4986.297854841173,-1250.0625883042856,6607.132648147893,1366.0305178717576,-1250.0625883042856,-10.561,11.6814,4
2171,STARLINK-34783,satellite,0,20,42.9964,144.3028,92.1833,40.088,132.2713,6862.7868,483.9931,1580.209037797983,-5704.82097604241,3460.032736551719,-5712.940817157418,1550.596721100828,3460.032736551719,30.4624,164.8147,4
2172,STARLINK-35477,satellite,0,20,43.0196,143.7994,21.4851,329.9961,351.4812,6867.2853,483.4619,-5036.841332220983,4607.374612047712,-693.4384752458553,6532.07129252333,1982.3511422308693,-693.4384752458553,-5.8365,16.882,4
2173,STARLINK-35443,satellite,0,20,43.0004,143.8577,34.9303,281.2909,316.2213,6863.1121,489.4323,-1953.3737328453062,5726.755138237487,-3238.287650856509,5922.14334821097,-1240.8108303605472,-3238.287650856509,-28.3041,-11.8335,4
2174,STARLINK-35218,satellite,0,20,43.0233,144.2003,150.0035,38.8908,188.8944,6867.35,484.0461,5952.281604942789,-3336.5580155488638,-723.8790066465922,-5905.9207780473325,-3417.9490135302576,-723.8790066465922,-6.0931,-149.9406,4
2175,STARLINK-35522,satellite,0,20,42.9844,144.0788,73.072,172.4328,245.5048,6859.9828,493.4763,4984.944653749751,2030.5567197530427,-4258.269073317517,-796.05542788849,-5323.450906020617,-4258.269073317517,-38.5218,-98.5048,4
2176,STARLINK-35535,satellite,0,20,42.9786,143.9819,93.0247,180.7831,273.8078,6858.4626,495.1661,2577.5521705871265,4320.450869059889,-4668.615668138616,2401.4852331056873,-4420.739709509493,-4668.615668138616,-43.039,-61.4878,13
2177,STARLINK-35467,satellite,0,20,43.0053,144.1682,136.7872,73.2001,209.9873,6865.3129,488.5066,6288.793735856904,-1446.374486382102,-2340.001391723499,-4451.740793760534,-4671.501869011556,-2340.001391723499,-20.0466,-133.6201,4
2178,STARLINK-35511,satellite,0,20,42.987,143.5139,74.1419,30.5063,104.6481,6859.2692,489.1348,-1491.7383691211448,-4933.52124818427,4523.986277864881,-3482.6404985004524,3799.4908114638747,4523.986277864881,41.4521,132.5086,7
2179,STARLINK-35440,satellite,0,20,42.9808,144.0019,82.898,184.4591,267.357,6858.0078,494.5304,3203.8088857960083,3871.56576645794,-4673.711644806524,1695.953506430782,-4730.449721193499,-4673.711644806524,-43.1022,-70.2763,12
2180,STARLINK-35482,satellite,0,20,43.0119,143.74,63.9642,322.8715,26.8357,6865.7414,482.4283,-6273.745265527693,1794.092916487325,2112.05378732907,4743.1514631449945,4481.201094281157,2112.05378732907,18.0405,43.3734,5
2181,STARLINK-35438,satellite,0,20,42.9872,143.6082,98.7287,337.7078,76.4366,6859.1167,486.3391,-4186.289288552052,-2970.175532000518,4543.660129425016,-419.5091615434411,5115.757300900946,4543.660129425016,41.6927,94.688,4
2182,STARLINK-35617,satellite,0,34,42.9851,205.9345,79.6947,31.6952,111.3899,6859.7204,486.1222,4290.778416580306,-3105.8953103258937,4352.254727075003,-4860.053689760658,-2106.476496792591,4352.254727075003,39.584,-156.5668,4
2183,STARLINK-35618,satellite,0,34,43.0049,205.8565,102.1337,37.5981,139.7318,6863.6798,483.5861,6122.330399666022,-634.9632904971529,3023.2275906157256,-3668.9079900488714,-4942.187983424875,3023.2275906157256,26.3006,-126.5889,29
2184,STARLINK-35588,satellite,0,34,43.0142,205.8262,121.8059,32.0685,153.8744,6865.7435,482.5906,6505.008128150883,694.9487938624408,2060.3191736627955,-2720.186672704489,-5949.678061798033,2060.3191736627955,17.5838,-114.5698,22
2185,STARLINK-35555,satellite,0,34,43.0208,205.7896,144.408,30.6922,175.1002,6867.4265,482.3276,6340.891604804217,2588.0960363754284,399.78222170539016,-1008.1072168740825,-6774.132215764997,399.78222170539016,3.3616,-98.4645,8
2186,STARLINK-35589,satellite,0,34,43.0227,205.7753,159.4342,29.8249,189.2591,6867.1744,483.6551,5747.3705519208825,3671.6441212150853,-753.2592244273366,226.62594451203452,-6816.295144373861,-753.2592244273366,-6.3418,-88.0958,4
2187,STARLINK-35611,satellite,0,34,43.0118,205.7358,174.2326,36.2275,210.4601,6865.0807,486.7362,4223.902614531584,4859.8964193673455,-2373.034466111256,2025.7473033604278,-6111.979578414366,-2373.034466111256,-20.3473,-71.6628,10
2188,STARLINK-35610,satellite,0,34,42.9984,205.6836,95.9748,135.7081,231.683,6861.7649,491.1507,2127.9666072538676,5393.403836874852,-3672.2902947520024,3553.689493361383,-4581.303069430882,-3672.2902947520024,-32.5106,-52.1995,15
2189,STARLINK-35533,satellite,0,34,42.9901,205.6254,72.7208,180.1645,252.8853,6859.2619,493.9231,-253.94317263696905,5199.327697498015,-4472.4322643486485,4601.672047579785,-2433.5385773440735,-4472.4322643486485,-40.8448,-27.8716,4
2190,STARLINK-35470,satellite,0,34,42.9815,205.5537,93.4141,180.6845,274.0986,6858.5162,495.0006,-2602.840153420302,4306.633544510613,-4667.117167216386,5031.907322839255,42.16687465003681,-4667.117167216386,-43.0231,0.4801,4
2191,STARLINK-35439,satellite,0,34,42.9873,205.5055,98.5907,189.4683,288.059,6859.4437,494.5186,-3975.7889882381455,3392.0639049495503,-4449.340817101347,4945.535274181012,1689.5787836288157,-4449.340817101347,-40.586,18.8621,4
2192,STARLINK-35446,satellite,0,34,42.9917,205.4797,102.5072,192.8123,295.3194,6860.1489,492.9382,-4601.632990160249,2833.7139386230383,-4230.226060275174,4784.494044379377,2512.6833468178847,-4230.226060275174,-38.2263,27.7072,4
2193,STARLINK-35457,satellite,0,34,42.9947,205.4385,74.0059,235.4103,309.4162,6862.1536,491.0295,-5601.10677867845,1630.2627235076923,-3615.732462859656,4259.149210884114,3986.201411524715,-3615.732462859656,-31.9516,43.104,4
2194,STARLINK-35389,satellite,0,34,43.0008,205.4183,14.2728,302.2233,316.4961,6863.2376,488.8726,-5978.496026222634,984.0262335045445,-3221.8243166627244,3895.7866893799915,4640.427613338522,-3221.8243166627244,-28.1501,49.9855,4
2195,STARLINK-35502,satellite,0,34,43.0183,205.3573,23.9775,327.862,351.8395,6867.2875,483.4553,-6442.505458365086,-2265.2377879840656,-664.4583802183017,1337.6393623730864,6696.857453567681,-664.4583802183017,-5.5918,78.7043,4
2196,STARLINK-35501,satellite,0,34,43.0034,205.3999,13.3948,310.2318,323.6266,6864.0901,487.8102,-6267.924556888047,318.51701706184025,-2775.7314952897054,3470.9817633977036,5228.825579339854,-2775.7314952897054,-23.9912,56.4231,4
2197,STARLINK-35474,satellite,0,34,42.9986,205.8623,96.9881,35.7105,132.6986,6862.5275,483.9159,5791.745847062086,-1288.090431842255,3436.6150896128324,-4062.0705980482417,-4324.705697967954,3436.6150896128324,30.2353,-133.2063,25
2198,STARLINK-34681,satellite,0,34,43.0199,205.7897,136.0899,32.002,168.0919,6867.0359,481.7526,6493.544987513954,1988.3702669640395,965.6613394072376,-1601.8171757824268,-6599.539723252119,965.6613394072376,8.1429,-103.6428,12
2199,STARLINK-35327,satellite,0,34,43.0174,205.3463,30.9969,327.9204,358.9173,6867.449,482.633,-6239.796678295914,-2850.829971787282,-88.44498209233247,730.5550382601931,6821.186366797644,-88.44498209233247,-0.7433,83.8869,4
2200,STARLINK-35405,satellite,0,34,43.0183,205.7534,157.0373,39.1577,196.1949,6866.8618,484.6391,5327.172451748811,4123.520574515072,-1305.6930654616062,829.6285511659963,-6685.3500077565695,-1305.6930654616062,-11.036,-82.926,4
2201,STARLINK-35426,satellite,0,34,42.9916,205.6577,81.6659,157.0788,238.7447,6860.8306,492.9901,1351.7903396928177,5410.743241532584,-4001.100095897064,3964.4996648177657,-3922.527495880325,-4001.100095897064,-35.8258,-44.6951,11
2202,STARLINK-34724,satellite,0,34,43.0164,206.1907,45.5361,326.7088,12.2449,6867.0457,482.1417,-5545.991514848722,-3913.3208486322023,992.5481730306523,-537.2168274646435,6766.350569354377,992.5481730306523,8.3707,94.5395,4
2203,STARLINK-35219,satellite,0,34,43.0027,206.1516,66.2668,327.0937,33.3605,6864.8967,483.1054,-3926.165936601281,-5000.42132739687,2572.202148794196,-2298.481637065128,5927.560592460282,2572.202148794196,22.1523,111.1944,5
2204,STARLINK-35360,satellite,0,34,43.0147,205.3733,6.427,331.3535,337.7805,6866.0014,485.0115,-6552.4221543021495,-1007.7587782369828,-1770.1349929602068,2475.3104791812452,6150.012347545233,-1770.1349929602068,-15.0392,68.0758,4
2205,STARLINK-34698,satellite,0,34,42.9928,206.1036,91.4952,323.2149,54.7102,6861.4512,484.8972,-1755.894868085403,-5418.766613323698,3816.2628693978604,-3765.2836379823025,4274.206069316616,3816.2628693978604,33.9865,131.3778,7
2206,STARLINK-34986,satellite,0,34,42.9786,205.9892,88.7753,1.3777,90.1529,6858.4649,487.0258,2214.1660438824147,-4500.1234852058005,4673.342064280817,-5000.088804820259,390.83832449469827,4673.342064280817,43.1567,175.5305,4
2207,STARLINK-34851,satellite,0,34,43.015,206.1749,52.5637,326.7577,19.3215,6866.454,482.1038,-5077.068146279032,-4344.457647178429,1548.2116175502945,-1147.2332152038775,6582.916463089997,1548.2116175502945,13.1238,99.8859,4
2208,STARLINK-35355,satellite,0,34,42.997,206.1193,84.9772,322.6541,47.6313,6862.5285,484.2795,-2517.801219085494,-5361.209067798538,3454.8720629204026,-3327.1587663815153,4900.193893180585,3454.8720629204026,30.4108,124.1759,7
2209,STARLINK-34720,satellite,0,34,42.98,206.0355,102.0735,333.8195,75.893,6859.1143,486.7296,633.6692903538982,-5103.971309110682,4532.740697698099,-4713.335082942163,2058.2838214564135,4532.740697698099,41.5676,156.4094,6
2210,STARLINK-35334,satellite,0,34,42.9796,205.9634,87.5144,9.7344,97.2488,6858.6182,487.0306,2955.854328337181,-4094.447764472687,4636.207625586352,-5029.456136293673,-454.0355486555583,4636.207625586352,42.7325,-174.8416,4
2211,STARLINK-35643,satellite,0,10,42.9901,227.9133,76.5287,169.6772,246.2059,6859.9621,493.4649,-1553.1069105634795,5133.802698166214,-4282.077605512509,5207.961875919865,-1282.6551829326452,-4282.077605512509,-38.7768,-13.8359,4
2212,STARLINK-35466,satellite,0,10,42.9911,227.7507,104.9886,190.7234,295.712,6860.1881,493.1892,-5350.134980127813,837.05364802623,-4216.5562326785475,3448.8684448008553,4174.914318368484,-4216.5562326785475,-38.0793,50.4401,4
2213,STARLINK-35684,satellite,0,10,42.9862,227.7931,98.1006,183.4889,281.5895,6858.8783,494.656,-4569.337751712665,2282.792033096767,-4584.0945746924,4294.151988110885,2765.907745858482,-4584.0945746924,-42.0844,32.786,4
2214,STARLINK-35449,satellite,0,10,43.0183,227.662,356.4397,334.6374,331.0771,6865.3763,485.8211,-5838.37550825436,-2805.2775723826803,-2263.9843738715804,564.9878739538258,6452.673828404994,-2263.9843738715804,-19.3773,84.996,4
2215,STARLINK-35424,satellite,0,10,42.9822,227.4437,99.3663,337.8267,77.193,6858.9443,486.8637,2574.646830790485,-4426.902908341513,4557.625468891264,-5120.975462607184,43.427808569650956,4557.625468891264,41.8454,179.5141,4
2216,STARLINK-35132,satellite,0,10,42.9786,227.3962,91.1616,0.0963,91.2579,6858.4763,487.1865,3792.6146257111645,-3283.486876093962,4672.3468591824585,-4758.714132544001,-1587.404034694861,4672.3468591824585,43.144,-161.5524,4
2217,STARLINK-35499,satellite,0,10,43.0055,227.2521,104.9061,36.0489,140.955,6863.8731,483.865,5935.328354482762,1766.95823441926,2946.598526287291,-1507.5388170072415,-6006.462419171994,2946.598526287291,25.5848,-104.0894,64
2218,STARLINK-35463,satellite,0,10,43.0186,227.6361,16.4283,328.7534,345.1818,6866.8875,484.2088,-5417.920315151591,-4036.7725386576763,-1197.256348150632,-708.7263727354365,6719.159173496511,-1197.256348150632,-10.1103,96.0212,4
2219,STARLINK-35435,satellite,0,10,43.0187,227.1637,161.0562,29.4361,190.4923,6867.0673,483.3861,3917.0847833906905,5568.283249953785,-852.418571025043,2791.553908995195,-6209.392750113366,-852.418571025043,-7.181,-65.7928,5
2220,STARLINK-35448,satellite,0,10,42.9856,227.7661,102.5106,186.1445,288.6551,6859.4473,494.1248,-4997.68749536629,1571.9299950983398,-4433.648254025331,3901.195365544226,3496.929929336117,-4433.648254025331,-40.4163,41.8722,4
2221,STARLINK-35388,satellite,0,10,42.9848,227.3217,77.0925,35.5155,112.608,6859.822,486.5442,5190.617724454358,-1201.0002827222038,4315.36488674749,-3680.5499931889553,-3852.0729209291103,4315.36488674749,39.1817,-133.6956,46
2222,STARLINK-35682,satellite,0,10,43.0201,228.0267,165.3049,31.4234,196.7284,6866.727,484.5743,3321.343068551072,5851.352392043568,-1347.514103136162,3338.896357019177,-5841.353927983675,-1347.514103136162,-11.3942,-60.2479,6
2223,STARLINK-35331,satellite,0,10,42.99,227.9233,83.3716,155.8101,239.1817,6860.8367,492.4793,-843.8703857450208,5499.048538176596,-4019.0424541567,5160.371535391127,-2078.994389094072,-4019.0424541567,-36.0143,-21.9434,4
2224,STARLINK-35451,satellite,0,10,43.0178,227.2087,127.8675,34.3061,162.1736,6866.6239,482.3336,5562.847194309888,3749.0668595507145,1432.630983149085,387.33812448492426,-6697.069538383438,1432.630983149085,12.1284,-86.6899,18
2225,STARLINK-35655,satellite,0,10,43.015,227.6443,13.076,325.0142,338.0902,6866.2552,485.3738,-5672.832274739356,-3443.3043222376414,-1746.799400967539,-68.24085010537823,6635.715022455516,-1746.799400967539,-14.8356,90.5892,4
2226,STARLINK-35569,satellite,0,10,42.9892,227.4831,94.6123,328.4262,63.0385,6860.3289,485.6495,1193.9729440962913,-5311.904131473997,4166.652122167857,-5177.974320808316,1682.4026944385628,4166.652122167857,37.5997,162.0002,4
2227,STARLINK-35567,satellite,0,10,43.0007,227.2636,95.9886,37.8884,133.877,6862.7415,484.7114,5880.898676777178,1037.729024729351,3371.302462765793,-2107.015145878432,-5587.695227043452,3371.302462765793,29.5999,-110.6605,74
2228,STARLINK-35568,satellite,0,10,43.0059,227.9787,162.0552,55.9121,217.9673,6864.0573,488.2858,1327.9926867769307,6086.022221191339,-2879.6946584689017,4557.471853528705,-4246.490475352724,-2879.6946584689017,-24.9469,-42.977,12
2229,STARLINK-35620,satellite,0,10,42.9814,227.4147,91.0616,353.2028,84.2645,6858.5181,486.7695,3210.3215765272475,-3880.980864292844,4650.099356352681,-4975.638238549284,-781.7935870866403,4650.099356352681,42.8929,-171.0704,4
2230,STARLINK-35538,satellite,0,10,42.9855,227.8582,83.009,177.3563,260.3653,6858.7729,495.0809,-2899.6241877447756,4173.07940822849,-4613.63712696041,5068.409599696332,365.5630003723829,-4613.63712696041,-42.4145,4.1254,4
2231,STARLINK-35372,satellite,0,10,43.0206,227.6184,23.5153,328.7569,352.2722,6867.3609,483.2602,-5081.160739288933,-4567.480316323378,-629.4602333907947,-1336.9763087144622,6700.191433715086,-629.4602333907947,-5.2966,101.2848,4
2232,STARLINK-35354,satellite,0,10,42.9797,227.3629,80.1365,18.2462,98.3826,6858.6509,486.8865,4327.056624016597,-2625.613782262746,4623.57891293857,-4465.448715911177,-2382.6528338432386,4623.57891293857,42.59,-151.9167,4
2233,STARLINK-35283,satellite,0,10,42.9783,227.8063,92.6972,181.8316,274.5288,6858.5434,495.8552,-4072.9881068696573,2960.789403118191,-4664.78799751762,4624.156441629825,1993.1591034465962,-4664.78799751762,-42.9899,23.3176,4
2234,STARLINK-35581,satellite,0,10,43.022,227.1719,153.5431,29.8684,183.4116,6867.4388,482.5859,4436.733511187198,5225.594526727615,-278.5499645408908,2231.7422475866115,-6481.571487486206,-278.5499645408908,-2.3415,-71.0003,7
2235,STARLINK-35670,satellite,0,10,43.0061,227.6656,14.1296,309.8608,323.9905,6864.3791,487.9994,-5919.69228146062,-2116.6722428877165,-2751.977455976497,1198.7607377677643,6171.388075998967,-2751.977455976497,-23.7727,79.0075,4
2236,STARLINK-35698,satellite,0,10,43.0204,227.1894,138.0297,31.2479,169.2777,6867.187,482.1722,5265.011146208147,4310.513253670518,870.7618192097498,1022.1742473784733,-6727.259968795725,870.7618192097498,7.3376,-81.3603,10
2237,STARLINK-35648,satellite,0,10,42.9835,227.4547,99.1805,330.9569,70.1374,6859.5172,486.1948,1900.0856407356557,-4905.4458999653125,4395.948756487698,-5188.522927142643,867.7296549798571,4395.948756487698,40.0595,170.5057,4
2238,STARLINK-35654,satellite,0,10,42.9949,227.2742,89.6004,37.1873,126.7877,6861.7166,484.8688,5736.3740715411195,291.33071305950847,3744.622926248435,-2675.3055445373093,-5082.67658978898,3744.622926248435,33.266,-117.7604,70
2239,STARLINK-35371,satellite,0,10,43.0149,228.0007,169.7472,33.9909,203.7381,6866.1679,485.6174,2702.106853077916,6019.65486630241,-1884.4809099942934,3799.5070727342704,-5394.568764886696,-1884.4809099942934,-16.034,-54.8422,13
2240,STARLINK-34774,satellite,0,41,42.9961,281.8443,105.2538,122.4962,227.7501,6862.5727,490.901,-4584.004011694419,3753.875261428837,-3464.668238554774,5566.969120068227,2028.183195326481,-3464.668238554774,-30.4734,20.0179,4
2241,STARLINK-34844,satellite,0,41,42.9942,281.8239,60.936,173.7229,234.659,6861.6077,491.8857,-4821.562849869333,3046.755417481778,-3817.8351017327013,5079.916643504693,2593.189885881607,-3817.8351017327013,-33.963,27.0433,4
2242,STARLINK-34733,satellite,0,41,42.9855,281.7824,72.8219,176.0786,248.9004,6859.618,494.0803,-5090.071162438724,1462.2405749641428,-4365.916025821429,3853.9683285222213,3632.3408513669815,-4365.916025821429,-39.6772,43.3043,4
2243,STARLINK-35515,satellite,0,41,43.0254,281.9151,156.1147,29.222,185.3366,6867.4028,482.8033,-1866.8066175064037,6587.623038882156,-435.3960584768226,6618.4552894541675,-1754.3642241771859,-435.3960584768226,-3.6612,-14.8461,4
2244,STARLINK-35696,satellite,0,41,42.9896,282.0619,72.1397,42.423,114.5627,6860.0715,485.9347,3864.8350531627525,3740.0923998894723,4251.715188420251,1245.705602302402,-5231.965089740082,4251.715188420251,38.502,-76.6075,85
2245,STARLINK-35693,satellite,0,41,43.0093,281.8767,170.173,43.4207,213.5937,6864.7617,487.6467,-3893.691668093074,5022.706775826464,-2590.093815757452,6306.240765346855,787.239208619592,-2590.093815757452,-22.2988,7.1157,4
2246,STARLINK-35663,satellite,0,41,42.9883,282.2179,100.3773,324.5695,64.9467,6860.14,486.1422,5054.845108891127,-1876.0162748435712,4234.9933159874245,-4191.905687918622,-3390.991424635869,4234.9933159874245,38.322,-141.0293,22
2247,STARLINK-35673,satellite,0,41,42.9967,282.0215,94.0298,34.7208,128.7506,6862.0126,484.3084,2931.2399438734096,5012.055855238397,3646.509550095191,2815.960135982208,-5077.719962458304,3646.509550095191,32.2913,-60.9885,35
2248,STARLINK-35597,satellite,0,41,43.0202,282.3663,24.2832,329.8074,354.0906,6867.3649,483.2243,957.1243190632077,-6777.054172407255,-481.9487430919782,-6317.40059695417,2633.438800406775,-481.9487430919782,-4.053,157.371,4
2249,STARLINK-35689,satellite,0,41,42.9976,282.4466,74.6856,237.0774,311.7631,6862.5478,490.6695,-2670.9477484528,-5270.82895655861,-3491.226131711499,-3171.3054818058054,4985.822029046992,-3491.226131711499,-30.7329,122.459,11
2250,STARLINK-35832,satellite,0,41,43.014,281.9719,116.6171,33.3536,149.9707,6865.2752,482.7477,1223.3315404498817,6329.199451174748,2341.388782127477,4820.0215249216635,-4280.502102546155,2341.388782127477,20.0767,-41.6072,4
2251,STARLINK-35909,satellite,0,41,43.0127,282.318,56.8847,325.6019,22.4866,6866.186,482.4178,3226.1102235818594,-5782.458983576276,1789.563174886421,-6619.227406555569,174.49244036638274,1789.563174886421,15.214,178.4899,4
2252,STARLINK-35899,satellite,0,41,43.0105,281.8777,157.5654,48.9964,206.5618,6865.6762,486.6723,-3459.3851473689265,5545.1626548016775,-2093.3242258200826,6534.10354058652,147.19166735460445,-2093.3242258200826,-17.8637,1.2905,4
2253,STARLINK-35907,satellite,0,41,43.0103,282.3162,65.1504,324.3864,29.5367,6865.366,482.8791,3688.362614156468,-5302.52636485511,2306.3881021267334,-6442.194606650305,-467.90305997760305,2306.3881021267334,19.7638,-175.8458,5
2254,STARLINK-35816,satellite,0,41,43.0105,282.4048,11.2139,321.6523,332.8662,6865.6717,486.5162,-923.2347329073785,-6456.358192935406,-2134.9499954753446,-5082.462899868275,4087.2355399454614,-2134.9499954753446,-18.2315,141.1943,9
2255,STARLINK-35894,satellite,0,81,42.9942,285.4968,87.4825,36.8475,124.33,6861.3807,484.72,2957.5078090645734,4832.411064835584,3860.884903176495,2648.042428021653,-5008.684501904717,3860.884903176495,34.4395,-62.135,39
2256,STARLINK-35897,satellite,0,41,42.98,282.1321,82.2279,11.0552,93.2831,6858.5013,487.092,4812.708155435741,1436.1456305535564,4665.880550632119,-1219.48093943964,-4872.118666442678,4665.880550632119,43.0707,-104.0523,111
2257,STARLINK-35922,satellite,0,41,43.0174,282.3718,21.1062,326.0373,347.1435,6867.1406,484.4024,342.9167279912219,-6773.84611466256,-1041.6669889795055,-6001.358970284544,3160.106576881624,-1041.6669889795055,-8.7851,152.2303,6
2258,STARLINK-35917,satellite,0,41,42.9959,282.2602,88.2674,322.4638,50.7312,6862.2782,484.8641,4715.824318726038,-3416.7255455591358,3620.182606835008,-5344.209569916912,-2313.5333435186876,3620.182606835008,32.0278,-156.592,9
2259,STARLINK-35916,satellite,0,81,43.0106,285.7954,66.7812,325.3418,32.123,6865.087,483.2712,4147.187871865768,-4863.356585323971,2487.722606455164,-6298.475485202323,-1086.559286403601,2487.722606455164,21.3883,-170.2122,7
2260,STARLINK-34766,satellite,0,41,42.9795,281.7083,90.2778,179.8734,270.1512,6858.6129,495.383,-4913.195476364323,-1036.7138724146719,-4679.118468893987,1614.3023702114547,4754.817903953163,-4679.118468893987,-43.1574,71.2472,4
2261,STARLINK-34765,satellite,0,41,42.99,282.0799,79.0585,28.4189,107.4773,6859.3634,486.7002,4246.493010828443,3014.4169005964854,4458.938852593735,426.8554363784605,-5190.10660565375,4458.938852593735,40.7479,-85.2983,108
2262,STARLINK-34767,satellite,0,41,43.0183,282.3438,40.8665,327.4816,8.3481,6867.2719,482.2253,2162.377150118514,-6474.880750228114,679.502341605902,-6672.2396962244375,1442.6271538953088,679.502341605902,5.7199,167.7997,4
2263,STARLINK-35608,satellite,0,41,42.9855,282.1985,103.7918,328.2488,72.0406,6859.3771,486.7014,5109.804442345157,-1058.1381758880814,4446.627080526376,-3516.4491229518994,-3855.4303785664288,4446.627080526376,40.6121,-132.3672,52
2264,STARLINK-35598,satellite,0,41,42.9935,282.4584,96.7087,207.9949,304.7036,6861.4485,491.599,-3186.715540978601,-4705.596144429184,-3847.4533975122818,-2422.0544145685462,5141.151955199375,-3847.4533975122818,-34.2639,115.2257,7
2265,STARLINK-35600,satellite,0,41,43.0076,282.4091,10.2231,315.6209,325.844,6864.6372,487.788,-1531.424844025309,-6151.84076768878,-2628.1731526143326,-4510.322521580605,4455.0418219381945,-2628.1731526143326,-22.6439,135.3533,14
2266,STARLINK-35444,satellite,0,41,43.0193,281.9413,135.9992,27.9978,163.9971,6866.824,482.1581,-11.604069760111805,6737.100832908528,1290.1790609366117,5800.763831118349,-3426.339338536238,1290.1790609366117,10.9073,-30.5691,4
2267,STARLINK-35366,satellite,0,41,42.9835,282.1422,104.1535,342.0945,86.2479,6858.6186,487.5484,4986.987375279332,614.0585442602484,4664.159063349691,-2015.4830594418431,-4602.7099641490995,4664.159063349691,43.0475,-113.6482,89
2268,STARLINK-35692,satellite,0,41,42.9998,282.2685,83.591,320.0264,43.6174,6863.2766,484.2947,4435.779950651802,-4116.132227995863,3226.315061856324,-5802.9575166697,-1715.9173490227668,3226.315061856324,28.2134,-163.5272,9
2269,STARLINK-35924,satellite,0,22,43.0124,209.0947,56.0242,326.4588,22.483,6866.1372,482.1806,-4605.275715793178,-4757.524709631266,1789.2182137325021,-1743.1705046352024,6387.797928315851,1789.2182137325021,15.2116,105.2638,5
2270,STARLINK-35937,satellite,0,22,42.9817,209.739,82.9261,16.6558,99.5819,6858.7528,486.7762,3443.843235780711,-3727.7739946449797,4608.443588541433,-4962.96886921739,-1060.7993170072289,4608.443588541433,42.4192,-167.935,4
2271,STARLINK-35962,satellite,0,22,43.0126,209.6048,113.6074,35.5603,149.1677,6865.1155,482.923,6390.090159536876,674.58295247208,2397.8789386309923,-2679.089162441077,-5840.444817517475,2397.8789386309923,20.5818,-114.6415,26
2272,STARLINK-35931,satellite,0,22,42.9926,209.4342,73.4574,167.503,240.9604,6860.6771,492.908,744.6613892157671,5459.76636154307,-4091.820093968657,4316.338100253566,-3425.3167315630026,-4091.820093968657,-36.7678,-38.4345,8
2273,STARLINK-35952,satellite,0,22,43.0245,209.5448,160.9627,30.6448,191.6075,6867.1047,484.0382,5349.753475667055,4192.449411349553,-942.0178577705809,877.3992916955877,-6739.930622793459,-942.0178577705809,-7.9395,-82.583,4
2274,STARLINK-35915,satellite,0,22,42.9887,209.4134,70.968,177.21,248.1779,6859.6579,493.7217,-66.49269439891937,5312.826590543907,-4344.408425784473,4603.686057512405,-2652.663254818582,-4344.408425784473,-39.4465,-29.9507,4
2275,STARLINK-35946,satellite,0,22,43.02,209.5777,130.0228,33.2984,163.3212,6866.7332,482.1551,6425.083139026089,1991.6149226580633,1343.162600201476,-1564.1067223281505,-6542.307964680317,1343.162600201476,11.361,-103.4456,14
2276,STARLINK-35969,satellite,0,22,42.9868,209.2452,101.9273,195.7326,297.6599,6860.4065,492.805,-4952.343432944137,2323.3943036756505,-4144.7018789824915,4524.431178315415,3074.6364144179324,-4144.7018789824915,-37.3225,34.1986,4
2277,STARLINK-35687,satellite,0,22,42.987,209.6894,86.1732,27.6173,113.7905,6859.9196,485.5736,4675.115368262408,-2616.557415984648,4277.023853328699,-4635.1895541751655,-2686.6511151567556,4277.023853328699,38.7756,-149.9025,4
2278,STARLINK-35975,satellite,0,22,42.9851,209.2737,99.0007,191.5856,290.5863,6859.5807,493.8679,-4403.316147740436,2919.8314787021814,-4380.623109272491,4757.413787717309,2298.178194442086,-4380.623109272491,-39.8386,25.7839,4
2279,STARLINK-35932,satellite,0,22,42.992,209.2267,93.4919,211.2588,304.7507,6861.3742,491.633,-5427.864264411159,1689.4356959348477,-3845.1739300562567,4221.68226564638,3807.0069991395344,-3845.1739300562567,-34.2407,42.0433,4
2280,STARLINK-35935,satellite,0,22,43.0193,209.5268,165.6109,33.0856,198.6966,6866.5351,484.8756,4863.125280160359,4602.689751532898,-1500.7007336407112,1478.4723251299497,-6530.609467976597,-1500.7007336407112,-12.7091,-77.2438,5
2281,STARLINK-35928,satellite,0,22,43.0143,209.1468,10.8477,329.2492,340.0969,6866.335,484.7579,-6466.792933636826,-1650.6559496342893,-1593.5346858480962,1878.653393996557,6404.274926627017,-1593.5346858480962,-13.5097,73.6513,4
2282,STARLINK-35933,satellite,0,22,43.0029,209.6335,99.3289,35.6934,135.0224,6862.9746,483.7239,5968.578200436334,-682.560600717506,3305.5862272247477,-3631.425578096309,-4785.6622299451465,3305.5862272247477,28.9729,-127.1917,33
2283,STARLINK-35961,satellite,0,22,43.012,209.5057,171.4525,41.3676,212.82,6864.7559,487.4405,3679.719471282765,5207.456718001217,-2537.3066014207343,2602.2632031619614,-5821.182618563239,-2537.3066014207343,-21.8219,-65.9138,13
2284,STARLINK-35960,satellite,0,22,42.9948,209.0284,88.1182,322.6853,50.8035,6862.0546,484.604,-1903.015457361982,-5501.127870077983,3623.689602000537,-3761.085575873436,4442.759386334595,3623.689602000537,32.0638,130.2501,7
2285,STARLINK-35914,satellite,0,22,43.0124,209.5137,162.9193,42.8451,205.7644,6865.7674,485.933,4303.622689986207,4942.493241661932,-2034.731941224635,2056.1301145226207,-6222.679218294254,-2034.731941224635,-17.3498,-71.7151,7
2286,STARLINK-35707,satellite,0,22,42.9833,209.3395,88.816,180.6442,269.4603,6858.3858,494.2064,-2403.352917988695,4407.741459739949,-4678.457745402246,5017.123906927893,-180.99095791731838,-4678.457745402246,-43.1591,-2.066,4
2287,STARLINK-35976,satellite,0,22,42.9929,209.663,85.4199,35.4261,120.846,6860.8858,485.4857,5185.554300118175,-2001.5498084495562,4014.0101477088488,-4366.551440555633,-3439.38999710124,4014.0101477088488,36.0047,-141.7737,14
2288,STARLINK-35514,satellite,0,22,43.0087,209.6106,107.0807,35.0299,142.1106,6864.0694,483.0807,6226.754464620339,-3.394148568243425,2872.6554693251983,-3178.9330202714746,-5354.144893028345,2872.6554693251983,24.9021,-120.699,32
2289,STARLINK-35640,satellite,0,22,43.0067,209.486,155.7059,64.1801,219.886,6863.7565,489.0539,2999.9817543004474,5393.583833991185,-3001.8814717643795,3109.0649426017394,-5331.4493604564495,-3001.8814717643795,-26.0787,-59.7512,15
2290,STARLINK-35582,satellite,0,22,42.9786,209.3581,82.8697,179.4358,262.3055,6858.6246,495.5406,-1638.8094881477348,4787.915088037645,-4637.154475971552,4954.163746167892,-1032.5158617945265,-4637.154475971552,-42.6776,-11.7727,4
2291,STARLINK-35577,satellite,0,22,42.9807,209.2855,101.6603,181.9187,283.5791,6859.0086,493.5906,-3792.380812192663,3468.1939479741045,-4547.615548243796,4917.468681853142,1492.9913758775758,-4547.615548243796,-41.683,16.8888,4
2292,STARLINK-35697,satellite,0,22,43.005,209.1877,6.5022,312.3966,318.8988,6863.5147,488.4509,-6123.313931971722,358.343495964255,-3076.9149736077716,3431.4780985241964,5084.126437248354,-3076.9149736077716,-26.7834,55.983,4
2293,STARLINK-35818,satellite,0,22,42.9845,209.7594,87.3425,5.1824,92.5248,6858.49,487.0364,2748.914728746116,-4199.364283912776,4669.363390165209,-5014.147503355338,-222.52503121003886,4669.363390165209,43.111,-177.4589,4
2294,STARLINK-35796,satellite,0,22,43.0013,209.4711,109.8771,117.0762,226.9533,6862.6035,490.3026,2273.9080601759665,5498.233063201888,-3420.678431747154,3569.418443831912,-4760.302160183975,-3420.678431747154,-30.0498,-53.1363,15
2295,STARLINK-35833,satellite,0,22,42.9826,209.8111,100.7717,337.5688,78.3406,6858.8472,486.852,1239.7008958302088,-4950.476016251299,4577.429578026037,-4890.419765343852,1458.7205412058001,4577.429578026037,42.0682,163.3911,5
2296,STARLINK-35315,satellite,0,22,43.022,209.5523,143.6592,33.8229,177.4821,6867.4497,482.5809,6071.081447918141,3188.8661608730667,205.63978621971248,-353.74207325471633,-6848.486247692012,205.63978621971248,1.7284,-92.9568,6
2297,STARLINK-35728,satellite,0,22,43.0191,209.1117,33.1804,328.0751,1.2555,6867.3218,482.6251,-5939.146793534394,-3433.0756186785843,102.55982662827478,76.39343768038177,6859.5653565947305,102.55982662827478,0.8619,89.3619,4
2298,STARLINK-35699,satellite,0,55,43.0046,278.8634,16.4653,306.8618,323.3271,6864.3363,488.2864,-2113.5486874176045,-5900.5303532401485,-2795.6250344728196,-3997.242923731329,4827.566210035116,-2795.6250344728196,-24.1721,129.6249,12
2299,STARLINK-35695,satellite,0,55,43.0165,278.8215,11.2728,333.2368,344.5096,6866.8578,484.1919,-309.99782847583333,-6739.634655508303,-1250.199042160912,-5638.907255293467,3704.254163740246,-1250.199042160912,-10.5623,146.6987,7
2300,STARLINK-35419,satellite,0,55,42.9828,278.5275,81.0372,23.8599,104.8971,6859.1411,486.7502,4531.763093791798,2461.6639776975726,4516.891907191912,-194.09370394060312,-5153.541880244873,4516.891907191912,41.3905,-92.1569,115
2301,STARLINK-35411,satellite,0,55,42.9903,278.4862,85.4471,33.5102,118.9573,6860.5989,485.7977,3850.2657368608848,3930.7535003746566,4090.6579979404464,1417.1319184756085,-5316.681902351329,4090.6579979404464,36.8001,-75.0751,81
2302,STARLINK-35305,satellite,0,55,43.0193,278.3915,130.4653,31.0725,161.5378,6866.5978,481.8208,621.6022225564165,6668.048500057663,1481.8932003987074,5418.396494079502,-3935.7641640671613,1481.8932003987074,12.553,-35.9936,4
2303,STARLINK-35579,satellite,0,55,43.0064,278.4324,103.7999,36.5199,140.3198,6863.8757,483.7109,2393.4736053499837,5690.3820163029695,2986.6268828870234,3673.7077964935993,-4961.152529095778,2986.6268828870234,25.9582,-53.4802,6
2304,STARLINK-35437,satellite,0,55,43.0226,278.3611,154.1034,28.6731,182.7765,6867.4772,482.6123,-1236.8430308108905,6744.506221372668,-226.74758952915477,6432.077936121988,-2376.240365925298,-226.74758952915477,-1.9058,-20.276,5
2305,STARLINK-35358,satellite,0,55,43.0159,278.331,170.0814,33.8931,203.9745,6866.0425,485.6382,-2925.665219337796,5908.550860728338,-1902.1752321124936,6574.43923600011,-497.23131598758977,-1902.1752321124936,-16.1886,-4.3251,4
2306,STARLINK-35893,satellite,0,55,43.0042,278.2845,169.363,55.8908,225.2537,6863.078,489.2275,-4223.137920020145,4266.880995349528,-3324.2127201743715,5824.162422932141,1456.1247856184132,-3324.2127201743715,-29.1258,14.037,4
2307,STARLINK-35871,satellite,0,55,42.9889,278.246,79.2248,159.9463,239.1711,6860.9721,493.6552,-4771.714343664321,2863.087625536471,-4019.2034043898575,4896.511070320182,2643.994679885683,-4019.2034043898575,-36.0088,28.3679,4
2308,STARLINK-35825,satellite,0,55,42.9842,278.1794,83.4673,177.0491,260.5164,6858.8122,494.8967,-5062.706252800049,414.7687220142949,-4615.451429743479,2939.0389170729704,4143.075903098159,-4615.451429743479,-42.4365,54.6487,4
2309,STARLINK-35803,satellite,0,55,42.9872,278.0826,96.2525,192.5206,288.7732,6859.4885,493.0064,-4394.978031546444,-2854.710741708963,-4429.976171705132,-213.74974051243245,5236.364804426375,-4429.976171705132,-40.384,92.3375,4
2310,STARLINK-35835,satellite,0,55,42.9903,278.0377,99.6328,203.2075,302.8403,6861.2175,492.1724,-3656.0976281193593,-4275.15676186995,-3931.977625022969,-1812.4039280745426,5325.336346786213,-3931.977625022969,-35.1207,108.7953,8
2311,STARLINK-35834,satellite,0,55,43.0009,278.874,28.0568,288.2037,316.2605,6863.2581,489.4332,-2663.6668766271673,-5434.258728775145,-3236.0032395943613,-3315.591524485805,5062.918328757385,-3236.0032395943613,-28.2824,123.2199,11
2312,STARLINK-35836,satellite,0,55,43.0135,278.833,10.9539,326.5252,337.4791,6866.2163,485.5121,-925.6846381894253,-6558.7998947423475,-1792.9883593754937,-5169.327434833702,4141.594135128131,-1792.9883593754937,-15.2368,141.2988,9
2313,STARLINK-35870,satellite,0,55,43.0155,278.7818,48.1273,324.7091,12.8364,6866.9996,481.9016,2122.303538646126,-6439.590601409392,1039.644169654531,-6621.4453376233405,1459.0959751764651,1039.644169654531,8.7712,167.573,4
2314,STARLINK-35650,satellite,0,55,43.0089,278.7464,70.69,323.3615,34.0514,6864.6855,483.0727,3639.4433783759214,-5189.083226137155,2619.370237163721,-6319.665999176036,-483.6884235131873,2619.370237163721,22.5804,-175.6233,6
2315,STARLINK-35812,satellite,0,55,42.993,278.6942,93.051,322.2351,55.2861,6861.4909,485.1421,4665.323285252078,-3236.626563247588,3843.3232865716277,-5163.540842530235,-2361.9565688973375,3843.3232865716277,34.2589,-155.4192,9
2316,STARLINK-35810,satellite,0,55,42.9827,278.6269,99.6195,336.932,76.5514,6859.0332,486.8042,5061.667928423759,-844.7135220931573,4545.773897159409,-3308.3217214670594,-3922.88548638753,4545.773897159409,41.7129,-130.1422,56
2317,STARLINK-35814,satellite,0,55,42.9812,278.5518,82.1813,15.6151,97.7964,6858.7438,487.0819,4775.3927416012375,1658.512987312071,4630.549773999803,-1009.1809698195182,-4953.442735691484,4630.549773999803,42.6677,-101.5155,121
2318,STARLINK-35815,satellite,0,55,43.0004,278.4438,96.5593,36.6812,133.2405,6862.7923,484.3116,2923.9382041391345,5183.112024464678,3406.826495352234,2966.8165861742214,-5158.688227037593,3406.826495352234,29.9448,-60.0963,24
2319,STARLINK-35743,satellite,0,55,43.0148,278.4031,119.0509,35.3989,154.4498,6865.8373,482.8748,1235.5157787118997,6438.053336171502,2018.154265630387,4907.436344155296,-4346.504173114157,2018.154265630387,17.2121,-41.5312,4
2320,STARLINK-35868,satellite,0,55,43.022,278.3677,146.0435,29.6888,175.7322,6867.4016,482.2321,-626.3076623790872,6822.7791511010055,348.322134158518,6187.994358502006,-2941.309649085023,348.322134158518,2.9286,-25.4229,6
2321,STARLINK-35872,satellite,0,55,43.0202,278.3386,167.221,29.6867,196.9077,6866.7191,484.3749,-2395.6624306802505,6284.073554302728,-1361.5011996308588,6627.10824213957,-1144.6463491513412,-1361.5011996308588,-11.5144,-9.7995,4
2322,STARLINK-35744,satellite,0,55,43.0069,278.2994,162.5761,55.5334,218.1095,6864.1092,488.5066,-3844.327037241009,4896.27417052536,-2888.9824699166984,6172.312229555044,809.2668676655915,-2888.9824699166984,-25.032,7.4696,4
2323,STARLINK-35746,satellite,0,55,42.9812,278.1941,68.9229,184.5043,253.4273,6859.3215,494.1842,-5042.23933932179,1251.7201701341742,-4484.648705955479,3648.4943960114488,3698.5766967305167,-4484.648705955479,-40.978,45.3906,4
2324,STARLINK-35941,satellite,0,55,42.982,278.1263,93.8387,180.8244,274.6631,6858.6276,495.1803,-4875.312709044101,-1259.7751182495704,-4663.7766837910485,1403.1161754585453,4836.007894709668,-4663.7766837910485,-42.9836,73.8205,4
2325,STARLINK-35939,satellite,0,55,42.9893,278.0566,106.1239,189.745,295.8689,6860.2885,493.3253,-4053.081011268135,-3598.1535512513606,-4210.931462234436,-1027.601834846679,5321.4856131821725,-4210.931462234436,-38.0187,100.9295,7
2326,STARLINK-35963,satellite,0,55,43.0204,278.8062,21.3816,330.262,351.6436,6867.3742,483.3369,318.8225823673786,-6820.0039756984515,-680.3112629787022,-6028.771718366829,3204.3741409814124,-680.3112629787022,-5.7258,152.0087,5
2327,STARLINK-36076,satellite,0,23,42.9894,347.2749,82.147,35.2688,117.4157,6860.3295,485.6425,-2098.6252550380004,5037.740246191101,4149.772754123729,5403.581453565956,-764.4358860329077,4149.772754123729,37.4216,-8.0521,15
2328,STARLINK-35447,satellite,0,23,43.0178,347.5762,33.2602,330.9055,4.1657,6867.3189,482.0648,6760.191339531261,-1116.1891379286615,339.97012501970573,-4408.176103615456,-5245.383549199911,339.97012501970573,2.8583,-130.0434,4
2329,STARLINK-35429,satellite,0,23,43.0197,347.9911,160.9243,33.538,194.4623,6866.9665,483.9573,-6759.315118736162,156.95729859616117,-1169.1037179237003,3582.656194259906,5733.894929425284,-1169.1037179237003,-9.8705,58.002,4
2330,STARLINK-36058,satellite,0,23,43.0146,347.6142,7.4156,328.4472,335.8628,6865.9051,485.4828,5676.181268163397,-3347.1008686960404,-1914.215472334269,-5774.161575344021,-3175.0867887501076,-1914.215472334269,-16.2942,-151.1946,4
2331,STARLINK-36066,satellite,0,23,42.983,347.8189,87.4627,177.5365,264.9992,6858.7544,495.1453,-1640.2128699275697,-4762.99456081457,-4661.518436651158,-3260.233006820811,3840.2208512351663,-4661.518436651158,-42.9581,130.3303,14
2332,STARLINK-36031,satellite,0,23,42.9781,347.3931,94.4888,347.4909,81.9797,6858.6211,486.0019,2017.1094345297424,4637.247034695481,4627.050345925888,2959.833049028777,-4100.265705236422,4627.050345925888,42.6362,-54.1758,22
2333,STARLINK-36032,satellite,0,23,42.9803,347.7631,96.732,182.5349,279.2669,6858.7542,495.3168,29.76541955369174,-5077.574120458007,-4618.267506871452,-4382.603081495073,2564.261133156295,-4618.267506871452,-42.4651,149.6681,17
2334,STARLINK-35711,satellite,0,23,42.9883,347.4533,93.1106,327.6022,60.7128,6860.5746,485.6944,4224.130532595881,3541.1673804152533,4077.372494202434,891.3404038971752,-5439.545703172849,4077.372494202434,36.662,-80.694,95
2335,STARLINK-35811,satellite,0,23,43.0076,347.9402,166.3073,56.3901,222.6974,6863.3816,488.8601,-5643.179092716505,-2274.1352154680635,-3174.184468750942,922.2825459196766,6013.863662920583,-3174.184468750942,-27.6984,81.2811,4
2336,STARLINK-35820,satellite,0,23,43.0067,347.646,4.3884,317.3264,321.7148,6863.96,487.9913,4596.53009390001,-4189.611284025264,-2900.02725454544,-5948.15183319567,-1816.7061910532589,-2900.02725454544,-25.1362,-163.0161,4
2337,STARLINK-35981,satellite,0,23,43.0107,347.1998,109.4439,36.1569,145.6008,6864.626,483.0749,-4890.393105762161,4016.406002087293,2642.9198279385787,5949.058707662627,2157.814263386072,2642.9198279385787,22.7946,19.9365,5
2338,STARLINK-35930,satellite,0,23,43.0169,347.5509,53.4464,324.7938,18.2402,6866.5645,482.1023,6699.824514503941,128.47565202586102,1464.6820134135269,-3306.8003695499383,-5828.312434509309,1464.6820134135269,12.4043,-119.5692,5
2339,STARLINK-35980,satellite,0,23,42.9958,347.9012,81.0573,155.7445,236.8017,6861.4191,492.1505,-4554.866293346512,-3319.5569707768686,-3916.4597840039883,-532.0297583850164,5610.990088094103,-3916.4597840039883,-34.9623,95.4165,4
2340,STARLINK-35978,satellite,0,23,43.0137,347.5451,61.0451,324.2646,25.3097,6865.7948,482.1774,6516.607084242899,756.2645929533486,2000.188224360664,-2673.362699942531,-5990.9294687482015,2000.188224360664,17.056,-114.0481,18
2341,STARLINK-36050,satellite,0,23,42.9911,347.8856,76.5909,167.3272,243.9181,6860.2513,492.4961,-3896.165575545275,-3774.930812092437,-4202.965616832868,-1259.6910670528002,5276.683356402607,-4202.965616832868,-37.9397,103.4268,7
2342,STARLINK-36048,satellite,0,23,42.9836,347.3157,86.83,16.4504,103.2804,6858.5633,486.1386,-464.57576849480466,5107.199704910438,4548.566154319812,4629.864241641072,-2205.374474887009,4548.566154319812,41.7492,-25.4702,10
2343,STARLINK-35977,satellite,0,23,43.0221,347.163,136.0455,30.8382,166.8837,6867.1946,483.7614,-6262.444106800926,2594.5729388257155,1062.3409996154946,5425.911513924316,4063.188300922799,1062.3409996154946,8.9617,36.8277,4
2344,STARLINK-36052,satellite,0,23,42.9926,347.6933,102.8396,197.6325,300.4721,6860.7763,492.2345,2478.19356150762,-4968.894127467559,-4033.47343550404,-5537.966520140073,402.8386774964188,-4033.47343550404,-36.1651,175.8396,9
2345,STARLINK-36063,satellite,0,23,42.9813,347.4101,100.0107,334.8902,74.901,6859.0714,486.066,2798.0550510179937,4336.131036729986,4512.061741547979,2302.5028321286577,-4618.4007128290505,4512.061741547979,41.3417,-63.5015,39
2346,STARLINK-35993,satellite,0,23,43.0004,347.6556,40.4946,274.1508,314.6454,6862.8795,489.6955,3947.6784217131276,-4519.373811117341,-3329.9919148578733,-5900.840752757066,-1090.404959853973,-3329.9919148578733,-29.1791,-169.5305,7
2347,STARLINK-36036,satellite,0,23,42.9803,347.3363,75.6003,20.5491,96.1494,6858.5724,487.3506,376.6939357708739,5026.333529289375,4646.918185536313,4131.210690945599,-2887.737054498198,4646.918185536313,42.8521,-34.9537,5
2348,STARLINK-36034,satellite,0,23,43.0193,347.9737,166.718,34.7602,201.4783,6866.6634,485.921,-6628.773362904732,-466.2056672663798,-1714.3257356966626,2980.065221392815,5939.460859134572,-1714.3257356966626,-14.5526,63.3552,4
2349,STARLINK-35680,satellite,0,23,43.0225,347.5781,24.7861,332.3104,357.0966,6867.3459,482.5374,6636.789325677495,-1722.0077666697873,-237.10287781207484,-4866.322167508565,-4830.237247166287,-237.10287781207484,-1.9929,-135.2132,4
2350,STARLINK-35583,satellite,0,23,43.0031,347.5037,73.2487,326.2879,39.5366,6863.7431,483.4781,5854.162689062831,1972.464233195914,2977.3174629202867,-1289.3757382192314,-6041.468873291007,2977.3174629202867,25.8723,-102.0474,66
2351,STARLINK-36039,satellite,0,23,42.9826,347.7415,100.0691,186.243,286.3121,6859.2191,494.9434,860.6718062049737,-5118.677343048195,-4491.271465639825,-4841.769048559926,1870.5309889542527,-4491.271465639825,-41.0458,158.8769,18
2352,STARLINK-36037,satellite,0,23,43.02,347.6015,15.6243,327.292,342.9163,6866.6886,484.5401,6089.6447112316955,-2847.690374433179,-1375.2756009891596,-5555.489836633723,-3785.451869028446,-1375.2756009891596,-11.6322,-145.7299,4
2353,STARLINK-36040,satellite,0,23,43.0114,347.9507,178.484,37.0955,215.5795,6864.5872,487.3885,-6067.532784826509,-1690.0934818171775,-2723.5360794355643,1641.0852998420203,6080.971066438967,-2723.5360794355643,-23.5146,74.8972,4
2354,STARLINK-35988,satellite,0,23,42.9974,347.4944,82.9833,323.5623,46.5455,6862.7252,483.6877,5392.173015189187,2532.837811090394,3394.362333626164,-571.7343149469982,-5929.91712219789,3394.362333626164,29.8273,-95.5072,92
2355,STARLINK-35391,satellite,0,23,42.9845,347.8331,84.5943,173.4147,258.0091,6859.001,494.2638,-2428.8011032004306,-4500.093675201668,-4577.007693401166,-2631.8749219705237,4384.42154446859,-4577.007693401166,-42.0076,120.9755,10
2356,STARLINK-35867,satellite,0,56,42.9938,46.1562,85.3972,219.367,304.7643,6861.4256,490.8787,5684.3227820701695,-34.12344845150809,-3844.248549440892,-2928.6922125426527,-4871.904332464688,-3844.248549440892,-34.2356,-121.0117,4
2357,STARLINK-35990,satellite,0,56,43.0098,45.5552,171.1385,42.5701,213.7087,6864.7883,487.4408,-2009.1496659596644,-6025.644465084498,-2597.854828356815,-4158.108170335358,4801.584118144721,-2597.854828356815,-22.3699,130.8921,12
2358,STARLINK-36051,satellite,0,56,42.9919,45.9033,103.2918,321.9875,65.2793,6859.896,486.2177,-1276.2902120382253,5229.053887874921,4246.711412803928,5148.6982540243835,-1569.3398474042124,4246.711412803928,38.4466,-16.9514,12
2359,STARLINK-36062,satellite,0,56,43.0137,45.9998,66.0082,323.7565,29.7648,6864.9901,482.9521,2344.9660750101343,6012.223405770522,2322.7273037799187,3975.2779314255336,-5083.587467700783,2322.7273037799187,19.9094,-51.9752,6
2360,STARLINK-36047,satellite,0,56,42.9891,45.8823,110.7056,322.0993,72.8048,6858.821,486.9368,-2028.4902642165314,4790.17237180082,4465.858238409946,5154.865600697011,-698.4874675581397,4465.858238409946,40.8226,-7.7166,17
2361,STARLINK-35964,satellite,0,90,42.9954,30.8918,93.9791,321.4485,55.4277,6861.4248,485.2643,1218.706266294782,5541.199305174369,3850.1098129170678,4144.590809470265,-3874.5969758448023,3850.1098129170678,34.327,-43.0717,4
2362,STARLINK-36099,satellite,0,56,42.9923,45.7488,84.2541,30.3696,114.6237,6860.3069,486.2243,-5258.8269071509785,1135.0035518375228,4250.047040161834,3658.574335638832,3944.404559963873,4250.047040161834,38.4822,47.153,5
2363,STARLINK-36041,satellite,0,56,43.0212,46.0215,46.237,329.2527,15.4898,6866.8628,482.3545,3626.517725724581,5687.056752734854,1249.9254041281642,3041.9220736406305,-6020.046131195306,1249.9254041281642,10.5628,-63.1926,10
2364,STARLINK-36044,satellite,0,56,43.0014,45.5167,123.8489,104.0269,227.8758,6862.503,490.083,-569.5429932053471,-5892.491339050879,-3471.4871004354804,-4777.862605400543,3495.4058885648847,-3471.4871004354804,-30.5437,143.8114,16
2365,STARLINK-35996,satellite,0,56,42.9809,45.4379,82.0326,174.09,256.1226,6859.0747,495.5299,2318.3112239217467,-4593.853111302148,-4543.151227750017,-5133.829548251846,349.06662498471604,-4543.151227750017,-41.6187,176.1103,9
2366,STARLINK-36080,satellite,0,56,42.9985,46.132,23.8229,288.0281,311.851,6862.511,489.6278,5868.050431946168,710.0386680947112,-3485.971513939593,-2382.3211278633894,-5409.502456399205,-3485.971513939593,-30.6869,-113.7685,4
2367,STARLINK-35604,satellite,0,56,43.0042,45.9622,83.261,320.5455,43.8065,6863.2541,484.2388,944.6131991338027,5970.89328085314,3237.7010207494563,4653.991175314085,-3858.00813988431,3237.7010207494563,28.322,-39.6576,4
2368,STARLINK-35565,satellite,0,56,43.0198,46.0341,45.459,322.9604,8.4194,6867.3117,482.4042,4182.734785291858,5394.364673312865,685.3061249516139,2506.462474400363,-6349.179976752837,685.3061249516139,5.7687,-68.4574,10
2369,STARLINK-36038,satellite,0,56,43.0221,45.593,154.5276,38.0147,192.5424,6867.0234,484.1997,-3908.742909212085,-5547.3655857897675,-1016.6894348330845,-2777.81665428512,6191.548328802467,-1016.6894348330845,-8.5732,114.1632,4
2370,STARLINK-36049,satellite,0,56,43.0206,46.0497,20.0153,334.2944,354.3097,6867.5285,483.3032,5096.627456331624,4570.226018740505,-464.1496891325273,1331.4490534522104,-6714.89543545298,-464.1496891325273,-3.9031,-78.7847,5
2371,STARLINK-36069,satellite,0,56,43.0102,46.0833,23.2814,309.8026,333.084,6865.6453,486.9979,5881.127304230127,2832.510378589814,-2119.2441920479196,-563.3698156784563,-6503.336671598861,-2119.2441920479196,-18.0915,-94.951,4
2372,STARLINK-36000,satellite,0,56,43.0234,45.6231,134.5821,36.7234,171.3054,6867.3046,482.3385,-5284.64318366701,-4316.813428230521,707.5711323726586,-1017.579773111564,6747.3597175624,707.5711323726586,5.9569,98.5762,4
2373,STARLINK-36071,satellite,0,56,42.9836,45.3209,100.9387,190.518,291.4567,6859.6917,492.9359,5087.3064256787175,-1500.3122137116554,-4354.474545076009,-3885.305061011721,-3610.5440019810094,-4354.474545076009,-39.561,-137.0992,4
2374,STARLINK-35979,satellite,0,56,43.0081,46.0924,5.8533,320.157,326.0103,6864.7023,487.6351,5967.295810403684,2153.882277498478,-2616.8956699627474,-1191.0355445995945,-6231.313062724721,-2616.8956699627474,-22.542,-100.8208,4
2375,STARLINK-36046,satellite,0,56,43.0011,45.9411,92.9789,318.1595,51.1384,6861.7242,485.4378,185.739482732846,5807.649858076758,3641.749566829053,4900.649637472085,-3122.0072325684296,3641.749566829053,32.2382,-32.4996,4
2376,STARLINK-36045,satellite,0,56,42.9845,45.815,91.2092,2.1866,93.3957,6858.6823,487.5047,-3873.0871372876572,3198.160285844605,4666.020650525848,4726.367127723159,1700.143217777456,4666.020650525848,43.0691,19.7844,14
2377,STARLINK-36054,satellite,0,56,42.9899,45.7644,81.5494,26.0142,107.5636,6859.4365,486.6758,-4868.7295689927005,1853.0260966722494,4456.803592606193,4077.200983853486,3242.6324904614776,4456.803592606193,40.7245,38.4955,6
2378,STARLINK-36042,satellite,0,56,42.9863,45.4554,83.9873,165.0839,249.0712,6859.692,494.8088,1622.6440572321487,-5037.417367086965,-4371.426910581812,-5160.525129919027,1173.6813239437643,-4371.426910581812,-39.732,167.1869,13
2379,STARLINK-35984,satellite,0,56,42.9938,45.4997,90.345,144.4071,234.7521,6861.7919,492.4234,147.81982014707748,-5699.115078671197,-3822.4941446123025,-4977.429611086753,2779.740607654335,-3822.4941446123025,-34.0069,150.818,16
2380,STARLINK-35985,satellite,0,56,43.0,45.6982,93.2093,35.6137,128.823,6862.1719,484.7104,-5798.394115885972,-347.66493876134774,3643.2579023068083,2658.4841601161493,5164.756257868954,3643.2579023068083,32.2569,62.7635,5
2381,STARLINK-36098,satellite,0,56,42.9814,45.3398,100.3057,184.1022,284.4079,6859.1073,495.5722,4660.163970822426,-2203.9123866169857,-4532.669709787167,-4272.631256949372,-2884.2642363303758,-4532.669709787167,-41.5014,-145.9785,4
2382,STARLINK-35995,satellite,0,56,43.0149,45.6535,114.8317,35.202,150.0337,6865.227,482.5896,-5944.228056195669,-2498.060378244984,2336.924455977925,883.2285194753514,6387.022797814846,2336.924455977925,20.0373,82.1268,4
2383,STARLINK-35994,satellite,0,56,43.0053,45.6878,101.1152,34.7854,135.9006,6863.2807,483.8729,-5937.020922379725,-1085.8287619563441,3254.7821470004505,2094.2683417778853,5660.501889911631,3254.7821470004505,28.4865,69.6966,5
2384,STARLINK-35989,satellite,0,56,42.984,45.8302,89.8768,356.5368,86.4136,6858.5312,486.6551,-3291.0607904564517,3794.8600552320404,4664.455707936937,4942.744128927123,895.1672699736242,4664.455707936937,43.0578,10.2654,21
2385,STARLINK-36091,satellite,0,42,43.0143,275.2372,172.9625,35.0418,208.0043,6865.5359,486.4867,-2899.205710029436,5818.572733911251,-2198.0979479569787,6483.54959775925,-474.0960053392196,-2198.0979479569787,-18.7904,-4.1822,4
2386,STARLINK-36102,satellite,0,42,42.9837,275.0796,86.961,177.6134,264.5744,6858.6277,494.9372,-5036.088685060847,203.8423843460661,-4658.299203926141,2744.0363525186585,4227.766012625329,-4658.299203926141,-42.923,57.0144,4
2387,STARLINK-36105,satellite,0,42,42.983,275.0061,99.1053,186.6961,285.8014,6859.1887,495.0581,-4650.094003617855,-2283.5696890013205,-4502.887286131303,407.635370019363,5164.484308439469,-4502.887286131303,-41.1738,85.487,4
2388,STARLINK-36094,satellite,0,42,43.0126,274.8062,58.6311,326.1385,24.7697,6865.946,482.4842,2615.658316733076,-6029.893240970901,1960.3001067166056,-6520.688702083429,825.7722312617382,1960.3001067166056,16.7052,172.7826,4
2389,STARLINK-35992,satellite,0,42,42.9981,274.7613,82.8988,323.1288,46.0276,6862.8454,484.0241,3991.9210012448075,-4444.878773239241,3365.406248374647,-5859.330980411866,-1166.456621978651,3365.406248374647,29.5463,-168.7409,9
2390,STARLINK-35986,satellite,0,42,42.9844,274.7009,100.2478,327.0256,67.2734,6859.8604,486.2013,4827.438190458947,-2260.6273005169123,4311.402723766296,-4406.733741683873,-2999.215398141452,4311.402723766296,39.1413,-145.7609,5
2391,STARLINK-36087,satellite,0,42,42.9803,274.6327,91.6007,356.9195,88.5203,6858.5806,487.1805,5011.547836860494,228.4873586622287,4672.060779846284,-2359.6552719911992,-4427.171240371629,4672.060779846284,43.1408,-118.0573,73
2392,STARLINK-36090,satellite,0,42,43.007,274.4619,110.7496,34.445,145.1946,6864.6006,482.9567,2415.735501945659,5836.567338248904,2669.956813268294,3788.0926484362476,-5054.864033397713,2669.956813268294,23.0413,-53.1523,7
2393,STARLINK-36072,satellite,0,42,43.0214,275.2656,156.8719,29.9461,186.818,6867.4232,483.2839,-1218.2206117964183,6729.357788720388,-555.738073274931,6409.549637468377,-2384.531642156671,-555.738073274931,-4.6748,-20.4066,5
2394,STARLINK-36083,satellite,0,42,43.0024,275.1887,111.2461,118.0265,229.2726,6862.472,490.6483,-4192.980185439731,4115.538636607106,-3547.2188658737864,5678.604684417515,1507.3785002472123,-3547.2188658737864,-31.28,14.8662,4
2395,STARLINK-35118,satellite,0,42,42.9987,274.9421,94.9776,212.0172,306.9948,6861.8199,491.3613,-3638.3305964493443,-4459.855044584318,-3738.2940360862403,-1980.3324146904279,5404.26128856572,-3738.2940360862403,-33.167,110.1248,8
2396,STARLINK-35646,satellite,0,42,43.0083,274.8916,8.8053,319.317,328.1223,6865.1752,487.4026,-2143.6841112911056,-6032.460179555264,-2472.1306028283957,-4095.350098657199,4920.778897324116,-2472.1306028283957,-21.2344,129.7691,11
2397,STARLINK-35987,satellite,0,42,42.989,274.7197,95.6379,324.542,60.1799,6860.7401,485.5826,4616.935721505323,-3039.869507194599,4055.954075360635,-4969.621846307307,-2420.694276852938,4055.954075360635,36.4394,-154.0294,9
2398,STARLINK-35991,satellite,0,42,42.9833,274.5571,79.9916,29.8014,109.793,6859.581,486.0709,4519.431368090548,2688.9696747827566,4397.77999928904,7.710765478492619,-5258.874247106297,4397.77999928904,40.0804,-89.916,115
2399,STARLINK-35974,satellite,0,42,43.0197,274.8551,20.4306,328.9893,349.42,6867.2147,483.7935,-346.93181670922417,-6798.698887672321,-859.5327991937727,-5670.872199943137,3766.148794537213,-859.5327991937727,-7.2408,146.411,5
2400,STARLINK-36134,satellite,0,42,43.0187,274.4231,133.9657,32.4532,166.4189,6867.0326,482.3205,659.9803620693616,6739.063481381778,1098.982642541719,5459.90414483452,-4004.996556007199,1098.982642541719,9.2755,-36.2611,5
2401,STARLINK-36070,satellite,0,42,42.9905,275.1458,79.155,164.1814,243.3364,6860.4805,493.4145,-4744.757456204202,2665.226968239358,-4182.425557883612,4712.57373753441,2721.728656338963,-4182.425557883612,-37.7163,30.0084,4
2402,STARLINK-36117,satellite,0,42,42.9912,274.5128,86.735,37.2181,123.9531,6861.3199,485.0867,3845.8408477752723,4144.821103462636,3878.098894055048,1603.5168282526686,-5422.063037962262,3878.098894055048,34.6124,-73.525,71
2403,STARLINK-36126,satellite,0,42,43.0212,275.2733,148.8689,30.8683,179.7371,6867.5242,482.6955,-607.6322484030526,6833.837963981962,21.475972376930624,6187.980910616138,-2963.0137558085594,21.475972376930624,0.1805,-25.5867,6
2404,STARLINK-36101,satellite,0,42,43.0168,275.242,171.704,29.2544,200.9584,6866.393,484.974,-2372.480785615387,6217.102634602467,-1674.4284186913196,6557.6799114001,-1130.426657025887,-1674.4284186913196,-14.2088,-9.7806,4
2405,STARLINK-36108,satellite,0,42,43.0018,275.202,131.7983,90.3502,222.1485,6863.49,489.8617,-3815.859016544924,4762.300208261032,-3141.2405884289283,6042.555585264487,853.1150606683838,-3141.2405884289283,-27.3827,8.0362,4
2406,STARLINK-36092,satellite,0,42,42.985,275.0977,83.1204,174.3974,257.5179,6858.9926,494.6647,-5014.467219039411,1041.9705638097237,-4568.842169720543,3453.9150941297103,3781.6735275813744,-4568.842169720543,-41.9129,47.5936,4
2407,STARLINK-36114,satellite,0,42,42.9834,275.0256,97.3441,181.3851,278.7292,6858.7534,494.8386,-4852.333282662063,-1472.325510057785,-4625.060447814418,1208.5723657181984,4924.655676331008,-4625.060447814418,-42.5458,76.2114,4
2408,STARLINK-36095,satellite,0,42,42.9924,274.9578,104.528,195.4105,299.9386,6860.8051,492.6312,-4037.930989015649,-3788.404716591036,-4055.576711873909,-1198.9717441277567,5405.493846590277,-4055.576711873909,-36.392,102.5061,8
2409,STARLINK-36082,satellite,0,42,43.0046,274.9028,14.9279,306.1999,321.1278,6864.027,488.5974,-2681.52567587383,-5592.661586459488,-2937.6184598273467,-3442.7309992752444,5159.074222925992,-2937.6184598273467,-25.4824,123.7158,10
2410,STARLINK-36128,satellite,0,42,43.0115,274.8111,55.0093,322.6456,17.6549,6866.7609,482.3558,2064.072413886338,-6385.87719890255,1419.1287787338242,-6545.5430076131715,1481.7858363192606,1419.1287787338242,12.0124,167.2443,4
2411,STARLINK-36129,satellite,0,42,43.0161,274.8599,18.9611,323.4102,342.3713,6866.6264,485.115,-959.9931047305629,-6645.295031406082,-1417.7838158250802,-5226.225949533667,4215.221837576465,-1417.7838158250802,-11.9959,141.112,6
2412,STARLINK-36053,satellite,0,42,43.0078,274.7722,74.5675,324.3798,38.9474,6863.9416,483.3725,3585.0237475185077,-5052.550916505572,2940.324676978826,-6174.4719615563945,-506.51952588905743,2940.324676978826,25.5284,-175.3103,6
2413,STARLINK-35702,satellite,0,42,43.0192,274.8302,35.8563,327.7013,3.5576,6867.4958,482.4603,886.7078511876001,-6796.812632893077,290.43800740501604,-6298.479055660358,2704.084755591151,290.43800740501604,2.4415,156.765,5
2414,STARLINK-35887,satellite,0,3,42.9795,314.7374,79.2204,22.5655,101.7858,6858.9358,486.732,2501.9251411404607,4450.301426772725,4574.998302354646,2551.7490628002906,-4421.921406074955,4574.998302354646,42.0417,-60.0121,34
2415,STARLINK-35879,satellite,0,3,43.0153,314.9517,59.0312,324.7874,23.8187,6866.0908,482.5959,5866.626824381165,-3009.8342561636905,1889.6772223382557,-5581.203827165738,-3510.922440863024,1889.6772223382557,16.0867,-147.8276,9
2416,STARLINK-35761,satellite,0,3,43.0086,314.4974,173.7785,41.2201,214.9986,6864.3596,487.0051,-5992.423761319229,1992.2637913230678,-2684.5511827442742,4770.1153875305945,4138.14653426919,-2684.5511827442742,-23.1599,40.9421,4
2417,STARLINK-35874,satellite,0,3,42.9936,315.3053,80.8752,154.5754,235.4506,6861.3432,491.9502,-5674.945987973123,-201.6322175999749,-3854.801799272042,2721.1267830251613,4984.088336726152,-3854.801799272042,-34.3364,61.3671,4
2418,STARLINK-36133,satellite,0,3,43.0217,314.9563,51.4923,325.3401,16.8324,6866.7045,482.3816,5666.835468128104,-3620.1463669170375,1355.2598173723093,-6004.251822379289,-3027.7787227920553,1355.2598173723093,11.4643,-153.2394,9
2419,STARLINK-36104,satellite,0,3,42.9841,315.1523,104.9837,179.8237,284.8074,6859.1806,493.9336,-2179.431496589807,-4678.085504198971,-4523.605463113782,-2912.1659550541613,4260.715325288432,-4523.605463113782,-41.4124,124.3523,12
2420,STARLINK-36067,satellite,0,3,43.0074,314.5977,115.5094,35.85,151.3593,6865.4501,482.4081,-2514.4750972182674,5973.730626240819,2242.2199099670347,6420.771596108488,-884.15763301846,2242.2199099670347,19.1938,-7.8405,4
2421,STARLINK-36139,satellite,0,3,43.0076,314.6086,108.3008,35.9732,144.274,6864.4716,483.4202,-1825.1170305919807,6020.15306117139,2731.474597707346,6109.087912137052,-1500.779776339319,2731.474597707346,23.6017,-13.8022,5
2422,STARLINK-36136,satellite,0,3,42.9808,314.7779,92.6281,354.9837,87.6118,6858.5749,487.1143,3758.1307049190964,3326.677075670881,4669.569466150729,944.5363800320372,-4929.318186914479,4669.569466150729,43.1128,-79.1527,85
2423,STARLINK-36152,satellite,0,3,43.0083,315.0526,24.0601,296.1549,320.215,6863.8501,488.9614,1463.8703619293194,-5998.698561276024,-2995.5957061556037,-5906.376856815057,1800.559160613611,-2995.5957061556037,-26.0204,163.0462,14
2424,STARLINK-36149,satellite,0,3,42.9812,315.1991,91.4276,179.2951,270.7227,6858.5545,495.2724,-3476.4210613983487,-3623.5186558250552,-4678.837202359581,-1343.5500869383143,4838.415444040981,-4678.837202359581,-43.155,105.5191,7
2425,STARLINK-35703,satellite,0,3,43.0141,314.5669,130.1867,35.3479,165.5346,6866.9338,481.6908,-3768.2581176910157,5610.946589789703,1168.840915733932,6748.230396166401,379.3117389071773,1168.840915733932,9.8716,3.2172,5
2426,STARLINK-35678,satellite,0,3,42.9897,314.8661,95.6288,323.6408,59.2696,6860.8552,485.2126,5526.785418809031,557.9934323556392,4018.428003987697,-2339.0358382563904,-5038.41493760333,4018.428003987697,36.0521,-114.9026,82
2427,STARLINK-34846,satellite,0,3,42.9926,314.6635,85.1146,37.8603,122.975,6861.1184,485.3139,369.1405225835662,5611.620427472509,3922.2572812492976,4638.491630988921,-3179.7710509855488,3922.2572812492976,35.0616,-34.4314,4
2428,STARLINK-35778,satellite,0,3,43.0166,314.5317,162.1675,31.636,193.8034,6867.0417,484.3123,-5526.605979816674,3910.8249431839517,-1116.9037862460643,6182.750539395075,2758.898541082127,-1116.9037862460643,-9.4253,24.0476,4
2429,STARLINK-35780,satellite,0,3,42.999,314.46,109.757,119.3026,229.0596,6862.5516,490.3184,-5855.8507755289065,554.0954601155873,-3535.459998320031,3463.4300009851777,4754.225774241166,-3535.459998320031,-31.1665,53.9268,4
2430,STARLINK-35777,satellite,0,3,42.9881,315.2887,74.7576,167.7046,242.4621,6860.362,492.9945,-5386.932711296441,-931.2152214332938,-4149.526648292699,1946.679952714963,5108.487348165047,-4149.526648292699,-37.372,69.1398,4
2431,STARLINK-35772,satellite,0,3,42.9996,314.9296,93.8048,319.1507,52.9555,6859.1732,482.0383,5748.57588518828,-97.63542192806173,3730.8403501192042,-3016.0942439810806,-4894.7760821928805,3730.8403501192042,33.1435,-121.6408,68
2432,STARLINK-35770,satellite,0,3,43.0104,315.0347,12.2807,315.1722,327.4529,6864.6127,487.2984,2185.109373203921,-5998.109774921606,-2518.429248431624,-6273.745032369404,1179.8928399197882,-2518.429248431624,-21.6519,169.3489,8
2433,STARLINK-35787,satellite,0,3,43.0174,314.5605,140.0389,32.5461,172.5849,6867.372,482.2891,-4312.101326650651,5301.3313100234245,604.0116953826658,6759.310379674751,1005.0147765869688,604.0116953826658,5.0826,8.4571,5
2434,STARLINK-36107,satellite,0,3,42.987,315.2574,61.6179,187.9047,249.5226,6859.6299,493.356,-5015.770690221027,-1650.3707114489873,-4383.558349435937,1138.791452206765,5156.048208703033,-4383.558349435937,-39.8741,77.5453,4
2435,STARLINK-36086,satellite,0,3,42.9967,315.0852,94.654,211.4431,306.0971,6861.6213,491.6211,-0.33717949265433106,-5727.260797155572,-3781.87858641808,-4926.070004186377,2921.5322463016405,-3781.87858641808,-33.6024,149.3289,16
2436,STARLINK-36142,satellite,0,3,43.0231,314.9771,36.1434,326.5836,2.727,6867.4292,482.768,5012.758585674289,-4679.140459393894,222.7160339566562,-6581.516289749762,-1925.0317931781624,222.7160339566562,1.8719,-163.6963,4
2437,STARLINK-36113,satellite,0,3,43.0121,314.5019,171.7292,36.136,207.8652,6865.6388,486.416,-5925.063052961118,2683.0233933271766,-2187.952908012493,5329.906904174861,3727.8786331551823,-2187.952908012493,-18.7007,34.97,4
2438,STARLINK-36145,satellite,0,3,43.021,314.9849,27.308,328.2989,355.6069,6867.4024,483.1316,4564.312629598927,-5110.252239916039,-358.5728747338309,-6723.59846830793,-1319.4132685593356,-358.5728747338309,-3.0144,-168.8976,4
2439,STARLINK-35591,satellite,0,3,42.9919,315.1014,104.8817,194.1499,299.0316,6860.635,492.7473,-738.9397176808535,-5460.214019482257,-4091.9887832648974,-4319.641539801818,3420.623629184512,-4091.9887832648974,-36.7705,141.6251,15
2440,STARLINK-36103,satellite,0,3,42.9876,315.1169,112.1308,179.8403,291.9711,6859.8256,494.163,-1466.1496698072692,-5111.257315461117,-4340.068428660589,-3648.5700238997447,3868.13688742151,-4340.068428660589,-39.3965,133.3268,16
2441,STARLINK-36135,satellite,0,3,43.0061,314.9168,74.8803,323.16,38.0402,6864.0575,482.8915,6001.423383459304,-1642.532642250418,2882.13402729224,-4473.8882286579965,-4324.271062949879,2882.13402729224,24.9906,-135.9742,5
2442,STARLINK-36147,satellite,0,3,42.9821,314.7956,99.8473,340.6784,80.5257,6858.8181,487.1565,4305.545822076656,2684.7088690141427,4610.189703904489,113.14017570498127,-5072.729623980209,4610.189703904489,42.436,-88.7223,107
2443,STARLINK-36138,satellite,0,19,42.9855,329.5995,106.8616,329.2045,76.0661,6859.0679,486.8842,3887.0401147556245,3362.8616246182482,4536.714516865679,909.9086977984091,-5058.654497168225,4536.714516865679,41.6109,-79.8031,93
2444,STARLINK-36150,satellite,0,19,42.9874,329.0138,105.0289,197.449,302.4779,6861.2607,492.3474,979.0115815459923,-5528.334498931666,-3947.8024404416647,-5254.491554727122,1977.6917126237258,-3947.8024404416647,-35.2817,159.3746,19
2445,STARLINK-36131,satellite,0,19,42.9879,329.2217,73.1112,165.7396,238.8508,6861.0838,492.3415,-5248.716119168927,-1874.769062980055,-4004.9204426278957,1064.5935812302362,5470.870172644771,-4004.9204426278957,-35.8692,78.9883,4
2446,STARLINK-36137,satellite,0,19,42.9788,329.15,84.3934,175.7163,260.1097,6859.1036,495.7661,-3549.1286135131304,-3642.708354825546,-4609.996251619088,-1322.97074288929,4910.74194873162,-4609.996251619088,-42.3681,105.0777,7
2447,STARLINK-36140,satellite,0,19,43.0171,329.7734,32.622,318.5471,351.1691,6867.4356,484.3733,5471.238645321406,-4079.1937905954032,-718.7070042285019,-6299.330578865537,-2625.3968373295643,-718.7070042285019,-6.0491,-157.3749,4
2448,STARLINK-36085,satellite,0,19,43.0104,329.7915,31.5102,305.5357,337.0459,6866.2535,486.7875,4476.8959092307105,-4871.343944539101,-1825.8517298065858,-6473.516353863741,-1366.0800944099642,-1825.8517298065858,-15.5199,-168.0839,5
2449,STARLINK-36125,satellite,0,19,43.0059,329.3959,107.4097,32.5127,139.9225,6863.8238,483.4568,-2872.5507074426555,5450.221470881516,3011.349169722731,6153.12057706138,-309.1420589810061,3011.349169722731,26.1901,-2.8762,8
2450,STARLINK-35732,satellite,0,19,43.0198,329.7284,50.0747,329.5616,19.6363,6866.3484,482.1442,6428.896436852848,-1801.1664511987253,1572.5965467073954,-4828.371974991495,-4611.04478961328,1572.5965467073954,13.3341,-136.3189,4
2451,STARLINK-35775,satellite,0,19,43.0121,329.2845,164.0577,46.5392,210.5968,6865.2936,487.5332,-6383.470641360502,821.4478879141038,-2382.9430594744467,3962.5077079095804,5071.686773296155,-2382.9430594744467,-20.4335,51.9995,4
2452,STARLINK-35705,satellite,0,19,43.0237,329.3254,151.0802,31.263,182.3432,6867.6021,483.1035,-6000.884675924955,3321.0150483121365,-191.4003726320553,5917.342106278999,3467.6822579533195,-191.4003726320553,-1.6085,30.3712,4
2453,STARLINK-35786,satellite,0,19,43.0075,329.7093,72.3336,321.247,33.5807,6864.7925,483.0798,6332.685907061264,-486.6412940516982,2587.4007812862233,-3648.624182492764,-5198.776021478292,2587.4007812862233,22.2901,-125.0621,25
2454,STARLINK-35765,satellite,0,19,42.9843,329.5195,93.8378,3.5346,97.3724,6858.8449,484.937,1764.1567662191583,4730.948008799309,4633.921616491693,3169.4497804540983,-3930.4842255043404,4633.921616491693,42.7226,-51.1181,16
2455,STARLINK-35773,satellite,0,19,42.9896,329.472,83.1883,28.4979,111.6862,6859.5902,486.4742,184.85038986034243,5300.973640885291,4343.993856108916,4465.29101020638,-2862.807608303826,4343.993856108916,39.4919,-32.6649,5
2456,STARLINK-35901,satellite,0,19,42.9888,329.6142,104.9308,324.1093,69.0401,6859.9361,486.4003,4484.383620476211,2799.3593212874075,4365.373223277509,120.53766379955623,-5285.033560620005,4365.373223277509,39.7246,-88.6935,110
2457,STARLINK-35884,satellite,0,19,42.9818,329.0752,95.7125,185.7127,281.4252,6858.7724,494.3136,-1362.8562385727892,-4920.2454649391675,-4586.162444079872,-3536.958995947272,3681.862792562874,-4586.162444079872,-42.1102,133.8501,15
2458,STARLINK-35891,satellite,0,19,43.0211,329.7592,30.5417,327.6809,358.2226,6867.6401,482.9323,5846.174106188762,-3588.2178636252374,-145.1939697464026,-6068.262189917961,-3198.320357800842,-145.1939697464026,-1.2202,-152.2082,4
2459,STARLINK-35721,satellite,0,19,43.0043,329.6878,76.8811,323.8261,40.7072,6863.884,483.6961,6138.500282645318,199.89291067505914,3050.466235332907,-2959.062975251876,-5381.922445025412,3050.466235332907,26.5553,-118.8027,44
2460,STARLINK-35779,satellite,0,19,43.0157,329.3703,121.4904,32.5485,154.0389,6866.0513,482.5496,-4187.7871812600815,5030.869255629952,2048.3013429504053,6463.267765479487,1036.0389637859798,2048.3013429504053,17.4781,9.1068,5
2461,STARLINK-35905,satellite,0,19,42.9839,329.5477,87.8688,2.4085,90.2773,6858.6803,487.2696,2513.111904280021,4340.012112787535,4673.932997267732,2451.1789797585247,-4375.289498052264,4673.932997267732,43.1616,-60.741,35
2462,STARLINK-35877,satellite,0,19,43.0178,329.7412,45.7699,326.6811,12.451,6867.0029,482.3941,6331.002118750886,-2441.4620168426845,1009.0522189052429,-5329.1834422345555,-4200.253378824522,1009.0522189052429,8.5106,-141.7562,4
2463,STARLINK-36078,satellite,0,19,43.0068,329.2661,161.7317,55.9403,217.6721,6864.3369,488.6513,-6236.784775466642,139.77014520648723,-2860.865399265221,3301.3514246163286,5293.212521726978,-2860.865399265221,-24.7716,58.0484,4
2464,STARLINK-35706,satellite,0,19,42.991,329.4475,85.1393,33.4803,118.6197,6860.4993,485.4247,-590.2955569893527,5460.223976053561,4103.725238266596,4997.638822848748,-2277.3012338350227,4103.725238266596,36.9392,-24.4976,6
2465,STARLINK-35720,satellite,0,19,43.0206,329.3545,129.1319,31.9475,161.0794,6866.6299,482.6227,-4753.871308387892,4706.730353110784,1517.5631406442521,6473.199596119033,1688.280196653493,1517.5631406442521,12.8586,14.6177,5
2466,STARLINK-35739,satellite,0,19,42.9899,329.6307,97.4479,324.5812,62.0291,6860.4292,485.567,5013.595406583419,2195.667526382523,4128.755988468677,-668.6507182377577,-5432.310834656393,4128.755988468677,37.2009,-97.0171,117
2467,STARLINK-35754,satellite,0,19,43.0115,329.3792,110.3784,36.5997,146.9781,6864.8744,484.2884,-3557.1481000160434,5281.726711932219,2549.9475092948155,6357.376834252971,365.6493570208172,2549.9475092948155,21.9468,3.2918,5
2468,STARLINK-35790,satellite,0,19,43.0008,329.672,88.5836,319.1529,47.7365,6862.7555,484.1065,5854.327676472815,874.7148141004637,3460.7969242865597,-2233.677287923168,-5481.693563392485,3460.7969242865597,30.4693,-112.1699,76
2469,STARLINK-36143,satellite,0,19,43.0243,329.3339,143.5456,31.7911,175.3367,6867.541,481.5911,-5672.887007976326,3837.7755794388113,380.51869261520403,6194.529900568291,2921.9801016380816,380.51869261520403,3.1998,25.2534,4
2470,STARLINK-36141,satellite,0,19,43.0225,329.3051,176.9679,19.4871,196.455,6866.9545,483.8995,-6383.624651851416,2137.1688094009105,-1326.039551118048,5094.289510138396,4400.723645321884,-1326.039551118048,-11.2114,40.8222,4
2471,STARLINK-35767,satellite,0,19,43.0206,329.7476,37.7623,327.6072,5.3695,6867.3806,482.3204,6136.547245950746,-3035.724148505072,437.9962755768579,-5741.148142602612,-3729.886219751632,437.9962755768579,3.6834,-146.9892,4
2472,STARLINK-36255,satellite,0,70,43.0108,100.4825,8.3903,319.9311,328.3214,6865.2167,487.1839,1528.7570490792884,6222.076125224004,-2458.3489254417436,4572.095444963134,-4488.571339005267,-2458.3489254417436,-21.1111,-44.4718,13
2473,STARLINK-36256,satellite,0,70,43.0226,100.4244,34.3855,329.2011,3.5866,6867.5885,482.3935,-1547.4698017043986,6677.2701657293255,292.8166382567317,6532.68361473278,-2074.7637077816457,292.8166382567317,2.4615,-17.6197,2
2474,STARLINK-36258,satellite,0,70,42.9862,100.5872,103.1487,182.8274,285.9761,6859.0672,493.6981,4397.036879882904,2743.4216000079064,-4498.366309231468,116.97544356219888,-5181.371646971847,-4498.366309231468,-41.1335,-88.7067,7
2475,STARLINK-36261,satellite,0,70,43.0202,100.4461,24.7685,324.6967,349.4652,6867.2724,483.8904,-321.12057322449516,6800.523582760401,-855.9171011383993,6013.187978630507,-3192.4613945797287,-855.9171011383993,-7.21,-27.9643,7
2476,STARLINK-36259,satellite,0,70,43.0075,100.0506,109.1257,36.0713,145.197,6864.5462,483.0741,-1835.6697133673836,-6044.310239305025,2669.8707376494986,-4262.648386778329,4661.887846810342,2669.8707376494986,23.0401,132.4386,5
2477,STARLINK-36196,satellite,0,70,43.0191,100.4503,19.6088,322.8078,342.4166,6866.7439,484.9438,303.97476238233367,6707.958613269349,-1414.300691129734,5614.733567534931,-3682.916830325701,-1414.300691129734,-11.9663,-33.2624,10
2478,STARLINK-36208,satellite,0,70,43.0131,100.016,123.6592,35.7854,159.4446,6866.4636,482.247,-617.1247713567739,-6630.840955935112,1642.8845072351864,-5388.676589125793,3912.934881152028,1642.8845072351864,13.9415,144.0151,4
2479,STARLINK-35764,satellite,0,70,42.9858,100.2859,104.3353,322.9678,67.3031,6860.1911,486.4828,-5025.0345936958765,1776.7682795666863,4312.622636038081,4091.333460205143,3415.9725854462667,4312.622636038081,39.1525,39.8595,5
2480,STARLINK-35781,satellite,0,70,42.9825,100.6849,80.1743,177.4723,257.6465,6858.8882,494.5285,5091.775182321614,-533.5122584054809,-4570.788459639782,-3056.0017728916678,-4107.5129946548195,-4570.788459639782,-41.9357,-126.6494,3
2481,STARLINK-35875,satellite,0,70,42.9814,100.2308,96.089,345.5441,81.6331,6858.6829,486.9978,-5060.130335753776,100.3810899310156,4623.987478007896,2667.307894911476,4301.216568806351,4623.987478007896,42.5938,58.1958,4
2482,STARLINK-35906,satellite,0,70,42.9814,100.6549,87.8173,176.9437,264.761,6858.4593,494.4669,5029.285146827422,308.5610274610025,-4659.189719688877,-2299.8278427037585,-4483.270111167884,-4659.189719688877,-42.9368,-117.1569,4
2483,STARLINK-35789,satellite,0,70,42.9889,100.566,105.4682,186.5365,292.0047,6857.2197,490.7437,4102.436425953297,3380.004913842378,-4336.985763721949,814.7894379078492,-5252.669418349197,-4336.985763721949,-39.3866,-81.1826,12
2484,STARLINK-36180,satellite,0,70,42.9973,100.5214,85.2063,221.872,307.0783,6861.8277,491.7658,3181.9863854323,4799.8094740171355,-3734.3190915310743,2505.503149596694,-5185.1386009731905,-3734.3190915310743,-33.1251,-64.2098,15
2485,STARLINK-35892,satellite,0,70,42.9821,100.1414,83.4789,26.4908,109.9697,6859.4461,485.7498,-4227.54903060377,-3134.5157985858305,4392.584545931278,-539.8197681186782,5235.069695399608,4392.584545931278,40.0258,95.8873,4
2486,STARLINK-35738,satellite,0,70,43.016,100.0108,131.3895,35.1269,166.5165,6867.0934,482.2756,7.9260973417152805,-6772.523978134767,1091.1738129432445,-5829.356686018445,3447.5708092222694,1091.1738129432445,9.209,149.3993,5
2487,STARLINK-35674,satellite,0,70,43.0163,100.3864,58.297,326.4734,24.7705,6865.9718,482.8349,-3189.6985862123283,5747.238241654276,1960.596745961257,6570.360571239294,-187.84685550289817,1960.596745961257,16.7069,-1.6376,3
2488,STARLINK-35701,satellite,0,70,42.981,100.1565,79.8888,22.9625,102.8513,6858.9231,486.4915,-4543.979614588721,-2363.03700581794,4556.476562827892,285.1577858222976,5113.7441924530995,4556.476562827892,41.8353,86.8083,4
2489,STARLINK-36179,satellite,0,70,43.0015,100.3434,82.5017,323.5781,46.0797,6862.9192,483.8164,-4407.318370210903,4030.423833361327,3368.4693490695095,5714.719267941805,1735.1527833421999,3368.4693490695095,29.5768,16.8898,6
2490,STARLINK-36217,satellite,0,70,42.9887,100.724,76.8614,166.6028,243.4642,6860.2836,492.8544,4983.456563198055,-2176.79662148726,-4186.601726019186,-4414.206292543296,-3176.1715406242297,-4186.601726019186,-37.764,-144.2637,4
2491,STARLINK-36124,satellite,0,70,43.006,100.4877,30.7073,290.4966,321.2039,6863.9912,488.989,2118.430325749963,5832.08539211128,-2933.0236100898037,3935.880799376768,-4796.854114837366,-2933.0236100898037,-25.4382,-50.6307,12
2492,STARLINK-36188,satellite,0,70,42.9821,100.6107,99.5024,179.3079,278.8103,6858.9073,495.1565,4683.493713716474,1946.9318603186732,-4624.15791964923,-714.2266204029452,-5021.507479816539,-4624.15791964923,-42.5331,-98.0951,4
2493,STARLINK-36151,satellite,0,70,42.9783,100.2118,90.6779,358.0022,88.6801,6858.4782,486.9338,-4962.522983110019,-733.5065626895437,4672.035243140381,1900.2628377198027,4642.592743606192,4672.035243140381,43.1425,67.7402,3
2494,STARLINK-36195,satellite,0,70,43.0097,99.946,167.1903,41.6127,208.803,6865.4641,486.8579,3420.1320927908832,-5505.653170544205,-2255.3931164800724,-6480.098498450373,-133.58075027046192,-2255.3931164800724,-19.2979,-178.8191,4
2495,STARLINK-36219,satellite,0,70,43.0161,100.3924,52.6015,325.2473,17.8488,6866.5696,481.9939,-2689.7330209874863,6144.654118876726,1434.2505952494614,6657.181527643958,-820.5925132581013,1434.2505952494614,12.1429,-7.0271,4
2496,STARLINK-36223,satellite,0,70,42.9884,100.2978,92.9716,327.2726,60.2441,6860.8079,484.6513,-4891.477974355271,2569.2750785632925,4057.959456479035,4704.877902440243,2896.869884212726,4057.959456479035,36.4661,31.6213,8
2497,STARLINK-36164,satellite,0,70,43.0004,100.0526,99.9902,38.2325,138.2227,6863.5666,483.5902,-2397.322621734406,-5618.4673939833865,3115.7951580781364,-3609.8879786105554,4927.782502486994,3115.7951580781364,27.1699,126.225,4
2498,STARLINK-35685,satellite,0,70,42.9916,100.0975,86.7571,37.3695,124.1265,6861.2563,484.9784,-3412.7746804229505,-4514.798309401824,3870.1611502396045,-2142.6381515666426,5238.276104346221,3870.1611502396045,34.5323,112.2463,3
2499,STARLINK-36214,satellite,0,70,42.9969,100.7607,105.3266,124.0551,229.3817,6862.2562,490.5966,4577.326147100158,-3677.9741118369125,-3552.624960061053,-5498.277453346272,-2061.1533834951097,-3552.624960061053,-31.3332,-159.4504,1
2500,STARLINK-36194,satellite,0,70,43.0078,100.3548,75.1063,323.9138,39.0201,6864.0168,483.7326,-4063.6227437979287,4673.792909832967,2945.0932150886188,6092.801156839394,1111.370339325852,2945.0932150886188,25.5713,10.3375,6
2501,STARLINK-36490,satellite,0,9,42.9966,256.4013,95.2992,136.1216,231.4208,6862.0486,491.1273,-2807.8301661163073,5082.502303674169,-3658.868211639141,5803.819567478891,-177.2521840629685,-3658.868211639141,-32.3776,-1.7493,4
2502,STARLINK-36488,satellite,0,9,43.0186,256.9427,20.5548,330.2455,350.8003,6867.2723,483.4355,-2311.4901653560228,-6416.743913002727,-748.3850854496443,-4340.296606433767,5261.122940758436,-748.3850854496443,-6.3008,129.5218,4
2503,STARLINK-36481,satellite,0,9,42.9859,256.7775,102.0886,326.5337,68.6223,6859.8148,487.0315,3975.111969124881,-3501.3628777554904,4353.260116889928,-5039.202294246865,-1633.2475031241388,4353.260116889928,39.5886,-162.0421,4
2504,STARLINK-36449,satellite,0,9,42.9878,256.6398,78.3016,32.8857,111.1872,6859.8216,486.4934,5122.141604775868,1330.281895412016,4358.698542663479,-1468.3678830125853,-5084.277756060739,4358.698542663479,39.6514,-106.109,109
2505,STARLINK-36482,satellite,0,9,42.9995,256.5761,98.5252,33.8828,132.408,6862.6639,483.8783,4674.950536011757,3638.2029572826805,3452.669749234695,744.8596119996274,-5876.807588389194,3452.669749234695,30.3914,-82.7765,86
2506,STARLINK-36491,satellite,0,9,43.0201,256.9095,42.5519,329.4865,12.0384,6866.911,481.9644,-500.65748325742294,-6771.3805069341615,976.1005353469853,-5568.965392652899,3884.4402866647256,976.1005353469853,8.2312,145.1036,5
2507,STARLINK-36495,satellite,0,9,43.0237,256.4835,155.6669,33.3316,188.9985,6867.3107,483.7413,821.1295122416773,6772.854419095626,-732.2607174658859,5406.773446464493,-4160.842649841962,-732.2607174658859,-6.1642,-37.5805,9
2508,STARLINK-36485,satellite,0,9,42.9809,256.287,87.0392,179.7647,266.8039,6858.5448,495.9697,-4780.246278085067,1560.3837694949696,-4672.401144952826,3780.3561037702043,3315.789455911945,-4672.401144952826,-43.076,41.2543,4
2509,STARLINK-36445,satellite,0,9,43.0084,256.9755,7.0817,322.5136,329.5953,6865.1399,486.7643,-3808.2118991768816,-5193.953065878133,-2368.9909629665194,-2525.109432860052,5924.816340753394,-2368.9909629665194,-20.3111,113.0833,8
2510,STARLINK-36476,satellite,0,9,42.9822,256.7101,86.6481,3.2483,89.8964,6858.5452,487.2833,4878.049832261502,-1164.9558232372246,4673.840798125251,-3490.1185996938952,-3601.6058079961376,4673.840798125251,43.1604,-134.0993,46
2511,STARLINK-36463,satellite,0,9,43.0184,256.4603,170.6057,32.5583,203.164,6866.0909,485.5339,-441.67550177712496,6595.628210690514,-1841.5645155309226,5898.439574441274,-2984.2585895313537,-1841.5645155309226,-15.6598,-26.8367,9
2512,STARLINK-36461,satellite,0,9,43.0001,256.4137,146.0341,78.3353,224.3694,6863.1356,489.5529,-2259.1390676850388,5593.058011014263,-3272.9405599605207,5963.103628156613,-909.6166014190222,-3272.9405599605207,-28.6338,-8.6731,4
2513,STARLINK-36450,satellite,0,9,43.0058,256.9905,13.9206,308.6206,322.5412,6864.2516,488.3562,-4200.284036317958,-4620.694913972356,-2846.8942447525237,-1832.0475662193332,5969.657376170537,-2846.8942447525237,-24.6438,107.0609,6
2514,STARLINK-36498,satellite,0,9,42.9917,256.7997,98.0267,323.5518,61.5785,6860.5675,486.0058,3548.9325395025694,-4184.322716788384,4111.829885668707,-5409.26612815045,-918.3238660819618,4111.829885668707,37.0205,-170.3648,4
2515,STARLINK-36470,satellite,0,9,43.0034,256.8553,77.5242,322.7024,40.2266,6863.8487,484.0505,1963.3786561164677,-5835.463524593526,3020.760286319063,-6020.750804966296,1287.652918551001,3020.760286319063,26.2756,167.9281,4
2516,STARLINK-36500,satellite,0,9,42.9872,257.0441,104.0768,197.2362,301.3131,6861.0243,492.5776,-4979.879742344748,-2514.538461556109,-3998.081110461809,377.1803155424285,5565.953730712093,-3998.081110461809,-35.7972,86.1232,3
2517,STARLINK-36462,satellite,0,9,43.0187,256.917,36.1767,328.7694,4.9461,6867.441,482.3341,-1125.9131217021597,-6755.332488861302,403.5419379650257,-5236.244453213099,4414.061782404183,403.5419379650257,3.3933,139.8697,5
2518,STARLINK-36434,satellite,0,9,43.0141,256.9466,15.2011,328.5315,343.7326,6866.8314,484.5009,-2856.897603003218,-6099.491530634488,-1311.2489449509917,-3789.2252732890943,5568.431796708529,-1311.2489449509917,-11.0838,124.2346,4
2519,STARLINK-36497,satellite,0,9,42.9837,256.66,83.0538,21.0444,104.0982,6859.0447,487.8041,5118.912399016021,502.63038094936473,4533.938980276515,-2178.6163756033516,-4659.34889620923,4533.938980276515,41.573,-115.0598,85
2520,STARLINK-36471,satellite,0,9,43.0234,256.4912,154.5288,27.4177,181.9465,6867.5056,482.694,1436.0776535072466,6706.954885867268,-158.9999499726279,5036.430694670152,-4656.171036994456,-158.9999499726279,-1.3363,-42.7533,7
2521,STARLINK-36473,satellite,0,9,43.0168,256.5167,127.6383,33.1078,160.746,6866.4977,481.871,3117.907056597573,5911.225005295322,1543.007587974666,3494.1595589035783,-5696.909201815698,1543.007587974666,13.0794,-58.4774,9
2522,STARLINK-36430,satellite,0,9,42.9768,256.2366,98.782,182.1295,280.9115,6858.9157,494.7626,-5098.122030485626,-88.81207336190018,-4594.133745883042,2523.95343792929,4430.394436758723,-4594.133745883042,-42.1967,60.3302,4
2523,STARLINK-36501,satellite,0,9,42.9881,256.3563,75.159,170.4198,245.5788,6860.0776,493.196,-3772.8315141921903,3835.6642979044136,-4260.881963842654,5223.573064668926,1288.7446134768406,-4260.881963842654,-38.5516,13.8591,4
2524,STARLINK-36489,satellite,0,9,43.0078,256.8666,68.7659,324.4745,33.2404,6864.7958,482.9757,1373.7933822100013,-6210.575339218661,2564.2033646601567,-6042.675801509334,1986.107615152944,2564.2033646601567,22.0803,161.8053,4
2525,STARLINK-36496,satellite,0,9,42.9926,256.6123,81.7179,36.5579,118.2758,6860.5586,485.9909,5048.655899874737,2137.100767379372,4117.523502578035,-736.9092164002323,-5432.5952262300825,4117.523502578035,37.0803,-97.7248,117
2526,STARLINK-36483,satellite,0,9,43.0188,256.9247,31.8593,326.0087,357.868,6867.4316,482.8114,-1732.8569746268356,-6636.211780962496,-174.13665025196894,-4824.206739627243,4875.359415431171,-174.13665025196894,-1.4635,134.6978,4
2527,STARLINK-36494,satellite,0,9,42.9833,256.6807,82.9504,13.9306,96.881,6858.679,487.2117,5034.3402129157275,-347.8126026988244,4640.3334298744185,-2866.9789683027525,-4152.828744516945,4640.3334298744185,42.7781,-124.6199,67
2528,STARLINK-36492,satellite,0,9,42.9994,257.0021,48.7487,266.711,315.4596,6863.099,489.9382,-4530.7285202442845,-3974.5682280803285,-3283.0375280758867,-1107.7423643962597,5924.322778001073,-3283.0375280758867,-28.7285,100.591,5
2529,STARLINK-36427,satellite,0,9,42.9784,256.7144,100.5074,342.2696,82.777,6858.6769,487.0847,4644.451791507472,-1982.3107002122774,4636.4040603922285,-4074.0087996143357,-2983.7795589617567,4636.4040603922285,42.7343,-143.7812,16
2530,STARLINK-35343,satellite,0,12,42.9838,158.5114,84.7693,184.76,269.5293,6858.5969,495.9453,1891.8336539709949,4651.575161429539,-4679.736568791588,3036.0553016709946,-3999.819278657591,-4679.736568791588,-43.1601,-52.7998,12
2531,STARLINK-36486,satellite,0,12,43.0086,158.2419,64.6857,325.2137,29.8994,6865.1824,482.4819,-6448.449440682501,-117.90779826376215,2331.873907490493,3187.6740194122394,5606.704627844602,2331.873907490493,19.9925,60.3797,5
2532,STARLINK-36480,satellite,0,12,42.9999,158.645,110.0349,117.1513,227.1862,6862.7946,490.8165,5685.243397994955,1730.879646872903,-3433.778217180195,-1411.0132873435211,-5772.952307904866,-3433.778217180195,-30.1742,-103.7348,4
2533,STARLINK-36410,satellite,0,12,43.0005,158.8235,89.7678,38.4221,128.1898,6861.8829,484.9566,2529.324686201205,-5206.76562537145,3675.5388400656343,-5768.649041406896,480.18734141153806,3675.5388400656343,32.576,175.2416,4
2534,STARLINK-36413,satellite,0,12,43.0227,158.7403,133.2296,37.4487,170.6782,6867.2553,482.0401,6014.091014630506,-3211.6002465054935,758.1316761521183,-5829.966152227578,-3534.849578057643,758.1316761521183,6.3845,-148.7706,7
2535,STARLINK-36451,satellite,0,12,42.9899,158.5799,74.6958,173.7163,248.4121,6859.8272,493.6171,4055.510407911065,3423.4382953126724,-4351.495373251017,876.0832439990747,-5234.46010397179,-4351.495373251017,-39.524,-80.4986,12
2536,STARLINK-36339,satellite,0,12,42.9852,158.439,97.0826,193.6779,290.7604,6859.7746,494.6013,-537.3306396193459,5260.792483681026,-4376.088244433939,4799.084717433395,-2221.1365666085803,-4376.088244433939,-39.7841,-24.8359,4
2537,STARLINK-36453,satellite,0,12,42.9964,158.3751,67.2462,244.7781,312.0244,6862.7169,491.093,-2897.160358619115,5160.10876356781,-3477.13053681562,5916.135621204488,-139.99966756648527,-3477.13053681562,-30.5936,-1.3556,4
2538,STARLINK-36432,satellite,0,12,42.9852,158.1343,102.4517,329.8391,72.2909,6859.2276,486.4246,-3714.5720746731677,-3657.033539713833,4452.658597974851,-1250.9064329241928,5060.353061259903,4452.658597974851,40.6806,103.885,4
2539,STARLINK-36458,satellite,0,12,43.0172,158.3077,26.7409,320.611,347.3519,6867.2092,484.0626,-5815.028835379977,3495.426776397045,-1025.0056312611246,5972.5629980339045,3218.8600373378013,-1025.0056312611246,-8.644,28.3221,4
2540,STARLINK-36422,satellite,0,12,42.9969,158.1937,89.198,321.9202,51.1183,6861.9971,484.6118,-5446.234962178329,-2025.6680087933487,3639.994773691204,1035.5457791608094,5717.7312882265305,3639.994773691204,32.2251,79.7344,4
2541,STARLINK-35676,satellite,0,12,43.0194,158.2766,37.1767,331.4447,8.6214,6867.3303,481.9357,-6578.935489462948,1811.884160392331,701.5687308551952,4914.119501128919,4734.632606002303,701.5687308551952,5.9065,43.9343,4
2542,STARLINK-36472,satellite,0,12,43.0252,158.7199,152.6437,32.1495,184.7932,6867.4983,483.0455,6523.056806686475,-2090.8311803015704,-391.18089632683973,-5125.551352505603,-4544.289654127254,-391.18089632683973,-3.2889,-138.44,4
2543,STARLINK-36420,satellite,0,12,42.9919,158.6007,74.8499,166.4583,241.3082,6860.7097,493.0583,4674.821471046675,2898.0152340960985,-4105.542261613341,108.26090655125671,-5499.156995333445,-4105.542261613341,-36.9102,-88.8722,9
2544,STARLINK-36467,satellite,0,12,43.0054,158.6576,129.2815,90.8452,220.1267,6863.8121,489.8557,6065.653982535849,1103.046646260455,-3017.2010941631743,-2145.0690426009614,-5779.926378610236,-3017.2010941631743,-26.2184,-110.3611,4
2545,STARLINK-36457,satellite,0,12,42.9969,158.3928,85.7655,219.1874,304.953,6861.6408,492.5642,-2140.8644166566123,5273.659945197241,-3836.625387160779,5628.049728103705,-848.437343635956,-3836.625387160779,-34.1489,-8.5729,4
2546,STARLINK-36475,satellite,0,12,43.0158,158.2529,55.9465,326.8688,22.8153,6866.0942,482.1935,-6592.724993143359,536.2329197067154,1814.3729982888015,3823.915223429184,5397.151187749036,1814.3729982888015,15.4306,54.6822,5
2547,STARLINK-36478,satellite,0,12,42.9849,158.1545,99.9999,325.3131,65.3129,6859.969,485.7953,-4353.356593359089,-3164.104710229898,4247.044059899067,-501.10104488539,5358.3738194583675,4247.044059899067,38.453,95.3426,4
2548,STARLINK-36479,satellite,0,12,42.9823,158.0348,88.7855,11.9649,100.7504,6858.7646,487.7557,-657.1296531978644,-5048.443293664535,4592.374347754406,-4007.1893420430147,3140.228120292415,4592.374347754406,42.2299,141.916,7
2549,STARLINK-36474,satellite,0,12,42.9931,158.8403,85.4779,35.7345,121.2125,6860.853,485.3025,1765.2270946632061,-5282.270837993327,3998.537179115419,-5443.859012503462,1175.9298251310188,3998.537179115419,35.8459,167.8108,4
2550,STARLINK-36448,satellite,0,12,42.9822,158.5312,85.6986,176.8544,262.553,6858.7874,495.23,2650.0724201442745,4307.7696634346075,-4639.916985871502,2353.588007456586,-4476.649058880244,-4639.916985871502,-42.7114,-62.267,13
2551,STARLINK-36477,satellite,0,12,43.0053,158.7852,106.2102,36.1572,142.3674,6864.2481,483.4921,3954.8914568685855,-4820.005481298297,2856.0910210518837,-6163.1049366210855,-943.26921690181,2856.0910210518837,24.7474,-171.2984,9
2552,STARLINK-36429,satellite,0,12,43.0197,158.7469,127.3869,36.2547,163.6416,6866.7187,482.1179,5622.141125315919,-3702.2244944679524,1318.0590266767676,-6052.053681995027,-2947.4706564540174,1318.0590266767676,11.146,-154.033,9
2553,STARLINK-36456,satellite,0,12,42.9796,158.4562,98.7587,185.1065,283.8652,6858.9533,494.5912,260.30820616133235,5138.276554496972,-4542.6573423335885,4286.860899671282,-2844.7266897819436,-4542.6573423335885,-41.6201,-33.5679,4
2554,STARLINK-36466,satellite,0,12,43.0012,158.2068,81.2366,322.7935,44.0301,6863.1563,483.8766,-5871.831158491691,-1406.0965856107205,3250.471631863103,1785.54276543632,5767.785172377524,3250.471631863103,28.4453,72.799,5
2555,STARLINK-36499,satellite,0,12,42.988,158.8587,84.3383,29.7576,114.0958,6859.8937,485.1866,959.3376123516151,-5278.77614893593,4266.782444007678,-5029.801725373937,1867.3245268224555,4266.782444007678,38.6683,159.6324,6
2556,STARLINK-36469,satellite,0,12,43.0035,158.8023,98.8587,36.4867,135.3453,6862.9256,483.9315,3273.407591533324,-5049.794761899125,3287.051513273004,-6013.158588530223,-239.8920315413886,3287.051513273004,28.7945,-177.7154,4
2557,STARLINK-35306,satellite,0,12,43.0016,158.3531,336.6265,342.5197,319.1462,6863.6533,488.1687,-3613.3231649110817,4965.835004271454,-3061.3539519796677,6114.318578141837,575.0912177387975,-3061.3539519796677,-26.6386,5.3732,4
2558,STARLINK-36428,satellite,0,12,43.0117,158.3268,10.6442,322.6008,333.245,6865.7991,486.2045,-4860.2009254435625,4362.225102082886,-2107.327168344624,6231.111499574291,1955.4565596805094,-2107.327168344624,-17.9885,17.423,4
2559,STARLINK-36484,satellite,0,21,43.0062,169.0683,104.8769,38.503,143.38,6864.4464,483.4538,4837.126519795817,-3981.1078143970603,2790.280275126337,-5891.5282361172285,-2130.001746806503,2790.280275126337,24.1411,-160.1232,9
2560,STARLINK-36452,satellite,0,21,43.0189,169.0112,139.9713,31.7695,171.7409,6867.1986,482.4044,6527.357195843023,-2001.4409054677365,672.338867466001,-5050.856718934162,-4593.582922403909,672.338867466001,5.6592,-137.7145,2
2561,STARLINK-36409,satellite,0,21,43.0081,169.4947,18.4432,308.0282,326.4714,6864.5826,487.7717,-5119.647768694109,3768.612051017747,-2585.659476476481,5852.854853246697,2481.3947959559655,-2585.659476476481,-22.2582,22.9752,2
2562,STARLINK-36510,satellite,0,21,43.0197,169.4306,36.6383,325.1239,1.7622,6867.544,482.8487,-6769.674150725822,1106.2488119588584,143.94803243405335,4404.462834144382,5258.610242602755,143.94803243405335,1.2097,50.0514,4
2563,STARLINK-36509,satellite,0,21,42.982,169.2319,96.4793,350.1922,86.6715,6858.78,487.3426,-1326.4744056208897,-4844.31039458597,4666.012787156571,-3490.2011487661557,3611.837965497951,4666.012787156571,43.0703,134.0188,5
2564,STARLINK-36507,satellite,0,21,42.9828,169.6029,101.5113,182.5974,284.1087,6858.8287,494.2711,-766.7227992504476,5091.224414837792,-4537.930730537149,4770.236148592464,-1937.3376008823557,-4537.930730537149,-41.5697,-22.1036,2
2565,STARLINK-36508,satellite,0,21,42.9964,169.7847,94.7998,132.6105,227.4102,6862.8602,491.6951,5227.345190961462,2813.814899864451,-3446.391595353544,-245.9829308561181,-5931.457193126706,-3446.391595353544,-30.2921,-92.3747,2
2566,STARLINK-36503,satellite,0,21,42.9879,169.2975,93.0788,332.3199,65.3987,6860.2276,484.9064,-3650.690394983719,-3949.8519720559248,4249.638841024019,-1535.354509133719,5154.7606629661495,4249.638841024019,38.4866,106.5863,4
2567,STARLINK-36446,satellite,0,21,43.0115,169.3932,63.3929,326.6308,30.0237,6865.3463,481.7081,-6297.576207948545,-1373.181469703662,2340.5276845580797,2031.0095411401949,6117.196554587287,2340.5276845580797,20.0722,71.633,4
2568,STARLINK-36442,satellite,0,21,42.993,169.0931,90.2735,38.942,129.2156,6862.2121,485.0628,3521.810940925237,-4636.085107980336,3622.8312805163196,-5784.011084961615,-664.5699369508877,3622.8312805163196,32.0529,-173.4456,3
2569,STARLINK-36506,satellite,0,21,42.9818,169.1756,77.2229,23.6829,100.9058,6858.9143,487.0682,349.09400161911833,-5080.732033641359,4589.499797154507,-4548.195816953008,2291.2047988530094,4589.499797154507,42.2027,153.2628,5
2570,STARLINK-36468,satellite,0,21,42.991,169.7415,71.1969,170.3255,241.5224,6860.5023,492.4646,4005.849855123231,3759.2418085885934,-4113.467929947251,1190.2508598090462,-5363.024792778332,-4113.467929947251,-36.9969,-77.4868,11
2571,STARLINK-36487,satellite,0,21,42.979,169.6529,88.8266,181.0989,269.9255,6858.4054,495.2955,910.6697488339294,4938.076493484017,-4679.027268652193,3782.9380562257825,-3302.0143109470855,-4679.027268652193,-43.157,-41.1167,5
2572,STARLINK-36374,satellite,0,21,43.0162,169.4595,15.9067,324.7034,340.6101,6866.4205,485.246,-6059.110112777017,2821.7812396062554,-1554.2325327501726,5517.629918287824,3772.4030547869133,-1554.2325327501726,-13.1696,34.3604,3
2573,STARLINK-36455,satellite,0,21,43.0154,169.3981,55.8697,327.1175,22.9872,6866.4047,482.7967,-6567.281155172472,-763.3894257733366,1827.444163842427,2693.081128896916,6038.150314429522,1827.444163842427,15.5431,65.9626,3
2574,STARLINK-36424,satellite,0,21,42.9835,169.1563,77.5761,30.4007,107.9768,6859.499,485.8524,1180.515726725758,-5082.792830429667,4445.474452866797,-4974.042713084763,1577.1174422098222,4445.474452866797,40.6055,162.4078,5
2575,STARLINK-35564,satellite,0,21,43.0209,169.4335,25.8864,328.7949,354.6812,6867.5269,483.249,-6630.640295188982,1709.8975652059905,-433.9335866751394,4852.769337777034,4831.125144519882,-433.9335866751394,-3.6487,44.8719,2
2576,STARLINK-36431,satellite,0,21,42.9838,169.7231,75.6278,173.0778,248.7056,6859.611,493.9759,3287.1546772262295,4158.407347230938,-4359.970826798132,1900.1659274591664,-4948.4449057898755,-4359.970826798132,-39.6134,-68.9936,13
2577,STARLINK-36418,satellite,0,21,43.0071,169.0429,112.727,37.7347,150.4617,6865.4415,483.1076,5388.564147117172,-3561.8942009598977,2306.437087384838,-5812.211990846048,-2818.138683580667,2306.437087384838,19.7635,-154.1329,7
2578,STARLINK-36465,satellite,0,21,42.9856,169.5819,106.4703,184.7001,291.1704,6859.498,493.2646,-1591.0272055541768,5052.444716536593,-4363.318327853505,5157.324276492018,-1208.5410582922486,-4363.318327853505,-39.6546,-13.1884,3
2579,STARLINK-36362,satellite,0,21,43.02,169.4244,47.486,321.2612,8.7472,6867.5149,481.6774,-6804.611108434792,494.59513294321533,711.7049013866977,3896.1753959945618,5600.640496069348,711.7049013866977,5.9924,55.175,3
2580,STARLINK-36447,satellite,0,21,42.9976,169.341,88.4439,322.8217,51.2655,6862.1695,484.5401,-4939.773438233193,-3050.7780812273977,3647.5239375158744,-104.51703605157242,5804.970689947254,3647.5239375158744,32.3001,91.0315,2
2581,STARLINK-36146,satellite,0,21,43.0024,169.7937,107.2501,113.119,220.3691,6863.7925,490.6431,5723.460365562128,2273.4762074746754,-3032.4783429244444,-963.7975886911549,-6082.580606136437,-3032.4783429244444,-26.3579,-99.0038,3
2582,STARLINK-36459,satellite,0,21,42.9807,169.6722,83.0022,179.8117,262.8139,6858.588,495.1663,1737.7909997437644,4747.141601022409,-4642.445172818068,3196.826627743529,-3916.0656852379243,-4642.445172818068,-42.7406,-50.774,9
2583,STARLINK-36464,satellite,0,21,43.0006,169.3546,81.4012,322.7826,44.1838,6863.266,483.8239,-5478.332610670453,-2526.6871468804916,3259.403417458912,620.9712396593246,6000.889171686341,3259.403417458912,28.5308,84.0921,3
2584,STARLINK-36513,satellite,0,21,42.9824,169.2472,94.8211,344.6744,79.4955,6859.0139,486.5488,-2147.787049095127,-4611.104130240566,4595.266013326256,-2870.6931866822106,4199.332225023247,4595.266013326256,42.2718,124.3568,7
2585,STARLINK-36515,satellite,0,21,43.0043,169.4994,357.3141,321.9712,319.2853,6863.6216,488.6134,-4517.846356293484,4166.711611067596,-3053.115517182716,5888.3215584388345,1760.707407068048,-3053.115517182716,-26.5595,16.6476,4
2586,STARLINK-36443,satellite,0,21,42.995,169.1015,80.8969,41.2489,122.1459,6861.2854,484.7533,2779.2607475928794,-4858.764786880082,3958.443756156154,-5596.802045013459,87.70647792233245,3958.443756156154,35.436,179.1022,4
2587,STARLINK-36460,satellite,0,21,43.0109,169.8141,159.6083,46.6199,206.2281,6865.847,486.7523,6451.519770442853,1094.1790189587227,-2068.9558881533653,-2349.510843350823,-6107.301684944127,-2068.9558881533653,-17.6488,-111.042,2
2588,STARLINK-36542,satellite,0,25,42.9875,136.8857,82.4441,30.7799,113.224,6860.0636,486.1299,-1176.3534461827667,-5211.999262303756,4295.800739947593,-3883.0353679634136,3670.256131627084,4295.800739947593,38.9736,136.6136,7
2589,STARLINK-36539,satellite,0,25,43.0047,137.1184,71.9537,323.4646,35.4183,6864.4385,483.1712,-6073.133426067452,1673.336324077825,2710.8170422108874,4536.960054430861,4370.239985263371,2710.8170422108874,23.4136,43.9277,5
2590,STARLINK-36440,satellite,0,25,43.0158,136.2762,49.3668,325.6113,14.9781,6866.9621,482.0912,-5684.787250810952,3643.353927068608,1209.436230081066,6033.370028917713,3031.3825260145677,1209.436230081066,10.2174,26.6766,4
2591,STARLINK-36423,satellite,0,25,42.9806,136.5774,80.0763,174.7989,254.8752,6859.0478,495.0866,4632.894505262962,2289.775646682259,-4517.393944978563,-393.52461917453536,-5152.855750274642,-4517.393944978563,-41.3348,-94.3672,6
2592,STARLINK-36519,satellite,0,25,43.0215,136.7497,138.9617,30.9257,169.8874,6867.3025,481.9309,4315.439678034158,-5268.584026029059,821.7690135524514,-6732.845911288292,-1024.5892781640084,821.7690135524514,6.923,-171.3472,4
2593,STARLINK-36525,satellite,0,25,43.02,136.7258,157.5606,33.6385,191.1991,6867.1384,483.8809,5568.597645958961,-3904.6329991282396,-909.216456906125,-6198.842841931279,-2798.1754808264304,-909.216456906125,-7.6616,-155.7054,4
2594,STARLINK-36511,satellite,0,25,42.9807,136.9562,87.741,4.3779,92.1189,6858.4627,486.95,-3235.5180764367997,-3835.6931731124046,4670.308754567229,-1648.9245144512138,4739.426894346217,4670.308754567229,43.1225,109.1836,4
2595,STARLINK-36524,satellite,0,25,42.9959,137.084,92.4526,317.1595,49.612,6862.2379,485.7553,-5855.94631988997,227.86253249111573,3562.240278449461,3182.8729783755057,4920.706071152105,3562.240278449461,31.4523,57.1039,5
2596,STARLINK-36518,satellite,0,25,43.0215,136.7459,132.6662,30.2228,162.889,6866.7783,482.5676,3763.887058138122,-5567.250385125381,1377.0509779951205,-6708.416074827989,-397.8396713348084,1377.0509779951205,11.6508,-176.6061,4
2597,STARLINK-36517,satellite,0,25,42.9972,136.8471,87.4015,40.0698,127.4713,6861.9093,484.3407,320.9312505397668,-5756.19349781541,3710.8786814943737,-5114.822084177081,2659.9540407833833,3710.8786814943737,32.9314,152.5234,6
2598,STARLINK-36516,satellite,0,25,42.9958,136.3913,71.9541,239.3564,311.3105,6862.5445,491.1111,-679.87743452539,5855.434937605509,-3515.8074204728973,5383.267358632056,-2401.829340314316,-3515.8074204728973,-30.9704,-24.0448,4
2599,STARLINK-36493,satellite,0,25,42.983,136.4537,103.5888,186.5895,290.1783,6859.5602,494.097,1530.8486169365724,5047.009324189409,-4392.173330610354,3560.307507791506,-3891.0167124281134,-4392.173330610354,-39.9628,-47.5413,8
2600,STARLINK-36529,satellite,0,25,43.0135,136.7906,111.9816,36.7396,148.7211,6865.1585,483.2455,2489.6447760334063,-5911.178384957974,2429.2498875076967,-6354.303021776922,873.6098196915297,2429.2498875076967,20.8623,172.1719,4
2601,STARLINK-36528,satellite,0,25,43.009,136.2483,64.6258,324.5288,29.1546,6865.3294,482.5849,-6016.012550710591,2377.072646765375,2279.0558218180586,5113.136279600013,3962.160870604024,2279.0558218180586,19.521,37.772,4
2602,STARLINK-36546,satellite,0,25,42.9865,137.0154,103.5635,327.1462,70.7097,6859.5633,486.6829,-4884.260501487369,-1918.6289077613774,4412.116542774626,840.9740545998425,5179.758698199865,4412.116542774626,40.233,80.7781,4
2603,STARLINK-36523,satellite,0,25,42.9854,136.8988,78.6219,27.6786,106.3006,6859.1631,486.5067,-1883.9972778390004,-4829.232492141502,4486.248578966277,-3192.8623663875114,4083.694664806164,4486.248578966277,41.0515,128.0203,7
2604,STARLINK-36522,satellite,0,25,43.0038,136.6586,103.7175,122.8448,226.5623,6862.6235,490.309,5933.309163660894,-588.2313000907127,-3398.985983700378,-3532.2999435566976,-4803.439476327156,-3398.985983700378,-29.8402,-126.3296,4
2605,STARLINK-36504,satellite,0,25,42.9881,136.5874,70.5719,177.2143,247.7862,6859.6856,493.8276,5079.211171000066,1593.0907026597833,-4332.460456197519,-1220.4186404946086,-5181.399661138504,-4332.460456197519,-39.3166,-103.2538,4
2606,STARLINK-36505,satellite,0,25,42.9788,136.5188,88.3167,180.6648,268.9815,6858.4608,495.3014,3543.2591643713945,3558.979371158365,-4678.281802144523,1253.9459217588696,-4862.98666413316,-4678.281802144523,-43.1485,-75.541,12
2607,STARLINK-36421,satellite,0,25,43.0191,136.292,40.4012,327.4612,7.8624,6867.2141,482.2242,-5386.496353285577,4199.730708077329,640.2405753947946,6359.785528317436,2491.025695999669,640.2405753947946,5.3884,21.3895,4
2608,STARLINK-36437,satellite,0,25,43.0043,136.3492,18.2758,307.0734,325.3492,6864.7323,487.6894,-2115.1456265710817,5961.4519575038585,-2661.296712473035,6206.528548995732,-1221.3737485840647,-2661.296712473035,-22.9456,-11.1329,4
2609,STARLINK-36520,satellite,0,25,42.9815,136.9703,94.5837,350.4425,85.0262,6858.5562,486.8417,-3843.6977705116283,-3246.6091686051777,4655.939124042946,-832.02255651448,4962.078406288879,4655.939124042946,42.959,99.5186,4
2610,STARLINK-36425,satellite,0,25,42.9924,136.8627,85.7565,34.6331,120.3896,6860.8831,485.2036,-426.86825574652556,-5527.972342649548,4032.733410316315,-4537.0980643760195,3186.759464267392,4032.733410316315,36.2005,144.9166,7
2611,STARLINK-36414,satellite,0,25,43.0145,136.3061,23.6789,323.0183,346.6972,6867.0653,484.1801,-4030.729865676062,5447.6819369246205,-1077.084272918057,6741.676192337213,688.3486424925693,-1077.084272918057,-9.0866,5.8299,5
2612,STARLINK-36441,satellite,0,25,42.9824,136.9117,83.7921,15.4285,99.2206,6858.6947,486.8573,-2579.4432220004037,-4365.583132009924,4613.360485810099,-2439.3407170961596,4445.386404344418,4613.360485810099,42.4743,118.7551,7
2613,STARLINK-36454,satellite,0,25,42.9935,136.3938,91.5619,212.7162,304.2781,6861.4509,492.416,61.97472447768439,5670.022604008842,-3867.5520092643383,4845.398387215752,-2945.354251293429,-3867.5520092643383,-34.463,-31.294,6
2614,STARLINK-36334,satellite,0,25,42.986,137.0258,98.7844,324.9972,63.7817,6860.1481,486.2305,-5283.45968246908,-1227.3063612376375,4193.831510765194,1639.2229592550987,5170.510149923467,4193.831510765194,37.8836,72.4097,4
2615,STARLINK-36269,satellite,0,25,43.004,136.7882,103.722,37.9064,141.6284,6864.2131,482.7828,1786.7653390015394,-5949.64806142853,2903.204238680476,-6028.882158099051,1497.805846988349,2903.204238680476,25.1862,166.048,4
2616,STARLINK-36408,satellite,0,25,43.0233,136.7194,152.9274,31.1552,184.0826,6867.4848,483.0313,5227.082924189636,-4431.868518030215,-333.28714142009596,-6478.146086630319,-2235.503911367299,-333.28714142009596,-2.8017,-160.9613,4
2617,STARLINK-36551,satellite,0,69,42.9905,246.2011,96.271,324.5643,60.8352,6860.6841,485.5968,2658.612889968758,-4824.185725278649,4082.343085480842,-5505.5216826121095,173.8430699747478,4082.343085480842,36.7145,178.1914,4
2618,STARLINK-36396,satellite,0,69,43.0196,245.92,136.1404,30.9281,167.0685,6867.0464,482.4201,3752.7251743122542,5646.27508919182,1047.3798985994474,2942.4708889842777,-6107.801051460756,1047.3798985994474,8.8363,-64.2773,9
2619,STARLINK-36550,satellite,0,69,42.9843,246.0648,79.938,23.4303,103.3683,6859.0054,486.8708,5102.719623509625,-530.7560546450229,4547.466659108741,-3059.2133670014387,-4118.332565596455,4547.466659108741,41.7314,-126.606,64
2620,STARLINK-36534,satellite,0,69,43.0028,245.9518,105.8714,32.9209,138.7924,6863.6182,483.1657,5119.039286281565,3364.6965398312273,3080.9555748865673,283.09443321723927,-6119.28129452534,3080.9555748865673,26.8437,-87.3512,73
2621,STARLINK-36555,satellite,0,69,42.9926,245.9936,88.2435,36.4,124.6436,6861.4196,485.0773,5354.784641347713,1881.9446914227174,3846.5113037760357,-1112.522769954748,-5565.763870585934,3846.5113037760357,34.2916,-101.3037,110
2622,STARLINK-36081,satellite,0,69,43.0153,245.9189,125.9905,34.0268,160.0173,6866.4922,482.2532,4195.0079703073525,5185.919204389711,1599.09010792214,2320.9102872941285,-6253.417090178178,1599.09010792214,13.5627,-69.638,13
2623,STARLINK-36558,satellite,0,69,43.0221,245.8894,152.0688,29.1484,181.2172,6867.4741,482.9029,2704.839227381156,6304.582729159446,-99.4410672209661,4043.191047175545,-5542.249073330698,-99.4410672209661,-0.8357,-53.8884,4
2624,STARLINK-36557,satellite,0,69,43.0148,245.8427,169.6556,32.7802,202.4358,6866.1965,485.4338,848.5221283874557,6570.901528025844,-1786.5850522873186,5219.09397522537,-4081.396179145292,-1786.5850522873186,-15.1812,-38.0258,12
2625,STARLINK-36433,satellite,0,69,42.9987,245.7989,146.8782,76.6316,223.5098,6863.2795,489.5891,-1111.5619589291648,5956.6253644126255,-3222.3815724112565,5690.489895192371,-2082.1336348120903,-3222.3815724112565,-28.1522,-20.0974,4
2626,STARLINK-36552,satellite,0,69,42.9828,245.6239,101.0299,179.206,280.2359,6858.8585,495.1206,-5004.123042214125,928.4115179283104,-4604.987514953397,3350.962355170391,3830.697934119996,-4604.987514953397,-42.3164,48.8217,4
2627,STARLINK-36512,satellite,0,69,43.009,245.5101,16.6339,306.0022,322.6361,6864.31,488.5888,-5032.81385964452,-3701.4669291731566,-2841.0117205109414,-616.7439484661118,6216.888263080088,-2841.0117205109414,-24.5886,95.6655,3
2628,STARLINK-36545,satellite,0,69,43.0213,245.4714,12.1457,331.695,343.8407,6866.8344,484.2733,-4006.200564652762,-5416.165913432643,-1302.9008896089676,-2615.2574858326716,6208.455882814175,-1302.9008896089676,-11.0128,112.8428,2
2629,STARLINK-36553,satellite,0,69,43.0216,245.4371,34.5627,330.5003,5.0629,6867.456,482.58,-2438.1969662991687,-6399.447497835727,413.0816129805427,-4260.791307158669,5361.286241273407,413.0816129805427,3.4735,128.4753,5
2630,STARLINK-36521,satellite,0,69,43.0198,245.4149,52.5013,326.6269,19.1282,6866.4789,482.664,-1201.9453076367379,-6577.183798346059,1533.5718205299058,-5044.230848477518,4388.593668482382,1533.5718205299058,12.9965,138.976,5
2631,STARLINK-36526,satellite,0,69,43.007,245.3746,75.2919,325.15,40.4419,6863.7186,483.5309,782.3971363360765,-6099.740462343665,3034.11636807819,-5645.695257126022,2438.2584052073207,3034.11636807819,26.4028,156.6415,4
2632,STARLINK-36541,satellite,0,69,42.9876,246.1897,97.3492,330.5869,67.9361,6859.7903,485.9808,3212.372909320329,-4232.317346348983,4332.065373553055,-5278.882848930514,-604.3556039360537,4332.065373553055,39.3661,-173.4689,4
2633,STARLINK-36549,satellite,0,69,43.015,245.3757,68.7574,324.645,33.4024,6864.7536,483.2305,123.95861164037485,-6355.099372233743,2575.6877697629925,-5529.496840266903,3134.855413227837,2575.6877697629925,22.1834,150.4497,5
2634,STARLINK-36540,satellite,0,69,42.9816,246.1163,89.995,359.2004,89.1955,6858.4987,487.1116,4546.266602818196,-2118.3549789839144,4673.220249923746,-4140.945566161272,-2829.935981427026,4673.220249923746,43.1546,-145.6512,8
2635,STARLINK-36538,satellite,0,69,42.988,246.0053,83.23,34.3147,117.5447,6860.4862,485.6155,5351.625621288059,1088.252015833308,4144.800061068124,-1793.597730148506,-5158.216399376648,4144.800061068124,37.3694,-109.1734,102
2636,STARLINK-36531,satellite,0,69,43.021,245.8816,142.6796,31.4843,174.1639,6867.4388,482.4469,3254.3119862515455,6020.724411830477,475.9456665742364,3518.7697065246853,-5870.087622814169,475.9456665742364,4.0029,-59.0598,6
2637,STARLINK-36530,satellite,0,69,43.0239,245.8549,174.952,20.3988,195.3509,6866.8456,484.2652,1494.828007547952,6581.209473510287,-1239.401833047018,4898.305965792651,-4642.566916249185,-1239.401833047018,-10.4699,-43.4646,11
2638,STARLINK-36543,satellite,0,69,43.0055,245.816,168.1467,48.441,216.5877,6864.3202,488.0814,-471.3908827588596,6252.1915412618,-2790.006755085806,5618.192808743052,-2783.5261803621725,-2790.006755085806,-24.1212,-26.3561,7
2639,STARLINK-36537,satellite,0,69,42.9818,245.6443,94.0007,179.1442,273.1449,6858.5192,494.7317,-4722.275329249416,1724.4257300161132,-4671.867318967466,3891.886420338325,3182.255249782051,-4671.867318967466,-43.0795,39.2716,4
2640,STARLINK-36544,satellite,0,69,42.9928,245.759,75.9917,161.7955,237.7872,6861.0658,491.9037,-2370.5914632161207,5079.566669212558,-3959.508427703607,5578.276877387602,-551.8410202686337,-3959.508427703607,-35.4044,-5.6497,4
2641,STARLINK-36412,satellite,0,69,43.0172,245.4756,10.4104,326.3414,336.7518,6866.0641,485.654,-4418.8471132869145,-4914.2045262642105,-1847.8735301276663,-1973.0265987119642,6307.359350578881,-1847.8735301276663,-15.7145,107.3704,5
2642,STARLINK-36415,satellite,0,69,43.0253,245.4396,21.777,336.252,358.029,6867.459,482.7591,-3006.9560916622527,-6164.740468619642,-161.00823735208874,-3768.8097309202003,5730.783820276479,-161.00823735208874,-1.3531,123.3306,3
2643,STARLINK-36547,satellite,0,69,43.0046,245.5202,27.9214,287.6376,315.559,6863.0994,489.4284,-5228.388735188009,-3003.2201715002466,-3277.327443807126,83.6002860063281,6028.962693277053,-3277.327443807126,-28.6763,89.2056,4
2644,STARLINK-36444,satellite,0,69,42.9911,245.579,123.7755,170.4888,294.2644,6860.242,492.6842,-5332.752406317329,-675.8452489513446,-4266.070627153937,2138.698532732548,4931.6309283746095,-4266.070627153937,-38.6105,66.5551,4
2645,STARLINK-36548,satellite,0,1,42.9957,71.5236,90.3511,38.542,128.8931,6857.7694,480.2841,-5063.244782043838,-2844.3964655974873,3637.0358229331887,135.97759687844504,5805.906395175933,3637.0358229331887,32.2187,88.6583,4
2646,STARLINK-36601,satellite,0,1,42.9964,71.3102,98.8115,131.9935,230.805,6862.2056,491.5378,2295.4482678572313,-5355.556700615497,-3627.5416133755266,-5777.33926436597,757.2458968733872,-3627.5416133755266,-32.0655,172.5327,10
2647,STARLINK-36119,satellite,0,1,43.019,71.4094,153.7084,34.6834,188.3918,6867.5489,483.774,-1470.1617300897085,-6667.440631624716,-683.198287577707,-4985.058034612255,4665.333480085679,-683.198287577707,-5.7498,136.8976,5
2648,STARLINK-36607,satellite,0,1,42.9923,70.858,94.929,322.6128,57.5417,6858.8491,483.1224,-2790.1348436991398,4862.279259825348,3943.7131495541953,5605.371414319811,-80.14583007293805,3943.7131495541953,35.2944,-0.8192,14
2649,STARLINK-36615,satellite,0,1,43.0031,71.4728,103.0786,35.8153,138.8939,6863.8619,483.6914,-4768.135300388917,-3851.6088756285753,3074.9759205416276,-880.888676175658,6065.809122765175,3074.9759205416276,26.7853,98.2628,4
2650,STARLINK-36614,satellite,0,1,42.9872,71.2821,76.304,168.6561,244.96,6860.3324,493.4705,3375.9485798059595,-4211.043008819344,-4239.890709520174,-5344.017235866429,-755.9046357727207,-4239.890709520174,-38.3258,-171.949,9
2651,STARLINK-36600,satellite,0,1,43.0117,71.3833,159.8148,47.3237,207.1384,6857.2713,478.2439,219.29869071092887,-6510.353896286443,-2132.7575262377227,-5711.666442197648,3132.038668936394,-2132.7575262377227,-18.235,151.2615,11
2652,STARLINK-36438,satellite,0,1,42.9844,71.2649,77.5411,173.1614,250.7025,6857.2473,491.9574,3757.9502186675477,-3668.8680607630076,-4415.144257819995,-5072.51472701804,-1361.0205867125892,-4415.144257819995,-40.2288,-164.9806,5
2653,STARLINK-36532,satellite,0,1,43.0145,71.0039,13.4952,323.7078,337.203,6863.8427,483.1642,3896.0684201690583,5346.942257169125,-1813.2088273687912,2611.889416561998,-6078.418734489333,-1813.2088273687912,-15.4182,-66.7469,9
2654,STARLINK-36367,satellite,0,1,43.0184,70.9953,19.5698,327.0086,346.5784,6864.7894,481.9148,3273.417624681181,5929.395050583703,-1086.247017104651,3430.4687281812867,-5839.937749362587,-1086.247017104651,-9.1676,-59.5694,6
2655,STARLINK-36416,satellite,0,1,42.9807,71.2211,88.7193,174.0779,262.7972,6856.5097,493.2715,4438.16349500522,-2417.7388209871056,-4640.992924077926,-4343.31838104987,-2584.2487604213734,-4640.992924077926,-42.7387,-149.2476,4
2656,STARLINK-36527,satellite,0,1,43.021,71.8323,39.6701,327.6818,7.3519,6865.0563,479.6595,1511.0515881864378,6662.236937335257,598.7065415053534,4959.725883262183,-4697.850260944273,598.7065415053534,5.0398,-43.4467,6
2657,STARLINK-36633,satellite,0,1,43.0161,71.4383,132.4105,29.1087,161.5192,6864.2301,479.8203,-3576.7315886166834,-5659.15761287512,1482.8111778542295,-3043.3188062287595,5962.992905246929,1482.8111778542295,12.5646,117.0383,5
2658,STARLINK-36637,satellite,0,1,42.9836,71.137,104.7286,182.7112,287.4398,6859.7354,494.914,5198.335528104171,397.86921706373636,-4464.664053427848,-2309.2360677793226,-4674.229450926011,-4464.664053427848,-40.7519,-116.291,4
2659,STARLINK-36617,satellite,0,1,43.021,71.835,39.4434,326.485,5.9284,6865.0432,479.7432,1634.4696644894561,6642.591919364137,483.25938806191624,4879.877902812639,-4793.986873676118,483.25938806191624,4.0661,-44.4913,6
2660,STARLINK-36627,satellite,0,1,42.9948,71.0784,97.1095,210.384,307.4934,6859.642,489.3664,5120.801000415254,2659.3866082876225,-3712.336095282809,-324.4689229239667,-5761.046774350124,-3712.336095282809,-32.9187,-93.2236,4
2661,STARLINK-36624,satellite,0,1,43.0044,70.8985,78.889,321.0182,39.9072,6861.4458,481.0088,-1318.278878175691,6021.322254829674,2999.556670968453,5851.576104413806,-1937.3275384933288,2999.556670968453,26.09,-18.3186,6
2662,STARLINK-36610,satellite,0,1,42.9934,71.08,99.711,205.0472,304.7582,6859.1366,489.7436,5168.582934393796,2363.428511028978,-3843.8657354440957,-603.4057243780646,-5651.189733873674,-3843.8657354440957,-34.2382,-96.0947,4
2663,STARLINK-36599,satellite,0,1,42.9854,71.5488,81.7201,28.8842,110.6044,6859.7947,486.3336,-5216.620258954198,-802.8517320820008,4375.320933130705,1970.2209941005433,4896.52193543988,4375.320933130705,39.8334,68.0815,4
2664,STARLINK-36595,satellite,0,1,42.9808,71.1975,89.4319,176.7785,266.2104,6858.8877,495.6324,4596.886884951974,-2044.3623345387966,-4669.222731387026,-4103.120928212773,-2911.2171056770626,-4669.222731387026,-43.0423,-144.6438,4
2665,STARLINK-36570,satellite,0,1,42.998,71.0605,63.2697,248.5459,311.8156,6860.1824,488.2534,5022.027870751273,3112.901886282143,-3487.1625369492,115.99752867057313,-5907.4077785068985,-3487.1625369492,-30.7053,-88.8751,10
2666,STARLINK-36514,satellite,0,1,42.989,71.5255,83.4437,33.9094,117.3531,6858.0722,483.3023,-5221.1555948641,-1575.7439685988984,4150.666417725008,1307.7393112217458,5294.64377406467,4150.666417725008,37.446,76.126,3
2667,STARLINK-36556,satellite,0,1,43.0058,71.4689,107.0783,36.2917,143.3699,6862.1551,481.0891,-4584.710177707845,-4265.7731638535315,2789.9527368623553,-1330.6853259820125,6119.286286998428,2789.9527368623553,24.147,102.2684,4
2668,STARLINK-36623,satellite,0,1,43.0204,70.9726,37.1026,323.9855,1.0881,6862.5522,478.5138,2145.0127095710436,6511.8845387132715,88.83430391387127,4507.044158551651,-5166.456495763775,88.83430391387127,0.747,-48.8996,7
2669,STARLINK-36619,satellite,0,1,43.0192,70.9565,44.3974,327.0039,11.4013,6864.9832,479.8814,1256.513920678681,6677.788920286212,924.8596671595493,5102.932041073531,-4486.844846987884,924.8596671595493,7.7988,-41.3241,6
2670,STARLINK-1184,satellite,2,156,53.0696,190.5174,74.254,268.1377,342.3917,6916.9604,540.2233,-6711.741647212565,32.68175488687424,-1672.6596595655194,3451.4966292209547,5756.363005796847,-1672.6596595655194,-14.0771,59.0532,4
2671,STARLINK-1451,satellite,2,108,53.036,11.1998,78.9303,177.5363,256.4666,6907.0888,553.1127,-802.5557899396334,-4282.000087162804,-5374.342409003315,-3273.7654901253,2874.383422247726,-5374.342409003315,-51.1441,138.7167,7
2672,STARLINK-1522,satellite,2,144,53.0772,71.7295,119.0346,85.0689,204.1035,6919.9942,543.6866,-368.1460248613705,-6529.997067679001,-2259.1084610740236,-5428.930706970388,3647.342125223733,-2259.1084610740236,-19.1651,146.1054,12
2673,STARLINK-1536,satellite,2,117,53.0441,42.1055,116.6937,307.1179,63.8116,6921.9001,551.2443,-237.29871064609688,4816.266972297026,4960.946230815926,4263.69680927769,-2252.471474862381,4960.946230815926,45.9901,-27.8471,8
2674,STARLINK-1542,satellite,2,117,53.0399,42.0764,60.2481,43.683,103.9311,6920.2295,552.2784,-3941.36960896745,1880.3394932261992,5364.899711641478,3627.6858031619477,2431.0423109883636,5364.899711641478,51.0283,33.8275,9
2675,STARLINK-1549,satellite,3,213,53.0751,42.0908,130.5104,53.5139,184.0243,6931.6618,548.6434,-4931.765066483036,-4848.301381560017,-388.60965024646265,-1654.7221795800301,6714.925723031128,-388.60965024646265,-3.2361,103.8433,4
2676,STARLINK-1551,satellite,3,213,53.0565,42.1104,96.3063,307.478,43.7843,6925.8625,548.8945,1776.5495006722538,5485.389099187078,3827.1785548100047,3812.053169121997,-4325.953343900764,3827.1785548100047,33.7381,-48.6133,4
2677,STARLINK-1552,satellite,2,117,53.0387,42.0915,85.761,178.1422,263.9032,6919.6833,566.5233,2231.4863840533244,-3568.575822979005,-5506.9426277607,-4207.662467514895,-99.20406257875703,-5506.9426277607,-52.7805,-178.6494,7
2678,STARLINK-1566,satellite,3,213,53.0715,42.0744,114.4929,49.4977,163.9906,6930.7667,546.958,-5709.044183289523,-3608.188192205179,1526.5243962229906,-191.59372536569307,6750.962846996072,1526.5243962229906,12.8129,91.6256,3
2679,STARLINK-1578,satellite,3,213,53.0372,42.0916,111.1186,332.7411,83.8597,6919.6661,552.7752,-2223.064086343365,3564.851098866971,5495.466378751784,4200.162815320111,93.85954338773327,5495.466378751784,52.7733,1.2802,16
2680,STARLINK-1579,satellite,2,117,53.0425,42.0942,76.3118,172.7466,249.0584,6921.1109,564.7569,770.6508607648724,-4548.502952276039,-5172.5643589797955,-4305.423643882496,1657.1388302610762,-5172.5643589797955,-48.4463,158.9485,13
2681,STARLINK-2049,satellite,3,189,53.0601,337.063,91.7279,229.5537,321.2817,6926.9349,557.1384,3964.2029379252463,-4506.215577198946,-3464.5064492766182,-5897.951320886158,-1111.3298239959245,-3464.5064492766182,-30.1492,-169.3291,6
2682,STARLINK-2055,satellite,2,179,53.0356,337.0809,88.2202,178.3159,266.5361,6919.5792,566.8698,-2005.9075924009967,-3668.8266670057164,-5528.119313879089,-2132.5702529556806,3596.678814961489,-5528.119313879089,-53.0666,120.6649,3
2683,STARLINK-2071,satellite,3,189,53.0561,337.1101,83.8697,137.6264,221.4961,6926.3374,557.847,-5855.23078858435,-523.4496936830333,-3669.704317291558,2536.274856800519,5303.304349192537,-3669.704317291558,-32.1336,64.4408,4
2684,STARLINK-2088,satellite,3,252,53.074,7.0825,50.6147,307.316,357.9306,6930.8169,547.4693,6886.786231795088,704.2615539264433,-199.91505420501755,-2906.9058470500127,-6282.810464685985,-199.91505420501755,-1.6644,-114.8288,4
2685,STARLINK-2097,satellite,2,112,53.0436,7.0669,107.1919,189.2163,296.4082,6921.905,563.7271,3518.337763742843,-3324.4699446533273,-4960.481888518357,-4654.067835002721,-1330.5839394323732,-4960.481888518357,-45.8779,-164.0449,4
2686,STARLINK-2104,satellite,2,179,53.0378,337.335,84.3335,176.953,261.2866,6919.822,566.5501,-2556.4131359409207,-3396.8515851748293,-5474.432829875034,-1617.8433685932823,3931.4668570413746,-5474.432829875034,-52.3389,112.3677,4
2687,STARLINK-2105,satellite,2,179,53.0361,337.079,98.8117,182.5685,281.3802,6919.9837,566.5141,-331.6353157955195,-4296.097748915673,-5429.489605441889,-3526.08877661157,2476.5168665638093,-5429.489605441889,-51.7362,144.9181,9
2688,STARLINK-2106,satellite,2,179,53.0466,337.067,69.4426,52.0202,121.4628,6922.8457,550.3845,-1943.3148018907411,4674.3885337380325,4715.942492108616,5011.830842822019,-712.6936133621307,4715.942492108616,43.1483,-8.0933,16
2689,STARLINK-2109,satellite,2,112,53.0454,7.0657,73.8753,43.4605,117.3358,6921.5515,549.319,-3606.4124437676655,3275.0797675726394,4909.96608573131,4656.508706951607,1431.5323470357905,4909.96608573131,45.4019,17.0888,17
2690,STARLINK-2111,satellite,2,112,53.0364,7.0931,84.0936,174.0822,258.1757,6919.0439,565.3645,-905.5758602718231,-4223.013758571715,-5420.011244240256,-3170.4826942282266,2932.908510232186,-5420.011244240256,-51.622,137.2291,7
2691,STARLINK-2112,satellite,3,189,53.065,337.1071,121.5006,85.1225,206.6231,6929.245,553.4689,-6432.127089277928,690.7843183045028,-2481.8421863506765,3874.936509355564,5180.184254976041,-2481.8421863506765,-21.1077,53.2024,4
2692,STARLINK-2123,satellite,3,189,53.0693,337.0746,111.6514,49.8443,161.4957,6930.4628,547.0453,-5532.910315424273,3773.6470239493815,1756.5588919203642,6067.97400709656,2834.290011465105,1756.5588919203642,14.7837,25.0368,3
2693,STARLINK-2134,satellite,2,179,53.0459,337.0668,108.3344,193.0397,301.3741,6922.8021,562.7165,1936.9880183391583,-4682.292756991927,-4728.767339970903,-5015.402541391895,722.1671504355754,-4728.767339970903,-43.1981,171.8063,9
2694,STARLINK-2135,satellite,3,189,53.0361,337.0778,57.534,43.8926,101.4266,6919.9919,552.6628,325.74613230111277,4289.0336025344,5417.758275900549,3523.016459211462,-2467.8482154507565,5417.758275900549,51.7248,-35.011,3
2695,STARLINK-2315,satellite,3,202,53.0726,177.0878,51.9349,309.2803,1.2152,6931.7671,547.9919,-6920.105759844815,263.6760887988304,117.42150153526102,3756.461968154667,5817.764372080499,117.42150153526102,0.9774,57.1501,4
2696,STARLINK-2334,satellite,3,202,53.0596,177.065,88.9906,232.4082,321.3988,6926.8774,556.734,-5275.33957444028,2872.124461147625,-3455.4532270674204,5161.16270438998,3072.5732025115685,-3455.4532270674204,-30.0643,30.7664,3
2697,STARLINK-2338,satellite,2,173,53.0435,177.1042,72.9793,168.5962,241.5755,6922.1856,562.9134,3479.816974811005,3493.000182025157,-4870.438437221415,1229.5539037157878,-4774.764250480631,-4870.438437221415,-44.8255,-75.5594,11
2698,STARLINK-2373,satellite,3,202,53.0675,177.1035,130.5976,70.9725,201.5701,6930.0484,552.1238,6512.307235165969,1202.979347680906,-2036.052676836423,-2286.932614175605,-6215.081982915571,-2036.052676836423,-17.1895,-110.2018,4
2699,STARLINK-2379,satellite,3,202,53.0611,177.0605,92.0042,49.5883,141.5924,6926.9621,548.1337,5283.71262004847,-2858.661955359685,3436.6260511589253,-5153.853823522575,-3086.6418632620885,3436.6260511589253,29.9251,-149.0826,7
2700,STARLINK-2381,satellite,3,202,53.0577,177.1101,90.9949,310.3213,41.3162,6926.3752,548.2952,-5329.637092890782,-2480.4548023149373,3651.720036042975,584.8939741698548,5849.40908188377,3651.720036042975,32.0072,84.2899,2
2701,STARLINK-2386,satellite,3,202,53.0349,177.3352,112.3038,328.9271,81.2309,6919.7801,553.1192,-1244.660966970181,-4057.820166679541,5462.805090435103,-2855.439708829148,3140.310414123425,5462.805090435103,52.3254,132.2798,4
2702,STARLINK-2399,satellite,3,246,53.0734,197.0958,133.8592,57.7095,191.5686,6931.1864,549.8394,6241.463966766841,2792.8444248212318,-1110.5658137006715,-781.2811008230528,-6793.044403741273,-1110.5658137006715,-9.2814,-96.5609,3
2703,STARLINK-2408,satellite,3,246,53.0694,197.0594,107.1526,49.5537,156.7063,6929.8027,547.1582,6561.630284540791,292.872771491036,2188.432240714162,-3094.9087070197097,-5793.298416834514,2188.432240714162,18.534,-118.1121,16
2704,STARLINK-2409,satellite,3,246,53.0628,197.1063,110.8609,100.6825,211.5433,6928.353,554.7193,5003.292634427628,3819.0012155505333,-2897.3723486064123,732.8973784405774,-6251.445345099734,-2897.3723486064123,-24.8523,-83.3134,9
2705,STARLINK-2420,satellite,3,190,53.0554,182.0629,82.0553,52.0388,134.0941,6925.3759,549.0052,4919.666402917532,-2811.8999594121806,3972.0954760620775,-4927.946861203065,-2797.362799298047,3972.0954760620775,35.196,-150.4185,7
2706,STARLINK-2423,satellite,3,246,53.0507,197.1086,72.5596,158.9672,231.5268,6924.2042,560.2932,3161.290658157563,4385.383602460699,-4335.902613465413,2159.5952249892925,-4955.955652574879,-4335.902613465413,-38.904,-66.4545,13
2707,STARLINK-2427,satellite,3,202,53.0686,177.1019,69.4535,311.8453,21.2988,6930.1424,547.0335,-6518.636019161753,-1182.9538367815508,2010.2043612819693,2307.385397411331,6210.311421988606,2010.2043612819693,16.9777,69.6179,5
2708,STARLINK-2432,satellite,3,202,53.0377,177.0782,57.1541,44.2192,101.3733,6920.0488,552.789,1154.5532525736128,-4142.141286966744,5418.982066563764,-4151.708971025007,1119.6607852976283,5418.982066563764,51.7398,164.9072,3
2709,STARLINK-2433,satellite,2,173,53.0473,177.0624,70.1034,51.4412,121.5446,6922.8347,550.3957,3433.1377208870576,-3725.40046221291,4711.883261313288,-4955.466854067311,-1052.8017252426855,4711.883261313288,43.1022,-168.0057,4
2710,STARLINK-2453,satellite,2,166,53.041,197.1005,76.3845,175.0954,251.4799,6920.7399,564.9861,942.2867114561503,4423.969409839358,-5251.371119498762,3324.607835234898,-3066.984239880598,-5251.371119498762,-49.4351,-42.6918,3
2711,STARLINK-2567,satellite,2,180,53.0464,352.064,62.1838,57.1595,119.3432,6922.0498,551.1262,-2857.45374562853,4059.1399226781773,4819.646958910152,4948.896349305742,387.4064327223019,4819.646958910152,44.3315,4.4761,20
2712,STARLINK-2565,satellite,3,213,53.0737,42.0741,48.337,295.5271,343.8641,6930.7462,550.9081,5715.040496710023,3600.862244163611,-1539.1814354708683,182.23391468408624,-6752.383844303985,-1539.1814354708683,-12.9134,-88.4541,4
2713,STARLINK-2524,satellite,2,109,53.0412,37.1023,77.2471,174.1921,251.4392,6920.7709,565.3192,623.4982073734574,-4481.697934347195,-5250.394197340641,-4172.9054548806125,1749.6360918652351,-5250.394197340641,-49.4195,157.2524,12
2714,STARLINK-2519,satellite,3,240,53.0657,37.6463,65.6767,265.2339,330.9106,6928.8163,554.2925,6030.8618730524,2095.567991256147,-2692.757346166749,-1273.616409744193,-6256.244990299272,-2692.757346166749,-22.9951,-101.5068,3
2715,STARLINK-2523,satellite,2,109,53.0422,37.0716,104.1807,187.2162,291.3969,6921.1602,564.7472,4356.398083539263,-1571.4177387555987,-5156.697078252744,-3573.6591709477957,-2945.592996637695,-5156.697078252744,-48.2491,-140.5029,4
2716,STARLINK-2506,satellite,2,109,53.0427,37.0709,59.598,51.8496,111.4476,6921.1595,551.7401,-4351.913319545544,1563.9852749781626,5145.275243279021,3564.9787216325176,2945.5264717014197,5145.275243279021,48.2278,39.5649,7
2717,STARLINK-2507,satellite,2,109,53.0533,37.0629,79.1102,52.3318,131.442,6924.8359,549.2993,-5533.774272668544,-272.2804875529294,4145.598923752435,2588.3534946572267,4898.695801072573,4145.598923752435,36.9754,62.1491,5
2718,STARLINK-2581,satellite,2,170,53.0404,237.5342,76.6229,174.5455,251.1684,6920.7905,564.9036,-2126.771131761591,4004.6963305401437,-5241.664119097968,4529.375866613694,-213.31292898842761,-5241.664119097968,-49.3128,-2.6964,4
2719,STARLINK-2680,satellite,3,208,53.0521,92.5056,72.2765,156.4398,228.7163,6924.8254,559.9103,3327.2461447753767,-4431.316723513081,-4161.982427007395,-5508.642184055943,-601.6611172817142,-4161.982427007395,-37.0791,-173.7668,8
2720,STARLINK-2722,satellite,2,178,53.0786,136.8015,124.8288,51.8969,176.7257,6924.754,541.3351,4873.419454933929,-4901.880019132126,315.9577119082137,-6702.032125014531,-1691.570365361284,315.9577119082137,2.6334,-165.8346,4
2721,STARLINK-2145,satellite,2,141,53.0382,87.0976,80.0155,176.4,256.4154,6920.2251,565.7233,3963.2324567495193,-1830.9679615710918,-5383.143769010065,-3596.370756686761,-2475.0298105236875,-5383.143769010065,-51.1307,-145.4642,4
2722,STARLINK-2214,satellite,2,141,53.0361,87.0521,93.5537,182.822,276.3757,6919.7225,566.4037,4176.035495427929,555.6481206235458,-5503.7458362624775,-1652.0906688671025,-3875.3856214406223,-5503.7458362624775,-52.7382,-113.0887,4
2723,STARLINK-2220,satellite,2,141,53.0481,87.1083,109.6949,306.792,56.4869,6923.1314,550.313,-3270.699364808556,3990.2195502738336,4610.021907243324,5100.394971519241,778.0086945837096,4610.021907243324,41.9575,8.673,21
2724,STARLINK-2222,satellite,3,192,53.0612,87.1097,87.3917,308.964,36.3557,6927.4059,548.0434,-2181.5073924029143,5691.379225599625,3279.404138827999,6008.076814583445,-1026.540297679735,3279.404138827999,28.4299,-9.6959,5
2725,STARLINK-2235,satellite,2,117,53.0402,42.0859,100.7825,183.0756,283.858,6920.2448,566.1979,3944.0756193863913,-1890.1501069567769,-5377.40438663223,-3637.504522992203,-2428.3658627723557,-5377.40438663223,-51.0504,-146.2733,4
2726,STARLINK-2236,satellite,3,213,53.066,42.2602,81.3673,308.1448,29.512,6927.7912,546.6237,3080.101178584523,5567.020543126482,2725.3415627863055,3217.3790171855967,-5488.826218572044,2725.3415627863055,23.3168,-59.6225,6
2727,STARLINK-2237,satellite,3,192,53.0734,87.0831,48.1135,308.1993,356.3128,6931.6539,548.3935,619.0176048671444,6889.561353364456,-356.0887017991904,5610.2467086195475,-4046.525707978645,-356.0887017991904,-2.9651,-35.8019,7
2728,STARLINK-2241,satellite,2,141,53.0439,87.0687,62.8645,53.5842,116.4487,6921.9442,551.3073,-3876.768162016633,-2886.9884640173414,4949.873429079979,-505.83080375621,4807.09568984916,4949.873429079979,45.8577,96.0069,4
2729,STARLINK-2249,satellite,2,141,53.0694,87.2928,115.3199,46.8983,162.2182,6921.5363,537.6078,-1578.327552128078,-6516.863155776918,1687.958080283807,-4800.36945699678,4681.567721315344,1687.958080283807,14.2141,135.7178,6
2730,STARLINK-2252,satellite,3,192,53.0685,87.0699,54.4072,281.871,336.2782,6929.7243,552.8029,1996.8979936569704,6249.401914965885,-2228.122196306126,4356.819820980094,-4905.175525846704,-2228.122196306126,-18.8664,-48.3882,13
2731,STARLINK-2757,satellite,2,141,53.0424,87.0679,106.9206,189.4407,296.3613,6921.9209,563.6395,3886.172833451564,2882.4693818302126,-4962.3462293427365,497.1468241931534,-4812.8800176027935,-4962.3462293427365,-45.9007,-84.1025,10
2732,STARLINK-3075,satellite,2,173,53.2071,174.5702,106.6296,190.5972,297.2268,6914.5057,555.7538,-2804.2908431645797,3970.1327664494293,-4929.731618293144,4845.221568891256,387.0778534649974,-4929.731618293144,-45.5812,4.5676,3
2733,STARLINK-3147,satellite,3,247,53.2257,174.5767,61.9221,270.0187,331.9409,6921.4794,546.3861,-5896.387780404382,2517.6512410394894,-2607.8473830648245,5173.037732560306,3787.563497278578,-2607.8473830648245,-22.2581,36.2106,3
2734,STARLINK-3162,satellite,2,125,53.2334,164.5993,61.6131,310.4428,12.0558,6923.7019,539.7028,-6751.427311825695,962.7564242840265,1157.3752046219035,4271.732426366065,5316.105036292905,1157.3752046219035,9.6906,51.2165,5
2735,STARLINK-3157,satellite,2,125,53.2259,164.6171,77.9028,308.9973,26.9001,6921.7143,539.9094,-6442.9001124096485,-170.01994231564439,2506.091134523051,3140.0198311832705,5628.511712615428,2506.091134523051,21.3679,60.8438,5
2736,STARLINK-3146,satellite,2,173,53.2341,174.5843,48.9645,308.1155,357.08,6924.1466,540.8661,-6859.227532522114,862.1976802780716,-282.35077390665805,4240.222397997733,5460.119156053708,-282.35077390665805,-2.3533,52.1678,4
2737,STARLINK-3159,satellite,2,125,53.2111,164.6116,106.7839,305.3332,52.1172,6916.6121,542.7192,-4959.306186174391,-2023.759002830548,4369.144595047815,788.8252742389692,5297.931014696878,4369.144595047815,39.3778,81.5313,4
2738,STARLINK-3133,satellite,2,173,53.2222,174.6114,87.4009,309.6112,37.0121,6919.8397,540.6049,-5730.298943036933,-1962.3616342076339,3333.585538412862,1234.887533685451,5929.775875960955,3333.585538412862,28.9771,78.2362,4
2739,STARLINK-3154,satellite,2,125,53.2028,164.2552,74.7603,177.6288,252.3891,6913.1928,557.7579,3088.6638594189267,3235.9534247245356,-5284.1677034967115,1207.9691469941442,-4307.209020163441,-5284.1677034967115,-49.9243,-74.3337,9
2740,STARLINK-3111,satellite,2,173,53.2083,174.6099,111.5441,305.5822,57.1263,6915.6123,543.2077,-4061.5499200106415,-3108.8088444468153,4648.654162320618,-602.3775853821899,5079.175270521614,4648.654162320618,42.4433,96.7635,4
2741,STARLINK-3120,satellite,2,173,53.206,174.5713,61.4085,55.8349,117.2434,6914.554,544.0238,2801.4253382513853,-3963.073141819971,4920.578649540689,-4837.687731210486,-388.21394682217016,4920.578649540689,45.572,-175.412,4
2742,STARLINK-3110,satellite,2,173,53.2013,174.6,121.9529,315.2063,77.1592,6912.564,545.1903,-1908.7341312209671,-3873.334446414561,5394.9832773213975,-2358.039648013298,3617.4071841398745,5394.9832773213975,51.4993,123.0987,5
2743,STARLINK-3112,satellite,2,173,53.2009,174.4011,81.7385,175.5784,257.3169,6912.6145,558.4377,1907.6103446894426,3878.450541785665,-5408.651764804114,2363.0134003002318,-3619.0500828594827,-5408.651764804114,-51.5432,-56.858,6
2744,STARLINK-3161,satellite,2,173,53.2039,174.8911,104.4702,187.2858,291.756,6913.6429,556.8428,-2212.9328966640032,4064.5728717083352,-5148.967610142183,4624.8256350516795,-169.74239286021742,-5148.967610142183,-48.2264,-2.102,3
2745,STARLINK-3135,satellite,2,173,53.2194,174.5679,84.8282,52.4209,137.2491,6918.6098,541.4297,4787.672925839241,-3277.763458439391,3758.6088309890542,-5261.329865308287,-2446.212047781165,3758.6088309890542,33.0968,-155.0643,9
2746,STARLINK-3139,satellite,2,173,53.2253,174.6191,109.5927,102.5258,212.1185,6920.7365,547.3948,6043.051791935226,1643.6804931945196,-2947.698715741326,-1668.5201781645478,-6036.240629628467,-2947.698715741326,-25.3424,-105.4517,4
2747,STARLINK-3114,satellite,2,173,53.2354,174.587,126.9987,50.2467,177.2454,6924.2092,540.2666,6860.7885778252075,-850.0021440199564,266.35382157375665,-4230.528763769323,-5467.68231825659,266.35382157375665,2.2201,-127.7303,4
2748,STARLINK-3131,satellite,2,173,53.2117,174.6211,71.2682,160.7781,232.0462,6916.6261,553.2168,4545.389153644892,2855.47225844036,-4371.603802610314,137.68617003538685,-5366.127737519496,-4371.603802610314,-39.3328,-88.5302,8
2749,STARLINK-3121,satellite,3,247,53.2293,174.483,51.8179,285.3148,337.1327,6922.3787,544.9806,-6192.765317613259,2215.623148926614,-2154.3966497537817,5064.42160453152,4196.541674837451,-2154.3966497537817,-18.2416,39.6462,4
2750,STARLINK-3138,satellite,2,173,53.201,174.8539,56.9546,54.8871,111.8417,6913.6823,544.5833,2216.121919066144,-4057.6546830578627,5136.588655070217,-4620.50161954505,163.47070345597356,5136.588655070217,48.1862,177.9738,4
2751,STARLINK-3153,satellite,2,173,53.2344,174.7863,64.9216,311.9298,16.8514,6923.288,540.0915,-6701.723935846253,-593.6556802390407,1606.3405951993689,2907.64957180745,6067.2155678319705,1606.3405951993689,13.5087,64.3944,5
2752,STARLINK-3158,satellite,2,125,53.1986,164.5914,101.9308,345.0642,86.9951,6911.9912,545.5382,-1447.5356376151578,-3888.8523005127295,5525.3318021509895,-2606.625711827549,3228.6272680209768,5525.3318021509895,53.2635,128.9156,6
2753,STARLINK-3079,satellite,2,129,53.1983,154.5929,102.5214,344.6137,87.1351,6912.0234,545.5185,-2085.739752091909,-3586.1819715415068,5525.983439886228,-2020.7651741981151,3623.1919017923697,5525.983439886228,53.2728,119.1497,4
2754,STARLINK-3134,satellite,3,247,53.2321,174.7614,133.7266,63.4541,197.1807,6923.145,543.623,6695.853925229107,614.8445012936681,-1637.5664546275475,-2886.4301814065498,-6072.974094843683,-1637.5664546275475,-13.7691,-115.4213,4
2755,STARLINK-3117,satellite,2,129,53.2055,154.6078,116.1584,305.7397,61.8982,6914.7135,543.9031,-4506.832632258332,-1902.7575631093227,4882.0763833808705,662.115053698647,4847.022836218531,4882.0763833808705,45.1189,82.2214,4
2756,STARLINK-3049,satellite,2,129,53.2041,154.6058,120.9027,306.2336,67.1363,6913.8515,544.298,-4061.3284484379096,-2294.085463308666,5099.167081005849,98.28503448243303,4663.427594704564,5099.167081005849,47.7258,88.7926,4
2757,STARLINK-3130,satellite,2,129,53.2014,154.5767,55.2121,52.0174,107.2294,6913.052,545.0097,151.34759842062385,-4449.604819384938,5285.329215293845,-3904.476130592954,2139.3819878346253,5285.329215293845,50.065,151.2803,6
2758,STARLINK-3044,satellite,2,129,53.2291,154.5091,111.7788,50.3215,162.1003,6923.0855,539.6624,5393.350231247817,-3981.214019596425,1702.8354624821159,-6175.326624649743,-2608.3774392568293,1702.8354624821159,14.3376,-157.1014,9
2759,STARLINK-3105,satellite,2,129,53.2241,154.5676,96.8838,50.4,147.2838,6920.644,540.3981,4292.978386886705,-4518.897505844691,2993.390493323973,-6076.554497801675,-1387.653967620164,2993.390493323973,25.7913,-167.1364,9
2760,STARLINK-3128,satellite,2,129,53.2049,154.6059,72.4896,174.6783,247.1679,6913.8458,556.8584,4065.865195737466,2300.5032678926855,-5109.680023757038,-95.07883848880593,-4670.60328972241,-5109.680023757038,-47.7408,-91.1662,7
2761,STARLINK-3098,satellite,2,129,53.2348,154.5796,117.3708,50.0181,167.389,6923.2948,539.6833,5708.721662408693,-3714.0187520852533,1209.8383946593706,-6106.35958823827,-3015.926207456961,1209.8383946593706,10.1343,-153.7153,9
2762,STARLINK-3136,satellite,2,129,53.1979,154.5912,87.3384,179.8008,267.1392,6912.0435,559.2043,2089.5512219354805,3593.4847736003726,-5536.919002169177,2025.1025257435008,-3630.19515830996,-5536.919002169177,-53.2723,-60.8451,6
2763,STARLINK-3126,satellite,2,129,53.2361,154.6019,129.2984,52.8004,182.0989,6924.2435,540.9638,6311.204578693997,-2828.6369515629967,-203.00277125845346,-5652.109894297458,-3985.7425883592205,-203.00277125845346,-1.6917,-144.8094,4
2764,STARLINK-3122,satellite,2,125,53.1979,164.9877,87.0444,179.7022,266.7467,6912.0165,558.9544,1452.0767953501947,3897.70617106251,-5534.696658152652,2611.9250142667665,-3237.0492945552764,-5534.696658152652,-53.2444,-51.1005,5
2765,STARLINK-3099,satellite,3,212,53.2269,154.6067,119.2363,88.018,207.2543,6921.653,546.2494,6372.315566683072,-924.4574985489492,-2538.9179758457853,-4045.4205715782286,-5009.550852827672,-2538.9179758457853,-21.6406,-128.9223,4
2766,STARLINK-3115,satellite,2,125,53.2286,164.5697,100.9919,51.3094,152.3013,6921.5692,540.1338,5390.168555255661,-3483.921604380617,2574.8150537381784,-5745.963040843463,-2859.2893405176483,2574.8150537381784,21.9826,-153.5443,9
2767,STARLINK-3127,satellite,2,125,53.204,164.611,57.1856,55.0023,112.1879,6913.7199,544.4708,1499.1404161231728,-4387.995875847664,5124.21693923443,-4538.93802327432,948.6682320941726,5124.21693923443,48.0337,168.1947,4
2768,STARLINK-3125,satellite,3,198,53.2331,164.596,128.3516,63.8532,192.2049,6923.7308,543.2027,6753.92576771951,-952.4675151389487,-1172.0531407674023,-4264.156891935222,-5323.502009412778,-1172.0531407674023,-9.8096,-128.6949,3
2769,STARLINK-3150,satellite,2,125,53.2059,164.6468,74.0841,172.9146,246.9987,6913.8457,556.8591,3619.388072908785,2964.4993620567966,-5103.389783731436,703.7800616289993,-4625.248113864056,-5103.389783731436,-47.6635,-81.3482,10
2770,STARLINK-3129,satellite,2,125,53.2362,164.6838,133.044,53.9696,187.0136,6924.0577,541.6165,6757.422471128183,-1326.3619808785356,-676.8677422618011,-4587.54173481021,-5135.801338545201,-676.8677422618011,-5.6483,-131.7727,4
2771,STARLINK-3160,satellite,3,198,53.2239,164.6132,105.9783,106.232,212.2103,6920.7766,547.6437,6232.752208818032,575.7692326104197,-2955.257932035132,-2683.8310506274997,-5654.711415928716,-2955.257932035132,-25.4109,-115.3899,4
2772,STARLINK-3145,satellite,2,125,53.2033,164.5723,107.2282,184.9516,292.1798,6913.6444,557.2389,-1497.9962389654077,4397.14775241555,-5133.93138520932,4546.226313689043,-954.3203829160116,-5133.93138520932,-48.0364,-11.8551,4
2773,STARLINK-3124,satellite,2,125,53.2149,164.6633,73.7657,153.1606,226.9263,6917.7426,552.3528,5360.67193680428,1669.9438677027174,-4050.243902780825,-1297.8758754773658,-5462.694788030238,-4050.243902780825,-35.9732,-103.365,4
2774,STARLINK-3132,satellite,2,125,53.2101,164.5764,108.6521,198.2398,306.892,6916.4066,553.5112,-3124.3250553183443,4301.663509812291,-4433.979016435255,5293.620587626283,493.2515354256258,-4433.979016435255,-40.0022,5.3234,4
2775,STARLINK-3156,satellite,2,125,53.1963,164.5882,91.3828,180.7785,272.1613,6911.9844,559.1298,849.7712407790555,4065.12907047024,-5539.6947501109735,3063.143533259907,-2804.378222687772,-5539.6947501109735,-53.3115,-42.4748,4
2776,STARLINK-3141,satellite,3,198,53.2248,164.57,60.7677,271.3302,332.0979,6921.4953,546.2698,-5380.382108380841,3496.627803962503,-2594.36495306642,5751.900474674421,2844.390718777655,-2594.36495306642,-22.1374,26.313,4
2777,STARLINK-3140,satellite,2,125,53.2352,164.5832,46.7828,305.3267,352.1095,6923.9829,541.7743,-6456.3627600937025,2370.2005205101714,-760.9906909153025,5331.829982034387,4344.428574626431,-760.9906909153025,-6.3528,39.1735,4
2778,STARLINK-3219,satellite,3,208,53.2295,94.7932,54.0165,282.8608,336.8773,6922.324,545.2435,1089.4563367075564,6478.93394972049,-2177.2187328234318,5017.098332049659,-4241.724243863282,-2177.2187328234318,-18.441,-40.213,13
2779,STARLINK-3218,satellite,2,123,53.222,94.7177,93.7487,123.2802,217.0289,6919.8357,549.0492,2941.9090920420717,-5302.205731437048,-3338.944104547533,-6061.183309474551,173.98739399972908,-3338.944104547533,-28.9892,178.3558,8
2780,STARLINK-3242,satellite,2,172,53.1991,104.581,58.2977,43.8759,102.1735,6912.5402,545.1394,-3549.184880095821,-2428.898805388731,5408.69137150959,-278.8967701510075,4291.675583209771,5408.69137150959,51.6826,93.7182,3
2781,STARLINK-3240,satellite,2,172,53.1981,104.595,114.344,327.7768,82.1208,6912.2315,545.2714,-4206.692970350916,-116.53153058130741,5480.632108440933,2045.429225033033,3677.779850643619,5480.632108440933,52.6522,60.919,4
2782,STARLINK-3251,satellite,2,172,53.2087,104.4522,64.7288,57.8748,122.6036,6915.3644,543.4083,-2447.3580827701126,-4476.691985073068,4662.884389630704,-2602.281050355851,4388.446883520011,4662.884389630704,42.6019,120.6673,7
2783,STARLINK-3249,satellite,2,172,53.1995,104.7722,98.2151,183.7594,281.9745,6912.5467,558.5783,3556.8183863413806,2423.481873634297,-5423.248394980994,270.34391405689956,-4295.47850575259,-5423.248394980994,-51.7361,-86.3987,7
2784,STARLINK-3246,satellite,2,172,53.2064,104.7656,71.4367,170.6048,242.0415,6914.7027,555.9048,4368.96029375237,-2205.2004869368843,-4897.102885297775,-4125.208079700879,-2633.1315073771084,-4897.102885297775,-45.1954,-147.4498,4
2785,STARLINK-3252,satellite,2,172,53.2353,104.5895,51.9792,310.0361,2.0153,6924.2399,540.2245,-1882.512691176771,6654.445933439703,194.89846139011001,6683.943313773928,-1774.9384473188413,194.89846139011001,1.6243,-14.8718,4
2786,STARLINK-3238,satellite,2,123,53.1996,94.6247,80.099,177.0548,257.1538,6912.6156,558.51,4154.574552294812,-1208.3148624133166,-5405.145266522219,-3158.3981691768877,-2957.200622589653,-5405.145266522219,-51.4959,-136.8843,4
2787,STARLINK-3113,satellite,2,172,53.2183,104.4969,94.1284,307.987,42.1154,6918.7398,541.2801,-3971.3497441835275,4270.0154987445185,3713.2288339704264,5698.431649657015,1237.9531026384634,3713.2288339704264,32.6487,12.2567,12
2788,STARLINK-3148,satellite,2,123,53.198,94.4684,95.2071,182.0253,277.2323,6912.1915,558.9726,4034.172651388463,1189.5476672936338,-5499.689249029578,-1034.4903155810755,-4076.6901306014556,-5499.689249029578,-52.7636,-104.2387,4
2789,STARLINK-3225,satellite,2,123,53.2089,94.6105,70.2036,166.9349,237.1385,6915.5951,554.6694,3773.4693719138613,-3464.441815921486,-4657.0342824340405,-4904.595371043261,-1478.6387128093088,-4657.0342824340405,-42.4505,-163.223,4
2790,STARLINK-3143,satellite,2,123,53.1974,94.7914,79.7476,12.1408,91.8884,6911.972,545.3813,-4103.662356797937,-572.4665903075502,5529.700046406285,1600.70985517016,3821.7130576718964,5529.700046406285,53.3258,67.2738,4
2791,STARLINK-3155,satellite,2,172,53.208,104.5682,108.5633,193.493,302.0563,6915.4482,554.8226,2476.8937808420765,4440.216195879447,-4698.785054231252,2555.8418358763693,-4395.246884727684,-4698.785054231252,-42.9196,-59.8219,12
2792,STARLINK-3226,satellite,2,123,53.2274,94.5403,100.7006,51.3304,152.0309,6921.5798,540.1758,-1451.9559861300108,-6242.111392420177,2597.885365657684,-4628.5016562233795,4432.730900853105,2597.885365657684,22.1897,136.2377,7
2793,STARLINK-3244,satellite,2,123,53.2341,94.5927,121.7884,50.2545,172.0429,6924.0326,540.0481,-22.767035300538417,-6875.213414431981,767.1717227214773,-5902.028588385878,3526.348872950269,767.1717227214773,6.4062,149.1425,5
2794,STARLINK-3202,satellite,2,123,53.1983,94.5813,62.738,34.4244,97.1625,6912.1852,545.3615,-4025.162303008049,-1186.8553243995466,5489.740193419368,1032.210294117353,4067.5667216814995,5489.740193419368,52.7757,75.7609,4
2795,STARLINK-3239,satellite,3,208,53.2341,94.5318,132.619,59.4499,192.0688,6923.7343,542.7441,1398.05893422995,-6677.732898911947,-1159.1243742071204,-6456.873237890894,2203.5138852749483,-1159.1243742071204,-9.701,161.157,4
2796,STARLINK-3231,satellite,2,123,53.2031,94.4666,58.5736,53.4665,112.0401,6913.7145,544.3814,-3623.2741555174425,-2884.2088137897117,5129.442450025972,-632.7368748517738,4587.637751042001,5129.442450025972,48.0993,97.8528,4
2797,STARLINK-3241,satellite,2,123,53.2157,94.5356,76.7678,55.2533,132.0211,6917.5064,542.3521,-2699.6387156775436,-4856.210036607789,4113.0664338919,-2800.041369384913,4799.020050444506,4113.0664338919,36.6813,120.2619,6
2798,STARLINK-3233,satellite,2,123,53.2326,94.601,65.3216,311.6372,16.9587,6923.2355,539.7592,-1734.4188253350358,6497.76091392535,1616.1563199205955,6473.635730711452,-1822.401158435917,1616.1563199205955,13.5934,-15.7225,4
2799,STARLINK-3247,satellite,2,123,53.2,94.5972,120.526,316.4847,77.0107,6912.6282,545.0444,-4144.935959823966,1224.9061465693553,5391.580867750601,3167.752731364378,2940.4475529889546,5391.580867750601,51.4556,42.8688,7
2800,STARLINK-3248,satellite,3,208,53.2319,94.1777,131.656,65.8624,197.5184,6923.1489,543.8526,1724.452848125489,-6491.381813127083,-1668.7959353546105,-6463.06557688658,1827.719567676865,-1668.7959353546105,-14.0364,164.2094,6
2801,STARLINK-3250,satellite,2,123,53.1977,94.8298,91.1203,180.6837,271.804,6912.0087,559.2085,4112.513316966184,566.230408415269,-5541.048833389044,-1610.5883540978432,-3826.145294063299,-5541.048833389044,-53.3294,-112.8283,4
2802,STARLINK-3236,satellite,2,123,53.2025,94.5833,104.8642,187.0603,291.9245,6913.6935,556.9991,3628.1881776101845,2884.205883860402,-5142.942206184259,630.2279123858608,-4591.8630000355015,-5142.942206184259,-48.1502,-82.185,9
2803,STARLINK-3229,satellite,2,123,53.2214,94.5358,88.0105,309.1486,37.1591,6919.7727,540.6712,-2928.2639085005862,5295.032719676708,3344.8959779558218,6048.053668501337,-182.06549151766592,3344.8959779558218,29.0844,-1.7243,10
2804,STARLINK-3209,satellite,3,192,53.2282,84.6175,120.9605,85.967,206.9275,6921.7323,546.1071,1289.2359824419557,-6319.802352055116,-2510.7787479297886,-6093.496963715775,2114.5510021399537,-2510.7787479297886,-21.3896,160.8623,9
2805,STARLINK-3200,satellite,2,123,53.2184,94.5653,98.6434,218.4191,317.0626,6918.5603,550.7756,2411.218758703698,5276.627714566275,-3776.8510598184803,3308.770389542937,-4765.376632516824,-3776.8510598184803,-33.227,-55.2264,17
2806,STARLINK-3193,satellite,3,192,53.2343,84.7042,131.4928,60.6842,192.177,6923.6782,542.7878,245.61519845144872,-6816.375331348949,-1169.3637071098892,-5988.310477046028,3265.491864028083,-1169.3637071098892,-9.7875,151.3959,5
2807,STARLINK-3210,satellite,2,123,53.201,94.6521,75.7087,176.2349,251.9436,6913.1825,557.7284,4104.028373263495,-1819.076349274914,-5270.86705431627,-3657.9565704197075,-2602.1993355556856,-5270.86705431627,-49.7541,-144.5727,4
2808,STARLINK-3207,satellite,2,137,53.2277,84.5699,101.2512,50.9582,152.2094,6921.5716,540.0856,-2500.3515653394884,-5907.511201717196,2582.6219042631874,-3805.9550481367696,5163.831205633276,2582.6219042631874,22.0529,126.3917,6
2809,STARLINK-3197,satellite,2,137,53.2354,84.6047,131.8378,55.1812,187.019,6924.0758,541.7473,-141.89806319181497,-6884.980872680216,-677.3874210550555,-5849.666082698409,3633.8001318781794,-677.3874210550555,-5.6525,148.1515,5
2810,STARLINK-3194,satellite,2,137,53.2032,84.5717,61.8604,50.3493,112.2097,6913.7123,544.2415,-4062.1274826635013,-2237.9486484984345,5123.194222542023,146.97806880680636,4635.481774963192,5123.194222542023,48.0231,88.1839,4
2811,STARLINK-3204,satellite,2,137,53.2352,84.5815,121.9492,50.307,172.2562,6924.0268,539.9819,-1202.7185979211995,-6771.4663519147925,746.7377034676311,-5210.946480620908,4488.354415262273,746.7377034676311,6.235,139.2606,5
2812,STARLINK-3199,satellite,2,137,53.2012,84.6037,122.0435,310.0671,72.1107,6913.1558,544.6853,-3722.1430302509793,2483.7817806581616,5265.913507954688,4034.9116789013783,1934.6856114213065,5265.913507954688,49.8183,25.6171,12
2813,STARLINK-3203,satellite,2,137,53.2147,84.566,77.5733,54.5596,132.1329,6917.5453,542.0698,-3495.1094633917332,-4325.821953541197,4105.616211791009,-1938.0965487607657,5212.706351072448,4105.616211791009,36.6059,110.3953,4
2814,STARLINK-3195,satellite,2,137,53.2248,84.612,82.2702,309.7246,31.9947,6920.7792,540.532,-1633.0377962937903,6044.472267737385,2934.6285031535112,6032.034030891122,-1678.3989066195807,2934.6285031535112,25.2491,-15.5491,6
2815,STARLINK-3198,satellite,2,137,53.1981,84.5864,82.45,9.7111,92.1611,6912.0091,545.3877,-4142.513624380576,130.8397933426015,5528.829557682054,2225.4677500926928,3496.402647436076,5528.829557682054,53.3136,57.5232,4
2816,STARLINK-3227,satellite,2,137,53.2159,84.6234,100.0122,306.8346,46.8468,6917.7511,541.8866,-2563.462642522499,4990.103767142593,4038.931451583848,5599.702046063701,-340.31356389236527,4038.931451583848,35.9202,-3.4778,16
2817,STARLINK-3190,satellite,2,137,53.2243,84.5767,75.0232,251.8065,326.8297,6920.5777,547.8781,2804.781286256522,5553.72384156517,-3033.4727747679535,3346.3714537983046,-5245.2306589232085,-3033.4727747679535,-26.1317,-57.4628,16
2818,STARLINK-3192,satellite,2,137,53.2335,84.5978,60.8244,311.1731,11.9975,6923.7439,539.6132,-219.8105680037131,6817.034685439184,1151.845914484512,5975.715723495277,-3288.0237499535083,1151.845914484512,9.644,-28.821,4
2819,STARLINK-3196,satellite,2,137,53.2027,84.5731,104.4916,187.5796,292.0712,6913.7416,557.1513,4071.982985857584,2226.429132705576,-5137.767923592448,-161.91334719942108,-4638.0832450563485,-5137.767923592448,-48.0847,-91.9994,7
2820,STARLINK-3208,satellite,2,137,53.1999,84.6248,101.8181,185.0262,286.8443,6913.0662,557.9006,4139.865297917741,1625.5627016441151,-5305.966610808395,-713.3661670848593,-4389.994019761157,-5305.966610808395,-50.2036,-99.2298,4
2821,STARLINK-3191,satellite,2,137,53.2039,84.6551,73.8312,173.1153,246.9465,6913.8767,556.8326,3546.557277097448,-3054.758266861316,-5101.270729419873,-4436.471849534177,-1492.4255817229948,-5101.270729419873,-47.6377,-161.4071,4
2822,STARLINK-3201,satellite,2,137,53.2014,84.6029,76.5885,175.5608,252.1493,6913.1624,557.8537,3730.452576055394,-2484.2227102837815,-5277.103613971562,-4039.529300316806,-1941.608077952406,-5277.103613971562,-49.8328,-154.3286,4
2823,STARLINK-3297,satellite,2,128,53.2009,204.5869,56.9979,50.0645,107.0624,6913.0092,544.8194,3490.254197194847,-2754.785509685065,5289.890030086226,-4149.73559226603,-1597.0009642099637,5289.890030086226,50.1257,-158.9511,7
2824,STARLINK-3304,satellite,2,128,53.2111,204.6119,105.5209,306.6048,52.1257,6916.5743,542.6072,-2497.2353859654972,-4738.012755179829,4369.578563335113,-2801.612930936475,4564.637381695783,4369.578563335113,39.3832,121.5401,7
2825,STARLINK-3306,satellite,2,161,53.2224,184.5525,90.6855,51.5891,142.2746,6919.6375,540.8198,5652.267230094742,-2090.750199698341,3388.407836017235,-4681.32743807879,-3795.33063848622,3388.407836017235,29.4985,-140.967,5
2826,STARLINK-3298,satellite,2,128,53.2163,204.5681,78.3045,53.8744,132.1789,6917.5421,542.1694,5496.709235611883,-859.9154857198854,4102.787661466817,-3543.2943611481005,-4289.327701831361,4102.787661466817,36.576,-129.5592,54
2827,STARLINK-3305,satellite,2,127,53.2189,194.5457,94.4521,307.5183,41.9704,6918.7179,541.2859,-4279.96251702146,-3970.3806935256557,3702.87373959448,-1232.0460156315157,5706.49319757734,3702.87373959448,32.5465,102.1833,4
2828,STARLINK-3271,satellite,2,128,53.2325,204.5888,117.5901,49.4909,167.081,6923.6196,539.6861,6515.835741794154,1963.6437232777018,1238.8434066437585,-1634.455052233163,-6606.100874815611,1238.8434066437585,10.3799,-103.8968,12
2829,STARLINK-3301,satellite,2,127,53.2344,194.5944,132.439,54.8825,187.3216,6924.0441,541.6872,6508.738581121359,2240.1254838093546,-706.4194979078414,-1393.022257146834,-6741.018401672207,-706.4194979078414,-5.8956,-101.6757,4
2830,STARLINK-3245,satellite,2,127,53.203,194.6058,118.1564,309.0193,67.1757,6913.8215,544.2465,-1631.992657664015,-4367.958782165899,5100.53492343371,-2924.6400112261044,3631.6586791857007,5100.53492343371,47.7431,128.8451,7
2831,STARLINK-3286,satellite,3,182,53.2344,194.5783,46.9545,300.0822,347.0367,6923.674,542.9011,-6760.726976728851,-798.2002591814057,-1243.6296019269532,2761.8077902144896,6222.296251187101,-1243.6296019269532,-10.4155,66.0656,3
2832,STARLINK-3287,satellite,2,127,53.2008,194.5749,58.6345,48.6281,107.2626,6913.0417,544.6104,2979.353061681185,-3309.615889949084,5284.036078884626,-4366.37715763067,-874.5584728728168,5284.036078884626,50.0522,-168.6739,6
2833,STARLINK-3289,satellite,2,161,53.2009,184.3864,118.8505,311.0418,69.8923,6907.6693,539.1877,-2069.8877518419285,-4054.3687334422343,5192.261889959106,-2431.5564580999317,3848.3599523708453,5192.261889959106,48.934,122.2864,7
2834,STARLINK-3292,satellite,2,156,53.2014,190.1864,103.6858,185.3854,289.0712,6913.2871,557.4995,-2919.6663643981205,3457.6600120337184,-5239.572535812467,4463.271971614379,747.7083292409203,-5239.572535812467,-49.3575,9.5101,4
2835,STARLINK-3291,satellite,2,127,53.2157,194.613,100.096,306.9099,47.0059,6917.7245,541.9418,-3797.6184902205905,-4118.969403350337,4049.4278002446013,-1605.8770240007675,5367.3991957733115,4049.4278002446013,36.0276,106.6567,4
2836,STARLINK-3293,satellite,2,127,53.2261,194.5663,95.9619,51.3342,147.2961,6920.6642,540.4768,6193.922751626898,-701.3225408752,2992.5031042949104,-3762.5025277991735,-4969.920229517352,2992.5031042949104,25.7828,-127.1277,29
2837,STARLINK-3282,satellite,2,127,53.1996,194.5908,101.1955,345.7953,86.9908,6912.0674,545.4541,690.2433897801674,-4091.591151508866,5525.314718880786,-3871.4032833326833,1493.2483738620929,5525.314718880786,53.2642,158.9078,5
2838,STARLINK-3283,satellite,2,127,53.212,194.566,72.9315,54.2454,127.1769,6916.4899,542.7321,4872.069947061218,-2141.6832691792497,4410.6447055471235,-4327.190147407758,-3098.273426074053,4410.6447055471235,39.8247,-144.3973,7
2839,STARLINK-3265,satellite,3,182,53.2303,194.6148,129.7937,72.1323,201.926,6922.5872,544.8402,5822.349905153178,3116.963308217802,-2070.2168677082323,-288.7207223933536,-6597.867763700175,-2070.2168677082323,-17.5061,-92.5056,4
2840,STARLINK-3285,satellite,2,127,53.2063,194.6187,72.0166,170.0121,242.0287,6914.6712,555.5987,2217.7291977708355,4363.030469067796,-4896.3025662643195,2621.6406476498364,-4132.959954227645,-4896.3025662643195,-45.1886,-57.612,13
2841,STARLINK-3277,satellite,2,127,53.2367,194.441,56.9349,310.191,7.1259,6924.0594,539.9063,-6519.427190360969,-2209.2584118767045,687.483643168553,1425.0240619988544,6734.468059437967,687.483643168553,5.7386,78.0524,4
2842,STARLINK-3281,satellite,2,127,53.1987,194.5909,88.5139,178.666,267.18,6912.0215,559.1771,-713.9156002694548,4094.720526705723,-5537.149456908998,3886.1692112900005,-1474.4831424451572,-5537.149456908998,-53.2758,-20.7777,4
2843,STARLINK-3279,satellite,3,182,53.2275,194.6462,120.2359,86.9987,207.2347,6921.6649,546.179,5474.693270021037,3390.639807975081,-2537.223666370592,124.00466058868831,-6438.425859819403,-2537.223666370592,-21.6257,-88.8966,4
2844,STARLINK-3274,satellite,2,128,53.2264,204.5708,101.8245,50.4615,152.286,6921.5804,540.0725,6368.125151644831,794.6655091042769,2576.024278026644,-2564.5979835020376,-5882.801067636806,2576.024278026644,21.9937,-113.5547,31
2845,STARLINK-3272,satellite,2,161,53.236,184.5862,52.7133,312.4008,5.1141,6923.4741,539.2414,-6838.164107190536,-918.7598714700226,493.9635170382529,2697.6072549895653,6350.395511786664,493.9635170382529,4.1203,66.9845,4
2846,STARLINK-3268,satellite,2,161,53.2049,184.6112,117.3991,304.7693,62.1684,6914.632,543.8923,-2921.957068210219,-3908.258162904163,4894.230677289096,-1871.2751986340722,4506.733196823137,4894.230677289096,45.262,112.5491,3
2847,STARLINK-3273,satellite,2,128,53.2345,204.5966,60.469,311.5683,12.0373,6923.6919,539.7139,-5791.89989617292,-3600.937898315146,1155.6424090404373,-143.09614178034656,6818.532221014854,1155.6424090404373,9.6759,91.2023,4
2848,STARLINK-3259,satellite,2,161,53.1973,184.5947,119.0215,323.1215,82.143,6912.1925,545.3832,-613.081657429266,-4163.166558938458,5480.956006109445,-3268.195134461828,2650.7971403371735,5480.956006109445,52.6554,140.9549,6
2849,STARLINK-3261,satellite,2,161,53.2301,184.6058,71.763,310.2974,22.0603,6922.4931,539.6085,-6263.935931254409,-2064.5059096114237,2080.682134256707,1419.21570068998,6440.87764179662,2080.682134256707,17.6113,77.5737,4
2850,STARLINK-3266,satellite,2,161,53.2178,184.6127,95.1127,306.991,42.1037,6918.7244,541.3938,-4889.419387541037,-3178.9560746970146,3712.4314960683405,-240.4515114887159,5827.037561466205,3712.4314960683405,32.6402,92.363,4
2851,STARLINK-3267,satellite,2,161,53.2089,184.5676,67.6534,54.6121,122.2655,6915.4591,543.2577,3956.709576082073,-3195.198220057126,4680.26546053128,-4766.47173522227,-1773.5809911709719,4680.26546053128,42.7992,-159.59,4
2852,STARLINK-3264,satellite,3,190,53.2314,184.6024,129.5895,72.6832,202.2727,6922.4705,544.9392,6258.071818260135,2079.060545855342,-2101.339153757434,-1403.7056413809341,-6443.257414397578,-2101.339153757434,-17.7776,-102.2902,3
2853,STARLINK-3270,satellite,2,161,53.2085,184.5687,108.8282,193.3213,302.1495,6915.4473,554.7493,-3951.8790084692696,3205.8635515074743,-4693.98084728733,4773.181530159504,1763.9860794825865,-4693.98084728733,-42.8659,20.2824,4
2854,STARLINK-3235,satellite,2,161,53.2351,184.5512,129.9902,52.2966,182.2868,6924.2217,540.9614,6878.655111320021,713.3084390876136,-221.16540426067337,-2894.9769127114887,-6280.431015832442,-221.16540426067337,-1.8431,-114.7474,4
2855,STARLINK-3256,satellite,2,161,53.2208,184.5663,88.5207,233.6191,322.1398,6919.5959,549.0935,-5650.18537358205,2100.4503471089165,-3402.67916892372,4688.609045773507,3788.592302214812,-3402.67916892372,-29.5958,38.9397,4
2856,STARLINK-3257,satellite,2,161,53.2191,184.6531,83.6621,53.394,137.0561,6918.52,541.5604,5272.785861077132,-2400.261917955779,3772.3107356278547,-4753.99265056335,-3311.054498185332,3772.3107356278547,33.2321,-145.1436,8
2857,STARLINK-3254,satellite,2,161,53.1982,184.5925,94.2753,182.6496,276.9249,6912.1751,558.5963,-1161.6837646119113,4037.028500898174,-5503.052394735003,4064.934318234694,-1059.9138052053604,-5503.052394735003,-52.8136,-14.6142,4
2858,STARLINK-3260,satellite,2,129,53.2065,154.6063,70.1547,171.8805,242.0352,6914.6648,555.7308,4503.341932265667,1916.2928079654068,-4896.700940211621,-648.6923941703399,-4850.924124587785,-4896.700940211621,-45.1922,-97.6167,4
2859,STARLINK-3323,satellite,2,172,53.2214,104.565,91.2765,51.022,142.2985,6919.6424,540.7062,-1074.4678415694207,-5930.971541685886,3386.4836617540855,-4553.419360511121,3949.3387672086574,3386.4836617540855,29.4806,139.0638,7
2860,STARLINK-3333,satellite,2,172,53.2319,104.5761,113.468,48.7823,162.2503,6923.1275,539.5486,436.26343513453014,-6692.7846119816095,1689.0718987387695,-5979.247137080761,3038.469239752927,1689.0718987387695,14.2195,153.0617,5
2861,STARLINK-3335,satellite,2,172,53.2357,104.5918,130.1052,52.1633,182.2685,6924.227,540.9099,1900.3771778682233,-6649.311323269495,-219.40108904584343,-6688.638780176167,1756.9535452725547,-219.40108904584343,-1.8284,165.2822,4
2862,STARLINK-3355,satellite,2,172,53.2181,104.6133,80.5193,141.6843,222.2036,6918.711,550.584,3988.143111933944,-4259.542822748849,-3724.5354728625744,-5697.9893018558305,-1257.73942294654,-3724.5354728625744,-32.7106,-167.5525,6
2863,STARLINK-3232,satellite,3,236,53.2301,104.6066,127.7287,74.4969,202.2256,6922.4971,544.9505,3132.1510521651026,-5804.625053103751,-2097.0946367457195,-6590.368571161825,266.61642286462865,-2097.0946367457195,-17.7405,177.6833,5
2864,STARLINK-3338,satellite,2,172,53.2059,104.7137,115.7929,306.2244,62.0173,6914.6843,543.7003,-4359.166107096798,2207.9577347699446,4887.346710318564,4122.584081578634,2623.300783003415,4887.346710318564,45.1825,32.4696,9
2865,STARLINK-3324,satellite,2,115,53.2152,114.6153,99.9563,307.0973,47.0536,6917.6776,541.862,-4716.309479630113,3019.627270113026,4052.492812856643,5002.89720547858,2516.4942895770164,4052.492812856643,36.0596,26.7027,9
2866,STARLINK-3234,satellite,3,201,53.2336,114.5792,46.6915,300.3403,347.0318,6923.6389,542.7779,-1959.7495213014458,6519.291316843482,-1244.0571799470554,6607.086876998349,-1639.5671562666355,-1244.0571799470554,-10.4193,-13.9366,4
2867,STARLINK-3341,satellite,2,115,53.2346,114.5954,56.3684,310.6605,7.0289,6924.0757,539.8809,-3318.322827866692,6031.994737112913,678.1510830356667,6880.896800074567,-222.4547711843047,678.1510830356667,5.6604,-1.8517,5
2868,STARLINK-3336,satellite,2,115,53.2011,114.5762,55.8045,51.3511,107.1556,6913.0705,544.8661,-2749.173874518489,-3498.7029355565955,5287.304859235376,-1607.1303222570768,4149.218161399712,5287.304859235376,50.0919,111.173,4
2869,STARLINK-3327,satellite,2,115,53.2036,114.6087,118.5736,308.5251,67.0986,6913.8373,544.1828,-4586.557254409453,857.1830373504586,5097.641698320025,3076.712657405584,3507.8639413833607,5097.641698320025,47.7081,48.7463,5
2870,STARLINK-3339,satellite,2,115,53.2339,114.5797,118.1034,49.0783,167.1817,6923.6537,539.695,1970.2246944867982,-6515.662773343658,1229.376379763855,-6609.308782956174,1628.7062762328712,1229.376379763855,10.2997,166.1566,4
2871,STARLINK-3346,satellite,2,115,53.2117,114.4514,107.7789,199.3914,307.1704,6916.4653,553.4572,1275.9776735431446,5174.986277566954,-4417.852455402377,3800.384789303332,-3737.068028497572,-4417.852455402377,-39.8284,-44.5187,7
2872,STARLINK-3343,satellite,3,201,53.2285,114.6099,119.0677,88.0539,207.1216,6921.7174,546.2963,4282.782453534889,-4814.278736233151,-2527.5745271670858,-6325.422967106303,-1228.2221222796343,-2527.5745271670858,-21.539,-169.0115,4
2873,STARLINK-3334,satellite,2,115,53.2283,114.6105,77.2265,309.8294,27.0559,6921.7078,540.0255,-4276.6365365799165,4814.912438483596,2519.631816642776,6322.8332576426,1222.6125520061419,2519.631816642776,21.4886,10.9439,6
2874,STARLINK-3332,satellite,2,115,53.2352,114.5946,133.1054,54.1249,187.2303,6924.0729,541.8221,3331.0342074970786,-6024.9700032284245,-697.6810470528387,-6881.33810701053,207.93818389789448,-697.6810470528387,-5.8223,178.2692,5
2875,STARLINK-3329,satellite,2,115,53.2122,114.5681,72.6548,54.5818,127.2367,6916.4913,542.647,-1258.1346222377542,-5174.07457190365,4407.121791218386,-3808.7016084365196,3721.2554952846695,4407.121791218386,39.7872,135.6654,7
2876,STARLINK-3290,satellite,3,201,53.2301,114.4975,126.7579,75.2781,202.036,6922.5304,545.1001,4074.8019197733756,-5193.585433842677,-2080.1491098044517,-6545.597166725412,-855.8610138146746,-2080.1491098044517,-17.5921,-172.5506,5
2877,STARLINK-3294,satellite,2,115,53.1969,114.5935,99.7383,347.3423,87.0806,6912.054,545.4201,-3905.522562440265,-1400.5245741479014,5525.5401486418305,787.4016254094365,4073.6438539500127,5525.5401486418305,53.2677,79.0601,4
2878,STARLINK-3278,satellite,2,111,53.2347,124.5842,46.868,305.1403,352.0083,6924.023,541.7712,-3415.4920025601537,5968.408837036486,-770.6831676114809,6875.766103985265,-106.4431719505341,-770.6831676114809,-6.434,-0.8869,5
2879,STARLINK-3299,satellite,2,115,53.1999,114.6434,102.068,185.0148,287.0828,6913.0076,557.6644,2755.1668532975827,3501.4619985920717,-5299.076345405217,1606.4467266194795,-4155.780243423327,-5299.076345405217,-50.1171,-68.8656,9
2880,STARLINK-3328,satellite,3,193,53.2333,124.6284,45.4286,301.3834,346.812,6923.6053,542.6888,-3051.0465879464186,6081.070849809826,-1264.7495698729424,6786.782379583535,-477.38128828089225,-1264.7495698729424,-10.5947,-4.0235,4
2881,STARLINK-3331,satellite,2,111,53.201,124.6088,121.8679,310.1996,72.0675,6913.1562,544.7498,-4449.910181513524,-485.6518517005586,5264.673035551611,1851.989520465463,4075.2537541463607,5264.673035551611,49.8017,65.5607,4
2882,STARLINK-3310,satellite,2,111,53.2125,124.73,105.947,305.9305,51.8775,6916.6757,542.4974,-5107.279770487258,1651.7670129708054,4354.859592997338,4025.764872039388,3550.4729423304393,4354.859592997338,39.2261,41.4103,5
2883,STARLINK-3330,satellite,2,111,53.2339,124.3569,118.1793,49.0098,167.1891,6923.6496,539.8119,3048.665301115113,-6086.424753381424,1228.7042631691445,-6790.172885029009,482.16033455092787,1228.7042631691445,10.2938,175.9383,4
2884,STARLINK-3318,satellite,2,115,53.1977,114.5897,85.9027,181.2424,267.145,6912.0247,559.3591,3910.4023931490015,1410.22323518474,-5537.056556378545,-781.5484287636177,-4082.788079596769,-5537.056556378545,-53.2725,-100.8368,4
2885,STARLINK-3320,satellite,2,111,53.2338,124.5837,123.1806,49.1412,172.3217,6924.0401,539.9862,3435.967671349658,-5958.430675687252,740.4416723082483,-6877.627299284618,83.7417916324455,740.4416723082483,6.1822,179.3024,4
2886,STARLINK-3295,satellite,3,193,53.2335,124.599,133.6679,58.53,192.1978,6923.7209,542.5922,4561.124471430864,-5070.719758117629,-1171.2901109146046,-6687.96887833082,-1336.834915660263,-1171.2901109146046,-9.8041,-168.6963,4
2887,STARLINK-3300,satellite,2,111,53.2144,124.5664,77.9133,54.2998,132.2131,6917.5419,542.1279,110.46359000651225,-5564.158896808032,4100.440520382602,-4842.294607882297,2743.036522563842,4100.440520382602,36.552,150.4696,7
2888,STARLINK-3302,satellite,2,111,53.2244,124.6109,107.0432,105.2279,212.2711,6920.7369,547.6054,5145.292885450339,-3560.1274883423853,-2960.2365483461604,-5686.6096198252535,-2609.792643492548,-2960.2365483461604,-25.4569,-155.3479,4
2889,STARLINK-3326,satellite,2,111,53.1982,124.59,91.6665,180.39,272.0565,6912.0109,559.4296,3271.303826079553,2557.691133231702,-5540.442891013305,531.4119065469371,-4118.350888537175,-5540.442891013305,-53.3185,-82.6475,7
2890,STARLINK-3230,satellite,2,111,53.2243,124.6119,82.0273,310.0337,32.0609,6920.7603,540.164,-5136.958869306381,3574.6361059232713,2939.871595035471,5694.838209876793,2595.223974543057,2939.871595035471,25.2988,24.4995,6
2891,STARLINK-3308,satellite,2,111,53.2118,124.7287,68.9759,163.0882,232.064,6916.6437,553.1896,5111.876843429303,-1635.0662064147175,-4372.647349440127,-4013.7446317709123,-3562.945465858036,-4372.647349440127,-39.3442,-138.405,4
2892,STARLINK-3315,satellite,2,111,53.2147,124.5664,105.3045,206.7847,312.0892,6917.4847,552.0805,-99.38758318203115,5566.405328212489,-4114.3919675241405,4838.577432277559,-2753.7092441827367,-4114.3919675241405,-36.6349,-29.6449,4
2893,STARLINK-3311,satellite,2,111,53.2001,124.6033,76.9927,175.1787,252.1713,6913.161,557.7,4453.477738815969,497.3198182651199,-5277.5473459970235,-1843.773109616927,-4084.2737043472216,-5277.5473459970235,-49.84,-114.296,4
2894,STARLINK-3312,satellite,2,137,53.2123,84.6119,71.1447,161.0484,232.1932,6916.5995,553.4358,2862.584203069289,-4532.628928469448,-4380.484998216146,-5358.779679600529,-150.31190358843284,-4380.484998216146,-39.4265,-178.3933,9
2895,STARLINK-3314,satellite,2,111,53.2343,124.5245,60.4294,311.6373,12.0667,6923.7303,539.5634,-4546.782190408786,5082.435353664897,1158.3900569244477,6690.730509468013,1318.5229087411537,1158.3900569244477,9.6994,11.1483,5
2896,STARLINK-3366,satellite,2,177,53.2167,234.6164,76.0336,151.1429,227.1766,6917.6672,551.9551,246.01905286620203,5596.97807143388,-4066.566492065768,4688.696407274845,-3066.400969686265,-4066.566492065768,-36.1431,-33.1846,6
2897,STARLINK-3350,satellite,2,177,53.2366,234.5928,57.8593,309.1591,7.0184,6924.0781,540.2282,-3565.865371115634,-5889.561708349094,677.1969773107635,-3247.040833828768,6071.166179970873,677.1969773107635,5.6522,118.1392,4
2898,STARLINK-3176,satellite,2,177,53.2104,234.5672,73.5931,53.6408,127.2339,6916.4672,542.5084,5109.926974430578,1496.9790830151303,4407.091193185483,-1318.7548989450563,-5158.796911636131,4407.091193185483,39.7879,-104.3396,113
2899,STARLINK-3362,satellite,2,177,53.2277,234.6065,77.6454,309.3987,27.0441,6921.7007,539.8589,-2032.8781657599636,-6110.945324131449,2518.5368774810327,-4219.375849620286,4865.502423284639,2518.5368774810327,21.4793,130.9319,7
2900,STARLINK-3358,satellite,2,177,53.2009,234.5279,101.9524,185.1971,287.1495,6913.0656,557.8279,-4411.993730730167,637.0623825493808,-5297.3802203566365,2798.340499339258,3469.9895690073054,-5297.3802203566365,-50.0936,51.1159,4
2901,STARLINK-3344,satellite,2,177,53.1965,234.5695,101.774,345.3856,87.1596,6912.0218,545.4252,3170.305640262733,-2675.788561090763,5525.896586935345,-3918.59449949534,-1362.09376508034,5525.896586935345,53.2726,-160.8327,7
2902,STARLINK-3173,satellite,3,185,53.2278,234.6116,119.5655,87.6612,207.2267,6921.6804,546.2402,2018.792189440474,6115.338059245513,-2536.571744705867,4230.338895861631,-4855.627076821565,-2536.571744705867,-21.6197,-48.9368,11
2903,STARLINK-3374,satellite,2,177,53.1969,234.5494,57.6391,44.3601,101.9992,6912.5213,545.1967,4131.798489688538,-1178.2611412170525,5412.089576816154,-3120.930642101081,-2952.939214323439,5412.089576816154,51.7274,-136.5843,25
2904,STARLINK-3372,satellite,2,177,53.2239,234.569,95.8131,51.4346,147.2477,6920.6624,540.3843,5196.045587667885,3439.9780104079887,2996.305458652551,308.569208518887,-6223.915448073458,2996.305458652551,25.8183,-87.1617,72
2905,STARLINK-3375,satellite,2,177,53.2144,234.6102,100.2881,306.7742,47.0623,6917.6714,541.7923,-256.5705353112234,-5593.829161492981,4052.983851177976,-4680.606025143559,3073.8705836370164,4052.983851177976,36.0651,146.7061,7
2906,STARLINK-3397,satellite,2,177,53.2341,234.5972,131.8581,55.3804,187.2385,6924.0635,541.7733,3551.406347705851,5897.610619878896,-698.4499371462324,3261.3389771356888,-6062.834827574415,-698.4499371462324,-5.8288,-61.7232,5
2907,STARLINK-3243,satellite,2,177,53.208,234.5409,67.7885,54.271,122.0595,6915.429,543.2286,4985.702504615526,953.0703472770845,4690.750664995096,-1723.2303307138498,-4774.520895199457,4690.750664995096,42.918,-109.8456,101
2908,STARLINK-3391,satellite,3,185,53.2237,234.4564,76.5606,250.5834,327.144,6920.613,547.8219,-5209.56593738932,-3424.2424882307687,-3007.9507012544886,-288.1382886318254,6227.518783659848,-3007.9507012544886,-25.8959,92.6491,4
2909,STARLINK-3394,satellite,2,177,53.2344,234.5793,118.1973,48.718,166.9153,6923.8229,539.6912,4668.729079171944,4947.302122067683,1254.4892152963957,1874.040538183348,-6539.174379305585,1254.4892152963957,10.5124,-74.0084,13
2910,STARLINK-3398,satellite,2,177,53.22,234.5757,96.5676,225.2971,321.8647,6919.548,549.6096,-5241.714077062312,-2953.4147581812426,-3423.8496588499456,133.2365920208482,6015.020632555024,-3423.8496588499456,-29.7957,88.7311,3
2911,STARLINK-3399,satellite,2,177,53.2053,234.6201,71.0534,170.8484,241.9018,6914.6977,555.7971,-1094.4834570708035,4776.514560139366,-4890.628849274664,4666.719188702598,-1494.897118473369,-4890.628849274664,-45.1204,-17.7619,4
2912,STARLINK-3392,satellite,3,185,53.2339,234.5788,46.7415,300.3112,347.0527,6923.5793,542.899,-4665.245425900529,-4958.205121696079,-1242.114743707883,-1885.1955059481854,6541.739127865907,-1242.114743707883,-10.4027,106.0759,4
2913,STARLINK-3389,satellite,2,124,53.2031,244.5739,59.5473,52.639,112.1864,6913.7806,544.3557,4582.077818978517,711.2106340929497,5124.127264244442,-1725.3908747242833,-4303.984669424369,5124.127264244442,48.0336,-111.845,86
2914,STARLINK-3387,satellite,2,124,53.2332,244.5893,116.8783,50.1298,167.0081,6923.6186,539.7775,3732.984054546622,5688.660408743848,1245.7429005845916,2988.997307602134,-6112.43996229462,1245.7429005845916,10.4382,-63.9413,10
2915,STARLINK-3386,satellite,2,124,53.2128,244.578,73.2583,53.7414,126.9997,6916.4413,542.5731,4771.293395740641,2337.818998406072,4420.8885758096,-422.79227648827947,-5296.403027384575,4420.8885758096,39.9366,-94.564,119
2916,STARLINK-3370,satellite,2,124,53.2236,244.5778,95.8427,51.2169,147.0596,6920.6287,540.3869,4524.110684395353,4274.644163132183,3011.5595850722775,1369.2249517465264,-6071.687017425631,3011.5595850722775,25.9594,-77.2918,57
2917,STARLINK-3400,satellite,2,124,53.2016,244.6032,77.2988,174.8815,252.1804,6913.1489,557.7566,-2657.9466560355436,3607.286938798133,-5277.959501061158,4458.479416267029,446.2743325325225,-5277.959501061158,-49.8447,5.716,4
2918,STARLINK-3396,satellite,2,124,53.2013,244.5778,51.8603,55.0669,106.9273,6913.0732,545.0887,4440.463289630858,117.21651557108075,5293.927794559206,-2164.076751289875,-3879.2042679663805,5293.927794559206,50.1752,-119.1557,64
2919,STARLINK-3395,satellite,3,197,53.2337,244.6001,133.4221,58.8324,192.2545,6923.694,542.6357,2106.4576540600597,6485.892801253394,-1176.6609196765255,4504.353006051873,-5120.0364524649885,-1176.6609196765255,-9.8494,-48.6603,12
2920,STARLINK-3388,satellite,2,124,53.2122,244.6129,71.7781,160.4337,232.2118,6916.5909,553.3551,-1141.2925272840332,5237.005431139645,-4381.530747789722,5086.680873766013,-1689.5124169663702,-4381.530747789722,-39.4383,-18.3736,4
2921,STARLINK-3393,satellite,2,124,53.2233,244.6095,107.9413,104.2969,212.2382,6920.7463,547.563,513.3404264628552,6237.054458054188,-2957.481007221052,5102.90151677716,-3622.811451931779,-2957.481007221052,-25.4317,-35.3729,11
2922,STARLINK-3356,satellite,2,124,53.1975,244.5866,91.7671,180.3806,272.1477,6912.0193,559.2161,-3855.036000345964,1544.344126515479,-5539.899591742022,3294.6477361025027,2528.1609205232407,-5539.899591742022,-53.3134,37.501,4
2923,STARLINK-3363,satellite,3,197,53.2331,244.4737,45.7971,301.0393,346.8364,6923.6243,542.7764,-3754.9578253006093,-5674.120145806455,-1262.4580258647363,-2965.2827317264896,6123.924070378212,-1262.4580258647363,-10.5752,115.8369,4
2924,STARLINK-3253,satellite,2,124,53.2249,244.4089,82.8736,309.2847,32.1583,6920.7825,540.2804,-541.3090612259484,-6231.160190047654,2947.907835376564,-5083.565965054318,3643.861947541562,2947.907835376564,25.3723,144.3673,7
2925,STARLINK-3180,satellite,2,124,53.2338,244.5812,47.4945,304.5321,352.0266,6924.0089,541.8485,-3460.3514851879554,-5942.83149965394,-768.9280435996587,-3346.67860511236,6007.580290633225,-768.9280435996587,-6.4192,119.1211,4
2926,STARLINK-3177,satellite,2,124,53.2142,244.5638,105.4837,206.5779,312.0617,6917.4691,552.3595,-4771.449800459188,-2866.354068143442,-4116.311593654378,-31.741722850308737,5566.121747257688,-4116.311593654378,-36.653,90.3267,4
2927,STARLINK-3172,satellite,2,124,53.2281,244.6185,76.729,310.0879,26.8169,6921.7396,539.8625,-958.0685359117095,-6376.293669685913,2498.983259872694,-4995.828955691032,4076.359813247564,2498.983259872694,21.3045,140.7872,6
2928,STARLINK-3175,satellite,2,124,53.2235,244.5811,70.5221,256.2648,326.787,6920.53,547.5715,-4535.741174227923,-4255.981488955192,-3036.7587310512185,-1347.240213919556,6072.171789394116,-3036.7587310512185,-26.1634,102.5096,7
2929,STARLINK-3179,satellite,2,124,53.2006,244.606,120.7754,311.2839,72.0593,6913.1698,544.6591,2644.79202357222,-3611.785129504077,5264.331805646823,-4455.638845099278,-432.6651727379905,5264.331805646823,49.7982,-174.4537,5
2930,STARLINK-3184,satellite,2,135,53.2298,254.5721,107.5446,49.7094,157.254,6922.4179,539.6822,3239.6542901214366,5722.273273875005,2141.9518010346574,3269.5364524133147,-5705.252205358405,2141.9518010346574,18.1471,-60.1841,8
2931,STARLINK-3185,satellite,2,124,53.2152,244.6252,100.0412,306.7939,46.8351,6917.7329,541.8246,701.3926608666567,-5566.553813860764,4038.0878314741276,-5145.76339623617,2235.9767658187857,4038.0878314741276,35.912,156.5137,6
2932,STARLINK-3354,satellite,2,124,53.2348,244.6028,56.7937,310.0293,6.823,6924.0779,540.0043,-2501.6450426209835,-6416.094483047245,658.4003760890631,-4242.7477561802025,5424.351372476464,658.4003760890631,5.495,128.0313,5
2933,STARLINK-3359,satellite,2,135,53.2118,254.6976,81.0833,48.6692,129.7525,6914.4353,539.4038,4234.452519358932,3422.1742866153213,4254.185980300545,783.7249451128765,-5387.730523799803,4254.185980300545,38.1757,-81.7235,95
2934,STARLINK-3360,satellite,2,135,53.2153,254.3837,105.9853,206.0221,312.0074,6917.4774,552.2232,-4213.730162878207,-3632.684106568012,-4119.800285481333,-975.362339510967,5477.278887397019,-4119.800285481333,-36.6899,100.0971,7
2935,STARLINK-3357,satellite,2,124,53.2025,244.1855,105.2168,187.148,292.3648,6913.7611,556.9858,-4599.5276564199885,-701.4529785804755,-5126.927972717522,1742.6842681506314,4314.016977814537,-5126.927972717522,-47.9522,68.0033,4
2936,STARLINK-3364,satellite,2,135,53.2004,254.2162,120.7472,316.5991,77.3463,6912.5823,545.1437,3474.774807530751,-2555.243216497256,5398.851436981132,-3970.206022067555,-1685.4649212736922,5398.851436981132,51.5513,-156.9974,8
2937,STARLINK-3181,satellite,2,162,53.2061,224.6089,115.9503,306.1109,62.0613,6914.6911,543.6936,262.88049650080285,-4877.357597582521,4889.338182626294,-4329.291481765728,2261.6274131799746,4889.338182626294,45.206,152.4174,6
2938,STARLINK-3166,satellite,2,162,53.1989,224.608,121.7352,315.2439,76.979,6912.5641,545.045,1723.783105926304,-3964.5612983083934,5390.818002247351,-4289.3063871882605,539.4675163044226,5390.818002247351,51.4455,172.8315,4
2939,STARLINK-3419,satellite,2,162,53.2176,224.6117,81.87,140.4676,222.3376,6918.6238,550.3542,1682.082039333733,5580.831366107221,-3733.9594777577913,3942.3308124643604,-4293.379378656097,-3733.9594777577913,-32.8049,-47.4408,12
2940,STARLINK-3189,satellite,2,162,53.2086,224.5682,67.6319,54.5841,122.216,6915.4782,543.2622,5082.604124830017,90.78401252749585,4682.7915805436405,-2514.342244602371,-4418.052682311248,4682.7915805436405,42.8277,-119.6445,71
2941,STARLINK-3401,satellite,2,162,53.2207,224.565,90.6303,51.6203,142.2507,6919.6498,540.8324,5673.127158716267,2030.5604489300715,3390.1654265649227,-1147.0660579906407,-5915.3856133247145,3390.1654265649227,29.5152,-100.9742,92
2942,STARLINK-3178,satellite,2,162,53.2045,224.6066,71.9959,170.1866,242.1825,6914.6205,555.5449,-275.33206158813687,4879.636851509905,-4903.0921444412525,4337.6029932856745,-2252.0798874353945,-4903.0921444412525,-45.2688,-27.4383,4
2943,STARLINK-3174,satellite,3,241,53.23,224.5631,129.1323,73.1464,202.2788,6922.4864,544.8004,3460.830334898224,5612.907442050442,-2101.801890055902,3062.653721618447,-5839.711357715693,-2101.801890055902,-17.782,-62.3251,11
2944,STARLINK-3182,satellite,2,162,53.1998,224.5784,57.6851,44.4937,102.1787,6912.5307,545.171,3878.347273428894,-1858.8870951730605,5408.660311663719,-3577.088629061025,-2387.776318199967,5408.660311663719,51.6818,-146.2761,15
2945,STARLINK-3415,satellite,2,162,53.2073,224.5429,71.6289,165.3125,236.9414,6915.6433,554.5731,254.010410119564,5125.8103352895005,-4646.526983700899,4279.35046383385,-2832.9511978667715,-4646.526983700899,-42.3334,-33.5048,4
2946,STARLINK-3528,satellite,3,195,53.2303,274.5835,128.8524,73.1937,202.0461,6922.5209,544.8204,-2062.7157940499155,6270.182780146407,-2080.979542978786,6445.337736950117,-1423.941712330333,-2080.979542978786,-17.6001,-12.458,4
2947,STARLINK-3533,satellite,2,122,53.207,274.62,71.8148,170.0737,241.8885,6914.6979,556.0329,-3908.3661928353104,2957.06181206399,-4890.295548370929,4536.98326763397,1853.4626208463262,-4890.295548370929,-45.1145,22.2212,4
2948,STARLINK-3543,satellite,3,195,53.2278,274.6108,120.601,86.5515,207.1525,6921.6825,546.1415,-2379.8435103686797,5986.700636019764,-2530.1525591643635,6363.257527645591,-1006.5750225517663,-2530.1525591643635,-21.5626,-8.9889,4
2949,STARLINK-3445,satellite,2,122,53.2383,274.6784,131.9387,50.0308,181.9694,6924.2174,540.2712,-705.7689711069927,6879.662448023483,-190.47581434433187,6277.451890477266,-2901.975706663528,-190.47581434433187,-1.5874,-24.8104,6
2950,STARLINK-3540,satellite,2,122,53.2157,274.6919,75.0205,152.1375,227.158,6917.6525,552.1215,-3414.4385910190344,4442.996414744419,-4065.391990360691,5563.161657159863,670.7014310243636,-4065.391990360691,-36.13,6.8745,4
2951,STARLINK-3526,satellite,3,195,53.2326,274.5462,48.4768,293.3616,341.8385,6923.0513,543.9588,-765.9279938262539,-6657.630985558879,-1728.056785125914,-5335.821289065097,4054.590879825002,-1728.056785125914,-14.5452,142.7695,7
2952,STARLINK-3524,satellite,2,122,53.1996,274.5903,98.9126,182.9754,281.888,6912.5253,558.6135,-3931.31748738514,-1746.4852259745726,-5425.0112684804635,502.98421852304375,4272.291505396656,-5425.0112684804635,-51.7592,83.2854,4
2953,STARLINK-3535,satellite,2,122,53.235,274.5931,56.994,310.0357,7.0297,6924.0237,539.686,1054.8779002450158,-6802.990751854239,678.2092202744969,-6389.569783982156,2562.5862970565213,678.2092202744969,5.6611,158.1464,5
2954,STARLINK-3529,satellite,2,122,53.2168,274.611,101.5242,305.5121,47.0363,6917.6351,541.5442,3397.7813577334023,-4452.245567136422,4051.2555090308674,-5562.621040888089,-651.6562748226106,4051.2555090308674,36.0488,-173.3183,4
2955,STARLINK-3522,satellite,3,195,53.2348,274.5791,46.8898,300.1416,347.0314,6923.6211,542.7695,-388.1915030032342,-6796.383413480915,-1244.1133628585462,-5647.835685867277,3800.456842471245,-1244.1133628585462,-10.4198,146.0632,6
2956,STARLINK-3527,satellite,2,149,53.2332,264.5801,134.7835,56.5526,191.3362,6923.146,541.6106,-169.65009223599068,6830.789098221378,-1089.5299310862426,5961.961620636828,-3338.184310703827,-1089.5299310862426,-9.1151,-29.2451,8
2957,STARLINK-3532,satellite,2,122,53.2282,274.6082,77.4631,309.5575,27.0206,6921.7255,539.8945,2369.5350368250056,-5989.3383928800085,2516.5372007996175,-6360.268433870374,1016.7871578063229,2516.5372007996175,21.4613,170.9172,4
2958,STARLINK-3523,satellite,2,149,53.2311,264.5765,112.488,49.7576,162.2456,6923.1114,539.624,1879.417270954292,6438.249339642041,1689.5044226765299,4579.177035923551,-4900.4491132377725,1689.5044226765299,14.2231,-46.9411,4
2959,STARLINK-3514,satellite,3,233,53.2301,264.6069,128.0999,74.1443,202.2442,6922.492,544.9095,-959.3082203802658,6525.045926202403,-2098.747559770328,6101.752324211401,-2503.021209402847,-2098.747559770328,-17.755,-22.3041,5
2960,STARLINK-3518,satellite,2,149,53.1993,264.5818,99.3161,182.7807,282.0968,6912.5554,558.8527,-4174.412533951514,-1061.572858901475,-5420.991989589623,1216.0971216302198,4132.041230327989,-5420.991989589623,-51.7031,73.6004,4
2961,STARLINK-3525,satellite,2,149,53.2094,264.6218,71.3097,165.675,236.9848,6915.6276,554.7665,-3107.879851323494,4081.4809862029756,-4649.064570438068,5095.844921955205,591.4124976548176,-4649.064570438068,-42.3604,6.62,4
2962,STARLINK-3450,satellite,3,233,53.2318,264.5763,48.3533,293.6892,342.0425,6923.0668,543.8677,-1893.767066129081,-6433.360061238071,-1709.2515432861478,-4567.652330051848,4910.298114173944,-1709.2515432861478,-14.3838,132.9296,5
2963,STARLINK-3517,satellite,2,149,53.2089,264.5701,108.5432,193.5348,302.078,6915.457,554.9023,-3845.4038384433256,-3327.7584023997015,-4697.782720127339,-900.952004452515,5004.936777935309,-4697.782720127339,-42.9077,100.2047,5
2964,STARLINK-3447,satellite,3,233,53.2296,264.6606,54.0428,282.7373,336.7801,6922.3184,545.2131,-2218.263080215372,-6180.980054419794,-2185.845740665215,-4185.058185707609,5060.681130877902,-2185.845740665215,-18.5167,129.5899,7
2965,STARLINK-3509,satellite,2,149,53.2215,264.5683,89.2796,232.7839,322.0636,6919.5894,549.2828,-3053.33108776678,-5193.800743698947,-3408.619779350056,-2910.0123390268323,5275.436008851059,-3408.619779350056,-29.6517,118.8818,9
2966,STARLINK-3515,satellite,2,149,53.2062,264.6079,116.1023,305.9409,62.0432,6914.6944,543.7075,3335.6342968250624,-3569.216040739475,4888.5409216454245,-4771.393976759613,-1048.5985057063951,4888.5409216454245,45.1965,-167.6053,4
2967,STARLINK-3516,satellite,2,149,53.2353,264.592,53.243,308.7826,2.0256,6924.2352,540.4162,-505.93412628056484,-6897.230695210716,195.9069712891071,-5674.522682673799,3953.169984570954,195.9069712891071,1.6327,145.1369,5
2968,STARLINK-3500,satellite,2,149,53.2009,264.5799,61.0623,41.0847,102.1469,6912.52,544.9548,4165.720815014196,1065.2729276464026,5409.211842958096,-1208.4812557017456,-4126.452395658577,5409.211842958096,51.6915,-106.3233,75
2969,STARLINK-3520,satellite,2,149,53.2221,264.6221,88.2738,308.5559,36.8297,6919.8501,540.7114,1951.7502150960484,-5742.234798150399,3319.5550892723822,-5934.629921551703,1250.1028251468167,3319.5550892723822,28.8434,168.1048,3
2970,STARLINK-3521,satellite,2,149,53.2309,264.7987,71.6141,310.2073,21.8214,6922.5912,539.6296,950.4405050032182,-6533.385250200072,2059.2954079901833,-6104.4022442951355,2514.9022289001905,2059.2954079901833,17.4245,157.6092,5
2971,STARLINK-3512,satellite,2,135,53.2325,254.5268,66.6748,310.314,16.9888,6923.236,539.7156,-598.9276344103363,-6697.819471593084,1618.9218551355432,-5455.569059080351,3931.4458188962703,1618.9218551355432,13.6172,144.2224,5
2972,STARLINK-3452,satellite,2,149,53.2212,264.5959,90.2898,51.9116,142.2014,6919.652,540.7765,3040.248663842431,5199.813040478804,3393.916420494792,2921.856562714696,-5267.249929598004,3393.916420494792,29.5513,-60.9819,28
2973,STARLINK-3449,satellite,2,149,53.1988,264.5947,114.4099,327.635,82.0449,6912.2051,545.2113,3991.153141412576,-1338.2227835044325,5479.62278286764,-3186.7824762614155,-2750.3747136510306,5479.62278286764,52.6391,-139.2039,21
2974,STARLINK-3502,satellite,2,135,53.2349,254.5945,47.1486,304.6811,351.8297,6923.9987,541.8306,-2386.995180581368,-6446.993889105594,-787.7961848314166,-4327.803769305607,5341.497049766827,-787.7961848314166,-6.5774,129.0152,4
2975,STARLINK-3446,satellite,2,149,53.2051,264.6192,64.8259,52.0877,116.9136,6914.5016,543.6929,3968.0553186092525,2768.2903550233564,4934.741817425465,357.1720409130203,-4825.072293183652,4934.741817425465,45.7428,-85.7664,96
2976,STARLINK-3501,satellite,2,135,53.2218,254.6135,89.4372,307.5392,36.9764,6919.8283,540.8593,935.0915394561067,-5986.158374468136,3330.9345260568703,-5625.882031183795,2248.9863589138727,3330.9345260568703,28.9508,158.2106,4
2977,STARLINK-3451,satellite,2,149,53.2067,264.7936,72.5861,169.4797,242.0658,6914.6855,555.9101,-3354.030493369013,3562.334933799841,-4898.223594047629,4774.858416203139,1067.9315690782585,-4898.223594047629,-45.2086,12.6071,4
2978,STARLINK-3505,satellite,2,135,53.2009,254.6139,121.9239,310.0543,71.9782,6913.1184,544.6057,3227.9676225414505,-3105.666073436007,5261.89954318005,-4317.760060205699,-1192.4281086756585,5261.89954318005,49.7676,-164.5615,6
2979,STARLINK-3506,satellite,2,135,53.2343,254.61,63.1971,308.5919,11.789,6923.706,539.8241,-981.495296389041,-6753.155593905192,1132.157849870962,-5308.033664945299,4288.731992574749,1132.157849870962,9.4773,141.0628,5
2980,STARLINK-3511,satellite,2,135,53.2145,254.4983,78.784,53.2993,132.0833,6917.5175,542.0311,4198.609220793717,3643.273732203693,4108.789244680469,992.1834685515342,-5469.674107424728,4108.789244680469,36.639,-79.7185,93
2981,STARLINK-3507,satellite,2,135,53.2122,254.6228,106.7533,305.1138,51.8671,6916.6638,542.6067,2007.607897581426,-4978.818764690089,4354.292353597426,-5306.476529670427,812.6700450480237,4354.292353597426,39.2193,171.293,4
2982,STARLINK-3457,satellite,2,135,53.1998,254.3568,80.3434,176.9645,257.3079,6912.5996,558.5566,-3486.038917580779,2555.865323393105,-5408.476598423901,3976.4864839303523,1694.8363134327553,-5408.476598423901,-51.5396,23.0844,4
2983,STARLINK-3460,satellite,2,135,53.2059,254.5711,62.8942,54.2342,117.1284,6914.5613,543.9605,4389.660912957307,2057.735216526728,4925.590846348542,-469.0481694991211,-4825.286620167656,4925.590846348542,45.6319,-95.5521,104
2984,STARLINK-3513,satellite,2,135,53.2001,254.5855,95.6048,181.4825,277.0873,6912.2205,559.3047,-4194.901048769697,270.44830296992546,-5501.8439519831745,2372.271202501855,3470.254520251911,-5501.8439519831745,-52.7894,55.6434,4
2985,STARLINK-3459,satellite,2,135,53.2028,254.5846,105.2158,186.6624,291.8782,6913.7158,557.0853,-4395.65521236824,-1464.143706057433,-5144.689708126804,982.6769924151794,4527.6757245396375,-5144.689708126804,-48.1711,77.7546,4
2986,STARLINK-3458,satellite,3,249,53.2293,254.5259,53.106,283.9626,337.0686,6922.3695,545.1046,-3256.4028488689632,-5712.438312924529,-2160.140212783873,-3252.534259212849,5714.641886044712,-2160.140212783873,-18.2916,119.6467,8
2987,STARLINK-3456,satellite,2,135,53.2179,254.5683,96.7793,220.2985,317.0777,6918.5189,550.8817,-4069.949204456685,-4135.413977158492,-3775.81313377295,-1481.116853832098,5610.029247216981,-3775.81313377295,-33.2162,104.7893,7
2988,STARLINK-3622,satellite,2,176,53.2281,284.5708,100.8057,51.4054,152.2111,6921.6418,540.3771,328.8446963613744,6406.750784120931,2582.600225451414,5342.967742514892,-3550.6746044384977,2582.600225451414,22.0517,-33.6061,4
2989,STARLINK-3621,satellite,3,203,53.2342,284.597,131.7977,60.4242,192.2219,6923.7118,542.823,-2553.108172558943,6324.192171609405,-1173.6137854115645,6741.922494465827,-1029.68395289459,-1173.6137854115645,-9.8234,-8.6836,4
2990,STARLINK-3612,satellite,2,176,53.2357,284.5835,121.3604,50.8887,172.249,6924.0309,540.012,-1185.5146784545,6774.45352519333,747.429302552339,6431.656288690938,-2435.664796719314,747.429302552339,6.2407,-20.7417,4
2991,STARLINK-3614,satellite,2,176,53.2247,284.5989,106.6498,105.5924,212.2422,6920.7456,547.6687,-3615.072998595056,5108.280770393757,-2957.908764242809,6237.734295853175,503.940540820818,-2957.908764242809,-25.4352,4.6188,4
2992,STARLINK-3623,satellite,2,176,53.2019,284.6035,77.7728,174.4082,252.1809,6913.1555,557.8685,-4354.869138641865,1054.7840518696355,-5278.0819088904545,3128.5023903758474,3207.7916709453675,-5278.0819088904545,-49.8452,45.7169,4
2993,STARLINK-3624,satellite,2,176,53.2161,284.5842,75.2511,151.7604,227.0116,6917.7036,551.9918,-4123.166426337034,3804.657239129261,-4055.7108144470462,5375.594230508227,1605.8968694963762,-4055.7108144470462,-36.0314,16.6329,4
2994,STARLINK-3629,satellite,2,176,53.2038,284.5745,104.9814,187.2082,292.1896,6913.697,557.0753,-3058.2577687383236,-3496.8947884513277,-5133.487521879306,-1447.9239712046015,4414.15109790744,-5133.487521879306,-48.0324,108.1605,3
2995,STARLINK-3620,satellite,2,176,53.2129,284.6106,72.3213,159.7864,232.1077,6916.6734,553.4317,-4238.468970972501,3289.186318959376,-4375.455797921372,4991.028570707104,1967.9938173458834,-4375.455797921372,-39.3726,21.5196,4
2996,STARLINK-3608,satellite,2,176,53.2142,284.5684,106.3507,205.6426,311.9933,6917.4767,552.1296,-1816.9449406943265,-5257.636157948056,-4120.595168722702,-3595.5498509558824,4244.531559096791,-4120.595168722702,-36.6987,130.268,16
2997,STARLINK-3625,satellite,2,176,53.2019,284.5474,101.4222,185.4688,286.891,6913.0413,557.9423,-3335.7368102806995,-2943.888818226523,-5304.833062912439,-830.7310675187641,4370.755922606517,-5304.833062912439,-50.1886,100.7616,3
2998,STARLINK-3615,satellite,2,122,53.1986,274.4679,88.1441,178.9897,267.1338,6912.0684,559.3301,-4156.82661505893,22.46490233477306,-5537.0441964854535,2139.5507222200754,3563.9914262729008,-5537.0441964854535,-53.2726,59.0226,4
2999,STARLINK-3611,satellite,2,176,53.2123,284.615,108.201,198.6092,306.8102,6916.4133,553.8031,-2165.2623739618207,-4851.422118771788,-4439.031737928599,-3068.486677889725,4336.9398462759655,-4439.031737928599,-40.0548,125.2803,13
3000,STARLINK-3617,satellite,2,176,53.2249,284.6031,82.6209,309.4188,32.0397,6920.8012,540.2409,3602.8749443479956,-5118.27000459693,2938.187452215767,-6240.104698439755,-488.35341411453817,2938.187452215767,25.283,-175.5251,5
3001,STARLINK-3580,satellite,2,176,53.2345,284.5633,61.6192,310.4193,12.0384,6923.7687,539.3242,2536.726913040392,-6330.275365637141,1155.6839049635225,-6738.799476008876,1046.8769069371838,1155.6839049635225,9.6768,171.1696,4
3002,STARLINK-3616,satellite,2,158,53.2359,294.7419,126.273,50.8621,177.135,6924.2211,540.3587,-2704.0047330889834,6362.131955525676,277.0233053340529,6851.522176218102,-919.2434306973033,277.0233053340529,2.309,-7.6415,5
3003,STARLINK-3628,satellite,3,203,53.234,284.6251,46.1399,300.6721,346.8119,6923.5979,542.9119,786.8460499314596,-6758.115795854537,-1264.8048602165652,-6214.258952733659,2770.2421346952556,-1264.8048602165652,-10.5948,155.9733,6
3004,STARLINK-3632,satellite,2,158,53.1985,294.5853,95.3418,181.7564,277.0982,6912.229,559.0361,-3386.7087945848853,-2490.355465155585,-5501.38654644541,-414.6304841759672,4183.270056276657,-5501.38654644541,-52.7861,95.6605,4
3005,STARLINK-3646,satellite,2,176,53.2159,284.5868,100.1095,306.764,46.8735,6917.7111,541.8238,4113.7882330901575,-3812.398589194978,4040.6498186995673,-5377.469435775342,-1593.8817700535121,4040.6498186995673,35.9382,-163.4902,9
3006,STARLINK-3638,satellite,2,158,53.2189,294.568,100.8775,216.2027,317.0802,6918.575,550.9755,-459.3410595636807,-5784.204423765728,-3775.7368402296156,-4740.93028919511,3345.3841360753286,-3775.7368402296156,-33.2149,144.7917,16
3007,STARLINK-3619,satellite,2,158,53.2097,294.612,71.3437,165.8615,237.2051,6915.6097,554.6598,-4730.347848435489,1957.5594438726062,-4660.561168484764,4096.531348324146,3070.2867383504495,-4660.561168484764,-42.4902,36.851,4
3008,STARLINK-3641,satellite,2,158,53.2334,294.6044,68.1556,308.8476,17.0032,6923.2026,539.5995,3854.547474115621,-5509.630495683271,1620.2500292589273,-6705.0971263870215,-505.2098127419068,1620.2500292589273,13.6288,-175.6911,4
3009,STARLINK-3639,satellite,2,158,53.2059,294.5711,106.5617,190.4451,297.0068,6914.5126,556.1446,-2052.6594029925,-4395.448313467931,-4939.605530418762,-2733.7198812448987,4007.5119603000544,-4939.605530418762,-45.6947,124.2998,9
3010,STARLINK-3631,satellite,2,158,53.2222,294.6115,87.6667,309.3609,37.0277,6919.8264,540.5958,4564.948981785573,-3979.9885937828126,3334.776950842015,-5751.738885385357,-1896.462023688436,3334.776950842015,28.9885,-161.7516,9
3011,STARLINK-3602,satellite,3,230,53.2304,294.5751,53.2886,283.7421,337.0308,6922.3551,545.1501,1179.9021242493397,-6467.590155346465,-2163.5537633806193,-6164.848315234324,2283.973881307562,-2163.5537633806193,-18.3214,159.6712,8
3012,STARLINK-3626,satellite,2,158,53.2003,294.6004,121.6757,315.419,77.0947,6912.6133,545.0607,4310.993483573439,276.3834587759491,5393.429641227713,-1961.1337417376265,-3849.026770329844,5393.429641227713,51.48,-116.9995,61
3013,STARLINK-3573,satellite,2,158,53.207,294.5688,64.0152,53.1968,117.212,6914.5658,543.6764,2033.765549319407,4404.66078851137,4921.777911877298,2751.2808773398347,-3995.959522496721,4921.777911877298,45.5891,-55.452,22
3014,STARLINK-3586,satellite,2,158,53.2362,294.7865,50.111,306.761,356.872,6924.2379,541.1541,2691.3396929918194,-6367.199350835406,-302.46405031015337,-6849.420921393825,932.7218009270933,-302.46405031015337,-2.5209,172.2454,4
3015,STARLINK-3634,satellite,3,230,53.2328,294.6035,129.3017,67.9216,197.2233,6923.1454,543.9447,-3867.445484504261,5499.681477727584,-1641.6022809129215,6703.118334464373,521.378486552548,-1641.6022809129215,-13.803,4.4476,4
3016,STARLINK-3637,satellite,2,158,53.2185,294.5641,84.7203,52.5178,137.2381,6918.6049,541.3557,446.1309930737908,5784.481640751957,3759.3041789928575,4747.906650739803,-3334.163036061404,3759.3041789928575,33.1041,-35.078,4
3017,STARLINK-3592,satellite,2,158,53.2319,294.5738,107.2729,50.0075,157.2804,6922.4021,539.6343,-1198.8505934558143,6466.204535259425,2139.645579132834,6173.3213305577565,-2266.968810310262,2139.645579132834,18.127,-20.1643,4
3018,STARLINK-3544,satellite,2,158,53.2226,294.6149,92.982,124.262,217.244,6919.7403,549.1279,-4575.538877168778,3965.0637633618867,-3355.573950949532,5744.302926345626,1913.1833561855804,-3355.573950949532,-29.1468,18.4207,4
3019,STARLINK-3601,satellite,2,122,53.2249,274.5705,96.127,51.1316,147.2587,6920.65,540.302,1768.2775514652262,5975.76186511986,2995.420304313599,4238.061231597389,-4568.957470240653,2995.420304313599,25.8105,-47.1517,4
3020,STARLINK-3605,satellite,2,122,53.2114,274.6451,73.5192,53.5951,127.1143,6916.4667,542.4612,2952.188641428405,4424.270703971305,4414.082886564242,2299.6979619135222,-4795.933519198158,4414.082886564242,39.8637,-64.3818,42
3021,STARLINK-3606,satellite,2,176,53.212,284.6128,105.6119,306.4535,52.0654,6916.622,542.4317,4231.13823605314,-3288.148840652493,4365.945241183458,-4986.397085862843,-1962.2175396662203,4365.945241183458,39.3454,-158.5197,4
3022,STARLINK-3609,satellite,2,176,53.215,284.5662,79.5678,52.649,132.2168,6917.526,541.8023,1798.8872689645716,5266.390362221423,4100.039504135411,3612.2901680429195,-4233.464608993674,4100.039504135411,36.5499,-49.5269,8
3023,STARLINK-3607,satellite,2,176,53.1993,284.5491,76.6652,15.4737,92.1389,6912.0559,545.3072,3938.855047778514,1288.683518252173,5528.931739138687,-900.6020526073424,-4045.268871220369,5528.931739138687,53.316,-102.5511,69
3024,STARLINK-3613,satellite,2,122,53.2043,274.8282,74.4828,172.5487,247.0315,6913.8617,556.9099,-4031.9451102768335,2370.7327896397,-5104.555752351851,4095.691211017947,2258.8202310384168,-5104.555752351851,-47.6773,28.8772,4
3025,STARLINK-3569,satellite,2,176,53.2039,284.5738,60.9746,51.2225,112.1971,6913.7324,544.1123,3052.157958863062,3491.0668862119373,5123.6099184247505,1446.0224278815342,-4405.931836504083,5123.6099184247505,48.0295,-71.8302,63
3026,STARLINK-3610,satellite,2,122,53.2032,274.6076,119.4551,307.6267,67.0817,6913.8558,544.0761,4016.387276168312,-2376.131132246486,5096.903191771767,-4092.399120681567,-2242.6848523237527,5096.903191771767,47.6999,-151.2767,6
3027,STARLINK-3552,satellite,2,122,53.2343,274.6097,117.3999,49.8359,167.2358,6923.6299,539.6259,369.5924302510223,6797.845907791917,1224.2663706919009,5658.580263376024,-3785.2050081222137,1224.2663706919009,10.2565,-33.7798,5
3028,STARLINK-3599,satellite,2,122,53.202,274.5775,58.5026,48.6968,107.1994,6913.0514,544.6584,3778.432263084445,2352.404447392231,5285.955251125475,96.17122468561308,-4449.84360920366,5285.955251125475,50.0765,-88.7619,83
3029,STARLINK-3604,satellite,2,122,53.1982,274.5932,103.5429,343.5734,87.1163,6911.9935,545.5347,4148.727702676445,-15.4511460255336,5525.898584481822,-2129.386989905837,-3560.6026647308227,5525.898584481822,53.2714,-120.8812,48
3030,STARLINK-3542,satellite,3,184,53.2291,324.5721,62.7809,269.2804,332.0612,6921.5257,546.4662,3857.3518300996448,-5126.495102209031,-2597.719327029042,-6376.977712066168,-703.0436927798987,-2597.719327029042,-22.1669,-173.7087,5
3031,STARLINK-3545,satellite,2,121,53.2046,324.5266,120.7679,311.3863,72.1541,6913.0905,544.462,4010.933711506375,1979.5406370669593,5267.258302802202,-343.1330946007405,-4459.64461042441,5267.258302802202,49.8377,-94.3998,79
3032,STARLINK-3568,satellite,2,121,53.2365,324.6077,57.4948,309.3347,6.8295,6924.0606,539.9436,5884.646677303945,-3576.836274193779,659.0280750765546,-6078.095727715257,-3237.2174121955927,659.0280750765546,5.5003,-151.9601,7
3033,STARLINK-3571,satellite,2,121,53.2055,324.618,119.8042,307.0993,66.9035,6913.8653,544.1752,4414.803837179853,1534.4903202016235,5090.424223865239,-931.936039088369,-4580.027148677038,5090.424223865239,47.6193,-101.5014,89
3034,STARLINK-3563,satellite,2,121,53.2133,324.6145,104.1849,307.8103,51.9952,6916.6505,542.3404,5358.3329987842435,194.52336833209262,4361.802211405509,-2565.750006451153,-4708.131133590409,4361.802211405509,39.3016,-118.5887,71
3035,STARLINK-3560,satellite,2,119,53.222,314.5762,90.7705,231.0864,321.857,6919.5561,549.4752,1997.7048923711054,-5674.622995529668,-3424.4577664593994,-5899.913961488082,1176.0893781662817,-3424.4577664593994,-29.8022,168.7264,13
3036,STARLINK-3559,satellite,2,119,53.2012,314.5745,102.0063,185.1531,287.1594,6913.0372,557.9447,-1389.132357454799,-4236.188551346428,-5297.209329856207,-2935.172397012208,3355.554372812946,-5297.209329856207,-50.0902,131.1769,5
3037,STARLINK-3562,satellite,2,119,53.2359,314.5991,56.9375,310.0986,7.036,6924.057,539.9494,5181.886892373065,-4532.5779078452415,678.8543404543491,-6541.717535672378,-2145.261275348772,678.8543404543491,5.6663,-161.8438,9
3038,STARLINK-3508,satellite,2,119,53.2115,314.5694,109.6032,197.4308,307.034,6916.4639,553.82,568.3935317876574,-5293.198386263157,-4426.012903976802,-4842.802222010943,2210.9470825424123,-4426.012903976802,-39.914,155.4613,19
3039,STARLINK-3555,satellite,2,119,53.2144,314.6151,100.615,306.4481,47.0631,6917.6511,541.9831,5464.529109119592,-1223.5182692336512,4053.1457772974104,-3839.629627527254,-4076.1893556333707,4053.1457772974104,36.0656,-133.2883,36
3040,STARLINK-3548,satellite,2,119,53.2276,314.5348,76.9792,310.1127,27.0919,6921.6782,539.9567,5661.691333377269,-3066.2438005809304,2522.677038868665,-5525.194653675056,-3305.877166205794,2522.677038868665,21.516,-149.1067,9
3041,STARLINK-3503,satellite,2,119,53.1995,314.5938,102.1651,344.9776,87.1427,6912.0064,545.3322,3185.6626376250315,2657.116898869639,5525.9574115492205,660.6139916735158,-4095.4005675908998,5525.9574115492205,53.2745,-80.8368,59
3042,STARLINK-3553,satellite,2,119,53.2019,314.4385,60.9345,41.1202,102.0547,6912.5355,544.9452,1879.7299820198332,3864.4009078259273,5411.1337317369735,2365.149394524208,-3587.902942289814,5411.1337317369735,51.7172,-56.6071,22
3043,STARLINK-3590,satellite,2,119,53.2015,314.5798,57.6941,49.4751,107.1691,6913.0381,544.6267,1385.109040651899,4228.80448385503,5286.763954050331,2930.8732003727782,-3348.3274482201805,5286.763954050331,50.0873,-48.8035,12
3044,STARLINK-3578,satellite,2,119,53.2049,314.6105,119.5489,307.5231,67.072,6913.8318,544.105,4604.514646898394,760.6295460900751,5096.674462070809,-1694.327838422168,-4348.490038603595,5096.674462070809,47.6969,-111.2877,87
3045,STARLINK-3588,satellite,2,119,53.2356,314.5814,117.2639,50.0183,167.2822,6923.6442,539.6152,-4086.9615908141614,5445.603942642652,1219.9160193899927,6768.5703381835565,737.775658298081,1219.9160193899927,10.2197,6.2207,5
3046,STARLINK-3591,satellite,2,119,53.2116,314.5697,76.7004,50.4992,127.1995,6916.4682,542.4765,-583.8157358137464,5290.823801135311,4409.142965315294,4848.625985556748,-2196.4706599969677,4409.142965315294,39.8103,-24.3709,9
3047,STARLINK-3567,satellite,2,119,53.2369,314.5967,132.2859,54.9954,187.2813,6924.0278,541.6578,-5192.891565966462,4518.933516231335,-702.575963247459,6535.594493801811,2161.6862752471625,-702.575963247459,-5.8635,18.3019,4
3048,STARLINK-3554,satellite,2,119,53.2251,314.5722,96.2863,50.9652,147.2515,6920.6498,540.2682,-2486.090358731699,5714.188847887841,2995.995505232181,6183.051619596632,-776.1907822874145,2995.995505232181,25.8159,-7.1552,8
3049,STARLINK-3574,satellite,3,225,53.2281,314.6093,118.3909,88.8582,207.249,6921.6361,546.2932,-5671.935045245579,3048.412252780767,-2538.5203328959847,5515.08193874129,3323.7833306878615,-2538.5203328959847,-21.6369,31.0762,3
3050,STARLINK-3585,satellite,2,119,53.2251,314.4826,82.6091,244.5209,327.13,6920.6164,548.41,2469.228381431565,-5724.27718609404,-3009.3921347894893,-6183.128388433804,795.8400813278008,-3009.3921347894893,-25.9069,172.6657,7
3051,STARLINK-3583,satellite,2,119,53.2157,314.612,75.07,152.1544,227.2243,6917.6083,551.9263,-5467.845312161639,1209.8916825011333,-4069.634828154034,3829.6003249749765,4085.9921184536065,-4069.634828154034,-36.1747,46.8552,4
3052,STARLINK-3556,satellite,2,145,53.2225,304.5665,90.0524,232.0712,322.1236,6919.6003,549.3616,1004.7476954366693,-5943.128748682267,-3404.125574960294,-5624.399324983377,2167.1247052316776,-3404.125574960294,-29.6084,158.9279,16
3053,STARLINK-3575,satellite,2,119,53.1987,314.5914,87.7927,179.3834,267.1761,6912.0189,559.2599,-3189.5065838858573,-2665.3468983898347,-5537.197553008699,-665.732297280546,4102.904683972699,-5537.197553008699,-53.2755,99.2164,4
3054,STARLINK-3572,satellite,2,145,53.2362,304.5917,53.0262,308.9975,2.0237,6924.2386,540.4015,4045.7435420240727,-5608.884841874604,195.72151642674396,-6887.991007317744,-619.0394659067153,195.72151642674396,1.6311,-174.8645,4
3055,STARLINK-3566,satellite,2,119,53.2042,314.3256,74.3129,173.0743,247.3872,6913.8006,557.0153,-4598.634500410507,-770.427291360997,-5117.916156553611,1682.9011898643182,4348.4297240260075,-5117.916156553611,-47.8408,68.8429,4
3056,STARLINK-3504,satellite,2,145,53.2183,304.6153,94.4894,307.5651,42.0545,6918.717,541.235,5197.83540555116,-2649.387630908831,3708.84732159762,-4930.046290709009,-3119.517798231041,3708.84732159762,32.6057,-147.6762,9
3057,STARLINK-3570,satellite,3,229,53.2313,304.5825,54.7008,282.1556,336.8564,6922.34,545.2385,2271.6770848546203,-6163.973676755185,-2179.1221009632227,-6460.565749918921,1190.0329644841752,-2179.1221009632227,-18.4577,169.5631,4
3058,STARLINK-3576,satellite,3,229,53.2319,304.7576,48.6002,293.313,341.9132,6923.0527,543.8887,2693.9544442269407,-6138.101663932382,-1721.1538731301948,-6653.69867963928,813.619361191741,-1721.1538731301948,-14.486,173.0284,5
3059,STARLINK-3577,satellite,2,145,53.2318,304.6064,72.3782,309.6645,22.0427,6922.5168,539.6893,4919.417788465781,-4393.84089940216,2079.1738068995746,-6288.50959623856,-1990.2653804827842,2079.1738068995746,17.5979,-162.4378,9
3060,STARLINK-3584,satellite,2,145,53.1996,304.5826,56.7823,45.3452,102.1275,6912.5483,545.1328,2507.929637181911,3492.2776429441155,5409.651993976462,1724.6525253206826,-3938.4372366927078,5409.651993976462,51.6955,-66.3513,35
3061,STARLINK-3565,satellite,2,145,53.2068,304.6093,116.6148,305.3951,62.0099,6914.7263,543.5903,4850.470481633732,-593.5410812732755,4886.993501860578,-2984.5552319249487,-3869.3390877446536,4886.993501860578,45.1793,-127.6442,57
3062,STARLINK-3551,satellite,2,145,53.2086,304.5696,67.7461,54.4531,122.1992,6915.4789,543.1947,794.550095430837,5020.078472489686,4683.605744188057,3912.6990803662884,-3243.961101894462,4683.605744188057,42.8374,-39.6616,5
3063,STARLINK-3536,satellite,2,145,53.1998,304.5992,113.3677,328.7775,82.1452,6912.2328,545.1889,3911.389674652978,1550.9915094993562,5481.009060905592,-660.9716785118076,-4155.437436627618,5481.009060905592,52.6583,-99.0379,70
3064,STARLINK-3547,satellite,2,145,53.2369,304.5948,129.5814,52.6858,182.2673,6924.2158,540.9511,-4060.220050963277,5598.214779372811,-219.28525121996898,6886.197144410712,636.9336437511932,-219.28525121996898,-1.8274,5.2845,5
3065,STARLINK-3549,satellite,3,229,53.231,304.6092,127.4153,74.8273,202.2426,6922.4855,544.965,-4929.232100684171,4381.82138789277,-2098.647422562562,6283.177022768384,2004.8377187107271,-2098.647422562562,-17.754,17.6969,4
3066,STARLINK-3587,satellite,2,145,53.2333,304.5783,113.0423,49.1334,162.1756,6923.133,539.5971,-2693.5106736954613,6140.505827140956,1695.986370451753,6655.540245598531,-815.2273312896599,1695.986370451753,14.2789,-6.9833,5
3067,STARLINK-3579,satellite,2,145,53.2079,304.6107,70.5797,171.427,242.0067,6914.7835,556.0668,-4859.269528064749,594.8934190883842,-4895.740350574017,2990.206465637497,3876.2177208347034,-4895.740350574017,-45.1781,52.3526,4
3068,STARLINK-3595,satellite,2,145,53.2198,304.6151,82.2828,139.9343,222.2171,6918.7125,550.5522,-5204.415329908968,2637.2140626376863,-3725.564364649888,4922.931477588896,3131.3866904823244,-3725.564364649888,-32.721,32.4597,4
3069,STARLINK-3594,satellite,2,145,53.1988,304.5955,84.8395,177.3613,262.2007,6912.2383,559.1722,-3916.1590643454706,-1559.7165568871678,-5492.757283865198,655.8995937507291,4163.9900669911285,-5492.757283865198,-52.6669,81.0485,4
3070,STARLINK-3593,satellite,2,145,53.2218,304.7894,90.2194,51.8749,142.0944,6919.623,540.8168,-1023.9516944809208,5931.0318455146125,3402.1218174994588,5623.78948032837,-2144.436454196484,3402.1218174994588,29.6296,-20.8726,6
3071,STARLINK-3598,satellite,2,145,53.2002,304.5805,99.5298,182.5606,282.0904,6912.51,558.584,-2515.8422446065415,-3495.6619179228546,-5420.9742999901355,-1723.5275747281985,3946.969361841374,-5420.9742999901355,-51.7057,113.5895,4
3072,STARLINK-3597,satellite,2,145,53.2099,304.5693,108.6321,193.4581,302.0902,6915.4565,554.9841,-805.6176715403294,-5021.75791452385,-4697.271750159155,-3908.4985150960842,3254.337373763312,-4697.271750159155,-42.9013,140.2182,13
3073,STARLINK-3699,satellite,3,189,53.061,336.2746,75.4877,251.5334,327.0211,6928.0671,555.3104,4409.54378988076,-4414.007983549705,-3014.7688273004605,-6045.790159030961,-1541.4163184165716,-3014.7688273004605,-25.9287,-165.6968,5
3074,STARLINK-3677,satellite,3,189,53.0713,336.362,44.7267,302.1205,346.8472,6931.1147,550.0527,5800.016421773523,-3572.3835303555975,-1260.0996986047498,-6031.099304966918,-3166.6947681180177,-1260.0996986047498,-10.5439,-152.2978,2
3075,STARLINK-3671,satellite,3,189,53.0535,336.3752,96.0813,310.8474,46.9287,6925.232,549.0951,5547.241981905124,889.9781419053817,4039.970349388314,-2063.9168075878038,-5225.342295987566,4039.970349388314,35.8876,-111.5531,94
3076,STARLINK-3679,satellite,3,189,53.0723,336.3006,57.639,309.324,6.963,6931.5385,547.495,6497.359651874037,-2301.1896547696,671.1394183510046,-5293.3818685787355,-4414.8912406107165,671.1394183510046,5.5955,-140.1705,3
3077,STARLINK-3672,satellite,2,179,53.0409,336.3691,116.9894,309.9949,66.9843,6921.4071,551.6558,4012.685612960935,2423.152695819358,5088.04518611235,37.54148927151748,-4687.41991422825,5088.04518611235,47.5224,-89.5411,95
3078,STARLINK-3660,satellite,2,121,53.2349,324.5877,117.3588,49.7457,167.1045,6923.6507,539.6605,-4959.886993071221,4660.10902505081,1236.6607623207994,6538.178961747167,1889.2620182398784,1236.6607623207994,10.3615,16.1171,5
3079,STARLINK-3649,satellite,2,148,53.1992,344.5944,84.2093,177.9711,262.1805,6912.2184,559.1052,-1999.7109077483267,-3711.1236819410337,-5492.468109053658,-2172.112253176586,3612.922785893901,-5492.468109053658,-52.6636,121.0146,4
3080,STARLINK-3635,satellite,2,148,53.2382,344.5925,129.2235,53.0562,182.2797,6924.2281,540.9601,-6708.892388398419,1678.0197833089044,-220.4893323394044,4865.263207677158,4914.6924005790315,-220.4893323394044,-1.8375,45.2896,3
3081,STARLINK-3655,satellite,3,228,53.2325,344.6111,128.1773,74.1143,202.2916,6922.4309,544.8397,-6591.164352580867,184.29508275113028,-2103.032783172393,3520.40364617764,5575.317961178374,-2103.032783172393,-17.7926,57.7306,4
3082,STARLINK-3664,satellite,2,148,53.2389,344.6726,51.1633,305.6261,356.7895,6924.2107,540.9244,6601.142103126022,-2049.7221946824707,-310.4408900883023,-5130.0200252392315,-4632.421902383401,-310.4408900883023,-2.5875,-137.9179,4
3083,STARLINK-3651,satellite,2,148,53.2111,344.6208,70.6817,166.3633,237.045,6915.5955,554.6201,-4553.7914469322095,-2355.569772988284,-4652.232157865809,296.5852617390773,5118.375003855051,-4652.232157865809,-42.397,86.6837,4
3084,STARLINK-3645,satellite,2,148,53.2343,344.4215,112.5003,49.8632,162.3635,6923.0892,539.4769,-6012.289417824202,2978.304664451189,1678.6775131626362,5628.380536878929,3652.2945185259982,1678.6775131626362,14.1304,32.9798,4
3085,STARLINK-3644,satellite,2,148,53.2388,344.5922,55.9484,306.0666,2.015,6924.2363,540.5251,6704.541248592668,-1696.7009807070986,194.88828203770098,-4879.112300367011,-4901.421297177003,194.88828203770098,1.6242,-134.8693,4
3086,STARLINK-3640,satellite,2,148,53.2011,344.5803,59.7092,42.5079,102.2171,6912.5173,545.0564,-334.0166929507524,4288.630103734448,5407.882382378072,3859.1875118412595,-1900.1544848447377,5407.882382378072,51.6726,-26.2143,10
3087,STARLINK-3642,satellite,2,148,53.2326,344.6085,72.2299,309.8337,22.0636,6922.512,539.7183,6592.281761456592,-201.92459680754374,2081.075003420448,-3536.1374284365597,-5567.286992102993,2081.075003420448,17.6144,-122.4222,8
3088,STARLINK-3657,satellite,3,184,53.2336,324.5998,133.2198,59.0412,192.261,6923.6507,542.5628,-6021.621905983596,3200.2528213876776,-1177.256548100905,5824.046986777763,3547.1150524371437,-1177.256548100905,-9.8545,31.3434,4
3089,STARLINK-3652,satellite,2,148,53.2089,344.6097,114.7464,307.3535,62.0999,6914.671,543.5421,4088.6507518488147,2668.456480038368,4891.156803175255,209.79018976983343,-4877.879973177792,4891.156803175255,45.2287,-87.5373,98
3090,STARLINK-3643,satellite,2,121,53.2018,324.6048,77.0231,175.1825,252.2056,6913.1294,557.7194,-4011.899107009024,-1993.3902030331903,-5278.688466690675,331.7129477701839,4467.539083953281,-5278.688466690675,-49.8544,85.7536,4
3091,STARLINK-3648,satellite,2,148,53.2109,344.5697,70.3902,51.8396,122.2298,6915.4134,542.7893,-2621.4116749003742,4355.584058769176,4681.904297351558,5083.484158913908,33.173308238932044,4681.904297351558,42.8213,0.3739,19
3092,STARLINK-3647,satellite,2,121,53.1989,324.5903,91.6627,180.4978,272.1605,6912.0053,559.2306,-2188.7229232843315,-3529.200517333245,-5539.965901230743,-1919.2256702584898,3682.7078560586915,-5539.965901230743,-53.3141,117.5261,4
3093,STARLINK-3636,satellite,2,121,53.2266,324.6127,107.3245,104.8468,212.1713,6920.8051,547.6407,-6054.368422742216,1594.2458781526932,-2952.1745298528817,4459.359991994348,4394.440280639286,-2952.1745298528817,-25.3826,44.5799,4
3094,STARLINK-3538,satellite,2,121,53.2045,324.573,104.958,187.168,292.126,6913.7217,557.059,-101.89741016793757,-4641.8069060641,-5135.832708369583,-3940.6267415250495,2455.2424155999297,-5135.832708369583,-48.0616,148.0747,13
3095,STARLINK-3589,satellite,2,121,53.2128,324.6165,71.5367,160.695,232.2316,6916.5711,553.3829,-5354.571758256949,-216.66844240005574,-4382.752738705205,2544.783702916266,4716.191242266025,-4382.752738705205,-39.4512,61.6494,4
3096,STARLINK-3618,satellite,2,121,53.1987,324.5883,81.3245,10.7752,92.0997,6912.0015,545.34,2190.5269974273865,3517.949924634587,5529.053943843754,1908.6284088748387,-3678.5211424607364,5529.053943843754,53.3173,-62.5771,25
3097,STARLINK-3653,satellite,2,121,53.2358,324.4952,122.3493,49.9892,172.3385,6924.0207,539.9149,-5260.692780135311,4431.169450619461,738.8512037831892,6494.687808491702,2264.7696344882893,738.8512037831892,6.1689,19.2242,5
3098,STARLINK-3659,satellite,2,121,53.2013,324.587,56.8204,50.2458,107.0661,6913.0287,544.7041,640.1539412710757,4400.1238369755465,5289.72396875199,3458.2029290672976,-2794.945321582457,5289.72396875199,50.1247,-38.9454,5
3099,STARLINK-3668,satellite,2,121,53.2048,324.6113,59.9035,52.2874,112.1908,6913.7205,544.1007,91.66726940552762,4635.922316471945,5123.8889490714455,3940.7831525698475,-2443.441580448472,5123.8889490714455,48.033,-31.8006,7
3100,STARLINK-3712,satellite,2,109,53.2375,34.5932,132.3206,54.8495,187.1701,6924.0871,541.6843,-5358.225764354738,-4323.382275478222,-691.9083905285887,-985.6984223078688,6814.001486789825,-691.9083905285887,-5.7741,98.2312,4
3101,STARLINK-3716,satellite,2,109,53.2349,34.5766,118.2645,49.0023,167.2668,6923.6431,539.494,-6073.002319108491,-3077.553972230942,1221.3345895572334,450.4658172675477,6793.362655369213,1221.3345895572334,10.2319,86.2063,4
3102,STARLINK-3673,satellite,2,109,53.2207,34.6231,83.3764,138.6463,222.0227,6918.7432,550.5228,-2655.4067810833963,-5205.118894836646,-3711.6642856071844,-3122.712490374487,4938.938609141474,-3711.6642856071844,-32.5841,122.3037,11
3103,STARLINK-3714,satellite,3,200,53.2293,34.6094,117.9998,89.2355,207.2352,6921.6551,546.3424,-3988.2089989297774,-5056.115037055339,-2537.3919634649824,-2314.740347942118,6009.333358093089,-2537.3919634649824,-21.6267,111.0662,8
3104,STARLINK-3701,satellite,2,109,53.1999,34.5922,87.4882,179.5831,267.0714,6911.9635,559.4026,2060.4046477413453,-3610.699405348217,-5536.891861235983,-4156.632796904027,69.4355810655643,-5536.891861235983,-53.2697,179.043,7
3105,STARLINK-3717,satellite,2,146,53.2324,24.6045,71.6854,310.3362,22.0216,6922.529,539.5578,5182.846839308229,4080.53961359281,2077.2570783272936,866.2735488986212,-6539.287043424998,2077.2570783272936,17.5815,-82.4538,33
3106,STARLINK-3665,satellite,2,109,53.2048,34.6056,74.246,172.9169,247.1629,6913.8407,557.0056,-41.207646982492385,-4671.705274061021,-5109.591770866931,-3997.2988760876237,2418.2907048343077,-5109.591770866931,-47.7384,148.8268,14
3107,STARLINK-3702,satellite,2,109,53.2037,34.5756,102.0133,185.0875,287.1008,6913.062,557.98,3925.672557384671,-2108.2473039832976,-5299.072204563732,-3815.711837678101,-2301.2941781439326,-5299.072204563732,-50.1139,-148.9054,4
3108,STARLINK-3703,satellite,2,109,53.2173,34.8045,70.7121,156.3933,227.1054,6917.6437,552.5839,-2135.856176045534,-5183.478725703064,-4062.2973332127854,-3369.100511745082,4481.014957163961,-4062.2973332127854,-36.0954,126.9381,13
3109,STARLINK-3709,satellite,2,146,53.2001,24.583,95.9191,181.0328,276.9519,6912.1759,559.1,2474.757083230559,-3395.1763560259315,-5503.27496318918,-4182.597239834418,-396.89474530012876,-5503.27496318918,-52.8112,-174.5793,7
3110,STARLINK-3705,satellite,2,146,53.2088,24.6083,114.5951,307.4604,62.0555,6914.661,543.4435,1421.8642847696976,4672.812506822179,4889.071981184097,3294.0345906580756,-3606.41246722633,4889.071981184097,45.205,-47.592,11
3111,STARLINK-3706,satellite,2,146,53.2006,24.5836,65.6713,31.2191,96.8904,6912.1663,545.2693,-2463.3630438290716,3391.8690441260546,5493.02896017305,4173.940856004604,388.7812093954422,5493.02896017305,52.8217,5.3215,19
3112,STARLINK-3670,satellite,3,200,53.2357,34.5773,47.2355,299.7584,346.9939,6923.6787,542.8594,6080.754642037121,3059.126843815866,-1247.6755501802659,-470.2698581122198,-6790.631805933961,-1247.6755501802659,-10.4498,-93.9616,4
3113,STARLINK-3658,satellite,2,146,53.211,24.5666,68.8118,53.4152,122.227,6915.4741,543.0407,-4807.703855837689,1652.087317429215,4682.221313258679,3873.2389185115685,3292.6325561736126,4682.221313258679,42.823,40.3678,7
3114,STARLINK-3698,satellite,2,146,53.2006,24.5944,112.648,329.4864,82.1344,6912.2139,545.0453,-846.6112997350842,4121.65010860602,5480.809692145032,3977.015068636773,-1374.0820406537557,5480.809692145032,52.6571,-19.0603,12
3115,STARLINK-3687,satellite,2,146,53.2021,24.5794,59.5186,42.6894,102.208,6912.5127,544.9491,-3011.4964767218353,3071.0666462842964,5408.05389666676,4177.586628122494,1023.8805300229265,5408.05389666676,51.676,13.7711,19
3116,STARLINK-3708,satellite,2,146,53.2392,24.5886,129.2609,52.9868,182.2477,6924.2513,540.8105,-6219.095446290823,-3024.422746951986,-217.393866333908,570.68221896632,6891.923020994323,-217.393866333908,-1.8117,85.2665,3
3117,STARLINK-3734,satellite,2,146,53.237,24.5206,122.5089,52.6155,175.1244,6915.0281,531.3004,-6409.317894031672,-2537.374509090268,470.45108257454024,1086.6362552066612,6807.117371913468,470.45108257454024,3.9284,80.9303,3
3118,STARLINK-3736,satellite,2,146,53.2198,24.611,84.1075,138.1163,222.2238,6918.7081,550.4546,-3500.524633150126,-4667.183850528981,-3725.9919140897478,-2228.9532681775854,5391.4789371943025,-3725.9919140897478,-32.7257,112.4613,8
3119,STARLINK-3737,satellite,2,146,53.234,24.572,112.4888,49.7606,162.2493,6923.1225,539.6202,-6515.500211063473,-1591.358541747633,1689.2240331067917,1954.501020155361,6415.9247790924865,1689.2240331067917,14.2207,73.0575,5
3120,STARLINK-3685,satellite,2,146,53.2001,24.5949,85.2011,176.9636,262.1646,6912.1961,559.0741,851.806666127276,-4128.817571482659,-5492.299975301777,-3985.830029579008,1373.2691325261162,-5492.299975301777,-52.6617,160.9892,7
3121,STARLINK-3735,satellite,3,234,53.2327,24.6032,127.6561,74.5836,202.2397,6922.5066,544.9492,-5171.848938822184,-4092.724502777273,-2098.423451382916,-882.3638313637157,6536.042332385155,-2098.423451382916,-17.7521,97.6884,3
3122,STARLINK-3738,satellite,2,146,53.2109,24.5669,110.0832,192.0533,302.1365,6915.4278,554.9661,4809.034252488566,-1661.9377672487071,-4694.941192220592,-3882.3902584291313,-3288.7525697550527,-4694.941192220592,-42.8751,-139.7322,4
3123,STARLINK-3743,satellite,2,146,53.2081,24.6076,72.7695,169.4266,242.1961,6914.6649,556.0572,-1408.846469186841,-4679.429533216464,-4904.295041777261,-3306.366011961023,3598.590408066419,-4904.295041777261,-45.2787,132.5766,11
3124,STARLINK-3558,satellite,3,234,53.2331,24.5747,49.4159,292.6144,342.0303,6923.0761,543.9772,6518.403163032768,1575.5519975485386,-1710.4279123961446,-1969.577527164617,-6410.359448369717,-1710.4279123961446,-14.3936,-107.0795,3
3125,STARLINK-3534,satellite,2,146,53.2,24.5779,99.8391,182.3313,282.1704,6912.5283,558.5523,3013.6308018593936,-3079.737968587583,-5419.31642549137,-4186.133805289623,-1021.2934589465896,-5419.31642549137,-51.6839,-166.2894,4
3126,STARLINK-3678,satellite,2,151,53.2021,14.6008,119.9759,317.1219,77.0979,6912.6091,544.8076,476.03276445172486,4293.130243336078,5393.426644265733,3449.885057201945,-2599.205180660652,5393.426644265733,51.4826,-36.995,5
3127,STARLINK-3726,satellite,2,146,53.2238,24.567,91.4553,230.6112,322.0666,6919.5754,549.4663,6024.862582677984,-47.122466047733454,-3408.5836450917927,-3113.5686462474696,-5158.185722913082,-3408.5836450917927,-29.6505,-121.1159,2
3128,STARLINK-3725,satellite,2,151,53.2277,14.434,105.2819,106.8887,212.1706,6920.7474,547.7429,-5124.322562576405,-3597.161167469923,-2952.2020793465767,-480.35160712240906,6242.3963766824445,-2952.2020793465767,-25.3824,94.4002,4
3129,STARLINK-3727,satellite,2,151,53.2202,14.5647,85.507,51.6746,137.1816,6918.6003,541.126,-5615.191974690335,1447.6584130184426,3763.265403726342,4109.268354717935,4091.4556556711664,3763.265403726342,33.1447,44.8755,5
3130,STARLINK-3732,satellite,2,151,53.2003,14.5831,67.4946,29.6712,97.1657,6912.1821,545.1967,-1868.1780437790394,3757.456882998635,5489.712981281147,4184.8177148911,-309.6322399000621,5489.712981281147,52.7771,-4.2316,17
3131,STARLINK-3715,satellite,2,151,53.2327,14.5721,107.1113,50.168,157.2794,6922.4098,539.6318,-6576.1100999483,-57.547743660555,2139.75558840059,3304.706570801147,5685.723372654194,2139.75558840059,18.128,59.8336,5
3132,STARLINK-3661,satellite,3,223,53.2354,14.5997,130.0215,67.2695,197.2909,6923.1205,543.8624,-6084.307768356647,-2857.079707042963,-1647.8822176108129,645.8708419884151,6690.631982701703,-1647.8822176108129,-13.857,84.4861,2
3133,STARLINK-3718,satellite,2,151,53.2384,14.5871,125.0018,52.298,177.2997,6924.1982,540.4512,-6737.239281978383,-1551.728673426171,261.12181395325695,2101.688286101927,6586.437684107205,261.12181395325695,2.1764,72.3025,4
3134,STARLINK-3707,satellite,2,151,53.2019,14.5976,80.7563,176.4312,257.1875,6912.5903,558.4602,-466.62856431259456,-4300.336170983394,-5405.990032704276,-3460.879857699232,2594.7917086102107,-5405.990032704276,-51.5076,143.1393,8
3135,STARLINK-3721,satellite,2,151,53.2119,14.6115,72.1642,165.0035,237.1677,6915.5796,555.2735,-2753.6149961105043,-4318.2809495189795,-4659.154115584748,-2309.816331075578,4571.071474225682,-4659.154115584748,-42.4697,116.808,8
3136,STARLINK-3729,satellite,2,151,53.2162,14.5758,106.035,205.8096,311.8446,6917.4566,552.2698,5246.7802166378615,-1826.4776873495273,-4130.381592699805,-4247.1938759014065,-3581.3499639931456,-4130.381592699805,-36.7991,-139.8615,4
3137,STARLINK-3720,satellite,2,151,53.2017,14.5832,96.0142,181.1141,277.1283,6912.1968,559.0622,1867.6493290454068,-3766.3149282737713,-5501.276993613224,-4192.167191758234,314.6051359522015,-5501.276993613224,-52.7843,175.7082,8
3138,STARLINK-3733,satellite,3,223,53.2314,14.5701,52.7591,284.2902,337.0492,6922.3887,545.0799,6574.6838155864225,39.757815115303174,-2161.915891010356,-3319.280897652285,-5675.4226522152,-2161.915891010356,-18.3073,-120.3213,4
3139,STARLINK-3723,satellite,2,151,53.2076,14.568,107.1481,189.9036,297.0518,6914.5524,556.125,3976.3471499617795,-2782.157436580929,-4937.730729333719,-4421.215458376143,-2001.1473033106695,-4937.730729333719,-45.6727,-155.6474,4
3140,STARLINK-3730,satellite,2,146,53.2211,24.6126,93.9641,308.0966,42.0607,6918.7329,541.1648,3511.3923201397947,4658.525022293996,3709.3891707477856,2215.9623058388142,-5396.410146419334,3709.3891707477856,32.6114,-67.6752,59
3141,STARLINK-3682,satellite,2,151,53.2377,14.583,49.4171,307.6591,357.0762,6924.1884,540.9454,6740.608282789096,1535.4032384841767,-282.74050866157506,-2117.4488239344455,-6581.008555287806,-282.74050866157506,-2.3565,-107.8357,4
3142,STARLINK-3761,satellite,2,150,53.2338,54.5536,66.283,310.6763,16.9593,6923.235,539.4197,2852.9185255843795,6089.768082136609,1616.152412322059,3782.8913184460234,-5560.049701275884,1616.152412322059,13.5941,-55.7698,8
3143,STARLINK-3786,satellite,2,150,53.2371,54.5877,50.6145,306.3854,356.9999,6924.2265,540.9665,4180.437389800262,5505.747145464428,-290.10797893002245,2603.438721715182,-6404.0155544864,-290.10797893002245,-2.418,-67.8767,7
3144,STARLINK-3795,satellite,2,150,53.2231,54.6112,87.8334,309.1697,37.0031,6919.8287,540.6109,1166.5550582217581,5943.971039493046,3332.934004002804,4517.6308045095475,-4035.1771133794396,3332.934004002804,28.9709,-41.7714,4
3145,STARLINK-3740,satellite,2,150,53.2098,54.6107,110.2983,306.5546,56.8529,6915.7671,542.9512,-636.691229181636,5087.905041133339,4634.219190069688,4701.057222539243,-2047.4897849118756,4634.219190069688,42.2831,-23.535,10
3146,STARLINK-3739,satellite,2,150,53.2,54.5982,121.5949,315.4751,77.07,6912.6529,545.0695,-2392.7342078491815,3597.4859704120504,5392.885364338828,4314.7751615902,223.15376234213016,5392.885364338828,51.4727,2.9606,20
3147,STARLINK-3748,satellite,2,150,53.202,54.5934,70.1846,26.9225,97.1072,6912.205,545.1839,-3842.884424475726,1682.760044008434,5490.5232186534495,3407.5066804745916,2447.108556666506,5490.5232186534495,52.7884,35.6841,8
3148,STARLINK-3746,satellite,3,221,53.2333,54.5229,131.3029,65.98,197.2828,6923.1626,543.7565,-2833.065580989865,-6095.6293645548485,-1647.0619614948425,-3798.0590153005996,5545.963004970969,-1647.0619614948425,-13.8502,124.4046,4
3149,STARLINK-3791,satellite,2,150,53.2075,54.569,63.2681,53.943,117.2111,6914.5509,543.7362,-4831.403293329036,-440.98788582496184,4921.892913972388,2084.9908343535208,4380.609697165092,4921.892913972388,45.59,64.5475,4
3150,STARLINK-3804,satellite,2,150,53.2318,54.5986,108.1628,49.094,157.2568,6922.4214,539.5346,-4999.191716849561,-4271.6330049901935,2141.7108904436113,-1124.315471345126,6478.787006225224,2141.7108904436113,18.1454,99.8449,4
3151,STARLINK-3788,satellite,2,150,53.2196,54.5625,84.9367,52.2822,137.219,6918.6084,541.2861,-5232.449436678788,-2503.8805489800957,3760.6722264547157,515.1731082998389,5777.762679398117,3760.6722264547157,33.1181,84.9047,4
3152,STARLINK-3781,satellite,2,150,53.2365,54.6191,121.9596,50.0996,172.0592,6924.0185,539.8452,-4433.371975230603,-5254.891608376396,765.6141059485872,-2258.6564007766306,6493.623345234579,765.6141059485872,6.3933,109.179,5
3153,STARLINK-3782,satellite,2,117,53.2257,44.9497,77.6424,248.9806,326.623,6920.5144,548.1076,5701.604749993101,2470.29824891196,-3050.3241735132115,-783.3555610109191,-6164.172631323255,-3050.3241735132115,-26.2868,-97.2424,4
3154,STARLINK-3790,satellite,2,150,53.2228,54.6089,92.2136,124.9575,217.1711,6919.7783,549.178,-1153.2316652644802,-5946.9026038715565,-3349.9994374283324,-4526.948077723025,4025.212411203016,-3349.9994374283324,-29.0936,138.3576,17
3155,STARLINK-3784,satellite,2,150,53.237,54.5846,124.7442,52.5133,177.2574,6924.2311,540.4053,-4166.157891604204,-5517.11754129425,265.20333247538224,-2620.5022356486134,6397.532772498576,265.20333247538224,2.2105,112.2746,5
3156,STARLINK-3778,satellite,2,150,53.2095,54.6081,74.9897,162.1668,237.1565,6915.5782,554.5505,665.1111397829688,-5078.284448524292,-4657.933959045512,-4707.2780106092305,2018.1376313873843,-4657.933959045512,-42.4615,156.7939,18
3157,STARLINK-3780,satellite,2,150,53.2005,54.5971,80.2439,176.9121,257.156,6912.6074,558.5218,2404.2806907545314,-3597.0559278216447,-5405.264859253308,-4320.294655230906,-233.30469304149472,-5405.264859253308,-51.4973,-176.9089,8
3158,STARLINK-3764,satellite,2,150,53.2192,54.565,98.958,218.0937,317.0517,6918.5505,550.8551,5238.826691901315,2491.2037156697156,-3777.703123079995,-529.3297284724441,-5776.782071300558,-3777.703123079995,-33.2351,-95.2354,4
3159,STARLINK-3779,satellite,2,150,53.2135,54.6085,71.4647,160.5355,232.0002,6916.6323,553.4017,194.71109789026778,-5366.661499852979,-4369.0891238551185,-4715.390557707364,2569.8365617155696,-4369.0891238551185,-39.3046,151.4101,18
3160,STARLINK-3783,satellite,2,117,53.2363,44.5815,44.9657,307.0964,352.0621,6924.0061,541.4109,5282.496847704864,4402.923330861311,-765.505406586891,1092.7410413359114,-6789.434720213075,-765.505406586891,-6.391,-80.8568,5
3161,STARLINK-3789,satellite,2,150,53.1992,54.5812,95.2047,181.9274,277.132,6912.1901,559.0532,3852.0052871978564,-1684.5540236589056,-5501.046734482978,-3413.7019330472262,-2454.038733095971,-5501.046734482978,-52.7812,-144.2884,4
3162,STARLINK-3561,satellite,2,117,53.2265,44.6097,82.351,309.6586,32.0096,6920.7965,540.0976,2633.1363192725244,5679.4855709904705,2935.7255414480364,3542.0931568336878,-5161.738011103718,2935.7255414480364,25.2609,-55.5413,7
3163,STARLINK-3802,satellite,2,117,53.2029,44.6027,121.3292,310.733,72.0622,6913.1328,544.5522,-1249.856589338317,4298.206446279568,5264.493511205866,4334.557091433582,-1117.2891165022975,5264.493511205866,49.8014,-14.4541,16
3164,STARLINK-3822,satellite,3,221,53.2307,54.5715,53.2786,283.7483,337.0268,6922.3879,545.1251,5011.492751859184,4254.9911307435905,-2163.906580042209,1103.726885162025,-6480.879268094283,-2163.906580042209,-18.3246,-80.335,2
3165,STARLINK-3776,satellite,2,117,53.1991,44.5878,80.0885,12.0591,92.1476,6912.0134,545.3235,-3088.0804769600095,2763.9884750727765,5528.899126735832,3952.519006738712,1246.3814921146407,5528.899126735832,53.3153,17.5021,18
3166,STARLINK-3751,satellite,2,117,53.2357,44.5982,61.5377,310.4567,11.9944,6923.7303,539.6293,4213.725491840781,5363.358989597635,1151.5871156579199,2463.9861720139593,-6360.02156568754,1151.5871156579199,9.6418,-68.8227,10
3167,STARLINK-3772,satellite,2,117,53.2254,44.567,95.7679,51.2814,147.0492,6920.6295,540.3125,-5713.581863469241,-2467.550220111195,3012.4353143214316,791.8282857906528,6173.072959649618,3012.4353143214316,25.9678,82.6905,4
3168,STARLINK-3753,satellite,2,117,53.2367,44.5813,121.9488,50.306,172.2548,6924.0273,539.9009,-5273.943979945407,-4414.008474884633,746.8785569281532,-1106.6382782817625,6787.7321426966555,746.8785569281532,6.2362,99.2598,4
3169,STARLINK-3771,satellite,2,117,53.2025,44.5852,56.8124,50.1617,106.9741,6913.0283,544.7286,-4215.804858822608,1403.4041509122865,5292.416746510134,3357.4332124923512,2910.3601224115614,5292.416746510134,50.1593,40.9201,7
3170,STARLINK-3777,satellite,3,213,53.2347,44.5968,131.5017,60.6401,192.1418,6923.7393,542.9409,-4205.886382368229,-5370.631427975734,-1166.068790542457,-2474.2398920651194,6356.988214010214,-1166.068790542457,-9.7594,111.2668,4
3171,STARLINK-3765,satellite,2,117,53.2166,44.5648,78.9521,53.2663,132.2184,6917.5236,541.8826,-5460.3273849013785,-1075.4284076676636,4100.070346058397,1860.0721569703685,5245.174256512946,4100.070346058397,36.5497,70.4742,5
3172,STARLINK-3766,satellite,2,117,53.2033,44.6018,77.0461,175.129,252.1752,6913.1509,557.9135,1263.1933059379317,-4299.1672117068965,-5278.042772779845,-4342.185998900401,1106.307729944694,-5278.042772779845,-49.8442,165.7062,9
3173,STARLINK-3758,satellite,2,117,53.2293,44.5693,101.7715,50.4779,152.2494,6921.5886,539.8991,-5712.298026588445,-2921.5271046287303,2579.1938820878663,400.6901017803247,6403.523780699331,2579.1938820878663,22.0227,86.4195,4
3174,STARLINK-3760,satellite,2,117,53.2049,44.1848,60.7928,51.6374,112.4302,6913.7804,544.1332,-4557.407891063002,905.8219158498727,5115.167804246959,3103.6809656130627,3457.9827200910686,5115.167804246959,47.9248,48.0907,6
3175,STARLINK-3769,satellite,2,117,53.2163,44.5636,104.5189,207.5803,312.0991,6917.494,552.1926,5464.938663367811,1065.2797246656526,-4113.8997564063575,-1871.1534630116146,-5243.964168834083,-4113.8997564063575,-36.6291,-109.6374,4
3176,STARLINK-3768,satellite,2,117,53.2268,44.6094,107.0988,105.0991,212.198,6920.8093,547.6983,-2619.3442243142413,-5685.392281881611,-2954.386456601062,-3554.208536211345,5152.887660860634,-2954.386456601062,-25.4027,124.596,11
3177,STARLINK-3564,satellite,2,109,53.2369,34.5931,57.6517,309.3636,7.0153,6924.0744,539.9655,5365.109189201222,4314.480702862531,676.872785820649,974.5308756677857,-6815.38186162703,676.872785820649,5.6497,-81.8624,8
3178,STARLINK-3742,satellite,2,117,53.2039,44.5712,105.0772,187.0256,292.1029,6913.75,557.1454,4552.2538278258435,-908.8500195245904,-5136.696885972477,-3103.6566790118295,-3452.004995617787,-5136.696885972477,-48.0715,-131.9583,4
3179,STARLINK-3744,satellite,2,109,53.2295,34.6076,77.4887,309.5502,27.0389,6921.7232,539.9119,4000.756337983884,5047.062181142308,2518.1604801037684,2300.553744883019,-6015.50832458404,2518.1604801037684,21.4758,-69.0713,22
3180,STARLINK-3724,satellite,2,117,53.1996,44.6919,91.1427,180.9448,272.0875,6912.0302,559.3144,3094.28587903676,-2769.135626618768,-5540.343724993905,-3960.1113965673303,-1249.093650049171,-5540.343724993905,-53.3184,-162.4937,4
3181,STARLINK-3747,satellite,2,109,53.2191,34.6185,104.5072,302.5444,47.0517,6917.6938,542.2058,2154.940986886076,5169.180021440331,4052.774167190097,3347.0672506395485,-4490.137366575283,4052.774167190097,36.0604,-53.2982,14
3182,STARLINK-3755,satellite,3,213,53.228,44.5659,61.9706,270.0977,332.0683,6921.5411,546.4158,5718.711311237477,2908.4718303317927,-2597.0592335226024,-415.1906110526047,-6402.381135609064,-2597.0592335226024,-22.1611,-93.7104,4
3183,STARLINK-3756,satellite,2,109,53.205,34.6042,119.2866,307.7066,66.9932,6913.9189,544.248,59.4851164173374,4669.878039572672,5093.826344007486,3986.404607964899,-2433.079876443539,5093.826344007486,47.6605,-31.3976,7
3184,STARLINK-3688,satellite,2,109,53.1986,34.6569,97.7566,349.3277,87.0843,6911.9952,545.0575,-2061.5818791785655,3600.1518401341928,5525.390132522122,4148.160879500625,-63.043115085145125,5525.390132522122,53.2697,-0.8707,19
3185,STARLINK-3750,satellite,2,109,53.2034,34.5781,56.6364,50.5541,107.1905,6913.0299,544.5776,-3925.6148413330975,2096.5766728536905,5286.251410440621,3805.644030801588,2307.1972474136605,5286.251410440621,50.0811,31.2266,10
3186,STARLINK-3752,satellite,2,109,53.2258,34.5177,74.7039,252.3926,327.0965,6920.6265,547.8397,6064.024170205256,1438.4050554719602,-3011.890124203496,-1855.7828007143535,-5949.577164556624,-3011.890124203496,-25.9323,-107.3237,4
3187,STARLINK-3749,satellite,2,109,53.213,34.5664,107.9873,199.1027,307.0901,6916.4451,553.604,5314.304229928119,-354.4900623702248,-4422.702870809332,-3015.5207442567726,-4390.230892960895,-4422.702870809332,-39.8797,-124.484,4
3188,STARLINK-3889,satellite,2,129,53.2339,154.5969,54.4573,312.5371,6.9944,6924.0576,539.6158,-6418.495283633104,2489.9859241351382,674.8069782047963,5415.547457177008,4250.759620053239,674.8069782047963,5.6327,38.129,4
3189,STARLINK-3831,satellite,2,129,53.208,154.5786,107.5727,194.2703,301.843,6915.4025,554.8348,-1786.8850908267254,4749.165400358346,-4709.682318914267,4996.360945355343,-885.3855835214122,-4709.682318914267,-43.0429,-10.0488,4
3190,STARLINK-3847,satellite,2,129,53.2245,154.5714,74.7722,252.2399,327.0121,6920.6114,547.7537,-4274.653672155969,4530.622391127484,-3018.647512349475,6077.2928423393705,1365.9117747178561,-3018.647512349475,-25.9951,12.6671,4
3191,STARLINK-3880,satellite,2,129,53.2282,154.6104,76.3662,310.6928,27.059,6921.7218,539.9103,-6370.884267716346,939.2138461261294,2519.852225979717,4057.3830385303404,5000.793125098955,2519.852225979717,21.4909,50.9459,5
3192,STARLINK-3814,satellite,2,129,53.2155,154.6142,100.5142,306.587,47.1012,6917.6572,541.8818,-5551.096902157099,-722.2184453337097,4055.6455049263277,2210.179750073224,5143.090682875876,4055.6455049263277,36.0919,66.745,5
3193,STARLINK-3823,satellite,2,129,53.2352,154.3916,133.8212,53.4741,187.2953,6924.0543,541.6655,6416.660741840773,-2492.3023258846974,-703.9062089873648,-5416.604160341319,-4248.000156504701,-703.9062089873648,-5.8746,-141.8945,4
3194,STARLINK-3797,satellite,3,212,53.233,154.5816,44.2464,302.7818,347.0281,6923.6415,542.5952,-5691.573885066332,3734.231385128855,-1244.3572051337114,6114.998885811116,2990.8670905573913,-1244.3572051337114,-10.4221,26.0634,2
3195,STARLINK-3792,satellite,2,129,53.2115,154.2098,107.7271,199.5583,307.2854,6916.5155,553.5997,-2340.9752223054425,4794.7184727547365,-4411.22111927968,5318.161717418955,-432.02566104687844,-4411.22111927968,-39.7559,-4.6443,4
3196,STARLINK-3818,satellite,2,157,53.2203,144.5653,87.9364,234.138,322.0743,6919.6154,549.0967,-2971.9180024058696,5241.195881446414,-3407.655348485916,6024.012662628763,-117.05691437617597,-3407.655348485916,-29.6433,-1.1132,4
3197,STARLINK-3843,satellite,2,129,53.2113,154.5179,72.37,54.8588,127.2288,6916.4909,542.8821,2357.080527312243,-4774.562379235521,4407.678025968995,-5309.039329076521,407.8920540589611,4407.678025968995,39.7916,175.6066,4
3198,STARLINK-3850,satellite,2,157,53.2077,144.6834,108.6775,193.3959,302.0734,6915.418,554.7602,-968.5360507263597,4992.039809697497,-4697.847127173295,4787.8602850110565,-1713.160072607074,-4697.847127173295,-42.9095,-19.6879,4
3199,STARLINK-3849,satellite,2,129,53.2016,154.5778,101.064,186.0193,287.0833,6913.0758,558.0938,-135.14984648266793,4453.569322874181,-5299.507958503278,3899.6243429140213,-2155.3364421367423,-5299.507958503278,-50.1184,-28.9296,4
3200,STARLINK-3851,satellite,2,157,53.2349,144.6591,52.4508,309.5205,1.9713,6924.2566,540.3622,-5722.637303112707,3883.359311389392,190.6515290428852,6259.113856172486,2941.5218815778608,190.6515290428852,1.5889,25.1716,4
3201,STARLINK-3852,satellite,2,157,53.2239,144.7776,94.3812,122.4223,216.8035,6919.8818,548.8701,5959.621465248205,-1168.5012737574568,-3321.523194364713,-4044.833773901596,-4530.099665275029,-3321.523194364713,-28.8247,-131.761,4
3202,STARLINK-3812,satellite,2,157,53.224,144.624,88.1112,308.6735,36.7846,6919.8753,540.6722,-5949.895046029046,1184.7496237427122,3316.134928627241,4053.8485680943995,4513.445969176818,3316.134928627241,28.8111,48.0707,4
3203,STARLINK-3826,satellite,3,242,53.2298,144.5813,52.0118,284.8352,336.847,6922.3323,545.0841,-4241.911229159085,5015.561690977002,-2179.8696852664602,6477.707597948452,1090.400948065862,-2179.8696852664602,-18.4646,9.5551,4
3204,STARLINK-3829,satellite,2,157,53.1989,144.5977,113.8833,328.1992,82.0826,6912.1948,545.3705,-3150.9839774264697,-2790.4601230013955,5480.256108131411,-792.9959073146543,4133.585031790383,5480.256108131411,52.646,100.8598,4
3205,STARLINK-3819,satellite,2,157,53.2301,144.6066,70.86,311.1872,22.0472,6922.503,539.6325,-6125.525056915242,2445.8605771496673,2079.516109248253,5228.161345052499,4021.2709602624673,2079.516109248253,17.601,37.5659,4
3206,STARLINK-3754,satellite,2,157,53.1987,144.5805,57.8335,44.3181,102.1516,6912.5546,544.8691,-1159.8829671785734,-4140.646677095685,5408.896234976483,-2969.923845156013,3109.6359523372234,5408.896234976483,51.6881,133.6835,6
3207,STARLINK-3838,satellite,2,157,53.2308,144.5775,112.9344,49.32,162.2543,6923.1158,539.8049,4636.795155807034,-4846.494378122529,1688.7366803788484,-6533.700352050788,-1516.290468116273,1688.7366803788484,14.2161,-166.9345,9
3208,STARLINK-3807,satellite,2,157,53.2095,144.57,66.6418,55.6118,122.2536,6915.4574,543.3712,976.1813884106883,-4990.659570377629,4680.987656109346,-4790.572661997194,1705.8800135432614,4680.987656109346,42.8065,160.3996,6
3209,STARLINK-3877,satellite,2,157,53.2214,144.5688,90.2578,51.9066,142.1644,6919.6503,540.8996,2977.1770103115814,-5234.458120549245,3396.8051910865283,-6020.899655329628,109.09677796934831,3396.8051910865283,29.5783,178.9619,4
3210,STARLINK-3801,satellite,3,242,53.23,144.6352,128.9577,73.2993,202.257,6922.4695,544.8718,6131.697914635344,-2427.6487534369335,-2099.878242294473,-5215.645163141475,-4035.8695864220226,-2099.878242294473,-17.765,-142.2673,2
3211,STARLINK-3821,satellite,2,157,53.2327,144.5898,129.3865,52.855,182.2416,6924.2378,541.1465,5728.917088935948,-3874.1064466072457,-216.79592798871158,-6254.358166422741,-2951.6428811167725,-216.79592798871158,-1.8066,-154.7358,4
3212,STARLINK-3837,satellite,2,157,53.1987,144.5802,99.1097,183.0263,282.136,6912.5037,558.527,1163.8372098591312,4147.9505035934935,-5419.902730754579,2974.189255258457,-3116.7625359047406,-5419.902730754579,-51.692,-46.3409,5
3213,STARLINK-3853,satellite,3,242,53.2325,144.6147,132.2443,64.8134,197.0577,6923.1743,543.6892,6097.6813157386105,-2840.5875969295143,-1626.2250521617439,-5553.47960299318,-3795.9873054682694,-1626.2250521617439,-13.6718,-145.6461,3
3214,STARLINK-3728,satellite,2,157,53.2062,144.609,72.3549,169.8639,242.2189,6914.6396,555.7324,4755.2320337740675,1121.8466968728246,-4904.966349468628,-1460.5055720734338,-4662.370124760364,-4904.966349468628,-45.2893,-107.3934,4
3215,STARLINK-3848,satellite,3,245,53.2292,134.5715,52.1819,284.9274,337.1093,6922.3554,544.9934,-3326.656963673593,5673.079183988956,-2156.4788721468726,6576.430337056571,-32.21806339310296,-2156.4788721468726,-18.2599,-0.2807,4
3216,STARLINK-3830,satellite,2,157,53.1986,144.5968,84.1329,178.0392,262.1721,6912.1915,558.9423,3149.005377634275,2802.8388215748246,-5492.18568817642,804.6525152926205,-4138.197029834345,-5492.18568817642,-52.6616,-78.9964,8
3217,STARLINK-3820,satellite,2,178,53.2084,134.524,111.5597,305.5127,57.0724,6915.6325,543.2336,-5111.621750517096,242.27361813553495,4645.859663587669,2815.618903439352,4273.132763792733,4645.859663587669,42.4117,56.6186,4
3218,STARLINK-3874,satellite,2,178,53.2056,134.5711,107.2981,189.7863,297.0844,6914.5434,556.1269,417.87811349165713,4836.58968498737,-4936.174770004407,3946.9981871582445,-2826.380584640204,-4936.174770004407,-45.6543,-35.6058,4
3219,STARLINK-3808,satellite,2,178,53.2225,134.6127,88.2426,308.808,37.0505,6919.8041,540.6756,-5650.753369105809,2176.46292076908,3336.5898250909354,4754.280157607647,3750.3099427809334,3336.5898250909354,29.0054,38.2674,5
3220,STARLINK-3817,satellite,2,178,53.236,134.5874,49.4964,307.4962,356.9926,6924.2334,541.0571,-4695.7949420722725,5073.426887452446,-290.8126781846902,6758.987303000229,1451.2894811851443,-290.8126781846902,-2.4238,12.1185,4
3221,STARLINK-3834,satellite,2,178,53.1978,134.5845,64.968,32.1886,97.1565,6912.1721,545.3786,-2320.9363992352332,-3496.2136897241303,5489.788908563349,-1823.4157004952742,3779.604624388212,5489.788908563349,52.7762,115.7543,4
3222,STARLINK-3841,satellite,2,178,53.2334,134.6033,66.4754,310.5999,17.0753,6923.1741,539.6503,-5508.204105010093,3853.8508082364174,1626.918444106972,6124.358801839285,2772.130549041336,1626.918444106972,13.6859,24.3534,4
3223,STARLINK-3827,satellite,2,178,53.212,134.6234,105.7156,306.1941,51.9097,6916.6327,542.4633,-5314.000921898451,746.4680338756359,4356.724463739157,3352.5216898805447,4190.038023982151,4356.724463739157,39.2463,51.3361,5
3224,STARLINK-3798,satellite,2,178,53.2028,134.6101,125.1182,306.7784,71.8966,6913.1945,544.7483,-4308.893976562354,-1234.3392730369435,5259.703852864943,1136.0874432461105,4335.835105664792,5259.703852864943,49.738,75.3173,4
3225,STARLINK-3796,satellite,2,178,53.2057,134.5706,63.0808,54.138,117.2188,6914.5492,543.815,-403.893096636374,-4835.16845284612,4921.492838970894,-3952.9089164768416,2813.6266097239604,4921.492838970894,45.5846,144.5573,7
3226,STARLINK-3550,satellite,2,178,53.2341,134.5884,126.8447,50.4129,177.2576,6924.1943,540.4267,4710.207988910841,-5060.603558094533,265.1779892268986,-6755.30896125709,-1470.227366415892,265.1779892268986,2.2102,-167.7216,3
3227,STARLINK-3762,satellite,2,178,53.2298,134.5735,107.3978,49.8488,157.2465,6922.4582,539.7774,3335.3904862109625,-5666.856721818845,2142.646411690145,-6575.532766687427,21.53219333953914,2142.646411690145,18.1529,179.8124,4
3228,STARLINK-3785,satellite,2,178,53.218,134.5668,83.6979,53.556,137.2539,6918.5893,541.619,1560.9851671882284,-5588.719140655866,3758.306291833086,-5603.27175529761,1507.9131147380283,3758.306291833086,33.0928,164.9378,4
3229,STARLINK-3805,satellite,2,178,53.2006,134.8214,123.7505,313.259,77.0095,6912.5962,545.162,-3955.890544799814,-1741.346574657286,5391.688034293339,519.937889086429,4290.80674081222,5391.688034293339,51.4558,83.0909,4
3230,STARLINK-3806,satellite,2,178,53.2068,134.6078,68.9526,168.2334,237.186,6915.612,555.3878,5116.118392256481,-223.77438120754783,-4659.878387926127,-2802.00053670161,-4286.436208506286,-4659.878387926127,-42.477,-123.1722,3
3231,STARLINK-3800,satellite,2,178,53.2218,134.6153,89.5837,127.6205,217.2042,6919.7697,549.2317,5656.283314819792,-2164.6562136619254,-3352.5291498953443,-4746.945344888195,-3761.0885862338127,-3352.5291498953443,-29.1174,-141.6096,4
3232,STARLINK-3793,satellite,3,193,53.2277,124.6013,60.0443,271.9716,332.0159,6921.5476,546.2869,-1870.5354440128908,6135.067740213999,-2601.4797011093547,6231.096622495822,-1520.3269074262157,-2601.4797011093547,-22.2012,-13.7117,3
3233,STARLINK-3799,satellite,2,178,53.205,134.5365,103.6985,196.1766,299.8751,6913.5231,553.7042,144.2833543001128,4978.747177980163,-4806.091112726506,4208.822962867727,-2663.559726345714,-4806.091112726506,-44.154,-32.3277,4
3234,STARLINK-3811,satellite,2,111,53.2276,124.5987,103.7341,48.478,152.2121,6921.6083,539.7629,1885.1107622465126,-6131.408963221671,2582.2681267427333,-6235.383840260166,1505.9239107056703,2582.2681267427333,22.0508,166.4223,4
3235,STARLINK-3909,satellite,2,151,53.2194,14.4362,97.227,219.9496,317.1766,6918.5559,550.6,5619.304470540843,-1462.6587587675144,-3768.73581129801,-4124.268357791006,-4087.3419101126724,-3768.73581129801,-33.1475,-135.2576,4
3236,STARLINK-3872,satellite,2,151,53.2125,14.6093,112.9884,304.0892,57.0775,6915.6118,543.2126,2758.741416663471,4309.495679637673,4646.359744016069,2299.6449972406976,-4570.999901935677,4646.359744016069,42.4174,-63.2933,39
3237,STARLINK-3888,satellite,2,151,53.2245,14.6122,89.546,307.5071,37.0531,6919.8035,540.7921,4710.178495898218,3805.4638778523677,3336.9293333203937,870.7589539529394,-5992.421516630147,3336.9293333203937,29.0081,-81.7322,76
3238,STARLINK-3890,satellite,2,151,53.204,14.6024,123.2047,308.648,71.8527,6913.2042,544.673,1091.1928312069813,4348.795842104983,5258.417720208976,3183.9971561191314,-3156.7212707194126,5258.417720208976,49.7223,-44.7535,8
3239,STARLINK-3896,satellite,2,151,53.1978,14.5857,88.8032,3.2614,92.0646,6911.944,545.3446,-1282.6308850246003,3940.636571616962,5529.115465169519,4043.714028418447,-906.7168428765004,5529.115465169519,53.3181,-12.6383,14
3240,STARLINK-3899,satellite,2,151,53.2078,14.5591,64.6289,52.6138,117.2427,6914.5276,543.4371,-3986.8925265487865,2766.4340383040744,4920.308859161451,4413.069912531917,2018.237660347139,4920.308859161451,45.5738,24.5761,11
3241,STARLINK-3898,satellite,2,151,53.2171,14.5648,78.8822,53.18,132.0622,6917.4705,541.8799,-5254.838912331874,1809.6085792106928,4110.198304766262,4236.794505461559,3596.885809002131,4110.198304766262,36.6545,40.3301,4
3242,STARLINK-3856,satellite,2,112,53.2272,4.6119,106.1546,106.1511,212.3058,6920.704,547.7017,-5653.440325546374,-2677.818633456527,-2963.219740219573,580.2924174144692,6228.592205185065,-2963.219740219573,-25.484,84.6774,4
3243,STARLINK-3900,satellite,2,116,53.218,354.6142,75.5243,151.7301,227.2544,6917.6054,551.9972,-4963.73490973973,-2589.600147192037,-4071.7663746657495,304.38199034218576,5590.352831482217,-4071.7663746657495,-36.1962,86.8835,4
3244,STARLINK-3903,satellite,2,112,53.2049,4.6158,76.4338,170.6001,247.034,6913.8181,557.015,-2385.4241687397453,-4023.1840042031663,-5104.765794425002,-2243.7909860642444,4103.85916027107,-5104.765794425002,-47.679,118.6677,6
3245,STARLINK-3885,satellite,2,116,53.2052,354.6069,74.4361,172.7687,247.2048,6913.826,556.9311,-3029.8250372534108,-3553.8479720421483,-5111.129859108769,-1511.4140186964123,4418.744485580002,-5111.129859108769,-47.758,108.883,5
3246,STARLINK-3904,satellite,2,112,53.2159,4.611,75.2686,156.9713,232.24,6916.5809,553.3357,-3962.074188234734,-3607.497741783128,-4383.394113693413,-1082.0580101409607,5247.97316044357,-4383.394113693413,-39.4584,101.6503,7
3247,STARLINK-3863,satellite,2,116,53.2002,354.5915,87.9261,179.259,267.1851,6912.0265,559.3157,-728.9626429609402,-4091.97284350521,-5537.392629856062,-3147.8524571326766,2714.1579163601527,-5537.392629856062,-53.2776,139.2313,4
3248,STARLINK-3873,satellite,2,112,53.2013,4.5856,92.129,180.0355,272.1645,6911.9998,559.3954,592.0045379374595,-4110.273813784719,-5540.25611671202,-3837.3653420318633,1587.2767335898318,-5540.25611671202,-53.3163,157.5282,7
3249,STARLINK-3864,satellite,2,112,53.2387,4.5824,48.0783,303.9917,352.07,6923.9869,541.8021,6877.245537285517,-21.97843393619399,-764.8111976462892,-3526.707068954909,-5904.178730480245,-764.8111976462892,-6.3848,-120.8509,4
3250,STARLINK-3828,satellite,2,112,53.2177,4.572,106.5649,205.4998,312.0647,6917.4836,552.2938,4868.63927538076,-2697.876197361959,-4116.266042544524,-4803.8436871496515,-2811.6312346224845,-4116.266042544524,-36.653,-149.6601,4
3251,STARLINK-3859,satellite,2,112,53.2285,4.6084,82.7528,309.3144,32.0672,6920.7809,540.1382,5663.931794131901,2661.1973427255675,2940.533796651375,-599.9403128525964,-6229.13848670281,2940.533796651375,25.305,-95.5013,66
3252,STARLINK-3862,satellite,2,112,53.2263,4.5764,75.1349,251.7372,326.8721,6920.565,547.8354,5958.939711015717,-1794.9040120286475,-3030.0983037239635,-4583.279639944317,-4210.010764117891,-3030.0983037239635,-26.1006,-137.4307,4
3253,STARLINK-3881,satellite,2,112,53.2153,4.609,105.4104,306.6595,52.0699,6916.6144,542.2864,3972.657311421688,3595.449863460797,4366.306448985026,1066.297137089619,-5250.930988890155,4366.306448985026,39.3503,-78.5211,90
3254,STARLINK-3879,satellite,2,112,53.2375,4.5964,62.2973,309.735,12.0323,6923.709,539.6093,6674.2615365699385,1402.381030765528,1155.1996857411618,-2198.025679868433,-6456.091908006485,1155.1996857411618,9.6723,-108.8015,10
3255,STARLINK-3882,satellite,2,112,53.2052,4.7946,105.0962,186.8861,291.9823,6913.6971,557.1025,2903.9113331859403,-3615.2445690545937,-5141.119090468569,-4590.780640160393,-653.7793504027306,-5141.119090468569,-48.1267,-171.8949,9
3256,STARLINK-3835,satellite,3,194,53.2338,354.8472,128.6117,73.2452,201.8569,6922.5607,544.7757,-6536.051125283047,-959.0959953091958,-2064.0859106374655,2508.8170558781194,6111.110080882767,-2064.0859106374655,-17.4528,67.6802,4
3257,STARLINK-3860,satellite,2,116,53.2049,354.5778,103.6873,183.4121,287.0994,6913.185,558.0943,1652.1166729635206,-4138.29303877358,-5299.282271486758,-4402.185756042022,689.7241079929352,-5299.282271486758,-50.1155,171.0954,9
3258,STARLINK-3825,satellite,2,112,53.1995,4.5865,80.4082,11.7632,92.1714,6912.0085,545.3528,-591.7132557711282,4102.016103283869,5528.864885947446,3830.113989699641,-1583.3153553738252,5528.864885947446,53.3145,-22.4595,11
3259,STARLINK-3878,satellite,2,116,53.2371,354.5971,57.4574,309.5151,6.9725,6924.0985,540.0999,6883.690233007373,-146.19050891081227,672.7761108750162,-3636.83393037769,-5846.366551265004,672.7761108750162,5.6152,-121.8844,4
3260,STARLINK-3839,satellite,2,112,53.2037,4.5687,57.2066,54.9169,112.1236,6913.7451,544.4025,-2899.798295485001,3615.0815971234706,5126.4794675532885,4588.5425687631805,650.3246904483121,5126.4794675532885,48.0624,8.0667,20
3261,STARLINK-3813,satellite,2,116,53.2175,354.6128,101.0308,306.1689,47.1997,6917.5785,542.1468,4961.3194661036305,2582.707366879631,4062.364083662701,-309.07872212794734,-5584.7594873191165,4062.364083662701,36.1593,-93.1677,123
3262,STARLINK-3875,satellite,3,194,53.2352,354.5796,46.4586,300.6219,347.0804,6923.6249,542.7126,6627.33649257537,-1559.0751237137874,-1239.483148823983,-4721.355896339884,-4905.211792298166,-1239.483148823983,-10.3807,-133.9059,3
3263,STARLINK-3887,satellite,2,112,53.217,4.5643,78.901,53.32,132.2209,6917.5447,541.8933,-4874.323740205012,2685.879837761334,4099.935568646462,4796.424560768984,2822.6395200363595,4099.935568646462,36.5483,30.4763,8
3264,STARLINK-3913,satellite,2,116,53.2298,354.6091,76.7307,310.3567,27.0874,6921.6969,539.7948,6306.435313308905,1298.1284272723717,2522.301765137228,-2100.084279561411,-6086.535122167723,2522.301765137228,21.5132,-109.0364,37
3265,STARLINK-3918,satellite,2,112,53.2362,4.5823,122.2635,50.0637,172.3273,6923.9885,539.8383,-6878.044246660359,3.3151544123726224,739.9180059625671,3511.0614382069075,5914.385109747494,739.9180059625671,6.1779,59.3046,4
3266,STARLINK-3902,satellite,2,116,53.2269,354.6721,78.3982,248.6112,327.0095,6920.6015,548.045,5571.385054531222,-2785.7237080648492,-3019.0841620058322,-5237.846751978751,-3371.2830504592885,-3019.0841620058322,-25.9979,-147.2331,4
3267,STARLINK-3892,satellite,3,181,53.2368,4.6019,132.7697,59.521,192.2907,6923.6321,542.5991,-6668.967048312374,-1421.3121043640601,-1180.124278199052,2179.041817232552,6461.193879480781,-1180.124278199052,-9.8787,71.3633,4
3268,STARLINK-3923,satellite,2,112,53.2296,4.5691,103.1283,49.1787,152.307,6921.5761,539.6747,-6256.5272010897315,1429.8102814844135,2574.193952282099,4421.035426627691,4652.196880562683,2574.193952282099,21.9786,46.4594,5
3269,STARLINK-3914,satellite,2,116,53.2037,354.5748,58.5592,48.6486,107.2078,6913.0656,544.6645,-1661.3416250247808,4129.360224407882,5285.839526141198,4399.2075634473185,-677.2330999514111,5285.839526141198,50.075,-8.7517,16
3270,STARLINK-3908,satellite,2,116,53.2068,354.6054,117.5218,309.6027,67.1244,6913.7977,543.8999,3032.8841572740475,3543.8716461953504,5098.609949913815,1501.2726565545138,-4416.287237808814,5098.609949913815,47.7226,-71.225,62
3271,STARLINK-3916,satellite,2,116,53.2273,354.566,96.0546,51.2407,147.2953,6920.6381,540.3197,-5580.3269064163205,2777.4198221543925,2992.5442478225077,5235.265127595999,3383.2097621559515,2992.5442478225077,25.7838,32.8719,5
3272,STARLINK-3883,satellite,2,116,53.1999,354.5921,95.9124,351.1281,87.0406,6912.0442,544.9971,744.6920662923314,4081.3845209554956,5525.220136365894,3130.7220874520403,-2722.2867396058414,5525.220136365894,53.268,-41.0083,5
3273,STARLINK-3857,satellite,3,194,53.2317,354.6084,119.0245,88.2356,207.2601,6921.6604,546.2678,-6303.872106043681,-1311.1320240189093,-2539.5854417902133,2087.591987681155,6090.963011440224,-2539.5854417902133,-21.6465,71.0816,3
3274,STARLINK-3871,satellite,2,174,53.2359,349.6016,64.7324,309.8314,14.5638,6923.4631,539.7286,6772.685078475492,-184.40998442760846,1393.3904472505005,-3613.0887990727297,-5731.392461224093,1393.3904472505005,11.6916,-122.2275,5
3275,STARLINK-3884,satellite,2,116,53.2357,354.5776,117.9102,49.3964,167.3066,6923.6605,539.6553,-6631.907599428883,1543.3220083978665,1217.6209703507418,4710.137558290498,4917.178602709994,1217.6209703507418,10.2002,46.232,4
3276,STARLINK-3925,satellite,2,148,53.2105,344.5671,108.2728,193.8407,302.1135,6915.4474,554.8628,2613.1196624676545,-4364.481714380564,-4696.033123797951,-5086.907964550341,-21.502691266073892,-4696.033123797951,-42.8882,-179.7578,9
3277,STARLINK-3894,satellite,2,116,53.2392,354.5943,131.3009,55.9591,187.26,6924.0507,541.7057,-6882.9218793186,125.65239830276296,-700.552478413676,3618.776388790792,5856.18131293185,-700.552478413676,-5.8465,58.2864,3
3278,STARLINK-3866,satellite,2,148,53.2228,344.5659,89.1291,232.962,322.0911,6919.5948,549.2254,4586.9031273179435,-3907.9518575689704,-3406.553863975026,-5700.975173411338,-1952.0886487614894,-3406.553863975026,-29.6322,-161.0981,4
3279,STARLINK-3907,satellite,2,116,53.2143,354.3661,108.3005,198.9086,307.2091,6916.46,553.4967,3842.107140880496,-3696.741919953688,-4415.766769047531,-5139.415143065321,-1419.1899421778066,-4415.766769047531,-39.8056,-164.5631,4
3280,STARLINK-3912,satellite,3,228,53.2331,344.6048,47.5867,294.4181,342.0048,6923.0425,543.7638,6006.128439341212,-2981.189910455819,-1712.7261433168546,-5627.7197863703295,-3645.523572569893,-1712.7261433168546,-14.4139,-147.0656,4
3281,STARLINK-3861,satellite,2,148,53.2203,344.4974,94.6474,307.5007,42.1481,6918.7126,541.1735,5681.3938130519855,1306.5794147664024,3715.608594330241,-1774.0070677023757,-5553.222879537496,3715.608594330241,32.6727,-107.7164,88
3282,STARLINK-3958,satellite,2,131,53.2289,74.6081,76.669,310.239,26.908,6921.7671,539.5362,-169.48886242795714,6442.259047028142,2506.740410365034,5627.689424901022,-3140.1496525421,2506.740410365034,21.3749,-29.1607,4
3283,STARLINK-3964,satellite,2,131,53.2154,74.6113,98.9604,308.0681,47.0285,6917.6908,541.7046,-1669.7321861237701,5346.5569700245405,4050.759365866485,5450.445980506299,-1290.8584820492108,4050.759365866485,36.0427,-13.3242,12
3284,STARLINK-3897,satellite,2,131,53.234,74.385,117.8385,49.538,167.3765,6923.6801,539.7098,-2688.3364150114908,-6257.300919185253,1211.0031592226596,-4010.9395168765736,5503.937832631412,1211.0031592226596,10.1441,126.0823,5
3285,STARLINK-3933,satellite,2,131,53.2011,74.5745,57.3558,49.8149,107.1707,6913.0728,544.7195,-4355.000580635251,-914.646137545328,5286.763323382349,1434.585165947225,4212.430772832253,5286.763323382349,50.0863,71.1932,4
3286,STARLINK-3757,satellite,2,131,53.1976,74.5908,98.1544,348.9679,87.1223,6912.0229,545.4117,-3893.3836453255244,1432.9296100304596,5525.786149490737,3218.3753041924547,2617.973238662771,5525.786149490737,53.2712,39.1265,7
3287,STARLINK-3940,satellite,2,131,53.2241,74.6057,95.8898,51.3127,147.2025,6920.6702,540.3806,-3704.7725278870607,-5008.466996902441,2999.985865999446,-2418.3257847472887,5741.235192994104,2999.985865999446,25.8524,112.8418,5
3288,STARLINK-3845,satellite,3,243,53.2305,79.573,51.3706,288.0982,339.4688,6922.7578,544.5984,2602.026722514823,6111.425154127246,-1944.4126712543182,3929.4890963526095,-5355.294195543921,-1944.4126712543182,-16.4123,-53.7303,13
3289,STARLINK-3937,satellite,2,131,53.2352,74.5942,131.9024,55.355,187.2574,6924.0521,541.7588,-1319.1070719063644,-6756.58854803292,-700.2722936327958,-5138.784481808315,4580.876152450428,-700.2722936327958,-5.8441,138.2852,5
3290,STARLINK-3926,satellite,2,131,53.2113,74.5641,72.6052,54.6087,127.2139,6916.4864,542.6501,-4290.284558903471,-3152.16049549852,4408.39980028575,-522.9978298603668,5298.030828119857,4408.39980028575,39.801,95.6377,4
3291,STARLINK-3944,satellite,2,169,53.2319,79.614,67.7087,311.8124,19.521,6922.8738,539.186,-185.50273022649966,6660.833739932567,1851.2037996918693,5823.862125217581,-3237.8615350878918,1851.2037996918693,15.6179,-29.0725,4
3292,STARLINK-3948,satellite,3,191,53.232,74.3417,48.3178,293.654,341.9718,6923.0281,543.6984,3010.5940715066354,5990.506915836439,-1715.7169164706272,3617.0890228629405,-5645.043558092313,-1715.7169164706272,-14.4397,-57.3501,11
3293,STARLINK-3931,satellite,2,131,53.2118,74.5647,108.5142,198.5685,307.0827,6916.4488,553.4685,4299.0717576415855,3143.433143755579,-4422.975050030955,511.0090999936978,-5301.137576627891,-4422.975050030955,-39.8836,-84.4939,10
3294,STARLINK-3935,satellite,3,191,53.2277,74.6094,118.9273,88.3284,207.2557,6921.6581,546.2766,196.49542697142545,-6435.993470461345,-2539.0707955904654,-5636.075103858018,3113.7244303749144,-2539.0707955904654,-21.6419,151.081,13
3295,STARLINK-3965,satellite,2,131,53.1982,74.5902,86.457,180.6678,267.1248,6912.0373,559.1585,3901.147713896627,-1435.5164542584173,-5536.834683923706,-3224.560485354683,-2623.3319752514567,-5536.834683923706,-53.2717,-140.87,4
3296,STARLINK-3969,satellite,2,131,53.2153,74.6126,72.5704,154.62,227.1904,6917.616,552.0163,1683.8227472144733,-5342.763530464207,-4067.4410531415656,-5454.370114851742,1276.8037581035885,-4067.4410531415656,-36.1517,166.825,14
3297,STARLINK-3966,satellite,2,131,53.2041,74.7584,73.0247,173.9979,247.0227,6913.8918,556.9099,2973.069371591448,-3611.2827684572676,-5104.210311002739,-4622.647635572188,-715.2856488078152,-5104.210311002739,-47.6731,-171.2041,9
3298,STARLINK-3858,satellite,2,131,53.2039,74.2656,119.3092,307.9758,67.285,6913.8321,544.2089,-2951.497554022014,3603.955863830901,5104.635499983383,4605.342572461018,700.4680364707602,5104.635499983383,47.794,8.6483,20
3299,STARLINK-3770,satellite,2,169,53.2207,79.6112,90.6392,308.8963,39.5354,6919.2841,540.826,-1630.218589725205,5719.552108271208,3524.7710109443115,5751.119476130459,-1515.095290992675,3524.7710109443115,30.8095,-14.7589,8
3300,STARLINK-3943,satellite,3,191,53.2348,74.5761,47.1174,299.8704,346.9878,6923.6221,542.8012,2692.2569436079143,6251.671427005746,-1248.2269690676264,4004.0976677272556,-5504.438658841267,-1248.2269690676264,-10.4546,-53.9667,11
3301,STARLINK-3953,satellite,2,160,53.2002,64.7623,98.5376,183.4645,282.0021,6912.5404,558.6221,4283.374109200726,-427.3694702235733,-5422.780299954475,-2552.3717634865925,-3466.3145853206443,-5422.780299954475,-51.7294,-126.3655,4
3302,STARLINK-3956,satellite,2,160,53.2364,64.5889,53.7392,308.2907,2.0299,6924.2392,540.4779,2834.4948812298744,6308.255449005082,196.32657048580168,3980.2180349803452,-5655.644298896268,196.32657048580168,1.6362,-54.8636,5
3303,STARLINK-3955,satellite,2,169,53.1988,79.5826,60.3782,39.2797,99.6579,6912.3482,545.1604,-4223.021467047922,-402.27885120090747,5454.5089760907,1807.9752304828214,3837.5726900257787,5454.5089760907,52.2984,64.7737,4
3304,STARLINK-3957,satellite,2,160,53.2199,64.6102,94.2175,307.8126,42.0301,6918.7905,541.2694,-301.8442511162049,5827.391003520959,3707.1894686370815,5166.326355357815,-2712.6864635973234,3707.1894686370815,32.5891,-27.7026,4
3305,STARLINK-3942,satellite,2,169,53.1992,79.5981,117.1423,322.4584,79.6006,6912.4088,545.0952,-3779.1923931385113,1961.888054967001,5442.062525870302,3615.1089388216105,2249.9527206210973,5442.062525870302,52.1309,31.8971,10
3306,STARLINK-3959,satellite,2,169,53.2042,79.5802,60.256,54.2467,114.5027,6914.1065,544.0336,-4222.800970076828,-2137.680934093798,5035.605736374236,315.17526367776156,4722.5408798691815,5035.605736374236,46.9509,86.1818,4
3307,STARLINK-3911,satellite,2,160,53.2307,64.6047,71.5757,310.4704,22.046,6922.524,539.6376,1345.3425506722224,6457.150077814393,2079.426996121142,4867.844043185766,-4450.710963125836,2079.426996121142,17.6002,-42.4369,4
3308,STARLINK-3938,satellite,2,169,53.2078,79.6088,71.3402,168.3274,239.6676,6915.1238,555.3381,2889.497076918511,-4084.5076165688233,-4785.2673313407095,-4987.060096140207,-402.0291342867809,-4785.2673313407095,-43.9012,-175.3911,9
3309,STARLINK-3929,satellite,2,160,53.2056,64.6094,115.759,306.2252,61.9842,6914.7086,543.6819,-1909.3810678343912,4499.600936223182,4885.8220593696215,4844.180950100116,-652.7293238028013,4885.8220593696215,45.1648,-7.6741,16
3310,STARLINK-3930,satellite,2,160,53.209,64.5641,67.5222,54.6262,122.1484,6915.4404,543.1328,-4744.424680601888,-1815.9466369109223,4686.195053538521,857.9705582973825,5007.1063758529535,4686.195053538521,42.8672,80.2768,2
3311,STARLINK-3927,satellite,2,160,53.1996,64.5937,111.1603,330.947,82.1073,6912.1893,545.2064,-3296.3967665636906,2616.1315823391433,5480.502264361642,3931.5951313010146,1500.9782884019419,5480.502264361642,52.6512,20.8955,15
3312,STARLINK-3901,satellite,2,160,53.1999,64.578,59.1255,43.0196,102.1451,6912.5339,545.0842,-4278.924730031592,424.1349626108228,5409.280197313931,2547.3201895259376,3464.1372899783228,5409.280197313931,51.691,53.6715,4
3313,STARLINK-3932,satellite,3,235,53.2339,64.6022,130.802,66.1544,196.9564,6923.2079,543.7998,-1747.9223868687614,-6498.256805803933,-1616.9129983787059,-4697.861993898319,4817.952560059079,-1616.9129983787059,-13.5918,134.277,5
3314,STARLINK-3836,satellite,2,169,53.1997,79.5801,96.5345,183.0199,279.5544,6912.3186,558.7132,4230.233048531667,390.54387023191856,-5466.934897793224,-1821.7472822687544,-3837.7901191977203,-5466.934897793224,-52.3214,-115.3931,4
3315,STARLINK-3833,satellite,2,169,53.2001,79.596,82.5613,177.0172,259.5785,6912.4187,558.7367,3785.738387506304,-1968.4187953270643,-5452.484638050787,-3624.0651299796177,-2252.2521231206556,-5452.484638050787,-52.1262,-148.1402,4
3316,STARLINK-3893,satellite,2,169,53.2197,79.5658,93.3458,226.3115,319.6573,6919.0629,549.8476,3594.2335499038068,4702.8508740320995,-3589.117315850274,2211.8347783333174,-5490.273951998553,-3589.117315850274,-31.3885,-68.0573,13
3317,STARLINK-3919,satellite,2,169,53.2041,79.5818,105.8536,188.69,294.5436,6914.041,556.4228,4229.930213365419,2146.269941300466,-5042.991618342862,-311.42385752547466,-4733.053924458866,-5042.991618342862,-46.9307,-93.7645,6
3318,STARLINK-3915,satellite,2,160,53.2194,64.6137,83.2623,138.8896,222.1519,6918.7058,550.5144,312.7697808541013,-5829.046737422331,-3720.853314013143,-5173.32318439737,2704.133508657828,-3720.853314013143,-32.6747,152.4036,15
3319,STARLINK-3895,satellite,2,160,53.2072,64.6084,71.816,170.3359,242.152,6914.6886,556.0116,1925.3881270140732,-4493.84411096266,-4902.219674133561,-4847.393826817691,636.0247015724216,-4902.219674133561,-45.2547,172.5249,9
3320,STARLINK-3922,satellite,3,235,53.2302,64.6045,126.7706,75.4316,202.2023,6922.5039,545.0483,-1333.9051119464657,-6460.245868021636,-2095.0363820837256,-4876.340625124772,4442.452209166159,-2095.0363820837256,-17.7222,137.6658,9
3321,STARLINK-3906,satellite,2,160,53.2091,64.5291,108.478,193.5679,302.0458,6915.4167,554.9674,4752.677680932298,1804.9823309042088,-4699.485852005494,-871.6109075688953,-5008.612660160029,-4699.485852005494,-42.9264,-99.8719,4
3322,STARLINK-3910,satellite,2,160,53.1993,64.5956,83.7004,178.4364,262.1367,6912.2421,558.9476,3304.829020469033,-2618.178011126791,-5491.7751407530895,-3937.6562940110643,-1507.1874013264567,-5491.7751407530895,-52.6559,-159.055,4
3323,STARLINK-3867,satellite,2,160,53.2329,64.4566,65.9663,310.9222,16.8884,6923.1918,539.5357,1768.587740299727,6489.943572429479,1609.6071195388165,4680.17090108602,-4831.487400903045,1609.6071195388165,13.5377,-45.9114,4
3324,STARLINK-3917,satellite,2,160,53.2215,64.5655,87.3174,234.7167,322.0341,6919.616,549.2015,4646.284829075412,3833.297159798444,-3410.8262898074145,927.2890075022058,-5951.660686294265,-3410.8262898074145,-29.6731,-81.1443,10
3325,STARLINK-4019,satellite,2,155,53.2049,229.5678,62.6947,52.022,114.7166,6914.1034,543.8962,4736.036425917593,-239.06819903834267,5026.976482307603,-2621.291035570619,-3951.712026229497,5026.976482307603,46.8475,-123.5575,68
3326,STARLINK-4024,satellite,2,162,53.2355,224.6957,130.0579,52.1145,182.1724,6924.2219,540.9113,4804.464839370419,4974.5278294002255,-210.1089284176609,1828.225161361447,-6669.812761808899,-210.1089284176609,-1.751,-74.6715,7
3327,STARLINK-4026,satellite,2,162,53.2075,224.568,109.5378,192.5604,302.0982,6915.4613,554.8439,-5085.763787118938,-79.17371174134018,-4696.622561540617,2525.940335286035,4414.848490897093,-4696.622561540617,-42.895,60.2241,4
3328,STARLINK-4027,satellite,2,162,53.1984,224.5976,84.4154,177.7438,262.1592,6912.2309,558.8291,-2212.2704470281146,3588.795096185155,-5491.912016504653,4215.252592619644,72.36265341984661,-5491.912016504653,-52.6591,0.9835,4
3329,STARLINK-4012,satellite,2,162,53.1998,224.5807,99.0458,183.0562,282.102,6912.5495,558.4884,-3880.2583516834325,1869.5073840436917,-5420.6371621818635,3587.1983197976324,2384.0031353259496,-5420.6371621818635,-51.7022,33.6075,4
3330,STARLINK-4016,satellite,2,162,53.2351,224.5971,49.1068,307.7067,356.8135,6924.2017,541.0129,-5080.842816845608,-4686.592851245739,-308.10643835491453,-1439.5918381688027,6760.6724238286415,-308.10643835491453,-2.568,102.0208,4
3331,STARLINK-4013,satellite,2,162,53.2217,224.5651,85.9401,236.1459,322.086,6919.5971,549.0142,-5677.67175265542,-2017.7408086939447,-3406.7879638246804,1160.4107462089828,5912.755821277662,-3406.7879638246804,-29.6354,78.8965,4
3332,STARLINK-4000,satellite,2,155,53.202,229.3852,75.3546,174.2553,249.6099,6913.4867,557.2577,-1380.5377469583282,4361.521489979315,-5196.504100436087,4455.6719780810945,-1037.1795418687525,-5196.504100436087,-48.816,-13.1038,4
3333,STARLINK-3928,satellite,3,241,53.2314,224.5763,47.5031,294.5242,342.0273,6923.0886,543.8461,-5586.316605994542,-3709.781058448902,-1710.636734858772,-341.57607373838806,6697.218415871332,-1710.636734858772,-14.3957,92.9197,2
3334,STARLINK-3947,satellite,2,155,53.2334,229.589,121.1533,48.4048,169.5581,6923.847,539.618,4981.350022828986,4693.250933798569,1004.2995785365623,1496.0659342914632,-6678.490779943631,1004.2995785365623,8.3992,-77.3735,10
3335,STARLINK-3979,satellite,2,162,53.231,224.6055,71.4121,310.6406,22.0527,6922.5048,539.6819,-3472.107647796609,-5607.782387150587,2080.0462418461,-3052.4933630612472,5846.797335977285,2080.0462418461,17.6055,117.5681,5
3336,STARLINK-3997,satellite,2,162,53.1983,224.5464,113.8111,328.3907,82.2019,6912.1734,545.2469,2208.6694645042144,-3580.450206932717,5481.689281940443,-4206.238111206955,-73.52169467587916,5481.689281940443,52.6669,-178.9986,5
3337,STARLINK-3998,satellite,2,155,53.2278,229.5692,104.6819,50.0929,154.7748,6922.0138,539.8321,5400.17253000635,3617.8061523151314,2360.783688346429,357.4093479143935,-6490.195934452811,2360.783688346429,20.0749,-86.848,48
3338,STARLINK-3980,satellite,3,215,53.2318,229.6006,136.5376,58.1805,194.7181,6923.4688,542.8206,3536.3757191748955,5779.087849987768,-1408.3791277518128,3167.0593978236093,-5989.452760954306,-1408.3791277518128,-11.8138,-62.1313,5
3339,STARLINK-4002,satellite,2,162,53.2187,224.6126,94.5806,307.4731,42.0536,6918.7282,541.3151,-1706.9237903897524,-5578.911907019023,3708.8488466058807,-3928.009045919695,4313.767706732735,3708.8488466058807,32.6053,132.3202,7
3340,STARLINK-4011,satellite,2,155,53.2232,229.6112,98.9767,115.7457,214.7224,6920.2494,548.3925,1888.6038171661035,5862.987384266944,-3158.0851645751345,4079.6859484109773,-4614.933153213137,-3158.0851645751345,-27.2885,-48.5227,11
3341,STARLINK-3996,satellite,3,237,53.2325,214.6023,131.8074,65.4624,197.2698,6923.1492,543.7453,4741.313036999656,4765.166985762227,-1645.8360696388272,1680.3568353996586,-6508.706985473137,-1645.8360696388272,-13.8397,-75.524,5
3342,STARLINK-3983,satellite,2,159,53.235,214.5863,125.747,51.5349,177.2819,6924.178,540.3215,5800.810465608844,3761.138214223247,262.8248587035962,276.34580819030793,-6907.908201380732,262.8248587035962,2.1906,-87.7091,7
3343,STARLINK-3741,satellite,2,159,53.2223,214.601,92.0079,125.3229,217.3308,6919.696,549.1567,3103.489042330769,5194.3171297450135,-3362.2477723595875,2884.872975329398,-5318.8422233079755,-3362.2477723595875,-29.2101,-61.5252,15
3344,STARLINK-3975,satellite,2,155,53.2097,229.615,69.3691,165.3411,234.7102,6916.0653,554.4065,13.572117567237132,5239.446262864401,-4525.620946509562,4499.730958962499,-2684.101831297283,-4525.620946509562,-40.9942,-30.8162,4
3345,STARLINK-3984,satellite,2,159,53.2017,214.6005,79.2704,178.0177,257.2881,6912.4476,558.5974,-1043.2358557909718,4195.22228959337,-5408.224083758612,4140.587560925234,-1242.4837062191916,-5408.224083758612,-51.5358,-16.7031,4
3346,STARLINK-4008,satellite,2,155,53.2003,229.5998,121.2846,313.3465,74.6311,6912.8897,545.0124,1852.590051504463,-3981.6657018784435,5335.501091070676,-4369.717727899134,437.3998616054841,5335.501091070676,50.7167,174.2838,4
3347,STARLINK-3986,satellite,2,159,53.1976,214.5821,95.5922,181.5361,277.1283,6912.1992,558.9076,-3043.268264013384,2900.7262771953156,-5500.861362795055,4047.2756788049523,1138.092369588842,-5500.861362795055,-52.7803,15.706,4
3348,STARLINK-3988,satellite,2,159,53.2059,214.5693,107.9582,189.1766,297.1348,6914.5029,555.8378,-4693.826633862354,1247.0196280658786,-4933.772182784814,3466.7401593063028,3401.2907975340886,-4933.772182784814,-45.6283,44.454,4
3349,STARLINK-3990,satellite,2,159,53.2087,214.6094,70.8343,166.3814,237.2157,6915.5733,554.6396,1105.472431652093,4998.141143829372,-4661.037176261233,3735.241115249224,-3500.2082797648636,-4661.037176261233,-42.4957,-43.1395,5
3350,STARLINK-3992,satellite,2,159,53.2338,214.5846,49.6063,307.4718,357.0781,6924.1979,541.138,-5808.95591444209,-3748.609103252586,-282.5450111595729,-261.41436633547454,6908.523833207302,-282.5450111595729,-2.3548,92.167,4
3351,STARLINK-4001,satellite,2,155,53.199,229.5847,73.41,21.2437,94.6537,6912.0783,545.4232,3504.597366019924,-2247.9167907028386,5514.673615416778,-3721.0737622521224,-1867.8711550094602,5514.673615416778,53.1176,-153.3447,8
3352,STARLINK-4022,satellite,2,159,53.2217,214.5747,88.632,308.3972,37.0292,6919.833,540.8527,-3130.110238067858,-5184.933940466711,3334.999921418237,-2863.2237390818323,5336.9541771893755,3334.999921418237,28.9894,118.2131,6
3353,STARLINK-3989,satellite,2,159,53.217,214.565,99.5861,217.5376,317.1237,6918.5463,550.67,-5777.584754344085,-555.5533656892413,-3772.39942864422,2469.0571510959353,5252.89271929095,-3772.39942864422,-33.1835,64.8247,4
3354,STARLINK-3794,satellite,2,159,53.2244,214.6218,81.9418,309.8841,31.8259,6920.8401,540.294,-3594.3858095276864,-5134.370757647793,2920.6747315010352,-2582.924319452938,5710.50561550388,2920.6747315010352,25.1218,114.3378,5
3355,STARLINK-3995,satellite,3,237,53.2295,214.5714,51.9422,285.1539,337.0961,6922.3624,544.9935,-6164.545617393728,-2289.9164456476788,-2157.661947666657,1174.6362974018296,6470.360852827455,-2157.661947666657,-18.2702,79.7105,4
3356,STARLINK-3994,satellite,2,159,53.1978,214.5831,47.3429,49.7592,97.1021,6912.1747,546.164,3035.2617352978727,-2897.287715019178,5491.061761172814,-4040.2342325446766,-1132.9595101055588,5491.061761172814,52.785,-164.3355,7
3357,STARLINK-3974,satellite,2,159,53.2307,214.63,66.5404,310.5101,17.0505,6923.1862,539.5525,-4751.156772279701,-4756.614737720207,1624.5502083592073,-1667.9798228907362,6512.811815821621,1624.5502083592073,13.6658,104.3651,5
3358,STARLINK-3978,satellite,3,183,53.2337,204.5971,134.2537,57.947,192.2007,6923.6858,542.4583,5785.572102695852,3611.2002139384495,-1171.5407478929546,155.15071202524044,-6818.323826073361,-1171.5407478929546,-9.8064,-88.6965,4
3359,STARLINK-3967,satellite,2,159,53.2094,214.611,110.987,306.1309,57.1179,6915.5926,543.2244,-1113.8819151931684,-4992.373799497328,4648.288788634119,-3725.9910611515957,3504.499919691852,4648.288788634119,42.439,136.7546,7
3360,STARLINK-3961,satellite,3,183,53.2244,204.61,108.7954,103.3649,212.1603,6920.7864,547.4718,4408.817663551468,4445.588281265484,-2951.118608281932,1575.06697194509,-6059.710586394052,-2951.118608281932,-25.3735,-75.4298,11
3361,STARLINK-3941,satellite,2,159,53.2009,214.6026,121.7849,315.3307,77.1156,6912.5905,544.9268,1023.1021082199682,-4196.221760335858,5393.81478790431,-4131.177841213666,1260.3113226601995,5393.81478790431,51.4865,163.0345,4
3362,STARLINK-3968,satellite,2,128,53.1983,204.5884,91.6138,180.5383,272.1521,6912.0076,559.1521,-1960.9910647154375,3660.6055529388086,-5539.89002663957,4148.852219339224,-180.40020006703284,-5539.89002663957,-53.314,-2.4898,4
3363,STARLINK-3977,satellite,2,128,53.2334,204.6125,122.3457,49.9334,172.2791,6924.0117,539.8764,6463.920875061754,2349.2317460494205,744.5160454892633,-1276.315990575311,-6758.119588162618,744.5160454892633,6.2164,-100.6947,10
3364,STARLINK-3991,satellite,2,128,53.2349,204.7941,133.8968,53.065,186.9618,6924.0471,541.3181,6024.623460146804,3335.9526577875577,-671.8545939141278,-203.5308741031553,-6883.548732655121,-671.8545939141278,-5.6065,-91.6936,4
3365,STARLINK-3971,satellite,2,128,53.2113,204.6127,71.1849,161.0837,232.2686,6916.5448,553.357,2486.0107653673113,4745.458974264469,-4384.837789946204,2813.7429377932813,-4558.780657365278,-4384.837789946204,-39.4738,-58.3165,15
3366,STARLINK-3963,satellite,2,128,53.2356,204.5646,56.4454,310.4003,6.8456,6924.0756,539.9463,-6041.745540158427,-3304.2581151944096,660.5721788138972,239.52587011444407,6882.110012299881,660.5721788138972,5.5132,88.0067,4
3367,STARLINK-3985,satellite,2,128,53.2018,204.6036,76.82,175.3641,252.1842,6913.1372,557.7523,282.157280792424,4471.713728035219,-5278.082226188406,3702.37970704371,-2523.533415961387,-5278.082226188406,-49.8463,-34.2783,4
3368,STARLINK-3973,satellite,2,128,53.2163,204.6699,104.169,207.8339,312.0029,6917.4448,552.0157,-5495.250792794255,865.6923820965824,-4120.021236383043,3547.519404426794,4285.126678564043,-4120.021236383043,-36.6935,50.3797,4
3369,STARLINK-3832,satellite,2,128,53.2041,204.6116,104.8911,187.2214,292.1126,6913.7201,556.9848,-3969.351756866593,2407.4409827089867,-5136.238950373832,4095.339052256685,2186.25787637873,-5136.238950373832,-48.0673,28.0951,4
3370,STARLINK-3854,satellite,3,183,53.2282,204.566,60.9881,271.0526,332.0406,6921.5391,546.3496,-6367.826163835544,-774.906225739871,-2599.4041673235533,2581.441217802057,5872.465491644165,-2599.4041673235533,-22.1824,66.2705,4
3371,STARLINK-3868,satellite,2,128,53.2033,204.4248,61.0318,51.2458,112.2776,6913.7411,544.2553,3969.1655455926184,-2404.270446204337,5120.7391602266625,-4092.516970487557,-2187.7148701516153,5120.7391602266625,47.9926,-151.8726,6
3372,STARLINK-3891,satellite,2,127,53.2018,194.6789,104.7596,182.3526,287.1121,6913.0371,557.8454,-2975.046006764686,3317.9465030167325,-5298.516280703301,4371.345792058358,866.6046996763638,-5298.516280703301,-50.1081,11.2133,4
3373,STARLINK-4004,satellite,2,126,53.2095,99.5756,69.8052,54.6764,124.4817,6915.9328,542.9931,-2713.6736710613504,-4426.139354547906,4562.6825949294225,-2422.9620235051666,4591.730546486922,4562.6825949294225,41.4857,117.8197,5
3374,STARLINK-4084,satellite,2,126,53.1998,99.8948,100.3127,184.0702,284.3829,6912.6813,557.9938,3661.9462484948526,2384.478141648832,-5369.888412092303,183.17383577134953,-4366.008896092106,-5369.888412092303,-51.0355,-87.5976,7
3375,STARLINK-4082,satellite,2,126,53.2021,99.5745,58.0124,51.6535,109.6659,6913.3947,544.5985,-3456.8079832638846,-2941.5953177141273,5210.876734476576,-767.0048685223078,4473.7241732160555,5210.876734476576,49.1176,99.7286,4
3376,STARLINK-3960,satellite,2,126,53.2126,99.5158,75.3147,54.4159,129.7306,6917.0352,542.434,-2409.281546206641,-4883.781254106699,4257.442458744436,-2971.8558105068078,4563.335397317711,4257.442458744436,38.1903,123.074,7
3377,STARLINK-4081,satellite,2,126,53.2264,99.5678,98.9819,50.8656,149.8475,6921.1062,540.131,-1056.5757138453303,-6241.604597341535,2782.1543770878125,-4829.733098608197,4092.3903021157716,2782.1543770878125,23.856,139.7243,7
3378,STARLINK-4044,satellite,3,196,53.226,99.6082,114.6282,94.9836,209.6118,6921.2809,546.8637,3023.175926185934,-5591.461185390986,-2739.5332347029903,-6351.434186486617,251.6240114401574,-2739.5332347029903,-23.4445,177.7313,6
3379,STARLINK-4037,satellite,2,126,53.2131,99.6167,72.7578,156.963,229.7208,6917.1177,552.7683,3866.033088015866,-3884.4834338755377,-4229.789316345994,-5313.1026440568585,-1344.0102973575017,-4229.789316345994,-37.8322,-165.8042,6
3380,STARLINK-4070,satellite,2,126,53.2336,99.5965,133.4561,56.2925,189.7486,6923.8915,542.1055,1828.4486879534377,-6607.574021598912,-938.6305458807796,-6616.051097424994,1797.5335689908545,-938.6305458807796,-7.8436,164.8001,4
3381,STARLINK-4064,satellite,2,126,53.2004,99.5745,102.4448,187.1209,289.5657,6913.3285,557.397,3467.662056067721,2936.2148422329365,-5223.65334741396,756.8406902060532,-4480.315826422198,-5223.65334741396,-49.1568,-80.4118,9
3382,STARLINK-4079,satellite,2,126,53.1978,99.2031,88.4894,1.3737,89.8631,6912.0054,545.4596,-4088.725975377865,-645.7290501420763,5532.772789708032,1530.0754964369337,3846.2338830510985,5532.772789708032,53.3675,68.3068,4
3383,STARLINK-4076,satellite,2,126,53.2134,99.5655,107.4521,202.1303,309.5824,6916.9622,552.9141,2417.6550603975015,4880.785984725734,-4273.073374849717,2965.0084734642496,-4569.010021005207,-4273.073374849717,-38.2869,-57.0189,14
3384,STARLINK-4067,satellite,2,126,53.1976,99.5902,89.6129,180.0138,269.6268,6912.0106,559.1983,4097.092249785521,646.5115245380313,-5543.657813451721,-1533.6697549441612,-3853.829152593896,-5543.657813451721,-53.3656,-111.7006,4
3385,STARLINK-3972,satellite,2,126,53.2338,99.5971,59.4565,309.9969,9.4534,6923.9086,539.7986,-1808.1693838880328,6614.740589141153,910.1748903877408,6611.871697489002,-1818.6319689275722,910.1748903877408,7.607,-15.3792,4
3386,STARLINK-4075,satellite,2,126,53.2022,99.6716,74.6787,174.9475,249.6262,6913.4906,557.3646,4237.328326176648,-1722.9642886869979,-5197.143130339629,-3643.2776828780707,-2765.8787047432656,-5197.143130339629,-48.8231,-142.7952,4
3387,STARLINK-4071,satellite,2,126,53.2263,99.609,79.1235,310.4114,29.5348,6921.2815,539.9691,-3016.2291510357413,5591.192831379972,2730.3514801035867,6347.660097885138,-257.46232918508593,2730.3514801035867,23.3861,-2.3227,6
3388,STARLINK-4073,satellite,3,196,53.2255,99.5691,67.2773,262.1838,329.4611,6921.1089,547.1037,1085.23098029531,6228.610858128996,-2817.162110317533,4803.940789996202,-4110.410245803431,-2817.162110317533,-24.1489,-40.5514,11
3389,STARLINK-3976,satellite,2,126,53.2027,99.6032,120.0777,309.5124,69.59,6913.4799,544.4595,-4227.1164024521895,1728.989148862096,5186.278440987176,3643.251215839996,2754.021992476387,5186.278440987176,48.8086,37.0865,7
3390,STARLINK-3936,satellite,2,126,53.2338,99.5567,62.3356,311.6359,13.9715,6916.1432,532.6024,-2097.9900842369548,6446.665740026431,1336.4703833499918,6615.129640464386,-1483.6176721233235,1336.4703833499918,11.2196,-12.6409,4
3391,STARLINK-3934,satellite,2,141,53.1978,89.5938,105.3725,339.2626,84.635,6912.0936,545.3915,-4116.600733290329,675.2757359935312,5508.587427462343,2680.5413812569445,3196.419374912684,5508.587427462343,53.0341,50.0165,5
3392,STARLINK-4006,satellite,2,126,53.214,99.6111,103.8191,305.6985,49.5176,6917.127,542.295,-3853.5013426092596,3899.0303357829466,4210.747200003448,5319.223073411343,1325.8114693030213,4210.747200003448,37.6997,13.9957,13
3393,STARLINK-4074,satellite,2,141,53.2304,89.7118,74.7374,309.695,24.4324,6922.2026,539.9603,-1680.5880356185105,6304.970301433235,2291.3830995333515,6280.352060762179,-1770.3685040972239,2291.3830995333515,19.4606,-15.7426,4
3394,STARLINK-4031,satellite,2,141,53.2355,89.5932,130.5183,54.2032,184.7215,6924.1714,541.3883,291.92362670792033,-6898.198064326081,-456.26975183849856,-6082.30946498088,3267.3946059064256,-456.26975183849856,-3.8043,151.7555,5
3395,STARLINK-3774,satellite,2,141,53.2166,89.3801,75.55,149.1899,224.7399,6918.1737,551.365,2864.4252160611845,-4948.529850243622,-3902.651078579382,-5717.451425200704,60.23867221122611,-3902.651078579382,-34.4805,179.3964,10
3396,STARLINK-4068,satellite,3,226,53.2289,89.6055,122.151,82.8181,204.9691,6921.9397,545.6898,1705.74893066196,-6286.365672996755,-2340.3880369705244,-6277.183035750776,1739.2371674872406,-2340.3880369705244,-19.8766,164.5134,7
3397,STARLINK-4017,satellite,2,141,53.2234,89.5652,92.4055,52.3331,144.7386,6920.1687,540.7623,-2432.576987083927,-5627.423954480988,3197.2423701417297,-3599.61005371979,4962.674543299829,3197.2423701417297,27.6884,125.9548,6
3398,STARLINK-4014,satellite,2,141,53.2333,89.5772,114.7864,49.9394,164.7258,6923.4047,539.8059,-1139.9043544753392,-6664.420295579098,1459.7333451606353,-5150.910947227497,4379.725588117407,1459.7333451606353,12.2565,139.6261,5
3399,STARLINK-4029,satellite,2,141,53.2001,89.5772,100.2632,184.3663,284.6295,6912.7865,558.2972,4025.713267733261,1719.00789411488,-5364.189446568977,-574.7659899204237,-4339.469957363881,-5364.189446568977,-50.9576,-97.545,5
3400,STARLINK-4005,satellite,2,141,53.1993,89.8765,118.9933,320.2478,79.2411,6912.4142,545.1063,-4063.7653424306855,1298.6887767989376,5435.728475136475,3189.814247396339,2832.9960050151208,5435.728475136475,52.0454,41.6095,7
3401,STARLINK-3981,satellite,2,141,53.2096,89.5668,108.3664,196.2245,304.5909,6915.945,554.1948,3442.815744331655,3904.367784044944,-4564.104544518188,1602.260156334557,-4952.759880503871,-4564.104544518188,-41.4195,-72.0732,12
3402,STARLINK-4032,satellite,2,141,53.2224,89.4514,83.0879,241.5122,324.6001,6920.1121,548.6064,2454.6507740245406,5619.174706680866,-3211.752970901002,3581.2556129037503,-4977.453469563192,-3211.752970901002,-27.7904,-54.2652,14
3403,STARLINK-4035,satellite,2,141,53.1978,89.5926,84.9328,179.7057,264.6385,6912.1141,559.1211,4124.792679837355,-676.2833970330631,-5519.564086419569,-2685.586488036883,-3202.951623115174,-5519.564086419569,-53.0341,-129.9789,4
3404,STARLINK-3993,satellite,2,141,53.2001,89.3052,59.0659,45.892,104.9579,6912.7541,544.7401,-4020.3577419355483,-1734.9261611642155,5345.617897461892,558.3424277837156,4342.982718267445,5345.617897461892,50.8519,82.6741,4
3405,STARLINK-3946,satellite,2,141,53.2049,89.6078,117.3596,307.1437,64.5034,6914.2542,543.9389,-3715.734796097496,3000.350048742323,4995.145092725437,4475.9637587671195,1665.6932250931075,4995.145092725437,46.4628,20.4123,13
3406,STARLINK-4072,satellite,3,226,53.2331,89.5777,46.724,297.8154,344.5394,6923.4105,543.3051,1153.3774958613958,6661.7177056585215,-1477.8502060210199,5141.714243371608,-4389.935885335146,-1477.8502060210199,-12.4045,-40.4903,11
3407,STARLINK-4041,satellite,2,123,53.2184,94.3604,83.2178,54.1567,137.3745,6918.6262,541.723,-2408.477967711309,-5285.375537757533,3749.8263043525535,-3317.6927016350314,4767.48107847259,3749.8263043525535,33.0082,124.8341,7
3408,STARLINK-4018,satellite,2,123,53.2349,94.5804,48.2928,303.4925,351.7853,6924.0038,542.0984,42.96172122379119,6874.33829615936,-792.0797353158962,5890.9753788572325,-3543.2727534345363,-792.0797353158962,-6.6131,-31.0258,7
3409,STARLINK-4030,satellite,2,123,53.2054,94.5613,107.363,189.7353,297.0982,6914.5361,555.9987,3428.985084249632,3437.2356424107875,-4935.461402427798,1207.5159075866552,-4702.598526601088,-4935.461402427798,-45.6469,-75.5989,11
3410,STARLINK-3987,satellite,2,137,53.2128,84.6409,106.0,306.0547,52.0547,6916.6258,542.475,-2852.970945415236,4536.57573404,4365.386518827416,5357.271151322607,140.03005845394182,4365.386518827416,39.3391,1.4973,18
3411,STARLINK-4034,satellite,2,123,53.2293,94.2132,106.4485,51.0506,157.4991,6922.4751,539.9264,-1110.682250369628,-6488.683891312032,2120.15368739381,-5014.658166650887,4264.954533673244,2120.15368739381,17.9556,139.6189,5
3412,STARLINK-4033,satellite,2,123,53.2358,94.6152,49.6004,307.4306,357.031,6924.2133,541.0086,-342.1782053097742,6904.6759571782,-287.10164907669576,6113.514166685016,-3227.4727778194087,-287.10164907669576,-2.3929,-27.8307,7
3413,STARLINK-4020,satellite,2,169,53.2201,79.6246,83.6329,136.0896,219.7226,6919.2369,550.0291,1646.6018528010222,-5714.449090455892,-3543.359783560911,-5755.086604583149,1498.4005615347073,-3543.359783560911,-30.9437,165.4064,15
3414,STARLINK-3999,satellite,2,169,53.2202,79.5658,87.7541,51.8911,139.6453,6919.1169,541.0095,-3590.0959446511347,-4695.802008773234,3585.4451358648307,-2207.882196179801,5483.119696412939,3585.4451358648307,31.3975,111.9331,5
3415,STARLINK-3844,satellite,3,243,53.2312,79.6025,129.8014,69.9338,199.7353,6922.8466,544.3906,200.2400236478994,-6659.939202153608,-1872.0978416366709,-5830.609590651516,3224.729142866965,-1872.0978416366709,-15.7864,151.0544,6
3416,STARLINK-3970,satellite,2,169,53.2361,79.5882,128.3939,51.3696,179.7634,6924.2666,540.6556,-1267.1872498583518,-6801.720368829688,22.886103489554255,-5204.086318100744,4559.237775737615,22.886103489554255,0.1907,138.7788,5
3417,STARLINK-4007,satellite,2,169,53.2072,79.4524,108.1702,191.4691,299.6393,6914.9838,555.4529,4169.764029351542,2706.230446828109,-4818.73077807328,200.9084866515882,-4966.915649757387,-4818.73077807328,-44.2859,-87.6837,9
3418,STARLINK-3962,satellite,2,169,53.2075,79.5975,112.7065,306.8638,59.5704,6915.1464,543.3248,-2878.3989960929666,4087.311091272798,4772.2081288961435,4983.810796310793,391.0533008767514,4772.2081288961435,43.8468,4.4865,19
3419,STARLINK-4091,satellite,2,114,53.236,339.7736,46.572,302.8549,349.4269,6923.8169,542.2326,6120.194289553526,-3064.903940906136,-1017.1909855136729,-5757.905851938462,-3700.936977182719,-1017.1909855136729,-8.5045,-147.2688,4
3420,STARLINK-4089,satellite,2,114,53.2283,339.6079,80.288,309.2574,29.5454,6921.2432,540.0465,6349.905068150415,-182.83620790281748,2731.3384303306966,-3396.092286071817,-5368.545486249149,2731.3384303306966,23.3948,-122.3171,27
3421,STARLINK-4083,satellite,2,114,53.2156,339.6122,102.5548,307.0158,49.5706,6917.1388,542.0654,5299.4608203523585,1391.687055952273,4214.008949353072,-1505.994194696625,-5268.117247527323,4214.008949353072,37.7354,-105.9536,110
3422,STARLINK-4086,satellite,2,114,53.2053,339.6063,124.5527,305.0467,69.5994,6913.5136,544.5922,3609.8261699118566,2796.918265965485,5186.868598519441,564.5141149508322,-4531.547260869422,5186.868598519441,48.8147,-82.899,77
3423,STARLINK-4108,satellite,2,114,53.2037,339.5756,60.3079,49.4001,109.7081,6913.3839,544.2225,-824.021971656125,4464.797365887613,5209.337459469959,4260.647608626311,-1568.5374344643199,5209.337459469959,49.1017,-20.2109,13
3424,STARLINK-4080,satellite,2,114,53.2148,339.5677,75.6686,54.0907,129.7593,6916.9974,542.3131,-3031.909045608668,4525.100934765252,4255.722836905896,5438.670255098133,299.79457461373113,4255.722836905896,38.1729,3.1551,17
3425,STARLINK-4043,satellite,2,114,53.2343,339.8914,44.1779,304.7762,348.9541,6918.2098,536.3844,6099.680113465045,-3077.5577706420186,-1061.2016772870245,-5758.326463118895,-3676.8377258705145,-1061.2016772870245,-8.883,-147.4407,4
3426,STARLINK-4036,satellite,2,114,53.2362,339.5991,133.5243,56.1678,189.6921,6923.8851,541.9916,-6636.188051838111,1724.1829247448497,-933.2597456590647,4867.886421141117,4828.610608468085,-933.2597456590647,-7.7986,44.7679,4
3427,STARLINK-4092,satellite,2,114,53.2368,339.5738,119.6457,50.1679,169.8135,6923.8495,539.7995,-6124.8294567603425,3062.3218864328283,980.0657980892247,5758.049135270175,3706.2408672857596,980.0657980892247,8.1949,32.7679,4
3428,STARLINK-4048,satellite,2,114,53.2168,339.6131,72.225,157.5281,229.7531,6917.0831,552.6679,-5294.724468083184,-1407.6880311986108,-4231.943087683711,1489.815307163213,5272.204769983878,-4231.943087683711,-37.8554,74.2208,4
3429,STARLINK-4049,satellite,2,114,53.2323,339.6737,112.0578,47.7866,159.8445,6914.3463,531.0254,-5585.833215667255,3588.466517409505,1906.6450465229116,5935.686792977035,2974.2641031856406,1906.6450465229116,16.1175,26.6146,4
3430,STARLINK-4065,satellite,2,114,53.2039,339.5732,103.9198,185.7378,289.6576,6913.3566,557.5187,819.6164498099789,-4472.551888561186,-5221.011627101346,-4265.070501110302,1576.282062712783,-5221.011627101346,-49.1223,159.7167,10
3431,STARLINK-4046,satellite,3,186,53.2284,339.5345,106.256,103.6983,209.9543,6920.8403,547.1084,-6342.081190938925,158.53785257282124,-2768.4557789436276,3371.201675406057,5374.209462506936,-2768.4557789436276,-23.7059,57.9003,4
3432,STARLINK-4188,satellite,2,114,53.227,339.5692,70.5901,258.9829,329.573,6921.0722,547.3066,4860.569417610922,-4050.0565895897594,-2807.981709588949,-5962.791052434711,-2114.997944986843,-2807.981709588949,-24.0645,-160.4704,4
3433,STARLINK-4208,satellite,2,114,53.2031,339.6053,75.1892,174.4875,249.6767,6913.4304,557.4478,-3609.134724167983,-2807.1118927750163,-5198.957813930644,-573.6347320711283,4536.151874652757,-5198.957813930644,-48.8451,97.2073,4
3434,STARLINK-4168,satellite,2,114,53.2145,339.6314,107.5985,201.9856,309.5841,6916.929,552.8936,3023.467930848767,-4530.559959872404,-4273.016494859001,-5439.0603085461025,-289.7496140952392,-4273.016494859001,-38.2864,-176.9506,9
3435,STARLINK-4212,satellite,2,114,53.2115,339.576,108.823,195.61,304.433,6915.8785,554.2949,2475.2096795777143,-4570.641142598069,-4572.918774773966,-5193.891527455883,202.27262125009253,-4572.918774773966,-41.5161,177.7698,9
3436,STARLINK-4206,satellite,2,114,53.2358,339.6008,59.2864,310.2476,9.5339,6923.8968,539.6759,6633.0940544566465,-1735.0762680679634,917.8653511047527,-4875.678091719557,-4820.393089490389,917.8653511047527,7.6718,-135.3267,4
3437,STARLINK-4202,satellite,2,114,53.1998,339.5903,89.5329,180.1483,269.6812,6911.9863,559.324,-1482.4434541365529,-3873.629454289187,-5543.948702338364,-2575.726889846171,3250.8882990303473,-5543.948702338364,-53.3682,128.3903,4
3438,STARLINK-4197,satellite,2,138,53.2173,329.6138,96.8672,307.6845,44.5516,6918.1336,541.398,5718.3456926977415,13.214875243277332,3884.1519900426906,-2905.3283603775008,-4925.314123232009,3884.1519900426906,34.351,-120.5354,68
3439,STARLINK-4187,satellite,2,114,53.2349,339.9351,115.2567,49.0902,164.3469,6923.3526,539.5289,-5872.677698143905,3334.189478600375,1495.010668766899,5863.2807990724805,3350.686660479343,1495.010668766899,12.5579,29.7467,4
3440,STARLINK-3809,satellite,2,138,53.2061,329.6079,117.6947,306.9277,64.6224,6914.2283,543.9466,4446.866251673779,1727.3978366723397,5000.153328624592,-782.3624369283314,-4705.999549904254,5000.153328624592,46.523,-99.439,94
3441,STARLINK-4184,satellite,2,138,53.2302,329.6082,74.8265,309.7327,24.5592,6922.1266,539.8441,6296.09840547735,-1698.0067325560553,2302.4891512651066,-4671.905387281173,-4549.437552879836,2302.4891512651066,19.559,-135.7609,4
3442,STARLINK-4189,satellite,2,138,53.2079,329.5426,65.8163,53.7295,119.5459,6914.9411,543.436,-1112.4465940797186,4831.557327859404,4814.850180436458,4723.22589917677,-1507.5213903680617,4814.850180436458,44.3382,-17.7016,14
3443,STARLINK-4204,satellite,2,138,53.1987,329.5923,108.6672,335.9964,84.6636,6912.0744,545.2825,2640.2431213079713,3229.1504722334557,5508.821019448131,1430.8387961587018,-3918.034820078393,5508.821019448131,53.0385,-69.9382,43
3444,STARLINK-4209,satellite,2,138,53.2233,329.5708,93.1637,51.5727,144.7364,6920.164,540.6066,-3657.399418273831,4919.9552629628015,3197.3425564443505,6097.337110223701,636.4043200937707,3197.3425564443505,27.69,5.9586,9
3445,STARLINK-4201,satellite,2,138,53.2,329.6299,60.1404,39.3312,99.4716,6912.2591,545.2319,1083.150005159713,4097.473425976495,5457.6263177030805,2971.9271913944376,-3021.6140023688345,5457.6263177030805,52.3398,-45.475,9
3446,STARLINK-4199,satellite,2,138,53.2365,329.5967,131.5753,53.1931,184.7684,6924.1565,541.3372,-6121.428534313275,3192.739048539856,-460.7976998358384,5868.491387469546,3636.7951231780594,-460.7976998358384,-3.8421,31.7871,4
3447,STARLINK-4198,satellite,2,138,53.2111,329.5957,71.3581,53.3634,124.7215,6915.9362,542.6238,-1673.5465246539802,4926.510825574806,4549.414430840963,5091.093330288878,-1073.32920717517,4549.414430840963,41.3417,-11.905,15
3448,STARLINK-4196,satellite,3,244,53.2306,329.6115,123.8846,80.8682,204.7528,6922.0874,545.5986,-6299.415481006603,1683.1443552970795,-2321.4358444368554,4660.813577773822,4559.871392523396,-2321.4358444368554,-19.7093,44.3728,4
3449,STARLINK-4191,satellite,2,138,53.2345,329.5798,115.5752,49.2096,164.7848,6923.3908,539.6466,-5205.398679038524,4316.441864056846,1454.2180745056862,6367.802838084995,2275.7268704295843,1454.2180745056862,12.2097,19.6659,5
3450,STARLINK-4112,satellite,2,138,53.2081,329.5806,108.6028,190.8053,299.4081,6914.9171,555.6241,1102.637795544915,-4836.195485863083,-4829.895895379133,-4722.21229285296,1518.3240585840065,-4829.895895379133,-44.4138,162.1759,15
3451,STARLINK-4010,satellite,2,138,53.2197,329.6152,78.0026,146.7223,224.7249,6918.1669,551.3229,-5718.261535093969,-28.37102777248059,-3901.7566304704023,2892.249032871775,4932.972271440858,-3901.7566304704023,-34.4717,59.6165,4
3452,STARLINK-4270,satellite,2,138,53.2,329.5967,86.4566,178.2192,264.6758,6912.1048,559.1238,-2643.9965858138476,-3236.526338946164,-5520.058336915416,-1435.2685796407366,3925.025451227495,-5520.058336915416,-53.0409,110.086,4
3453,STARLINK-4267,satellite,2,138,53.2061,329.6094,72.6686,172.0263,244.6949,6914.2323,556.4075,-4449.135890039812,-1736.573741067197,-5012.161046472219,775.627531111649,4712.632009735761,-5012.161046472219,-46.5586,80.6538,4
3454,STARLINK-4274,satellite,2,138,53.225,329.569,81.4129,243.1977,324.6106,6920.1223,548.5048,3650.113689126188,-4927.541920206348,-3210.983443912464,-6100.146538742553,-626.2679337188677,-3210.983443912464,-27.7836,-174.1383,6
3455,STARLINK-4272,satellite,2,138,53.2022,329.5802,100.8315,183.8336,284.665,6912.7684,558.3396,-519.9131581422639,-4347.303616618755,-5363.502640218557,-3474.100103798666,2664.5800599460445,-5363.502640218557,-50.9481,142.5124,8
3456,STARLINK-4126,satellite,2,138,53.2368,329.5946,55.6709,308.8723,4.5433,6924.1604,540.1132,6113.927029320414,-3207.5152509073696,439.0121893711768,-5877.374767702778,-3622.806045681831,439.0121893711768,3.6608,-148.3504,4
3457,STARLINK-4261,satellite,2,138,53.2129,329.5984,109.0723,195.5109,304.5832,6915.9376,554.355,1661.9451802664848,-4932.597196721445,-4564.835581505656,-5090.411084421873,1086.412388971234,-4564.835581505656,-41.4264,167.9525,12
3458,STARLINK-4266,satellite,2,164,53.2228,319.6151,92.1048,307.4413,39.5461,6919.2754,541.0084,5768.313499385011,-1446.723758103757,3525.752921446506,-4186.565468100247,-4223.638223233586,3525.752921446506,30.8181,-134.7474,22
3459,STARLINK-4207,satellite,2,164,53.2001,319.5833,61.7398,37.9502,99.69,6912.3353,545.2329,1759.8604067983722,3860.529104768065,5454.140089925979,2422.959687711347,-3482.8235631314396,5454.140089925979,52.2926,-55.1741,15
3460,STARLINK-4213,satellite,2,164,53.2023,319.5749,120.3135,314.1147,74.4282,6912.8739,544.6097,3997.554337773198,1832.3450307733767,5330.118689065943,-462.9175445565392,-4373.058008098103,5330.118689065943,50.6504,-96.0426,70
3461,STARLINK-4211,satellite,2,164,53.2218,319.567,87.8757,51.8993,139.775,6919.1207,540.9894,-2284.1600846510373,5458.018428262259,3575.968872715014,5859.71297912151,-819.2168564417912,3575.968872715014,31.3054,-7.9586,9
3462,STARLINK-4193,satellite,2,164,53.2322,319.5749,109.9073,49.8411,159.7484,6922.7409,539.6568,-4010.259205964502,5298.4087964857,1917.7372400563884,6602.839251703276,746.8791668446784,1917.7372400563884,16.1929,6.4536,5
3463,STARLINK-4200,satellite,2,164,53.2079,319.57,65.0968,54.6192,119.716,6914.9796,543.4859,-276.4384774780215,4958.207877047819,4806.786480321571,4405.749356355784,-2291.2040923540617,4806.786480321571,44.2444,-27.4766,8
3464,STARLINK-4214,satellite,2,164,53.2076,319.5818,108.2275,191.4001,299.6275,6914.9689,555.4293,268.80281420834973,-4963.114741140881,-4819.300382227691,-4406.075302391841,2300.2746175856664,-4819.300382227691,-44.2927,152.4323,15
3465,STARLINK-4171,satellite,2,164,53.237,319.5891,128.0991,51.6308,179.7299,6924.263,540.6739,-5255.373851198655,4500.033572427925,26.133066757891843,6551.207575938029,2225.069833918295,26.133066757891843,0.2178,18.7597,5
3466,STARLINK-4139,satellite,2,164,53.2375,319.591,51.8144,307.734,359.5484,6924.2246,540.6704,5246.914708574061,-4509.751798491468,-43.68501386687026,-6555.251940156642,-2212.8369221703683,-43.68501386687026,-0.364,-161.347,4
3467,STARLINK-4186,satellite,3,238,53.2318,319.5787,50.5978,288.9489,339.5467,6922.7422,544.498,3998.076968421824,-5306.749644840653,-1937.3615449582976,-6603.799880327154,-732.1464191215431,-1937.3615449582976,-16.3514,-173.6736,3
3468,STARLINK-4181,satellite,2,164,53.2082,319.1829,71.3876,168.6289,240.0165,6915.0106,555.4979,-4966.061874910176,-456.4847832733031,-4802.315652935393,2140.345196384574,4504.339168303151,-4802.315652935393,-44.0961,64.5841,4
3469,STARLINK-4260,satellite,2,168,53.2321,39.601,69.2547,310.3023,19.5571,6922.8741,539.6723,4138.1896234802325,5222.11540214528,1854.6216087464832,2381.0247809770044,-6223.00760288591,1854.6216087464832,15.6463,-69.0623,16
3470,STARLINK-4259,satellite,2,143,53.2339,49.5763,112.9965,51.7616,164.7581,6923.4171,539.701,-5155.952380020358,-4374.63999948214,1456.7030119023414,-1132.9586105997191,6666.16267854113,1456.7030119023414,12.2308,99.6456,4
3471,STARLINK-4291,satellite,2,168,53.221,39.6092,91.9128,307.6521,39.5649,6919.2674,540.9906,2425.1034992675136,5429.1622578293955,3527.059598232693,3432.889301890583,-4855.121094778574,3527.059598232693,30.8308,-54.7372,6
3472,STARLINK-4286,satellite,3,217,53.2312,49.605,122.3584,82.3113,204.6697,6922.1118,545.7263,-2759.077719156165,-5910.893100542097,-2314.1918565263195,-3676.89828969141,5388.096702328618,-2314.1918565263195,-19.645,124.3101,7
3473,STARLINK-4285,satellite,2,143,53.2187,49.6118,77.211,147.5032,224.7142,6918.1858,551.3717,-966.3245946434852,-5636.680702528683,-3900.997965174345,-4355.447710754964,3706.2147540788137,-3900.997965174345,-34.4638,139.6043,14
3474,STARLINK-4269,satellite,2,143,53.2075,49.6177,72.6968,166.7127,239.4095,6915.1752,555.2233,436.2905100036147,-4996.278590619156,-4772.54532241175,-4520.029476986496,2173.1273987899885,-4772.54532241175,-43.7561,154.3228,14
3475,STARLINK-4256,satellite,2,168,53.2014,39.5963,118.8016,320.7959,79.5976,6912.4244,545.069,-1633.387727736717,3932.18534537547,5442.144630583933,4215.35156142137,-600.7064783477348,5442.144630583933,52.1323,-8.1103,16
3476,STARLINK-4296,satellite,2,168,53.2084,39.5657,64.9631,54.7073,119.6704,6915.011,543.5549,-4928.212106960483,593.3824211130491,4809.041977167779,3024.0715955437213,3936.2886395567484,4809.041977167779,44.2699,52.4666,4
3477,STARLINK-4295,satellite,2,168,53.2179,39.8459,102.7494,211.3308,314.0802,6917.9501,551.673,5605.399113056642,799.4534587045619,-3982.999358540546,-2171.444224993871,-5229.192578881719,-3982.999358540546,-35.2912,-112.5509,4
3478,STARLINK-4254,satellite,2,168,53.2375,39.5003,127.3949,52.4005,179.7954,6924.2528,540.6919,-5348.085172747767,-4389.508471920735,19.790349461225478,-1047.7484637228945,6839.007442370181,19.790349461225478,0.1649,98.7101,3
3479,STARLINK-4217,satellite,2,168,53.2216,39.6118,85.8022,133.9199,219.7221,6919.2384,549.9561,-2413.088740819594,-5435.274346498671,-3543.361102220043,-3444.27478787303,4847.904256315201,-3543.361102220043,-30.944,125.3925,11
3480,STARLINK-4194,satellite,2,168,53.2216,39.5663,87.2396,52.4997,139.7393,6919.1216,541.0995,-5770.959994501459,-1298.3352086624275,3578.6391690515,1826.782290646345,5626.057237068397,3578.6391690515,31.3308,72.0114,4
3481,STARLINK-4190,satellite,2,168,53.2084,39.6087,72.1884,167.3941,239.5826,6915.136,555.2646,-420.83650006779396,-4989.423186339495,-4781.104186922572,-4076.947332789564,2906.879346968417,-4781.104186922572,-43.854,144.511,13
3482,STARLINK-4121,satellite,2,168,53.2323,39.5726,109.9744,49.7953,159.7697,6922.7785,539.6154,-5914.139542722002,-3030.7078028294163,1915.7943457782555,409.7306225479472,6632.8242200336945,1915.7943457782555,16.1762,86.4651,4
3483,STARLINK-4255,satellite,2,168,53.2,39.5795,95.6338,183.9243,279.5581,6912.3478,558.7637,3491.880231059227,-2419.6802675145213,-5466.936554292625,-3862.3277836951697,-1769.3231011767587,-5466.936554292625,-52.3209,-155.3876,4
3484,STARLINK-4253,satellite,3,240,53.2328,39.6045,130.5059,69.2492,199.7551,6922.8623,544.2961,-4125.842528692269,-5231.075673393889,-1873.914948729111,-2395.0296118934425,6216.95765069159,-1873.914948729111,-15.8023,111.0688,5
3485,STARLINK-4288,satellite,2,168,53.2082,39.5678,107.8263,191.77,299.5963,6914.9742,555.5132,4932.448089847036,-601.2499908807825,-4820.886293156487,-3032.999403513123,-3935.9192482644826,-4820.886293156487,-44.3104,-127.6177,4
3486,STARLINK-4290,satellite,2,168,53.2004,39.5967,82.3528,177.3089,259.6617,6912.4008,558.767,1643.1132797383502,-3935.8289365163264,-5453.973478328043,-4223.446164839498,594.1995963262574,-5453.973478328043,-52.1459,171.9916,9
3487,STARLINK-4215,satellite,3,240,53.2328,39.5723,50.3893,289.1555,339.5449,6922.7312,544.4756,5920.704260118888,3015.0356142346154,-1937.5467295899539,-426.55928227410635,-6630.477046909887,-1937.5467295899539,-16.353,-93.6809,4
3488,STARLINK-4275,satellite,2,168,53.2223,39.5539,94.3704,225.2069,319.5773,6919.091,550.1141,5774.623811480156,1283.8444690525625,-3595.2703260329527,-1841.1151086618017,-5621.817494501907,-3595.2703260329527,-31.447,-108.1333,3
3489,STARLINK-4277,satellite,2,113,53.2121,29.6104,107.8729,306.702,54.5749,6916.1085,542.6285,1816.5457524121377,4911.8321457634775,4510.516394916642,3298.3138461232693,-4067.8076738254913,4510.516394916642,40.9132,-50.9637,13
3490,STARLINK-4263,satellite,2,168,53.1996,39.3084,61.8523,37.9926,99.8449,6912.3411,545.1719,-3497.757098466153,2407.129889511066,5451.530909594912,3854.530261036608,1780.7794618090634,5451.530909594912,52.2579,24.7968,11
3491,STARLINK-4265,satellite,2,113,53.2033,29.5997,120.9073,313.7191,74.6265,6912.8366,544.7262,-378.3846284107506,4374.929353914668,5335.3707020692955,3956.0471618066176,-1906.009609714381,5335.3707020692955,50.7179,-25.7246,10
3492,STARLINK-4271,satellite,2,168,53.2372,39.5869,51.6175,307.9191,359.5366,6924.2434,540.6762,5353.210523852924,4383.045929770791,-44.83023793452688,1039.5755447311744,-6840.119678921333,-44.83023793452688,-0.3736,-81.3582,5
3493,STARLINK-4177,satellite,2,113,53.2059,29.5687,56.0254,58.6464,114.6718,6914.1458,544.502,-4365.405534113702,1848.0817483440119,5029.291341107561,3816.2230866007158,2812.2256273507824,5029.291341107561,46.8702,36.387,8
3494,STARLINK-4183,satellite,2,113,53.2247,29.6111,86.3574,308.1755,34.5329,6920.3211,540.5076,3792.593517693867,4854.501772068499,3139.503491476576,2241.1003405905794,-5738.242092215571,3139.503491476576,27.1485,-68.6666,49
3495,STARLINK-4262,satellite,2,113,53.2302,29.5687,105.877,48.8656,154.7426,6922.0207,539.6747,-6311.277851998958,-1550.001283392787,2363.6180001900757,1885.9085236765218,6219.170454648764,2363.6180001900757,20.1005,73.1305,5
3496,STARLINK-4283,satellite,2,113,53.2006,29.5831,77.3888,17.2898,94.6787,6912.0615,545.1503,-2526.6809324857995,3309.189848011287,5514.375461739094,4135.121105136183,485.41469963895884,5514.375461739094,53.1165,6.6952,19
3497,STARLINK-4281,satellite,2,113,53.2365,29.5832,124.4257,50.3116,174.7373,6924.1789,540.0312,-6178.346367480352,-3070.6796558520246,508.3401407746788,510.11039088154433,6880.466900911292,508.3401407746788,4.24,85.7599,4
3498,STARLINK-4279,satellite,2,113,53.2358,29.7903,57.5298,310.8721,8.4018,6914.1863,529.6757,5630.225896319252,3919.2625022601164,808.547206658513,499.36295349966804,-6841.834464957351,808.547206658513,6.7635,-85.8256,9
3499,STARLINK-4282,satellite,2,113,53.2255,29.6084,100.9511,113.8071,214.7582,6920.2381,548.3069,-3777.018496206334,-4863.735008495353,-3160.990318565929,-2256.9863933820484,5729.554901878186,-3160.990318565929,-27.316,111.5005,8
3500,STARLINK-4287,satellite,2,113,53.2189,29.5638,82.3426,52.4092,134.7518,6918.0647,541.519,-5683.462093199249,155.46916868071534,3931.8871238805946,3032.6274308238353,4809.270515687164,3931.8871238805946,34.832,57.7653,5
3501,STARLINK-4216,satellite,3,210,53.2353,29.5986,133.2533,61.5078,194.7611,6923.4427,543.1047,-5297.446598498463,-4222.918989864182,-1412.5213033839957,-930.286978485966,6710.480712777431,-1412.5213033839957,-11.8485,97.8927,3
3502,STARLINK-4284,satellite,2,113,53.2058,29.5613,106.2718,188.3496,294.6213,6914.1088,556.6349,4368.763734196542,-1855.9503594517228,-5040.141442869638,-3824.704069047677,-2811.100689443556,-5040.141442869638,-46.8943,-143.6847,4
3503,STARLINK-4289,satellite,2,113,53.1983,29.5855,92.8411,181.7862,274.6273,6912.0936,559.4676,2526.9310722354608,-3319.4520192074747,-5526.037767154011,-4144.075587780908,-480.3955395379501,-5526.037767154011,-53.1194,-173.3876,7
3504,STARLINK-4218,satellite,2,113,53.2186,29.5649,102.6211,211.9643,314.5854,6918.0149,551.5127,5683.397784898239,-170.0172986301637,-3948.8541206469067,-3045.108047819929,-4801.794793649767,-3948.8541206469067,-34.9459,-122.3813,4
3505,STARLINK-4119,satellite,2,113,53.204,29.4678,103.3195,186.1819,289.5014,6913.3524,557.5416,3935.255282731372,-2266.3461324050463,-5226.077408923826,-3956.5866078255976,-2228.896890147145,-5226.077408923826,-49.1861,-150.6058,4
3506,STARLINK-4158,satellite,2,113,53.2343,29.5997,64.4095,310.0529,14.4623,6923.5096,539.393,5312.764060951642,4207.134133040113,1383.7949195153624,908.8969899973144,-6715.604652025339,1383.7949195153624,11.6106,-82.2924,19
3507,STARLINK-4143,satellite,2,107,53.1993,19.5895,92.6801,356.9879,89.6679,6911.9781,545.3325,-1350.0174932789903,3912.9428189157484,5532.702278761602,4054.264705307882,-834.6295199418723,5532.702278761602,53.3679,-11.6327,16
3508,STARLINK-4160,satellite,2,113,53.2113,29.8048,70.9391,163.6433,234.5824,6916.0822,554.0591,-1802.0190363990932,-4926.060290758907,-4518.347988061593,-3317.9615180991127,4062.5698714175833,-4518.347988061593,-40.917,129.239,13
3509,STARLINK-4137,satellite,2,107,53.2296,19.5688,98.6598,51.0995,149.7593,6921.1282,540.0815,-6326.936799135598,-36.59802475657054,2789.6147926184,3195.6331053275003,5460.714031315612,2789.6147926184,23.9241,59.6636,5
3510,STARLINK-4115,satellite,2,113,53.2367,29.5849,49.4263,305.1017,354.5279,6924.1344,541.3557,6184.807584321357,3057.1850616154643,-528.60157412703,-525.0132247478075,-6879.141404992605,-528.60157412703,-4.4084,-94.3643,4
3511,STARLINK-4167,satellite,2,107,53.2185,19.5655,76.1646,53.5915,129.7561,6916.9761,541.964,-5230.605905268986,1517.6676897070072,4255.912062274627,3973.3244096987073,3724.9491926612654,4255.912062274627,38.1772,43.1521,5
3512,STARLINK-4151,satellite,2,107,53.2004,19.6415,108.7474,335.6505,84.3979,6912.0963,545.276,-749.3640302129073,4106.378277940439,5506.503850606109,3914.277299895137,-1449.9386989951174,5506.503850606109,53.0067,-20.3258,11
3513,STARLINK-4157,satellite,2,107,53.2373,19.5808,120.2669,49.4591,169.726,6923.8786,539.682,-6660.31426761433,-1585.3871708812394,988.3899011446022,2033.5009767952292,6537.439284792989,988.3899011446022,8.2651,72.7215,4
3514,STARLINK-4155,satellite,2,107,53.2385,19.5954,131.7683,57.9463,189.7146,6923.9223,542.1843,-6191.305612648901,-2945.8561404336665,-935.4576401640644,624.0859823144937,6827.946270733761,-935.4576401640644,-7.8168,84.7776,4
3515,STARLINK-4153,satellite,3,187,53.2302,19.6084,113.2772,96.4485,209.7257,6921.2295,546.9689,-4972.841512792647,-3952.5232850267084,-2749.2917053207184,-863.2768309285243,6293.357302999266,-2749.2917053207184,-23.5326,97.8107,3
3516,STARLINK-4156,satellite,2,107,53.2167,19.6098,72.7455,157.0786,229.8241,6917.0333,552.7476,-3144.1509406748924,-4482.521219473817,-4236.416570018386,-2251.8893761510053,4990.759046313304,-4236.416570018386,-37.9019,114.2855,8
3517,STARLINK-4150,satellite,2,171,53.2196,119.6133,85.4952,134.1444,219.6397,6919.2831,549.8866,4932.976912086852,-3327.8449427222663,-3537.1047913998723,-5378.520556362108,-2545.649190830176,-3537.1047913998723,-30.8838,-154.6718,4
3518,STARLINK-4023,satellite,2,171,53.2366,119.5892,128.806,50.8761,179.6821,6924.2566,540.5462,3396.2590766623393,-6027.657073834442,30.748873113139332,-6916.917908451236,153.20627697417254,30.748873113139332,0.2562,178.7311,4
3519,STARLINK-4152,satellite,3,251,53.2317,119.6049,130.5476,69.0947,199.6423,6922.8861,544.3543,4430.870544425476,-4979.318002818885,-1863.6280897783815,-6542.9134206731605,-1271.4187053164687,-1863.6280897783815,-15.7132,-169.0033,4
3520,STARLINK-4145,satellite,2,171,53.2068,119.609,71.7368,167.9435,239.6803,6915.1332,555.3327,4838.773579997611,-1270.1443595325925,-4785.820124952092,-3560.5621767631833,-3514.170376908151,-4785.820124952092,-43.9076,-135.3757,4
3521,STARLINK-4141,satellite,2,115,53.2036,114.7867,73.587,173.4233,247.0103,6913.8895,556.8611,4599.482713191721,-854.4465600705623,-5103.675431845017,-3080.9516553424096,-3520.377401701238,-5103.675431845017,-47.667,-131.1917,4
3522,STARLINK-4185,satellite,2,171,53.2068,119.5693,107.2146,192.3778,299.5924,6914.9894,555.3562,1448.8863762400958,4752.813361441573,-4820.871762036761,3349.063601116944,-3670.460403767531,-4820.871762036761,-44.3115,-47.6215,6
3523,STARLINK-4170,satellite,2,171,53.1987,119.581,97.2688,182.3855,279.6543,6912.3446,558.67,2982.5988166275783,3028.1548406058478,-5465.223732701986,1083.3328761239957,-4109.988724940954,-5465.223732701986,-52.2987,-75.2335,8
3524,STARLINK-4103,satellite,2,171,53.2322,119.6038,69.4146,310.0844,19.4991,6922.8151,539.7058,-4422.179042796396,4985.934615138383,1849.3503933957686,6544.171448220583,1260.5679391755573,1849.3503933957686,15.6006,10.903,4
3525,STARLINK-4101,satellite,3,251,53.2273,119.5433,55.0337,279.3419,334.3756,6921.9529,545.6562,-1518.1838284349108,6312.670070565749,-2397.6146513520152,6204.139169989969,-1913.9860804441694,-2397.6146513520152,-20.3837,-17.1451,4
3526,STARLINK-4102,satellite,2,171,53.2204,119.6141,90.8481,308.6881,39.5362,6919.2809,540.9751,-4925.575283912589,3333.2859778259594,3524.893340018517,5379.425335627586,2536.507509523631,3524.893340018517,30.8099,25.2448,6
3527,STARLINK-4100,satellite,3,251,53.231,119.5835,49.1285,290.4025,339.531,6922.7482,544.4064,-1941.1769670492636,6353.850596997198,-1938.7350967697205,6455.311712439797,-1571.1575737658568,-1938.7350967697205,-16.3635,-13.6792,4
3528,STARLINK-4106,satellite,2,171,53.1989,119.5983,120.0926,319.5742,79.6668,6912.3591,545.3265,-4153.137096300841,-933.6326361304584,5443.367288074594,1315.2917995705645,4048.484299327406,5443.367288074594,52.146,72.0018,4
3529,STARLINK-4094,satellite,2,171,53.199,119.5828,59.3284,40.3289,99.6573,6912.3409,545.3167,-2976.523257063863,-3022.6795693789913,5454.657032200523,-1081.7222754913982,4101.970184885422,5454.657032200523,52.2987,104.773,4
3530,STARLINK-4021,satellite,2,147,53.2125,109.7678,107.3886,201.7657,309.1543,6916.9209,552.9859,1547.001426458857,5200.8552043685295,-4299.276627407957,3684.3975030279007,-3983.3808893896567,-4299.276627407957,-38.5636,-47.233,9
3531,STARLINK-4040,satellite,2,147,53.2015,109.6015,78.1488,176.3193,254.468,6912.9676,558.3849,4386.31594652173,-406.0407925066802,-5341.718562190022,-2586.532564113556,-3565.737792192582,-5341.718562190022,-50.6627,-125.9566,4
3532,STARLINK-4098,satellite,2,147,53.1985,109.5875,92.6737,181.8562,274.5299,6912.1081,559.0687,3711.9832226950557,1901.270904546825,-5526.482563612313,-257.97351032185475,-4162.583352440896,-5526.482563612313,-53.1299,-93.5463,5
3533,STARLINK-4077,satellite,2,147,53.2099,109.6111,70.2836,164.3968,234.6804,6916.0802,554.015,4530.0724478971815,-2634.8286951016003,-4523.717304083561,-4576.924918967355,-2552.5745673463957,-4523.717304083561,-40.9762,-150.8514,4
3534,STARLINK-4088,satellite,2,147,53.215,109.5638,105.198,209.392,314.59,6917.9986,551.3614,1154.3058239330248,5567.766239320063,-3948.271976760958,4200.290113073216,-3832.754335578705,-3948.271976760958,-34.9409,-42.3804,11
3535,STARLINK-4087,satellite,2,147,53.2329,109.4745,63.9812,310.6092,14.5903,6923.4916,539.6591,-3214.927862308769,5963.201201547394,1395.8053890396998,6768.987221449569,-276.30006485333195,1395.8053890396998,11.7123,-2.3374,5
3536,STARLINK-4054,satellite,2,147,53.2039,109.5693,105.1522,189.4269,294.5792,6914.1382,556.518,2588.695120537259,3976.511582864912,-5041.62380446504,2099.9659782207736,-4254.894791421697,-5041.62380446504,-46.9133,-63.7318,11
3537,STARLINK-4111,satellite,2,147,53.2229,109.6104,85.5835,308.9511,34.5346,6920.319,540.4915,-4122.253989409159,4577.8199942136,3139.553526822631,6040.156490093759,1210.753248106223,3139.553526822631,27.1491,11.3348,7
3538,STARLINK-4096,satellite,3,248,53.2286,109.5701,55.7843,278.7534,334.5377,6921.9866,545.6818,-414.8190224763775,6484.654913394861,-2383.5248357754854,5789.288687146738,-2950.755947905413,-2383.5248357754854,-20.2586,-27.0076,8
3539,STARLINK-4055,satellite,2,147,53.1984,109.5867,70.7201,23.9599,94.6799,6912.0679,545.5024,-3697.880406419836,-1914.1999932381307,5514.488869447408,239.65942167510426,4157.047567192243,5514.488869447408,53.1141,86.7005,4
3540,STARLINK-4114,satellite,2,147,53.2344,109.6071,58.5222,310.7721,9.2943,6923.9411,539.7369,-2920.7603062025155,6206.46008111094,894.9958542147839,6828.180862492231,-653.4015716285638,894.9958542147839,7.4795,-5.4661,5
3541,STARLINK-4104,satellite,2,147,53.2104,109.7556,108.942,305.5527,54.4947,6916.1117,542.793,-4528.19001252502,2638.98853273899,4506.046635437183,4579.542805188897,2548.833647161352,4506.046635437183,40.8629,29.099,10
3542,STARLINK-4116,satellite,2,147,53.2006,109.6015,122.9683,311.7419,74.7102,6912.7968,544.8441,-4372.729272287613,377.13833979188433,5337.402753089524,2554.742420627616,3568.793322722357,5337.402753089524,50.7433,54.4028,4
3543,STARLINK-4090,satellite,2,147,53.2289,109.5722,104.1958,50.5553,154.7511,6922.0219,539.9392,431.53769342003824,-6485.019229393681,2362.9229723475855,-5798.129562055155,2936.5613850335553,2362.9229723475855,20.0935,153.1393,5
3544,STARLINK-4110,satellite,2,147,53.2357,109.4792,121.8687,50.2297,172.0984,6922.8414,538.5071,1747.9622345713578,-6648.368865172966,761.6959009729565,-6610.087486520338,1887.5709156045523,761.6959009729565,6.3617,164.0628,4
3545,STARLINK-3683,satellite,2,123,53.2093,94.6015,111.2559,305.7311,56.987,6915.6479,543.0966,-3761.905052147223,3475.0213758782593,4641.340726040058,4907.796778119565,1463.2955849249493,4641.340726040058,42.3619,16.6023,15
3546,STARLINK-4105,satellite,2,147,53.2159,109.5664,81.5353,53.2067,134.742,6918.0589,541.6986,-1140.7554140411667,-5569.757435570895,3932.5038364227703,-4208.9143308037865,3822.1147237774035,3932.5038364227703,34.8372,137.7574,7
3547,STARLINK-4117,satellite,2,123,53.2347,94.8454,125.7176,51.3438,177.0613,6924.2389,540.4671,372.088924030395,-6902.709257669088,284.1419081240643,-6127.0787693044,3200.7422604820763,284.1419081240643,2.3684,152.4178,5
3548,STARLINK-4095,satellite,3,236,53.232,104.527,47.4374,294.6106,342.048,6923.095,543.7979,-415.44286237109543,6693.4824243059775,-1708.730572311089,5969.227627586314,-3056.733757861221,-1708.730572311089,-14.3794,-27.1162,7
3549,STARLINK-4052,satellite,2,169,53.2069,79.3277,64.9483,54.8475,119.7958,6915.0179,543.4592,-4165.983515443447,-2709.630940239827,4802.893273763601,-205.76167061889316,4965.398334288562,4802.893273763601,44.1996,92.3729,4
3550,STARLINK-4299,satellite,2,172,53.2309,104.5181,71.1456,310.8976,22.0431,6922.5489,539.6026,-3111.0165687005247,5816.093697867616,2079.159120050917,6589.453364690426,-290.6447103847363,2079.159120050917,17.598,-2.5255,5
3551,STARLINK-4300,satellite,2,137,53.1981,84.5774,91.3378,180.7983,272.1361,6912.0203,559.0636,4150.473973440969,-134.76143804876733,-5539.862554106381,-2232.901160253866,-3501.249385281313,-5539.862554106381,-53.3146,-122.5275,4
3552,STARLINK-4205,satellite,2,171,53.229,119.5052,103.5832,50.9824,154.5656,6922.0006,539.9209,1528.4476971097397,-6310.944292056419,2379.1182343130386,-6207.889941043472,1904.2774745637355,2379.1182343130386,20.2372,162.9465,4
3553,STARLINK-4292,satellite,2,171,53.219,119.5648,86.4416,53.2797,139.7213,6919.1436,541.2886,274.6502160879727,-5908.251167718549,3579.9453731361305,-5222.006790341164,2777.3205943274806,3579.9453731361305,31.3426,151.9938,6
3554,STARLINK-4294,satellite,2,123,53.2058,94.4813,63.5919,53.6276,117.2195,6914.5739,543.8193,-3422.715802405874,-3439.077571119198,4921.473142536984,-1212.297927884019,4698.145563758335,4921.473142536984,45.5843,104.4688,4
3555,STARLINK-4298,satellite,2,137,53.2146,84.5541,103.9306,208.1203,312.0509,6917.4996,552.2367,3504.4044680717216,4323.746823763996,-4116.960703083379,1931.5706452074812,-5219.642910623585,-4116.960703083379,-36.6605,-69.6926,13
3556,STARLINK-4280,satellite,2,147,53.2351,109.5855,123.8349,50.9057,174.7406,6924.1466,540.2396,1951.722038666723,-6617.7808702359525,508.02553472688896,-6687.707119064361,1696.7074150525111,508.02553472688896,4.2372,165.7641,3
3557,STARLINK-4276,satellite,2,144,53.2238,69.209,97.4422,117.5522,214.9944,6920.2127,548.5464,209.06555296837385,-6145.054914478202,-3179.7517345623337,-5392.238932192736,2954.5164757597163,-3179.7517345623337,-27.4906,151.2808,15
3558,STARLINK-4258,satellite,2,144,53.2009,69.4699,121.7917,312.879,74.6706,6912.8546,544.8457,-3097.811086843466,3110.8100562309023,5336.419901764799,4255.7970596565065,1077.8516237110914,5336.419901764799,50.7304,14.2123,19
3559,STARLINK-4278,satellite,3,192,53.2271,84.5595,61.2106,270.8237,332.0343,6921.5611,546.3859,2513.9274550842238,5901.4953752734,-2599.9227815712143,3793.856091650547,-5172.4399338847425,-2599.9227815712143,-22.1869,-53.7409,13
3560,STARLINK-4268,satellite,2,131,53.2015,74.4878,102.0872,185.066,287.1532,6913.07,557.8874,4364.464082431624,907.7455167085509,-5297.362963069241,-1445.3476074214846,-4217.050977123846,-5297.362963069241,-50.0928,-108.9186,4
3561,STARLINK-4257,satellite,2,144,53.2107,69.1956,70.4603,164.4929,234.9531,6916.0242,554.2595,1760.9756556268403,-4921.995177265505,-4539.092093420237,-5131.8032789108565,995.8247292044189,-4539.092093420237,-41.1433,169.0183,12
3562,STARLINK-4056,satellite,2,157,53.2069,144.599,116.8005,305.2752,62.0757,6914.6878,543.7973,-4756.855300976599,-1106.2532658367322,4890.119912881065,1474.7460570546746,4655.812787237616,4890.119912881065,45.2144,72.4242,4
3563,STARLINK-4047,satellite,2,142,53.2217,149.3033,99.1848,115.6881,214.873,6920.1859,548.3818,6092.896407414483,-861.5304835997624,-3169.9702871805425,-3848.774253296519,-4801.307962713679,-3169.9702871805425,-27.3997,-128.716,4
3564,STARLINK-4125,satellite,2,142,53.2006,149.6802,119.6969,314.8353,74.5322,6912.8533,544.8919,-3604.8384665229514,-2513.390166207044,5332.901108779612,-323.18448314911217,4382.641017373138,5332.901108779612,50.6839,94.2175,4
3565,STARLINK-4131,satellite,2,142,53.1978,149.5863,63.3892,31.2664,94.6556,6912.084,545.832,-1605.0475710958954,-3842.1766537331227,5514.899332082251,-2486.137739245707,3340.302124878966,5514.899332082251,53.1162,126.6598,4
3566,STARLINK-4061,satellite,3,242,53.2319,144.7577,46.9563,294.9749,341.9313,6923.0862,543.9047,-4632.133452357979,4845.924045209796,-1719.4971289957161,6530.832041443318,1512.5716574277124,-1719.4971289957161,-14.4717,13.0401,4
3567,STARLINK-4135,satellite,2,157,53.2177,144.7192,92.2817,309.6426,41.9243,6918.7553,541.1743,-5796.331157219482,713.0778825179531,3699.4529980840316,3569.818496914904,4621.940160773811,3699.4529980840316,32.5134,52.3188,5
3568,STARLINK-4128,satellite,2,134,53.2281,139.6162,73.9201,310.4131,24.3332,6922.1702,539.7831,-5904.985579260831,2783.24390277293,2282.5337430082786,5405.869800387255,3659.490813605374,2282.5337430082786,19.383,34.0959,4
3569,STARLINK-4059,satellite,2,134,53.2342,139.5966,58.0934,311.6395,9.7329,6923.7468,539.4457,-5645.292654573528,3885.949838683113,936.7840208522397,6221.891718676152,2873.673388820007,936.7840208522397,7.8311,24.7906,4
3570,STARLINK-4129,satellite,2,134,53.2027,139.6038,122.2328,307.3677,69.6005,6913.4822,544.561,-4348.851064966493,-1393.6871291998502,5186.705248847736,1019.4065744685994,4451.480611581692,5186.705248847736,48.813,77.1015,4
3571,STARLINK-4132,satellite,2,134,53.2134,139.564,103.1624,306.4312,49.5936,6917.136,542.1884,-5454.712531009467,507.0516630449224,4215.399306877523,3218.361519568047,4433.186135761951,4215.399306877523,37.7492,54.0215,5
3572,STARLINK-4133,satellite,2,134,53.1981,139.591,90.5418,359.1157,89.6575,6911.9794,545.4664,-2714.6949883522516,-3125.0265331986757,5532.717181654901,-1303.3028441918934,3928.9644194497214,5532.717181654901,53.3667,108.3515,4
3573,STARLINK-4134,satellite,2,134,53.2168,139.6233,96.5136,307.8861,44.3997,6918.2199,541.5352,-5638.8027853241665,993.3145126948621,3873.7475932134635,3730.5122307069823,4343.506540740491,3873.7475932134635,34.2456,49.3417,6
3574,STARLINK-4142,satellite,2,134,53.2133,139.5681,74.8966,54.8332,129.7298,6917.0187,542.4909,1298.4140718262117,-5288.6477403777635,4257.5674497708915,-5211.241746344309,1580.706640992396,4257.5674497708915,38.1913,163.1261,4
3575,STARLINK-4147,satellite,2,134,53.2022,139.5769,57.2983,52.3707,109.6691,6913.3954,544.633,-756.7447984828979,-4475.604612316196,5210.808448455473,-3463.6586662110403,2933.729363761777,5210.808448455473,49.1164,139.7353,7
3576,STARLINK-4144,satellite,2,134,53.2357,139.6002,132.9611,56.7448,189.706,6923.8874,542.1643,5646.913271135085,-3888.9635139232287,-934.6015749099429,-6225.310509564626,-2873.530191915836,-934.6015749099429,-7.8097,-155.2225,4
3577,STARLINK-4127,satellite,2,134,53.2257,139.5702,97.5833,52.1383,149.7216,6921.1541,540.4696,3192.076878441137,-5461.66008348576,2792.7757450838203,-6325.936649426397,40.13941783488302,2792.7757450838203,23.9514,179.6365,4
3578,STARLINK-4140,satellite,2,134,53.2269,139.2526,80.5538,309.246,29.7998,6921.2116,540.1764,-5888.79901940394,2358.1284970767074,2752.686039766202,5031.955236639341,3862.4021535976767,2752.686039766202,23.588,37.5089,4
3579,STARLINK-4062,satellite,2,134,53.2023,139.6019,74.3103,175.3541,249.6644,6913.5002,557.4447,4352.553360724205,1402.0885853796751,-5198.490777292815,-1014.0685421072185,-4458.950341853124,-5198.490777292815,-48.8392,-102.8125,4
3580,STARLINK-4085,satellite,3,188,53.2254,139.6117,113.3754,96.3471,209.7225,6921.2366,546.928,5909.670897935674,-2330.0958758589363,-2748.8342802645548,-5018.489172239233,-3894.653173354494,-2748.8342802645548,-23.5286,-142.1864,2
3581,STARLINK-4130,satellite,2,134,53.1979,139.5893,89.2623,180.3695,269.6318,6912.0355,559.1507,2722.542448872817,3129.120014572814,-5543.644477354275,1302.8211386582605,-3937.8022464542014,-5543.644477354275,-53.3659,-71.6932,8
3582,STARLINK-3950,satellite,2,134,53.2136,139.6136,72.01,157.6946,229.7046,6917.1233,552.6827,5458.984479131002,-492.5203245690753,-4228.749244086491,-3208.0414910996496,-4444.272449444335,-4228.749244086491,-37.8218,-125.8232,4
3583,STARLINK-4097,satellite,2,134,53.2128,139.5669,107.8313,201.7854,309.6167,6916.9493,552.865,-1288.8273153311502,5293.780347774583,-4270.89346144551,5210.766689957674,-1591.5705206039804,-4270.89346144551,-38.2642,-16.9847,4
3584,STARLINK-4058,satellite,2,134,53.2016,139.5748,103.3731,186.2832,289.6563,6913.3512,557.39,759.6506061598285,4483.172420976552,-5220.802201554408,3468.685901690376,-2940.0887937370485,-5220.802201554408,-49.1208,-40.2849,4
3585,STARLINK-4060,satellite,3,188,53.2356,139.5812,47.2288,302.2826,349.5114,6923.8666,542.3773,-4691.531700455413,4985.810217070216,-1009.1694458835746,6681.450257379568,1492.312190924648,-1009.1694458835746,-8.4368,12.5905,4
3586,STARLINK-4109,satellite,3,188,53.227,139.5698,68.0693,261.5035,329.5727,6921.0894,547.0869,-3182.17403334561,5468.01549567105,-2807.9149995854095,6326.352151563882,-51.89888053539283,-2807.9149995854095,-24.0647,-0.47,4
3587,STARLINK-4122,satellite,2,153,53.2355,129.5939,55.0851,309.4043,4.4894,6924.2188,540.3206,-4645.60216276716,5108.234869643158,433.82409596364,6763.325725483575,1390.3625675187136,433.82409596364,3.6174,11.6167,5
3588,STARLINK-4051,satellite,2,153,53.1997,129.5777,56.3855,48.2689,104.6544,6912.7871,544.9734,-1972.9025781625053,-3898.994070651896,5353.233263891967,-2347.3807902061217,3685.6889141204233,5353.233263891967,50.9496,122.4927,6
3589,STARLINK-4050,satellite,2,153,53.2171,129.6128,96.5822,307.9679,44.5501,6918.2178,541.5185,-5378.099825089766,1943.641436886291,3884.103627725355,4414.9517974236705,3634.542665898624,3884.103627725355,34.3499,39.4624,5
3590,STARLINK-4179,satellite,2,153,53.2099,129.5673,70.3418,54.3693,124.7112,6915.9711,542.9324,-115.98760162089289,-5201.50918330101,4550.112682557521,-4414.861823806271,2752.8432545992296,4550.112682557521,41.3471,148.0548,7
3591,STARLINK-4174,satellite,2,153,53.1985,129.5916,112.0674,332.5747,84.6421,6912.1034,545.3405,-3587.055258857859,-2129.299245638519,5508.66048044173,-1.8832839759676514,4171.435863203227,5508.66048044173,53.0356,90.0259,4
3592,STARLINK-4178,satellite,2,153,53.2327,129.6064,115.297,49.4638,164.7608,6923.3915,539.5825,3416.035184482142,-5835.34630458406,1456.401949362114,-6761.590847910161,38.10618716602605,1456.401949362114,12.2285,179.6771,4
3593,STARLINK-4180,satellite,2,153,53.2228,129.566,94.0698,50.7053,144.7751,6920.1914,540.4397,1757.0276016143578,-5874.80530144716,3194.191687490763,-5949.338952924479,1485.2102026184114,3194.191687490763,27.6611,165.983,4
3594,STARLINK-4169,satellite,2,137,53.2249,84.2833,105.3627,107.0856,212.4483,6920.7105,547.7403,1630.5054120422176,-6033.654971913653,-2974.78423068769,-6021.437983877812,1675.0596482247452,-2974.78423068769,-25.5903,164.4544,13
3595,STARLINK-4164,satellite,2,153,53.2352,129.5942,131.4136,53.3605,184.7741,6924.1091,541.1996,4660.246555529691,-5093.640596616398,-461.3294660220576,-6758.242125649497,-1410.4027286280925,-461.3294660220576,-3.8466,-168.2119,4
3596,STARLINK-4175,satellite,2,153,53.2043,129.6095,72.4282,172.2312,244.6594,6914.2595,556.43,4776.530267951742,106.57593060057806,-5010.595522956359,-2344.6432001651337,-4162.841348593761,-5010.595522956359,-46.5396,-119.3896,4
3597,STARLINK-4173,satellite,2,153,53.2104,129.5699,108.3025,196.2489,304.5514,6915.9519,554.1458,131.08756043460068,5201.84073973432,-4566.287806732054,4407.445135172031,-2766.0004357390817,-4566.287806732054,-41.4439,-32.1113,4
3598,STARLINK-4165,satellite,2,153,53.2033,129.295,117.1136,307.7067,64.8203,6914.2131,544.0566,-4761.272336346884,-96.99565929288063,5008.18924453135,2345.1011190155846,4144.830896475226,5008.18924453135,46.6189,60.4993,4
3599,STARLINK-4107,satellite,3,220,53.2333,129.5784,46.4269,298.1151,344.542,6923.3695,543.2358,-3398.7685025328337,5844.392748964602,-1477.5976066101528,6760.5650195997505,-57.5721610113382,-1477.5976066101528,-12.4025,-0.4879,3
3600,STARLINK-4162,satellite,2,153,53.2005,129.5791,100.3328,184.2715,284.6043,6912.7743,558.0938,1980.9202013516758,3902.4620836763606,-5364.677935194615,2346.2743017362363,-3694.354078816342,-5364.677935194615,-50.966,-57.5805,7
3601,STARLINK-4176,satellite,2,111,53.2035,124.7164,58.733,53.3509,112.0839,6913.7337,544.3619,-1673.1278361357793,-4320.112913747791,5127.870292433019,-2862.5045229480384,3642.636435287613,5127.870292433019,48.08,128.1614,7
3602,STARLINK-4149,satellite,2,153,53.223,129.572,80.4863,244.0437,324.53,6920.1201,548.4213,-1737.6093357866778,5877.3551986326465,-3217.2066168948895,5941.627753965425,-1503.2132144226875,-3217.2066168948895,-27.8424,-14.1977,4
3603,STARLINK-4166,satellite,2,111,53.203,124.3629,105.3899,186.8687,292.2587,6913.7373,556.9996,1687.928408630341,4331.0806908424665,-5130.853876379535,2864.3891702639094,-3660.96120500131,-5130.853876379535,-48.0006,-51.9599,6
3604,STARLINK-4159,satellite,2,153,53.198,129.7776,85.4118,179.1353,264.5471,6912.1093,558.9598,3594.0310618417916,2135.989446257955,-5518.620678137543,4.07971563849753,-4180.8484239361405,-5518.620678137543,-53.023,-89.9441,6
3605,STARLINK-4148,satellite,2,171,53.2309,119.564,110.3147,49.3911,159.7058,6922.8219,539.6902,1951.6194610661585,-6350.757337854884,1921.5786015756794,-6457.977369188704,1560.5978290951084,1921.5786015756794,16.2262,166.4147,4
3606,STARLINK-4146,satellite,2,171,53.2068,119.4461,113.4388,306.2447,59.6835,6915.0827,543.5343,-4826.839326139456,1281.3541600620745,4777.822434521259,3564.1169902153197,3498.187594159763,4777.822434521259,43.9097,44.4651,5
3607,STARLINK-4522,satellite,2,144,53.2171,69.5651,107.0062,207.5523,314.5585,6918.0128,552.0632,4463.926503379095,3520.5856952594313,-3950.916121365485,751.3271401079427,-5635.305758676531,-3950.916121365485,-34.9635,-82.4058,11
3608,STARLINK-4523,satellite,2,144,53.2359,69.5825,47.9709,306.5656,354.5366,6924.1414,541.2322,2772.3972570022793,6317.533349860356,-527.7566317483289,4019.8717882736273,-5606.963971979253,-527.7566317483289,-4.4015,-54.3616,5
3609,STARLINK-4517,satellite,3,207,53.2289,69.5682,56.9626,277.5723,334.5349,6921.9932,545.7757,3850.821842868889,5233.919740660891,-2383.8122993117086,2537.752744766266,-5981.852198410388,-2383.8122993117086,-20.2609,-67.0113,7
3610,STARLINK-4521,satellite,2,144,53.2341,69.5976,63.5125,311.1947,14.7072,6923.3761,539.4114,1347.109844954694,6636.764236845016,1406.7128288026158,5021.4358120812085,-4543.844941785228,1406.7128288026158,11.8055,-42.1416,3
3611,STARLINK-4535,satellite,2,144,53.2109,69.6104,106.674,307.8971,54.5711,6916.1183,542.578,-1765.5064112646521,4930.626989445393,4510.201106137885,5141.538793361523,-996.330383769591,4510.201106137885,40.9101,-10.9669,15
3612,STARLINK-4530,satellite,2,144,53.2237,69.6083,85.5768,309.0324,34.6092,6920.2712,540.488,-220.9373091026691,6153.276748779969,3145.5208093023725,5405.366153617378,-2948.498734433744,3145.5208093023725,27.2049,-28.6114,4
3613,STARLINK-4544,satellite,2,118,53.2274,59.178,67.8557,261.9848,329.8405,6921.1353,547.0999,4854.209140355269,4072.8328785606336,-2785.5793850789482,1027.2693746291084,-6252.681957923516,-2785.5793850789482,-23.8615,-80.6701,10
3614,STARLINK-4534,satellite,2,144,53.203,69.6138,120.334,309.0587,69.3927,6913.5098,544.3895,-2784.478258744505,3629.5153538962177,5179.590588068005,4542.137560941857,543.771326083281,5179.590588068005,48.7252,6.8268,20
3615,STARLINK-4524,satellite,2,144,53.2294,69.5725,104.1956,50.5392,154.7348,6922.0355,539.8869,-3838.5383060761437,-5244.028002143685,2364.345825260909,-2552.7125888356177,5976.442457957841,2364.345825260909,20.1063,113.1287,5
3616,STARLINK-4515,satellite,2,144,53.1983,69.5827,71.3094,23.332,94.6414,6912.0708,545.2624,-4061.5655057312424,915.2625177007892,5514.590885077179,2858.89221346621,3026.673941050827,5514.590885077179,53.1182,46.6329,6
3617,STARLINK-4512,satellite,3,207,53.2329,69.6024,132.1567,62.5456,194.7024,6923.4501,543.1932,-1347.6304196082253,-6640.539051281039,-1407.0026786383703,-5024.417154350848,4546.218087433428,-1407.0026786383703,-11.8014,137.8604,4
3618,STARLINK-4528,satellite,2,144,53.2173,69.5659,81.3145,53.4136,134.7281,6918.0613,541.6785,-4454.213061074891,-3532.038361249828,3933.5060961374647,-766.13245889159,5632.792383376405,3933.5060961374647,34.8475,97.7454,4
3619,STARLINK-4520,satellite,2,144,53.2003,69.6021,78.4259,176.2371,254.663,6912.843,558.2415,3110.6048924928223,-3110.4756617971284,-5346.52790466066,-4262.035032510707,-1089.0266394739926,-5346.52790466066,-50.7269,-165.6666,4
3620,STARLINK-4525,satellite,2,144,53.2362,69.5845,123.8476,50.8906,174.7382,6924.1539,540.2511,-2758.9788720145348,-6323.937777351542,508.268307772468,-4032.2246590305776,5598.68892930678,508.268307772468,4.2392,125.7618,5
3621,STARLINK-4499,satellite,2,144,53.199,69.5849,93.3152,181.4844,274.7996,6912.0344,558.9488,4075.345423897017,-898.7169141882569,-5524.310754829237,-2851.689264384499,-3046.965827724462,-5524.310754829237,-53.1013,-133.1039,4
3622,STARLINK-4507,satellite,2,144,53.2275,69.9531,79.1336,309.9775,29.1111,6921.3266,540.0353,179.03990987616007,6365.7164593922025,2694.7374528732075,5384.081821791237,-3400.8916870377416,2694.7374528732075,23.0634,-32.2788,4
3623,STARLINK-4509,satellite,2,118,53.2364,59.5242,55.1312,309.1994,4.3306,6924.2067,540.1956,3229.2730460488197,6104.005565535958,418.5083792283739,3603.1744407442716,-5891.02896781187,418.5083792283739,3.4896,-58.5485,8
3624,STARLINK-4510,satellite,2,144,53.2048,69.5705,107.5514,187.0568,294.6082,6914.126,556.8954,4539.546771799959,1385.7035042846921,-5040.792827437327,-1123.5397090160475,-4611.43335823152,-5040.792827437327,-46.8999,-103.6929,4
3625,STARLINK-4533,satellite,2,118,53.2034,59.6037,119.2932,310.3211,69.6143,6913.4725,543.9981,-2128.53606810731,4039.2444179932936,5186.79151353065,4559.992255796089,-229.41640874924377,5186.79151353065,48.8194,-2.8802,19
3626,STARLINK-4491,satellite,2,118,53.2353,59.6012,56.047,313.486,9.533,6923.908,539.431,2860.4616521733574,6230.813768444579,917.7334759492977,3900.362812362634,-5638.479494733621,917.7334759492977,7.6709,-55.3268,8
3627,STARLINK-4490,satellite,2,143,53.2183,49.8066,96.3605,308.0542,44.4146,6918.2451,541.2996,973.9098740587041,5641.226020070288,3874.719286907432,4355.488375150049,-3715.057532022873,3874.719286907432,34.2567,-40.4629,4
3628,STARLINK-4492,satellite,2,118,53.227,59.6078,79.8777,309.632,29.5097,6921.2929,540.0285,1285.6779932477154,6222.403303899174,2728.2809692790015,4696.36157993331,-4279.656375133772,2728.2809692790015,23.3671,-42.342,4
3629,STARLINK-4497,satellite,2,118,53.2369,59.581,48.9332,300.5819,349.5151,6923.8435,542.2951,4095.1510020129945,5486.171871122922,-1008.8203140566598,2630.1023684890333,-6320.672832860185,-1008.8203140566598,-8.434,-67.4073,5
3630,STARLINK-4496,satellite,2,118,53.1989,59.5871,92.6748,356.913,89.5879,6911.995,545.5054,-3544.4774865059,2138.242742274885,5532.7619023503885,3647.08002856061,1958.11387373481,5532.7619023503885,53.3668,28.2313,10
3631,STARLINK-4500,satellite,2,118,53.2144,59.6113,103.1674,306.5323,49.6996,6917.049,542.0889,-461.49944685643374,5453.48168860514,4222.015075896459,4926.145871969988,-2384.644861498966,4222.015075896459,37.8193,-25.8307,6
3632,STARLINK-4304,satellite,2,118,53.203,59.5715,58.4992,51.1413,109.6405,6913.3711,544.5658,-4537.868051771736,-28.401726833390505,5211.734647229161,2290.152037693586,3917.6851274222695,5211.734647229161,49.1288,59.6908,4
3633,STARLINK-4479,satellite,2,118,53.2131,59.5627,74.5879,55.1423,129.7302,6916.9879,542.4259,-4983.012188497899,-2196.5951042033926,4257.489492781939,652.2536194885868,5406.478127061366,4257.489492781939,38.1909,83.1209,4
3634,STARLINK-4480,satellite,3,209,53.2273,59.5594,112.17,97.5614,209.7314,6921.237,547.0489,-1273.5311027691134,-6223.229338179519,-2749.696061001789,-4703.2677180545825,4269.629683895812,-2749.696061001789,-23.5359,137.7668,16
3635,STARLINK-4484,satellite,2,118,53.2255,59.5653,99.2779,50.4763,149.7543,6921.1188,540.0933,-4823.7323669767375,-4094.102452997049,2789.893268717746,-1061.1091306215762,6237.316430706957,2789.893268717746,23.9266,99.6549,4
3636,STARLINK-4481,satellite,2,143,53.2363,49.1568,55.3645,309.4278,4.7923,6924.1781,540.1039,4246.8941711493135,5441.528236247453,463.01813548952487,2514.304620658226,-6428.422195325772,463.01813548952487,3.8613,-68.6384,10
3637,STARLINK-4476,satellite,2,118,53.2355,59.5786,119.4832,50.2551,169.7383,6923.869,539.8067,-4082.7172196616616,-5496.2473463164215,987.2071684017646,-2645.1106459168104,6315.117137351429,987.2071684017646,8.255,112.7266,5
3638,STARLINK-4552,satellite,2,118,53.2142,59.6117,72.0365,157.6089,229.6454,6917.1191,552.767,457.54378777040023,-5464.946089144993,-4225.137242282493,-4933.989232787931,2393.894802559461,-4225.137242282493,-37.7834,154.1181,20
3639,STARLINK-4545,satellite,2,118,53.2349,59.5946,130.9361,58.7965,189.7326,6923.8611,542.3722,-2848.0694599377493,-6236.844623086027,-937.1581217513016,-3911.8709393534195,5630.896576477798,-937.1581217513016,-7.8309,124.7883,4
3640,STARLINK-4546,satellite,2,118,53.198,59.5895,89.2452,180.3925,269.6377,6911.9916,559.2411,3554.763150116542,-2137.198241996538,-5543.727727060825,-3651.427910490205,-1967.4937340466195,-5543.727727060825,-53.3661,-151.6829,4
3641,STARLINK-4539,satellite,3,209,53.2289,59.6136,124.1978,80.3285,204.5263,6922.1255,545.55,-1701.4680557289125,-6301.8148059600535,-2301.4582972565913,-4552.58897365451,4677.798310128672,-2301.4582972565913,-19.5331,134.2228,8
3642,STARLINK-4532,satellite,2,118,53.2129,59.5658,103.3262,206.2859,309.6121,6916.9291,552.7736,4989.484827203765,2187.902714077664,-4271.130960649846,-663.0317147900399,-5407.611864062322,-4271.130960649846,-38.2673,-96.9902,4
3643,STARLINK-4531,satellite,2,118,53.2036,59.6037,75.6936,173.9844,249.6781,6913.48,557.4439,2137.706292230194,-4041.66744857366,-5199.035508779864,-4566.753757021443,222.764627872151,-5199.035508779864,-48.8461,177.2073,9
3644,STARLINK-4558,satellite,2,143,53.2062,49.7623,117.5765,306.8549,64.4314,6914.2846,543.8645,-923.5980960772657,4688.750357224445,4992.193690593772,4504.068094855444,-1597.117388407992,4992.193690593772,46.4279,-19.5242,14
3645,STARLINK-4543,satellite,2,143,53.1992,49.709,107.7624,336.7573,84.5197,6912.1226,545.2685,-2716.0903090096494,3167.8270522004314,5507.542401279673,4110.139412054823,720.4365432310043,5507.542401279673,53.021,9.942,17
3646,STARLINK-4538,satellite,2,143,53.2101,49.6045,70.3632,54.2007,124.5639,6915.9654,542.9585,-5137.227464455126,-777.3007875045543,4558.209937246836,1951.703337675596,4815.2005791569245,4558.209937246836,41.4365,67.9362,4
3647,STARLINK-4548,satellite,3,217,53.2341,49.1892,45.5517,299.1571,344.7088,6923.4054,543.1204,5189.52656770898,4338.4132224014165,-1462.0261057361247,1084.6737123209145,-6676.5633542313335,-1462.0261057361247,-12.27,-80.7724,4
3648,STARLINK-4557,satellite,2,143,53.199,49.3525,86.1741,178.6277,264.8018,6912.1073,559.0905,2725.273775721711,-3166.5274611367854,-5521.079604606954,-4113.7056946796865,-728.9984721038605,-5521.079604606954,-53.0553,-169.9508,7
3649,STARLINK-4549,satellite,2,143,53.2253,49.565,93.2802,51.4378,144.718,6920.1701,540.4733,-5480.390144919402,-2745.2781564669112,3198.8119579890367,434.00199011418954,6114.153299474997,3198.8119579890367,27.7044,85.9398,4
3650,STARLINK-4542,satellite,2,143,53.2059,49.4065,73.4405,171.3348,244.7753,6914.2639,556.5367,928.6462118962995,-4681.418177862524,-5015.553973085381,-4500.336237430188,1589.0354599453465,-5015.553973085381,-46.5984,160.5523,15
3651,STARLINK-4527,satellite,2,143,53.2119,49.2473,109.8391,194.9036,304.7427,6916.0114,554.3656,5156.410878729918,764.8561031697867,-4556.025592386973,-1972.1921770044576,-4825.353461229834,-4556.025592386973,-41.329,-112.2305,4
3652,STARLINK-4526,satellite,2,143,53.2243,49.2099,81.6066,243.2021,324.8087,6920.1564,548.5079,5503.823908159603,2722.663161737332,-3195.3258462178674,-465.4066426314763,-6122.774612976152,-3195.3258462178674,-27.6366,-94.3468,4
3653,STARLINK-4519,satellite,2,143,53.2003,49.3646,82.3633,177.2403,259.6036,6912.4189,558.7551,2281.9675477785077,-3604.7557413963345,-5452.949851599679,-4264.530619974136,-124.1709931791701,-5452.949851599679,-52.1323,-178.3322,7
3654,STARLINK-4503,satellite,2,107,53.237,19.5919,63.6331,305.9282,9.5614,6923.8626,540.5889,6196.6403825784555,2935.5785410999065,920.6146975654923,-635.6471978543519,-6827.292731517247,920.6146975654923,7.6939,-95.3191,12
3655,STARLINK-4478,satellite,2,107,53.1988,19.1914,88.4904,176.6559,265.1463,6904.9712,553.7222,804.614788949539,-4092.370425689823,-5519.685374384943,-3930.40975531655,1395.2705167706767,-5519.685374384943,-53.0952,160.4555,7
3656,STARLINK-4482,satellite,3,187,53.2275,19.7863,70.878,258.5533,329.4314,6921.0441,547.3227,6321.405392923849,34.5508335286693,-2819.8058030050142,-3194.5726301326868,-5454.912062773457,-2819.8058030050142,-24.1721,-120.3546,3
3657,STARLINK-4487,satellite,2,107,53.2046,19.6048,120.562,309.0603,69.6223,6913.457,544.3605,964.904986854602,4462.472832052576,5187.412555550494,3346.1894810386198,-3106.078132863164,5187.412555550494,48.8238,-42.8688,6
3658,STARLINK-4483,satellite,2,107,53.2041,19.6028,76.4177,173.2802,249.6979,6913.4736,557.4404,-958.1504845279898,-4469.841491880424,-5199.731239453555,-3355.9727510540674,3104.02677303525,-5199.731239453555,-48.8549,137.2335,8
3659,STARLINK-4493,satellite,2,107,53.1989,19.5753,88.7377,180.8557,269.5935,6912.011,559.2739,1343.2975471359412,-3924.1899744206917,-5543.790280853912,-4060.5112550133304,846.1463250498538,-5543.790280853912,-53.3666,168.2289,7
3660,STARLINK-4138,satellite,2,107,53.2043,19.5717,103.8109,185.8295,289.6403,6913.3616,557.5835,3500.998381974774,-2900.4706769900627,-5221.646694394233,-4280.525297965384,-1531.9343955103104,-5221.646694394233,-49.1297,-160.3085,4
3661,STARLINK-4053,satellite,2,108,53.208,9.5292,118.3048,306.3485,64.6533,6914.2362,543.7887,2298.376930782922,4178.623539482851,5001.4352790471385,2421.889883276284,-4108.269781058603,5001.4352790471385,46.5398,-59.48,31
3662,STARLINK-4120,satellite,2,107,53.2024,19.546,100.99,183.4647,284.4547,6912.7588,558.4205,2972.2360916404386,-3206.304137546308,-5368.680134101614,-4273.884584922504,-921.1320001272351,-5368.680134101614,-51.0153,-167.8373,7
3663,STARLINK-4123,satellite,2,107,53.2144,19.5667,107.8945,201.6969,309.5914,6916.958,553.0101,5227.188461352369,-1532.554058888221,-4272.636012994759,-3984.3856617785596,-3714.4167849237833,-4272.636012994759,-38.2816,-137.0083,4
3664,STARLINK-4486,satellite,2,108,53.2101,9.9649,71.3757,167.9181,239.2938,6915.1575,555.2705,-2865.037607376958,-4122.875707954282,-4767.050793764241,-2084.9084758736926,4567.242192193648,-4767.050793764241,-43.6928,114.5363,8
3665,STARLINK-4485,satellite,2,107,53.2364,19.5811,47.1218,302.4407,349.5625,6923.8233,542.2526,6663.326174841452,1573.8451644552486,-1004.3040727897355,-2044.964960984163,-6534.142837614848,-1004.3040727897355,-8.396,-107.3783,4
3666,STARLINK-4489,satellite,2,108,53.2025,9.577,58.7341,45.964,104.6981,6912.7762,544.7222,-2394.8965066861892,3656.082685967243,5352.169947134312,4366.279398869598,195.12584496705315,5352.169947134312,50.9381,2.5588,20
3667,STARLINK-4297,satellite,2,108,53.2309,9.6722,73.9474,310.5165,24.4639,6922.1203,539.3119,5916.795827052072,2747.311748477606,2293.9531705696927,-654.8455633889317,-6490.560221618295,2293.9531705696927,19.4852,-95.7612,35
3668,STARLINK-4303,satellite,2,108,53.2229,9.5665,95.4604,49.2836,144.744,6920.1539,540.2968,-5964.295346001001,1417.850249660502,3196.584505092214,4261.692578831672,4406.937107370901,3196.584505092214,27.6842,45.9599,5
3669,STARLINK-4475,satellite,2,108,53.1998,9.5918,113.6378,330.989,84.6268,6912.0925,545.2867,-48.668967328719106,4171.178445204161,5508.573481334013,3612.618485836565,-2085.6859701087724,5508.573481334013,53.035,-29.9993,9
3670,STARLINK-4477,satellite,2,163,53.2095,359.1409,112.5347,307.367,59.9017,6915.0698,543.2027,3519.095761882904,3528.524346009481,4788.3288844206245,1240.0751247532683,-4826.668905845108,4788.3288844206245,44.0334,-75.5911,77
3671,STARLINK-4474,satellite,2,108,53.2123,9.5649,72.1269,52.5962,124.7231,6915.9592,542.6202,-4447.388346275024,2700.3960721068574,4549.394275578523,4591.148206397024,2448.011477859207,4549.394275578523,41.3415,28.0666,10
3672,STARLINK-4513,satellite,3,227,53.2312,9.607,124.5797,80.1774,204.7571,6922.0826,545.5105,-5907.422149907323,-2759.5411378219706,-2321.7967782045453,639.5454546930422,6488.73526659309,-2321.7967782045453,-19.7128,84.371,3
3673,STARLINK-4514,satellite,2,108,53.2377,9.5938,131.5055,53.1407,184.6462,6924.2283,541.2525,-6744.199643681367,-1480.1527177794578,-449.0192850521107,2166.803773869901,6555.916587886468,-449.0192850521107,-3.7438,71.7107,3
3674,STARLINK-4495,satellite,2,108,53.2012,9.5939,85.9457,178.7286,264.6743,6912.0988,559.217,54.581508520008896,-4178.815847641086,-5520.205659113553,-3622.203461879322,2084.4958887745656,-5520.205659113553,-53.0419,150.0805,6
3675,STARLINK-4501,satellite,2,108,53.2123,9.4406,107.8923,196.67,304.5623,6915.9467,554.3548,4434.3484806041,-2723.7770766561057,-4565.942143807665,-4604.6080230183825,-2424.869680025695,-4565.942143807665,-41.4386,-152.2279,4
3676,STARLINK-4506,satellite,2,108,53.2092,9.5751,107.4625,191.8816,299.3441,6914.9475,555.5132,3946.671523876823,-2999.5717242524115,-4832.920801180126,-4593.085700558039,-1864.7279677325748,-4832.920801180126,-44.4498,-157.9035,4
3677,STARLINK-4504,satellite,2,108,53.2066,9.6065,73.9099,170.7842,244.6941,6914.2287,556.454,-2292.3165978255765,-4190.001091755966,-5012.1927969897,-2434.767291665183,4108.860276161773,-5012.1927969897,-46.5586,120.6495,8
3678,STARLINK-4505,satellite,3,227,53.2362,9.5733,48.0787,296.4775,344.5562,6923.3676,543.4104,6761.224420330022,21.74467469886956,-1476.367421157164,-3429.9214642871816,-5826.685785398668,-1476.367421157164,-12.3917,-120.4835,4
3679,STARLINK-4502,satellite,2,108,53.2032,9.5796,99.7151,184.8941,284.6092,6912.7877,558.4347,2389.8271852827625,-3666.4858913333223,-5365.011521412887,-4372.641950290804,-185.45927159317506,-5365.011521412887,-50.9669,-177.5713,9
3680,STARLINK-4494,satellite,3,181,53.2306,4.2924,61.1588,271.0916,332.2503,6921.5706,546.3282,6252.647158980445,-1465.2155291423703,-2581.5528083588,-4449.509819615581,-4630.800730617838,-2581.5528083588,-22.0223,-133.8562,4
3681,STARLINK-4508,satellite,2,108,53.2252,9.5643,80.5976,243.9007,324.4984,6920.1,548.5531,5956.758599320684,-1436.7771329110665,-3219.849180615731,-4274.128147388499,-4390.80062402501,-3219.849180615731,-27.8666,-134.2286,4
3682,STARLINK-4564,satellite,2,163,53.2015,359.7665,59.8804,39.7009,99.5813,6912.3089,545.1581,-1133.494384230959,4085.9884238394384,5455.929631965629,4092.668417548623,-1109.1330591200804,5455.929631965629,52.3176,-15.1632,14
3683,STARLINK-4563,satellite,2,108,53.2388,9.5931,56.5421,307.9865,4.5286,6924.1583,540.3003,6745.829608616515,1471.6856710302418,437.61748673265964,-2174.9179920329225,-6552.999889419689,437.61748673265964,3.6491,-108.3608,4
3684,STARLINK-4565,satellite,2,163,53.209,359.7102,65.5778,54.0387,119.6165,6914.9809,543.4652,-3397.22958058631,3615.572944537048,4811.582816543395,4842.68461360298,1077.9342622126333,4811.582816543395,44.3001,12.5489,21
3685,STARLINK-4561,satellite,2,163,53.2037,359.8195,117.0033,322.4918,79.4951,6912.3852,545.2303,1272.657875961524,4065.5877520906133,5440.648171738103,2847.8408323546573,-3168.3535839248807,5440.648171738103,52.1104,-48.0495,11
3686,STARLINK-4577,satellite,2,163,53.2345,359.6379,109.393,50.3369,159.7299,6922.8039,539.7169,-6478.68452029494,1475.1361927617384,1919.489681516025,4573.335414268754,4820.164218084288,1919.489681516025,16.208,46.5052,5
3687,STARLINK-4575,satellite,2,163,53.206,359.7236,60.7383,53.6906,114.4289,6914.0799,544.0697,-2839.8538314308794,3782.3438916626847,5038.696779341645,4701.836211468812,513.4504252712986,5038.696779341645,46.9881,6.2321,20
3688,STARLINK-4576,satellite,3,239,53.2333,359.5921,130.2343,69.4675,199.7018,6922.8886,544.3746,-6525.570265614252,-1350.1466086029775,-1869.096556373078,2167.113203221123,6301.554055994098,-1869.096556373078,-15.7605,71.0218,4
3689,STARLINK-4585,satellite,2,163,53.2224,359.6709,87.9789,51.712,139.691,6919.1254,540.972,-5256.419606581502,2707.8624243569,3582.167333346146,5010.224169911445,3140.0827627522235,3582.167333346146,31.3658,32.0768,6
3690,STARLINK-4583,satellite,2,163,53.201,359.4717,81.2802,178.4151,259.6953,6912.4009,558.9508,-1276.1156812126728,-4068.92403903978,-5454.74900947638,-2848.9468183336917,3173.029481996506,-5454.74900947638,-52.1544,131.9195,4
3691,STARLINK-4582,satellite,2,163,53.2392,359.6156,127.6935,52.0582,179.7517,6924.2398,540.4173,-6918.21301690725,64.3568971734532,24.021136838878007,3584.0542909242135,5917.800942683561,24.021136838878007,0.2002,58.7992,4
3692,STARLINK-4550,satellite,2,163,53.2091,359.5192,72.6012,167.1969,239.7981,6915.0841,555.4957,-3512.7376393140885,-3554.1855466084135,-4791.80752186271,-1265.3903504865696,4834.288767054522,-4791.80752186271,-43.9751,104.6683,7
3693,STARLINK-4584,satellite,2,163,53.2238,359.5632,96.2966,123.5982,219.8948,6919.1502,549.2945,-5330.6474125116565,-2617.324605161773,-3555.9378768129795,467.68220316852046,5920.0898035538185,-3555.9378768129795,-31.0691,85.4831,4
3694,STARLINK-4555,satellite,2,163,53.2386,359.2619,52.1701,307.5868,359.7569,6924.2235,540.7607,6918.034819571329,-106.69522985465301,-23.51367611271617,-3620.380262770973,-5896.052610841717,-23.51367611271617,-0.1959,-121.5514,3
3695,STARLINK-4559,satellite,3,239,53.2336,359.2867,49.9103,289.8908,339.8012,6922.7429,544.364,6476.916377417787,-1511.0677488858846,-1914.2898607754043,-4603.339699535991,-4800.3161471367375,-1914.2898607754043,-16.1517,-133.8,4
3696,STARLINK-4551,satellite,2,163,53.21,359.3598,106.8559,192.7821,299.638,6915.0341,555.3177,3383.106917483753,-3641.6944315830942,-4818.873838399817,-4857.949336046602,-1052.4632993858327,-4818.873838399817,-44.2887,-167.7759,8
3697,STARLINK-4581,satellite,2,163,53.206,359.3705,107.2534,187.3127,294.5661,6914.1117,556.696,2836.770467467294,-3802.7844536726197,-5042.414519815829,-4717.845243539563,-500.3724055140269,-5042.414519815829,-46.9213,-173.9459,9
3698,STARLINK-4553,satellite,2,163,53.2236,359.3152,94.9634,224.8533,319.8167,6919.0907,550.0338,5256.299097509614,-2737.1428570285516,-3577.6451553923857,-5035.347953460585,-3125.044353260143,-3577.6451553923857,-31.276,-148.1754,4
3699,STARLINK-4556,satellite,2,163,53.2337,359.2391,69.5975,310.1305,19.7281,6922.8689,539.677,6528.281527932557,1310.8079491171595,1870.2273276163053,-2202.3328338842707,-6283.8210728989925,1870.2273276163053,15.7813,-109.3144,15
3700,STARLINK-4580,satellite,2,163,53.2231,359.205,92.6636,307.1807,39.8443,6919.1797,541.0032,5344.379371337683,2578.038616245373,3547.909803959097,-508.4777377668225,-5911.863019541949,3547.909803959097,31.0328,-94.9159,107
3701,STARLINK-4691,satellite,2,156,53.2102,189.8601,108.6613,305.7641,54.4254,6916.116,542.823,-3385.1213937224074,-4005.65582857965,4502.169397466225,-1718.8095181359133,4954.7976051133155,4502.169397466225,40.8202,109.1316,4
3702,STARLINK-4673,satellite,2,156,53.2301,189.6201,104.4402,50.3096,154.7498,6921.9768,539.9909,6462.006875868316,-695.7700660767058,2363.0880920815794,-3894.4654077640603,-5203.342006474962,2363.0880920815794,20.0948,-126.8132,12
3703,STARLINK-4689,satellite,2,156,53.2014,189.8115,122.8971,311.6154,74.5124,6912.8198,544.9468,-1138.5151131521775,-4245.106274165652,5332.491877721778,-3070.6725190457705,3144.5372032484534,5332.491877721778,50.678,134.3191,7
3704,STARLINK-4674,satellite,2,156,53.1998,189.7517,61.0706,33.5315,94.6021,6912.0375,545.8533,1245.3233345674976,-3972.6040539955407,5515.474265151666,-4052.1814553232653,955.1118419192273,5515.474265151666,53.1239,166.7373,4
3705,STARLINK-4672,satellite,2,156,53.2026,189.7144,56.7357,52.6915,109.4273,6913.3157,544.6795,2924.272648336771,-3459.8579300160386,5218.656180185511,-4467.511964841071,-750.549306646336,5218.656180185511,49.2154,-170.4633,5
3706,STARLINK-4684,satellite,2,156,53.2358,189.5962,124.8176,50.003,174.8206,6924.1105,539.9971,6855.67901963134,779.9910433019194,500.3035968136129,-2825.9014178434054,-6294.680454516749,500.3035968136129,4.1729,-114.177,4
3707,STARLINK-4676,satellite,2,156,53.2171,189.3036,104.1436,210.6495,314.793,6918.058,551.2221,-5288.578891276925,2114.387017822248,-3934.50579204972,4516.155800233138,3470.4518349079144,-3934.50579204972,-34.8025,37.5406,4
3708,STARLINK-4677,satellite,3,199,53.2239,189.9706,69.8902,259.2852,329.1754,6920.9885,547.2306,-6221.8687590555455,1062.190613974627,-2840.9060902539895,4087.1534518227377,4809.893597220283,-2840.9060902539895,-24.3649,49.6442,4
3709,STARLINK-4675,satellite,2,156,53.2004,189.4563,78.7251,176.0269,254.752,6912.8556,557.9738,1138.6990300088016,4245.983923374707,-5348.5895089718715,3071.3336111156104,-3145.1430504399955,-5348.5895089718715,-50.7566,-45.6803,5
3710,STARLINK-4648,satellite,2,161,53.2198,184.5502,79.8405,142.4402,222.2808,6918.6681,550.2899,4884.083026326214,3185.8804457935685,-3729.97634363077,249.12929535243413,-5825.9793869473015,-3729.97634363077,-32.7659,-87.5514,10
3711,STARLINK-4692,satellite,2,161,53.1986,184.7525,59.0451,43.0904,102.1355,6912.4966,545.0734,1782.975036181479,-3912.6616216579732,5409.373612363219,-4274.856826909572,462.0823029138514,5409.373612363219,51.6924,173.8307,4
3712,STARLINK-4690,satellite,2,161,53.2001,184.453,83.3497,178.9193,262.2691,6912.2059,558.8857,609.4743768011672,4169.560395015974,-5493.51196130926,3275.5346508050934,-2650.95561166876,-5493.51196130926,-52.6802,-38.9839,4
3713,STARLINK-4590,satellite,2,140,53.2135,179.6776,77.3822,52.3052,129.6874,6916.9713,542.1562,4396.091160154276,-3210.098782982299,4259.980817523226,-5003.398926600502,-2143.9101814637547,4259.980817523226,38.2189,-156.8053,5
3714,STARLINK-4591,satellite,2,161,53.2339,184.627,111.4843,50.696,162.1803,6923.153,539.7227,6665.481916002745,-731.5931543188971,1695.5972287398445,-4029.0625751757702,-5360.086984492312,1695.5972287398445,14.2752,-126.9314,4
3715,STARLINK-4647,satellite,2,140,53.1972,179.7806,80.7294,8.8339,89.5633,6911.9126,545.7534,-68.51781022254927,-4139.262704564821,5532.820636809676,-3525.394306245893,2170.204002670719,5532.820636809676,53.3649,148.3839,6
3716,STARLINK-4660,satellite,3,190,53.2312,184.2752,47.9507,294.2928,342.2436,6923.0753,543.7751,-6666.783867609456,768.5211218641655,-1690.7080253972856,4061.4898430712087,5342.371393566575,-1690.7080253972856,-14.2247,52.7564,4
3717,STARLINK-4610,satellite,2,140,53.2106,179.6908,69.7851,54.705,124.4901,6915.8991,543.1396,3895.515072402655,-3432.8530659854105,4562.382780692079,-4939.67518223913,-1599.727147338732,4562.382780692079,41.4813,-162.0553,4
3718,STARLINK-4658,satellite,2,140,53.2265,179.6408,100.859,48.9021,149.7611,6921.1154,539.9148,5960.531389386599,-2122.045761797552,2789.2850712559307,-4865.478959705466,-4044.5181606328965,2789.2850712559307,23.9217,-140.2643,8
3719,STARLINK-4655,satellite,2,140,53.2021,179.726,55.956,53.6464,109.6024,6913.3667,544.819,2299.8263093169176,-3910.6371567008555,5213.096056478899,-4536.740266823816,16.48562328218097,5213.096056478899,49.1436,179.7918,4
3720,STARLINK-4605,satellite,2,152,53.2338,169.4537,115.6525,49.2064,164.859,6923.4,539.568,6365.947800711211,-2285.120208804834,1447.2623629856396,-5212.532079425165,-4310.055114616485,1447.2623629856396,12.1506,-140.4139,3
3721,STARLINK-4609,satellite,3,202,53.2341,179.5906,134.5013,55.2937,189.795,6923.8778,542.1629,6823.888094272148,655.8929037225425,-943.0720036117542,-2916.427847558317,-6204.0384294658525,-943.0720036117542,-7.8809,-115.1775,3
3722,STARLINK-4615,satellite,2,140,53.198,179.4261,91.1623,178.6932,269.8555,6911.9544,558.9202,59.00692942162567,4147.028667644977,-5543.563462997502,3536.9252286739425,-2165.9844216334563,-5543.563462997502,-53.3674,-31.483,4
3723,STARLINK-4608,satellite,3,202,53.2262,179.5633,113.3815,96.3983,209.7798,6921.211,546.9237,6023.104926846805,2012.194833675676,-2753.6705039147705,-1341.3724355834984,-6207.047687712262,-2753.6705039147705,-23.5724,-102.1944,4
3724,STARLINK-4568,satellite,2,140,53.2265,179.2157,80.533,309.262,29.7949,6921.23,540.1094,-6028.36342736977,-1974.6188305468422,2752.2366333570467,1376.3751786287066,6192.404743397703,2752.2366333570467,23.5842,77.4687,4
3725,STARLINK-4573,satellite,2,140,53.2036,179.4795,74.9529,174.8141,249.767,6913.4598,557.5248,2429.6864724844218,3869.223318727949,-5202.066600198511,2088.78695620595,-4063.401837911899,-5202.066600198511,-48.8834,-62.7946,10
3726,STARLINK-4596,satellite,2,140,53.213,179.3228,106.543,203.271,309.814,6916.9849,552.7047,-4394.655826677823,3236.530420155934,-4258.639746523528,5025.401710915781,2129.1938942878874,-4258.639746523528,-38.136,22.9617,4
3727,STARLINK-4554,satellite,2,140,53.2364,179.2382,57.737,312.0906,9.8275,6923.8599,539.5775,-6824.600738461654,-615.9676252312723,945.8469995776562,2951.1326386498763,6184.28714597243,945.8469995776562,7.9072,64.4896,5
3728,STARLINK-4595,satellite,3,202,53.2265,179.2862,65.6323,264.1367,329.769,6921.1161,546.8887,-5953.768976488019,2160.588551650656,-2791.438747788583,4895.181896160315,4019.0424379968144,-2791.438747788583,-23.9155,39.3867,4
3729,STARLINK-4600,satellite,2,140,53.2139,179.1758,102.6762,307.173,49.8492,6917.1109,542.1196,-4502.065967613874,-3099.383628545477,4231.313765822495,-369.58131146406305,5453.273008740648,4231.313765822495,37.9169,93.8771,4
3730,STARLINK-4602,satellite,2,140,53.2374,179.2579,44.3649,305.338,349.7029,6923.8895,541.9484,-6798.039788525915,828.3992567295097,-990.9063931131302,4179.9416727478065,5424.728371758142,-990.9063931131302,-8.2836,52.3845,4
3731,STARLINK-4598,satellite,2,152,53.231,169.647,109.5685,49.9437,159.5122,6922.7488,539.7838,6112.8677406446095,-2589.754600756833,1939.14769436171,-5345.474266121807,-3936.989430641673,1939.14769436171,16.3784,-143.628,9
3732,STARLINK-4599,satellite,2,140,53.2031,179.129,122.215,307.7151,69.9301,6913.4472,544.5015,-2430.287570472228,-3851.4063542082677,5197.655264018868,-2073.1552895735626,4054.8311587217513,5197.655264018868,48.9515,117.0798,4
3733,STARLINK-4606,satellite,3,231,53.228,169.5914,126.9145,77.8986,204.8131,6922.0434,545.3778,6492.8975304904825,575.1414203939955,-2326.577245352368,-2817.0605787080012,-5878.152404522323,-2326.577245352368,-19.7554,-115.6057,4
3734,STARLINK-4593,satellite,2,152,53.2351,169.6175,133.2965,51.485,184.7814,6924.1445,541.2805,6844.557060308869,-903.0893714790939,-462.03981262252046,-4267.912138134901,-5426.643322152587,-462.03981262252046,-3.8525,-128.1841,4
3735,STARLINK-4592,satellite,2,152,53.2032,169.5135,73.4628,171.3604,244.8232,6914.1866,556.3834,3579.101672448542,3154.203813681447,-5017.234029013728,887.5007626500769,-4687.35670461104,-5017.234029013728,-46.6199,-79.2786,10
3736,STARLINK-4586,satellite,2,152,53.2011,169.4056,100.6351,184.0884,284.7235,6912.6194,557.7139,-992.1197469952216,4265.892133843944,-5361.512676888327,4175.30122693781,-1322.4964855534129,-5361.512676888327,-50.9284,-17.5752,4
3737,STARLINK-4396,satellite,2,152,53.1972,169.7638,58.143,41.1727,99.3157,6912.3395,545.3784,374.8336180073342,-4218.7687006377055,5459.995396968431,-3819.916024107063,1829.4127908809721,5459.995396968431,52.3704,154.4096,6
3738,STARLINK-4594,satellite,2,152,53.229,169.2404,73.8488,310.9553,24.8041,6922.0743,539.7501,-6491.349823319277,-534.217135633055,2323.921434945629,2851.471741262617,5855.947351666674,2323.921434945629,19.7488,64.0369,5
3739,STARLINK-4422,satellite,2,152,53.2086,169.3541,107.9301,196.8919,304.8221,6915.9536,554.0067,-3256.333964933228,4075.4033685666363,-4551.220952742056,5166.337714980341,722.2036572004868,-4551.220952742056,-41.2787,7.9578,4
3740,STARLINK-4597,satellite,2,152,53.2228,169.3141,83.877,240.8618,324.7388,6920.1386,548.5195,-5110.423892715256,3399.0512360770954,-3200.7877835586414,5530.276356431178,2661.95888214121,-3200.7877835586414,-27.6878,25.7035,4
3741,STARLINK-4588,satellite,2,152,53.1974,169.4561,86.1327,178.6551,264.7878,6912.0985,558.9534,1374.1622371456908,3945.5843784723575,-5520.732978531933,2692.8479806418663,-3194.452644005757,-5520.732978531933,-53.0521,-49.8699,5
3742,STARLINK-4725,satellite,3,199,53.2288,189.1988,55.6231,279.2496,334.8727,6922.0094,545.592,-6466.924606425089,734.975495470525,-2354.2151288833675,3930.6958714795796,5187.574848622603,-2354.2151288833675,-19.9992,52.8483,4
3743,STARLINK-4711,satellite,2,156,53.2345,189.171,49.892,304.9683,354.8603,6924.1525,541.556,-6862.798058337967,-732.1385246444311,-496.58383963758143,2870.6923802403626,6276.396200593603,-496.58383963758143,-4.1408,65.4216,4
3744,STARLINK-4724,satellite,2,173,53.2216,174.5117,94.7121,122.6919,217.404,6919.6596,548.724,5714.02798297252,1979.9032664263746,-3367.6295223575494,-1211.500133415288,-5924.727855465901,-3367.6295223575494,-29.2634,-101.5566,4
3745,STARLINK-4731,satellite,2,156,53.1976,189.3294,93.6006,181.2214,274.822,6912.0795,558.8888,-1244.2585752175014,3983.8146729810237,-5523.981463040558,4061.2810587471554,-961.7457629346608,-5523.981463040558,-53.0974,-13.3227,4
3746,STARLINK-4714,satellite,2,156,53.2339,189.8556,63.2035,311.1353,14.3388,6923.4679,539.7734,-6427.182337256374,-2157.2927059644267,1372.2990888790355,1422.6714683032872,6628.61904990952,1372.2990888790355,11.5122,77.8866,4
3747,STARLINK-4717,satellite,2,156,53.2219,189.8267,85.3513,309.0501,34.4014,6920.3301,540.4721,-5222.040193662317,-3278.1999602556984,3128.906752684993,-156.1587640511459,6163.758042303027,3128.906752684993,27.0497,91.4513,4
3748,STARLINK-4716,satellite,2,156,53.2053,189.6318,59.0169,55.7106,114.7275,6914.0981,544.2664,3479.24306331658,-3223.1369196291917,5026.836494191749,-4546.966706942634,-1348.6428964957886,5026.836494191749,46.8425,-163.4795,5
3749,STARLINK-4667,satellite,2,173,53.2299,174.5859,107.6278,49.6336,157.2615,6922.4132,539.7711,6198.901587742457,-2194.847897576492,2141.3169280143975,-5049.681855976492,-4212.416330496513,2141.3169280143975,18.1413,-140.1653,7
3750,STARLINK-4694,satellite,2,173,53.2084,174.4754,70.3823,166.9764,237.3587,6915.5323,554.6811,4052.9317057134604,3115.713681137264,-4668.508276204255,612.7125063878973,-5075.284281547113,-4668.508276204255,-42.5793,-83.1163,9
3751,STARLINK-4685,satellite,2,127,53.212,194.2628,107.4954,199.7606,307.256,6916.5649,553.6386,-4874.869954475879,2165.6292687443315,-4412.991995098017,4349.2152118852855,3088.467944369732,-4412.991995098017,-39.7747,35.3794,4
3752,STARLINK-4627,satellite,2,127,53.2028,194.4102,74.6023,172.7453,247.3476,6913.8047,556.765,1630.1094894324017,4370.160346365013,-5116.16441421687,2927.4941904097946,-3631.16182035387,-5116.16441421687,-47.8215,-51.1237,5
3753,STARLINK-4683,satellite,2,127,53.2284,194.1543,74.0561,313.3321,27.3882,6921.6139,539.4122,-5487.5494781700745,-3347.6702883247785,2547.9541556236363,-80.48746122727113,6427.566989404494,2547.9541556236363,21.7441,90.7174,4
3754,STARLINK-4686,satellite,2,166,53.1974,199.2966,97.1765,182.695,279.8715,6912.3353,558.7551,-2470.610001168433,3464.4124388240707,-5461.652304803532,4240.034656852085,358.01317412303496,-5461.652304803532,-52.2496,4.8264,4
3755,STARLINK-4699,satellite,2,166,53.2059,199.2455,108.376,191.406,299.782,6915.0261,555.4412,-4432.864616001531,2264.3220037142223,-4811.817633732581,4208.655807968593,2657.9426499371702,-4811.817633732581,-44.2062,32.2741,4
3756,STARLINK-4695,satellite,2,166,53.2344,199.8472,50.5568,303.5845,354.1413,6924.0893,541.6191,-6618.133052781402,-1939.3793683438523,-565.8256277038594,1707.5034645904561,6681.714552200435,-565.8256277038594,-4.7194,75.6649,4
3757,STARLINK-4644,satellite,3,231,53.2336,169.1996,45.4072,299.4157,344.823,6923.3726,543.1158,-6357.415680437048,2316.7813501659543,-1451.3629817487051,5235.413184113101,4286.567245472577,-1451.3629817487051,-12.1792,39.3094,4
3758,STARLINK-4642,satellite,2,166,53.1984,199.3543,82.6247,177.1989,259.8236,6912.3765,558.5859,-198.7805663631361,4256.889022114977,-5456.472627867299,3762.9073262857123,-2000.2865579591255,-5456.472627867299,-52.1815,-27.9942,3
3759,STARLINK-4707,satellite,2,166,53.2193,199.4481,86.7095,133.1701,219.8796,6919.1685,549.7329,4124.156359158082,4274.526428344859,-3554.823720862054,1573.1240780918904,-5727.610539861299,-3554.823720862054,-31.0562,-74.6421,12
3760,STARLINK-4700,satellite,2,166,53.2352,199.499,129.0939,50.7937,179.8876,6924.2217,540.4743,6524.508750878157,2301.7055135731657,10.873029388286465,-1348.0985752285533,-6785.992406639246,10.873029388286465,0.0906,-101.236,4
3761,STARLINK-4705,satellite,2,166,53.2199,199.2078,94.2695,225.6052,319.8748,6919.1089,549.6288,-5876.959479253207,780.9757198734094,-3572.980712909193,3669.345313688374,4656.6598291832615,-3572.980712909193,-31.2328,51.7627,4
3762,STARLINK-4663,satellite,2,166,53.207,199.4072,70.9599,168.8695,239.8294,6915.0842,555.2733,2090.572509592316,4537.190707449511,-4793.0391531653395,2836.300152218044,-4112.419528715086,-4793.0391531653395,-43.9911,-55.4063,13
3763,STARLINK-4697,satellite,3,246,53.2318,199.4775,131.2366,68.6004,199.837,6922.858,544.2717,5668.85349559587,3496.0614601302077,-1881.337061683467,115.64874979527653,-6659.201983286591,-1881.337061683467,-15.8666,-89.0051,4
3764,STARLINK-4701,satellite,2,166,53.2207,199.5575,89.3073,50.3958,139.703,6919.0733,541.0175,5864.813081248849,-757.5226396668795,3581.2271235453986,-3642.977015737974,-4658.17469513546,3581.2271235453986,31.3564,-128.0276,44
3765,STARLINK-4640,satellite,2,166,53.2306,199.5278,110.0856,49.7554,159.8409,6922.7491,539.7228,6595.994933126272,825.520457364636,1909.3220281886497,-2654.285515476805,-6094.538668815303,1909.3220281886497,16.1198,-113.534,12
3766,STARLINK-4651,satellite,2,166,53.2002,199.7066,110.6263,328.9756,79.6019,6912.29,544.9624,198.72388628905887,-4253.244078455118,5442.051713956484,-3759.743256870991,1998.4761735653656,5442.051713956484,52.1321,152.0073,6
3767,STARLINK-4641,satellite,2,166,53.207,199.5997,65.2389,54.5148,119.7537,6914.9853,543.5524,4436.660033929086,-2234.8934466201094,4804.973302105744,-4185.27903796178,-2676.217545119766,4804.973302105744,44.2229,-147.4037,6
3768,STARLINK-4661,satellite,2,166,53.1987,199.6659,66.7498,27.5603,94.3101,6912.1153,545.9368,1878.2475713165713,-3712.3698324900906,5517.642325869282,-4151.172627121741,277.97397751279067,5517.642325869282,53.1529,176.169,5
3769,STARLINK-4574,satellite,2,166,53.2303,199.8293,75.1111,304.3145,19.4256,6922.8848,540.3081,-5669.272718114757,-3508.1807423584855,1842.7720526883368,-125.8591921859358,6665.744124788884,1842.7720526883368,15.5424,91.0817,4
3770,STARLINK-4616,satellite,2,166,53.1981,199.6536,58.6369,40.9734,99.6103,6912.341,545.3653,2459.1386563010374,-3455.660058313807,5455.38636563223,-4226.65532525496,-352.6104522463003,5455.38636563223,52.3081,-175.2311,6
3771,STARLINK-4618,satellite,2,175,53.2175,209.4258,76.2897,148.5274,224.8171,6918.1542,551.2275,2841.682573012763,4957.263500840313,-3907.9126112910208,2814.510643160204,-4972.740803829004,-3907.9126112910208,-34.5342,-60.4907,15
3772,STARLINK-4652,satellite,2,166,53.2198,199.8008,91.1604,308.2621,39.4225,6919.3023,540.9557,-4134.3667859432435,-4282.418445819228,3516.3855388887005,-1574.7043899189273,5740.418325363884,3516.3855388887005,30.7277,105.34,4
3773,STARLINK-4662,satellite,2,175,53.2055,209.3803,72.2397,172.7133,244.953,6914.1284,556.4292,711.0037680934888,4711.532203698959,-5022.732268442066,3689.9198897763176,-3014.7227520567517,-5022.732268442066,-46.6858,-39.2494,4
3774,STARLINK-4607,satellite,2,175,53.2356,209.4833,131.2922,53.5359,184.8281,6924.1404,541.6104,5830.615166494207,3696.9982421857267,-466.56494672927363,205.97433599508463,-6900.829210709971,-466.56494672927363,-3.8901,-88.2904,4
3775,STARLINK-4637,satellite,2,175,53.2336,209.5098,114.895,49.9237,164.8187,6923.3949,539.7623,6343.604250577662,2344.6479448565947,1451.0567168318034,-1218.8900933501384,-6652.292523153212,1451.0567168318034,12.1826,-100.3831,15
3776,STARLINK-4645,satellite,2,175,53.1973,209.6807,111.6562,332.9605,84.6167,6912.0841,545.5756,1477.501927701418,-3901.60770772679,5508.533098622879,-4109.53954321425,719.1935720742471,5508.533098622879,53.0313,170.0734,4
3777,STARLINK-4670,satellite,2,175,53.2229,209.1893,81.9015,242.8771,324.7785,6920.1813,548.5437,-6102.447201136158,-671.217094436978,-3197.669344990727,2535.2693236386217,5591.315023063528,-3197.669344990727,-27.6585,65.609,4
3778,STARLINK-4656,satellite,2,175,53.2042,209.7374,118.3754,306.1623,64.5377,6914.2419,543.9813,-726.0411246530117,-4718.90109541776,4996.558465829628,-3688.588220514068,3031.415544346768,4996.558465829628,46.4794,140.5854,5
3779,STARLINK-4589,satellite,2,175,53.2005,209.629,55.7889,48.9807,104.7696,6912.6688,544.8551,3510.060498359751,-2608.2583813470933,5350.384863652122,-4033.8042401074913,-1688.7746559276898,5350.384863652122,50.9133,-157.2831,8
3780,STARLINK-4612,satellite,2,175,53.2289,209.8131,74.7226,309.709,24.4316,6922.1355,539.8129,-4611.742434540203,-4616.009148201996,2291.226453038892,-1618.1490017626595,6321.178889014123,2291.226453038892,19.4597,104.3587,4
3781,STARLINK-4718,satellite,2,155,53.1999,229.526,78.7286,175.9787,254.7073,6912.8598,558.1056,-1857.8593163424084,3985.8116393158975,-5347.52202109706,4375.971448706023,-434.9822335867057,-5347.52202109706,-50.7413,-5.6767,4
3782,STARLINK-4719,satellite,2,155,53.1976,229.4692,94.4048,180.2086,274.6134,6912.1136,558.99,-3504.056140912004,2263.33663609701,-5525.714138781753,3734.0609201256057,1859.5405915851288,-5525.714138781753,-53.1202,26.473,4
3783,STARLINK-4722,satellite,2,120,53.2017,219.8078,57.2321,52.2858,109.5178,6913.3427,544.6508,4271.479030924833,-1519.0334881882334,5215.664935449102,-3485.287672833405,-2899.269854198358,5215.664935449102,49.1778,-140.2443,22
3784,STARLINK-4664,satellite,2,120,53.2271,219.7223,99.0752,50.5893,149.6645,6921.1042,540.1006,5926.3680397896005,2205.8842656656143,2797.4361478781098,-1125.431004759659,-6222.633573502173,2797.4361478781098,23.9952,-100.2517,50
3785,STARLINK-4709,satellite,2,162,53.2352,224.3189,53.1167,308.9946,2.1114,6924.2499,540.4423,-4840.025097898355,-4939.528535061643,204.19529631285442,-1779.9830554457187,6682.547823944123,204.19529631285442,1.7018,104.9152,4
3786,STARLINK-4706,satellite,2,120,53.2344,219.6959,120.4229,49.2457,169.6686,6923.858,539.7639,5710.577991662587,3775.2924753713296,993.8232068875124,334.54435026919253,-6837.515217618126,993.8232068875124,8.3108,-87.1989,9
3787,STARLINK-4678,satellite,2,120,53.2127,219.7598,75.7953,53.8524,129.6477,6916.9629,542.3317,5428.988954222095,370.6719467732566,4262.4838965839535,-2450.2764169307698,-4858.7513043809,4262.4838965839535,38.2442,-116.7619,75
3788,STARLINK-4462,satellite,2,120,53.2131,219.61,71.7675,157.9745,229.742,6917.0937,552.6975,1429.5049034155672,5289.619660978259,-4231.067397385923,3820.6774848611035,-3927.592644785396,-4231.067397385923,-37.846,-45.7906,10
3789,STARLINK-4536,satellite,2,120,53.1977,219.5084,89.8348,179.872,269.7068,6912.0016,559.2513,-2611.3290835257753,3222.543276398251,-5543.7522348411285,4103.76855593813,602.4187829248134,-5543.7522348411285,-53.3663,8.3512,4
3790,STARLINK-4687,satellite,3,222,53.2253,219.6467,112.9541,96.8005,209.7547,6921.1986,546.9391,3314.8224959367285,5417.630290639068,-2751.5346018116134,2969.1608186857707,-5614.521366812972,-2751.5346018116134,-23.553,-62.1285,14
3791,STARLINK-4743,satellite,2,120,53.2136,219.4063,108.037,201.6616,309.6987,6916.982,552.8933,-5441.6043277144545,-342.56401286149844,-4265.907533749245,2480.8877426772983,4855.265571577109,-4265.907533749245,-38.2114,62.9344,4
3792,STARLINK-4666,satellite,2,120,53.2352,219.3175,60.9835,308.7189,9.7024,6923.8625,539.9704,-4833.180427364072,-4860.337790434053,933.9571549103498,-1715.3591726523637,6636.26848382236,933.9571549103498,7.8068,104.4927,4
3793,STARLINK-4734,satellite,2,120,53.2017,219.4531,104.0693,185.6394,289.7087,6913.3828,557.4838,-4283.751768500675,1530.932090083364,-5219.176724455026,3501.781950778004,2903.757126170347,-5219.176724455026,-49.0994,39.6663,4
3794,STARLINK-4739,satellite,2,120,53.2173,219.9653,96.3678,307.7417,44.1095,6918.3087,541.4658,-1953.6363563756856,-5396.39676588615,3853.6864941687804,-3645.1825824785715,4432.881343800465,3853.6864941687804,34.0447,129.4306,7
3795,STARLINK-4728,satellite,3,222,53.225,219.3655,68.4274,261.2836,329.711,6921.1137,547.0872,-5946.415365232107,-2175.093212085175,-2796.3071858853655,1162.1409228092675,6224.17180455838,-2796.3071858853655,-23.9591,79.4238,3
3796,STARLINK-4730,satellite,2,120,53.2091,219.4161,109.1934,195.3392,304.5327,6915.9053,554.2042,-5200.624851382846,146.91271427335,-4567.273505516659,2778.9920971131114,4398.327536077649,-4567.273505516659,-41.4544,57.7141,4
3797,STARLINK-4742,satellite,2,120,53.2254,219.2938,79.9353,309.8371,29.7725,6921.2194,540.0273,-3343.250504149994,-5391.9045265509685,2750.284347311168,-2932.53311050917,5625.851749975947,2750.284347311168,23.5667,117.5312,6
3798,STARLINK-4723,satellite,2,120,53.1972,219.1524,85.7328,4.2627,89.9956,6911.9655,545.6111,2613.227719330755,-3210.411932013296,5532.866641490456,-4094.3023268123843,-610.2395783220359,5532.866641490456,53.3671,-171.5227,7
3799,STARLINK-4712,satellite,2,120,53.2024,219.2074,120.1172,309.7572,69.8744,6913.4388,544.3711,614.3717999832116,-4514.545069246261,5195.671186377873,-4196.503557569788,1774.2400576512891,5195.671186377873,48.9277,157.0818,6
3800,STARLINK-4710,satellite,3,204,53.2329,209.6753,129.798,69.7037,199.5017,6922.8633,544.3164,4983.562361669737,4431.434315750443,-1850.8368635080908,1269.7387527767755,-6546.851717211771,-1850.8368635080908,-15.6028,-79.024,5
3801,STARLINK-4715,satellite,2,175,53.2359,209.34,53.974,310.7313,4.7053,6924.138,540.1797,-5844.04790733694,-3674.5390658891165,454.6302115964625,-179.80482280337887,6900.9277286239685,454.6302115964625,3.7912,91.4925,4
3802,STARLINK-4726,satellite,2,175,53.2098,209.432,108.0641,196.594,304.6581,6915.9185,553.9755,-5104.556659192556,1035.6488342138332,-4560.287625328951,3494.42847654063,3862.3874504064806,-4560.287625328951,-41.3789,47.8633,4
3803,STARLINK-4727,satellite,2,127,53.2158,194.658,73.8219,153.4322,227.2541,6917.597,551.9295,3775.476402066701,4134.119958677499,-4071.593480800361,1630.2023881770883,-5356.081596547973,-4071.593480800361,-36.1948,-73.0716,12
3804,STARLINK-4729,satellite,3,183,53.2327,204.3601,44.4844,302.5528,347.0372,6923.5979,542.5095,-6526.470992485875,-1935.1133717313458,-1243.4877778064074,1664.4197360718101,6600.696502596349,-1243.4877778064074,-10.4149,75.8474,4
3805,STARLINK-4763,satellite,2,127,53.2346,194.7191,129.8546,52.1673,182.0219,6924.2072,540.8489,6650.618391779228,1898.1991359305948,-195.55999849755216,-1759.4936470553387,-6688.652110753831,-195.55999849755216,-1.6297,-104.7381,4
3806,STARLINK-4768,satellite,3,182,53.2223,194.4101,75.2685,251.8823,327.1507,6920.6638,547.8056,-6191.564400144237,730.0877795779054,-3007.337790345262,3786.0417406040756,4953.219743300929,-3007.337790345262,-25.8903,52.6072,4
3807,STARLINK-4738,satellite,2,139,53.2094,249.4392,71.2812,53.5381,124.8193,6915.9724,542.7604,4567.746023231314,2501.63266327672,4544.025295129683,-178.06849269097074,-5204.878608251034,4544.025295129683,41.2811,-91.9594,115
3808,STARLINK-4758,satellite,2,139,53.2094,249.787,108.7864,195.645,304.4314,6915.9142,554.2781,-4561.65050797556,-2491.7820896026774,-4572.87056783524,183.43228424092948,5194.61124012919,-4572.87056783524,-41.5157,87.9776,4
3809,STARLINK-4748,satellite,2,128,53.1985,204.5712,80.9544,11.2021,92.1565,6912.0109,545.5143,1956.496131863959,-3653.7357001614887,5528.97632217331,-4140.650507125473,180.762436570111,5528.97632217331,53.3143,177.5003,5
3810,STARLINK-4757,satellite,2,139,53.235,249.0023,54.4258,310.4579,4.8837,6924.1437,539.986,-2140.8330359640745,-6561.499256745512,471.81061640070686,-4551.851607556549,5188.167839125092,471.81061640070686,3.9348,131.2622,6
3811,STARLINK-4751,satellite,3,232,53.2322,249.7198,47.3927,297.0322,344.4249,6923.367,543.3917,-3353.961182310679,-5867.626448667025,-1488.5265159428643,-3336.2571424394937,5877.710781678962,-1488.5265159428643,-12.4954,119.5797,4
3812,STARLINK-4756,satellite,2,139,53.1978,249.5403,109.7785,334.8675,84.646,6912.0975,545.4062,3636.0130554088014,-2044.697244472224,5508.697869852743,-3613.306432991449,-2084.5609566424687,5508.697869852743,53.0354,-150.0188,8
3813,STARLINK-4764,satellite,2,139,53.2297,249.6717,74.6736,309.8055,24.4791,6922.1553,539.8065,-578.0105295149621,-6497.857938761545,2295.422890734241,-5294.2432523397865,3811.4619701121555,2295.422890734241,19.4967,144.2489,5
3814,STARLINK-4760,satellite,2,139,53.1997,249.4843,54.095,50.6236,104.7186,6912.7633,545.0691,4365.052494697134,241.23160301911633,5351.743398577902,-2018.9425312035946,-3877.595520867805,5351.743398577902,50.929,-117.5046,61
3815,STARLINK-4759,satellite,2,139,53.2183,249.6369,97.0342,307.4778,44.5121,6918.2273,541.4446,1005.133044921495,-5631.220368164585,3881.5108822686348,-5356.311225804535,2007.7015029991796,3881.5108822686348,34.3242,159.4525,5
3816,STARLINK-4761,satellite,2,139,53.2225,249.3951,93.9223,50.897,144.8192,6920.1925,540.4293,4221.16068988734,4450.237394424727,3190.6940434177136,1674.7820280507362,-5900.670775014025,3190.6940434177136,27.6283,-74.1545,56
3817,STARLINK-4649,satellite,2,139,53.2052,249.5919,118.1103,306.3959,64.5062,6914.3162,543.9638,2464.5086656797594,-4090.691082439652,4995.3017272929355,-4775.60947677131,-33.325973863759614,4995.3017272929355,46.4644,-179.6002,4
3818,STARLINK-4747,satellite,2,139,53.235,249.3426,132.4281,52.5041,184.9322,6924.1401,541.1899,2098.7510510830593,6576.002208249814,-476.5647844553441,4585.790470591872,-5159.368835153916,-476.5647844553441,-3.9738,-48.3684,9
3819,STARLINK-4771,satellite,2,139,53.2067,249.4465,65.6656,53.9433,119.6089,6914.974,543.4726,4568.561010000923,1933.8371076477583,4811.806325972103,-666.8674453398255,-4915.970247200651,4811.806325972103,44.3026,-97.7252,103
3820,STARLINK-4737,satellite,2,139,53.2164,249.2826,78.794,146.1216,224.9156,6918.1186,551.1561,-1003.2934492883036,5620.471879777748,-3914.5609686235575,5346.127725998911,-2003.801445768253,-3914.5609686235575,-34.6016,-20.5467,4
3821,STARLINK-4783,satellite,2,139,53.2331,249.3667,115.7946,49.0991,164.8937,6923.4003,539.5635,3362.890452585849,5869.19454974717,1444.0061174172054,3333.0514710657826,-5886.191022223214,1444.0061174172054,12.1229,-60.4793,10
3822,STARLINK-4778,satellite,2,170,53.2194,239.7627,99.817,219.7115,319.5284,6919.0017,550.3762,-4976.377342482935,-3194.9734319610056,-3598.860137900781,-209.87496222332726,5910.003315222925,-3598.860137900781,-31.4806,92.0338,4
3823,STARLINK-4776,satellite,3,232,53.2282,249.3163,123.8483,80.9672,204.8155,6922.1114,545.6455,592.0920898129492,6491.5498376542955,-2326.8809103461363,5281.6349770022225,-3820.356568080434,-2326.8809103461363,-19.7573,-35.8793,11
3824,STARLINK-4773,satellite,3,206,53.2308,239.7394,49.5014,289.8282,339.3296,6922.7133,544.4907,-4526.283714111843,-4856.125935577283,-1956.9879327881995,-1868.2718917065345,6370.146270022356,-1956.9879327881995,-16.5217,106.3457,5
3825,STARLINK-4784,satellite,2,170,53.2063,239.8152,108.2614,191.1946,299.456,6914.951,555.4805,-4832.73879471794,-1127.5500389405163,-4827.412560739653,1495.132942235472,4731.945776668291,-4827.412560739653,-44.3862,72.4652,4
3826,STARLINK-4766,satellite,2,170,53.2216,239.6732,85.5467,308.7274,34.2741,6920.3659,540.5224,-872.7106430335214,-6108.935183505041,3118.7711127331654,-4809.401000554682,3866.571473358973,3118.7711127331654,26.9549,141.2021,8
3827,STARLINK-4750,satellite,2,170,53.2353,239.7135,51.329,308.0465,359.3755,6924.2297,540.7607,-3528.133541510083,-5951.44915591354,-60.41290503737733,-3319.5181264038047,6070.277814946285,-60.41290503737733,-0.5034,118.6719,5
3828,STARLINK-4754,satellite,2,170,53.1981,239.5707,118.7418,320.8889,79.6307,6912.3856,545.1346,2881.0212509339344,-3134.7048994591373,5442.536193094908,-4165.774296434721,-879.1943847579188,5442.536193094908,52.1369,-168.0825,7
3829,STARLINK-4769,satellite,2,170,53.2287,239.691,69.5713,309.8493,19.4206,6922.889,539.8021,-2103.375720389535,-6326.068761813759,1842.1375572069578,-4368.454040349964,5035.865833962432,1842.1375572069578,15.5381,130.9406,6
3830,STARLINK-4745,satellite,2,170,53.2064,239.4624,65.6063,54.1548,119.7611,6914.9836,543.4803,4838.118254364474,1128.973774762608,4804.531864582153,-1496.6521741670776,-4737.299050817611,4804.531864582153,44.2183,-107.5329,104
3831,STARLINK-4753,satellite,2,170,53.206,239.6388,113.9411,305.6052,59.5462,6915.1144,543.4827,1308.44996755605,-4826.239203773629,4771.04742872347,-4818.624901253208,1336.2186313105556,4771.04742872347,43.8322,164.5012,4
3832,STARLINK-4746,satellite,2,170,53.2307,239.3899,109.9375,49.9638,159.9013,6922.7967,539.7255,4531.660687064877,4865.565971790301,1903.8462554280575,1873.6490629925754,-6379.586193263639,1903.8462554280575,16.0724,-73.6328,18
3833,STARLINK-4777,satellite,2,170,53.1978,239.5146,60.7011,39.0179,99.719,6912.3334,545.2318,4107.833140340204,-1064.6312842657785,5453.50646589004,-3010.9693910074216,-2990.283633157742,5453.50646589004,52.284,-135.1975,26
3834,STARLINK-4780,satellite,3,206,53.2296,239.341,129.1266,70.7863,199.9128,6922.856,544.4727,2104.386092105298,6317.160912893789,-1888.2356739847653,4360.27670016422,-5032.191363814011,-1888.2356739847653,-15.9258,-49.0918,14
3835,STARLINK-4770,satellite,2,170,53.2196,239.4221,87.1429,52.6775,139.8204,6919.1803,541.2105,4986.457239913209,3188.993893711719,3572.62901979978,199.5903817822348,-5915.623512286216,3572.62901979978,31.2718,-88.0676,101
3836,STARLINK-4767,satellite,2,170,53.1994,239.2159,82.3745,177.5442,259.9186,6912.3827,558.7311,-2887.774010909806,3131.083548944131,-5458.267608971916,4166.103738150667,886.8498021208102,-5458.267608971916,-52.2042,12.0173,4
3837,STARLINK-4755,satellite,2,170,53.2369,239.3663,127.4973,52.3944,179.8917,6924.2551,540.6395,3532.1726967808595,5949.2112326683755,10.481054028187792,3315.532992290013,-6072.610577653418,10.481054028187792,0.0873,-61.3663,6
3838,STARLINK-4797,satellite,2,177,53.2003,234.5086,58.5169,48.7341,107.2511,6913.0249,544.6353,4408.45620943164,-626.5866885737915,5284.3512237909445,-2787.5255980671445,-3472.2900323697986,5284.3512237909445,50.056,-128.7572,44
3839,STARLINK-4794,satellite,2,170,53.2195,239.3082,85.3987,134.5033,219.902,6919.199,549.8421,424.2037981334252,5923.635670373126,-3556.5491810240646,4878.782665903324,-3386.2793913894566,-3556.5491810240646,-31.0723,-34.7639,9
3840,STARLINK-4800,satellite,2,155,53.2167,229.8002,103.9864,210.4383,314.4247,6917.9932,551.4628,-5388.741690696791,-1790.2946323384558,-3959.60265964422,1208.6746923048206,5548.224704156767,-3959.60265964422,-35.055,77.7102,4
3841,STARLINK-4703,satellite,3,206,53.2343,239.3468,132.4474,62.2164,194.6638,6923.4489,543.1529,2511.3180847751455,6294.103375692534,-1403.4146142232612,4132.884588358368,-5370.448845872451,-1403.4146142232612,-11.771,-52.4195,12
3842,STARLINK-4795,satellite,2,155,53.2229,229.6927,85.2354,309.2368,34.4722,6920.2778,540.4437,-1900.54078145209,-5862.435628375277,3134.571113801803,-4073.122802697707,4624.919176910049,3134.571113801803,27.1027,131.3701,7
3843,STARLINK-4809,satellite,2,170,53.1987,239.1591,97.3359,182.5646,279.9005,6912.3766,558.7367,-4118.262069800123,1072.486620962776,-5461.242976008753,3023.045446384976,2995.247278070645,-5461.242976008753,-52.2443,44.7354,4
3844,STARLINK-4790,satellite,2,177,53.2046,234.2596,75.298,172.0734,247.3715,6913.8395,556.8425,-1550.7611424943505,4397.814920100178,-5117.232558701817,4573.713396820161,-909.2755117531245,-5117.232558701817,-47.8339,-11.2441,4
3845,STARLINK-4799,satellite,2,155,53.2334,229.7145,63.5623,310.918,14.4804,6923.4824,539.6315,-3540.6577003036914,-5778.207537815729,1385.5179122645675,-3164.118142752638,5992.686849777312,1385.5179122645675,11.6248,117.8339,5
3846,STARLINK-4781,satellite,2,155,53.2341,229.7437,45.6375,308.7638,354.4013,6924.1172,541.1932,-4758.2589500565255,-4994.182487028803,-540.7659744319974,-1868.6986447142253,6640.09430089524,-540.7659744319974,-4.5102,105.718,4
3847,STARLINK-4788,satellite,2,155,53.2114,229.6497,109.1006,305.4517,54.5523,6916.0774,542.8738,-25.576669550914417,-5238.2258159641315,4509.378204749188,-4492.558172116744,2693.8049178077977,4509.378204749188,40.8989,149.0525,7
3848,STARLINK-4779,satellite,2,155,53.205,229.1371,106.9055,187.9957,294.9012,6914.1652,556.469,-4751.738407866092,256.1829956747201,-5028.661584597764,2644.021085250776,3956.4883577248092,-5028.661584597764,-46.757,56.2462,4
3849,STARLINK-4762,satellite,3,204,53.2334,209.7833,46.0189,298.5131,344.532,6923.2673,543.0761,-6337.32977898258,-2354.1295114290356,-1478.4948723264204,1207.5342733507043,6651.7317641982445,-1478.4948723264204,-12.4104,79.7108,3
3850,STARLINK-4793,satellite,2,120,53.2138,219.6757,102.3182,307.1951,49.5133,6917.1569,542.0894,-1444.3254083410952,-5288.327800054641,4210.3428229243045,-3812.0069692229504,3939.6814176537273,4210.3428229243045,37.6967,134.0564,7
3851,STARLINK-4789,satellite,2,175,53.2221,209.4772,93.5103,51.3142,144.8244,6920.1614,540.5999,6093.477778888993,704.9458329967925,3190.343988273913,-2501.682974102106,-5600.803725034571,3190.343988273913,27.6243,-114.0686,67
3852,STARLINK-4810,satellite,2,120,53.2021,219.2725,76.7421,173.1667,249.9088,6913.4519,557.4804,-624.2610464210353,4520.61672511498,-5206.647014394599,4206.7701286956835,-1768.8308324375375,-5206.647014394599,-48.9415,-22.8054,4
3853,STARLINK-4732,satellite,2,175,53.2101,209.4995,70.7899,53.9237,124.7136,6915.9809,542.8783,5101.2493570282695,-1023.2678035886933,4549.9575155011635,-3482.0921457662507,-3865.857768831589,4549.9575155011635,41.3458,-132.0103,50
3854,STARLINK-4740,satellite,2,175,53.2005,209.1965,100.266,184.6306,284.8966,6912.7929,558.0596,-3508.743491226176,2630.431463334415,-5357.478618719776,4052.2044272687644,1676.3322612612073,-5357.478618719776,-50.872,22.4741,4
3855,STARLINK-5028,satellite,2,133,53.2107,269.8424,108.4342,305.9766,54.4108,6916.1469,542.7345,3355.034541793368,-4031.687114994862,4501.323913344696,-5179.078788162617,-829.3977790217879,4501.323913344696,40.8116,-170.9017,4
3856,STARLINK-5029,satellite,2,133,53.2045,269.6844,62.9629,51.5901,114.553,6914.087,543.8577,3780.6771064823,2850.8277595221225,5033.488719577692,523.7396910559626,-4705.999897360168,5033.488719577692,46.9268,-83.6496,82
3857,STARLINK-5031,satellite,2,133,53.1982,269.7375,79.532,14.972,94.504,6912.0673,545.2275,4128.9195696875995,523.7005992302777,5515.608634057974,-1655.5380742122325,-3818.564234816148,5515.608634057974,53.1326,-113.4391,61
3858,STARLINK-5050,satellite,2,177,53.2112,234.3495,108.2764,198.9432,307.2197,6916.4802,553.5262,-5123.389119458765,-1478.4661104424451,-4414.99247785078,1341.5451251780835,5160.9335188729365,-4414.99247785078,-39.797,75.4289,4
3859,STARLINK-5046,satellite,2,133,53.2104,269.4894,70.7902,163.9731,234.7634,6916.0874,554.1482,-3350.708191305071,4024.3430458685593,-4528.454336623919,5170.555170829429,829.422425256628,-4528.454336623919,-41.0272,9.1133,4
3860,STARLINK-5052,satellite,2,133,53.2338,269.5855,119.9057,49.6569,169.5626,6923.8423,539.624,799.2747291852747,6797.245130769461,1003.8806872979171,5438.9000894632045,-4154.485200036278,1003.8806872979171,8.3957,-37.3743,6
3861,STARLINK-5043,satellite,2,133,53.2286,269.6049,105.5531,49.1435,154.6966,6922.0026,539.5953,1812.3908322440384,6239.398255988862,2367.5633242265862,4442.324861384359,-4741.37121005786,2367.5633242265862,20.1357,-46.865,4
3862,STARLINK-5037,satellite,2,133,53.2003,269.4404,79.3926,175.3344,254.7269,6912.8422,558.1107,-3982.811987813597,1862.7682472573124,-5348.052523477073,3633.7101520746,2475.65090510996,-5348.052523477073,-50.7482,34.2666,4
3863,STARLINK-5035,satellite,2,133,53.2357,269.5734,129.6188,52.2791,181.8979,6921.2603,538.1097,-85.625566529516,6913.266793046916,-183.49319783116178,5990.046441007817,-3452.525615264611,-183.49319783116178,-1.5297,-29.9582,7
3864,STARLINK-5044,satellite,2,133,53.2168,269.2857,103.7336,210.9935,314.7271,6918.0639,551.4791,-3005.540341898429,-4834.605740386517,-3939.1228625058097,-2625.430718021109,5051.1185846927365,-3939.1228625058097,-34.8477,117.4642,8
3865,STARLINK-5042,satellite,2,133,53.2177,269.2834,95.017,221.4617,316.4788,6908.1669,540.1719,-2912.40480993559,-4975.832056447175,-3812.0526128587453,-2794.409657614629,5043.042841017055,-3812.0526128587453,-33.6354,118.9914,9
3866,STARLINK-5045,satellite,2,133,53.2354,269.2242,48.7933,305.9636,354.7569,6924.1487,541.3995,-471.7181406701948,-6884.71424719971,-506.5411758074121,-5681.208973308503,3917.3553414811577,-506.5411758074121,-4.2241,145.4126,5
3867,STARLINK-5021,satellite,2,120,53.2319,219.3343,47.3721,302.2787,349.6508,6923.826,542.2773,-5736.906990531953,-3739.272365715577,-995.8503094038501,-290.1326901819708,6841.789434432072,-995.8503094038501,-8.3248,92.4282,4
3868,STARLINK-5022,satellite,2,133,53.1976,269.3971,91.2808,178.2249,269.5057,6911.9812,559.037,-4146.521541988633,103.3627860478133,-5543.440416642131,2203.877972150773,3513.8649159556417,-5543.440416642131,-53.3644,57.9043,4
3869,STARLINK-4787,satellite,2,133,53.2336,269.2012,64.9777,309.8079,14.7855,6923.4503,539.7449,963.2435782108254,-6702.027942859225,1414.0916156622475,-6255.988774395778,2589.9075644633085,1414.0916156622475,11.8678,157.511,5
3870,STARLINK-5003,satellite,2,130,53.2033,259.8234,121.6291,307.8258,69.4549,6913.4956,544.4437,3386.508097320034,-3071.8822679714394,5181.754040878238,-4369.566314344143,-1346.0267404626288,5181.754040878238,48.7518,-162.8788,6
3871,STARLINK-5054,satellite,3,211,53.2262,259.2867,68.5369,261.1953,329.7322,6921.1448,547.1404,-3163.5407898897324,-5485.728451635142,-2794.603680805089,-3104.897352248999,5519.132124380843,-2794.603680805089,-23.9434,119.3608,7
3872,STARLINK-5057,satellite,2,130,53.2024,259.7157,56.2684,53.3306,109.599,6913.3468,544.6701,4250.765638755531,1584.6164770189157,5213.115228099657,-805.1513656190449,-4464.498759469683,5213.115228099657,49.1453,-100.2231,80
3873,STARLINK-4796,satellite,2,130,53.2135,259.8735,104.0483,305.2924,49.3407,6917.1871,542.3035,2299.374565101337,-4985.875116236742,4199.634053117972,-5461.364256224627,565.3092305771474,4199.634053117972,37.5831,174.0903,4
3874,STARLINK-5048,satellite,2,130,53.1972,259.7692,84.0051,5.4327,89.4379,6911.9932,545.4837,4061.400970557591,-801.9000338498198,5532.499694180059,-2761.3007654001376,-3084.3539989656015,5532.499694180059,53.3635,-131.8368,27
3875,STARLINK-5059,satellite,2,130,53.2352,259.2383,59.7947,309.977,9.7717,6923.8929,539.8117,-582.5831252819155,-6828.506314858375,940.5418099903638,-5576.314614237843,3984.045295043897,940.5418099903638,7.8623,144.4558,5
3876,STARLINK-5053,satellite,2,130,53.2346,259.5809,133.2362,56.4831,189.7193,6923.8783,542.1163,545.7783235466852,6834.528632705786,-935.8483845822025,5600.2672751695845,-3955.459778128616,-935.8483845822025,-7.8202,-35.2335,10
3877,STARLINK-5040,satellite,3,211,53.2265,259.5606,113.3423,96.3876,209.7299,6921.2719,546.9794,-931.7962451636565,6283.491224779396,-2749.51432569125,5879.948900082544,-2403.4781352862037,-2749.51432569125,-23.5345,-22.2327,3
3878,STARLINK-5051,satellite,2,170,53.2184,239.2642,91.0267,308.8313,39.858,6919.1342,540.9646,-431.9835781939891,-5917.43323340897,3548.6819614434094,-4869.479557613429,3389.8074756049414,3548.6819614434094,31.0405,145.1569,7
3879,STARLINK-5036,satellite,2,130,53.2365,259.5964,121.1905,53.5111,174.7016,6921.872,538.2788,1619.5910651327074,6704.499895776863,511.6511557497117,4940.716352061619,-4812.765940620902,511.6511557497117,4.2687,-44.2484,6
3880,STARLINK-5012,satellite,2,130,53.2132,259.5201,71.609,158.162,229.771,6917.1031,552.7221,-2299.0436197029553,4972.194498136151,-4232.897072323499,5449.428217449635,-558.6159641972118,-4232.897072323499,-37.8651,-5.8529,4
3881,STARLINK-5023,satellite,2,130,53.2013,259.4733,75.6151,174.1298,249.745,6913.4757,557.3811,-3387.3391470866222,3067.354516242242,-5201.0671933814665,4366.095701829021,1349.050980566469,-5201.0671933814665,-48.8722,17.1703,4
3882,STARLINK-5025,satellite,2,130,53.2226,259.633,93.2062,51.2629,144.4692,6920.1174,540.5914,3378.9089910519438,5101.939251679782,3218.333899418345,2664.93464706171,-5508.623550809457,3218.333899418345,27.8874,-64.1835,39
3883,STARLINK-5002,satellite,2,130,53.2136,259.3169,107.3866,202.2727,309.6593,6916.9797,552.8707,-3955.2696189786266,-3750.0936977361316,-4268.321950709189,-1208.1811265527251,5314.852666448748,-4268.321950709189,-38.237,102.8069,8
3884,STARLINK-5004,satellite,2,130,53.1974,259.4178,89.9387,179.8082,269.7468,6912.0129,559.153,-4071.4240545867337,791.7567874718167,-5543.670281563384,2757.688527260315,3098.1489036829726,-5543.670281563384,-53.3662,48.3275,4
3885,STARLINK-5001,satellite,2,135,53.2085,254.5148,71.2124,166.0303,237.2428,6915.5795,554.7038,-2360.1960990363027,4540.949770165637,-4662.489524162645,5109.689073526718,-286.0559612299713,-4662.489524162645,-42.5115,-3.2042,4
3886,STARLINK-5011,satellite,2,130,53.2263,259.2109,80.0202,309.6687,29.6889,6921.2608,539.9966,889.5649651228877,-6284.6504682131945,2743.297079389433,-5859.405556770318,2440.3942009592497,2743.297079389433,23.5034,157.3887,5
3887,STARLINK-5014,satellite,2,135,53.2119,254.3309,106.902,199.8097,306.7116,6912.4358,549.7414,-4315.317979230332,-3085.2894844572743,-4442.087923682308,-452.710919421124,5285.454879970887,-4442.087923682308,-40.1163,94.8956,4
3888,STARLINK-5009,satellite,2,139,53.2046,249.5038,73.4391,171.2654,244.7045,6914.2409,556.3653,-2476.0074122733963,4083.7003740596188,-5012.427922560455,4775.461535708753,46.782172818938534,-5012.427922560455,-46.5622,0.5613,4
3889,STARLINK-5018,satellite,3,211,53.2322,259.9514,48.0547,296.0636,344.1183,6923.3142,543.4768,-2277.642797073119,-6356.510745143471,-1517.091303816297,-4305.751855283996,5201.287006588071,-1517.091303816297,-12.7389,129.6188,4
3890,STARLINK-4772,satellite,2,124,53.2281,244.6616,102.0025,50.1721,152.1746,6921.5924,539.9681,4363.6146268087805,4700.250469443238,2585.570250133053,1817.1681495079401,-6150.722478149603,2585.570250133053,22.0797,-73.5408,36
3891,STARLINK-4782,satellite,2,139,53.1985,249.4514,86.0401,178.712,264.7522,6912.0934,559.0863,-3645.108257250479,2042.666922598201,-5520.598188413983,3616.1991650305617,2093.419681426707,-5520.598188413983,-53.0487,30.0666,4
3892,STARLINK-4775,satellite,2,124,53.2351,244.6321,122.1618,50.059,172.2207,6924.0272,539.9461,3442.935016368694,5953.140790092497,750.128221677966,3364.429461433842,-5997.858050390723,750.128221677966,6.2634,-60.7103,10
3893,STARLINK-4791,satellite,3,197,53.2267,244.3046,60.9076,271.3214,332.229,6921.5739,546.3229,-4395.101685285488,-4681.524401165169,-2583.24429292204,-1785.0008578364325,6168.254330053799,-2583.24429292204,-22.0374,106.1397,8
3894,STARLINK-4633,satellite,2,152,53.2339,169.7469,50.9721,313.5129,4.4849,6924.0461,539.7131,-6844.084783949136,908.9559457009252,433.3436402469112,4272.717320153775,5423.244798381048,433.3436402469112,3.6137,51.7671,4
3895,STARLINK-4635,satellite,2,152,53.2178,169.6884,96.2087,308.2873,44.496,6918.2357,541.3982,-5370.518908052342,-1971.506678748708,3880.355951972952,1043.5123944873712,5624.979449620213,3880.355951972952,34.3129,79.4903,4
3896,STARLINK-4634,satellite,2,152,53.2057,169.6428,116.336,308.2728,64.6088,6914.2003,543.8661,-3587.309685709518,-3145.6467075177557,4999.50948354251,-875.9538865913477,4690.052108267895,4999.50948354251,46.5159,100.5792,4
3897,STARLINK-4629,satellite,2,152,53.2105,169.4863,70.2778,54.4667,124.7445,6916.004,543.0183,3252.4275270199196,-4062.9992569178476,4548.3752257807,-5153.675936592814,-725.1704081221703,4548.3752257807,41.3273,-171.9905,4
3898,STARLINK-4468,satellite,2,152,53.1973,169.5888,108.9694,335.7369,84.7063,6912.0555,545.3819,-1371.874240860139,-3938.7381722353334,5509.179918845819,-2688.1263033505043,3188.992677852126,5509.179918845819,53.0423,130.1288,6
3899,STARLINK-4567,satellite,2,125,53.2016,164.6443,115.1966,316.8524,72.0489,6913.1758,544.1977,-3096.3411360670616,-3233.0215839831503,5263.742749497012,-1201.5314898001059,4312.31713495433,5263.742749497012,49.7952,105.5693,4
3900,STARLINK-5156,satellite,2,152,53.2215,169.4456,92.3354,52.4969,144.8323,6920.1889,540.9384,5120.0168807638365,-3379.4523311074504,3189.851269923567,-5518.311560482299,-2680.2067903394404,3189.851269923567,27.6182,-154.0945,9
3901,STARLINK-5159,satellite,2,142,53.2198,149.1704,98.8159,215.9993,314.8151,6918.0674,551.2074,-2682.7982496967184,5025.230627894309,-3933.134585912268,5690.784266580068,-255.58510001086864,-3933.134585912268,-34.7887,-2.5715,4
3902,STARLINK-5137,satellite,2,125,53.2148,164.1426,105.4696,206.8928,312.3624,6917.5536,551.9904,-3650.1217044556506,4221.013040541533,-4096.618267574046,5492.437384285516,986.6464034611317,-4096.618267574046,-36.452,10.1838,4
3903,STARLINK-5134,satellite,2,142,53.2105,149.7306,108.72,305.8207,54.5406,6916.094,542.9163,-5162.649152418692,-890.772370001352,4508.69834574091,1867.068538818386,4894.943999422449,4508.69834574091,40.8911,69.1217,4
3904,STARLINK-5094,satellite,2,125,53.2249,164.7226,82.8037,309.1852,31.9889,6920.79,540.3121,-6235.192814368525,-570.1978029469971,2934.062375239168,2689.868109518567,5653.968917515685,2934.062375239168,25.2448,64.5573,5
3905,STARLINK-5148,satellite,2,125,53.2158,164.4803,77.944,54.369,132.3131,6917.5569,542.0956,3664.81862919746,-4194.482558288577,4094.0174025038673,-5477.113776447391,-1012.8199230613719,4094.0174025038673,36.4859,-169.5233,4
3906,STARLINK-5123,satellite,2,125,53.1995,164.5804,76.9374,15.203,92.1404,6912.0204,545.5522,-851.0270386986795,-4056.1258460117688,5529.136640501033,-3054.7589749267718,2800.866206084337,5529.136640501033,53.3161,137.4827,6
3907,STARLINK-5133,satellite,2,125,53.211,164.3336,68.839,163.5429,232.3819,6916.5617,553.4362,4955.54701280649,2020.8914766194493,-4391.550674573887,-789.3743451044783,-5293.2349938104335,-4391.550674573887,-39.5453,-98.4819,4
3908,STARLINK-5149,satellite,2,142,53.2106,149.3877,71.3935,163.4411,234.8346,6916.0764,554.1038,5157.5103883668535,886.5839592314599,-4532.40525214553,-1868.0500814187105,-4888.38760903737,-4532.40525214553,-41.0709,-110.9139,4
3909,STARLINK-5120,satellite,2,165,53.2005,159.6364,116.7321,322.9087,79.6408,6912.3709,545.1857,-2581.7728766617056,-3384.9063308844875,5442.9219295804705,-1594.6338163604032,3947.186979007683,5442.9219295804705,52.1415,111.9983,4
3910,STARLINK-5142,satellite,2,165,53.2314,159.7582,69.1097,310.3049,19.4146,6922.9122,539.7204,-6596.322539031058,965.7159868976462,1841.632071307465,4195.165441640287,5181.183776276026,1841.632071307465,15.5339,51.0032,4
3911,STARLINK-5147,satellite,3,224,53.2316,159.8071,50.7374,288.6375,339.3749,6922.7403,544.5018,-5575.484934436112,3605.45916011376,-1952.918564462196,5945.024596115998,2956.695885773186,-1952.918564462196,-16.4863,26.443,4
3912,STARLINK-5119,satellite,2,142,53.1977,149.2649,93.543,181.349,274.892,6912.0735,559.0509,1604.4935781070906,3853.7824079170564,-5523.547345052464,2496.402873544642,-3345.745235775721,-5523.547345052464,-53.0897,-53.2718,5
3913,STARLINK-5113,satellite,2,165,53.2193,159.7275,91.6262,307.9364,39.5626,6919.2338,540.9973,-5913.225975300781,-626.5052922851336,3526.8162420750596,2477.2136684953557,5405.752746551856,3526.8162420750596,30.8284,65.3801,5
3914,STARLINK-5118,satellite,2,142,53.2053,149.505,61.4617,53.1895,114.6512,6914.1568,544.1218,574.672020077608,-4704.4121608760015,5029.801003456815,-4339.566462180894,1905.2308601250636,5029.801003456815,46.8797,156.2967,6
3915,STARLINK-5108,satellite,2,165,53.2001,159.5787,61.42,38.2292,99.6492,6912.3469,545.2848,-338.40830078482935,-4228.393294022366,5454.840115170663,-3464.3988919411186,2447.809294959585,5454.840115170663,52.3015,144.7565,6
3916,STARLINK-5121,satellite,2,129,53.2159,154.3642,73.9017,153.4883,227.3899,6917.5845,551.8729,5545.196753281082,722.8362093847277,-4080.4548349337906,-2206.638961561251,-5138.33082931769,-4080.4548349337906,-36.2863,-113.2409,4
3917,STARLINK-5125,satellite,2,165,53.2322,159.4512,110.0762,49.8041,159.8803,6922.7786,539.7342,5581.1336915722,-3612.9337912180317,1905.7915483081417,-5954.335020649926,-2957.742099100136,1905.7915483081417,16.0892,-153.5847,9
3918,STARLINK-5097,satellite,2,165,53.208,159.5307,64.5219,55.2337,119.7556,6914.994,543.6989,1956.8948099481365,-4566.243853253135,4805.046921375465,-4925.737963512812,645.8527226718522,4805.046921375465,44.2225,172.5301,4
3919,STARLINK-5131,satellite,2,165,53.2363,159.429,129.728,50.0902,179.8183,6924.2372,540.4751,6472.818717655268,-2443.2561597490353,17.578741200994497,-5403.061520083847,-4321.320287130915,17.578741200994497,0.1465,-141.3475,4
3920,STARLINK-5130,satellite,2,142,53.2346,149.8115,46.8601,307.5432,354.4032,6924.1135,541.2272,-5749.204861369318,3811.8495772274714,-540.5849558653201,6211.156553100607,3000.8478818955878,-540.5849558653201,-4.5087,25.787,4
3921,STARLINK-5128,satellite,2,165,53.221,159.3748,84.4923,135.3149,219.8072,6919.2361,549.9079,5911.644454243675,610.1426976249877,-3549.6274507690905,-2490.4811094953893,-5396.04652575399,-3549.6274507690905,-31.0049,-114.7751,4
3922,STARLINK-5079,satellite,2,165,53.2207,159.4832,85.8035,53.976,139.7795,6919.1559,541.4401,4007.456476175576,-4353.733474099922,3575.8149457474824,-5788.857340680495,-1226.308795201797,3575.8149457474824,31.3016,-168.0393,9
3923,STARLINK-5088,satellite,2,142,53.2334,149.7911,63.4254,310.9229,14.3483,6923.5071,539.5437,-6307.276842177386,2485.0279217936054,1373.1319007413304,5354.554892136159,4157.625144606199,1373.1319007413304,11.5197,37.8281,4
3924,STARLINK-5109,satellite,2,142,53.2008,149.3372,78.8952,175.956,254.8513,6912.8204,558.1217,3597.842373813267,2520.715545059935,-5351.2454142904435,333.05375090232894,-4380.359780306063,-5351.2454142904435,-50.7898,-85.652,7
3925,STARLINK-5114,satellite,3,224,53.2314,159.4045,129.5157,70.4062,199.922,6922.8009,544.4508,6587.512780313886,-967.4892327567521,-1889.104023794914,-4192.197181322405,-5172.701696329637,-1889.104023794914,-15.9334,-129.0229,2
3926,STARLINK-5129,satellite,2,165,53.1989,159.2804,82.1867,177.7177,259.9044,6912.3653,558.6443,2579.744799308186,3389.7511314132657,-5457.923506457917,1599.8354591758682,-3947.9136852315664,-5457.923506457917,-52.2005,-67.9405,8
3927,STARLINK-5135,satellite,2,165,53.2081,159.3292,69.9062,169.9351,239.8413,6915.1086,555.5503,4519.955452297638,2126.586260269272,-4793.876156596797,-476.2846144645001,-4972.476181858048,-4793.876156596797,-43.9985,-95.4713,4
3928,STARLINK-5096,satellite,2,165,53.2211,159.14,95.0524,224.822,319.8744,6919.1575,549.8842,-3994.968762301304,4380.733102542061,-3573.192104881175,5805.711307975808,1201.7962123059094,-3573.192104881175,-31.2336,11.6952,4
3929,STARLINK-5132,satellite,2,165,53.1969,159.2242,95.1399,184.6696,279.8095,6912.4037,558.9327,346.83802790262104,4239.796765646182,-5462.776948714854,3469.907805715418,-2460.876480325338,-5462.776948714854,-52.2629,-35.3445,4
3930,STARLINK-5145,satellite,2,142,53.205,149.2136,106.5708,188.3409,294.9117,6914.104,556.4362,-580.2980913715895,4723.560254985763,-5028.209481624982,4358.906119671142,-1910.1583173193135,-5028.209481624982,-46.7518,-23.664,4
3931,STARLINK-5099,satellite,2,165,53.2079,159.1749,108.9378,190.9571,299.8949,6915.0237,555.0974,-1947.1187681041592,4586.391609697315,-4806.280051210453,4938.081479896823,-664.5380293898818,-4806.280051210453,-44.145,-7.6645,4
3932,STARLINK-5127,satellite,3,250,53.2286,149.1448,55.0606,279.7497,334.8103,6922.0368,545.5952,-4472.216783843677,4725.967709509742,-2359.6657794673997,6346.085912466101,1436.2058851784232,-2359.6657794673997,-20.0475,12.752,4
3933,STARLINK-5124,satellite,2,142,53.2241,149.7631,84.6731,309.7708,34.4439,6920.3212,540.336,-6105.137890473173,848.643833875933,3132.3208949201507,3843.933821072632,4818.410297772578,3132.3208949201507,27.0822,51.4185,5
3934,STARLINK-5126,satellite,2,142,53.2358,149.4608,125.0692,49.8187,174.8878,6924.133,540.1161,5747.28782458211,-3819.0988613564837,493.839617394638,-6216.414144835897,-2995.501398979533,493.839617394638,4.1188,-154.272,5
3935,STARLINK-5098,satellite,2,142,53.217,149.521,80.9542,53.7981,134.7523,6918.088,541.8216,2703.4582057899815,-5002.107863213769,3931.92954078053,-5681.433269657504,226.02068070655315,3931.92954078053,34.8307,177.7218,4
3936,STARLINK-5055,satellite,2,142,53.2287,149.4852,104.9889,49.8498,154.8388,6922.0327,539.9087,4498.723656760105,-4694.595066956446,2355.2429305564424,-6332.6211454048325,-1475.0073936616031,2355.2429305564424,20.0256,-166.8883,9
3937,STARLINK-5195,satellite,2,132,53.2299,289.8554,74.8099,309.558,24.368,6922.1586,539.7058,3746.0486255850883,-5344.825788334224,2285.6206180351483,-6508.00128485789,-495.94585307122577,2285.6206180351483,19.4105,-175.6422,5
3938,STARLINK-5189,satellite,2,139,53.2003,249.3904,100.8568,183.8254,284.6821,6912.8043,558.2317,-4372.83005045566,-230.31444216814592,-5362.869964635132,2032.299824183089,3878.7169034443154,-5362.869964635132,-50.9409,62.3472,4
3939,STARLINK-5176,satellite,2,132,53.2179,289.8212,97.3044,307.0831,44.3875,6918.2596,541.555,4399.06964543687,-3665.6844231145037,3872.9764224233595,-5396.78523556577,-1914.0964334243201,3872.9764224233595,34.2378,-160.4718,9
3940,STARLINK-5163,satellite,2,132,53.1992,289.7226,110.3451,334.0831,84.4282,6912.1575,545.4294,4104.4870201178255,758.7229908740801,5506.823559430614,-1440.9240357922574,-3917.4241790075234,5506.823559430614,53.0094,-110.1948,64
3941,STARLINK-5158,satellite,2,132,53.2054,289.7753,117.542,306.8084,64.3504,6914.343,543.8709,4523.403651924961,-1552.625787171276,4988.775810984523,-3642.6782066241003,-3098.8260545282515,4988.775810984523,46.3868,-139.6122,26
3942,STARLINK-5226,satellite,2,132,53.236,289.1818,56.0977,308.7281,4.8258,6924.0843,540.1582,2594.031172882617,-6396.489107875402,466.24832880682084,-6824.981083246235,1031.3601923607773,466.24832880682084,3.8883,171.4067,4
3943,STARLINK-5167,satellite,2,132,53.224,289.5752,93.7055,51.0234,144.7289,6920.167,540.5013,360.8411725533305,6119.410155828649,3197.9153752737234,5079.494683047762,-3431.635291221664,3197.9153752737234,27.6958,-34.0424,4
3944,STARLINK-5173,satellite,2,132,53.2109,289.6162,69.9698,54.7098,124.6796,6915.9588,542.8567,1886.052169447888,4847.159476518372,4551.854740523845,3207.233953415562,-4094.6059816225697,4551.854740523845,41.3669,-51.929,18
3945,STARLINK-5169,satellite,2,130,53.2344,259.2392,47.4244,302.3437,349.7681,6923.8563,542.2662,-1994.268780673068,-6552.801306390389,-984.706896850572,-4619.126609803795,5057.665696069812,-984.706896850572,-8.231,132.4052,4
3946,STARLINK-5209,satellite,2,135,53.2362,254.1976,49.8823,307.4059,357.2882,6924.2061,540.9267,-2070.613782966353,-6596.726405585717,-262.2494931243755,-4617.96784006761,5145.737433688526,-262.2494931243755,-2.1857,131.9059,4
3947,STARLINK-5170,satellite,2,132,53.2334,289.5453,115.0056,49.7606,164.7661,6923.4188,539.7136,-1207.5774211824819,6653.229618549305,1455.9481003278036,6338.640150297343,-2354.856392719085,1455.9481003278036,12.2244,-20.3804,4
3948,STARLINK-5172,satellite,2,124,53.1978,244.7689,78.7753,13.2457,92.021,6912.0073,545.4618,3846.0287787656666,-1542.9661061004208,5529.358401836854,-3288.8682301208087,-2521.116327457033,5529.358401836854,53.3201,-142.5277,19
3949,STARLINK-5187,satellite,2,132,53.2168,289.4674,77.5716,147.2371,224.8087,6918.1601,551.3017,-4391.079442996347,3656.982968246928,-3907.346514657785,5385.22529593572,1911.6620037985942,-3907.346514657785,-34.5281,19.544,4
3950,STARLINK-5151,satellite,3,219,53.2291,289.5052,124.4235,80.3852,204.8086,6922.0811,545.5659,-3736.368851184995,5341.5399021078565,-2326.2805700188933,6500.237706775951,489.2958954702353,-2326.2805700188933,-19.7523,4.3047,2
3951,STARLINK-5174,satellite,2,132,53.1994,289.3678,86.1672,178.6602,264.8274,6912.0963,559.1789,-4103.873774909797,-780.9502181799522,-5521.401630082739,1421.4927330949758,3928.2339051316535,-5521.401630082739,-53.0588,70.1066,4
3952,STARLINK-5222,satellite,2,132,53.2053,289.4192,73.4052,171.2904,244.6956,6914.2528,556.4081,-4519.444145960374,1544.4657249867,-5012.137047069414,3633.63983404308,3099.5824429380104,-5012.137047069414,-46.5584,40.465,4
3953,STARLINK-5181,satellite,2,132,53.2101,289.2635,108.944,195.8497,304.7937,6915.9806,554.2453,-1910.9013149897503,-4852.611763606741,-4553.027651515687,-3199.2491437031513,4118.760697156214,-4553.027651515687,-41.2969,127.8383,13
3954,STARLINK-5168,satellite,2,132,53.2233,289.2252,79.0155,245.7576,324.7732,6920.1328,548.4299,-395.2185438956204,-6126.18363102073,-3198.0567238972226,-5067.786319618295,3464.65949223224,-3198.0567238972226,-27.6626,145.641,16
3955,STARLINK-5146,satellite,3,203,53.2279,284.2307,63.4154,268.8584,332.2739,6921.5685,546.4985,-362.44022633251217,-6412.803618607399,-2579.5116477769125,-5331.038313113612,3582.658743531524,-2579.5116477769125,-22.0034,146.0974,15
3956,STARLINK-5192,satellite,3,219,53.233,289.1948,47.048,297.7115,344.7594,6923.3965,543.2563,1166.9239613947582,-6663.8602916251675,-1457.3116949160967,-6327.048337451374,2395.246303311979,-1457.3116949160967,-12.2296,159.2647,6
3957,STARLINK-5212,satellite,2,176,53.2356,284.2012,47.9529,304.3519,352.3048,6924.0116,541.755,1144.6687056483663,-6783.823149288015,-742.268021677726,-6418.881605038963,2475.5770856507575,-742.268021677726,-6.1959,158.9098,3
3958,STARLINK-5201,satellite,2,132,53.2211,289.8155,91.1053,308.0955,39.2008,6919.3429,540.888,4277.472984646831,-4153.4385738772935,3499.859757184347,-5754.300241218624,-1560.7228630562793,3499.859757184347,30.5684,-164.8249,9
3959,STARLINK-5171,satellite,2,149,53.1981,265.2202,94.6854,181.8211,276.5065,6912.1654,559.0612,-4171.934788299232,-438.4483566443297,-5508.133287433043,1750.8071861055942,3812.07962093481,-5508.133287433043,-52.878,65.3317,4
3960,STARLINK-5175,satellite,2,167,53.2208,279.8397,91.8292,307.5888,39.418,6919.2983,540.9602,3502.450317171632,-4813.215689320714,3516.0964759299804,-5926.492991066627,-557.5700162462847,3516.0964759299804,30.7249,-174.6254,5
3961,STARLINK-5160,satellite,2,176,53.2026,284.7685,122.7236,309.1486,71.8722,6913.2099,544.7144,4351.944643842871,-1076.2833943084847,5258.936802226097,-3145.503153767307,-3194.310260068169,5258.936802226097,49.7285,-134.5589,33
3962,STARLINK-5210,satellite,2,167,53.2078,279.7957,114.9342,304.518,59.4522,6915.1309,543.4802,4110.506569102563,-2855.0610302232176,4766.56198637383,-4552.351952868264,-2079.35793892035,4766.56198637383,43.7807,-155.4507,4
3963,STARLINK-5178,satellite,2,167,53.2078,279.6384,64.8776,54.7146,119.5922,6914.982,543.4561,2977.0776754700432,3967.3682908673704,4812.657645000527,1894.0033671895067,-4584.294262614128,4812.657645000527,44.3126,-67.552,53
3964,STARLINK-5183,satellite,2,167,53.1994,279.7436,119.702,319.8358,79.5378,6912.365,545.114,4224.115548354878,-547.7727040238925,5440.998955822386,-2625.70993862879,-3353.931188816055,5440.998955822386,52.1163,-128.0565,44
3965,STARLINK-5166,satellite,2,167,53.2165,279.6028,82.1457,52.356,134.5017,6918.0128,541.5149,2102.5938064390584,5269.881197458896,3948.698661715187,3460.3844502883576,-4496.4750645821705,3948.698661715187,35.0023,-52.4189,10
3966,STARLINK-5211,satellite,2,149,53.2093,264.6715,67.2159,54.9124,122.1283,6915.4636,543.2787,3831.596870487297,3334.263819688839,4687.340078787674,913.5899408307944,-4996.3790105662365,4687.340078787674,42.879,-79.6379,86
3967,STARLINK-5184,satellite,3,218,53.2322,279.2146,50.1587,289.6264,339.7851,6922.7642,544.3985,-372.9992333683627,-6640.000525554928,-1915.7205903664435,-5521.073578376777,3707.6248393834235,-1915.7205903664435,-16.164,146.117,8
3968,STARLINK-5153,satellite,2,167,53.199,279.6881,61.0432,38.5278,99.571,6912.3338,545.3562,3830.2511822974056,1819.4681565347253,5456.072652672086,-388.6589314618305,-4222.586023650612,5456.072652672086,52.3174,-95.2589,64
3969,STARLINK-5143,satellite,2,167,53.2199,279.4894,86.9897,132.786,219.7757,6919.2334,549.7985,-3492.5365888952215,4810.191010974438,-3547.1832879923845,5918.834757809217,550.5855942364099,-3547.1832879923845,-30.9818,5.3145,4
3970,STARLINK-5177,satellite,3,218,53.2318,279.5137,131.5344,68.2535,199.7878,6922.8466,544.2467,-2459.508932146015,6190.779975762998,-1876.8571348977553,6579.428267842721,-1042.1442145529911,-1876.8571348977553,-15.8279,-9.0006,4
3971,STARLINK-5221,satellite,2,167,53.235,279.1849,51.1956,308.6007,359.7963,6924.2263,540.5562,1089.829718377368,-6832.290745777691,-19.70293679177504,-6432.599357096182,2547.467597631766,-19.70293679177504,-0.1642,158.3952,4
3972,STARLINK-5213,satellite,2,167,53.1989,279.3314,97.0352,182.7564,279.7916,6912.3616,558.8038,-3842.0839165837456,-1824.5817108317951,-5463.111204715428,390.2959578679706,4235.372038775968,-5463.111204715428,-52.2688,84.735,4
3973,STARLINK-5193,satellite,2,167,53.2197,279.2372,93.7764,225.9961,319.7725,6919.1324,549.7686,-1793.635392525534,-5646.1127167019795,-3580.5937093035695,-3941.583049153042,4422.6281550287995,-3580.5937093035695,-31.306,131.7084,16
3974,STARLINK-5188,satellite,2,167,53.1995,279.3866,82.3285,177.4526,259.7811,6912.3989,558.8168,-4227.366859340653,546.1714038618713,-5456.007537649217,2625.9909586321246,3357.5445270361547,-5456.007537649217,-52.1728,51.9705,4
3975,STARLINK-5197,satellite,2,135,53.2217,254.5411,92.927,124.3003,217.2273,6919.7661,549.0461,-947.45341328019,5980.609948637704,-3354.2097395776073,5627.414900006302,-2235.5233998479266,-3354.2097395776073,-29.1342,-21.6657,3
3976,STARLINK-5217,satellite,3,218,53.2281,279.9073,56.97,277.1195,334.0895,6921.8566,545.7503,-712.3447964141475,-6444.178295225571,-2422.587157232495,-5179.552849762442,3899.628352311593,-2422.587157232495,-20.6051,143.0243,15
3977,STARLINK-5198,satellite,2,167,53.2318,279.1601,69.4073,310.3913,19.7987,6922.8305,539.5816,2420.280799831056,-6201.1012546018,1876.5775066210779,-6568.297334291516,1081.1503356119588,1876.5775066210779,15.8365,170.6529,4
3978,STARLINK-5185,satellite,2,167,53.2082,279.2806,108.5163,191.254,299.7704,6915.0266,555.6427,-2997.753485589873,-3973.1066919915174,-4812.65798500633,-1888.3933036448152,4605.005263521794,-4812.65798500633,-44.2142,112.2973,8
3979,STARLINK-5204,satellite,2,149,53.2057,264.3327,106.7882,190.2723,297.0605,6914.5502,556.1371,-3985.7444088097577,-2769.596256697282,-4937.23587363209,-349.27281453550097,4840.953461715604,-4937.23587363209,-45.6667,94.1267,4
3980,STARLINK-5179,satellite,2,167,53.2216,279.5843,86.9054,52.7586,139.664,6919.1351,541.1544,1764.3935681129192,5642.445465064145,3584.208243221588,3953.34376437182,-4395.6055976535945,3584.208243221588,31.3847,-48.0322,5
3981,STARLINK-5200,satellite,2,130,53.2026,259.3598,103.2585,186.4785,289.737,6913.4121,557.5658,-4268.072667615543,-1577.1513194697936,-5218.374148504244,820.400050659971,4475.577542332306,-5218.374148504244,-49.0885,79.6127,4
3982,STARLINK-5203,satellite,2,124,53.2103,244.1704,106.5663,305.8063,52.3726,6916.5809,542.6284,1112.308643970673,-5226.856816817639,4384.108551063719,-5063.168154768591,1709.2661991340362,4384.108551063719,39.5393,161.3459,6
3983,STARLINK-5290,satellite,2,164,53.2049,319.5252,106.0737,188.3665,294.4402,6914.093,556.6259,-271.5396710674561,-4731.1530479515795,-5047.331549063219,-3930.9492670365134,2646.730212184468,-5047.331549063219,-46.9815,146.0474,14
3984,STARLINK-5297,satellite,3,238,53.2312,319.739,130.9002,68.7392,199.6394,6922.8242,544.1976,-5873.912467430535,3149.9791583174324,-1863.3173087265836,5705.464072052216,3445.706907935065,-1863.3173087265836,-15.7109,31.1291,4
3985,STARLINK-5294,satellite,2,164,53.221,319.7172,84.2731,135.3539,219.627,6919.2363,549.9725,-5776.58220642,1430.7463053056272,-3536.271295771198,4177.040163666897,4238.899910211078,-3536.271295771198,-30.8754,45.4211,4
3986,STARLINK-5233,satellite,2,122,53.2242,274.5348,74.9904,252.0234,327.0138,6920.6358,547.8442,-1790.0474786279815,-5966.309415458802,-3018.5387949182664,-4218.826856081403,4582.861330559877,-3018.5387949182664,-25.9937,132.6316,16
3987,STARLINK-5269,satellite,2,164,53.2243,319.7176,100.1362,114.3415,214.4777,6920.3102,548.3194,-5869.815339910466,1899.7234876658652,-3138.632361270488,4627.980280394124,4079.8872507118012,-3138.632361270488,-27.1071,41.3984,4
3988,STARLINK-5273,satellite,2,164,53.2003,319.6124,82.2612,177.42,259.6813,6912.3819,558.7306,-3588.457887054197,-2304.281935864905,-5454.275978052941,-151.67734592555877,4261.893854831178,-5454.275978052941,-52.1504,92.0383,4
3989,STARLINK-5161,satellite,3,216,53.2343,309.7701,132.6547,61.9768,194.6315,6923.4703,543.1817,-5087.71956131143,4477.329954900948,-1400.3947834883813,6446.165684881801,2092.443983158602,-1400.3947834883813,-11.7452,17.9836,3
3990,STARLINK-5278,satellite,2,136,53.2365,309.795,125.1194,49.467,174.5864,6924.1397,539.9413,-4107.896120255996,5541.652601086807,522.8623792055041,6861.863412165525,706.7917647585704,522.8623792055041,4.3614,5.8809,5
3991,STARLINK-5279,satellite,2,164,53.1991,319.5575,97.3764,182.2816,279.658,6912.3352,558.8529,-1768.2841296312704,-3865.2397218874407,-5465.33772443619,-2422.714876963489,3492.4718317693137,-5465.33772443619,-52.2983,124.7489,4
3992,STARLINK-5280,satellite,2,136,53.2248,309.7423,99.2153,115.4384,214.6537,6920.2744,548.4027,-5452.363110118769,2871.8457985044206,-3152.703247954591,5251.215503780877,3224.9802337104106,-3152.703247954591,-27.2382,31.5557,4
3993,STARLINK-5243,satellite,2,164,53.2334,319.3862,69.6358,310.036,19.6718,6922.868,539.6169,5850.913876988182,-3181.5087284410943,1865.0803570505666,-5720.853250533989,-3409.842968662111,1865.0803570505666,15.7369,-149.2035,9
3994,STARLINK-5245,satellite,2,136,53.212,309.7037,70.7795,163.8767,234.6562,6916.0849,554.0509,-5160.1773100243245,920.8178585887777,-4522.51348526899,3424.027669964345,3968.7995558990424,-4522.51348526899,-40.9627,49.2145,4
3995,STARLINK-5282,satellite,2,136,53.2299,309.1218,104.7822,50.2694,155.0516,6922.0689,539.8216,-2601.675543851547,5966.214511699183,2336.6241345334506,6458.784083304047,-805.3194399388755,2336.6241345334506,19.861,-7.1073,4
3996,STARLINK-5155,satellite,2,136,53.202,309.654,79.0792,175.5557,254.635,6912.8597,558.1805,-4249.530741175053,-1139.5066176246808,-5345.88530128284,1187.3779692561225,4236.404183966331,-5345.88530128284,-50.7192,74.3429,4
3997,STARLINK-5117,satellite,2,136,53.2056,309.5438,106.4708,188.1615,294.6323,6914.1274,556.6685,-1069.5412554462341,-4625.100184651482,-5039.711973498805,-3432.70096076171,3279.0294797623137,-5039.711973498805,-46.8888,136.3116,12
3998,STARLINK-5242,satellite,2,136,53.2185,309.1477,80.9323,54.0056,134.9379,6918.1357,541.6922,-810.3578964899084,5636.578405428351,3919.3068090405704,5261.573022139367,-2177.9681755342467,3919.3068090405704,34.7038,-22.4866,7
3999,STARLINK-5248,satellite,2,135,53.1978,254.3247,72.0318,25.3007,97.3325,6912.1839,545.1349,4191.057565786889,-260.15916894013674,5487.455639921358,-2361.4607101867286,-3472.196657329124,5487.455639921358,52.7469,-124.2198,48
4000,STARLINK-5256,satellite,2,136,53.199,309.5982,93.4734,181.1623,274.6358,6912.0818,559.1447,-2828.6740915407026,-3066.1531518685806,-5525.764555049006,-1194.5274428243406,3996.9734118713864,-5525.764555049006,-53.1192,106.6392,4
4001,STARLINK-5154,satellite,2,136,53.2361,309.4402,49.7888,304.8713,354.6601,6924.1187,541.5005,4079.041189020048,-5565.520425614943,-515.8836966620396,-6867.675341629102,-669.7985007737914,-515.8836966620396,-4.3021,-174.4296,4
4002,STARLINK-5186,satellite,2,136,53.2172,309.497,102.5444,212.108,314.6524,6918.0381,551.5117,819.0226317625782,-5629.901631897779,-3944.234618381532,-5260.249595143985,2167.109746406979,-3944.234618381532,-34.8991,157.6094,19
4003,STARLINK-5164,satellite,2,136,53.2007,309.2803,121.8883,312.9416,74.8299,6912.8378,545.0491,4237.387739632723,1129.6333468133507,5340.596245017147,-1189.676707314304,-4220.923558452137,5340.596245017147,50.783,-105.7406,77
4004,STARLINK-5122,satellite,3,216,53.2309,309.4649,56.5388,278.0689,334.6076,6922.0225,545.737,2602.6749109047523,-5956.38320221246,-2377.5067954297233,-6450.837524216599,799.445294945732,-2377.5067954297233,-20.2051,172.9354,6
4005,STARLINK-5227,satellite,2,136,53.2233,309.3909,85.4788,309.2137,34.6925,6920.2575,540.3533,5428.472780439388,-2898.286961497848,3152.0509658831966,-5261.773103583379,-3190.94466350739,3152.0509658831966,27.2665,-148.7657,9
4006,STARLINK-5231,satellite,2,167,53.2313,279.2092,110.7416,49.2342,159.9758,6922.8191,539.5229,359.3579783083078,6641.065162467846,1897.0459651834096,5528.947162440807,-3696.434487943166,1897.0459651834096,16.0139,-33.7651,2
4007,STARLINK-5239,satellite,2,136,53.2065,309.195,60.4669,54.474,114.9408,6914.1672,544.1324,1067.0478565240048,4630.408838757026,5018.190228518449,3438.53892381976,-3279.592537424141,5018.190228518449,46.739,-43.6447,9
4008,STARLINK-5162,satellite,2,136,53.1984,309.9531,93.7753,355.4205,89.1958,6912.0282,545.4107,3235.0249144336117,2583.4858453804964,5532.250287969837,572.1033454086705,-4100.302802532977,5532.250287969837,53.3608,-82.057,57
4009,STARLINK-5235,satellite,2,136,53.211,309.3516,109.311,305.4354,54.7464,6916.0776,542.9077,5143.453761700612,-941.6672184133333,4520.195211150494,-3433.431023178985,-3943.780566671856,4520.195211150494,41.0175,-131.0426,53
4010,STARLINK-5240,satellite,2,136,53.2328,309.4264,64.5142,310.119,14.6332,6923.4312,539.5951,5058.235031459577,-4505.293241052446,1399.799703544663,-6455.179149178114,-2052.8202486759146,1399.799703544663,11.7464,-162.3587,9
4011,STARLINK-5238,satellite,3,205,53.227,299.7716,113.1314,96.4941,209.6255,6921.2405,546.9533,-4765.618884215197,4205.643094393522,-2740.750812552595,6048.1867210195505,1953.9689287936983,-2740.750812552595,-23.4552,17.9039,4
4012,STARLINK-5281,satellite,2,110,53.2146,299.7351,73.359,156.2724,229.6314,6917.115,552.6958,-4966.567317279061,2326.9703955526343,-4224.244702711808,4534.762138885753,3085.0469174019413,-4224.244702711808,-37.7745,34.2279,3
4013,STARLINK-4619,satellite,2,110,53.2347,299.8214,119.9538,49.658,169.6118,6923.8211,539.7156,-2735.9179135047666,6274.296575318365,999.2196804699455,6792.249127606138,-846.9924043471054,999.2196804699455,8.3563,-7.1081,4
4014,STARLINK-5268,satellite,2,110,53.2027,299.3308,121.4513,308.3305,69.7818,6913.4561,544.5382,4556.2428354975455,-179.38326640791246,5192.739920605283,-2478.2483004537876,-3827.5073472937706,5192.739920605283,48.8892,-122.9224,63
4015,STARLINK-5263,satellite,2,110,53.1997,299.6331,89.9421,179.6658,269.6079,6911.9288,559.2999,-3628.3781017806623,-2009.4688990047098,-5543.8784172781625,122.26460164214448,4145.85868943141,-5543.8784172781625,-53.3675,88.3108,4
4016,STARLINK-5271,satellite,2,110,53.2132,299.5308,107.9082,201.6863,309.5945,6916.9575,553.0442,-604.7864314571564,-5413.777699811559,-4272.396259547743,-4348.125958879393,3281.547844595714,-4272.396259547743,-38.2789,142.958,15
4017,STARLINK-5258,satellite,2,110,53.2031,299.686,75.3657,174.2517,249.6173,6913.513,557.3887,-4571.364714991005,169.67402420611535,-5196.925833539495,2477.610054036173,3845.4665584417658,-5196.925833539495,-48.8201,57.2066,4
4018,STARLINK-5237,satellite,2,110,53.2358,299.4662,47.0345,302.5683,349.6028,6923.8596,542.2562,2697.323323961009,-6293.580618809214,-1000.4590429013797,-6789.150564338168,890.0251312079774,-1000.4590429013797,-8.3636,172.5314,5
4019,STARLINK-5246,satellite,2,110,53.236,299.4432,59.7174,309.9045,9.6219,6923.9106,539.8923,3955.2607654075746,-5599.260384146216,926.2806328225442,-6833.5610579096265,-546.1207189466477,926.2806328225442,7.7423,-175.4308,4
4020,STARLINK-5244,satellite,3,205,53.2268,299.4928,68.0565,261.5554,329.6119,6921.1032,547.1019,1115.0289861084375,-6229.030682372935,-2804.642718216886,-5926.564798805335,2218.0943549287795,-2804.642718216886,-24.0349,159.481,11
4021,STARLINK-5250,satellite,2,110,53.2143,299.3773,103.0824,306.5699,49.6524,6917.1115,542.1381,4944.314708204497,-2352.169526631636,4219.0924094724505,-4545.086752758651,-3053.053524863205,4219.0924094724505,37.7883,-146.1097,4
4022,STARLINK-5199,satellite,2,110,53.2029,299.5714,103.9742,185.6318,289.606,6913.3751,557.4661,-2251.2112087165156,-3948.4678230281957,-5222.573297349465,-2247.9812225653477,3950.307643555562,-5222.573297349465,-49.1425,119.6427,5
4023,STARLINK-5205,satellite,2,110,53.1981,299.2757,91.7772,358.0696,89.8468,6911.9915,545.4928,3619.701033614165,2008.0784368546722,5532.816983614638,-119.03477405980239,-4137.685984203332,5532.816983614638,53.3678,-91.6479,55
4024,STARLINK-5247,satellite,2,110,53.2272,299.4144,80.285,309.3849,29.6699,6921.2413,540.0,4735.663138562266,-4227.3305347092,2741.7343827366644,-6051.561735821228,-1917.1409361772435,2741.7343827366644,23.4892,-162.4217,9
4025,STARLINK-5241,satellite,2,110,53.2269,299.1385,99.4168,50.6414,150.0582,6921.1831,540.102,-1112.9475131255047,6239.64717008492,2764.5466874122308,5934.634782411197,-2225.2997491385727,2764.5466874122308,23.696,-20.5545,4
4026,STARLINK-5249,satellite,2,110,53.2025,299.2201,59.2034,50.7332,109.9366,6913.4058,544.4103,2245.766850952633,3956.0183443496085,5201.937954070175,2257.252667469961,-3949.475950663337,5201.937954070175,49.0064,-60.2506,29
4027,STARLINK-5264,satellite,2,149,53.2178,264.4497,93.895,308.1484,42.0433,6918.7578,541.3194,2262.6299782559586,-5378.12506500445,3708.0692106797474,-5780.011929608368,796.9853994375572,3708.0692106797474,32.5975,172.1492,4
4028,STARLINK-5262,satellite,2,110,53.2147,299.1745,76.7745,53.2227,129.9972,6917.0515,542.1273,602.8918412298775,5424.9179158868865,4240.894057874341,4358.674449557691,-3285.6004031386756,4240.894057874341,38.0177,-37.0093,5
4029,STARLINK-5255,satellite,2,122,53.2015,274.6241,102.4849,184.5748,287.0597,6913.0468,557.8832,-3788.045162124811,-2344.143316289992,-5300.007255459515,-84.16235344641488,4453.898375116633,-5300.007255459515,-50.1269,91.0826,4
4030,STARLINK-5259,satellite,2,132,53.2019,289.239,60.9406,43.9353,104.8759,6912.7973,544.6143,3192.3518054751153,2993.024283498226,5347.68077663054,946.129256265969,-4272.486845148607,5347.68077663054,50.8803,-77.5135,63
4031,STARLINK-5464,satellite,2,148,53.2084,344.8024,72.2461,169.8523,242.0984,6914.6547,555.921,-4087.1210430641013,-2686.9395537685705,-4899.815952426652,-226.46844960667235,4885.991672894683,-4899.815952426652,-45.2272,92.6538,4
4032,STARLINK-5215,satellite,2,148,53.2207,344.84,81.3042,140.8246,222.1289,6918.6792,550.5106,-5682.375436298735,-1340.9085278912655,-3719.267877826564,1744.9799350087442,5571.577093215137,-3719.267877826564,-32.6591,72.6098,4
4033,STARLINK-5220,satellite,2,174,53.212,349.8028,71.2366,163.3795,234.6161,6916.0674,553.9891,-4543.8437291659975,-2616.9986486237876,-4520.2361394976415,66.64609129578818,5243.162791721699,-4520.2361394976415,-40.9382,89.2717,4
4034,STARLINK-5202,satellite,2,174,53.2248,349.8401,99.2439,115.3613,214.6053,6920.2708,548.3791,-6023.258094241209,-1311.5959124059293,-3148.841362042018,1944.0632126244755,5849.83248756769,-3148.841362042018,-27.2022,71.6169,4
4035,STARLINK-5214,satellite,2,174,53.2055,349.6458,105.8823,188.6457,294.5279,6914.0294,556.469,2149.2531824359826,-4227.587254659073,-5043.744614047827,-4732.560283313869,307.6628069286005,-5043.744614047827,-46.9394,176.2804,8
4036,STARLINK-5191,satellite,2,174,53.2024,349.7515,78.5925,175.9725,254.565,6912.8789,558.2954,-2524.546360580468,-3606.000501045885,-5344.212839238281,-1813.994509631242,4010.7353265069696,-5344.212839238281,-50.6962,114.3365,4
4037,STARLINK-5458,satellite,2,174,53.236,349.5268,59.6111,309.8058,9.4169,6923.9026,539.8554,6833.84674789716,-574.365762650795,906.7278287655023,-3979.701155813335,-5585.099472119366,906.7278287655023,7.578,-125.472,3
4038,STARLINK-5471,satellite,3,214,53.2307,349.5663,58.0969,276.4603,334.5571,6921.9818,545.8444,5824.469220186697,-2882.395260705451,-2381.9466478070212,-5450.085666125958,-3539.662465225724,-2381.9466478070212,-20.2441,-146.9975,2
4039,STARLINK-5472,satellite,2,174,53.2376,349.5404,49.9186,304.6599,354.5785,6924.1417,541.4179,6702.979322154827,-1635.3276822923167,-523.7441092924554,-4825.5260405852605,-4931.38184014788,-523.7441092924554,-4.3678,-134.3784,3
4040,STARLINK-5444,satellite,2,154,53.2288,334.9587,102.5587,49.25,151.8087,6921.5005,539.8651,-4694.047879831333,4351.407144204145,2616.7532773415683,6137.058654762342,1818.0595976993036,2616.7532773415683,22.3604,16.5015,5
4041,STARLINK-5448,satellite,2,154,53.2008,334.7838,80.4333,176.5603,256.9936,6912.637,558.4878,-3131.3063545060554,-2991.98727293746,-5401.7552969111075,-976.374078386771,4219.450318020598,-5401.7552969111075,-51.4511,103.0288,4
4042,STARLINK-5451,satellite,2,148,53.2005,344.3974,114.2131,328.0549,82.2681,6912.2106,545.3265,1998.5666513569734,3700.373992064379,5482.769019770853,2163.4496611846803,-3606.4555874962034,5482.769019770853,52.6808,-59.0412,23
4043,STARLINK-5452,satellite,2,154,53.2006,334.7277,95.3922,181.6649,277.0571,6912.1821,559.0134,-987.9691809720721,-4085.144254241982,-5502.006616160192,-3009.870244255826,2933.4566288357287,-5502.006616160192,-52.7948,135.7366,4
4044,STARLINK-5453,satellite,2,174,53.2248,349.4881,86.7488,307.9022,34.651,6920.2612,540.5348,6021.771680733963,1276.3646539850185,3148.90517299111,-1973.6088429937054,-5830.583936424282,3148.90517299111,27.2363,-108.7006,68
4045,STARLINK-5454,satellite,2,154,53.2312,334.2564,107.4825,49.9987,157.4812,6922.4437,539.659,-5065.7666406567105,4202.887136128884,2121.718965100525,6198.909346216423,2213.543506240323,2121.718965100525,17.97,19.6509,4
4046,STARLINK-5465,satellite,2,174,53.2123,349.4462,107.832,306.8657,54.6977,6916.0485,542.6051,4545.260740781793,2589.2067988749222,4517.366116471525,-91.2737128157431,-5230.2061296263655,4517.366116471525,40.9886,-90.9998,116
4047,STARLINK-5470,satellite,2,174,53.2375,349.1888,124.0809,50.9739,175.0548,6924.1333,540.1648,-6703.158990088543,1643.4362111140583,477.7654433343415,4832.592146025831,4927.400549638241,477.7654433343415,3.9845,45.5566,4
4048,STARLINK-5468,satellite,2,174,53.2021,349.3971,125.0531,309.7271,74.7802,6912.8794,545.1681,2518.119362040578,3592.166003202574,5339.535114043978,1805.373064517949,-3998.1507993022315,5339.535114043978,50.7679,-65.6983,35
4049,STARLINK-5450,satellite,2,154,53.2213,334.6319,99.5227,217.5364,317.0591,6918.568,550.802,3369.342140127597,-4722.46011650581,-3777.2517621248767,-5780.53750377285,-489.3691619863596,-3777.2517621248767,-33.2309,-175.161,8
4050,STARLINK-5447,satellite,2,154,53.2073,334.6747,106.8611,190.2177,297.0788,6914.5167,556.044,1269.4325911445173,-4685.2632587258695,-4936.46866896103,-4677.464780283963,1297.8729276125368,-4936.46866896103,-45.6584,164.4921,13
4051,STARLINK-5449,satellite,2,154,53.2218,334.5143,88.6346,308.5135,37.1481,6919.7539,540.7208,6050.208036887736,-114.77105579917382,3344.0934796773463,-3184.6835384412757,-5145.481556166669,3344.0934796773463,29.0765,-121.7545,44
4052,STARLINK-5443,satellite,3,189,53.2318,334.5912,54.1045,282.9048,337.0093,6922.3997,545.2506,5060.891082266851,-4195.478070709899,-2165.534446236621,-6190.049694460076,-2213.128909144363,-2165.534446236621,-18.3385,-160.3265,4
4053,STARLINK-5439,satellite,2,154,53.2373,334.5715,50.5917,306.4774,357.0692,6924.2009,541.0604,6149.7531452687435,-3158.322834373365,-283.42050931657326,-5853.335878970657,-3678.712541341307,-283.42050931657326,-2.3621,-147.8514,4
4054,STARLINK-5442,satellite,2,174,53.1988,349.3451,68.2196,26.6191,94.8387,6912.0106,545.2599,189.79233442220485,4161.125756564446,5513.058377548849,3482.3423858003976,-2285.6684361926737,5513.058377548849,53.0971,-33.2793,7
4055,STARLINK-5440,satellite,2,158,53.1999,294.454,66.7796,30.4547,97.2343,6912.1973,545.2108,3377.655021125976,2491.892720546362,5488.869684732017,420.57069863052953,-4176.266641379942,5488.869684732017,52.7654,-84.2494,60
4056,STARLINK-5441,satellite,2,174,53.2073,349.2919,60.7963,54.1217,114.918,6914.1451,543.9757,-2163.5048087012065,4229.376935591602,5019.05385924149,4741.368831685967,-296.3172666320665,5019.05385924149,46.7509,-3.5761,19
4057,STARLINK-5399,satellite,2,154,53.2091,334.4821,110.7174,306.4112,57.1286,6915.6151,543.05,4882.980275702627,1521.3881237846053,4648.715723318242,-1182.003466043485,-4976.041197815281,4648.715723318242,42.4451,-103.3623,112
4058,STARLINK-5446,satellite,2,164,53.2098,319.3792,113.7242,305.986,59.7102,6915.1074,543.0033,4972.488044449542,443.3145086647611,4778.937280699908,-2154.951193999449,-4503.148949042954,4778.937280699908,43.9268,-115.5731,83
4059,STARLINK-5445,satellite,2,154,53.1992,334.3761,65.7705,31.5283,97.2988,6912.1899,545.2494,984.0354153182407,4081.564643748584,5488.065926566366,3008.7977341342435,-2928.2472291061235,5488.065926566366,52.754,-44.2227,8
4060,STARLINK-5425,satellite,2,154,53.2337,334.5477,67.3833,309.6099,16.9932,6923.238,539.5703,6492.540826882361,-1750.1758540063809,1619.3169673758894,-4816.975367862975,-4691.796054186777,1619.3169673758894,13.6209,-135.7542,4
4061,STARLINK-5431,satellite,2,174,53.2316,349.2117,104.8168,50.1823,154.9991,6922.0557,539.7511,-5829.220164814855,2891.6897595642004,2341.250836786997,5460.5034928468785,3539.008194404136,2341.250836786997,19.9021,32.9477,4
4062,STARLINK-5433,satellite,2,121,53.2359,324.6127,62.5967,309.4268,12.0236,6923.6841,539.7302,6015.0771376483635,-3214.793220672791,1154.366361892089,-5833.215535878873,-3534.0691752603143,1154.366361892089,9.6651,-148.7903,9
4063,STARLINK-5436,satellite,2,154,53.2001,334.4308,118.6304,318.6308,77.2611,6912.5139,544.8435,3116.9736291817726,2984.28642543123,5396.7960619231435,977.0608157722183,-4203.194289621909,5396.7960619231435,51.5271,-76.9136,61
4064,STARLINK-5415,satellite,2,154,53.2073,334.3209,63.352,53.9224,117.2744,6914.612,543.7627,-1259.997736572547,4687.991252311802,4919.109605920164,4674.998900080041,-1307.3796549473782,4919.109605920164,45.5568,-15.6238,14
4065,STARLINK-5435,satellite,2,174,53.2147,349.4566,102.6073,306.7779,49.3851,6917.2205,541.9902,4998.606514409255,2265.6420162620975,4202.299219464809,-600.8176880236811,-5455.109434053978,4202.299219464809,37.613,-96.2851,113
4066,STARLINK-5420,satellite,2,121,53.2172,324.3317,79.023,53.3871,132.4101,6917.5534,541.8744,-2005.4971399867154,5201.1406477923765,4087.656212614649,5496.627703021311,-927.8829187950699,4087.656212614649,36.4216,-9.5817,13
4067,STARLINK-5421,satellite,2,121,53.2269,324.5755,83.4046,308.6563,32.0609,6920.8031,540.3751,6048.847730737127,-1606.1263773966627,2940.0561070867225,-4466.762996168945,-4383.631958304533,2940.0561070867225,25.2997,-135.5382,5
4068,STARLINK-5428,satellite,2,114,53.1998,339.3647,92.9013,356.9075,89.8088,6911.9817,545.2892,1480.2590638566107,3865.384610009624,5532.765413516751,2569.7493438348324,-3244.804060230656,5532.765413516751,53.3693,-51.6222,12
4069,STARLINK-5429,satellite,3,214,53.2363,349.1602,132.8308,62.23,195.0609,6923.4144,543.2257,-6765.884892494003,199.7097098562914,-1440.5892956806063,3622.7801962895614,5717.739587989438,-1440.5892956806063,-12.0872,57.6415,2
4070,STARLINK-5426,satellite,2,158,53.2003,294.0565,80.8943,176.6347,257.529,6912.5701,558.4842,-4307.209924776367,-285.4711909155683,-5413.101344019193,1951.3871872647833,3850.407664431603,-5413.101344019193,-51.6019,63.1241,4
4071,STARLINK-5430,satellite,2,174,53.2189,349.2295,81.4844,53.504,134.9884,6918.0421,541.6053,-4253.984192064209,3789.122621371103,3915.83886862126,5428.95710424691,1726.3419436384581,3915.83886862126,34.6693,17.64,9
4072,STARLINK-5422,satellite,2,154,53.211,334.1301,71.8116,165.7412,237.5528,6915.488,554.674,-4868.72678836962,-1527.4409932147914,-4678.74210207896,1169.5270325263054,4966.8685353783185,-4678.74210207896,-42.6945,76.7502,4
4073,STARLINK-5417,satellite,2,154,53.2198,334.2791,85.516,51.9218,137.4378,6918.6345,541.1477,-3372.1962691724866,4732.017287039906,3745.091978424583,5790.213776426353,486.9493874601439,3745.091978424583,32.9644,4.8072,12
4074,STARLINK-5412,satellite,3,189,53.2354,334.1946,133.5928,63.8732,197.4659,6923.1707,543.5355,-6484.24701224863,1754.4627320175036,-1663.9609731296503,4816.432343338973,4682.475656736708,-1663.9609731296503,-13.9956,44.192,4
4075,STARLINK-5410,satellite,2,154,53.2379,334.2203,126.2671,51.2457,177.5128,6924.2283,540.3988,-6145.913736900041,3167.9122757537675,240.52919961063947,5859.625808516007,3670.5189323120467,240.52919961063947,2.0047,32.0634,4
4076,STARLINK-5413,satellite,2,164,53.2209,319.7398,96.9244,222.4982,319.4226,6919.068,550.395,2270.069227190384,-5455.480349038847,-3606.717373053448,-5850.342705593854,830.042385719276,-3606.717373053448,-31.557,171.9248,10
4077,STARLINK-5414,satellite,2,154,53.2232,334.1685,90.5822,126.9125,217.4948,6919.5924,549.2141,-6042.564433411947,122.53308633769507,-3374.900339639102,3187.4612753162223,5134.947897256794,-3374.900339639102,-29.3303,58.1705,3
4078,STARLINK-5408,satellite,2,138,53.2005,329.3491,58.4932,46.3344,104.8277,6912.7275,544.7123,518.623543388755,4343.860451924567,5348.848585471765,3471.7962824998644,-2661.7145937105156,5348.848585471765,50.8946,-37.4762,5
4079,STARLINK-5424,satellite,2,138,53.2211,329.6116,95.2742,224.0742,319.3484,6919.0423,550.078,3164.5244314374463,-4985.829676022978,-3612.000065401985,-5902.602844877489,-178.8633308424688,-3612.000065401985,-31.61,-178.2643,9
4080,GW-Aerzen - Germany,gateway,-1,-1,0.0,0.0,0.0,0.0,0.0,0.0,0.0,-2523.225895561496,3013.886082373383,5006.151327231624,3879.356462935868,633.065297606657,5006.151327231624,52.0489,9.2683,85
4081,GW-Akita - Japan,gateway,-1,-1,0.0,0.0,0.0,0.0,0.0,0.0,0.0,-787.9618254200425,-4849.028597460989,4054.1213253712945,-3768.9327717185865,3151.048704729812,4054.1213253712945,39.72,140.1024,130
4082,GW-Akron - OH,gateway,-1,-1,0.0,0.0,0.0,0.0,0.0,0.0,0.0,3735.209889378299,3040.708599377157,4167.240395121281,710.2546338642912,-4763.742232647558,4167.240395121281,41.0575,-81.5199,144
4083,GW-Alfouvar de Cima - Portugal,gateway,-1,-1,0.0,0.0,0.0,0.0,0.0,0.0,0.0,-1851.7295732143766,4488.679686238757,4121.769842280612,4805.381477106525,-696.747154605368,4121.769842280612,40.5167,-8.25,142
4084,GW-Anchorage - AK,gateway,-1,-1,0.0,0.0,0.0,0.0,0.0,0.0,0.0,2686.7446204450657,-1503.5730158258802,5567.084492090704,-2663.6811020846476,-1544.06329397708,5567.084492090704,61.2181,-149.9003,28
4085,GW-Angeles - Philippines,gateway,-1,-1,0.0,0.0,0.0,0.0,0.0,0.0,0.0,-2961.3268399970384,-5399.232915181903,1655.592340791762,-3133.640235013455,5301.082116245261,1655.592340791762,15.145,120.5887,87
4086,GW-Ashburn - VA,gateway,-1,-1,0.0,0.0,0.0,0.0,0.0,0.0,0.0,3617.1397425048585,3397.061885557633,3993.671395436735,1076.990861368146,-4843.946743683914,3993.671395436735,39.0157,-77.4649,139
4087,GW-Awarua - NZ,gateway,-1,-1,0.0,0.0,0.0,0.0,0.0,0.0,0.0,1434.4603275511129,-4155.164688706784,-4605.929432412995,-4305.680097218514,885.5444212517859,-4605.929432412995,-46.5294,168.3781,117
4088,GW-Ballinspittle - Ireland,gateway,-1,-1,0.0,0.0,0.0,0.0,0.0,0.0,0.0,-1491.0836467330175,3674.492313500046,4978.7896528558485,3921.116152393403,-591.6690992143409,4978.7896528558485,51.6508,-8.5808,104
4089,GW-Bandon - OR,gateway,-1,-1,0.0,0.0,0.0,0.0,0.0,0.0,0.0,4643.372218390001,-301.49618106081516,4347.578624070986,-2627.7235609353374,-3840.165933005453,4347.578624070986,43.2476,-124.3828,124
4090,GW-Banning - CA,gateway,-1,-1,0.0,0.0,0.0,0.0,0.0,0.0,0.0,5286.509733432861,352.83251277120814,3539.0036036489396,-2392.9479734046517,-4727.100161867464,3539.0036036489396,33.9191,-116.8494,138
4091,GW-Bastrop - TX,gateway,-1,-1,0.0,0.0,0.0,0.0,0.0,0.0,0.0,5070.839617488919,2179.7448523672915,3185.5204015573986,-711.544373685221,-5473.427322253744,3185.5204015573986,30.1579,-97.4069,128
4092,GW-Baxley - GA,gateway,-1,-1,0.0,0.0,0.0,0.0,0.0,0.0,0.0,4257.848200269191,3364.972295934442,3339.63397536852,722.5900830006675,-5378.677664713789,3339.63397536852,31.7791,-82.3485,131
4093,GW-Beekmantown - NY,gateway,-1,-1,0.0,0.0,0.0,0.0,0.0,0.0,0.0,3088.3170957722796,3322.538181036976,4468.678500613651,1282.6209670556327,-4351.074109154784,4468.678500613651,44.7629,-73.5754,131
4094,GW-Bellingham - WA,gateway,-1,-1,0.0,0.0,0.0,0.0,0.0,0.0,0.0,4211.114248217307,-133.1433567071793,4772.412698746351,-2262.4395167145235,-3554.233784964437,4772.412698746351,48.7519,-122.4787,104
4095,GW-Big Ivy - TN,gateway,-1,-1,0.0,0.0,0.0,0.0,0.0,0.0,0.0,4397.46397521602,2813.0282493248687,3652.3841482225275,176.62901296094083,-5217.242522310311,3652.3841482225275,35.1599,-88.061,136
4096,GW-Bluffdale - UT,gateway,-1,-1,0.0,0.0,0.0,0.0,0.0,0.0,0.0,4801.57314317968,740.1974145095872,4118.653973424939,-1812.4138220239636,-4507.56619468728,4118.653973424939,40.4798,-111.9042,137
4097,GW-Boca Chica - TX,gateway,-1,-1,0.0,0.0,0.0,0.0,0.0,0.0,0.0,5257.7445350319485,2286.23877742232,2785.243981303388,-715.2773436182334,-5688.509792973399,2785.243981303388,26.0621,-97.1668,102
4098,GW-Boise - ID,gateway,-1,-1,0.0,0.0,0.0,0.0,0.0,0.0,0.0,4614.183740379303,353.2417081032371,4374.493341273842,-2049.6699309488517,-4149.014879280208,4374.493341273842,43.5811,-116.29,127
4099,GW-Boorowa - Australia,gateway,-1,-1,0.0,0.0,0.0,0.0,0.0,0.0,0.0,-56.79947615973109,-5265.554218972,-3586.731514629568,-4500.138924380216,2734.5999844042854,-3586.731514629568,-34.4392,148.7142,130
4100,GW-Brewster - WA,gateway,-1,-1,0.0,0.0,0.0,0.0,0.0,0.0,0.0,4267.251071436382,66.07993067338793,4724.027075217828,-2119.7128462500937,-3704.134948048609,4724.027075217828,48.0962,-119.7806,106
4101,GW-Bridgewater - CT,gateway,-1,-1,0.0,0.0,0.0,0.0,0.0,0.0,0.0,3241.2139119784497,3514.115478019459,4207.94739869386,1369.417693438839,-4580.302435096969,4207.94739869386,41.5454,-73.3544,142
4102,GW-Broadview - IL,gateway,-1,-1,0.0,0.0,0.0,0.0,0.0,0.0,0.0,3997.9947036940944,2577.951654025233,4234.38260664759,178.18338777381095,-4753.740323322143,4234.38260664759,41.8642,-87.8534,138
4103,GW-Broken Hill - Australia,gateway,-1,-1,0.0,0.0,0.0,0.0,0.0,0.0,0.0,-741.1725580725237,-5366.020092665611,-3355.7753477215288,-4237.482762441892,3374.4997012503422,-3355.7753477215288,-31.9505,141.4681,132
4104,GW-Brooklyn Park - MN,gateway,-1,-1,0.0,0.0,0.0,0.0,0.0,0.0,0.0,4004.990931398611,2065.5346201778407,4498.650132933382,-266.13512193607374,-4498.395016515379,4498.650132933382,45.144,-93.3858,134
4105,GW-Bulla Bulling - Australia,gateway,-1,-1,0.0,0.0,0.0,0.0,0.0,0.0,0.0,-2592.7994249801623,-4812.226881023068,-3275.391970336726,-2816.704095764341,4684.689365317923,-3275.391970336726,-31.1,121.0167,122
4106,GW-Burbank - CA,gateway,-1,-1,0.0,0.0,0.0,0.0,0.0,0.0,0.0,5276.471028646066,214.13646988143356,3564.826113836498,-2507.1255540294674,-4647.722280882001,3564.826113836498,34.2001,-118.3438,135
4107,GW-Butte - MT,gateway,-1,-1,0.0,0.0,0.0,0.0,0.0,0.0,0.0,4393.380480806462,627.8505528866924,4565.540937191646,-1700.8453362866144,-4099.160097864369,4565.540937191646,46.0038,-112.5348,121
4108,GW-Cabo San Lucas - Mexico,gateway,-1,-1,0.0,0.0,0.0,0.0,0.0,0.0,0.0,5775.644284967533,1096.65260195554,2465.5524127373988,-2002.6466886057208,-5527.216304476469,2465.5524127373988,22.8905,-109.9167,107
4109,GW-Cal-Nev-Ari - NV,gateway,-1,-1,0.0,0.0,0.0,0.0,0.0,0.0,0.0,5184.731917370178,526.0310436061587,3664.9629290919297,-2192.060399212137,-4727.898573366433,3664.9629290919297,35.2987,-114.8745,137
4110,GW-Calais - ME,gateway,-1,-1,0.0,0.0,0.0,0.0,0.0,0.0,0.0,2684.1839824948765,3616.916846026946,4500.79740573565,1741.959444446185,-4153.613898385393,4500.79740573565,45.1714,-67.2476,133
4111,GW-Caldera - Chile,gateway,-1,-1,0.0,0.0,0.0,0.0,0.0,0.0,0.0,3664.6051309016148,4344.323956723022,-2884.7987214764667,1867.5580190351716,-5367.933350175414,-2884.7987214764667,-27.0667,-70.8167,123
4112,GW-Calrossie - Australia,gateway,-1,-1,0.0,0.0,0.0,0.0,0.0,0.0,0.0,-361.1852836413342,-5123.775741450902,-3768.4729957842665,-4222.934896423304,2924.09875318364,-3768.4729957842665,-36.45,145.3,127
4113,GW-Calverton - NY,gateway,-1,-1,0.0,0.0,0.0,0.0,0.0,0.0,0.0,3238.1622748031727,3579.9971647287666,4154.782582673207,1427.6416357976982,-4611.281164401205,4154.782582673207,40.9089,-72.7976,143
4114,GW-Camaçari - Brazil,gateway,-1,-1,0.0,0.0,0.0,0.0,0.0,0.0,0.0,829.3463513725915,6167.598960854918,-1393.004502519905,4881.978377000174,-3859.194143726957,-1393.004502519905,-12.6996,-38.3263,79
4115,GW-Canyonleigh - Australia,gateway,-1,-1,0.0,0.0,0.0,0.0,0.0,0.0,0.0,79.66169326844258,-5259.346849407886,-3595.335677230786,-4564.403000815915,2614.0582460790197,-3595.335677230786,-34.5333,150.2,132
4116,GW-Cass County - ND,gateway,-1,-1,0.0,0.0,0.0,0.0,0.0,0.0,0.0,4003.970523301368,1734.1477388147396,4636.454062895554,-550.653527326215,-4328.490386306258,4636.454062895554,46.93,-97.25,126
4117,GW-Cataby - Australia,gateway,-1,-1,0.0,0.0,0.0,0.0,0.0,0.0,0.0,-3051.871536487169,-4559.016311004262,-3242.104488385175,-2364.7537709288513,4950.402933307676,-3242.104488385175,-30.75,115.5333,124
4118,GW-Centennial - CO,gateway,-1,-1,0.0,0.0,0.0,0.0,0.0,0.0,0.0,4735.268878582047,1341.8096040413377,4043.1714145195974,-1261.1244436555373,-4757.393141582874,4043.1714145195974,39.5919,-104.8469,139
4119,GW-Chalfont Grove - UK,gateway,-1,-1,0.0,0.0,0.0,0.0,0.0,0.0,0.0,-1990.299239342551,3433.297889014949,4976.434783037542,3968.2848736111105,-39.25071606089162,4976.434783037542,51.6167,-0.5667,102
4120,GW-Chantilly - VA,gateway,-1,-1,0.0,0.0,0.0,0.0,0.0,0.0,0.0,3622.971274663302,3401.610488451376,3984.5646533564354,1077.9288665968497,-4851.282730447183,3984.5646533564354,38.9102,-77.4727,140
4121,GW-Chapel Hill - NC,gateway,-1,-1,0.0,0.0,0.0,0.0,0.0,0.0,0.0,3877.710777560539,3423.6056394348584,3718.831786658103,966.9155255784419,-5081.6130131263135,3718.831786658103,35.8958,-79.2267,142
4122,GW-Charcas - Mexico,gateway,-1,-1,0.0,0.0,0.0,0.0,0.0,0.0,0.0,5529.9495927108965,1964.1442601077129,2490.107877949607,-1131.1641920196485,-5758.35677456078,2490.107877949607,23.1314,-101.1136,100
4123,GW-Charleston - SC,gateway,-1,-1,0.0,0.0,0.0,0.0,0.0,0.0,0.0,4067.3736376929824,3503.0254449135773,3433.1444862873627,938.4883278220464,-5285.258294052769,3433.1444862873627,32.7765,-79.9311,139
4124,GW-Chaska - MN,gateway,-1,-1,0.0,0.0,0.0,0.0,0.0,0.0,0.0,4033.114678489514,2061.16507205826,4475.624628242786,-284.2383186655065,-4520.3566277809,4475.624628242786,44.851,-93.598,137
4125,GW-Chattanooga - TN,gateway,-1,-1,0.0,0.0,0.0,0.0,0.0,0.0,0.0,4263.392123640053,3026.507387428633,3640.747165938728,428.63539058540533,-5210.809060790256,3640.747165938728,35.0317,-85.2975,136
4126,GW-Chicago - IL,gateway,-1,-1,0.0,0.0,0.0,0.0,0.0,0.0,0.0,3991.189250818781,2591.5793220857076,4232.496315264907,193.37626442949443,-4754.837603837685,4232.496315264907,41.8414,-87.6711,139
4127,GW-Chico - CA,gateway,-1,-1,0.0,0.0,0.0,0.0,0.0,0.0,0.0,4907.527773071948,-107.26473371857371,4058.8506678205636,-2595.392441906564,-4166.446044180401,4058.8506678205636,39.7754,-121.9199,136
4128,GW-Clarksville - GA,gateway,-1,-1,0.0,0.0,0.0,0.0,0.0,0.0,0.0,4188.332604407178,3169.964533625999,3605.8560937702155,590.3133176976507,-5219.419061211287,3605.8560937702155,34.6485,-83.5473,131
4129,GW-Cobargo - Australia,gateway,-1,-1,0.0,0.0,0.0,0.0,0.0,0.0,0.0,50.04237532083612,-5140.291745974975,-3762.990326259522,-4446.891423249789,2578.809830695872,-3762.990326259522,-36.3886,149.89,129
4130,GW-Colburn - ID,gateway,-1,-1,0.0,0.0,0.0,0.0,0.0,0.0,0.0,4231.6088823484715,304.6450540063282,4746.52208947599,-1896.333985054254,-3795.160043954569,4746.52208947599,48.4,-116.55,107
4131,GW-Conrad - MT,gateway,-1,-1,0.0,0.0,0.0,0.0,0.0,0.0,0.0,4212.416432539339,645.9277863133146,4729.503803939931,-1592.9940148314022,-3952.7262711918725,4729.503803939931,48.17,-111.95,114
4132,GW-Corpus Christi - TX,gateway,-1,-1,0.0,0.0,0.0,0.0,0.0,0.0,0.0,5189.232894828055,2225.810168894789,2956.241487538237,-732.3093691631808,-5598.75807055072,2956.241487538237,27.7931,-97.4519,115
4133,GW-Cromwell - NZ,gateway,-1,-1,0.0,0.0,0.0,0.0,0.0,0.0,0.0,1533.9702926334476,-4245.0043759898745,-4491.275812907106,-4433.710717309093,845.775553012511,-4491.275812907106,-45.05,169.2,127
4134,GW-Dallas - TX,gateway,-1,-1,0.0,0.0,0.0,0.0,0.0,0.0,0.0,4908.281657035239,2169.8850993721203,3435.3261101857984,-637.1109466058342,-5328.575776976505,3435.3261101857984,32.7999,-96.8182,137
4135,GW-Debeque - CO,gateway,-1,-1,0.0,0.0,0.0,0.0,0.0,0.0,0.0,4826.596759171696,1066.7412594440955,4017.2001562803393,-1544.3041602126973,-4695.646691457616,4017.2001562803393,39.289,-108.205,135
4136,GW-Delta - UT,gateway,-1,-1,0.0,0.0,0.0,0.0,0.0,0.0,0.0,4890.045132569611,694.0735650277751,4022.1045547156004,-1897.212711439644,-4560.138532960369,4022.1045547156004,39.3461,-112.5894,138
4137,GW-Denver - CO,gateway,-1,-1,0.0,0.0,0.0,0.0,0.0,0.0,0.0,4728.235414909682,1326.5875453860226,4056.31572945914,-1270.6300511906563,-4743.579231697377,4056.31572945914,39.7457,-104.9954,139
4138,GW-Douglas - WY,gateway,-1,-1,0.0,0.0,0.0,0.0,0.0,0.0,0.0,4524.938330993109,1239.358059993294,4306.341276135844,-1241.966004234662,-4524.22322001097,4306.341276135844,42.7401,-105.3504,130
4139,GW-Draper - UT,gateway,-1,-1,0.0,0.0,0.0,0.0,0.0,0.0,0.0,4800.510881591008,747.0087637292743,4118.662419802617,-1806.0132966750425,-4510.126693297535,4118.662419802617,40.4799,-111.8229,137
4140,GW-Dubois - ID,gateway,-1,-1,0.0,0.0,0.0,0.0,0.0,0.0,0.0,4532.646328262004,672.7729766881331,4421.691876967793,-1733.2396257078733,-4241.861220637101,4421.691876967793,44.1704,-112.2251,125
4141,GW-Dubuque - IA,gateway,-1,-1,0.0,0.0,0.0,0.0,0.0,0.0,0.0,4082.721896384381,2356.141723573278,4282.175539361034,-55.81993293987674,-4713.481307893978,4282.175539361034,42.4446,-90.6785,143
4142,GW-Duluth - MN,gateway,-1,-1,0.0,0.0,0.0,0.0,0.0,0.0,0.0,3840.5142838118486,2088.474047986538,4628.710868091355,-162.51118697458855,-4368.622657930555,4628.710868091355,46.8281,-92.1304,127
4143,GW-Dumas - TX,gateway,-1,-1,0.0,0.0,0.0,0.0,0.0,0.0,0.0,4901.905957162071,1658.6863374206544,3715.864984410053,-1073.5610977357617,-5062.350140817536,3715.864984410053,35.8628,-101.9732,137
4144,GW-Eagan - MN,gateway,-1,-1,0.0,0.0,0.0,0.0,0.0,0.0,0.0,4017.527569299672,2093.36912789211,4474.702762080795,-248.58799633505612,-4523.375518766138,4474.702762080795,44.8393,-93.1456,138
4145,GW-Edison - NJ,gateway,-1,-1,0.0,0.0,0.0,0.0,0.0,0.0,0.0,3353.060956262414,3511.5591003198283,4122.1412691519345,1310.1702354175923,-4675.2025673414655,4122.1412691519345,40.5211,-74.3451,137
4146,GW-El Marques,gateway,-1,-1,0.0,0.0,0.0,0.0,0.0,0.0,0.0,5593.816054269988,2078.563037764384,2243.9903195280685,-1065.3237849675227,-5871.651180387969,2243.9903195280685,20.7351,-100.2836,91
4147,GW-Elbert - CO,gateway,-1,-1,0.0,0.0,0.0,0.0,0.0,0.0,0.0,4752.802990294415,1374.7988032708786,4011.6038053300435,-1241.692573037247,-4789.301365344502,4011.6038053300435,39.2239,-104.5347,140
4148,GW-Elfordstown - Ireland,gateway,-1,-1,0.0,0.0,0.0,0.0,0.0,0.0,0.0,-1497.838504294067,3630.8310699062627,5008.504376504216,3887.00677914721,-563.5891606535524,5008.504376504216,52.0833,-8.25,104
4149,GW-Evanston - WY,gateway,-1,-1,0.0,0.0,0.0,0.0,0.0,0.0,0.0,4732.288087594203,809.293731614242,4184.865022236572,-1717.6418834763601,-4483.214610984386,4184.865022236572,41.2683,-110.9632,134
4150,GW-Fair Park - UT,gateway,-1,-1,0.0,0.0,0.0,0.0,0.0,0.0,0.0,4781.276456817805,735.6162527613635,4142.852190082945,-1806.0017470057892,-4487.771553639839,4142.852190082945,40.7669,-111.9212,135
4151,GW-Fairbanks - AK,gateway,-1,-1,0.0,0.0,0.0,0.0,0.0,0.0,0.0,2421.898919172048,-1236.6092501325668,5750.044065246111,-2298.9680864109355,-1452.4264352676194,5750.044065246111,64.8378,-147.7164,18
4152,GW-Falda del Carmen - Argentina,gateway,-1,-1,0.0,0.0,0.0,0.0,0.0,0.0,0.0,3025.569519744668,4522.576272001941,-3316.4346176433874,2346.825848345945,-4909.192957342204,-3316.4346176433874,-31.5333,-64.45,141
4153,GW-Foggia - Italy,gateway,-1,-1,0.0,0.0,0.0,0.0,0.0,0.0,0.0,-3455.601400128041,3312.3933236416683,4201.018759821047,4611.680997646454,1282.7817207223459,4201.018759821047,41.4621,15.5444,131
4154,GW-Fort Lauderdale - FL,gateway,-1,-1,0.0,0.0,0.0,0.0,0.0,0.0,0.0,4355.423597473359,3723.8914520352523,2791.2437426903803,981.5413161207401,-5645.67612467426,2791.2437426903803,26.1224,-80.1373,101
4155,GW-Franklin Park - IL,gateway,-1,-1,0.0,0.0,0.0,0.0,0.0,0.0,0.0,3994.147556942199,2575.076206278439,4239.723486485437,177.67237492067179,-4748.964592620032,4239.723486485437,41.9288,-87.8574,138
4156,GW-Frederick - MD,gateway,-1,-1,0.0,0.0,0.0,0.0,0.0,0.0,0.0,3593.5370016040747,3381.3222210427643,4027.957161302396,1075.4913534648745,-4815.6169379465255,4027.957161302396,39.4143,-77.4105,138
4157,GW-Fremont - CA,gateway,-1,-1,0.0,0.0,0.0,0.0,0.0,0.0,0.0,5065.695882807941,-112.20790185147013,3860.8684521833743,-2680.3193590543738,-4299.971339882813,3860.8684521833743,37.4921,-121.9367,130
4158,GW-Ft. Lauderdale - FL,gateway,-1,-1,0.0,0.0,0.0,0.0,0.0,0.0,0.0,4356.515334619617,3717.4472059678683,2798.075579983853,975.4415163332245,-5643.32822349965,2798.075579983853,26.1911,-80.1934,102
4159,GW-Gaffney - SC,gateway,-1,-1,0.0,0.0,0.0,0.0,0.0,0.0,0.0,4060.2192879391514,3290.010356813222,3644.3890664541996,758.9148251617778,-5170.454245251673,3644.3890664541996,35.0718,-81.6498,138
4160,GW-Goodyear - AZ,gateway,-1,-1,0.0,0.0,0.0,0.0,0.0,0.0,0.0,5274.226847958149,765.1846962981964,3492.2004293547425,-2032.002663544659,-4926.859206281312,3492.2004293547425,33.4121,-112.4129,135
4161,GW-Goonhilly - UK,gateway,-1,-1,0.0,0.0,0.0,0.0,0.0,0.0,0.0,-1765.686997283471,3704.28946256743,4866.37631156975,4086.8098239665233,-370.6702815100416,4866.37631156975,50.0502,-5.1825,109
4162,GW-Gordon - GA,gateway,-1,-1,0.0,0.0,0.0,0.0,0.0,0.0,0.0,4260.486691164433,3259.0349689096724,3439.165884240814,630.1234400430977,-5326.912823059299,3439.165884240814,32.8411,-83.2538,130
4163,GW-Grant District - WV,gateway,-1,-1,0.0,0.0,0.0,0.0,0.0,0.0,0.0,3717.247200636634,3291.192435690812,3990.4186761805963,934.867655965931,-4876.053410824996,3990.4186761805963,38.978,-79.1466,143
4164,GW-Greenville - PA,gateway,-1,-1,0.0,0.0,0.0,0.0,0.0,0.0,0.0,3654.76482246389,3097.9940201613294,4196.081001328883,800.559823310803,-4723.767228153335,4196.081001328883,41.4028,-80.3812,143
4165,GW-Guarapari - Brazil,gateway,-1,-1,0.0,0.0,0.0,0.0,0.0,0.0,0.0,1019.3318513953344,5882.73690031086,-2236.3574224816775,4540.0534713704665,-3877.3116122701613,-2236.3574224816775,-20.6614,-40.4981,94
4166,GW-Hamshire - TX,gateway,-1,-1,0.0,0.0,0.0,0.0,0.0,0.0,0.0,4975.916267466542,2426.15059452965,3157.135759986205,-451.184585019859,-5517.46154299377,3157.135759986205,29.8622,-94.6749,126
4167,GW-Hawkins - TX,gateway,-1,-1,0.0,0.0,0.0,0.0,0.0,0.0,0.0,4859.147865308061,2303.9655814730922,3417.9413736709544,-496.7219131861624,-5354.702859963493,3417.9413736709544,32.6136,-95.2998,137
4168,GW-Hawthorne - CA,gateway,-1,-1,0.0,0.0,0.0,0.0,0.0,0.0,0.0,5293.754883003032,216.30014255174288,3539.1508744491744,-2514.0802835968534,-4663.692404159597,3539.1508744491744,33.9207,-118.328,137
4169,GW-Highlands Ranch - CO,gateway,-1,-1,0.0,0.0,0.0,0.0,0.0,0.0,0.0,4742.462948176502,1327.1959663701302,4039.585479277236,-1277.3636090475882,-4756.127222673615,4039.585479277236,39.55,-105.0333,142
4170,GW-Hillman - MI,gateway,-1,-1,0.0,0.0,0.0,0.0,0.0,0.0,0.0,3615.31115986198,2701.2119754055375,4491.950984067111,479.39570523220493,-4487.449239434556,4491.950984067111,45.0586,-83.9022,132
4171,GW-Hillsboro - TX,gateway,-1,-1,0.0,0.0,0.0,0.0,0.0,0.0,0.0,4962.999544516794,2161.865461795745,3361.4657837903487,-671.9183153937884,-5371.55029123042,3361.4657837903487,32.011,-97.13,135
4172,GW-Hinds - NZ,gateway,-1,-1,0.0,0.0,0.0,0.0,0.0,0.0,0.0,1744.0418347835061,-4262.777860084833,-4397.425448335542,-4556.147317912892,674.1502973222035,-4397.425448335542,-43.8667,171.5833,128
4173,GW-Hitterdal - MN,gateway,-1,-1,0.0,0.0,0.0,0.0,0.0,0.0,0.0,3969.924924624686,1801.5292017135039,4640.01301035054,-475.3308124547708,-4333.574966527509,4640.01301035054,46.9769,-96.2595,128
4174,GW-Honolulu - HI,gateway,-1,-1,0.0,0.0,0.0,0.0,0.0,0.0,0.0,4735.040122517471,-3593.9119711042113,2303.920525672351,-5506.415772697083,-2239.686039624574,2303.920525672351,21.315,-157.8664,96
4175,GW-Howell - UT,gateway,-1,-1,0.0,0.0,0.0,0.0,0.0,0.0,0.0,4710.080984270987,681.466745587441,4232.099116579194,-1816.2639573705437,-4398.914075188259,4232.099116579194,41.8366,-112.4352,130
4176,GW-Ibi - Spain,gateway,-1,-1,0.0,0.0,0.0,0.0,0.0,0.0,0.0,-2501.8353138972507,4316.7301820214425,3960.0007645965616,4989.073386825167,-49.861238563499725,3960.0007645965616,38.6264,-0.5726,141
4177,GW-Inman - KS,gateway,-1,-1,0.0,0.0,0.0,0.0,0.0,0.0,0.0,4621.325157919701,1951.6750841140358,3925.6957055403213,-678.4371416752896,-4970.453187986841,3925.6957055403213,38.2319,-97.7725,142
4178,GW-Iron Mountain - CO,gateway,-1,-1,0.0,0.0,0.0,0.0,0.0,0.0,0.0,4725.438060781201,1328.1962186072494,4059.029864990322,-1267.8195518730774,-4741.993636150363,4059.029864990322,39.7775,-104.9685,139
4179,GW-Irvine - CA,gateway,-1,-1,0.0,0.0,0.0,0.0,0.0,0.0,0.0,5306.1484437503705,261.3590089128008,3517.629757729816,-2481.644832706411,-4697.335283217063,3517.629757729816,33.6872,-117.8479,137
4180,GW-Isle of Man - UK,gateway,-1,-1,0.0,0.0,0.0,0.0,0.0,0.0,0.0,-1651.5673170428888,3360.7956617330624,5145.828471946263,3733.149516909652,-293.62691812102247,5145.828471946263,54.1391,-4.4973,77
4181,GW-Itaboraí - Brazil,gateway,-1,-1,0.0,0.0,0.0,0.0,0.0,0.0,0.0,1242.7468040091298,5752.391133469885,-2450.659626335426,4313.9830987449795,-4002.995527731766,-2450.659626335426,-22.7446,-42.8586,97
4182,GW-Kalama - WA,gateway,-1,-1,0.0,0.0,0.0,0.0,0.0,0.0,0.0,4434.331715608005,-168.19709775919208,4566.019593670926,-2406.4447456067646,-3728.352412806928,4566.019593670926,46.01,-122.84,113
4183,GW-Kaua'i - HI,gateway,-1,-1,0.0,0.0,0.0,0.0,0.0,0.0,0.0,4616.764248400197,-3700.078537616317,2374.3512947819418,-5537.406105780971,-2083.8010772371636,2374.3512947819418,21.9994,-159.378,101
4184,GW-Kaunas - Lithuania,gateway,-1,-1,0.0,0.0,0.0,0.0,0.0,0.0,0.0,-2995.2180750049197,2130.8436529815813,5194.894348484196,3360.5609494068785,1489.4482520751124,5194.894348484196,54.8985,23.9036,70
4185,GW-Kenansville - FL,gateway,-1,-1,0.0,0.0,0.0,0.0,0.0,0.0,0.0,4348.793631615975,3594.002450669896,2965.2174962576237,873.2003591135302,-5573.722346748973,2965.2174962576237,27.8847,-81.0962,124
4186,GW-Kent - WA,gateway,-1,-1,0.0,0.0,0.0,0.0,0.0,0.0,0.0,4321.687395772488,-119.2304747349594,4673.566958188921,-2306.871354775639,-3656.4384864783283,4673.566958188921,47.4211,-122.2481,111
4187,GW-Ketchikan - AK,gateway,-1,-1,0.0,0.0,0.0,0.0,0.0,0.0,0.0,3568.9330591837534,-691.6764947047403,5223.128501678996,-2415.305366607839,-2716.9835369941266,5223.128501678996,55.342,-131.636,63
4188,GW-Ki Ki - Australia,gateway,-1,-1,0.0,0.0,0.0,0.0,0.0,0.0,0.0,-865.0808407676469,-5106.25031436015,-3710.215702988859,-3950.844008929499,3348.5801096990754,-3710.215702988859,-35.8,139.7167,130
4189,GW-Kihei - HI,gateway,-1,-1,0.0,0.0,0.0,0.0,0.0,0.0,0.0,4841.865139516593,-3487.4695545974428,2245.1188915946063,-5469.347554846982,-2385.8623698360025,2245.1188915946063,20.746,-156.432,97
4190,GW-Kiowa - CO,gateway,-1,-1,0.0,0.0,0.0,0.0,0.0,0.0,0.0,4747.499239511842,1375.9139101751055,4017.457928867074,-1238.0281987525343,-4785.308171525886,4017.457928867074,39.292,-104.5052,140
4191,GW-Kuparuk - AK,gateway,-1,-1,0.0,0.0,0.0,0.0,0.0,0.0,0.0,1884.497651586325,-1041.4543439235445,5983.592257456843,-1857.0012095811521,-1089.727056159354,5983.592257456843,70.3316,-149.5947,0
4192,GW-Lawrence - KS,gateway,-1,-1,0.0,0.0,0.0,0.0,0.0,0.0,0.0,4484.126365422673,2132.3352139918493,3989.8749514150722,-453.0647571237109,-4944.590483726722,3989.8749514150722,38.9717,-95.2353,141
4193,GW-Lekki,gateway,-1,-1,0.0,0.0,0.0,0.0,0.0,0.0,0.0,-3588.163961816269,5224.21393094453,714.0473050553732,6323.727758698961,421.66224281068673,714.0473050553732,6.4711,3.8148,75
4194,GW-Lepe - Spain,gateway,-1,-1,0.0,0.0,0.0,0.0,0.0,0.0,0.0,-2023.834217573948,4662.648385841826,3839.9299968454175,5042.802351510362,-637.4475302470759,3839.9299968454175,37.2547,-7.2044,141
4195,GW-Limestone - ME,gateway,-1,-1,0.0,0.0,0.0,0.0,0.0,0.0,0.0,2641.9719085251763,3474.1523425838886,4635.30756103583,1640.692744956519,-4044.487282903029,4635.30756103583,46.9149,-67.9195,126
4196,GW-Lindon - UT,gateway,-1,-1,0.0,0.0,0.0,0.0,0.0,0.0,0.0,4809.775731583515,756.3367281493315,4106.215902846529,-1802.7155703046294,-4522.853569048928,4106.215902846529,40.3327,-111.7312,135
4197,GW-Lisle - IL,gateway,-1,-1,0.0,0.0,0.0,0.0,0.0,0.0,0.0,4012.849168007793,2563.5298157494253,4229.119187654264,158.20194155354562,-4759.161239872611,4229.119187654264,41.8006,-88.0961,140
4198,GW-Litchfield - MN,gateway,-1,-1,0.0,0.0,0.0,0.0,0.0,0.0,0.0,4047.135499554918,1985.9809397100023,4496.768470430382,-356.0585934051617,-4494.068126176037,4496.768470430382,45.12,-94.53,135
4199,GW-Lithia Springs - GA,gateway,-1,-1,0.0,0.0,0.0,0.0,0.0,0.0,0.0,4290.231825871442,3127.1462549821777,3523.0454374106935,501.50899597082685,-5285.226726142371,3523.0454374106935,33.7459,-84.5795,127
4200,GW-Llano Grande - Mexico,gateway,-1,-1,0.0,0.0,0.0,0.0,0.0,0.0,0.0,5514.379304048847,2416.0272842162826,2098.8984338845485,-734.5400830196223,-5975.451264418218,2098.8984338845485,19.34,-97.008,86
4201,GW-Lockport - NY,gateway,-1,-1,0.0,0.0,0.0,0.0,0.0,0.0,0.0,3463.5253018441485,3116.107514836452,4341.367933071051,913.6834339933272,-4568.513559461214,4341.367933071051,43.1709,-78.6903,137
4202,GW-Loring - ME,gateway,-1,-1,0.0,0.0,0.0,0.0,0.0,0.0,0.0,2638.458439488859,3473.2422088614376,4637.972115557402,1641.7019804974889,-4041.0009880668536,4637.972115557402,46.95,-67.89,126
4203,GW-Los Angeles - CA,gateway,-1,-1,0.0,0.0,0.0,0.0,0.0,0.0,0.0,5284.885910246412,224.49389285667712,3551.787568726685,-2502.508815694745,-4660.243150268136,3551.787568726685,34.0581,-118.2354,136
4204,GW-Lunenburg - VT,gateway,-1,-1,0.0,0.0,0.0,0.0,0.0,0.0,0.0,2997.8094623665193,3440.812321169133,4440.9082946623,1430.5174546312578,-4333.551755103297,4440.9082946623,44.412,-71.7318,128
4205,GW-Luz - Brazil,gateway,-1,-1,0.0,0.0,0.0,0.0,0.0,0.0,0.0,1459.0178016810073,5823.766046142693,-2145.8366428596087,4265.064446561129,-4225.424141137406,-2145.8366428596087,-19.79,-44.7325,88
4206,GW-Lynnwood - WA,gateway,-1,-1,0.0,0.0,0.0,0.0,0.0,0.0,0.0,4287.039666394935,-122.22834381921236,4705.080784675351,-2291.7775456112854,-3625.10752264099,4705.080784675351,47.8417,-122.3009,109
4207,GW-Madera - CA,gateway,-1,-1,0.0,0.0,0.0,0.0,0.0,0.0,0.0,5108.9617739498235,67.52878580915949,3804.8670492482925,-2547.788940778979,-4428.8623886769965,3804.8670492482925,36.8588,-119.9105,133
4208,GW-Manaus - Brazil,gateway,-1,-1,0.0,0.0,0.0,0.0,0.0,0.0,0.0,3121.981360309016,5551.057125141383,-344.71427244102125,3182.28688112354,-5516.706719314419,-344.71427244102125,-3.119,-60.0217,74
4209,GW-Mandale - NC,gateway,-1,-1,0.0,0.0,0.0,0.0,0.0,0.0,0.0,3877.7131650275915,3423.605097753735,3718.8298091962747,966.9138419076269,-5081.614790391052,3718.8298091962747,35.8958,-79.2267,142
4210,GW-Manistique - MI,gateway,-1,-1,0.0,0.0,0.0,0.0,0.0,0.0,0.0,3663.984209968052,2510.7906133313777,4561.964774860574,290.7806733223104,-4432.188668695229,4561.964774860574,45.9575,-86.2464,126
4211,GW-Marathon - ON,gateway,-1,-1,0.0,0.0,0.0,0.0,0.0,0.0,0.0,3480.8526511817777,2373.4775451795836,4772.566666993161,266.0802512055635,-4204.63222370629,4772.566666993161,48.754,-86.379,119
4212,GW-Marcell - MN,gateway,-1,-1,0.0,0.0,0.0,0.0,0.0,0.0,0.0,3840.458872905751,1954.5894255167989,4686.477076952602,-277.6423470744862,-4300.285909556895,4686.477076952602,47.593,-93.6941,124
4213,GW-Marsala - Italy,gateway,-1,-1,0.0,0.0,0.0,0.0,0.0,0.0,0.0,-3448.1329435487037,3684.3072935246887,3887.804382113178,4927.769457192355,1086.659655212814,3887.804382113178,37.7986,12.4357,141
4214,GW-Mazahua - Mexico,gateway,-1,-1,0.0,0.0,0.0,0.0,0.0,0.0,0.0,5624.103979825492,2115.9532273118157,2131.2474531950525,-1048.6116501526262,-5916.77422614928,2131.2474531950525,19.65,-100.05,87
4215,GW-McGregor - TX,gateway,-1,-1,0.0,0.0,0.0,0.0,0.0,0.0,0.0,5004.092967369479,2150.7324514655484,3307.6128780147205,-702.4543344639706,-5401.217863765214,3307.6128780147205,31.44,-97.41,134
4216,GW-Merida - Mexico,gateway,-1,-1,0.0,0.0,0.0,0.0,0.0,0.0,0.0,5103.27859855279,3075.479493292821,2268.0250159151437,42.36637490462423,-5958.207084214935,2268.0250159151437,20.9674,-89.5926,79
4217,GW-Merredin - Australia,gateway,-1,-1,0.0,0.0,0.0,0.0,0.0,0.0,0.0,-2807.953731905985,-4664.193630991656,-3311.7080753530254,-2579.6334426284775,4794.246310900247,-3311.7080753530254,-31.4833,118.2833,125
4218,GW-Merrillan - WI,gateway,-1,-1,0.0,0.0,0.0,0.0,0.0,0.0,0.0,3956.167360392968,2268.8806993907015,4443.923617351971,-66.32625854196448,-4560.118489571749,4443.923617351971,44.45,-90.8333,136
4219,GW-Mesa - AZ,gateway,-1,-1,0.0,0.0,0.0,0.0,0.0,0.0,0.0,5266.036735602212,816.0325920790117,3493.0428783394937,-1984.0889486222293,-4945.750007430857,3493.0428783394937,33.4212,-111.8592,133
4220,GW-Miami - FL,gateway,-1,-1,0.0,0.0,0.0,0.0,0.0,0.0,0.0,4383.378863024833,3715.807430968977,2758.2823567298387,960.329090864707,-5665.5982171431915,2758.2823567298387,25.7915,-80.3797,98
4221,GW-Milano - Italy,gateway,-1,-1,0.0,0.0,0.0,0.0,0.0,0.0,0.0,-2871.7786566308287,3439.7569407861133,4523.679503125828,4423.447269489191,715.6498574129862,4523.679503125828,45.4642,9.19,118
4222,GW-Milwaukee - WI,gateway,-1,-1,0.0,0.0,0.0,0.0,0.0,0.0,0.0,3923.6470273587684,2514.971133766639,4339.771502445436,161.93308679473003,-4657.667170846569,4339.771502445436,43.1512,-88.0088,132
4223,GW-Minneapolis - MN,gateway,-1,-1,0.0,0.0,0.0,0.0,0.0,0.0,0.0,4012.3306941378664,2080.9831237869207,4485.061096938221,-256.59097086699774,-4512.587886598593,4485.061096938221,44.9709,-93.2544,138
4224,GW-Molokai - HI,gateway,-1,-1,0.0,0.0,0.0,0.0,0.0,0.0,0.0,4793.681318322675,-3527.615046288332,2285.1672833782054,-5479.301666540333,-2323.9409939763927,2285.1672833782054,21.1333,-157.0167,95
4225,GW-Monterey,gateway,-1,-1,0.0,0.0,0.0,0.0,0.0,0.0,0.0,5151.00230558146,-64.72606602153662,3748.1908470483677,-2682.98969511655,-4397.565293617202,3748.1908470483677,36.2231,-121.3877,135
4226,GW-Montes Carlos,gateway,-1,-1,0.0,0.0,0.0,0.0,0.0,0.0,0.0,4430.366032713551,4472.065574026853,1022.7746267368026,1586.8501869554095,-6091.750172682537,1022.7746267368026,9.2895,-75.3994,78
4227,GW-Mossoró - Brazil,gateway,-1,-1,0.0,0.0,0.0,0.0,0.0,0.0,0.0,738.5070743919216,6309.108316710141,-572.8694231894522,5050.029544193972,-3853.237866220564,-572.8694231894522,-5.1878,-37.3441,78
4228,GW-Mt. Ayr - IN,gateway,-1,-1,0.0,0.0,0.0,0.0,0.0,0.0,0.0,4087.8395715511515,2691.767809584098,4075.8587510149932,230.25493000768617,-4889.072403908519,4075.8587510149932,39.975,-87.3036,141
4229,GW-Muallim - Turkey,gateway,-1,-1,0.0,0.0,0.0,0.0,0.0,0.0,0.0,-4265.4488626378,2391.918564638019,4080.817303072195,4233.014672134626,2448.859980711654,4080.817303072195,40.0333,30.05,130
4230,GW-Murayjat - Oman,gateway,-1,-1,0.0,0.0,0.0,0.0,0.0,0.0,0.0,-5847.805080377577,80.35195588939486,2536.530908078503,3051.8408226912525,4988.942602181371,2536.530908078503,23.588,58.545,89
4231,GW-Myrtle Beach - SC,gateway,-1,-1,0.0,0.0,0.0,0.0,0.0,0.0,0.0,3961.086938908305,3538.135656296555,3519.733726228335,1022.9005114133176,-5211.745216690604,3519.733726228335,33.71,-78.8958,139
4232,GW-Nemaha - NE,gateway,-1,-1,0.0,0.0,0.0,0.0,0.0,0.0,0.0,4412.284408074562,2057.19841259385,4106.9014986315515,-481.04921811897975,-4844.472175197589,4106.9014986315515,40.3408,-95.6708,144
4233,GW-New Braunfels - TX,gateway,-1,-1,0.0,0.0,0.0,0.0,0.0,0.0,0.0,5120.978930142172,2125.7117917539363,3141.81953519533,-783.594350747231,-5488.994053379802,3141.81953519533,29.703,-98.1245,124
4234,GW-New York - NY,gateway,-1,-1,0.0,0.0,0.0,0.0,0.0,0.0,0.0,3322.601332828419,3520.8661988597687,4138.721090052997,1333.7118485028002,-4653.750220236328,4138.721090052997,40.7178,-74.0083,139
4235,GW-Niland - CA,gateway,-1,-1,0.0,0.0,0.0,0.0,0.0,0.0,0.0,5319.126135972424,484.1696667866604,3474.442537726075,-2296.616025269567,-4822.1445383870705,3474.442537726075,33.2205,-115.4668,134
4236,GW-Nome - AK,gateway,-1,-1,0.0,0.0,0.0,0.0,0.0,0.0,0.0,1955.7142462347622,-1937.9517844762665,5733.983888637863,-2664.4385550962334,-693.7164536012145,5733.983888637863,64.5011,-165.4064,20
4237,GW-Norcross - GA,gateway,-1,-1,0.0,0.0,0.0,0.0,0.0,0.0,0.0,4260.474642110294,3147.3267356590386,3541.01913587279,534.0449463144686,-5269.924643899094,3541.01913587279,33.941,-84.2135,127
4238,GW-North Miami - FL,gateway,-1,-1,0.0,0.0,0.0,0.0,0.0,0.0,0.0,4365.35586233105,3725.201565529043,2774.042278282638,977.6021528467394,-5654.887491308516,2774.042278282638,25.9496,-80.1918,101
4239,GW-Northlake - IL,gateway,-1,-1,0.0,0.0,0.0,0.0,0.0,0.0,0.0,3997.117464981658,2571.6709997287035,4238.996250629422,173.22859400238642,-4749.7822701600735,4238.996250629422,41.92,-87.9113,138
4240,GW-Noviciado - Chile,gateway,-1,-1,0.0,0.0,0.0,0.0,0.0,0.0,0.0,3444.4022027754204,4066.4573394705094,-3492.6262935669047,1740.8705622690609,-5036.799729356206,-3492.6262935669047,-33.4167,-70.9333,135
4241,GW-Otaru - Japan,gateway,-1,-1,0.0,0.0,0.0,0.0,0.0,0.0,0.0,-675.3702969453508,-4608.251813612284,4342.971954192009,-3619.259550089169,2931.3938876830093,4342.971954192009,43.1907,140.9945,122
4242,GW-Oxford - AL,gateway,-1,-1,0.0,0.0,0.0,0.0,0.0,0.0,0.0,4367.622598955385,3034.5566037437693,3508.9866492636434,382.3951218712032,-5304.567363979821,3508.9866492636434,33.5936,-85.8768,134
4243,GW-Panaca - NV,gateway,-1,-1,0.0,0.0,0.0,0.0,0.0,0.0,0.0,5015.8067776641565,551.780966852577,3887.9271652705806,-2083.750052265451,-4595.733411102758,3887.9271652705806,37.8,-114.39,138
4244,GW-Perry - FL,gateway,-1,-1,0.0,0.0,0.0,0.0,0.0,0.0,0.0,4407.2629909488805,3331.648390994459,3176.285590090593,617.7164904605116,-5490.198030127583,3176.285590090593,30.0616,-83.5805,130
4245,GW-Peñuelas - Mexico,gateway,-1,-1,0.0,0.0,0.0,0.0,0.0,0.0,0.0,5622.370940503143,1863.0553712971205,2358.2031543620615,-1265.255077559132,-5786.290685563947,2358.2031543620615,21.8422,-102.3344,101
4246,GW-Phoenix - AZ,gateway,-1,-1,0.0,0.0,0.0,0.0,0.0,0.0,0.0,5253.459706891804,791.648455287892,3517.343649325232,-1998.6476729522387,-4922.494656990297,3517.343649325232,33.6841,-112.0983,135
4247,GW-Pimba - Australia,gateway,-1,-1,0.0,0.0,0.0,0.0,0.0,0.0,0.0,-1183.8354065374,-5325.759331661883,-3292.777045745681,-3977.0686293301537,3734.7160328669124,-3292.777045745681,-31.2833,136.8,127
4248,GW-Pine Valley - CA,gateway,-1,-1,0.0,0.0,0.0,0.0,0.0,0.0,0.0,5357.29670103103,403.0686982401384,3426.138960105419,-2385.843403039555,-4813.610243315468,3426.138960105419,32.7014,-116.3651,136
4249,GW-Piscataway - NJ,gateway,-1,-1,0.0,0.0,0.0,0.0,0.0,0.0,0.0,3361.3055114859862,3501.437667937447,4124.02335750407,1297.2591823641926,-4677.131503151166,4124.02335750407,40.5434,-74.498,137
4250,GW-Piti - GU,gateway,-1,-1,0.0,0.0,0.0,0.0,0.0,0.0,0.0,-502.4362765711778,-6184.838702876836,1470.1676427393768,-5063.5504569318455,3586.799236467414,1470.1676427393768,13.4156,144.6879,84
4251,GW-Ponce - PR,gateway,-1,-1,0.0,0.0,0.0,0.0,0.0,0.0,0.0,3561.803842095531,4912.072773170819,1959.5528605130066,2408.335824036838,-5569.095446942291,1959.5528605130066,18.0111,-66.6141,89
4252,GW-Port St. Lucie - FL,gateway,-1,-1,0.0,0.0,0.0,0.0,0.0,0.0,0.0,4333.740059890501,3660.307801151903,2905.953092794692,937.9104088053688,-5594.593834312527,2905.953092794692,27.2813,-80.4831,112
4253,GW-Porto Alegre - Brazil,gateway,-1,-1,0.0,0.0,0.0,0.0,0.0,0.0,0.0,1939.8740378850428,5174.6786496448085,-3173.694800551917,3461.4937188856807,-4307.954461698176,-3173.694800551917,-30.0346,-51.2177,124
4254,GW-Presidente Prudente - Brazil,gateway,-1,-1,0.0,0.0,0.0,0.0,0.0,0.0,0.0,2091.3842181335476,5528.930483848187,-2387.3125466568554,3688.920471261738,-4618.963736574459,-2387.3125466568554,-22.1257,-51.3875,98
4255,GW-Prosser - WA,gateway,-1,-1,0.0,0.0,0.0,0.0,0.0,0.0,0.0,4421.211832704171,69.38255204010908,4581.185437429602,-2195.4012390294956,-3838.2471790960426,4581.185437429602,46.2068,-119.7687,115
4256,GW-Prudhoe Bay - AK,gateway,-1,-1,0.0,0.0,0.0,0.0,0.0,0.0,0.0,1910.7283154847148,-1011.7308706718061,5980.393857723555,-1844.8140748589037,-1127.4498123942697,5980.393857723555,70.2466,-148.569,0
4257,GW-Puerto Montt - Chile,gateway,-1,-1,0.0,0.0,0.0,0.0,0.0,0.0,0.0,3219.568490936438,3541.570546612827,-4201.584693249738,1404.0733231682805,-4575.688069310821,-4201.584693249738,-41.4689,-72.9411,135
4258,GW-Puerto Saavedra - Chile,gateway,-1,-1,0.0,0.0,0.0,0.0,0.0,0.0,0.0,3377.1625516427857,3657.8068466258446,-3973.592943164693,1423.6704256612238,-4770.528308954775,-3973.592943164693,-38.7833,-73.3833,137
4259,GW-Punta Arenas - Chile,gateway,-1,-1,0.0,0.0,0.0,0.0,0.0,0.0,0.0,2475.980982735094,2924.816733834692,-5081.493130378486,1252.852812858101,-3621.5182703803694,-5081.493130378486,-53.1638,-70.9171,91
4260,GW-Punta Gorda - FL,gateway,-1,-1,0.0,0.0,0.0,0.0,0.0,0.0,0.0,4445.787811791263,3551.869224695488,2871.2828380241913,787.4871396741862,-5635.660410427375,2871.2828380241913,26.9298,-82.0454,116
4261,GW-Puwera - NZ,gateway,-1,-1,0.0,0.0,0.0,0.0,0.0,0.0,0.0,2180.63733682065,-4697.550206142573,-3710.215702988859,-5152.801656205376,520.3770035018075,-3710.215702988859,-35.8,174.2333,135
4262,GW-Redmond - WA,gateway,-1,-1,0.0,0.0,0.0,0.0,0.0,0.0,0.0,4301.200611465189,-109.15472170438116,4692.545845282756,-2287.755330402595,-3643.9562293684853,4692.545845282756,47.674,-122.1215,109
4263,GW-Rio Negro - Brazil,gateway,-1,-1,0.0,0.0,0.0,0.0,0.0,0.0,0.0,1878.1933784874034,5414.720406001402,-2789.512780573044,3699.423852232864,-4377.3360167677865,-2789.512780573044,-26.105,-49.7978,109
4264,GW-Riverside - GA,gateway,-1,-1,0.0,0.0,0.0,0.0,0.0,0.0,0.0,4280.262250475174,3133.558978748389,3529.425157014219,512.1099055195249,-5279.922371664779,3529.425157014219,33.8151,-84.4601,127
4265,GW-Robbins - CA,gateway,-1,-1,0.0,0.0,0.0,0.0,0.0,0.0,0.0,4971.230586793294,-90.18238228152167,3981.5232168981,-2613.1914484542476,-4229.952347588417,3981.5232168981,38.875,-121.7071,135
4266,GW-Robertsdale - AL,gateway,-1,-1,0.0,0.0,0.0,0.0,0.0,0.0,0.0,4612.811858843161,2990.7642138798137,3223.029385579362,219.66652233556877,-5493.127565155685,3223.029385579362,30.55,-87.71,125
4267,GW-Rolette County - ND,gateway,-1,-1,0.0,0.0,0.0,0.0,0.0,0.0,0.0,3944.2712791310832,1502.8016043198052,4765.697891024262,-719.1932747370581,-4159.140490401534,4765.697891024262,48.6604,-99.8105,119
4268,GW-Rolette - ND,gateway,-1,-1,0.0,0.0,0.0,0.0,0.0,0.0,0.0,3945.1148480819993,1500.7500772338776,4765.646474277451,-721.3881438987403,-4158.819676869493,4765.646474277451,48.6597,-99.8406,119
4269,GW-Roll - AZ,gateway,-1,-1,0.0,0.0,0.0,0.0,0.0,0.0,0.0,5329.4090928392,623.4662404145321,3436.528558302181,-2182.0464875948373,-4902.038816426162,3436.528558302181,32.8128,-113.9953,132
4270,GW-Saguenay - QC,gateway,-1,-1,0.0,0.0,0.0,0.0,0.0,0.0,0.0,2747.4528182650597,3229.727704830645,4748.5813121200745,1376.6520012468686,-4010.5445145773206,4748.5813121200745,48.4279,-71.0548,119
4271,GW-Salem - OR,gateway,-1,-1,0.0,0.0,0.0,0.0,0.0,0.0,0.0,4518.490843464596,-175.22766668166742,4483.047941128777,-2455.4181539523915,-3797.1549779914335,4483.047941128777,44.9453,-122.8886,119
4272,GW-Salt Lake City - UT,gateway,-1,-1,0.0,0.0,0.0,0.0,0.0,0.0,0.0,4794.811362005011,733.6899726887775,4127.625448686977,-1814.5622194637635,-4498.430940331434,4127.625448686977,40.5861,-111.968,136
4273,GW-Sambro Creek - NS,gateway,-1,-1,0.0,0.0,0.0,0.0,0.0,0.0,0.0,2477.9459284453233,3825.601618451781,4446.564396509353,2026.651037396026,-4082.6620408774047,4446.564396509353,44.4833,-63.6,137
4274,GW-San Clemente - Chile,gateway,-1,-1,0.0,0.0,0.0,0.0,0.0,0.0,0.0,3396.412230727419,3932.626641166164,-3686.175216380994,1650.235249747934,-4927.260086532275,-3686.175216380994,-35.5333,-71.4833,135
4275,GW-San Jose - CA,gateway,-1,-1,0.0,0.0,0.0,0.0,0.0,0.0,0.0,5082.805995820031,-99.07024320560147,3838.8256974236224,-2677.7463138357316,-4321.389404227768,3838.8256974236224,37.2422,-121.7844,132
4276,GW-Sanderson - TX,gateway,-1,-1,0.0,0.0,0.0,0.0,0.0,0.0,0.0,5241.993844897092,1730.8710462679458,3184.00584853938,-1184.9371598703901,-5391.691569063088,3184.00584853938,30.1421,-102.3949,126
4277,GW-Sandston - VA,gateway,-1,-1,0.0,0.0,0.0,0.0,0.0,0.0,0.0,3680.289983130771,3482.9154673333333,3860.69232758864,1118.6265364627238,-4942.05515797263,3860.69232758864,37.4901,-77.2461,144
4278,GW-Santa Clara - CA,gateway,-1,-1,0.0,0.0,0.0,0.0,0.0,0.0,0.0,5071.876318302279,-116.20627435592978,3852.682553325154,-2686.910904468104,-4303.247968431005,3852.682553325154,37.3992,-121.9803,130
4279,GW-Santa Elena - Chile,gateway,-1,-1,0.0,0.0,0.0,0.0,0.0,0.0,0.0,3377.3448568818244,3837.7368653482918,-3801.1278524247605,1578.3423161740234,-4862.460083428332,-3801.1278524247605,-36.8167,-72.0167,136
4280,GW-Santiago de los Caballeros - DR,gateway,-1,-1,0.0,0.0,0.0,0.0,0.0,0.0,0.0,3869.5680927206645,4606.797535483617,2110.5615243168318,1988.778604196924,-5678.107115987537,2110.5615243168318,19.4517,-70.697,88
4281,GW-Seattle - WA,gateway,-1,-1,0.0,0.0,0.0,0.0,0.0,0.0,0.0,4308.240872522699,-124.65398569163791,4685.7421990183175,-2304.6778063138768,-3642.106291819092,4685.7421990183175,47.5832,-122.3251,109
4282,GW-Secaucus - NJ,gateway,-1,-1,0.0,0.0,0.0,0.0,0.0,0.0,0.0,3322.9329486695488,3513.801723088162,4144.416340719094,1327.466271669913,-4650.432154984074,4144.416340719094,40.7855,-74.0686,138
4283,GW-Shakopee - MN,gateway,-1,-1,0.0,0.0,0.0,0.0,0.0,0.0,0.0,4033.2029765129714,2073.236399666388,4470.0038845184345,-273.90033283444774,-4526.589668428973,4470.0038845184345,44.7797,-93.4627,138
4284,GW-Slope County - ND,gateway,-1,-1,0.0,0.0,0.0,0.0,0.0,0.0,0.0,4216.136020218843,1266.3272702590916,4599.85274476137,-1061.2612586344283,-4272.3661169556035,4599.85274476137,46.45,-103.95,119
4285,GW-Springbrook Creek - Australia,gateway,-1,-1,0.0,0.0,0.0,0.0,0.0,0.0,0.0,281.3602946146478,-5784.955516182601,-2662.327586518485,-5119.377894723678,2708.660907277194,-2662.327586518485,-24.8333,152.1167,104
4286,GW-Springer - OK,gateway,-1,-1,0.0,0.0,0.0,0.0,0.0,0.0,0.0,4836.621648719657,2106.644954238828,3572.6388585793516,-654.95543101529,-5234.68196927637,3572.6388585793516,34.2853,-97.1317,141
4287,GW-St James - MN,gateway,-1,-1,0.0,0.0,0.0,0.0,0.0,0.0,0.0,4122.12284085113,2022.3675628955139,4412.206108125534,-363.0090149572301,-4577.1270169811005,4412.206108125534,44.0515,-94.5346,136
4288,GW-St. John's - NL,gateway,-1,-1,0.0,0.0,0.0,0.0,0.0,0.0,0.0,1618.3651642493976,3996.589354512454,4684.114484206668,2612.1614074201393,-3430.5167329490014,4684.114484206668,47.5615,-52.7126,120
4289,GW-Sterling - VA,gateway,-1,-1,0.0,0.0,0.0,0.0,0.0,0.0,0.0,3616.2703340227904,3401.1188345517344,3991.022758764894,1080.9238523798938,-4845.2682155719785,3991.022758764894,38.985,-77.4239,140
4290,GW-Sullivan - ME,gateway,-1,-1,0.0,0.0,0.0,0.0,0.0,0.0,0.0,2774.629372631545,3611.4724790613573,4450.376221930592,1691.144024621483,-4228.632581636097,4450.376221930592,44.5314,-68.2022,129
4291,GW-Sunnyvale - CA,gateway,-1,-1,0.0,0.0,0.0,0.0,0.0,0.0,0.0,5070.948535959181,-119.85109849816114,3853.7845770495114,-2689.5727369397932,-4300.590870202369,3853.7845770495114,37.4117,-122.0217,130
4292,GW-Sunset - TX,gateway,-1,-1,0.0,0.0,0.0,0.0,0.0,0.0,0.0,4907.674628373721,2072.182108099636,3495.578957206033,-720.8395067257429,-5278.219335406097,3495.578957206033,33.4486,-97.7767,138
4293,GW-Surrency - GA,gateway,-1,-1,0.0,0.0,0.0,0.0,0.0,0.0,0.0,4257.61293251495,3374.3095299106353,3330.561528066973,730.7414052112536,-5383.23784403719,3330.561528066973,31.6829,-82.2697,131
4294,GW-Surubim - Brazil,gateway,-1,-1,0.0,0.0,0.0,0.0,0.0,0.0,0.0,560.1151795281597,6294.174328863998,-863.2783373891131,5128.174666928745,-3692.178771665679,-863.2783373891131,-7.8311,-35.7531,85
4295,GW-Sussex - NJ,gateway,-1,-1,0.0,0.0,0.0,0.0,0.0,0.0,0.0,3329.88335575468,3465.277850730223,4179.31112407032,1282.1838636983744,-4631.660424228554,4179.31112407032,41.2018,-74.5263,138
4296,GW-Suva - Fiji,gateway,-1,-1,0.0,0.0,0.0,0.0,0.0,0.0,0.0,2949.5688401119273,-5297.224126226004,-1973.2838672126627,-6060.805360341597,164.85803008841205,-1973.2838672126627,-18.1416,178.4419,97
4297,GW-Tapachula - Mexico,gateway,-1,-1,0.0,0.0,0.0,0.0,0.0,0.0,0.0,5422.475973577832,2933.154199140462,1629.7520148531166,-242.86276823408556,-6160.16695518635,1629.7520148531166,14.9032,-92.2577,77
4298,GW-Te Hana - NZ,gateway,-1,-1,0.0,0.0,0.0,0.0,0.0,0.0,0.0,2193.5904770541633,-4657.865700264527,-3752.0926891608506,-5125.274322559201,488.9940503102116,-3752.0926891608506,-36.2667,174.55,140
4299,GW-Tea Gardens - Australia,gateway,-1,-1,0.0,0.0,0.0,0.0,0.0,0.0,0.0,264.20922879073925,-5368.018113423724,-3422.90008809028,-4752.005597374848,2510.7504426249748,-3422.90008809028,-32.6667,152.15,129
4300,GW-Thomaston - GA,gateway,-1,-1,0.0,0.0,0.0,0.0,0.0,0.0,0.0,4312.022015240724,3179.7909605180234,3449.0368367926544,535.6764879692438,-5330.821241867874,3449.0368367926544,32.9471,-84.2618,130
4301,GW-Tionesta - CA,gateway,-1,-1,0.0,0.0,0.0,0.0,0.0,0.0,0.0,4803.80649668346,-185.1250962480521,4177.581177117269,-2609.459203933544,-4037.5179035944325,4177.581177117269,41.1811,-122.8747,135
4302,GW-Toa Baja - PR,gateway,-1,-1,0.0,0.0,0.0,0.0,0.0,0.0,0.0,3522.1810713259483,4922.139454952137,2005.0736499489838,2437.2045323681446,-5540.14894931603,2005.0736499489838,18.4441,-66.2545,91
4303,GW-Toonpan - Australia,gateway,-1,-1,0.0,0.0,0.0,0.0,0.0,0.0,0.0,-271.3323464366923,-6016.389512839148,-2092.975133677806,-5036.537384045274,3302.0986041513215,-2092.975133677806,-19.2833,146.75,95
4304,GW-Torrumbarry - Australia,gateway,-1,-1,0.0,0.0,0.0,0.0,0.0,0.0,0.0,-427.51062692686,-5146.098949147083,-3731.1803178330356,-4208.306110804728,2992.5339443875473,-3731.1803178330356,-36.0333,144.5833,132
4305,GW-Tracy City - TN,gateway,-1,-1,0.0,0.0,0.0,0.0,0.0,0.0,0.0,4274.54926712321,2985.3925751039687,3661.412572167218,387.58012146307857,-5199.434768702858,3661.412572167218,35.2595,-85.7369,138
4306,GW-Tromsø - Norway,gateway,-1,-1,0.0,0.0,0.0,0.0,0.0,0.0,0.0,-1694.7312189332072,1441.1171544943254,5957.558011663977,2103.9747719356533,722.6497882535989,5957.558011663977,69.6496,18.956,1
4307,GW-Tucson - AZ,gateway,-1,-1,0.0,0.0,0.0,0.0,0.0,0.0,0.0,5326.619896818315,911.4598539809033,3376.412541127345,-1932.9092126409475,-5046.533519782407,3376.412541127345,32.1701,-110.9577,136
4308,GW-Tukwila - WA,gateway,-1,-1,0.0,0.0,0.0,0.0,0.0,0.0,0.0,4314.388853659751,-122.89505787625718,4680.166191245388,-2306.30071792401,-3648.2915692604806,4680.166191245388,47.5089,-122.2994,110
4309,GW-Tulelake - CA,gateway,-1,-1,0.0,0.0,0.0,0.0,0.0,0.0,0.0,4773.047355821375,-55.11104655470443,4216.137244777536,-2481.9400290108583,-4077.3756241925216,4216.137244777536,41.644,-121.3293,133
4310,GW-Uruguaiana - Brazil,gateway,-1,-1,0.0,0.0,0.0,0.0,0.0,0.0,0.0,2465.858156849651,4962.9741912512245,-3146.7960891578136,3011.1153441546317,-4652.3922509741415,-3146.7960891578136,-29.7547,-57.0883,134
4311,GW-Vernon - UT,gateway,-1,-1,0.0,0.0,0.0,0.0,0.0,0.0,0.0,4835.861377199414,700.113061425583,4085.6357553615235,-1864.380978874595,-4516.613457434489,4085.6357553615235,40.09,-112.43,136
4312,GW-Villahermosa - Mexico,gateway,-1,-1,0.0,0.0,0.0,0.0,0.0,0.0,0.0,5371.798174186185,2822.718289557716,1957.2581230377264,-312.0043528569256,-6060.248134374697,1957.2581230377264,17.9893,-92.9472,81
4313,GW-Villarejo de Salvanes - Spain,gateway,-1,-1,0.0,0.0,0.0,0.0,0.0,0.0,0.0,-2246.2194226066968,4333.197561838719,4092.147527714251,4872.858382700877,-278.1258466276979,4092.147527714251,40.1667,-3.2667,143
4314,GW-Villenave d’Ornon,gateway,-1,-1,0.0,0.0,0.0,0.0,0.0,0.0,0.0,-2275.0836854566933,3923.419212090462,4469.5384657913,4535.11441111667,-44.287331299694394,4469.5384657913,44.7738,-0.5595,128
4315,GW-Virginia Beach - VA,gateway,-1,-1,0.0,0.0,0.0,0.0,0.0,0.0,0.0,3637.916434373142,3594.803593486862,3798.2043586302134,1236.4789284729989,-4962.6775755302215,3798.2043586302134,36.7838,-76.0093,142
4316,GW-Wagin - Australia,gateway,-1,-1,0.0,0.0,0.0,0.0,0.0,0.0,0.0,-2825.855046212564,-4525.436847561995,-3483.3633667202007,-2451.1525520896635,4738.869756583439,-3483.3633667202007,-33.3167,117.35,129
4317,GW-Wailuku - HI,gateway,-1,-1,0.0,0.0,0.0,0.0,0.0,0.0,0.0,4832.51266620585,-3490.041778108764,2261.107013069235,-5466.789710005605,-2376.5059538240994,2261.107013069235,20.9005,-156.5046,96
4318,GW-Warra - Australia,gateway,-1,-1,0.0,0.0,0.0,0.0,0.0,0.0,0.0,158.91730936792538,-5685.505597274738,-2876.566720914238,-4971.383938332883,2763.2535796674442,-2876.566720914238,-26.9833,150.9333,111
4319,GW-Warren - MO,gateway,-1,-1,0.0,0.0,0.0,0.0,0.0,0.0,0.0,4333.4926792333845,2452.1191640201164,3972.684252970245,-101.17391838585417,-4978.133288067175,3972.684252970245,38.7728,-91.1643,143
4320,GW-Watkins - CO,gateway,-1,-1,0.0,0.0,0.0,0.0,0.0,0.0,0.0,4718.5182470577765,1357.5398119204758,4057.382754357103,-1239.0504597600493,-4751.008603121519,4057.382754357103,39.7582,-104.617,139
4321,GW-Weehawken - NJ,gateway,-1,-1,0.0,0.0,0.0,0.0,0.0,0.0,0.0,3321.4665217349766,3517.5722097831544,4142.406412007896,1331.457379977021,-4651.093995110152,4142.406412007896,40.7616,-74.0253,139
4322,GW-Wellington - UT,gateway,-1,-1,0.0,0.0,0.0,0.0,0.0,0.0,0.0,4850.918412305088,853.1633641562146,4038.7378931324747,-1740.4163811991302,-4607.629324157119,4038.7378931324747,39.5401,-110.6928,138
4323,GW-West Jordan - UT,gateway,-1,-1,0.0,0.0,0.0,0.0,0.0,0.0,0.0,4792.637847319777,731.7908762497271,4130.466712627204,-1815.087085685907,-4495.592763307252,4130.466712627204,40.6198,-111.9863,136
4324,GW-Westbury - NY,gateway,-1,-1,0.0,0.0,0.0,0.0,0.0,0.0,0.0,3292.9423942239596,3544.8530685791056,4141.926951090866,1369.4717127328145,-4640.474126370793,4141.926951090866,40.7559,-73.5579,140
4325,GW-Westminster - CO,gateway,-1,-1,0.0,0.0,0.0,0.0,0.0,0.0,0.0,4720.688649454482,1316.9365027239298,4068.1532313463435,-1275.081994721972,-4732.165358906106,4068.1532313463435,39.8845,-105.0802,139
4326,GW-Willemstad - Curaçao,gateway,-1,-1,0.0,0.0,0.0,0.0,0.0,0.0,0.0,3866.675359883345,4892.157468646569,1335.7483983252014,2235.703357090265,-5821.1694302656,1335.7483983252014,12.1696,-68.99,81
4327,GW-Wise - VA,gateway,-1,-1,0.0,0.0,0.0,0.0,0.0,0.0,0.0,4012.368014512398,3150.5987551050275,3815.3838730320713,663.4084138862585,-5058.18731127431,3815.3838730320713,36.9773,-82.528,138
4328,GW-Wola Krobowska - Poland,gateway,-1,-1,0.0,0.0,0.0,0.0,0.0,0.0,0.0,-3178.9052825730846,2554.282144596645,4887.722382555579,3818.4683846669054,1431.4661243199619,4887.722382555579,50.35,20.55,100
4329,GW-Yamaguchi - Japan,gateway,-1,-1,0.0,0.0,0.0,0.0,0.0,0.0,0.0,-1619.9948557185057,-5027.110096745326,3563.5415837766304,-3497.7215388020154,3957.5451095791295,3563.5415837766304,34.1861,131.4706,132
