id,name,kind,shell_id,plane_id,inclination_deg,raan_deg,argp_deg,true_anomaly_deg,arg_of_lat_deg,semi_major_axis_km,altitude_km,eci_x_km,eci_y_km,eci_z_km,ecef_x_km,ecef_y_km,ecef_z_km,lat_deg,lon_deg,degree
0,STARLINK-5372,satellite,0,61,43.0054,64.0921,101.8753,39.1433,141.0186,6866.5596,486.129,-5168.843841344812,-3417.979186469216,2943.532941553296,-1508.3929115714996,6010.347677103698,2943.532941553296,25.5472,104.0883,4
1,STARLINK-5368,satellite,0,61,43.0167,64.0562,123.3043,35.3096,158.6139,6868.9062,484.9539,-4440.341353151577,-4945.029791398609,1706.9926623934628,-3190.680905453432,5830.052000617372,1706.9926623934628,14.4911,118.6911,2
2,STARLINK-4659,satellite,0,61,42.9877,64.1625,81.9391,31.2351,113.1742,6862.5157,488.2473,-5326.987201819818,-419.0800342477076,4298.741474605326,1372.9582796196382,5164.049407769167,4298.741474605326,38.991,75.1113,4
3,STARLINK-5387,satellite,0,61,42.9821,64.2392,84.3995,4.6943,89.0939,6858.6306,486.6921,-4468.730074109233,2276.859209804867,4672.854815701105,3631.137184505633,3459.5489711553532,4672.854815701105,43.1537,43.6138,5
4,STARLINK-5304,satellite,0,61,42.9914,64.3357,94.7524,324.5809,59.3334,6863.4786,487.6517,-2374.349116079403,5021.818609005847,4022.6350400564966,5525.229512996819,572.7431322097212,4022.6350400564966,36.0808,5.9181,14
5,STARLINK-5082,satellite,0,61,43.0167,63.9928,167.352,35.3592,202.7112,6868.7692,488.1709,-1035.088761024091,-6541.01981958202,-1808.1418704104703,-5826.53763273847,3147.667110360557,-1808.1418704104703,-15.3625,151.6208,6
6,STARLINK-5360,satellite,0,61,43.0181,64.0539,125.0224,36.0923,161.1147,6869.1548,484.9248,-4300.911272824798,-5127.705244248843,1515.2704783211182,-3409.2816744065517,5759.166373110276,1515.2704783211182,12.8344,120.6245,4
7,STARLINK-5432,satellite,0,58,42.9846,53.0051,98.9097,332.4192,71.329,6871.7798,498.6493,-2478.485322007655,4620.125388725943,4436.0778697945325,5180.8807081993145,804.3153525611735,4436.0778697945325,40.4108,8.8245,20
8,STARLINK-5087,satellite,0,58,43.0214,52.7196,151.6131,33.3825,184.9956,6870.0357,485.7775,-3794.0522940698074,-5705.361740513556,-407.79370352893136,-4122.43413362658,5472.798389687192,-407.79370352893136,-3.4273,126.9892,4
9,STARLINK-5084,satellite,0,58,43.0107,52.6795,166.64,43.8016,210.4416,6867.7825,489.4866,-1565.6937890250065,-6248.857858205209,-2372.6384005617806,-5374.809218522548,3551.2036603846745,-2372.6384005617806,-20.3353,146.5468,16
10,STARLINK-5418,satellite,0,58,42.9883,52.5957,79.9249,164.0931,244.018,6862.9041,496.021,1759.3518463432729,-5131.934881449217,-4208.476086828444,-5424.95568907959,43.93538653139183,-4208.476086828444,-37.9751,179.536,8
11,STARLINK-5427,satellite,0,58,42.9937,52.8335,87.2834,36.5757,123.8591,6872.1303,495.6994,-5635.093027336426,-529.0466794285248,3888.5661548816997,1371.5016514694576,5491.188126058559,3888.5661548816997,34.6575,75.9765,4
12,STARLINK-5416,satellite,0,58,43.023,52.7496,130.1768,33.3219,163.4987,6878.882,494.2084,-5123.838830584101,-4380.7469006297115,1331.6820340305662,-2431.5091808705165,6287.482077312083,1331.6820340305662,11.2425,111.1426,5
13,STARLINK-5078,satellite,0,58,42.9893,53.0022,102.9709,328.452,71.4229,6862.121,489.0697,-2483.0081053316326,4606.650467747696,4432.722492378289,5169.671163039323,813.0546409573618,4432.722492378289,40.4421,8.9379,20
14,STARLINK-5407,satellite,0,58,42.9978,52.6344,115.8237,113.3049,229.1286,6865.0496,493.3055,291.2779339100972,-5875.16642585861,-3540.609141826203,-5638.722374184269,1675.480036644094,-3540.609141826203,-31.2018,163.4513,17
15,STARLINK-5409,satellite,0,58,42.991,52.8354,86.4023,33.4889,119.8912,6877.4105,502.1529,-5542.369431499163,-96.50191794309568,4063.01942687461,1748.741036069244,5260.140333123301,4063.01942687461,36.4106,71.6105,4
16,STARLINK-5406,satellite,0,58,42.9819,52.963,102.3244,338.5277,80.852,6864.6238,493.3846,-3299.0453156981134,3856.000486443046,4618.655885361307,4732.465263419585,1831.9968004900193,4618.655885361307,42.4843,21.162,12
17,STARLINK-5400,satellite,0,58,42.9853,52.444,106.2966,183.7454,290.042,6866.7307,501.6488,5178.6616811647,-1011.4483662023141,-4401.01386266117,-2673.136912330636,-4549.275068996418,-4401.01386266117,-40.0063,-120.4383,4
18,STARLINK-5403,satellite,0,58,43.0065,52.7992,105.4105,38.1436,143.5541,6872.1521,491.3192,-5715.119232945057,-2595.8666760953197,2782.0687218507865,-551.5613987377484,6252.750728300555,2782.0687218507865,24.0362,95.0411,4
19,STARLINK-5405,satellite,0,58,42.983,52.8875,83.1942,20.1477,103.3419,6875.675,503.4576,-4857.748222055596,1686.9266087997025,4558.853090781872,3203.788133811071,4022.3352378950394,4558.853090781872,41.7353,51.4627,5
20,STARLINK-5359,satellite,1,99,42.9862,53.2977,103.8399,184.0677,287.9076,6876.0778,510.9569,5103.989687421482,-1166.1086691905516,-4463.723438356725,-2794.2405701109215,-4427.498141615916,-4463.723438356725,-40.6264,-122.2565,4
21,STARLINK-5411,satellite,0,58,42.9853,52.878,83.1273,24.3139,107.4412,6862.0658,489.1125,-5056.94055025452,1249.5798340995461,4460.998128650402,2857.3609609595824,4355.408801637439,4460.998128650402,40.7533,56.7332,4
22,STARLINK-5398,satellite,0,58,43.021,52.6942,161.1928,35.8463,197.0391,6869.4232,487.354,-2808.0671704380516,-6111.832983882404,-1372.3833354635033,-4833.152191929607,4677.64722336036,-1372.3833354635033,-11.6026,135.9367,5
23,STARLINK-5379,satellite,0,58,43.0022,52.785,99.2595,37.7411,137.0006,6872.5477,493.1791,-5764.7767079137875,-1928.0409428148537,3193.9326260363705,94.88101510193661,6077.9099995186625,3193.9326260363705,27.8663,89.1056,4
24,STARLINK-5401,satellite,0,58,42.9957,52.3874,95.9238,211.9163,307.8402,6864.5715,494.1802,5712.334525640026,916.1530304183373,-3697.7231531592383,-1031.9850046840816,-5692.548555618209,-3697.7231531592383,-32.7471,-100.2754,4
25,STARLINK-5397,satellite,1,99,42.9888,53.2796,106.115,187.6492,293.7642,6877.5447,511.22,5350.399414349134,-531.705008489069,-4294.037897039619,-2277.6036594837137,-4870.524168857631,-4294.037897039619,-38.7857,-115.0622,4
26,STARLINK-5491,satellite,1,104,42.9987,220.4056,84.8578,323.3598,48.2176,6881.7681,503.8683,-1058.0696640201243,-5825.586432411927,3496.953246690602,-5144.042206393381,2931.859218015949,3496.953246690602,30.723,150.3189,5
27,STARLINK-5655,satellite,1,104,43.0181,220.0018,134.4968,33.2487,167.7454,6880.9264,496.4588,5831.521628459216,3500.9087495082345,995.42359628238,1366.6465256020895,-6662.978601919015,995.42359628238,8.3774,-78.4088,9
28,STARLINK-5653,satellite,1,104,43.0199,220.4715,38.4659,329.0682,7.534,6882.219,497.1852,-4757.204206039003,-4925.288429637832,615.007109152515,-3066.8773442251236,6122.395064724111,615.007109152515,5.1641,116.6076,5
29,STARLINK-5547,satellite,0,89,43.0196,231.3798,144.646,32.8422,177.4882,6870.0481,485.2363,4451.497784335913,5219.931491722134,205.21146005737174,3446.291831072629,-5931.82854753086,205.21146005737174,1.7241,-59.8441,6
30,STARLINK-5608,satellite,0,89,43.0068,231.3183,172.0855,43.372,215.4575,6867.0875,490.3453,1221.54354333767,6185.39092629681,-2716.369358837854,5429.180509477447,-3205.4997324746532,-2716.369358837854,-23.4383,-30.5585,9
31,STARLINK-5665,satellite,1,104,43.016,220.0512,167.2311,30.1299,197.361,6885.0186,502.7344,4060.6311334130746,5374.38241638422,-1400.5115084751405,3721.7319888970046,-5614.394229300628,-1400.5115084751405,-11.8167,-56.46,8
32,STARLINK-5574,satellite,1,104,43.0119,219.6891,5.1987,328.5904,333.7891,6877.7287,497.702,-6163.427043521186,-2230.101148788097,-2071.0325673945945,-57.72116467508537,6554.224006072942,-2071.0325673945945,-17.6379,90.5046,4
33,STARLINK-5654,satellite,0,18,43.0188,219.6601,20.8235,330.1578,350.9813,6874.3842,490.1027,-5724.299161265028,-3723.2038609778274,-734.5026858080295,-1611.9292351496417,6635.625970391157,-734.5026858080295,-6.1774,103.6538,4
34,STARLINK-5635,satellite,0,18,42.9824,220.3107,99.4457,341.3755,80.8213,6874.8672,502.9456,2374.568826403571,-4493.2199455549,4624.731761764921,-5026.676302756591,-748.4169544881639,4624.731761764921,42.48,-171.5315,4
35,STARLINK-5625,satellite,0,18,42.9802,219.8541,91.6372,180.4709,272.1081,6873.3164,509.5863,-3416.5325322632384,3697.9885338800636,-4685.718178685839,4622.4123717412895,1995.273817373082,-4685.718178685839,-43.1218,23.3475,4
36,STARLINK-5586,satellite,0,18,43.021,220.068,147.5446,30.6934,178.238,6877.0795,492.6281,5354.994207836352,4302.388253274793,144.13579069532273,2280.8623542226856,-6479.519624861673,144.13579069532273,1.2096,-70.6074,7
37,STARLINK-5689,satellite,0,26,42.9854,271.4815,83.5133,8.9835,92.4968,6870.4298,498.9343,5009.3097659645955,428.8022016854682,4677.643538645666,-1258.3354077706667,-4867.612110789972,4677.643538645666,43.1127,-104.4943,109
38,STARLINK-5690,satellite,0,26,43.0193,270.7692,27.3422,328.5565,355.8987,6870.1548,485.7226,-266.96290920518527,-6850.432758482055,-334.91460179290084,-6373.383110417264,2525.804010849478,-334.91460179290084,-2.8143,158.3813,4
39,STARLINK-5694,satellite,0,26,42.9818,271.1135,75.387,179.3629,254.7499,6862.5841,497.7953,-4880.7312535018345,1711.6290244328445,-4516.609205354831,3234.719017748218,4035.8152041946278,-4516.609205354831,-41.3061,51.2877,4
40,STARLINK-5692,satellite,0,26,43.0165,270.8256,49.6647,326.8614,16.5261,6869.4106,484.954,1521.8528118311422,-6557.556840307891,1331.6636794039746,-6690.905232880582,741.1982591442262,1331.6636794039746,11.2578,173.6787,4
41,STARLINK-5696,satellite,0,26,42.9801,271.461,90.2931,6.9252,97.2184,6872.0785,500.506,4961.725243706215,989.90689272529,4645.673792836292,-713.2508656142205,-5008.982556667283,4645.673792836292,42.7361,-98.1041,109
42,STARLINK-5695,satellite,0,26,43.017,271.2547,164.5859,29.3791,193.9651,6876.5237,493.7663,-1358.1642341397305,6640.07776792995,-1131.2872359436135,6714.411191933216,-922.9979397029614,-1131.2872359436135,-9.5344,-7.8271,4
43,STARLINK-5704,satellite,0,26,42.9865,271.3615,82.0916,31.2793,113.3709,6862.5765,488.7171,4539.4978887358975,2829.284921861431,4292.609190132585,1161.987997522571,-5221.271698017984,4292.609190132585,38.9218,-77.4534,89
44,STARLINK-5701,satellite,0,26,43.0182,271.2634,160.2661,28.7981,189.0642,6872.6542,489.1103,-940.287753417118,6762.159891932558,-738.0582265423946,6690.858324609791,-1357.7048071239276,-738.0582265423946,-6.2083,-11.4707,4
45,STARLINK-5706,satellite,1,107,43.005,271.2089,171.716,44.2581,215.9741,6876.1052,499.6609,-3069.774462052035,5499.753494006458,-2754.253281324095,6206.908739643293,1070.087678857582,-2754.253281324095,-23.7505,9.7818,4
46,STARLINK-5371,satellite,0,26,42.9842,271.1323,69.4844,178.8844,248.3688,6867.0917,501.1622,-4721.362672218642,2439.9243950050286,-4354.518360083954,3868.816823860563,3643.7278876685723,-4354.518360083954,-39.5047,43.2838,4
47,STARLINK-5373,satellite,0,26,43.0188,270.8116,49.1128,326.6326,15.7454,6869.4223,484.8626,1454.8969659825912,-6584.824718523572,1270.4397062508178,-6694.4012014563705,813.4090663644563,1270.4397062508178,10.7342,173.0722,4
48,STARLINK-5013,satellite,0,26,43.0184,271.2537,156.1164,31.0839,187.2003,6870.3393,486.3761,-777.8988158340501,6794.830693724787,-586.9693256264098,6667.772163308668,-1521.7309559401547,-586.9693256264098,-4.9359,-12.856,4
49,STARLINK-5362,satellite,0,26,43.002,270.7704,77.52,324.6235,42.1436,6866.2774,486.6673,3434.554005972963,-5040.95932663129,3139.49286188484,-5895.216406972856,-1566.4787479100933,3139.49286188484,27.3801,-165.1192,9
50,STARLINK-5344,satellite,0,26,42.9883,271.1406,74.9468,167.6271,242.5739,6873.2764,505.9573,-4526.747534624173,3077.7241638615255,-4161.590058490243,4405.850318863297,3248.432274007778,-4161.590058490243,-37.4161,36.4013,4
51,STARLINK-5363,satellite,0,26,42.9939,271.3616,88.7922,36.9623,125.7544,6864.9999,488.8853,3975.773627822505,4104.282328024398,3796.564164583038,2551.8170897870145,-5112.7427969821865,3796.564164583038,33.7654,-63.4758,51
52,STARLINK-5365,satellite,1,107,43.0129,271.2242,170.8647,31.7845,202.6492,6882.6321,502.3048,-2072.144828108388,6305.621527256167,-1807.0533743243452,6635.9227239949305,-138.4797271099218,-1807.0533743243452,-15.3206,-1.1955,3
53,STARLINK-5366,satellite,0,26,43.0089,270.8795,11.8528,316.7614,328.6142,6873.7611,496.1611,-2526.5723100004916,-5905.613892862309,-2441.0832721099173,-4732.067388062713,4343.6598996771,-2441.0832721099173,-20.9272,137.4506,12
54,STARLINK-5141,satellite,1,107,43.0201,271.2412,164.7185,31.3308,196.0494,6882.3373,500.0937,-1532.9677079586124,6577.747327445031,-1297.2263315343648,6713.640434921438,-737.4157632855552,-1297.2263315343648,-10.9385,-6.2682,3
55,STARLINK-5367,satellite,1,107,43.0188,271.2572,142.5788,31.8343,174.4132,6885.5526,501.0578,339.3104538824651,6855.518006202785,456.90167453069887,6354.16448813098,-2595.7373471250294,456.90167453069887,3.832,-22.2205,3
56,STARLINK-5737,satellite,0,3,43.001,296.8891,82.018,322.0313,44.0493,6863.3846,484.3289,5339.168261786031,-2818.9184289821155,3251.8016339512205,-4431.399708356663,-4100.69694828754,3251.8016339512205,28.456,-137.2197,11
57,STARLINK-5751,satellite,0,26,43.0047,270.9064,75.7967,323.3271,39.1239,6866.6902,486.5113,3249.6462973139855,-5271.6508166782705,2952.681071636699,-6051.447763714137,-1315.4783744593994,2952.681071636699,25.6307,-167.7357,9
58,STARLINK-5752,satellite,0,3,43.0014,296.7977,88.8857,324.2975,53.1833,6872.3831,495.1342,5443.846637068826,-1860.5314552152129,3749.258781109505,-3562.1026860129646,-4517.573237709603,3749.258781109505,33.256,-128.2557,52
59,STARLINK-5754,satellite,0,3,42.9869,296.732,84.6712,9.0017,93.6729,6858.7451,487.0895,4272.006955605852,2643.2936898676735,4664.559173587246,1075.3355385546686,-4907.208823675674,4664.559173587246,43.0556,-77.6399,83
60,STARLINK-5757,satellite,0,26,43.0003,271.0582,79.3285,230.1026,309.4311,6864.9061,493.7406,-3797.270507205705,-4431.771938107142,-3616.773117652195,-2919.990951527251,5053.0702210920435,-3616.773117652195,-31.9477,120.0221,10
61,STARLINK-5742,satellite,0,3,42.981,296.3346,85.1947,179.3998,264.5945,6861.2369,497.9316,-4768.775909860593,-1638.729566962774,-4660.2522223712685,37.16874581868334,5042.348337475208,-4660.2522223712685,-42.922,89.5777,4
62,STARLINK-5736,satellite,0,3,42.9858,297.0927,108.0126,186.3828,294.3954,6872.8284,506.6189,-2784.9764408563497,-4614.96489759825,-4269.904734599376,-3428.8241833969078,4158.985393283013,-4269.904734599376,-38.5586,129.5035,15
63,STARLINK-5767,satellite,0,3,43.0108,296.5976,106.0702,35.6285,141.6987,6873.012,492.2059,370.0650932277369,6211.617161893308,2903.0622078655697,5736.565111319013,-2411.0073958307566,2903.0622078655697,25.1477,-22.7964,4
64,STARLINK-5727,satellite,0,3,42.9907,296.5762,87.6614,35.3626,123.024,6863.8796,487.9416,2089.744931428816,5225.139289661141,3921.4398354924306,4235.180349271878,-3705.7201572615145,3921.4398354924306,35.0378,-41.1854,5
65,STARLINK-5728,satellite,0,3,43.0141,296.5046,166.1681,33.6321,199.8002,6872.6484,491.5853,-4406.444967483984,5024.077715579385,-1587.2032753415547,6201.907989796696,2488.865490488028,-1587.2032753415547,-13.4413,21.8659,4
66,STARLINK-5697,satellite,0,3,42.9868,296.6654,80.2707,33.6145,113.8852,6862.6821,488.7025,2853.216565048647,4540.414747342916,4275.847914904224,3335.8490819527287,-4198.609501655539,4275.847914904224,38.7419,-51.5324,12
67,STARLINK-5762,satellite,0,3,43.0127,296.498,167.082,36.0845,203.1665,6874.1648,493.8542,-4586.9140252435955,4771.129581275601,-1843.7871754689245,6023.208586241987,2743.0669118561987,-1843.7871754689245,-15.6596,24.4853,4
68,STARLINK-5760,satellite,0,3,43.012,296.5919,103.6936,40.1719,143.8655,6872.7609,491.8545,165.11517354577288,6284.325447035997,2762.0755778490147,5873.183147167758,-2241.8137890163575,2762.0755778490147,23.8509,-20.892,3
69,STARLINK-5759,satellite,0,3,43.005,296.4714,160.421,56.6277,217.0487,6866.8872,490.985,-5150.293134303125,3556.6607902638757,-2821.2931419713536,5064.6142433784025,3677.640264084971,-2821.2931419713536,-24.3979,35.9851,4
70,STARLINK-5703,satellite,0,3,42.9867,296.2514,102.1324,187.4678,289.6002,6862.1548,496.5944,-3224.7361727089033,-4158.421461073371,-4410.10021136361,-2852.190821661303,4422.261858859545,-4410.10021136361,-40.1409,122.8205,10
71,STARLINK-5750,satellite,0,3,42.9823,296.372,75.2761,178.8479,254.124,6861.85,497.3151,-5163.010595231339,-463.3090133978163,-4502.6449335565185,1276.8056756199305,5024.052240479935,-4502.6449335565185,-41.1546,75.7408,4
72,STARLINK-5729,satellite,0,3,43.0193,296.5179,157.0353,31.4159,188.4512,6870.0015,486.0908,-3691.30373646367,5745.891251636792,-688.2361801878367,6645.404608998809,1574.6704839947502,-688.2361801878367,-5.7903,13.3307,5
73,STARLINK-5743,satellite,0,92,42.9843,285.1119,79.3008,176.5337,255.8345,6872.4482,507.8305,-5147.604186382541,353.0636867030641,-4545.890608516202,2041.7744286951586,4738.527198281971,-4545.890608516202,-41.5581,66.6894,4
74,STARLINK-5744,satellite,0,3,42.9888,296.8114,103.1203,325.9947,69.115,6875.4328,502.2041,5296.340109829796,-68.06170421981462,4377.621409992768,-1822.3049808961537,-4973.434981094482,4377.621409992768,39.7479,-110.1232,99
75,STARLINK-5748,satellite,0,26,42.9896,270.8537,98.956,323.0407,61.9968,6869.868,495.3661,4481.679006254038,-3157.182551644271,4133.400272913561,-4465.842920973667,-3179.5432666807037,4133.400272913561,37.1875,-144.5503,5
76,STARLINK-5714,satellite,0,26,42.9902,270.6231,83.4403,36.7936,120.234,6863.7898,488.5575,4297.0462079927665,3500.78758471041,4040.940118331784,1875.8962482305108,-5215.470553340538,4040.940118331784,36.2651,-70.2174,69
77,STARLINK-5948,satellite,0,5,43.0075,347.6,79.1997,321.7259,40.9256,6866.2571,486.4641,5768.165645917626,2096.608567515329,3065.3601744061557,63.00356704546757,-6137.062241387367,3065.3601744061557,26.6833,-89.4118,73
78,STARLINK-5940,satellite,0,90,42.981,336.1303,82.9851,14.2864,97.2715,6871.7624,500.1537,1221.9959773245787,4909.8982896269035,4644.968267284446,4225.8604785324505,-2782.530970008444,4644.968267284446,42.7308,-33.363,5
79,STARLINK-5939,satellite,0,90,42.9906,336.2351,102.6738,322.7663,65.4401,6876.7534,502.7216,4456.89370261044,3033.4144236034267,4262.307829386014,1381.9631643846062,-5211.111431736804,4262.307829386014,38.5035,-75.1473,82
80,STARLINK-5774,satellite,1,110,43.0207,336.3541,32.9608,327.2293,0.1901,6886.4565,501.6753,6308.854571608397,-2744.0711707841356,15.577098703676176,-4682.680576548928,-5040.2455509671545,15.577098703676176,0.1305,-132.8939,1
81,STARLINK-5758,satellite,0,6,42.9971,322.1042,95.8496,37.1428,132.9924,6868.8977,490.5908,-1437.9835809182389,5772.1278343410695,3423.572231335965,5922.171390544686,-559.5914009162312,3423.572231335965,30.0764,-5.3979,10
82,STARLINK-5795,satellite,0,6,42.986,322.2575,95.0769,348.1654,83.2423,6869.4682,497.7941,3691.9967871992235,3449.651674037478,4648.917865584568,2028.5039830043056,-4627.754157235951,4648.917865584568,42.794,-66.3305,56
83,STARLINK-5798,satellite,1,103,43.0195,322.4378,37.0266,326.4474,3.474,6880.4417,495.9439,5624.642633688077,-3941.4616881572,284.1796515083225,-5585.054959406749,-3997.3598907677338,284.1796515083225,2.3841,-144.4078,1
84,STARLINK-6076,satellite,0,80,43.0207,91.9289,145.4588,29.9856,175.4445,6872.8737,487.8701,-168.0996895448506,-6853.7948422057725,372.0571491658459,-6409.371875049822,2433.662550969599,372.0571491658459,3.1257,159.208,4
85,STARLINK-6101,satellite,0,23,43.0191,89.804,22.271,321.6373,343.9083,6869.4525,487.1406,1413.65219954323,6590.754728772395,-1298.0870558820357,5747.789605116869,-3521.2746401579593,-1298.0870558820357,-10.9669,-31.4929,10
86,STARLINK-6107,satellite,0,74,43.0204,78.5205,32.8697,326.1687,359.0384,6878.9958,494.5749,1450.2347415184813,6717.496305209402,-78.6918487935388,5855.2012466897695,-3597.854329565291,-78.6918487935388,-0.6601,-31.5695,7
87,STARLINK-6091,satellite,1,98,43.0099,78.5672,15.9136,313.3565,329.2701,6875.2591,497.4855,3688.2484523342937,5281.661984527514,-2395.6608441903,3757.880170531927,-5232.34809515502,-2395.6608441903,-20.5162,-54.314,13
88,STARLINK-6079,satellite,0,74,42.9806,78.7222,90.0933,183.067,273.1603,6868.7742,505.8908,4998.483474608285,-610.3572808447618,-4679.295139490443,-2234.97887577169,-4512.45415279387,-4679.295139490443,-43.0773,-116.3488,4
89,STARLINK-6092,satellite,0,74,43.0162,78.49,55.7218,324.7855,20.5073,6869.1387,485.1167,-439.8649456304982,6648.636563301821,1639.9891345576293,6417.6582902411,-1792.0690251684077,1639.9891345576293,13.9104,-15.6019,4
90,STARLINK-6094,satellite,0,23,42.9845,89.9548,99.798,182.824,282.622,6859.0765,494.9606,4900.831029727965,1495.9611623833935,-4566.515577141635,-215.67717626903558,-5119.5241904829945,-4566.515577141635,-41.8845,-92.4124,7
91,STARLINK-6115,satellite,0,74,43.0136,78.9055,174.3692,29.0225,203.3916,6868.9761,488.5113,743.1852130107284,-6566.5809068849485,-1859.2792134134975,-6440.941496088626,1478.7094750042556,-1859.2792134134975,-15.8072,167.0701,6
92,STARLINK-6126,satellite,0,74,42.9928,78.3971,98.088,324.6228,62.7108,6862.973,488.2578,-3734.7076044052565,3976.9355874373805,4156.3469570892075,4991.159769835521,2202.8122273593335,4156.3469570892075,37.4742,23.8139,9
93,STARLINK-6119,satellite,1,98,42.9989,78.8483,91.9074,140.9593,232.8667,6876.2048,505.9343,3131.480093368946,-4849.091967969425,-3739.42549129016,-5613.623903876564,-1344.2794184310128,-3739.42549129016,-33.0988,-166.5331,6
94,STARLINK-6124,satellite,0,74,42.9857,78.2337,75.4415,36.0383,111.4798,6867.6584,494.4793,-5086.789003851283,-1507.7979805268194,4354.9291793033335,266.23965920937883,5298.86719626442,4354.9291793033335,39.5552,87.1236,4
95,STARLINK-6122,satellite,0,74,42.9928,78.6232,95.1529,208.8737,304.0267,6864.0004,494.8953,4838.406127613317,2945.6173710441585,-3880.413088718525,1172.502585147052,-5541.847457314815,-3880.413088718525,-34.5793,-78.054,9
96,STARLINK-6121,satellite,1,105,43.0103,26.9906,159.4084,56.9034,216.3118,6882.1668,505.9716,-3588.336917040754,-5171.231303482598,-2779.3782063204603,-3686.8764153450215,5101.444630914711,-2779.3782063204603,-23.957,125.8561,9
97,STARLINK-6117,satellite,0,74,43.0097,78.4502,77.8536,323.1634,41.017,6874.7609,494.786,-2191.869273324848,5737.510944652977,3074.8401977828257,6139.767193102834,163.03854101542262,3074.8401977828257,26.7372,1.5211,9
98,STARLINK-6120,satellite,0,74,43.0098,78.5579,11.2843,317.2789,328.5632,6867.8706,489.9695,3728.324564956862,5221.827045073465,-2442.4753296062786,3688.1348503008726,-5250.289808793189,-2442.4753296062786,-20.9595,-54.9134,13
99,STARLINK-6071,satellite,0,74,42.994,77.9801,81.874,155.4364,237.3103,6863.7424,495.0975,3361.6935261865838,-4507.236338712665,-3940.573591289515,-5367.570704651719,-1674.9171643939248,-3940.573591289515,-35.1914,-162.6698,4
100,STARLINK-5566,satellite,0,74,43.0252,78.092,143.4228,31.9854,175.4082,6878.7115,493.6497,-1806.8819954648961,-6619.279028250594,375.3591466154078,-5644.16519994496,3901.6761263723074,375.3591466154078,3.1508,145.3448,5
101,STARLINK-5564,satellite,0,74,43.016,78.1164,124.5304,34.6335,159.1639,6869.0709,484.8975,-3066.8974117400026,-5908.098567493891,1665.051845030926,-4555.052054889207,4854.17234908388,1665.051845030926,14.1278,133.1792,6
102,STARLINK-5489,satellite,0,74,42.9811,78.3042,89.0512,359.9754,89.0266,6867.8868,496.7337,-4893.595524677039,1132.1362902035703,4679.527613619397,2692.35484455788,4240.310735042983,4679.527613619397,43.1515,57.5868,2
103,STARLINK-5090,satellite,0,74,42.9816,78.3164,105.188,337.8197,83.0077,6873.4064,501.966,-4715.999583321744,1829.2806368165946,4649.0770314672345,3291.017435727324,3841.3700623425666,4649.0770314672345,42.7636,49.4123,5
104,STARLINK-4774,satellite,0,74,42.994,78.6086,101.8621,203.5195,305.3816,6873.3531,503.8612,4805.575722573891,3092.7460287720414,-3822.5694371791355,1322.186719945352,-5559.717465975853,-3822.5694371791355,-33.9433,-76.6227,11
105,STARLINK-5375,satellite,1,98,42.9829,78.6756,94.217,188.8051,283.0221,6877.2378,513.3926,5114.161023463396,557.3353378680594,-4571.392009709192,-1171.8953644793937,-5009.1842556907795,-4571.392009709192,-41.8014,-103.1675,4
106,STARLINK-5377,satellite,0,74,42.9888,78.2027,83.5562,34.6019,118.1581,6875.03,500.1855,-5000.216211846727,-2267.8797136280705,4130.292596304576,-479.4815855967922,5469.509847305712,4130.292596304576,37.1244,95.01,4
107,STARLINK-5376,satellite,0,74,42.9852,77.9422,76.1013,172.465,248.5663,6867.9369,502.3445,4051.4886117788706,-3433.232605909423,-4361.261502380527,-4583.440154971029,-2682.111564318799,-4361.261502380527,-39.5696,-149.6649,4
108,STARLINK-5374,satellite,0,74,42.9839,78.2422,79.4786,26.2147,105.6934,6861.9093,489.0508,-5106.547770425029,-831.8658793225161,4501.40608611731,910.4040180245534,5093.132189211135,4501.40608611731,41.2013,79.8653,4
109,STARLINK-5111,satellite,0,74,43.0091,78.1243,111.2657,37.1494,148.4151,6878.3774,496.5825,-3780.3149664884836,-5187.069705059782,2455.1218591568713,-3638.090274661801,5287.794674948813,2455.1218591568713,21.0518,124.5286,6
110,STARLINK-30107,satellite,0,77,42.985,122.7111,97.0459,186.8833,283.9292,6859.1869,495.2299,3207.7326732689394,4023.961696044186,-4542.287794976475,2730.9994289395745,-4361.589017034918,-4542.287794976475,-41.6113,-57.9473,13
111,STARLINK-30106,satellite,0,65,42.982,140.1913,80.6355,19.1451,99.7807,6861.3467,489.2764,-2270.3527676111476,-4543.740471522618,4607.43616287316,-3532.4659322788125,3649.8991217897733,4607.43616287316,42.3887,134.0633,6
112,STARLINK-30095,satellite,0,64,43.0017,114.6389,139.5839,83.7382,223.3221,6863.3972,489.8243,5211.824137715006,-3102.778451612418,-3211.5453025511993,-4656.892884260305,-3886.3470800720897,-3211.5453025511993,-28.0482,-140.1538,3
113,STARLINK-30103,satellite,0,65,43.0023,140.3725,74.4006,324.2607,38.6613,6866.6023,485.6858,-6124.594773750564,1002.4969343541192,2922.8282415983817,2978.6923902034937,5444.543405152165,2922.8282415983817,25.3567,61.3171,5
114,STARLINK-30113,satellite,0,65,42.9783,140.1978,81.2122,13.8526,95.0648,6861.1925,488.4983,-2733.6587075600683,-4226.4038855088465,4656.140356001214,-3079.3300498283825,3981.5959334275985,4656.140356001214,42.9484,127.718,7
115,STARLINK-30098,satellite,0,65,43.0145,140.3877,55.9166,328.4412,24.3578,6868.496,484.6939,-6134.378809640374,2391.234803184123,1930.4172818896816,4291.934033606519,4992.785746984739,1930.4172818896816,16.4379,49.3168,5
116,STARLINK-30049,satellite,0,65,43.0011,140.7121,138.1662,87.9285,226.0947,6862.9816,489.9704,5973.3701787084765,-214.76089143001838,-3372.3110045239755,-2185.4239348511337,-5563.379886126,-3372.3110045239755,-29.5846,-111.446,4
117,STARLINK-30083,satellite,0,64,43.0023,115.0468,77.2936,324.0693,41.3629,6866.167,485.9823,-5183.09685863072,3260.8515059426613,3091.7076527106483,4796.466979443154,3806.776865652573,3091.7076527106483,26.9328,38.4377,4
118,STARLINK-30089,satellite,0,12,43.0036,100.7402,141.7331,78.0648,219.7978,6863.8847,489.3684,4139.162408081094,-4582.127501446384,-2996.3149919938437,-5696.293612071791,-2383.4422512519723,-2996.3149919938437,-26.0254,-157.2946,4
119,STARLINK-30086,satellite,0,65,43.0203,140.3582,26.7478,329.3857,356.1335,6870.0005,485.2436,-5057.1978197812705,4629.299894413407,-315.7567112135576,6045.530047699546,3233.7646394223457,-315.7567112135576,-2.6534,28.1424,4
120,STARLINK-30109,satellite,0,65,43.0088,140.3022,71.8816,324.1052,35.9868,6865.3579,483.8209,-6152.324426283303,1277.248491501561,2748.9435940242497,3247.0697923236335,5379.4978686736695,2748.9435940242497,23.7603,58.8848,5
121,STARLINK-30108,satellite,1,106,43.0126,129.0403,58.3536,327.065,25.4185,6881.579,498.1753,-5586.633586816446,3463.5670183170446,2012.8546541935627,5121.640823708803,4120.141574829514,2012.8546541935627,17.1259,38.8152,0
122,STARLINK-30104,satellite,0,65,43.011,140.4887,10.8155,313.9949,324.8104,6867.0975,490.3401,-2487.9636836274112,5801.4893060389195,-2698.7359761060907,6298.4054188171485,421.1064465756983,-2698.7359761060907,-23.2773,3.8251,4
123,STARLINK-30101,satellite,0,65,43.0118,140.045,113.3434,35.7479,149.0913,6865.2296,483.1184,2856.4925856388163,-5753.732785313473,2403.261842360526,-6375.688725569969,-784.5916971525012,2403.261842360526,20.6295,-172.9845,9
124,STARLINK-30111,satellite,0,65,43.0009,140.0071,97.775,38.0393,135.8143,6865.8183,486.6084,1521.3318713506296,-5840.42207659463,3260.858271611499,-6014.260411114937,503.6391593757705,3260.858271611499,28.532,175.2132,4
125,STARLINK-30099,satellite,0,65,42.9876,140.2157,95.2116,328.9323,64.1439,6860.4124,485.8954,-5185.5870282175165,-1554.8525368752848,4206.695533603518,254.64885907347076,5407.682793694344,4206.695533603518,38.0224,87.3039,4
126,STARLINK-30094,satellite,0,65,43.0057,139.9642,108.9871,35.8369,144.824,6867.0036,485.4878,2434.2170317374066,-5819.957492443283,2695.6518988710704,-6297.985402413462,-364.27687606287225,2695.6518988710704,23.2667,-176.6897,5
127,STARLINK-30112,satellite,0,65,42.9817,140.0814,78.6814,29.7717,108.4531,6862.0466,488.6461,-1389.0408447348836,-5042.895164170478,4435.020673199348,-4295.866195813573,2984.251955318454,4435.020673199348,40.4704,145.2131,6
128,STARLINK-6156,satellite,0,19,43.0177,129.8027,156.8241,32.808,189.6321,6873.8775,490.6804,4980.418690992253,-4664.494629408375,-784.0447813017558,-6053.242599494091,-3149.656253789384,-784.0447813017558,-6.5953,-152.5109,4
129,STARLINK-6158,satellite,0,19,42.9923,129.2691,97.6678,323.4844,61.1522,6863.2154,488.6147,-5496.850386034819,-219.44263646495807,4096.796368748518,1617.6613875952926,5258.012064671696,4096.796368748518,36.8466,72.8991,4
130,STARLINK-6188,satellite,0,19,43.0169,128.9369,162.8535,34.7843,197.6378,6869.2452,487.5595,5294.402830987421,-4132.900187107446,-1419.0213049020604,-5656.016536472167,-3622.297921556671,-1419.0213049020604,-12.0021,-147.3632,4
131,STARLINK-6189,satellite,0,19,42.9804,129.5761,90.2478,187.3772,277.6249,6864.9514,501.5109,3258.85875777533,3876.300289942547,-4642.101556217884,2574.7395635776193,-4360.800444951107,-4642.101556217884,-42.6878,-59.4412,13
132,STARLINK-6191,satellite,0,19,43.0198,128.9445,155.0532,33.9155,188.9687,6869.8823,486.3911,4870.404818832675,-4781.689327519522,-730.0783514313532,-6127.273402324053,-3006.9779808629914,-730.0783514313532,-6.1434,-153.8604,4
133,STARLINK-6157,satellite,0,19,43.0006,129.0351,99.7808,36.5424,136.3232,6865.7553,486.243,433.44441936969116,-6035.605311725761,3230.7852553705534,-5837.255771188182,1594.6318087085847,3230.7852553705534,28.2471,164.7206,4
134,STARLINK-6159,satellite,0,19,43.0029,129.7463,154.427,65.6485,220.0755,6872.3687,497.6687,5849.607354287108,-1974.2985008771138,-3017.2924332898747,-3804.10985178027,-4862.561979603318,-3017.2924332898747,-26.187,-128.037,4
135,STARLINK-6160,satellite,0,19,42.9881,129.6472,76.6751,178.7757,255.4508,6870.1151,505.5685,4849.643075050291,1775.923372043781,-4536.957035150708,65.40233018810851,-5164.171212688496,-4536.957035150708,-41.4753,-89.2744,9
136,STARLINK-6166,satellite,0,19,43.0205,129.383,33.3232,327.1344,0.4576,6870.9005,486.3395,-4386.3651719032005,5280.097592766708,37.40691477495165,6436.745645384852,2384.9393088809047,37.40691477495165,0.3142,20.3306,4
137,STARLINK-6153,satellite,0,19,43.0,129.3021,83.3941,323.1415,46.5355,6869.3158,491.0479,-5810.1807250427055,1345.929224633954,3397.6125765427614,3198.282736189787,5033.9560064398565,3397.6125765427614,29.8234,57.5705,5
138,STARLINK-6173,satellite,0,19,43.0074,129.3286,73.5356,321.863,35.3985,6867.8728,487.1644,-5793.339330712356,2484.526795309725,2711.21839555328,4266.729275525548,4640.115869971777,2711.21839555328,23.4028,47.4005,5
139,STARLINK-5836,satellite,0,19,43.0178,129.3384,62.8,326.1855,28.9855,6874.5437,491.8111,-5689.95549497666,3103.798128068476,2270.416647794977,4816.5688585128655,4337.029027551065,2270.416647794977,19.4168,42.0011,5
140,STARLINK-6178,satellite,0,19,42.989,129.0774,83.5233,35.1794,118.7026,6863.2137,488.2853,-1339.7154681177744,-5331.124486366227,4102.040468331723,-4584.125777648882,3033.400184502967,4102.040468331723,36.9036,146.5067,7
141,STARLINK-6176,satellite,0,19,43.0188,129.8035,143.025,32.8664,175.8914,6876.5353,491.951,4110.121271259751,-5494.6827868007595,335.80884685202864,-6547.46521741984,-2053.128105770267,335.80884685202864,2.8192,-162.5898,4
142,STARLINK-6145,satellite,0,19,42.9802,129.577,88.6344,185.7967,274.4311,6870.4038,507.3146,3527.006956275467,3604.591085117278,-4673.360807243859,2229.425869295405,-4523.551177320637,-4673.360807243859,-42.9985,-63.7637,13
143,STARLINK-6298,satellite,0,19,43.0089,129.0023,108.7565,37.842,146.5985,6867.374,485.5544,1458.3731156614353,-6189.103485709649,2576.2103429791114,-6322.271990194328,678.7716724434099,2576.2103429791114,22.1802,173.8721,4
144,STARLINK-6303,satellite,0,19,42.9799,129.1442,90.6768,4.8421,95.5189,6865.791,494.4224,-3459.1534111377423,-3666.6213405012163,4656.89099804586,-2310.462653412225,4480.135790753686,4656.89099804586,42.9109,117.2807,5
145,STARLINK-6305,satellite,0,66,42.9839,117.8471,79.6812,21.4695,101.1507,6870.0401,497.9894,-3737.3440329523687,-3476.244271658995,4593.176395666349,-2038.5358636454503,4679.357454770681,4593.176395666349,42.1615,113.5401,5
146,STARLINK-5775,satellite,1,101,43.0017,143.4699,110.6381,117.1007,227.7388,6880.4169,508.3099,5935.323092327941,238.1437149802338,-3473.1996194690973,-1745.5702527149435,-5677.8303190693,-3473.1996194690973,-30.4705,-107.0893,3
147,STARLINK-5335,satellite,1,101,43.0151,143.5122,165.4821,35.4095,200.8917,6880.5274,499.7352,6231.406580372178,-2378.8039449459775,-1672.8743746208947,-4312.416074099619,-5088.438245890722,-1672.8743746208947,-14.1641,-130.281,4
148,STARLINK-5334,satellite,1,101,43.0191,143.571,130.5947,32.9165,163.5111,6881.0522,496.5773,4456.197353480519,-5061.738404348484,1331.0649978199574,-6253.94838713067,-2523.295483753105,1331.0649978199574,11.2333,-158.0273,6
149,STARLINK-5339,satellite,1,101,42.9888,143.24,99.1644,200.0999,299.2642,6876.8748,509.0764,-66.96131710653452,5529.776022545206,-4092.2279293607717,5238.455089438475,-1772.4262899880084,-4092.2279293607717,-36.6713,-18.6932,4
150,STARLINK-5349,satellite,1,101,42.9841,143.2888,96.6389,184.6776,281.3166,6876.6093,512.4278,1868.1309052631439,4764.039307925092,-4600.211226710916,3873.7896282592847,-3343.611449113888,-4600.211226710916,-42.1316,-40.7987,5
151,STARLINK-6280,satellite,0,19,42.9883,129.8422,77.4272,28.2745,105.7017,6868.6709,496.2395,-2521.5990925087185,-4523.803920895772,4506.313856792336,-3430.2594381933154,3880.281444011301,4506.313856792336,41.2032,131.4774,7
152,STARLINK-6319,satellite,0,19,42.998,129.7634,94.8444,38.4496,133.294,6865.6986,487.3386,201.80458401746898,-5951.985511134357,3405.1917904664933,-5681.485294158733,1785.3799223531732,3405.1917904664933,29.9144,162.5549,4
153,STARLINK-6310,satellite,0,19,42.9969,129.5932,88.2628,140.4179,228.6807,6865.4975,494.1752,5796.097700319622,-1089.7059152552467,-3516.978124793525,-2951.912948705814,-5105.723991429191,-3516.978124793525,-30.9665,-120.0347,4
154,STARLINK-6308,satellite,0,19,42.9811,129.5053,82.1326,177.4417,259.5743,6861.4745,497.4392,4601.963970709067,2183.966135921458,-4603.620936592707,532.5245709795985,-5065.984410937233,-4603.620936592707,-42.2834,-83.9992,10
155,STARLINK-6314,satellite,0,19,42.9868,129.3805,97.7623,196.9406,294.7029,6862.9325,496.164,1706.399561501413,5112.975834598814,-4253.073416121978,4256.626991185888,-3306.878892035725,-4253.073416121978,-38.4485,-37.8428,7
156,STARLINK-6249,satellite,0,22,43.0094,155.3349,12.2971,316.2481,328.5453,6867.8006,489.834,-4228.886635011345,4824.594833406722,-2443.6594421910404,5954.796257215349,2387.5927235117965,-2443.6594421910404,-20.9706,21.8485,4
157,STARLINK-6226,satellite,0,22,42.9964,154.7805,104.7112,124.8365,229.5477,6864.8776,493.2768,5658.049599819923,1558.8575670872535,-3562.7792399608647,-407.70330224835425,-5854.685320819845,-3562.7792399608647,-31.4191,-93.9835,4
158,STARLINK-6086,satellite,0,22,43.0144,154.8901,122.9965,34.9087,157.9053,6868.8161,485.1295,4956.249905124021,-4406.867605741782,1760.717034683934,-5802.2007560167485,-3212.3763172232557,1760.717034683934,14.957,-151.029,9
159,STARLINK-6187,satellite,0,22,42.9798,155.0605,79.994,14.0637,94.0577,6861.1375,489.6976,-1670.2396549133416,-4742.595522856177,4663.600547133475,-3919.2510884452327,3149.8228051719598,4663.600547133475,43.0243,141.2119,7
160,STARLINK-6291,satellite,0,22,42.9892,155.0151,75.8924,32.1498,108.0422,6869.0773,496.1921,-89.50379945445741,-5226.189174403063,4451.012051002891,-4900.144101082847,1819.2448997832948,4451.012051002891,40.5924,159.6319,6
161,STARLINK-6244,satellite,0,22,43.0054,155.3456,19.3093,302.8818,322.1911,6870.9828,495.4032,-3648.0756946725005,5063.060199721777,-2872.4458668015372,5986.941934801798,1760.5570508730107,-2872.4458668015372,-24.8523,16.3868,4
162,STARLINK-6263,satellite,0,22,43.0187,154.8666,141.6047,31.9337,173.5384,6869.9929,484.9237,5933.852856698184,-3407.5814022004315,526.9190030144262,-5184.087978407944,-4466.257109671777,526.9190030144262,4.4308,-139.2541,4
163,STARLINK-6255,satellite,0,22,43.0115,155.2395,62.4617,325.987,28.4487,6872.3502,489.6812,-6483.152954815117,356.6123432124406,2230.9961993572697,2488.4528458198674,5997.169918635827,2230.9961993572697,19.0729,67.4646,5
164,STARLINK-6199,satellite,0,22,42.98,155.0758,94.6164,352.6956,87.312,6861.8348,490.7646,-2404.0459787240716,-4410.0552074607895,4670.9003826922535,-3361.9818525464902,3731.635301556072,4670.9003826922535,43.0995,132.017,7
165,STARLINK-6074,satellite,0,22,43.001,154.9232,99.0532,38.0996,137.1528,6865.879,486.2337,3109.3139617189463,-5221.700285163666,3181.5468775367567,-5957.746667135228,-1199.6840545984496,3181.5468775367567,27.7797,-168.6149,9
166,STARLINK-6295,satellite,0,22,43.0199,155.2824,28.3296,327.4695,355.7991,6878.0869,493.9895,-6071.7802435943695,3200.142312861787,-343.45090188326293,5034.195606577369,4665.222475272579,-343.45090188326293,-2.8826,42.8215,4
167,STARLINK-6252,satellite,0,22,42.9923,154.5354,96.7118,207.1907,303.9025,6863.8998,494.3679,-1665.4211454838,5409.653714740415,-3885.73615135578,5655.747367239828,-224.7278869858004,-3885.73615135578,-34.6364,-2.2754,4
168,STARLINK-5302,satellite,0,22,43.0105,154.8102,172.5221,35.8448,208.3668,6868.2308,489.2204,6481.431245467203,-412.80976622871583,-2224.918647100788,-2540.8922553977786,-5976.89128554903,-2224.918647100788,-19.0204,-113.0313,4
169,STARLINK-6265,satellite,0,22,42.9857,155.0674,87.319,1.9881,89.3071,6869.7494,498.3022,-2192.598110811434,-4519.527750894528,4681.331615746361,-3535.4365176228675,3568.5159655658417,4681.331615746361,43.1599,134.7332,7
170,STARLINK-30126,satellite,0,45,42.985,205.7247,76.0352,28.7386,104.7738,6861.7097,489.3547,3681.142664526639,-3611.2350082877656,4521.361687259864,-4628.414385549322,-2273.67761068308,4521.361687259864,41.4212,-153.8377,4
171,STARLINK-30130,satellite,0,37,42.9853,202.4046,100.67,337.3992,78.0692,6858.9793,486.8582,559.8852022285656,-5076.425389632886,4573.149493544197,-4974.434721038028,1156.963863876154,4573.149493544197,42.02,166.9068,4
172,STARLINK-30068,satellite,0,31,42.9861,191.4381,101.96,187.4367,289.3967,6859.612,494.3018,-3173.3282629821747,4189.774294501045,-4414.111073036569,5005.582121803587,1602.6130304547935,-4414.111073036569,-40.201,17.7533,4
173,STARLINK-30053,satellite,0,37,43.0039,202.6509,21.1265,296.6036,317.7301,6863.5483,489.2818,-5986.817202584983,1159.6569811508884,-3148.4342780811735,3081.2063649568795,5262.409321560675,-3148.4342780811735,-27.4531,59.6505,4
174,STARLINK-30125,satellite,0,37,43.0129,202.6239,11.932,319.9571,331.8891,6865.5789,486.7171,-6496.836712365023,-146.09129048012528,-2205.7969421578578,2018.7957150342365,6176.948582694171,-2205.7969421578578,-18.858,71.9012,4
175,STARLINK-30132,satellite,0,45,42.9839,205.3908,78.5854,177.3015,255.8868,6861.6305,497.1846,-576.2450258645421,5118.48691644506,-4539.854411152947,5019.541870644304,-1155.4938565399498,-4539.854411152947,-41.5696,-12.9636,3
176,STARLINK-30066,satellite,0,37,42.9972,202.4592,100.4812,316.4185,56.8997,6861.2214,487.076,-1855.9724798368557,-5314.08004156712,3918.034432065677,-4396.677984717586,3514.726622767905,3918.034432065677,35.0081,141.361,7
177,STARLINK-30080,satellite,0,38,42.9846,194.5993,105.6915,326.6469,72.3384,6866.6003,494.594,-809.2250528503558,-5154.781529175735,4459.0925404209365,-4593.876322688469,2474.453097460985,4459.0925404209365,40.6928,151.6912,6
178,STARLINK-30070,satellite,0,37,42.9987,202.6658,71.8399,238.8313,310.6711,6862.4351,490.6846,-5594.412887991818,1789.4287889651273,-3549.9813956616886,3545.011639042228,4683.204397756016,-3549.9813956616886,-31.3069,52.8756,4
179,STARLINK-30071,satellite,0,45,43.0161,206.0114,10.4074,328.48,338.8873,6868.8884,487.7676,-6548.010041025456,-1183.605220335652,-1686.8559016059464,1057.097558800502,6569.619590672966,-1686.8559016059464,-14.3105,80.8591,4
180,STARLINK-30085,satellite,0,37,42.9841,202.3339,81.4529,17.7974,99.2503,6858.8376,486.8378,2900.2116735036007,-4159.651401568957,4613.107125727684,-4886.507108188084,-1354.9818505531628,4613.107125727684,42.4715,-164.5018,4
181,STARLINK-30119,satellite,0,55,42.9853,38.5867,101.4924,182.6191,284.1115,6861.647,497.3249,4346.6642606113555,-2763.5440134816845,-4540.098762031446,-4049.706719194789,-3182.8511114149055,-4540.098762031446,-41.5713,-141.8346,3
182,STARLINK-30120,satellite,0,55,43.0086,38.7923,171.5814,43.0753,214.6567,6867.1963,490.3653,-2613.018341055017,-5763.056983094124,-2662.944636137418,-4568.898245761107,4377.882988495802,-2662.944636137418,-22.9511,136.2231,13
183,STARLINK-30084,satellite,0,55,43.019,37.9803,157.4994,34.0313,191.5307,6869.7396,486.7234,-4684.153045726353,-4929.825083597711,-936.1400908371126,-3095.40585145712,6054.991967411821,-936.1400908371126,-7.8866,117.0768,4
184,STARLINK-30114,satellite,0,55,42.9842,38.4257,95.8049,180.8958,276.7007,6861.2504,497.8012,3728.0062549883105,-3410.1740883132456,-4649.315112670812,-4454.31020444774,-2384.62545327097,-4649.315112670812,-42.7984,-151.8375,4
185,STARLINK-30151,satellite,0,55,42.9834,38.6266,97.0336,172.8219,269.8554,6860.7661,499.453,3122.6607626945865,-3935.7249587384003,-4682.23658515167,-4749.118944511143,-1639.149303936065,-4682.23658515167,-43.1612,-160.958,4
186,STARLINK-30152,satellite,0,55,43.0206,38.394,49.5689,327.3916,16.9605,6869.309,485.1205,4235.567539837977,5223.717537631532,1365.7850169009548,3521.5405283627824,-5729.398712307143,1365.7850169009548,11.5498,-58.4233,9
187,STARLINK-30128,satellite,0,83,43.021,12.8226,56.0607,323.2615,19.3222,6866.527,481.956,5942.993040521481,3054.3599986264394,1548.411544528608,908.4153492999262,-6619.899004822683,1548.411544528608,13.1258,-82.1864,20
188,STARLINK-30069,satellite,0,14,42.9829,35.2277,90.111,176.5323,266.6433,6858.6591,495.8437,2563.2355183477976,-4326.6414304500695,-4671.743405178853,-4932.170378805152,-981.6810809238261,-4671.743405178853,-43.0694,-168.7432,9
189,STARLINK-30144,satellite,0,14,42.9857,35.3075,92.8904,148.2671,241.1575,6860.8735,493.0053,-160.08365865148178,-5502.644557079621,-4099.121978426374,-5137.495202914258,1977.5911962178159,-4099.121978426374,-36.8434,158.9466,19
190,STARLINK-30142,satellite,0,14,43.0177,35.4008,166.6074,36.3933,203.0006,6866.2373,485.694,-4013.2224240811342,-5257.271760939232,-1829.3080858038543,-3626.998887578869,5530.799188455354,-1829.3080858038543,-15.5526,123.2561,7
191,STARLINK-30133,satellite,0,55,43.0212,37.9866,139.6364,33.3725,173.0089,6869.9187,484.7023,-5744.5118248048575,-3711.109625857467,569.8946152356312,-1593.8112390108683,6650.677897391922,569.8946152356312,4.7932,103.4766,3
192,STARLINK-30123,satellite,0,17,43.0188,325.5316,164.8085,34.0311,198.8396,6866.6016,485.0589,-6271.250000222324,2339.8868556498196,-1511.7880480891185,4288.931546517453,5138.9408686828365,-1511.7880480891185,-12.8042,50.1518,4
193,STARLINK-30076,satellite,0,55,43.0061,38.4734,27.6075,291.4934,319.1009,6866.2568,491.6557,6107.859812189264,655.093878699336,-3065.968133156087,-1409.5349246897995,-5978.98910948546,-3065.968133156087,-26.6672,-103.2652,3
194,STARLINK-30073,satellite,0,70,42.9864,223.9314,81.3859,25.9471,107.333,6859.5752,486.812,4792.478527995464,-2030.659092727295,4462.22748202082,-3506.3642925934823,-3846.665600204809,4462.22748202082,40.7834,-132.3502,52
195,STARLINK-30078,satellite,0,71,42.9846,350.9297,98.8572,180.8934,279.7506,6858.8284,494.8536,367.75983105973313,-5069.605217514142,-4611.820819132291,-4904.225886705989,1335.9314379677394,-4611.820819132291,-42.3957,164.7621,14
196,STARLINK-30135,satellite,0,55,43.0087,38.6913,160.299,57.0805,217.3794,6866.7547,491.0591,-2352.922385992032,-5789.324177657976,-2843.023028453187,-4680.014029901358,4141.254262713664,-2843.023028453187,-24.5977,138.495,15
197,STARLINK-30137,satellite,0,55,43.0217,38.3131,38.7568,325.7169,4.4738,6870.0301,485.1853,5126.094960909004,4549.076415272902,365.2567647152175,2589.54518598592,-6345.486703948404,365.2567647152175,3.0697,-67.8,9
198,STARLINK-30136,satellite,0,55,42.9812,38.5781,85.1626,170.0955,255.2581,6859.2514,495.8081,1662.9589402336821,-4886.039569389495,-4525.954621183486,-5161.005790748106,53.23850493328414,-4525.954621183486,-41.4248,179.409,8
199,STARLINK-6205,satellite,0,83,43.0138,13.2964,59.1035,325.7658,24.8693,6868.705,485.2717,5573.213337318938,3485.1585086529576,1968.5231738934524,1437.5339314629366,-6414.088628137167,1968.5231738934524,16.7703,-77.3675,24
200,STARLINK-6203,satellite,0,83,43.0158,12.8631,165.5159,40.9652,206.4811,6868.3358,488.9957,-5492.374784937274,-3550.0521208782175,-2088.3426104848527,-1525.582044805326,6359.374990023336,-2088.3426104848527,-17.8136,103.49,4
201,STARLINK-6185,satellite,0,83,42.9932,13.2264,94.7649,321.1593,55.9242,6863.9426,487.6944,2790.305943865163,4924.530450988818,3874.1330489285333,3719.067686999923,-4266.771960463605,3874.1330489285333,34.557,-48.9235,6
202,STARLINK-6192,satellite,0,83,42.986,13.0484,79.8245,30.4506,110.2751,6862.2488,488.6645,-3377.6164290155284,4047.888265306081,4386.215855110017,4939.55407059554,1842.4162758783134,4386.215855110017,39.9359,20.4551,12
203,STARLINK-6183,satellite,0,94,43.0074,1.6781,107.8959,37.3792,145.2751,6876.7773,495.5677,-5728.1976624043355,2695.3414093443425,2669.4867250960738,4443.966751000864,4508.688643996131,2669.4867250960738,22.9921,45.4142,5
204,STARLINK-6098,satellite,0,94,42.9848,1.8203,86.5959,7.481,94.0769,6875.3667,503.6907,-647.5930563991886,4996.275521882739,4673.440102108004,4927.943829672307,-1047.6237248438565,4673.440102108004,43.0276,-12.0017,15
205,STARLINK-6110,satellite,1,102,43.0177,1.6592,119.4536,35.0372,154.4908,6881.1937,497.9202,-6264.14932281223,1983.9442680450315,2019.671548734744,3950.814515159837,5250.396772054471,2019.671548734744,17.1864,53.0393,2
206,STARLINK-6116,satellite,0,94,42.9833,1.7798,75.8923,28.9099,104.8022,6874.0266,501.7231,-1905.3848043097262,4802.497612997403,4528.786779035794,5162.673277735328,203.17283946860124,4528.786779035794,41.4127,2.2537,19
207,STARLINK-5950,satellite,0,94,42.9953,1.7143,90.2134,37.2212,127.4346,6877.3843,500.5703,-4294.968790401378,3864.56814747787,3721.3532520719855,5071.140610471437,2768.605567040888,3721.3532520719855,32.9478,28.6325,7
208,STARLINK-5961,satellite,0,94,42.98,1.8124,86.8317,5.706,92.5376,6871.2227,499.8334,-462.68875759133476,5007.534975123403,4677.638630628469,4877.18648350607,-1225.7811462864208,4677.638630628469,43.1057,-14.1079,15
209,STARLINK-5965,satellite,1,102,42.9997,1.6941,97.5494,36.3788,133.9283,6881.3703,502.6369,-4874.972417493646,3478.9857726861705,3377.1487882860033,4899.951745720025,3443.7147047181356,3377.1487882860033,29.5709,35.0998,2
210,STARLINK-5966,satellite,0,94,42.9846,1.4574,80.0253,171.7527,251.778,6873.7984,508.9655,-2028.533363842534,-4832.421261682459,-4454.341159708864,-3885.0491357153114,3517.6179541929664,-4454.341159708864,-40.5377,137.8415,14
211,STARLINK-5808,satellite,0,26,42.9814,271.1312,83.4328,175.8306,259.2634,6861.5904,497.6047,-4959.444675926299,1181.434293306141,-4599.105082333102,2760.715966736434,4286.061809397995,-4599.105082333102,-42.2312,57.2138,4
212,STARLINK-5828,satellite,0,97,42.986,27.5335,103.5194,326.6118,70.1312,6872.9021,499.9349,-114.39190703849026,5269.852932430954,4404.79675431371,5009.014545614957,-1641.4044960535534,4404.79675431371,40.0595,-18.1435,14
213,STARLINK-5834,satellite,1,105,43.0187,27.6609,45.0374,325.8657,10.9031,6884.0872,499.5606,5539.845713177663,3977.4733064230877,887.4797162141415,1913.0098423349025,-6546.035271234867,887.4797162141415,7.4602,-73.7096,7
214,STARLINK-5843,satellite,0,97,42.9816,27.448,86.0557,8.5714,94.6271,6871.5593,500.1339,-2800.2625105782395,4189.149312307531,4667.342866388323,4881.154640346114,1250.908256421789,4667.342866388323,42.9857,14.374,17
215,STARLINK-5838,satellite,1,105,43.0196,27.6685,41.8006,325.0809,6.8815,6883.9162,499.3109,5767.245066113701,3704.0720156681705,562.1828763989333,1579.6264504094363,-6669.786010588029,562.1828763989333,4.718,-76.676,6
216,STARLINK-5542,satellite,0,97,43.021,27.2434,145.2195,35.669,180.8886,6874.0611,489.6761,-6069.585563078773,-3212.736211709941,-72.66602005987501,-1015.7893711845344,6791.885955090466,-72.66602005987501,-0.61,98.5061,4
217,STARLINK-6155,satellite,1,105,43.0022,27.7476,43.8042,273.9822,317.7863,6882.2385,508.4973,6085.516152529552,-619.7047753279829,-3153.7497894313074,-2604.6332355500995,-5534.747199243178,-3153.7497894313074,-27.4198,-115.2015,2
218,STARLINK-6194,satellite,1,105,42.9901,27.549,101.051,320.9752,62.0262,6878.4225,503.7618,804.9618460577217,5428.545485396844,4139.622164241044,4853.532513989454,-2561.306657992816,4139.622164241044,37.1995,-27.8215,2
219,STARLINK-6245,satellite,0,97,42.9942,27.1244,79.6537,162.8422,242.4958,6874.409,507.1125,-792.5510536608923,-5419.088246578502,-4159.810508083986,-4848.7312393879065,2546.4602814589643,-4159.810508083986,-37.39,152.2924,18
220,STARLINK-6184,satellite,1,105,43.0243,27.2461,147.8376,32.1762,180.0138,6884.6045,499.7811,-6114.24616334574,-3149.880985758107,-1.1288341370169155,-941.6732148412933,6813.1496333838895,-1.1288341370169155,-0.0095,97.8692,2
221,STARLINK-6248,satellite,0,97,43.0027,27.1751,148.9895,73.5707,222.5602,6866.0426,491.9176,-2947.7241911018195,-5330.621012659545,-3167.0683423242585,-4049.8776992349867,4550.064714776427,-3167.0683423242585,-27.6177,131.6713,15
222,STARLINK-6240,satellite,0,97,42.9839,27.0843,80.6835,173.3934,254.0769,6871.821,507.3927,522.8230409814339,-5165.772840936411,-4508.34064259958,-5046.413345455377,1221.583121669248,-4508.34064259958,-41.1442,166.3922,13
223,STARLINK-6232,satellite,0,97,42.9938,26.9169,105.8326,199.4334,305.266,6873.2869,504.1691,5398.574730922067,-1864.145020392604,-3828.1850252758254,-3550.483496548156,-4473.668821352782,-3828.1850252758254,-33.9981,-128.4369,4
224,STARLINK-6247,satellite,1,105,43.0079,27.1888,162.057,52.2647,214.3217,6879.5645,502.8847,-3756.9105918754553,-5117.953138373512,-2645.1745873014443,-3580.6617494241677,5242.77435697398,-2645.1745873014443,-22.7454,124.3319,8
225,STARLINK-6251,satellite,0,97,42.9847,27.0856,80.9699,171.6919,252.6618,6874.7657,510.0371,361.99576668508956,-5210.247181624223,-4477.074534792606,-5034.979829519857,1388.0543019094307,-4477.074534792606,-40.7799,164.5874,15
226,STARLINK-6259,satellite,1,105,42.9904,27.1161,80.6298,160.5915,241.2213,6879.0849,511.5523,-937.9573879124039,-5437.385006328517,-4113.076424794021,-4817.723389539532,2689.695356442687,-4113.076424794021,-36.8729,150.8257,16
227,STARLINK-6254,satellite,0,97,43.0198,27.2496,138.2145,33.0553,171.2698,6876.2425,491.247,-6385.082300148857,-2431.0530484184287,711.3208813802578,-173.70099429123377,6830.016315389078,711.3208813802578,5.9807,91.4568,4
228,STARLINK-6225,satellite,0,97,42.9819,27.0514,86.7297,175.3594,262.0891,6873.6343,510.3923,1423.6850455040455,-4869.663037614057,-4645.078692709146,-5066.131664278973,273.50899233184646,-4645.078692709146,-42.6533,176.9097,9
229,STARLINK-6100,satellite,1,100,43.0205,194.7207,146.8385,33.3078,180.1464,6881.2587,497.1323,6646.311145607808,1759.4689496063531,-11.981564622998572,-546.5170922459431,-6853.502892444308,-11.981564622998572,-0.1005,-94.5593,3
230,STARLINK-6170,satellite,1,100,42.9899,195.03,97.0018,324.3044,61.3062,6879.7018,505.0564,-2044.1543500715939,-5116.799508924342,4112.490217167389,-4148.117276316854,3626.7516158908174,4112.490217167389,36.9075,138.8364,5
231,STARLINK-6162,satellite,0,38,42.989,194.4192,94.585,204.1793,298.7643,6863.7147,495.735,-4296.351908609718,3441.3244145421513,-4104.080788081237,4672.35470086565,2910.404610709121,-4104.080788081237,-36.8781,31.9187,4
232,STARLINK-6143,satellite,0,38,42.9931,194.3981,100.2941,204.872,305.1661,6873.404,503.7553,-4857.625474758388,2997.219776251131,-3832.6077375556756,4439.744511612794,3587.2719874267423,-3832.6077375556756,-34.045,38.9379,4
233,STARLINK-6133,satellite,0,38,42.9807,194.5311,83.5839,179.9662,263.55,6867.2095,503.6738,-506.1548068805254,5029.487140710828,-4655.327673197282,4912.322331370902,-1192.0666507450755,-4655.327673197282,-42.8214,-13.6402,4
234,STARLINK-6127,satellite,0,38,43.0183,194.2784,43.5779,327.5263,11.1042,6878.0947,493.4263,-6295.635900214562,-2600.604916663272,902.8333448512551,-363.3303935158111,6801.923870919995,902.8333448512551,7.5968,93.0576,4
235,STARLINK-6112,satellite,0,38,43.0017,194.3695,39.5222,277.3791,316.9013,6866.4789,492.7846,-5708.227283388178,2079.409859228776,-3199.6469083257534,3856.330557096072,4694.307053855991,-3199.6469083257534,-27.9222,50.5972,4
236,STARLINK-5347,satellite,0,38,42.997,194.3818,81.2834,229.585,310.8683,6870.6567,498.9954,-5299.207104659987,2564.6453656129343,-3543.6553471749457,4178.279424264496,4147.406761122755,-3543.6553471749457,-31.2028,44.7875,4
237,STARLINK-5336,satellite,0,38,43.0063,194.3528,11.8228,312.2485,324.0713,6872.2573,496.1435,-6120.845935096864,1477.0629823647537,-2749.908905427164,3425.1052517316753,5283.476509801493,-2749.908905427164,-23.7237,57.046,4
238,STARLINK-5355,satellite,1,100,43.0,194.3701,52.3072,262.6872,314.9944,6877.1744,504.1898,-5593.171320281243,2238.8433502263333,-3316.889232408024,3968.5314298596363,4532.85155890699,-3316.889232408024,-28.9862,48.7977,4
239,STARLINK-5357,satellite,0,38,43.0094,194.2433,65.2951,325.5023,30.7974,6874.3571,492.2671,-5085.328045099405,-3943.7107519735455,2398.5535017508496,-2032.0373167915523,6106.0822271463785,2398.5535017508496,20.5584,108.4069,5
240,STARLINK-5361,satellite,0,38,42.9865,194.4252,112.1335,181.1192,293.2526,6872.9981,506.9065,-3780.5603913180817,3799.752355539269,-4307.814121379093,4839.243834889662,2304.8804616100474,-4307.814121379093,-38.9623,25.468,4
241,STARLINK-5358,satellite,1,100,43.0158,194.3139,14.2316,327.7525,341.9841,6879.2342,497.4975,-6719.015232238258,-109.97698691973672,-1450.4972259322392,2126.6136922714995,6374.541146823437,-1450.4972259322392,-12.2543,71.5508,2
242,STARLINK-5150,satellite,1,100,43.0134,194.3249,9.9037,326.1084,336.0121,6877.7368,497.5803,-6590.674150963717,425.9768042977103,-1906.3933363833974,2589.5755175684158,6075.569161880331,-1906.3933363833974,-16.1963,66.915,3
243,STARLINK-5791,satellite,1,100,42.9799,194.4915,85.353,188.4564,273.8093,6876.8331,513.2603,-1699.6522512766774,4749.092907699021,-4681.029706392315,5044.00448053918,26.833216871968606,-4681.029706392315,-43.0397,0.3048,4
244,STARLINK-6164,satellite,1,100,42.9861,194.5726,73.0503,175.1504,248.2007,6878.7007,512.8742,1297.4480348427544,5167.278566760371,-4357.009545900055,4443.600758513317,-2939.1412842118225,-4357.009545900055,-39.4512,-33.4819,4
245,STARLINK-5525,satellite,0,6,43.0207,321.8779,20.9761,327.5869,348.5631,6869.7467,486.5851,4678.589635814922,-4936.337669623464,-928.644663453344,-6209.480484981171,-2774.7040699030267,-928.644663453344,-7.8232,-155.9225,4
246,STARLINK-5870,satellite,0,6,43.0168,321.8886,12.036,326.5955,338.6315,6868.9028,488.0702,3901.3128127534733,-5384.648096365005,-1706.429900112442,-6374.356423297706,-1892.6851226247247,-1706.429900112442,-14.4794,-163.4627,4
247,STARLINK-5983,satellite,0,6,42.9962,321.9485,80.2991,229.327,309.6261,6864.7546,493.5742,1064.1545491355155,-5744.686756061235,-3606.2788842005994,-5772.19496715308,903.1146609837705,-3606.2788842005994,-31.8451,171.1076,11
248,STARLINK-6294,satellite,0,6,43.0132,322.669,58.5486,326.5775,25.1261,6868.6652,485.2667,6231.59133705123,-2073.326363372205,1987.5033967417596,-4024.3209653070785,-5190.01479470493,1987.5033967417596,16.9367,-127.7899,4
249,STARLINK-6350,satellite,0,6,42.9917,322.382,84.2879,39.7351,124.023,6864.2605,488.4865,-501.8323953894621,5636.883850605792,3876.876951115584,5483.843715178277,-1397.7672931437535,3876.876951115584,34.5803,-14.2995,10
250,STARLINK-6230,satellite,0,6,43.0123,321.8023,66.823,324.2335,31.0565,6867.7144,485.5684,6219.50707748232,-1600.6104918078881,2414.484653123828,-3574.3976274557767,-5335.532197839,2414.484653123828,20.7224,-123.8191,24
251,STARLINK-6233,satellite,0,6,43.0175,322.2654,159.0938,32.9956,192.0893,6869.7262,486.4294,-5951.402709624429,3276.4566811299023,-980.7592289410279,5066.223886713441,4526.338268969735,-980.7592289410279,-8.2653,41.7787,4
252,STARLINK-6250,satellite,0,6,43.0127,322.2435,168.6665,33.9879,202.6543,6869.0306,488.2044,-6192.57628937058,2350.4999074877483,-1803.7282006779092,4272.8273417978235,5061.205135336796,-1803.7282006779092,-15.324,49.8279,4
253,STARLINK-5840,satellite,0,6,43.0188,322.2728,147.0076,31.748,178.7556,6879.073,494.412,-5367.669423927215,4290.643556722426,101.82424507699425,5829.1361675914795,3639.047775872654,101.82424507699425,0.8542,31.976,4
254,STARLINK-5872,satellite,0,6,43.015,322.2968,128.8313,31.9092,160.7405,6876.0817,491.7275,-4117.239185094557,5276.319137119609,1545.6052889286009,6343.845958070773,2132.327508681964,1545.6052889286009,13.0825,18.5788,5
255,STARLINK-5866,satellite,0,6,42.9818,322.0169,100.8764,183.4068,284.2832,6862.0634,497.7323,-1660.6909492072414,-4879.5414365452625,-4536.645227749487,-4051.601576875414,3186.2742697391436,-4536.645227749487,-41.5297,141.8177,14
256,STARLINK-6368,satellite,0,6,43.0214,321.8435,34.9355,327.4265,2.362,6870.1049,485.1959,5519.9810513152825,-4074.023983739426,192.98428943376786,-5675.358663341414,-3854.6291999879054,192.98428943376786,1.6213,-145.8162,4
257,STARLINK-6360,satellite,0,6,42.9809,322.0238,101.3177,180.3988,281.7165,6861.7166,497.8089,-1927.494418214657,-4735.205040586079,-4583.660351111046,-3826.884796291161,3390.037501939474,-4583.660351111046,-42.0557,138.4639,13
258,STARLINK-6365,satellite,0,6,43.0083,321.9021,11.6146,315.8331,327.4477,6867.5412,490.209,2887.3068501515836,-5696.381292759968,-2519.7537229703803,-6331.817861350302,-832.6963733097837,-2519.7537229703803,-21.6542,-172.508,5
259,STARLINK-6330,satellite,0,6,42.9837,321.6944,103.222,328.8801,72.1021,6861.9761,489.1349,4613.336497156485,2440.035091443944,4449.595649150259,770.2988711274285,-5161.713333052673,4449.595649150259,40.6273,-81.5122,96
260,STARLINK-5485,satellite,0,6,43.0071,321.9075,7.6728,317.9592,325.632,6867.2973,490.2682,2711.438387158349,-5726.412155193393,-2643.404012682009,-6301.766966459858,-656.831332183409,-2643.404012682009,-22.7736,-174.0496,7
261,STARLINK-5509,satellite,0,6,42.9794,322.0544,93.5278,179.5188,273.0466,6861.2261,497.8695,-2796.7008303010466,-4180.072317824101,-4674.226999284536,-3014.6989444836126,4025.6838413585483,-4674.226999284536,-43.082,126.8283,13
262,STARLINK-30239,satellite,0,22,42.9817,154.6476,97.0184,184.6782,281.6966,6861.3764,497.474,848.2186686471515,5041.003575658534,-4583.833553641524,4473.605988205918,-2473.467489564361,-4583.833553641524,-42.0602,-28.9383,4
263,STARLINK-30235,satellite,0,22,42.9806,154.6586,90.6712,187.4651,278.1363,6861.5622,498.1711,1250.1588956176427,4910.314952788039,-4634.148631651233,4216.904928973055,-2809.23530873946,-4634.148631651233,-42.6233,-33.6709,4
264,STARLINK-30236,satellite,0,22,42.9928,154.7872,84.7601,150.2707,235.0308,6864.1414,494.7939,5313.512839783014,2047.0817745757404,-3836.8198566372375,167.20552309646118,-5691.748835233786,-3836.8198566372375,-34.1382,-88.3173,10
265,STARLINK-30201,satellite,0,22,42.99,154.7806,75.6861,163.2736,238.9597,6863.7066,494.9151,5036.22954478714,2384.361141036563,-4011.1690974317376,577.4037946002255,-5542.146780504223,-4011.1690974317376,-35.9181,-84.0521,10
266,STARLINK-30233,satellite,0,22,42.9807,154.6801,80.592,183.5119,264.1039,6869.4903,506.138,2777.8036599856605,4220.010811907459,-4661.857731377801,3058.645705039566,-4021.11562592878,-4661.857731377801,-42.8767,-52.7417,12
267,STARLINK-30184,satellite,0,34,43.0202,126.0426,36.3793,328.0251,4.4044,6867.4684,482.371,-4336.126771479894,5304.202574309591,359.44488414041086,6442.807359835564,2329.547950076546,359.44488414041086,3.0221,19.8786,5
268,STARLINK-6316,satellite,0,27,43.0161,180.6143,163.2912,33.7577,197.0489,6869.3582,487.291,6546.749209250788,1541.8231038608494,-1373.0116146367911,-718.7727623604228,-6687.339486560682,-1373.0116146367911,-11.608,-96.1347,1
269,STARLINK-6320,satellite,0,27,43.0144,180.5845,168.618,33.4569,202.0749,6868.7915,488.1195,6342.032126297609,1951.2003010486694,-1759.9834459710482,-264.65285334164383,-6630.121640891781,-1759.9834459710482,-14.944,-92.2858,2
270,STARLINK-6375,satellite,0,27,42.9855,180.4907,73.7486,174.6653,248.4139,6862.4214,496.3752,2485.8656988271114,4691.788065222015,-4352.940023284218,3600.580152391591,-3902.335978329991,-4352.940023284218,-39.5206,-47.3031,6
271,STARLINK-6359,satellite,0,27,42.9992,180.5506,131.5082,94.4108,225.9189,6865.4362,492.5437,4741.298383072867,3652.7349909576014,-3363.498652693557,1871.7599223532798,-5684.971245711579,-3363.498652693557,-29.4875,-71.776,10
272,STARLINK-6372,satellite,0,27,43.0175,180.6102,159.7284,33.3899,193.1183,6872.6448,490.2261,6676.104874701376,1210.8362672290173,-1063.4082582859596,-1073.9312170032135,-6699.490466087295,-1063.4082582859596,-8.9623,-99.1071,2
273,STARLINK-6376,satellite,0,27,42.9857,180.347,100.6567,190.4555,291.1122,6862.2662,496.3227,-2501.35442173958,4670.300370067598,-4366.980966911868,5235.801997040523,809.2323137370188,-4366.980966911868,-39.6732,8.786,3
274,STARLINK-6331,satellite,0,27,43.005,180.133,74.1074,326.1832,40.2906,6866.3452,485.9733,-5225.038681788015,-3256.2162835248514,3025.6787685847416,-1337.1485736071272,6009.659508106417,3025.6787685847416,26.3137,102.544,4
275,STARLINK-6324,satellite,0,27,42.9965,180.2931,78.4221,230.8593,309.2814,6864.6913,493.3245,-4366.571917100724,3864.487600793784,-3624.0372374126932,5094.833050922342,2836.1754013337973,-3624.0372374126932,-32.0216,29.1037,2
276,STARLINK-6215,satellite,0,22,43.0143,154.5392,163.3652,37.8108,201.176,6868.8682,488.0222,6559.093341359293,-1114.7829848372135,-1691.6819129104201,-3228.8419699042493,-5817.132119638614,-1691.6819129104201,-14.3517,-119.0328,4
277,STARLINK-6369,satellite,0,22,42.9811,155.2565,83.3556,178.1579,261.5135,6867.1586,503.5479,3002.2239488166415,4091.340919516667,-4633.692972185996,2862.7760641499744,-4190.099326399037,-4633.692972185996,-42.5768,-55.6582,13
278,STARLINK-6371,satellite,0,22,43.0173,155.0289,12.6041,330.6632,343.2673,6869.3326,486.8542,-5349.04477456838,4084.9384934028108,-1348.2305528247175,5628.912571047207,3689.76229081604,-1348.2305528247175,-11.3965,33.2449,4
279,STARLINK-30240,satellite,0,27,43.0149,180.0493,54.2385,332.434,26.6725,6867.7455,485.7412,-6129.73106830718,-2257.4609613111966,2101.2977947789227,-94.7148922748704,6531.520653783138,2101.2977947789227,17.9366,90.8308,3
280,STARLINK-30207,satellite,0,75,42.9838,165.6228,102.2559,184.1102,286.3661,6859.292,494.9614,-677.2209442150207,5147.172889144268,-4490.147731292355,5080.119916257667,-1069.765672690719,-4490.147731292355,-41.0332,-11.8915,4
281,STARLINK-30205,satellite,0,27,42.9791,180.3081,89.2517,180.4634,269.7151,6861.1729,498.3533,7.131810345870111,5023.619196306454,-4681.068366895152,4736.403323189131,-1674.301123543932,-4681.068366895152,-43.1565,-19.4683,4
282,STARLINK-30222,satellite,0,27,43.0128,179.7152,109.1568,38.4011,147.5579,6867.4824,486.2421,5777.205358534023,-2720.18482250599,2510.922140687288,-4483.669438614509,-4546.670824735437,2510.922140687288,21.5877,-134.6003,4
283,STARLINK-30172,satellite,0,27,43.019,180.5,151.8844,28.9566,180.841,6872.9062,488.2629,6864.753728100425,133.5932053859776,-68.7560239532856,-2152.7139664864967,-6519.855325886301,-68.7560239532856,-0.5773,-108.2721,2
284,STARLINK-30214,satellite,0,27,42.983,179.8275,80.1288,26.6507,106.7795,6861.9428,489.4313,1965.4870400219597,-4809.642614176876,4476.862456583364,-5189.363881584016,-257.4954079430019,4476.862456583364,40.9263,-177.1593,1
285,STARLINK-30182,satellite,0,27,42.9865,179.9568,101.2362,325.0521,66.2883,6862.6244,488.6849,-2761.48840025564,-4591.444133357992,4281.51409597815,-3414.433866989521,4129.021528455496,4281.51409597815,38.8028,129.5885,5
286,STARLINK-30191,satellite,0,66,42.9881,118.2349,81.3303,172.7214,254.0517,6859.304,494.2101,5144.903068245172,622.2516584847451,-4499.483627794991,-1120.8646388282339,-5059.731926648887,-4499.483627794991,-41.1422,-102.4908,4
287,STARLINK-30208,satellite,0,27,43.0042,179.7194,100.8624,42.6585,143.521,6866.8746,487.1616,5502.697901879777,-3010.3517413494324,2782.439640431797,-4666.261518795246,-4191.408503618843,2782.439640431797,24.0552,-138.0686,2
288,STARLINK-30224,satellite,0,27,43.0191,180.0759,42.3324,328.3746,10.707,6870.6264,485.8132,-6742.870450602477,-941.2354399594655,869.9708870928198,1350.4077902042222,6672.977211649946,869.9708870928198,7.327,78.5596,2
289,STARLINK-30043,satellite,0,27,42.9824,179.9156,102.4986,334.0175,76.5161,6861.5767,489.0229,-1606.222313115524,-4876.213670955443,4546.552293029274,-4066.5431845098756,3133.7894652447903,4546.552293029274,41.7051,142.3812,5
290,STARLINK-30105,satellite,0,6,43.0223,322.4038,141.0841,33.4687,174.5528,6867.528,482.4287,-5120.737357989375,4543.868174142622,444.3385679698836,5986.034202433592,3322.0601440656424,444.3385679698836,3.7367,29.0289,4
291,STARLINK-30102,satellite,0,31,43.0181,191.4921,62.4483,318.6918,21.1401,6862.5082,479.1732,-5906.232667297701,-3045.600873295942,1686.8919396179704,-912.3553663094467,6582.315450146846,1686.8919396179704,14.3292,97.8913,4
292,STARLINK-30158,satellite,0,31,43.0228,191.5139,40.6713,326.2585,6.9298,6867.406,482.5062,-6552.53975329636,-1952.3572630231786,564.7577435459544,333.43880056897615,6829.0771460925525,564.7577435459544,4.7514,87.2047,4
293,STARLINK-30146,satellite,0,31,43.02,191.5339,19.5597,328.5758,348.1354,6869.6542,486.3114,-6788.03905683315,-332.1862979133618,-962.8228049259666,1939.9162890928362,6513.412835443947,-962.8228049259666,-8.1133,73.4147,4
294,STARLINK-30197,satellite,0,31,42.9831,191.2646,79.0882,24.0692,103.1573,6861.5582,489.3321,2485.2906407805917,-4486.25753177477,4552.9397926558595,-5056.862409087195,-855.1717874896848,4552.9397926558595,41.7744,-170.4015,2
295,STARLINK-30215,satellite,0,31,42.9975,191.6285,113.8114,189.3446,303.156,6861.5714,492.0658,-4523.635229076343,3359.5079328475554,-3918.4298451846157,4670.623307909858,3151.9592561160134,-3918.4298451846157,-34.9829,34.0134,4
296,STARLINK-30162,satellite,0,27,42.9828,180.2264,77.096,25.5183,102.6143,6861.576,489.5119,1517.0633828200428,-4890.087465257792,4562.883572588443,-5116.394617929727,192.20520020148803,4562.883572588443,41.8846,177.8486,2
297,STARLINK-30178,satellite,0,31,43.0137,191.5564,5.6941,329.313,335.0071,6868.4179,488.2632,-6520.531190001206,831.2786547794292,-1978.5360447027224,2948.612281281937,5874.864833878629,-1978.5360447027224,-16.8505,63.3478,4
298,STARLINK-30217,satellite,0,27,42.9867,180.4002,97.0026,328.1396,65.1422,6865.954,491.7783,-2852.5554822327513,-4574.432219180857,4245.059182526202,-3368.1571445153277,4209.277890202354,4245.059182526202,38.3921,128.6659,4
299,STARLINK-30216,satellite,0,31,43.0008,191.0295,116.5914,109.6357,226.2271,6863.1057,490.5104,3967.007375068393,4465.984214490487,-3380.042627985607,2895.9197393181485,-5224.5393463302335,-3380.042627985607,-29.6565,-61.0008,13
300,STARLINK-30165,satellite,0,59,43.0133,267.8507,117.2018,33.9969,151.1987,6865.4959,483.0207,2639.8753184378343,5915.528731838695,2254.1614212149166,4703.809480171802,-4453.829615999277,2254.1614212149166,19.2982,-43.4364,4
301,STARLINK-30140,satellite,0,26,43.0025,270.8561,35.3357,282.6461,317.9818,6866.2572,492.15,-3284.399515840941,-5150.47725096909,-3134.4384992306555,-3768.1901663865065,4807.851803285368,-3134.4384992306555,-27.3087,128.0878,12
302,STARLINK-30077,satellite,0,59,43.0154,267.3365,59.7365,324.8142,24.5507,6866.0449,482.5574,1791.5870449376662,-6328.966971182821,1944.183399088958,-6564.814214204748,410.87880802838225,1944.183399088958,16.5638,176.4186,4
303,STARLINK-30088,satellite,0,59,42.9953,267.9111,89.0771,33.8011,122.8782,6861.2844,485.6334,4344.674606376441,3566.221901409645,3926.9167590768275,1921.8102296598943,-5282.119037522791,3926.9167590768275,35.1074,-70.0069,68
304,STARLINK-30091,satellite,0,59,43.0162,267.3943,16.8059,325.2973,342.1032,6866.7396,484.8983,-1837.110037433896,-6453.198683330677,-1438.5935835169535,-5477.467819416478,3875.060363844421,-1438.5935835169535,-12.175,144.7223,6
305,STARLINK-30116,satellite,0,59,43.022,267.8024,149.5251,29.9788,179.5039,6867.5817,482.6374,306.46281523841213,6853.805700103702,40.52782019838189,6363.45293745583,-2564.183835976396,40.52782019838189,0.3406,-21.9472,6
306,STARLINK-30092,satellite,0,59,43.0176,267.8274,126.289,32.0428,158.3318,6866.3608,481.9979,2091.91395986876,6299.338347890003,1727.7118032051249,5247.750333933492,-4064.3430058734316,1727.7118032051249,14.6773,-37.7575,4
307,STARLINK-30039,satellite,0,59,43.0051,267.8731,100.8485,36.1634,137.0119,6863.524,483.9268,3603.119244817445,4885.817957661701,3189.1303494739573,3412.7395891049687,-5020.646761597458,3189.1303494739573,27.8618,-55.7944,7
308,STARLINK-30171,satellite,1,107,43.01,270.8255,13.2836,317.7085,330.9921,6880.052,501.3467,-2351.7157718567387,-6048.92677603414,-2274.839358966634,-4925.297212741881,4226.290285768308,-2274.839358966634,-19.4279,139.3678,7
309,STARLINK-30204,satellite,0,59,42.9933,267.6875,80.9718,155.119,236.0908,6861.4145,492.2295,-4008.481242600958,3993.983133112499,-3884.2960903926273,5098.118937685972,2455.4035181775153,-3884.2960903926273,-34.6341,25.7168,4
310,STARLINK-30155,satellite,0,59,43.018,267.3419,51.2893,326.156,17.4453,6866.7754,482.356,1198.4657784615242,-6606.76558166526,1402.9843122034315,-6629.976496466932,1062.5833282694346,1402.9843122034315,11.8737,170.8947,4
311,STARLINK-30161,satellite,0,59,43.0194,267.3698,28.517,327.719,356.236,6867.5226,483.1825,-643.1545740655815,-6824.150726417479,-307.2990542716486,-6223.715744978813,2871.9406798728464,-307.2990542716486,-2.583,155.229,4
312,STARLINK-30176,satellite,0,59,43.0136,267.4039,11.7799,323.2777,335.0576,6866.1038,486.2064,-2395.7355144958683,-6120.278906716106,-1974.1968058526616,-4977.991338448482,4291.499130343937,-1974.1968058526616,-16.8176,139.2356,9
313,STARLINK-30154,satellite,0,54,42.9928,307.493,83.3904,151.8736,235.264,6861.7231,492.2663,-5653.834132451689,591.8580148476539,-3846.269285137305,2435.0700256544587,5136.785987090989,-3846.269285137305,-34.2481,64.6369,4
314,STARLINK-30145,satellite,0,54,43.0188,307.6073,139.5223,34.1104,173.6327,6869.9843,485.2625,-3721.5877993167387,5743.229809199872,519.2882074555451,6652.946769304519,1604.1208414909952,519.2882074555451,4.3663,13.5561,5
315,STARLINK-30226,satellite,0,54,43.0134,307.5716,170.8747,37.5058,208.3805,6868.1086,489.1519,-5573.963014832415,3332.34492407353,-2225.9984341850836,4993.653310445875,4151.748185859932,-2225.9984341850836,-19.0301,39.7403,4
316,STARLINK-30203,satellite,0,54,43.0148,307.2121,11.5905,323.5653,335.1558,6868.4774,488.6156,2087.911758363295,-6236.74632850503,-1967.6598382927343,-6576.186656407023,100.74391756772842,-1967.6598382927343,-16.7542,179.1223,5
317,STARLINK-30169,satellite,0,29,42.9901,293.4869,98.8802,323.6899,62.5702,6860.4861,486.0452,5341.35436920545,-1122.7267296985738,4149.534196577071,-2832.1108841771284,-4665.804297946416,4149.534196577071,37.4165,-121.2575,67
318,STARLINK-30164,satellite,0,54,43.0152,307.566,169.1139,32.3356,201.4494,6868.9059,488.0124,-5350.33222086251,3945.487290744321,-1712.521868510881,5497.795872812849,3737.267099888171,-1712.521868510881,-14.5324,34.2069,4
319,STARLINK-30072,satellite,0,54,42.9891,307.9033,94.7953,323.3122,58.1075,6863.587,487.774,5587.205706993473,-242.38416656512715,3970.699031420054,-2083.2949059756857,-5189.942199215485,3970.699031420054,35.544,-111.871,94
320,STARLINK-30230,satellite,0,54,42.9831,307.4085,82.4547,179.7644,262.219,6861.3265,497.2991,-4517.521480682663,-2284.762878259431,-4637.786381596227,-655.6363557324611,5019.789109847491,-4637.786381596227,-42.6713,97.4413,4
321,STARLINK-30213,satellite,0,54,42.9842,307.7303,78.9846,32.3616,111.3462,6862.2624,488.845,2168.165306749024,4834.046171308834,4355.205644780375,3840.2315504760218,-3649.8718912400504,4355.205644780375,39.5972,-43.5442,6
322,STARLINK-30212,satellite,0,54,43.0141,308.0414,23.1267,317.5552,340.6819,6866.5664,485.2297,2683.378618580374,-6123.070895414793,-1548.635148426537,-6666.620076118255,-498.693053517949,-1548.635148426537,-13.1213,-175.722,5
323,STARLINK-30219,satellite,0,54,43.0204,308.4632,148.0653,31.0647,179.1301,6873.1006,488.2479,-4210.801689649027,5423.218587586779,71.12458415650426,6513.473700720567,2171.822061845622,71.12458415650426,0.5972,18.4402,5
324,STARLINK-30074,satellite,0,54,43.0051,307.6586,104.9379,35.4809,140.4188,6866.4548,486.4315,-699.7272324002085,6139.023170369079,2981.516047211429,6023.201341120683,-1377.7769378287906,2981.516047211429,25.8995,-12.8845,8
325,STARLINK-30082,satellite,0,54,43.0094,307.5512,186.1582,28.0475,214.2057,6864.806,487.3467,-5695.4188152709075,2780.145772946691,-2631.4493497730905,4513.08172107328,4449.617891357579,-2631.4493497730905,-22.6752,44.5943,4
326,STARLINK-30153,satellite,0,54,43.0008,307.2704,151.2987,161.9537,313.2524,6863.6405,490.9184,-61.37831183182816,-5956.754364055354,-3409.475210874967,-5598.621056517616,2035.22286651202,-3409.475210874967,-29.9385,160.0227,18
327,STARLINK-30147,satellite,0,54,42.9825,307.4401,79.867,176.6943,256.5614,6859.1203,494.6822,-4847.15766327763,-1702.3732730752017,-4551.169000859965,3.152318064550483,5137.412017391894,-4551.169000859965,-41.7146,89.9648,4
328,STARLINK-30157,satellite,0,73,43.019,281.8715,163.6151,40.6449,204.26,6868.4058,488.9172,-3305.879350097199,5700.947199471476,-1924.4802037973984,6475.068623261832,1226.0194014006734,-1924.4802037973984,-16.3755,10.7217,3
329,STARLINK-30168,satellite,0,54,42.9841,307.3393,95.8827,182.0271,277.9098,6858.7858,495.126,-3381.068821200909,-3767.3386767547195,-4634.973594372712,-2431.389050743281,4439.911526482774,-4634.973594372712,-42.656,118.706,8
330,STARLINK-30231,satellite,0,54,42.9839,307.3677,91.24,182.1457,273.3857,6861.3152,498.4145,-3739.164302872665,-3365.7197094546987,-4673.443260141871,-1933.6740158221826,4644.386250843394,-4673.443260141871,-43.0688,112.6042,8
331,STARLINK-30081,satellite,0,54,42.9906,307.3055,103.7028,195.3921,299.0949,6860.7145,492.8889,-1466.7008613055357,-5313.326978626681,-4089.4698409930224,-4525.185042159985,3147.2774476629916,-4089.4698409930224,-36.7433,145.1813,15
332,STARLINK-30149,satellite,0,54,42.9848,307.3529,101.2948,179.6948,280.9896,6861.461,497.4851,-3125.292358224625,-4031.9623832916736,-4595.436423097619,-2765.912251085479,4286.479021755685,-4595.436423097619,-42.1907,122.8327,10
333,STARLINK-30259,satellite,0,29,43.0222,293.2135,36.8626,329.4017,6.2643,6867.5248,482.5155,3190.964053279593,-6051.760573873352,510.74590359044913,-6767.844480066913,-1001.168680312302,510.74590359044913,4.2961,-171.5852,4
334,STARLINK-30256,satellite,0,29,42.9879,293.5109,76.0384,170.0345,246.0729,6860.1248,493.7504,-5318.705959848046,721.8438704951707,-4277.701624218293,2446.440759713955,4777.511828337507,-4277.701624218293,-38.7279,62.8842,4
335,STARLINK-30261,satellite,0,29,42.9856,293.3675,103.4098,185.1318,288.5415,6859.5333,494.3409,-3504.1289385523464,-3891.565302041412,-4436.742439533138,-2507.722399740391,4597.230523249074,-4436.742439533138,-40.4487,118.6118,8
336,STARLINK-30260,satellite,0,29,43.0126,293.1978,63.1803,324.3401,27.5204,6865.6935,482.9474,4526.098199151718,-4678.205889035674,2161.951590521983,-5915.366227684522,-2716.545166372516,2161.951590521983,18.4802,-155.3337,9
337,STARLINK-30253,satellite,0,29,43.0086,293.2786,12.4637,311.3666,323.8303,6864.5094,488.116,-531.1883463316591,-6259.625499606525,-2762.715537430364,-5728.366959064813,2578.930870903165,-2762.715537430364,-23.8706,155.7626,14
338,STARLINK-30257,satellite,0,29,43.0185,293.2663,18.3914,326.7069,345.0983,6866.9849,484.4233,1434.0764046511863,-6601.495977132501,-1203.8835344302138,-6703.215852740109,838.5830322917127,-1203.8835344302138,-10.1665,172.8693,5
339,STARLINK-30250,satellite,0,29,42.9924,293.3267,99.0283,203.66,302.6883,6861.2158,492.3042,-2411.983937927374,-5076.734500583973,-3938.91293136423,-3988.2242185058467,3960.425139951856,-3938.91293136423,-35.1909,135.2004,17
340,STARLINK-30269,satellite,0,29,43.0184,293.6321,168.7746,34.9615,203.7361,6866.1521,485.7301,-4368.317622125204,4945.399275761337,-1884.4811407275422,6115.034517314126,2479.0170827421,-1884.4811407275422,-16.0338,22.0675,4
341,STARLINK-30266,satellite,0,29,42.9872,292.9654,78.3751,27.158,105.5331,6859.2056,486.8753,3732.5532663748013,3575.6907551199492,4503.76748937062,2133.9338267582434,-4707.849263261558,4503.76748937062,41.2434,-65.6166,56
342,STARLINK-30270,satellite,0,29,43.0105,292.8668,110.6449,37.3036,147.9485,6865.0332,482.5871,193.35724174117414,6389.88329704281,2482.527608228261,5963.380811305791,-2303.4940573203858,2482.527608228261,21.3437,-21.1202,4
343,STARLINK-30268,satellite,0,29,42.9981,293.5835,150.4014,74.3511,224.7525,6863.2499,489.7252,-5188.621920308887,3052.8191425613863,-3295.1631441622576,4602.064461387183,3881.0442979095483,-3295.1631441622576,-28.8453,40.1418,4
344,STARLINK-30251,satellite,0,29,42.9983,292.909,88.9411,37.7629,126.704,6861.7767,484.9917,2108.1564963822984,5339.964448946735,3748.999901605393,4337.383052012991,-3761.203582546996,3748.999901605393,33.3092,-40.9305,5
345,STARLINK-30254,satellite,0,14,43.0163,34.714,17.2082,320.4522,337.6604,6866.2687,485.5331,6303.474051907893,2046.9701095578052,-1779.4029485189722,-161.51414528799353,-6625.540350293785,-1779.4029485189722,-15.1186,-91.3965,4
346,STARLINK-30264,satellite,0,65,43.0051,140.4964,166.9717,52.4492,219.4209,6863.9033,488.3409,6117.5689729926235,-913.3938968279911,-2972.2552654548726,-2892.309468356001,-5467.493437521702,-2972.2552654548726,-25.8054,-117.8789,4
347,STARLINK-30166,satellite,0,83,42.9934,12.9118,107.8512,190.0914,297.9426,6863.1127,495.5238,4127.24881168568,-3605.3789304476973,-4136.101724833233,-4770.973811399079,-2696.43262044895,-4136.101724833233,-37.2148,-150.526,4
348,STARLINK-30218,satellite,0,83,42.9838,13.0186,84.2571,180.2609,264.518,6861.2398,497.8089,487.23448368965427,-5019.123456772748,-4659.822664756776,-4896.265749048939,1206.4739661977699,-4659.822664756776,-42.918,166.1577,12
349,STARLINK-30138,satellite,0,83,42.9828,12.9815,96.5772,179.3242,275.9013,6861.3199,497.6642,1810.2151354060838,-4709.952848953521,-4656.245788481426,-5043.784717472494,-144.11939359287757,-4656.245788481426,-42.8784,-178.3633,9
350,STARLINK-30255,satellite,0,83,43.0139,12.8276,16.5104,316.8174,333.3278,6868.873,489.7949,6482.5143629467475,-835.133635051742,-2102.473335352717,-2939.6291176279537,-5837.723983283169,-2102.473335352717,-17.9359,-116.7279,4
351,STARLINK-30252,satellite,0,44,42.9939,358.2323,94.6386,324.1706,58.8093,6860.9926,485.4596,3681.4442619044316,4178.391424628386,3999.6037886539193,2719.425718691679,-4859.702718421709,3999.6037886539193,35.8559,-60.7692,33
352,STARLINK-30258,satellite,0,83,43.0172,13.5823,72.4201,322.2516,34.6716,6867.9844,486.5238,4814.990500212084,4099.280818101885,2662.883645851784,2268.5239224314096,-5902.714287185777,2662.883645851784,22.9641,-68.9773,26
353,STARLINK-30174,satellite,0,83,43.0164,12.7501,55.5994,325.388,20.9873,6868.9531,485.0569,5852.126818476165,3166.593392106703,1676.6424534206967,1044.4476424389918,-6571.440567536575,1676.6424534206967,14.2278,-80.9691,21
354,STARLINK-30248,satellite,0,83,43.0218,12.7696,43.4139,326.7118,10.1258,6869.7876,485.0772,6393.9359250979705,2353.587342538384,823.2112110381044,97.68880571215527,-6812.653439773218,823.2112110381044,6.932,-89.1785,10
355,STARLINK-30052,satellite,0,83,42.9885,12.6322,101.5532,328.8233,70.3765,6862.1849,489.2351,1214.158120621586,5114.900773209078,4404.884939500973,4421.840692928423,-2843.1874275201158,4404.884939500973,40.1358,-32.7405,3
356,STARLINK-30245,satellite,0,83,43.0235,12.7821,51.6609,307.5441,359.205,6871.6473,488.6108,6711.344367999668,1451.1478644418346,-65.00464334984359,-858.9433641707628,-6812.502451192365,-65.00464334984359,-0.5458,-97.1861,3
357,STARLINK-30041,satellite,0,83,42.9935,12.8911,102.0363,199.4773,301.5135,6861.0798,492.701,4452.000320716594,-3371.5831868237624,-3990.109417562048,-4658.2349028641265,-3080.3778390112752,-3990.109417562048,-35.7143,-146.5243,3
358,STARLINK-30244,satellite,0,83,42.9811,12.9961,91.3858,178.0113,269.3971,6861.1712,498.015,1059.1735413303215,-4910.469023700222,-4680.812171088555,-4983.625492909351,630.8974320740709,-4680.812171088555,-43.1562,172.7851,8
359,STARLINK-30246,satellite,0,83,42.9903,13.0711,79.6589,162.0398,241.6987,6863.0401,495.2415,-2170.70099086908,-5043.313916312749,-4121.912963561534,-4036.7917156810568,3721.729529995784,-4121.912963561534,-37.0678,137.3254,16
360,STARLINK-30075,satellite,0,83,43.0155,12.7181,80.8069,319.0988,39.9056,6866.3462,486.626,4425.2245663243975,4297.754712438387,3002.538460994412,2585.125486830241,-5600.931551807077,3002.538460994412,26.0947,-65.2242,36
361,STARLINK-30148,satellite,0,83,43.0276,12.799,27.9099,330.7109,358.6208,6870.0672,485.0039,6717.421398847694,1402.2009711493656,-112.7189921293785,-907.1321283544496,-6801.987144570053,-112.7189921293785,-0.9469,-97.5963,5
362,STARLINK-30249,satellite,0,83,42.99,12.6469,103.2789,324.8779,68.1569,6862.4494,488.8101,1470.340102422348,5102.244017085501,4340.768560054702,4324.8628406352755,-3080.642049373527,4340.768560054702,39.4409,-35.4626,5
363,STARLINK-30141,satellite,0,83,43.0236,12.7825,36.5182,326.8826,3.4007,6870.0524,485.6204,6615.975628979137,1806.2051145414803,277.7975561724378,-492.3611802859811,-6840.401370328285,277.7975561724378,2.3341,-94.117,5
364,STARLINK-30150,satellite,0,83,43.0075,12.7295,75.5122,321.3394,36.8516,6866.8199,486.0714,4691.881542390238,4144.582140079999,2806.553015950135,2352.1221852235817,-5801.623458090963,2806.553015950135,24.2809,-67.9311,29
365,STARLINK-30056,satellite,0,83,42.995,12.8711,88.9582,213.6066,302.5648,6863.7375,494.4092,4545.221251492879,-3302.526494539233,-3945.736846183737,-4624.038230875011,-3191.2361102811537,-3945.736846183737,-35.2484,-145.3889,3
366,STARLINK-30100,satellite,0,83,43.001,13.1471,139.9998,81.0565,221.0563,6866.2124,492.0791,-4291.50263219629,-4389.157720943667,-3075.5509061965113,-2715.734327545583,5505.1328234346565,-3075.5509061965113,-26.7553,116.2576,7
367,STARLINK-30309,satellite,0,41,43.0223,24.2249,109.2116,50.5018,159.7134,6868.0479,484.7729,-6582.998730165764,-1054.7062190040554,1623.1943289056273,1190.3021276455145,6559.836761283962,1623.1943289056273,13.7659,79.7154,4
368,STARLINK-30306,satellite,0,41,43.0057,24.2546,106.2418,33.1215,139.3633,6863.7329,483.3143,-6085.8640640154,839.9153913400645,3046.0161362044596,2812.4729907340147,5461.977201222616,3046.0161362044596,26.5152,62.7552,5
369,STARLINK-30323,satellite,0,83,43.0248,12.687,61.2388,322.4159,23.6548,6868.6327,485.6566,5690.088162369735,3344.1468395669153,1878.6032121879857,1265.721674781064,-6477.528079608378,1878.6032121879857,15.9826,-78.9436,22
370,STARLINK-30329,satellite,0,41,42.982,24.3566,76.2742,26.8839,103.1582,6859.1684,486.6523,-3435.6702177644606,3805.2330086858874,4551.051082483752,4729.928577744158,1977.7269136727334,4551.051082483752,41.7732,22.6913,11
371,STARLINK-30330,satellite,0,41,42.9833,24.4287,96.182,346.4231,82.6051,6858.776,487.2239,-1253.4694803707541,4893.153599229728,4635.146160891553,5031.787776375484,-441.8706342290966,4635.146160891553,42.7189,-5.0186,17
372,STARLINK-30311,satellite,0,41,43.0189,23.751,38.8853,326.4633,5.3486,6867.5701,482.1653,6063.538673354227,3178.9492031473055,436.2755518249187,985.9253933995615,-6774.966449961443,436.2755518249187,3.669,-81.7202,7
373,STARLINK-30328,satellite,0,83,43.0144,12.6299,62.474,324.2796,26.7536,6868.4846,485.391,5484.912807873756,3543.466781823093,2107.0830186072126,1521.8470851367272,-6350.150139431517,2107.0830186072126,17.9886,-76.5229,26
374,STARLINK-30326,satellite,0,41,43.0069,24.1049,134.0852,90.0934,224.1786,6863.2301,489.9445,-3064.4206304114073,-5202.888567372646,-3262.397470526233,-3890.650924376135,4617.743889524317,-3262.397470526233,-28.5315,130.1156,13
375,STARLINK-30324,satellite,0,41,42.996,24.2897,89.4224,35.7209,125.1433,6861.566,484.9575,-5284.158637904011,2114.1850430478016,3823.4064104552085,3748.365745928128,4282.740377554455,3823.4064104552085,34.0584,48.8067,6
376,STARLINK-30312,satellite,0,41,43.0056,23.6905,78.2692,322.4852,40.7544,6863.8195,483.9911,3441.7118873659915,5085.334842779022,3053.589231040662,3654.522134108408,-4934.620466675269,3053.589231040662,26.5833,-53.4768,5
377,STARLINK-30263,satellite,0,41,43.0186,23.7783,21.0767,322.5348,343.6115,6867.2102,485.0137,6595.458354645781,1359.0168108525102,-1320.9528456675744,-907.3824396845151,-6672.604791848438,-1320.9528456675744,-11.166,-97.7439,4
378,STARLINK-30280,satellite,0,41,42.9997,23.8658,103.7685,198.2598,302.0283,6861.14,492.4875,5050.506478565581,-2419.0003400286964,-3968.352524801034,-3958.3373943272545,-3961.154302442961,-3968.352524801034,-35.4917,-134.9796,4
379,STARLINK-30247,satellite,0,41,43.0101,23.8203,15.4197,307.7741,323.1938,6864.3152,488.2855,6241.022818472492,-531.2232429787415,-2804.634365781825,-2572.78869065533,-5710.807500503866,-2804.634365781825,-24.2549,-114.2521,2
380,STARLINK-30277,satellite,0,39,42.9986,242.001,89.8587,143.1145,232.9732,6861.8592,491.2278,-1598.0475889394936,5530.334654939594,-3736.6406185410856,5747.221046874384,-328.3408754713236,-3736.6406185410856,-33.1512,-3.2698,4
381,STARLINK-30265,satellite,0,41,43.0168,23.732,54.5342,325.18,19.7142,6866.8161,482.7986,5230.7269968219725,4147.795542942096,1578.644348031062,2176.285424050519,-6310.982057841536,1578.644348031062,13.385,-70.9737,14
382,STARLINK-30286,satellite,0,41,42.9833,23.936,95.8177,184.8221,280.6398,6859.0397,495.1536,3160.409315463001,-3996.2547812872976,-4599.093257042418,-4818.747120921678,-1654.664770530858,-4599.093257042418,-42.2496,-161.0485,4
383,STARLINK-30243,satellite,0,41,43.0254,24.1841,150.9825,30.7876,181.7701,6867.502,482.8312,-6192.338754281345,-2950.7258776077624,-144.60521759860154,-727.8879932937009,6820.705353684296,-144.60521759860154,-1.2152,96.0914,3
384,STARLINK-30299,satellite,0,41,42.9902,24.0043,85.2572,174.1302,259.3874,6859.0277,493.9782,852.5669805245662,-5021.27670531062,-4599.306092450547,-5019.567812834193,862.5712607864954,-4599.306092450547,-42.261,170.2494,10
385,STARLINK-30294,satellite,0,83,43.0237,12.752,21.9319,329.0904,351.0223,6867.3936,483.808,6783.25744939428,732.5355893125486,-730.586877454052,-1560.6803036834042,-6641.796971006202,-730.586877454052,-6.15,-103.2234,4
386,STARLINK-30276,satellite,0,41,42.9833,23.9555,92.1197,180.2484,272.3681,6861.1285,498.1228,2297.032960220551,-4471.267214635704,-4677.355449792205,-4980.23055910264,-682.5646512938699,-4677.355449792205,-43.1158,-172.196,9
387,STARLINK-30289,satellite,0,83,42.9954,13.2144,91.2722,35.756,127.0281,6864.43,487.2955,-4936.759078503397,2954.8184673552646,3734.213767260374,4426.015572114027,3675.993543195304,3734.213767260374,33.1485,39.7111,5
388,STARLINK-30288,satellite,0,7,42.9829,49.8487,90.5956,178.9113,269.5069,6858.6343,495.735,3799.804684259483,-3282.8356044380357,-4679.499205304967,-4358.0252979660845,-2494.6223655242848,-4679.499205304967,-43.159,-150.2123,4
389,STARLINK-30347,satellite,0,55,43.0086,38.0866,163.864,46.3804,210.2444,6867.8402,489.7849,-3108.2662983523596,-5648.766407565759,-2358.7420664373662,-4296.692243237025,4807.111094578868,-2358.7420664373662,-20.2101,131.791,8
390,STARLINK-30345,satellite,0,7,42.9862,49.3775,81.8342,25.7973,107.6315,6859.4378,486.0909,-4979.301393257619,1535.5341825362677,4454.448856509063,3101.3291091894703,4187.25033251281,4454.448856509063,40.7027,53.4741,4
391,STARLINK-30333,satellite,0,7,43.0139,49.1689,165.5134,48.2734,213.7868,6864.7983,487.8053,-1617.8815867956757,-6140.276913208977,-2603.498702745272,-5255.061447708086,3564.3892296706103,-2603.498702745272,-22.4198,145.8518,16
392,STARLINK-30336,satellite,0,7,42.9827,49.4947,100.8683,331.1714,72.0396,6859.5609,486.188,-2254.357659160969,4705.937632657924,4446.037331501072,5187.428806350736,564.4110531575171,4446.037331501072,40.6093,6.2096,19
393,STARLINK-30346,satellite,0,7,43.0239,49.2327,141.4818,29.8993,171.381,6867.3585,481.7908,-4997.920879242599,-4645.893715797778,701.4176499634224,-2723.4197271668404,6256.718510795966,701.4176499634224,5.9054,113.5225,5
394,STARLINK-30315,satellite,0,7,42.9824,49.4155,84.4772,8.9659,93.4431,6858.6454,487.1341,-4069.686825083687,2944.1173112228785,4665.356089749583,4128.0994378452115,2861.6381021652655,4665.356089749583,43.0644,34.7301,8
395,STARLINK-30287,satellite,0,7,43.0134,49.2654,119.5829,30.5162,150.0991,6865.4876,482.5697,-5773.875553964842,-2873.7309237572586,2332.222909936753,-794.1662645175755,6400.411571073672,2332.222909936753,19.9953,97.0731,4
396,STARLINK-30335,satellite,0,7,42.9988,49.3079,91.9135,37.0186,128.9321,6862.1267,484.5881,-5767.056870602758,-723.5974580273951,3637.5288112954045,1231.7872208487515,5680.249860048754,3637.5288112954045,32.2008,77.7646,4
397,STARLINK-30318,satellite,0,7,43.022,49.1854,159.8776,32.6628,192.5404,6867.1834,483.9389,-3553.491284804024,-5781.095185712059,-1016.4909233322306,-4273.726780226196,5271.017099708436,-1016.4909233322306,-8.5718,129.035,4
398,STARLINK-30348,satellite,0,7,43.0112,49.5946,61.4263,328.2439,29.6703,6865.326,482.8408,1972.3890408066284,6147.013171089886,2315.8885021617393,5143.738175895936,-3901.0315343095313,2315.8885021617393,19.8487,-37.1768,4
399,STARLINK-30349,satellite,0,7,43.0199,49.6533,26.3534,320.8414,347.1948,6869.4794,486.8371,5181.369280414298,4381.451108319497,-1037.9905925243559,2413.076417020568,-6341.984203720024,-1037.9905925243559,-8.7507,-69.1686,5
400,STARLINK-30341,satellite,0,58,42.9865,52.7499,74.7688,37.4493,112.2181,6866.9188,494.3312,-5271.043791358176,747.5592373077425,4332.518629949039,2454.8767192436294,4724.016062315553,4332.518629949039,39.3138,62.541,5
401,STARLINK-30300,satellite,0,7,43.0014,49.546,89.0792,321.8694,50.9486,6862.1719,484.5932,-160.33740911857132,5813.804573434878,3631.592419500368,5537.374580070225,-1778.6271286717888,3631.592419500368,32.142,-17.8072,8
402,STARLINK-30281,satellite,0,7,42.9844,49.7793,100.7629,189.9494,290.7122,6859.7018,494.9111,5154.111157601854,-1179.2650269102132,-4377.609195331874,-2823.288593519839,-4470.410422579815,-4377.609195331874,-39.7985,-122.2745,4
403,STARLINK-30325,satellite,0,7,43.0215,49.6247,42.1992,326.3238,8.523,6867.3636,482.4702,3828.7244633295377,5650.182344851733,693.7041443450893,4058.8742002944023,-5487.187965830655,693.7041443450893,5.8396,-53.5097,6
404,STARLINK-30338,satellite,0,7,42.9983,49.7159,76.6824,235.3329,312.0154,6862.5529,490.6845,5815.245935964095,1093.0264421878005,-3477.538072733146,-899.3017429433037,-5848.337240122853,-3477.538072733146,-30.5996,-98.7419,4
405,STARLINK-30334,satellite,0,7,43.013,49.6767,13.8279,319.3238,333.1517,6865.9114,487.0062,5690.312436275662,3201.8402718497982,-2114.420677208204,1131.4097054664292,-6430.5014444636445,-2114.420677208204,-18.0489,-80.0213,5
406,STARLINK-30375,satellite,0,23,42.9918,89.0714,96.481,324.5796,61.0606,6863.2154,488.0426,-4335.902839474918,3389.4516785024343,4092.818349368414,4636.552044906383,2964.931913070529,4092.818349368414,36.8086,32.5977,8
407,STARLINK-30365,satellite,0,30,42.9808,103.8316,91.4891,183.2183,274.7073,6861.1866,497.7503,4726.218878041404,1743.927110780666,-4665.126176618265,76.19056815992589,-5037.124343134108,-4665.126176618265,-42.979,-89.1334,9
408,STARLINK-30351,satellite,0,30,42.9896,103.7881,99.8073,200.6149,300.4222,6861.081,493.0672,3376.335034904684,4407.294174125173,-4035.8045372324705,3036.629253369842,-4647.877255563128,-4035.8045372324705,-36.1842,-56.8419,15
409,STARLINK-30242,satellite,0,28,42.9913,75.2453,96.573,324.527,61.1,6860.7332,485.6045,-3401.7617517624467,4322.326255826964,4092.871362028443,5206.445879533736,1774.0937351366872,4092.871362028443,36.8245,18.8165,12
410,STARLINK-30331,satellite,0,93,43.0124,30.9463,110.1332,34.6786,144.8118,6864.6109,483.139,-6292.914722661681,-403.78703618864904,2695.8815064346845,1708.0205674421532,6070.130593198201,2695.8815064346845,23.2773,74.2844,5
411,STARLINK-30364,satellite,0,30,43.0201,103.6515,45.5747,327.3549,12.9296,6869.634,484.6528,-2669.423509685218,6234.402661765375,1047.575428995509,6767.006773540676,448.57301517363146,1047.575428995509,8.835,3.7925,5
412,STARLINK-30308,satellite,0,30,42.9813,103.8368,94.2333,189.3637,283.597,6861.8252,497.4388,4354.618566386869,2734.9784737700893,-4549.875357551956,1134.3989760693098,-5015.570662825907,-4549.875357551956,-41.6797,-77.2555,12
413,STARLINK-30361,satellite,0,30,43.0179,103.6962,13.1459,327.5075,340.6534,6869.1074,487.4433,81.83671174116431,6686.365355482113,-1551.435394653282,6280.07065849513,-2296.713181633395,-1551.435394653282,-13.1411,-20.0882,5
414,STARLINK-30363,satellite,0,23,43.0204,89.214,21.4078,326.3954,347.8032,6869.688,486.606,1152.2092630319955,6694.177493328138,-989.4291862904633,5932.133221858578,-3308.9868443557607,-989.4291862904633,-8.3387,-29.1531,8
415,STARLINK-30362,satellite,0,30,42.9875,104.3817,101.3412,325.1303,66.4715,6863.1004,489.5216,-5136.394180524595,1509.790505744362,4288.085970220367,3129.1915752019827,4343.981196396651,4288.085970220367,38.8678,54.2329,5
416,STARLINK-30350,satellite,0,12,43.0182,100.6512,165.4564,33.2399,198.6963,6866.6422,484.9987,2781.9385957522327,-6090.75600959391,-1500.680568359041,-6668.854160976047,-602.3913168138316,-1500.680568359041,-12.7087,-174.8385,5
417,STARLINK-30307,satellite,0,30,43.0022,104.0231,152.6292,68.8826,221.5118,6866.2264,491.8826,4474.389383619969,-4181.534638109006,-3103.4722120785123,-5429.692585061946,-2832.6367076771107,-3103.4722120785123,-27.0183,-152.4492,4
418,STARLINK-30356,satellite,0,30,42.9832,103.4029,79.9191,25.5482,105.4672,6861.8137,489.2816,-4279.75808725863,-2900.0020037067725,4506.44398507411,-1314.915054190109,4999.733923642654,4506.44398507411,41.2556,104.7349,4
419,STARLINK-30370,satellite,0,23,43.0012,89.1522,80.9176,322.3395,43.2571,6863.4434,483.6002,-3362.257512176454,5044.197975156107,3204.74935709039,5874.272837247932,1497.2065403033394,3204.74935709039,28.0115,14.2988,7
420,STARLINK-30368,satellite,0,30,42.9892,103.931,77.9239,166.1683,244.0922,6862.8446,496.1825,5107.148547215211,-1824.131916031594,-4211.293819434241,-3416.0012558034105,-4212.049257874017,-4211.293819434241,-38.0039,-129.0423,4
421,STARLINK-30397,satellite,0,34,43.0023,126.2524,93.9055,37.4477,131.3531,6862.5168,484.4087,-356.5681942320409,-5879.333851819133,3510.508243177175,-5427.603129779782,2287.9754552636746,3510.508243177175,30.9524,157.1424,5
422,STARLINK-30354,satellite,0,19,42.983,128.9736,102.3356,332.5906,74.9262,6861.8313,489.3772,-4888.116501113862,-1660.4295750674405,4514.920269481203,56.313881004982015,5162.1253422429045,4514.920269481203,41.3492,89.375,4
423,STARLINK-30383,satellite,0,19,43.0204,129.1438,31.0239,329.2099,0.2338,6867.6634,482.8916,-4346.993744130776,5308.2004289786755,19.098870908558723,6450.185784219961,2338.471670721763,19.098870908558723,0.1605,19.9278,4
424,STARLINK-30384,satellite,0,19,42.9829,128.8766,75.6881,29.7429,105.4309,6861.8838,489.358,-2619.7439180459633,-4456.117162222356,4507.254603711115,-3333.8317950985584,3950.3928819272337,4507.254603711115,41.264,130.1618,7
425,STARLINK-30305,satellite,0,34,42.989,126.309,78.2447,31.7978,110.0425,6859.6765,486.58,-2405.207460577991,-4683.162665734996,4391.6497127912435,-3619.2180631760243,3823.388038550957,4391.6497127912435,40.0098,133.4286,7
426,STARLINK-30360,satellite,0,34,42.9837,126.3331,77.1725,25.811,102.9835,6859.0669,486.8655,-3024.2977567831917,-4136.201051662666,4554.546134896687,-2897.7652166902367,4225.812680467437,4554.546134896687,41.8108,124.4396,7
427,STARLINK-30355,satellite,0,19,42.9812,129.2875,99.3706,182.8383,282.2089,6861.6391,497.581,2880.43766649806,4232.634234285783,-4575.213153716837,3036.4843386047305,-4122.120397712442,-4575.213153716837,-41.9625,-53.6235,13
428,STARLINK-30385,satellite,0,64,43.0218,114.5777,36.8326,327.9373,4.7699,6868.4079,483.278,-3223.2642723883355,6044.5928540275545,389.271197773454,6771.805133590594,1034.0167180912313,389.271197773454,3.2727,8.6817,5
429,STARLINK-30359,satellite,0,64,42.9867,114.7773,106.2371,180.3756,286.6126,6859.4223,494.9041,3546.087915812771,3798.172465586193,-4484.65258752466,2405.6969666248087,-4605.808907215177,-4484.65258752466,-40.9728,-62.4211,14
430,STARLINK-30380,satellite,0,34,42.9891,125.9954,72.6967,178.9542,251.6509,6859.4119,493.9133,5124.957184098385,1052.4617537585266,-4441.718178338822,-708.4272810421764,-5183.723822643459,-4441.718178338822,-40.5065,-97.782,4
431,STARLINK-30369,satellite,0,34,42.9803,125.9177,88.7189,184.039,272.7579,6858.6733,495.6235,3868.263682252051,3209.7703332390574,-4673.963807273107,1743.71314742037,-4714.398579573551,-4673.963807273107,-43.0965,-69.7021,13
432,STARLINK-30376,satellite,0,34,43.0124,125.7767,9.5322,319.7997,329.3319,6865.2442,487.0532,-1374.4041926939403,6285.268256382493,-2387.7960775843835,6385.110835679935,-789.9009783933604,-2387.7960775843835,-20.4785,-7.0522,4
433,STARLINK-30389,satellite,0,19,42.9862,128.9976,100.2455,327.6498,67.8953,6862.4627,488.7091,-5236.504633778688,-919.3443788428434,4332.430437418726,871.0244600695199,5244.758455492131,4332.430437418726,39.3513,80.5707,4
434,STARLINK-30388,satellite,0,34,42.9973,125.8221,83.4116,224.6545,308.0661,6862.0059,491.2065,727.7422354676087,5744.1164205621335,-3684.897156035523,5176.842787092046,-2593.218265396876,-3684.897156035523,-32.6356,-26.6075,4
435,STARLINK-30381,satellite,0,34,43.0132,126.0151,170.5438,38.7292,209.273,6865.4205,486.6975,5504.409709405174,-3399.255374396643,-2289.0380311850276,-5033.681825952374,-4063.9279797303475,-2289.0380311850276,-19.5977,-141.0844,4
436,STARLINK-30382,satellite,0,34,43.0183,125.7411,23.1396,327.3652,350.5048,6867.3473,483.7628,-3281.3996759502193,5976.453550989472,-772.2397580944003,6726.827309003589,1111.4743520677432,-772.2397580944003,-6.5021,9.3822,5
437,STARLINK-30378,satellite,0,34,43.0131,126.1956,118.4591,34.1051,152.5642,6865.78,482.694,1730.0560395846774,-6277.059063215871,2155.767687861887,-6495.424567773065,451.69023409193466,2155.767687861887,18.4262,176.0221,4
438,STARLINK-30387,satellite,0,64,43.0155,114.5941,53.4989,325.507,19.0059,6869.1207,484.8762,-4185.880042598763,5219.262652368268,1524.5019133556482,6312.809786021203,2216.01601324264,1524.5019133556482,12.914,19.3428,5
439,STARLINK-30372,satellite,0,8,42.9878,9.9446,96.5427,180.7694,277.3121,6858.7645,494.8109,1720.3276093246188,-4753.885523439917,-4641.527255499789,-5055.388462515673,-44.74535103876537,-4641.527255499789,-42.7329,-179.4929,9
440,STARLINK-30367,satellite,0,34,42.9975,126.0594,91.1361,139.1766,230.3126,6862.297,491.2449,5702.783815876112,-1269.4208863830854,-3601.955711368952,-3090.4625149639323,-4958.045389163651,-3601.955711368952,-31.8147,-121.9362,4
441,STARLINK-30374,satellite,0,75,43.0141,165.5161,58.912,325.4295,24.3415,6868.0795,484.3924,-6569.415536830378,-438.5707176578512,1929.1049760451106,1766.9927115170142,6342.499627700505,1929.1049760451106,16.4272,74.4324,5
442,STARLINK-30394,satellite,0,75,43.0008,165.6358,55.0496,259.4957,314.5453,6863.0405,490.26,-3776.4392563625643,4659.9056366774375,-3336.0223388117743,5649.256838319136,2015.4679790160108,-3336.0223388117743,-29.2343,19.6347,4
443,STARLINK-30379,satellite,0,75,42.9895,165.6955,103.0521,190.2579,293.31,6860.0758,493.8745,-1492.5514731287087,5138.8811567711755,-4298.049585967505,5342.944600373839,-297.9134785345735,-4298.049585967505,-38.9455,-3.1914,4
444,STARLINK-30395,satellite,0,75,42.9833,165.7607,95.4843,177.3197,272.8041,6859.615,496.6414,908.2745219506718,4944.478602295963,-4674.737037868459,4362.618818262742,-2498.0769208187257,-4674.737037868459,-43.0974,-29.7959,4
445,STARLINK-30403,satellite,0,75,42.9853,165.8113,82.6841,175.2697,257.9538,6859.0633,494.9668,2592.3368958925735,4409.428350828682,-4576.60879630162,3298.8879955318985,-3909.0416927724405,-4576.60879630162,-41.9978,-49.8386,8
446,STARLINK-30413,satellite,0,75,42.9829,166.2534,99.8713,334.0416,73.9128,6859.7183,486.7523,-2990.4037822679234,-4229.47694202008,4491.043940451373,-2997.00318390455,4224.803178817662,4491.043940451373,41.103,125.3512,7
447,STARLINK-30398,satellite,0,75,43.0196,165.9618,172.4164,22.0239,194.4403,6866.9923,484.4123,6750.153174963196,-398.20767326442575,-1167.4385437897652,-2616.319479692698,-6235.223301269403,-1167.4385437897652,-9.8557,-112.7631,4
448,STARLINK-30386,satellite,0,75,43.0218,165.9951,143.4136,29.6971,173.1107,6867.4668,482.2101,6462.63190753869,-2231.9410300451145,561.4414382631231,-4250.635036935694,-5355.303326302882,561.4414382631231,4.7236,-128.4399,4
449,STARLINK-30391,satellite,0,75,43.0123,166.0263,121.3628,30.7508,152.1136,6865.2507,482.4983,5316.221371712909,-3740.018019231618,2188.2378268820135,-5292.654105680377,-3773.295240881493,2188.2378268820135,18.7144,-144.5138,9
450,STARLINK-30401,satellite,0,75,43.0059,166.0246,112.0456,34.9619,147.0075,6867.3932,485.2457,4924.035168112706,-4040.644990694517,2548.0276313571967,-5446.05006513364,-3303.5545955369503,2548.0276313571967,21.9262,-148.7591,9
451,STARLINK-30390,satellite,0,75,43.0209,165.9632,162.4533,31.3283,193.7816,6869.5748,486.6863,6757.540906180969,-457.14144700279223,-1115.6487233180649,-2674.3639323772845,-6222.629264103432,-1115.6487233180649,-9.4113,-113.2571,4
452,STARLINK-30409,satellite,0,75,42.9946,165.44,85.0192,325.068,50.0873,6864.7726,486.896,-5227.022338919774,-2618.1260967036974,3587.7250293187726,-734.5808112126947,5799.718770906516,3587.7250293187726,31.697,97.2185,4
453,STARLINK-30415,satellite,0,75,42.9931,166.0864,86.9304,36.4735,123.404,6863.8331,487.6902,2658.2217265083796,-4973.203771794217,3904.5204297020546,-5573.601796694649,-856.65717469218,3904.5204297020546,34.8665,-171.2621,5
454,STARLINK-30407,satellite,0,72,43.0096,60.3829,160.0664,53.8589,213.9253,6864.7659,487.8758,-379.37600491792165,-6334.765049445075,-2612.707634936058,-5849.639559864357,2460.6688937051845,-2612.707634936058,-22.5032,157.1858,12
455,STARLINK-30408,satellite,0,75,42.9825,165.3701,99.1081,341.2475,80.3556,6861.3655,489.8375,-2361.0607823926925,-4495.772545191662,4609.723957035801,-3457.107651910906,3719.5410307390043,4609.723957035801,42.4103,132.9058,7
456,STARLINK-30377,satellite,0,75,43.0161,165.5255,53.8401,324.2887,18.1287,6866.7858,482.6012,-6702.398773663795,118.39829730049749,1456.1193073778052,2336.523897614085,6283.0584553935105,1456.1193073778052,12.3298,69.601,5
457,STARLINK-30422,satellite,0,75,42.9951,165.6434,86.0186,221.5175,307.5361,6864.4974,494.518,-3065.310860257662,4895.3530773879775,-3713.0289773286654,5635.297265829855,1266.50588156395,-3713.0289773286654,-32.8977,12.6665,4
458,STARLINK-30402,satellite,0,75,42.9949,165.6484,88.737,218.8049,307.5419,6862.1529,491.5847,-3065.030773432051,4892.846717498856,-3711.1418643533552,5632.84004728724,1267.0736540161747,-3711.1418643533552,-32.8948,12.6773,4
459,STARLINK-30411,satellite,0,75,43.0122,165.577,9.1667,319.6099,328.7765,6865.1308,486.8934,-5035.510447939826,3980.8245372175065,-2426.6148259423258,5426.625390655488,3428.566221748866,-2426.6148259423258,-20.827,32.2849,4
460,STARLINK-30418,satellite,0,75,43.0139,165.5126,56.9154,326.852,23.7674,6868.6189,484.892,-6585.6414944445305,-386.7578171272158,1886.433952531278,1821.253877549669,6340.606423361168,1886.433952531278,16.0529,73.974,5
461,STARLINK-30432,satellite,0,15,42.9941,216.5968,88.1933,218.9809,307.1742,6861.8533,491.5288,-5714.1974525583155,738.9393341368256,-3729.2413835623543,2593.8489658627977,5144.903440167854,-3729.2413835623543,-33.0756,63.2446,4
462,STARLINK-30427,satellite,0,15,42.9838,216.6549,101.4431,184.4485,285.8916,6859.311,494.5026,-4390.580699975144,2752.115023427144,-4500.578386754475,4053.5036901216,3228.0712227796625,-4500.578386754475,-41.1522,38.5326,4
463,STARLINK-30393,satellite,0,15,43.019,216.5042,26.2018,326.7165,352.9183,6869.9138,485.9007,-5843.238868412138,-3554.741686714436,-577.3198813078338,-1413.5375369133,6691.901117345118,-577.3198813078338,-4.8549,101.9273,4
464,STARLINK-30439,satellite,0,15,42.9791,216.7305,84.578,180.1556,264.7336,6858.5106,495.4726,-2485.5298396334065,4384.323307703995,-4659.4684167929,4960.787445165986,889.2341503046829,-4659.4684167929,-42.9322,10.1625,4
465,STARLINK-30442,satellite,0,15,42.9928,216.7563,88.4183,155.2003,243.6185,6860.354,493.1362,-247.8597930611871,5428.105666205769,-4192.697116046833,5202.598278210427,-1568.0359549683208,-4192.697116046833,-37.8267,-16.7725,4
466,STARLINK-30441,satellite,0,15,43.0089,216.5016,15.4394,312.851,328.2904,6865.1355,487.3985,-6262.122881309796,-1352.5817503145515,-2460.493909644347,802.8030176114214,6356.033958910358,-2460.493909644347,-21.1297,82.8013,4
467,STARLINK-30460,satellite,0,15,42.9993,216.8381,108.7873,120.6085,229.3957,6862.3951,490.6277,1290.023247810123,5727.922198953242,-3553.5456032371076,4974.919494043739,-3118.2412871577967,-3553.5456032371076,-31.3421,-32.0792,9
468,STARLINK-30444,satellite,0,15,43.0222,216.9209,157.3534,29.5651,186.9186,6867.6485,483.6923,5082.739408749605,4574.980169505324,-563.9381293378607,2628.3718809617335,-6313.188156865985,-563.9381293378607,-4.7436,-67.3966,6
469,STARLINK-30446,satellite,0,37,42.9853,202.6479,74.3603,17.6013,91.9616,6858.5949,487.9203,2146.736266557883,-4535.606260136598,4671.825896712104,-4991.030973757123,-519.4329255468915,4671.825896712104,43.1323,-174.0584,4
470,STARLINK-30445,satellite,0,15,43.0138,216.8878,172.9978,35.0962,208.094,6865.5792,486.8876,3423.796625084618,5524.054394142977,-2204.6729237995496,4074.312387917366,-5063.352530197187,-2204.6729237995496,-18.8475,-51.1775,12
471,STARLINK-30447,satellite,0,31,42.9818,191.0305,90.987,354.0941,85.0811,6858.6585,486.8533,379.05547415411775,-5016.676755482952,4656.35698583982,-4858.048117479511,1307.7068516081672,4656.35698583982,42.9637,164.934,4
472,STARLINK-30434,satellite,0,15,43.0081,216.9837,106.4154,37.9823,144.3978,6864.6646,484.0716,6211.2873459551965,1022.5364997359475,2723.5621300639177,-1097.2594054918525,-6198.523468082948,2723.5621300639177,23.5269,-100.0385,48
473,STARLINK-30429,satellite,0,15,43.0204,216.9373,139.3307,32.018,171.3487,6869.912,484.7185,5876.384154390309,3473.8703266152393,704.2825186959934,1326.2492648394625,-6696.322025083633,704.2825186959934,5.927,-78.7972,8
474,STARLINK-30284,satellite,0,27,42.9832,180.1245,90.2372,193.3715,283.6087,6861.5257,496.6568,-1625.955896279903,4877.870753830536,-4549.295002421048,5141.017124638887,-85.43179672918077,-4549.295002421048,-41.679,-0.952,2
475,STARLINK-30433,satellite,0,15,43.0064,216.4468,67.8414,324.1191,31.9605,6865.0439,482.7683,-3103.3566612858754,-5592.109349675082,2476.1092468314723,-4244.877482945041,4783.672720897308,2476.1092468314723,21.2853,131.5848,7
476,STARLINK-30358,satellite,0,15,43.0208,216.4789,43.8649,326.8524,10.7173,6867.2494,482.3159,-4865.317102108733,-4757.33070219455,870.3812692577933,-2872.5554137043823,6168.6247502431415,870.3812692577933,7.3342,114.9701,5
477,STARLINK-30436,satellite,0,15,43.0131,216.5252,10.8218,324.5366,335.3584,6866.036,485.8921,-6257.476311136556,-2031.1492022648792,-1951.7871242426634,161.1691806890251,6576.899068823578,-1951.7871242426634,-16.622,88.5962,4
478,STARLINK-30339,satellite,0,15,43.0227,216.9186,151.765,30.7637,182.5287,6870.0707,485.3778,5348.968817166969,4295.743638335343,-206.6085690177789,2276.594609641821,-6471.6302271277045,-206.6085690177789,-1.7358,-70.6191,7
479,STARLINK-30282,satellite,0,15,43.0006,216.4164,82.6478,323.4492,46.097,6862.8406,484.2044,-1681.4124753735027,-5730.568698570008,3369.580630222513,-4847.495578637014,3488.316518962494,3369.580630222513,29.5857,144.2608,8
480,STARLINK-30340,satellite,0,15,43.019,216.4786,36.4129,320.7633,357.1763,6869.9704,485.681,-5659.3055818607,-3876.945651959845,-230.68809164376003,-1778.5279851856199,6625.351723723172,-230.68809164376003,-1.9381,105.0264,4
481,STARLINK-30279,satellite,0,15,43.0119,216.457,59.5492,325.3562,24.9055,6865.9176,482.3841,-3748.501375301854,-5395.282687257627,1970.304305472697,-3845.0576118654167,5326.9005807784315,1970.304305472697,16.7932,125.8225,5
482,STARLINK-30465,satellite,0,62,43.0209,245.4085,26.3026,328.429,354.7316,6869.9939,485.6824,-3263.2232482946024,-6023.067466847844,-429.99009610455477,-4598.332296076353,5077.529692012886,-429.99009610455477,-3.6142,132.1647,2
483,STARLINK-30470,satellite,0,62,43.013,245.4318,11.8932,325.5463,337.4395,6868.6717,488.1056,-4387.220952466358,-4964.822989226815,-1796.639592975986,-3226.9849328878868,5786.513911071973,-1796.639592975986,-15.2626,119.1472,6
484,STARLINK-30473,satellite,0,62,43.0203,245.765,150.4382,31.9082,182.3464,6870.4099,486.173,2627.933038502545,6338.432533735956,-191.73596214238665,5106.698055094144,-4582.94599724602,-191.73596214238665,-1.6106,-41.906,6
485,STARLINK-30443,satellite,0,62,42.9825,245.6701,76.5505,176.2884,252.8389,6861.8943,497.4749,-3538.6766669182866,3823.4959021421023,-4472.991730764751,4781.348579923303,2068.830399997734,-4472.991730764751,-40.8253,23.3975,2
486,STARLINK-30467,satellite,0,62,43.0199,245.3959,35.8542,328.652,4.5061,6869.9842,484.8453,-2490.098346917,-6384.650714548648,367.8646044784797,-5196.049347523614,4468.268758949573,367.8646044784797,3.0918,139.3066,3
487,STARLINK-30474,satellite,0,62,43.0078,245.4453,9.2038,321.4432,330.647,6867.9391,489.0997,-4724.716519217235,-4419.798411331352,-2295.3025955953904,-2600.8337238237805,5923.95375782022,-2295.3025955953904,-19.6463,113.7032,7
488,STARLINK-30479,satellite,0,62,42.995,245.7351,93.2097,138.2013,231.411,6864.791,494.0442,-1818.6201115271756,5517.380525250068,-3659.817554377099,5808.219756245688,-115.9751422379657,-3659.817554377099,-32.3716,-1.1439,3
489,STARLINK-30481,satellite,0,62,42.992,245.5129,102.5889,199.5817,302.1706,6863.7921,494.9646,-5383.927019928087,-1564.9099325351729,-3963.04555455343,311.00003754990104,5598.1150604022905,-3963.04555455343,-35.4225,86.8202,3
490,STARLINK-30457,satellite,0,62,42.9881,245.9744,75.4159,34.7731,110.189,6862.3446,489.2167,5264.530056049651,244.80245339901688,4389.169324921862,-1516.6215575496913,-5047.282833705267,4389.169324921862,39.9642,-106.7246,107
491,STARLINK-30472,satellite,0,39,42.9808,242.201,88.0901,179.9402,268.0303,6858.6073,495.4399,-4329.142531950355,2549.0982052749614,-4676.534323234584,3841.604105012837,3237.5074706363357,-4676.534323234584,-43.1274,40.1225,4
492,STARLINK-30462,satellite,0,62,43.0151,245.7976,169.8194,30.1674,199.9868,6869.3011,487.965,1079.9854608211758,6587.761989448018,-1600.7331139345372,5855.726124873322,-3205.5339922823014,-1600.7331139345372,-13.5654,-28.6971,10
493,STARLINK-30449,satellite,0,62,43.02,245.391,33.5557,328.8873,2.443,6870.2402,484.896,-2660.8731397509605,-6323.044601386702,199.58534905779192,-5081.248289788923,4608.910360865224,199.58534905779192,1.6769,137.7906,2
494,STARLINK-30466,satellite,0,62,42.9861,245.6921,71.6316,174.3295,245.9611,6862.6733,496.4294,-3029.1288296007347,4437.309854612488,-4275.52003637002,5191.215435423151,1384.4213647527436,-4275.52003637002,-38.6866,14.9324,3
495,STARLINK-30428,satellite,0,62,43.0193,245.8174,154.836,31.2229,186.0589,6870.2206,486.2888,2312.9939794605702,6443.953219530214,-494.30573299783185,5310.778497183343,-4320.8918059087855,-494.30573299783185,-4.1553,-39.1321,6
496,STARLINK-30482,satellite,0,62,43.0148,246.2119,58.4797,327.6041,26.0839,6868.6646,485.1424,-467.2431354678506,-6528.721885552414,2058.0483258638606,-6003.431482894663,2607.937122846733,2058.0483258638606,17.5571,156.5195,4
497,STARLINK-30463,satellite,0,62,42.9817,246.0508,86.9671,358.0089,84.976,6861.6874,490.3075,4324.117316049846,-2577.83937437107,4657.956194526672,-3867.0474929851694,-3223.2266581823046,4657.956194526672,42.9551,-140.1884,26
498,STARLINK-30453,satellite,0,39,42.9821,242.6025,82.8448,15.1916,98.0364,6861.3115,489.599,4851.76826030434,-1434.7598205746203,4629.633931787347,-2963.9346400637382,-4100.400278492596,4629.633931787347,42.6379,-125.8609,67
499,STARLINK-30478,satellite,0,62,42.995,245.2914,90.0549,323.475,53.5299,6864.408,487.5854,1960.8318819389385,-5390.311905070873,3761.551764658294,-5735.562886316029,-60.35296422812541,3761.551764658294,33.4207,-179.3971,4
500,STARLINK-30477,satellite,0,39,42.9863,242.133,103.6994,185.5088,289.2082,6859.5971,494.1451,-5246.839723567961,219.91686102531477,-4419.1033939672,1949.11818093103,4876.333543487162,-4419.1033939672,-40.2567,68.2129,4
501,STARLINK-30450,satellite,0,50,43.0056,256.4834,78.9118,322.3984,41.3101,6866.1923,486.3752,2015.605368262028,-5784.307636398845,3088.8395565514475,-6125.400208337545,18.764881216136555,3088.8395565514475,26.9042,179.8245,4
502,STARLINK-30483,satellite,0,51,42.996,111.1734,98.1111,207.2332,305.3443,6861.622,491.8426,2384.1636306258965,5181.2882042469755,-3817.7844650075986,4096.084392518877,-3968.888550013891,-3817.7844650075986,-33.9627,-44.0964,11
503,STARLINK-30454,satellite,0,50,43.0007,256.473,82.6627,323.0418,45.7046,6865.4943,486.5629,2370.604248427904,-5497.441346139172,3348.477398418272,-5972.640465582597,-411.32921825491525,3348.477398418272,29.3713,-176.0603,5
504,STARLINK-30501,satellite,0,50,43.0113,256.6022,11.3311,316.4374,327.7684,6866.5803,489.0713,-3949.6220053205034,-5028.238531348002,-2497.3650445109024,-3432.0642130519764,5394.7782114311785,-2497.3650445109024,-21.4561,122.4638,7
505,STARLINK-30499,satellite,0,51,43.004,111.8221,80.4305,323.0983,43.5288,6863.291,483.3744,-5054.024433034494,3331.3631028261834,3220.9056187109354,4820.1352756715305,3661.6169948273227,3220.9056187109354,28.166,37.2221,5
506,STARLINK-30496,satellite,0,50,42.9816,256.7905,89.1288,174.7437,263.8725,6858.9904,495.1683,-4692.921785455809,1854.0619195037611,-4652.520807536315,3306.7329755688465,3811.374753818537,-4652.520807536315,-42.8553,49.0552,4
507,STARLINK-30485,satellite,0,50,42.9812,256.7675,89.4059,180.7524,270.1583,6861.2014,498.0425,-4894.125914148953,1131.3457084457036,-4681.079890612698,2691.7851512695797,4241.073481439274,-4681.079890612698,-43.159,57.5969,4
508,STARLINK-30492,satellite,0,50,43.0126,256.9383,171.6193,35.6465,207.2658,6865.6885,486.3329,-860.6906150583471,6461.59648516581,-2144.5613291613677,6380.915412867865,-1333.0176164559873,-2144.5613291613677,-18.317,-11.7998,3
509,STARLINK-30440,satellite,0,50,42.9948,257.068,91.5835,37.695,129.2785,6864.6901,487.1689,4756.905980899952,3363.313281398991,3620.8208588977063,1593.5680683560618,-5603.62128908374,3620.8208588977063,32.022,-74.1252,69
510,STARLINK-30452,satellite,0,50,42.9897,257.0936,81.9236,36.4854,118.409,6863.1732,488.3199,5030.191818517137,2195.0479679624605,4113.5483301250815,400.8292314746691,-5473.6095257086345,4113.5483301250815,37.0239,-85.8117,109
511,STARLINK-30471,satellite,0,50,43.0172,256.158,120.0485,34.8964,154.9449,6868.504,485.3365,3550.0598634620656,5527.18178911145,1982.4235762979113,4035.3497913722595,-5183.494537985105,1982.4235762979113,16.892,-52.0992,5
512,STARLINK-30461,satellite,0,50,42.987,256.3907,98.4911,335.0259,73.517,6861.7867,488.5044,4217.279295319752,-3022.8766875814567,4483.497754700731,-4251.385842095562,-2974.71789329434,4483.497754700731,41.0065,-145.0193,8
513,STARLINK-30396,satellite,0,59,42.9806,267.896,102.1221,338.3823,80.5044,6858.7648,487.1014,4901.83185786849,-1311.815887309581,4609.738335432472,-2864.5802998853587,-4188.436007690817,4609.738335432472,42.4313,-124.3692,67
514,STARLINK-30524,satellite,0,59,42.9901,267.7847,82.0095,33.9726,115.9821,6860.339,486.0759,4620.944901878547,2827.104793891419,4202.524818407673,1132.8954214521502,-5297.376828760998,4202.524818407673,37.9769,-77.9286,91
515,STARLINK-30521,satellite,0,59,42.9912,267.3287,102.858,196.9707,299.8287,6860.8143,492.8093,-4509.587670251789,-3207.2520879636368,-4060.0463707907143,-1528.452324443408,5318.522389098086,-4060.0463707907143,-36.4374,106.0337,8
516,STARLINK-30528,satellite,0,59,42.9808,267.3944,95.2926,183.346,278.6386,6858.822,495.2842,-5006.119907159291,-804.1870952864405,-4626.248689909866,903.1766683385782,4989.210890997756,-4626.248689909866,-42.5558,79.7391,4
517,STARLINK-30495,satellite,0,59,43.0182,267.6142,163.9224,36.9571,200.8795,6866.4555,485.5332,-1519.74141374101,6480.643066312155,-1668.5895490314713,6617.651740431128,-717.6586653473852,-1668.5895490314713,-14.1571,-6.1893,4
518,STARLINK-30494,satellite,0,77,43.0094,122.0905,107.4332,35.9898,143.423,6864.418,483.4651,394.0637067937803,-6253.538468056093,2787.632469074578,-6029.7594181138375,1704.1217492118565,2787.632469074578,24.1167,164.2187,4
519,STARLINK-30498,satellite,0,59,43.0051,267.56,157.5184,64.5745,222.093,6863.5496,489.1704,-3144.3728625076724,5231.222196153761,-3137.7612122116498,5978.366353800284,1229.5942842072623,-3137.7612122116498,-27.3529,11.6222,3
520,STARLINK-30505,satellite,0,59,42.9807,267.8273,86.2402,8.4717,94.7118,6858.5999,487.2959,5016.200618627891,373.2416380958685,4657.982565692415,-1313.03298037065,-4855.6690949024005,4657.982565692415,42.9788,-105.1316,108
521,STARLINK-30502,satellite,0,59,42.99,267.5036,74.3437,168.9624,243.3061,6860.4341,493.4016,-4346.872907279604,3275.7291989285154,-4181.270029425441,4532.919317647106,3013.029756981499,-4181.270029425441,-37.7041,33.612,4
522,STARLINK-30489,satellite,0,59,43.0091,267.5758,166.2268,48.7998,215.0266,6864.6345,487.9482,-2640.0543146233395,5736.6447399115195,-2686.8145718411392,6287.723639026898,586.0981959860947,-2686.8145718411392,-23.1772,5.3253,3
523,STARLINK-30503,satellite,0,59,42.9937,267.9157,97.1474,322.3343,59.4817,6860.8579,485.7141,4190.769988365315,-3636.621468052722,4027.8192183742376,-4821.530482918216,-2745.9811724729275,4027.8192183742376,36.1464,-150.3374,9
524,STARLINK-30512,satellite,0,59,42.9828,267.4001,81.5173,175.9575,257.4748,6859.0693,495.2961,-4829.291298058404,1709.4034197997587,-4568.315885288569,3215.5442867231154,3988.0307713517045,-4568.315885288569,-41.9022,51.1208,4
525,STARLINK-30509,satellite,0,73,42.985,282.2221,77.9613,26.8964,104.8578,6859.2651,486.9943,4365.533826103577,2744.36186142363,4518.059510706223,1139.6270241074785,-5028.981791497663,4518.059510706223,41.4017,-77.2317,84
526,STARLINK-30511,satellite,0,73,42.9847,282.2139,79.3522,29.3167,108.6688,6862.03,488.9652,4180.99334982114,3151.147273954028,4429.884050496658,1584.6045499059799,-4989.936167308533,4429.884050496658,40.4117,-72.3822,77
527,STARLINK-30508,satellite,0,73,42.9906,282.3673,95.2324,323.6161,58.8485,6863.5468,487.9179,4953.791913462107,-2546.1448166626624,4002.443618596388,-4046.1684656371335,-3827.718445364595,4002.443618596388,35.8704,-136.5892,27
528,STARLINK-30510,satellite,1,109,43.0173,285.4472,164.8229,32.025,196.848,6882.0557,500.2221,-3157.97682394755,5956.354447166146,-1359.888693431507,6666.898055891333,1001.721634596235,-1359.888693431507,-11.4736,8.5449,4
529,STARLINK-30515,satellite,0,92,42.9847,285.3182,71.143,180.3993,251.5423,6874.479,509.3449,-5178.7775914004105,839.4584691130357,-4448.54200593718,2510.9376362712273,4606.475881768329,-4448.54200593718,-40.4714,61.4057,4
530,STARLINK-30519,satellite,0,73,43.0157,282.4428,60.8908,325.9602,26.851,6868.2762,485.4275,3531.796113662476,-5489.711369353364,2114.2423411184104,-6350.802574089912,-1509.2452988901134,2114.2423411184104,18.0517,-166.6318,8
531,STARLINK-30537,satellite,0,44,42.9958,358.5749,78.8406,163.2039,242.0445,6860.552,493.1151,-3326.787339108851,-4352.804984250512,-4134.343595586367,-3001.676894245485,4583.051500160545,-4134.343595586367,-37.2117,123.2229,11
532,STARLINK-30534,satellite,0,44,43.007,358.3278,30.4419,289.4069,319.8488,6863.7839,489.1858,5149.165133659616,-3387.882950474926,-3018.520100112634,-4905.0319829511645,-3732.601466275326,-3018.520100112634,-26.2335,-142.7298,2
533,STARLINK-30536,satellite,0,44,42.9843,358.4107,102.943,187.3979,290.3409,6862.1863,497.2495,2255.323468460716,-4774.358530614891,-4389.707712015008,-5252.29071013567,-542.6100095532564,-4389.707712015008,-39.9139,-174.1017,9
534,STARLINK-30538,satellite,0,44,43.0266,358.6926,146.9859,31.4852,178.4711,6867.5415,482.6335,-6853.482671543377,290.25771990723774,124.90057747952882,2548.7903712411953,6368.5274527616875,124.90057747952882,1.0497,68.1879,4
535,STARLINK-30517,satellite,0,44,42.9859,358.8354,60.209,50.2394,110.4484,6862.266,490.3225,-2300.4728246970917,4749.565962396428,4382.355976376485,5243.891105136314,593.429124493218,4382.355976376485,39.8822,6.4565,17
536,STARLINK-30523,satellite,0,44,43.0232,358.6642,164.648,36.215,200.863,6867.8177,485.4519,-6452.2961677774565,-1636.722776629328,-1667.4713056571945,597.9007031440075,6629.743738141979,-1667.4713056571945,-14.1476,84.8467,4
537,STARLINK-30531,satellite,0,44,42.983,358.4831,89.43,178.4571,267.8871,6861.1508,497.9589,-385.9278343558731,-5011.092568492213,-4678.029358867234,-4598.846896793136,2027.4605404753606,-4678.029358867234,-43.1248,156.2091,18
538,STARLINK-30552,satellite,0,44,42.9922,358.8115,80.776,38.5929,119.3688,6863.1999,488.2071,-3272.3397603806384,4440.892677085558,4075.903458250304,5275.328165586008,1612.652480274381,4075.903458250304,36.631,16.9982,13
539,STARLINK-30545,satellite,0,44,43.0172,358.2313,43.9453,332.311,16.2563,6867.0153,481.7822,6625.096990936721,1199.9668649752177,1309.9289765984956,-1067.252406532285,-6647.766761635692,1309.9289765984956,11.077,-99.1206,15
540,STARLINK-30535,satellite,0,44,43.0205,358.2596,26.8461,328.1888,355.0348,6867.6486,483.6049,6819.578125441021,-641.6063118475798,-405.17823579949004,-2868.962347283321,-6219.916359426942,-405.17823579949004,-3.4064,-114.7617,2
541,STARLINK-30540,satellite,0,44,42.9963,358.3654,105.7034,192.3886,298.092,6860.8054,493.4252,3104.4366296841367,-4519.146132244744,-4129.350843932206,-5293.409618884784,-1428.2937929590244,-4129.350843932206,-37.1573,-164.8998,6
542,STARLINK-30539,satellite,0,44,43.0206,358.2377,44.3949,328.1928,12.5877,6869.6568,485.0516,6728.218245552534,886.9609727586266,1020.4010912706494,-1396.741044031576,-6641.1395846571795,1020.4010912706494,8.6036,-101.8771,10
543,STARLINK-30530,satellite,0,44,42.9873,358.4075,105.8392,181.675,287.5143,6861.8961,497.3112,1932.477765829296,-4845.522895699005,-4464.71217905759,-5212.2523659480385,-214.44748036975412,-4464.71217905759,-40.7352,-177.644,9
544,STARLINK-30526,satellite,0,67,43.0211,333.4778,165.2324,32.9288,198.1613,6871.6881,489.714,-6536.892838993415,1513.475130659385,-1460.294942810252,3597.5581512582803,5663.8458937300675,-1460.294942810252,-12.3526,57.5771,3
545,STARLINK-30527,satellite,0,19,43.0079,129.923,20.0746,304.2433,324.318,6864.5188,488.3448,-1332.5763543923113,6153.8854475544795,-2730.5408975437085,6247.293062974399,-785.7450141237019,-2730.5408975437085,-23.5752,-7.1687,4
546,STARLINK-30522,satellite,0,44,42.9832,358.914,93.9985,349.7417,83.7401,6861.3651,489.6585,842.1594846608965,4971.972502012851,4647.765599453352,4410.500430000507,-2444.837236983596,4647.765599453352,42.8438,-29.0006,5
547,STARLINK-30486,satellite,0,44,42.9893,358.3964,104.1827,187.3569,291.5397,6859.9318,493.7669,2388.1538023261965,-4738.444437781641,-4352.982166412024,-5262.505600703142,-679.8301817931457,-4352.982166412024,-39.5391,-172.6391,9
548,STARLINK-30520,satellite,0,44,43.02,358.2411,36.8813,325.4631,2.3444,6867.4633,482.486,6857.931880115992,-5.318535673436864,191.46742374302963,-2281.4846653396958,-6467.308998412925,191.46742374302963,1.6092,-109.4314,4
549,STARLINK-30497,satellite,0,44,43.0177,358.2716,13.4354,327.5874,341.0229,6866.658,485.2863,6437.219504234866,-1826.5974120830365,-1522.4376034789245,-3859.839588372727,-5465.884320360327,-1522.4376034789245,-12.8955,-125.2286,2
550,STARLINK-30525,satellite,0,44,42.9849,358.4344,94.606,182.7624,277.3684,6858.7705,495.5445,743.9021146083991,-5001.883067856465,-4641.187671538809,-4965.20288928867,958.6369744733839,-4641.187671538809,-42.7234,169.0723,12
551,STARLINK-30568,satellite,0,11,43.0244,319.0128,132.168,32.6129,164.7809,6866.9313,482.0615,-4132.918118943565,5335.009536522404,1228.629447439874,6404.413073358298,2127.635334937437,1228.629447439874,10.3813,18.3772,5
552,STARLINK-30575,satellite,0,11,43.0238,318.9857,152.5352,33.4622,185.9974,6867.5007,483.4208,-5492.883662903136,4082.7004914167082,-489.14545456092327,5674.548308952917,3826.188145682593,-489.14545456092327,-4.1135,33.9907,4
553,STARLINK-30577,satellite,0,11,43.0197,318.5434,37.3277,325.3064,2.634,6867.6302,482.6023,5288.994943907446,-4364.597965614172,215.1086490988797,-5872.781492599444,-3540.285363964795,215.1086490988797,1.808,-148.9172,4
554,STARLINK-30566,satellite,0,11,42.9996,318.4929,66.653,338.3766,45.0296,6863.2868,486.0757,5982.32289418412,-554.8303942768902,3309.5065974881823,-2509.182692573004,-5458.9400245821535,3309.5065974881823,28.9995,-114.6857,69
555,STARLINK-30544,satellite,0,11,42.9883,318.2896,85.0389,23.8341,108.873,6859.5832,486.2272,1501.8024594241604,5017.772429893035,4423.07444086382,4234.737123679551,-3082.280369897807,4423.07444086382,40.3564,-36.0492,5
556,STARLINK-30553,satellite,0,11,43.0111,318.5176,69.5052,321.3556,30.8608,6865.3155,482.8885,6114.547587554421,-1972.537492209439,2399.7936372345507,-3890.394725663608,-5113.064172995316,2399.7936372345507,20.5991,-127.2665,13
557,STARLINK-30541,satellite,0,11,42.9866,318.4308,97.0266,329.3996,66.4261,6860.0496,486.0331,5101.261268592438,1619.6698743765623,4284.359361641525,-165.5151286798918,-5349.654360291177,4284.359361641525,38.8513,-91.7721,117
558,STARLINK-30573,satellite,0,11,43.0223,318.5498,38.7048,330.962,9.6668,6867.3695,482.5042,5626.55277944184,-3845.6048454083266,785.9748003704079,-5495.267443326782,-4030.9810881701537,785.9748003704079,6.6195,-143.7386,4
559,STARLINK-30582,satellite,0,11,43.0024,318.2313,93.9517,36.2846,130.2363,6862.2888,484.331,-753.4250929397218,5805.312305503799,3569.926247304952,5726.237325392263,-1216.3496324616224,3569.926247304952,31.5352,-11.9923,9
560,STARLINK-30558,satellite,0,11,43.0,318.8889,110.316,117.9841,228.3001,6862.5999,490.7263,-5904.166797149297,178.3293050566562,-3494.8385331037416,2128.086254189221,5510.1938082369725,-3494.8385331037416,-30.7678,68.883,4
561,STARLINK-30579,satellite,0,29,43.0231,292.8244,153.891,29.3834,183.2744,6867.538,483.0194,-2921.208559031651,6202.424120333768,-267.3852570929319,6820.420685020292,696.6965574805367,-267.3852570929319,-2.2474,5.8325,5
562,STARLINK-30588,satellite,0,11,43.0172,318.5758,28.9508,319.6269,348.5777,6867.2116,484.4081,4386.149328150013,-5195.314940579107,-927.1139749489122,-6356.6986776428685,-2412.879023550231,-927.1139749489122,-7.8127,-159.2142,4
563,STARLINK-30585,satellite,0,11,42.9936,318.6584,99.6759,206.4288,306.1047,6861.7005,492.0496,357.3026062895996,-5716.851920118494,-3781.5302446208725,-5511.301264107445,1560.6471110637196,-3781.5302446208725,-33.5965,164.1894,17
564,STARLINK-30587,satellite,0,11,42.9825,318.3626,95.1078,352.527,87.6348,6858.6807,487.1534,3540.7051520435234,3556.950730902412,4669.821969001808,2179.9397406370203,-4520.658602788553,4669.821969001808,43.1154,-64.2558,41
565,STARLINK-30576,satellite,0,11,43.0177,318.5916,15.7334,325.6919,341.4253,6866.7463,485.1771,3821.6158774126848,-5501.133389372265,-1491.288649070257,-6457.781652045837,-1778.840244839104,-1491.288649070257,-12.6275,-164.5994,4
566,STARLINK-30571,satellite,0,11,42.9854,318.8339,76.8622,172.698,249.5602,6859.7584,494.0283,-4901.185648768644,-1963.9689067393826,-4384.933735689918,-225.6759494642713,5275.212317638808,-4384.933735689918,-39.8844,92.4496,4
567,STARLINK-30567,satellite,0,11,43.0139,318.9368,163.2862,43.9856,207.2718,6865.6515,486.7314,-6109.64463342596,2273.3397662834454,-2145.177274307768,4172.513435565879,5008.588910036292,-2145.177274307768,-18.3213,50.2033,4
568,STARLINK-30569,satellite,0,6,42.9897,321.8514,97.9049,322.684,60.5889,6863.3438,488.3781,5348.515760940967,1356.4729280264528,4074.128927539353,-495.86362894099904,-5495.521714177468,4074.128927539353,36.6114,-95.1559,121
569,STARLINK-30480,satellite,0,86,43.0182,176.4218,53.1146,325.5197,18.6343,6866.6478,482.372,-6587.237727542547,-1193.7083444166828,1495.3060931323337,1060.5888007219012,6609.976693338124,1495.3060931323337,12.6674,80.8844,4
570,STARLINK-30532,satellite,0,11,43.0059,318.6051,11.6677,315.7476,327.4153,6864.9428,487.4386,2550.6676810710155,-5851.1320051099765,-2520.8546237724,-6366.047668710503,-463.7762824768583,-2520.8546237724,-21.6733,-175.8333,7
571,STARLINK-30506,satellite,0,11,42.9761,318.7544,91.2288,179.6209,270.8497,6858.5825,495.9901,-3234.102720134156,-3842.756098095998,-4678.7391323333595,-2551.3150738374493,4326.3132373700055,-4678.7391323333595,-43.1483,120.5287,9
572,STARLINK-30604,satellite,0,8,42.9887,9.3105,83.3346,173.4618,256.7964,6859.0594,494.635,-756.2463668560491,-5076.953919970148,-4556.078647282573,-4538.047781536092,2398.6437845954915,-4556.078647282573,-41.77,152.1407,17
573,STARLINK-30500,satellite,0,8,43.0213,9.4511,144.4503,43.3476,187.798,6869.906,486.8107,-6597.1475249474315,-1788.5178896440498,-635.4748389518815,502.79558027231303,6816.769639055985,-635.4748389518815,-5.3446,85.7816,4
574,STARLINK-30613,satellite,0,8,43.0037,9.4043,135.9228,85.496,221.4189,6863.634,489.7213,-4535.127205991995,-4116.956913210375,-3096.8958805328816,-2378.0974408837055,5644.587279989728,-3096.8958805328816,-26.9657,112.846,8
575,STARLINK-30597,satellite,0,8,42.9923,9.1502,100.5417,198.6151,299.1568,6860.7508,492.6657,3998.3563777857516,-3796.4445287274293,-4087.007312110908,-4908.420221999235,-2511.4250352645236,-4087.007312110908,-36.719,-152.9031,4
576,STARLINK-30598,satellite,0,8,43.0153,9.4436,150.8326,49.3904,200.223,6866.4941,486.0876,-6068.065646164809,-2767.7546518166123,-1618.4246826538963,-596.5436194581843,6642.742070026637,-1618.4246826538963,-13.722,95.1316,4
577,STARLINK-30603,satellite,0,8,43.0184,9.4713,145.6119,33.3775,178.9893,6867.5518,482.8127,-6780.926640165864,-1041.540052565209,82.56244993147493,1268.4232601766416,6742.171327803197,82.56244993147493,0.6938,79.3453,4
578,STARLINK-30602,satellite,1,108,43.007,10.2571,155.0855,64.9176,220.0032,6876.9978,501.8371,-4607.241413403975,-4118.425346770499,-3014.826926127318,-2355.5445400137014,5713.099920211269,-3014.826926127318,-26.1469,112.4066,8
579,STARLINK-30610,satellite,0,8,43.0034,9.5512,98.5699,35.7563,134.3262,6865.5192,486.5887,-5322.1283835837685,2743.6295974866644,3346.908057836849,4354.723561795005,4109.6151401196,3346.908057836849,29.3561,43.3413,6
580,STARLINK-30551,satellite,0,83,42.9924,12.7705,85.5816,151.7707,237.3523,6863.9582,495.1465,-2677.746877408349,-4942.931784875451,-3942.3301526103173,-3773.7892393540806,4166.703462731362,-3942.3301526103173,-35.2091,132.1672,17
581,STARLINK-30586,satellite,0,83,43.0091,12.8291,168.9174,43.5512,212.4686,6867.6613,489.9678,-5049.093364511958,-3913.8332935527346,-2513.9397951752926,-2015.8819473009942,6061.984396864321,-2513.9397951752926,-21.6025,108.3943,8
582,STARLINK-30609,satellite,0,83,42.9822,12.6995,88.5355,171.059,259.5945,6861.4556,497.0908,-123.67380002181862,-5091.779980143065,-4603.778996837689,-4762.013538383128,1806.8607127427795,-4603.778996837689,-42.2878,159.2216,16
583,STARLINK-30583,satellite,0,83,42.9885,12.7489,85.7656,158.0497,243.8153,6862.9414,495.2313,-1960.2520340696003,-5063.996224398039,-4200.742390154945,-4126.159130617858,3530.0788414156546,-4200.742390154945,-37.8983,139.4518,14
584,STARLINK-30557,satellite,0,83,42.9916,12.9889,86.9466,34.8168,121.7633,6863.6624,487.7404,-4476.8136411611895,3344.7944082039694,3976.4068919719653,4641.20179677262,3112.676644380854,3976.4068919719653,35.603,33.8482,6
585,STARLINK-30591,satellite,0,8,43.0022,9.1244,62.4581,250.8201,313.2783,6862.828,490.3697,5224.962958832215,-2861.833499151679,-3407.8450240773777,-4433.971343897283,-3978.721782122138,-3407.8450240773777,-29.9254,-138.0975,4
586,STARLINK-30584,satellite,0,8,42.9957,9.3583,97.9522,137.6229,235.5751,6861.4541,491.9693,-3155.051624070046,-4716.539030386052,-3860.7061886047704,-3401.793647737231,4541.793825562391,-3860.7061886047704,-34.3961,126.8331,13
587,STARLINK-30590,satellite,0,83,42.9992,12.9571,96.0174,37.0416,133.059,6865.3079,486.7134,-5385.989043483899,2522.0932087619053,3418.0718616942518,4166.9470295844,4243.393050714166,3418.0718616942518,30.042,45.5208,5
588,STARLINK-30608,satellite,0,8,42.9921,9.3452,74.4839,166.531,241.015,6863.2437,495.475,-2569.6081259173116,-4875.033672005258,-4095.4678728895365,-3745.6373742035835,4042.1578253371845,-4095.4678728895365,-36.7898,132.8195,17
589,STARLINK-30615,satellite,0,8,42.9933,9.7774,99.1474,321.8989,61.0463,6863.359,488.4395,2526.7134555813545,4889.929806191304,4092.5995157935554,3773.9276133424696,-4006.6400843281654,4092.5995157935554,36.8039,-46.7132,6
590,STARLINK-30578,satellite,0,8,42.9899,9.3326,78.4842,164.1604,242.6446,6860.498,493.4639,-2389.069553735721,-4911.6373416334945,-4156.8044210575445,-3840.0947272708217,3884.006590352593,-4156.8044210575445,-37.4456,134.6743,16
591,STARLINK-30574,satellite,0,8,42.9841,9.2705,83.434,180.3914,263.8255,6858.6376,495.7399,75.59024283951268,-5045.928531367379,-4652.715316520643,-4784.906988414024,1603.6750732946268,-4652.715316520643,-42.8531,161.4713,15
592,STARLINK-30570,satellite,0,8,43.0147,9.4221,173.7925,33.8638,207.6563,6867.7508,488.9598,-5617.161983707092,-3293.885086103178,-2173.7677722477642,-1242.5174583175608,6392.052727992253,-2173.7677722477642,-18.5679,101.0002,4
593,STARLINK-30581,satellite,0,8,43.0154,9.5155,108.5336,35.158,143.6916,6864.3763,483.0669,-5941.012142166308,2014.6125705782747,2770.158145947071,3872.479554848632,4935.40182560436,2770.158145947071,23.9577,51.8811,5
594,STARLINK-30795,satellite,0,61,43.0068,63.6958,77.2143,322.6051,39.8194,6866.4094,486.0809,-544.9450102640476,6147.0197964385825,2996.409505702774,5979.365099377071,-1526.4371753763571,2996.409505702774,26.0398,-14.3208,5
595,STARLINK-30765,satellite,0,61,42.9991,63.6469,92.368,321.3706,53.7385,6864.2345,487.6651,-1823.7379625906367,5431.066446749538,3771.962029651976,5728.498699164778,-82.4958112290302,3771.962029651976,33.5248,-0.8251,11
596,STARLINK-30768,satellite,0,61,42.9823,63.5184,80.8764,17.7127,98.5891,6861.3418,489.0816,-4896.641185741398,1295.2187293712482,4622.801509877229,2847.2012051093143,4189.049027695553,4622.801509877229,42.5643,55.7969,4
597,STARLINK-30799,satellite,0,61,43.0231,63.7601,25.5203,326.6948,352.2151,6869.9473,486.2287,3616.5911763631893,5799.553889266881,-634.382166491103,4270.193041838284,-5336.666416115456,-634.382166491103,-5.3358,-51.3346,8
598,STARLINK-30759,satellite,0,61,42.9906,63.6293,98.5873,326.0307,64.618,6862.7717,488.2947,-2754.913460508813,4647.059864882734,4225.099364312696,5298.047351857683,1056.128694890147,4225.099364312696,38.2023,11.2737,16
599,STARLINK-30781,satellite,0,61,42.9882,63.9167,108.954,179.777,288.7311,6861.9912,496.7879,5241.429334556163,-110.9944303672061,-4433.603570175007,-1844.5758927310635,-4907.386372466896,-4433.603570175007,-40.3969,-110.6001,4
600,STARLINK-30754,satellite,0,61,42.9848,64.0029,88.3101,170.263,258.5731,6859.0362,495.5795,3827.7326442751564,-3379.6665870414026,-4587.238657723534,-4458.636378436373,-2488.824035663741,-4587.238657723534,-42.1128,-150.8296,3
601,STARLINK-30766,satellite,0,72,43.0043,60.8584,97.3295,38.4417,135.7712,6863.2352,484.0796,-5448.0059497836755,-2588.325837753537,3262.3882733202354,-633.1155066628136,5998.280105703965,3262.3882733202354,28.5581,96.0252,4
602,STARLINK-30767,satellite,0,72,43.0104,60.8233,115.7042,34.0788,149.7831,6865.3203,482.3234,-5092.577030467996,-3943.8575553551004,2354.32572105903,-2029.7695195434744,6112.968912542742,2354.32572105903,20.1937,108.3684,5
603,STARLINK-30787,satellite,0,72,43.0056,60.8385,107.8744,34.9489,142.8233,6864.3409,483.2147,-5308.7876402553175,-3294.8510849637355,2826.455548241907,-1345.792521918013,6101.484439819861,2826.455548241907,24.475,102.4385,4
604,STARLINK-30756,satellite,0,61,42.9888,64.0256,78.0747,173.5915,251.6661,6862.0564,496.9146,3340.0298922017073,-4029.6073562527185,-4444.02668850963,-4909.832996864691,-1813.0292521814595,-4444.02668850963,-40.5104,-159.7326,3
605,STARLINK-30783,satellite,0,72,43.0219,60.7786,144.5553,33.6739,178.2292,6867.5821,482.7765,-3483.068986323993,-5909.256332741226,144.6482887971605,-4417.997401354912,5247.130542606652,144.6482887971605,1.2156,130.0968,5
606,STARLINK-30757,satellite,0,72,43.0177,60.7461,163.3854,36.0113,199.3967,6866.6181,485.3591,-1709.3939896019224,-6461.652697399016,-1554.8188161398568,-5527.837392974013,3757.392333830662,-1554.8188161398568,-13.1744,145.7952,7
607,STARLINK-30770,satellite,0,61,43.0181,64.1344,169.2717,32.6596,201.9313,6866.5094,485.65,-1090.928982200568,-6545.586690750028,-1748.59977105583,-5812.3095779945115,3201.857045510048,-1748.59977105583,-14.8506,151.1507,4
608,STARLINK-30758,satellite,0,72,43.0214,60.7856,137.22,33.9974,171.2174,6867.3263,482.2667,-3977.4226263527075,-5543.584936738682,714.6435022970461,-3908.9612010896067,5592.070012780115,714.6435022970461,6.0167,124.9543,5
609,STARLINK-30761,satellite,0,61,43.0197,64.1693,148.1492,32.7909,180.9401,6867.562,482.844,-2914.9318085703476,-6210.498922647999,-76.8034555785262,-4890.7502280823965,4811.204269550311,-76.8034555785262,-0.6454,135.4698,4
610,STARLINK-30772,satellite,0,61,42.9844,63.9589,93.1891,180.0727,273.2618,6861.1559,497.8798,4677.089296865517,-1850.5156386107185,-4673.707157857526,-3298.132233375896,-3797.6171727497417,-4673.707157857526,-43.076,-130.9735,4
611,STARLINK-30776,satellite,0,61,43.0176,64.1835,128.6888,29.3015,157.9903,6865.3,480.3989,-4459.9457448065195,-4904.642305518301,1753.1763445261533,-3146.0758519914266,5835.138295294643,1753.1763445261533,14.9021,118.3318,5
612,STARLINK-30782,satellite,0,61,42.9807,63.9775,88.3676,178.98,267.3476,6861.1336,497.8797,4369.642159861798,-2486.9214508352247,-4675.941348723055,-3796.39660437148,-3296.350061838511,-4675.941348723055,-43.1015,-139.0327,3
613,STARLINK-30769,satellite,0,61,43.0192,63.7482,35.2658,324.7173,359.9831,6870.034,485.4467,3037.2118108445316,6155.008032578443,-1.3822179375398382,4797.81533358012,-4908.130753138322,-1.3822179375398382,-0.0116,-45.6512,7
614,STARLINK-30775,satellite,0,61,42.9827,63.5691,93.9599,345.4132,79.3732,6861.3624,489.64,-3852.7027329957505,3327.4467383785577,4595.54270197984,4417.666229679665,2529.7124794582655,4595.54270197984,42.2514,29.797,10
615,STARLINK-30780,satellite,0,61,43.0145,63.7962,7.7986,321.3346,329.1332,6867.7385,489.8278,4912.827800919668,4150.121553189657,-2402.797499120556,2284.005127001279,-6011.880445215988,-2402.797499120556,-20.6041,-69.1975,8
616,STARLINK-30753,satellite,0,28,43.0005,75.0329,91.8453,37.4364,129.2817,6864.7078,486.8877,-4872.697478750427,-3192.5625592775214,3620.8935207975824,-1394.0626247698951,5656.167060169022,3620.8935207975824,32.0242,103.8456,4
617,STARLINK-30824,satellite,0,28,42.9813,75.1267,83.835,12.7904,96.6254,6858.7039,486.6186,-5017.52291301385,514.2316887540123,4642.199414083616,2150.623860713745,4562.322590749858,4642.199414083616,42.8039,64.7614,4
618,STARLINK-30791,satellite,0,28,43.0003,74.5696,56.9892,256.6532,313.6424,6865.3969,492.8775,4763.4821252996135,3600.8516510358427,-3388.5313867606274,1815.454644167184,-5688.674626465138,-3388.5313867606274,-29.727,-72.3003,12
619,STARLINK-30810,satellite,0,28,43.0132,74.5453,14.1346,315.7968,329.9315,6865.3533,487.0538,4005.91956607757,5054.425068499153,-2345.5933467496593,3438.078136921366,-5456.576130448387,-2345.5933467496593,-20.101,-57.7858,13
620,STARLINK-30819,satellite,0,28,43.0176,74.9674,121.7266,31.4245,153.1511,6865.7696,482.0823,-3774.207588112096,-5322.0928083382405,2113.132106242916,-3767.4846424126463,5326.854066699538,2113.132106242916,18.051,125.2703,5
621,STARLINK-30806,satellite,0,28,43.0245,74.9221,150.3326,31.1419,181.4745,6867.5576,482.6278,-1659.4954400427494,-6655.942243542224,-120.45679401398898,-5727.674020518725,3774.816893515158,-120.45679401398898,-1.0123,146.6132,5
622,STARLINK-30821,satellite,0,28,43.0098,74.8601,157.8259,58.9808,216.8067,6864.3774,488.5465,1467.168794421543,-6089.571493834503,-2804.755658604986,-6231.3033425380445,637.435410940075,-2804.755658604986,-24.255,174.1592,7
623,STARLINK-30778,satellite,0,28,43.0191,74.8882,168.0738,34.6797,202.7535,6866.2123,485.63,223.58497006997803,-6615.2856751924755,-1810.739741905175,-6314.4050398771205,1985.0148099252003,-1810.739741905175,-15.391,162.5488,8
624,STARLINK-30809,satellite,0,28,43.0199,75.3338,44.2396,327.3751,11.6147,6867.1928,482.2757,724.4413398534826,6756.256996927192,942.2728994952165,6132.6888436138115,-2926.0812379069453,942.2728994952165,7.9438,-25.5071,4
625,STARLINK-30801,satellite,0,28,43.0195,75.3575,23.2575,327.1941,350.4516,6867.2788,483.5703,2515.5709788587374,6336.258447014464,-776.519882138614,5141.9454554562535,-4476.233393172348,-776.519882138614,-6.5385,-41.0406,10
626,STARLINK-30793,satellite,0,28,43.0191,74.9495,128.427,31.9023,160.3292,6866.5383,482.2184,-3307.399890326577,-5799.022590346756,1575.2391763844466,-4372.32688858586,5044.83048448938,1575.2391763844466,13.3568,130.9153,6
627,STARLINK-30755,satellite,0,28,42.981,74.7273,85.8256,180.5293,266.3549,6858.65,495.6184,4719.349461546996,-1741.0054790921138,-4669.992474774434,-3208.8596235295245,-3873.8326415727674,-4669.992474774434,-43.0512,-129.6364,4
628,STARLINK-30760,satellite,0,28,42.9957,74.807,83.0438,153.9638,237.0075,6863.7647,494.9217,3085.0053839900625,-4711.934072051907,-3927.2050576548017,-5468.815988778451,-1345.9690187714225,-3927.2050576548017,-35.0558,-166.1733,5
629,STARLINK-30826,satellite,0,28,43.0232,74.9438,134.3043,33.0853,167.3896,6867.1588,482.1645,-2796.2735024575904,-6180.122533561723,1021.8301072412688,-4901.484466837862,4689.190767257286,1021.8301072412688,8.6194,136.2681,6
630,STARLINK-30796,satellite,0,28,42.9864,74.6482,101.6681,185.8851,287.5532,6859.4588,494.6536,5164.357794961549,728.8111741778484,-4461.953410445097,-1026.8051764935626,-5113.455611571556,-4461.953410445097,-40.7239,-101.3543,4
631,STARLINK-30820,satellite,0,28,42.9979,74.5794,81.6201,227.1161,308.7362,6862.1556,491.4602,4916.6676027424,3098.960839955509,-3651.1379603354585,1291.1725593570777,-5666.573217156711,-3651.1379603354585,-32.2993,-77.1639,11
632,STARLINK-30785,satellite,0,28,42.9848,75.0904,81.9439,21.5508,103.4947,6859.1738,486.5422,-5123.824402329525,-291.18180163234587,4544.905512474734,1426.1652298490717,4929.950921122736,4544.905512474734,41.7052,73.8656,4
633,STARLINK-30807,satellite,0,28,43.0149,74.9789,111.5943,34.5653,146.1596,6864.684,483.8326,-4173.852658246822,-4778.445250089244,2605.6726382437414,-3122.002052294721,5523.376522230045,2605.6726382437414,22.4533,119.4766,6
634,STARLINK-30822,satellite,0,28,42.998,75.2581,87.5008,322.4584,49.9592,6864.8159,487.0776,-2591.4343857346157,5244.936937989672,3581.341122699838,5807.757354335408,703.4558779477233,3581.341122699838,31.6333,6.9062,12
635,STARLINK-30830,satellite,0,28,42.9916,74.5839,99.0633,202.6325,301.6958,6861.0785,492.7546,5076.597398681603,2340.9703807032542,-3982.2105746417305,523.0733955981433,-5565.822283764385,-3982.2105746417305,-35.6326,-84.6311,10
636,STARLINK-30827,satellite,0,28,43.0092,74.548,17.7822,305.1875,322.9697,6864.2915,488.2915,4372.714856770803,4475.43477767346,-2819.2118315234356,2770.1611876135325,-5610.37954709597,-2819.2118315234356,-24.389,-63.7218,14
637,STARLINK-30798,satellite,0,28,42.9852,75.1605,101.4894,340.755,82.2444,6858.8184,487.8251,-4566.907802807883,2167.14838057333,4631.845943323513,3560.2369328657774,3588.577986421309,4631.845943323513,42.6767,45.2271,5
638,STARLINK-30762,satellite,0,28,43.0161,75.3068,61.6204,324.1241,25.7445,6865.8916,482.5174,-540.0287415057117,6528.432684612401,2032.3990468933564,6337.51923283946,-1657.6834235033161,2032.3990468933564,17.3383,-14.6583,4
639,STARLINK-30800,satellite,0,34,43.0183,126.1526,124.8595,34.8032,159.6627,6866.5266,482.403,2386.9590273621156,-6221.551382005763,1626.3972140194996,-6661.121038742719,-186.3907306237123,1626.3972140194996,13.7985,-178.3972,4
640,STARLINK-30841,satellite,0,34,42.9969,126.0134,90.2774,141.6213,231.8987,6864.5332,494.0714,5687.541449638069,-1103.4808333195094,-3684.6395237999286,-2928.8719167496306,-4998.750542498593,-3684.6395237999286,-32.6177,-120.3669,4
641,STARLINK-30839,satellite,0,34,43.0225,125.2634,155.4211,30.7377,186.1588,6870.0002,485.8952,4379.488206197453,-5261.2746077116335,-502.4252497980454,-6416.707172452727,-2384.7005071848184,-502.4252497980454,-4.2239,-159.613,4
642,STARLINK-30846,satellite,0,34,42.9913,126.2488,85.061,32.1285,117.1895,6860.5169,485.2685,-1744.8915909339837,-5163.6548309543605,4158.138619377806,-4291.655093519283,3360.0110767109727,4158.138619377806,37.5123,141.942,7
643,STARLINK-30838,satellite,0,34,43.0068,125.6445,71.4625,321.3868,32.8493,6865.0289,482.8726,-5568.2100054865805,3096.753850063255,2537.3780206977613,4769.510993381364,4224.525056985314,2537.3780206977613,21.8379,41.5325,5
644,STARLINK-30837,satellite,0,34,43.0163,126.1472,115.3593,37.1242,152.4834,6868.1741,485.2698,1717.7862740729418,-6280.894888305638,2162.5556488807183,-6494.969986599056,464.5375706170086,2162.5556488807183,18.4791,175.909,4
645,STARLINK-30813,satellite,0,34,42.9908,125.5765,96.5282,325.9528,62.481,6863.0643,488.2665,-5462.347628855423,-11.053805673891704,4147.588170149286,1802.7811109639129,5156.2916976286415,4147.588170149286,37.3818,70.729,4
646,STARLINK-30805,satellite,0,34,42.9846,125.5336,103.5199,331.9344,75.4543,6859.2097,486.794,-4951.043845802165,-1420.1089357785047,4524.335803032922,303.8964188977241,5141.710952505459,4524.335803032922,41.4732,86.6175,4
647,STARLINK-30851,satellite,0,34,42.994,125.5946,91.2918,322.9596,54.2515,6861.6859,484.8795,-5641.145868964316,888.2959940841297,3794.6344976487662,2710.4875967288394,5026.415569371299,3794.6344976487662,33.7684,61.6643,5
648,STARLINK-30818,satellite,0,34,42.9852,125.4678,93.0052,2.519,95.5242,6861.1922,489.2228,-3683.584245901598,-3434.907229330184,4653.788057068087,-2017.388090691548,4614.924253148161,4653.788057068087,42.9159,113.6123,5
649,STARLINK-30794,satellite,0,34,43.0127,125.2723,125.8572,41.9379,167.7951,6869.6683,484.1792,3006.9205573662684,-6088.054357819518,989.5837222635768,-6740.987712450894,-815.5131897542577,989.5837222635768,8.343,-173.102,4
650,STARLINK-30835,satellite,0,34,43.0107,125.6528,65.1299,324.2069,29.3368,6867.8085,485.054,-5483.349511955981,3427.224109946422,2292.921761528975,5053.073819942973,4034.7778055641265,2292.921761528975,19.6372,38.6067,4
651,STARLINK-30836,satellite,0,34,43.0165,125.6994,30.2032,322.5355,352.7387,6870.219,486.3068,-3458.2511527903234,5899.877951266629,-591.891458436313,6713.298947406466,1303.7170392262838,-591.891458436313,-4.9774,10.99,5
652,STARLINK-30855,satellite,0,34,43.0208,126.082,162.0939,32.9835,195.0774,6866.9703,484.4161,4956.786522952536,-4586.128838720467,-1217.8008907399756,-5971.47567430552,-3153.3773371807024,-1217.8008907399756,-10.2853,-152.1627,4
653,STARLINK-30840,satellite,0,34,43.009,126.0464,161.5596,53.3321,214.8918,6867.1761,490.7905,5635.78518882353,-2863.3383317845796,-2678.8981061064374,-4571.761923928321,-4365.750108257319,-2678.8981061064374,-23.0948,-136.3204,4
654,STARLINK-30875,satellite,0,34,43.0049,125.6145,76.5834,323.5116,40.0949,6863.8275,483.5496,-5680.556177017789,2383.80565977212,3012.419508756791,4134.281221391807,4567.161775792886,3012.419508756791,26.1997,47.848,5
655,STARLINK-30872,satellite,0,1,42.9819,343.8794,93.9534,180.5049,274.4583,6858.6718,495.3035,-877.4051480890987,-4957.260064106753,-4665.176044583474,-4384.922533650369,2473.200661282092,-4665.176044583474,-42.9986,150.576,17
656,STARLINK-30865,satellite,0,64,42.9849,114.4922,99.4214,332.029,71.4504,6862.0411,488.7022,-5232.622968224354,13.6087334129199,4432.831900945384,1749.788900725938,4931.40620189723,4432.831900945384,40.446,70.464,4
657,STARLINK-30874,satellite,0,34,43.0195,125.6999,20.8785,327.6293,348.5078,6869.7288,486.4873,-3113.2668152352417,6046.042912248293,-933.0341570191916,6736.659680421599,929.7749780321925,-933.0341570191916,-7.8605,7.8582,4
658,STARLINK-30871,satellite,0,34,42.9923,125.9958,79.6427,157.7331,237.3758,6861.2722,492.4376,5595.626761216336,-508.74072279641376,-3941.7979067303886,-2337.343894194587,-5109.4695902943895,-3941.7979067303886,-35.2197,-114.5819,4
659,STARLINK-30861,satellite,0,15,42.9853,216.9966,91.8959,338.4301,70.326,6873.2237,500.3286,1000.3966742904249,-5171.046928387469,4410.359019986453,-5209.917363124209,772.8395117575942,4410.359019986453,40.1175,171.5623,4
660,STARLINK-30867,satellite,0,15,42.981,216.4935,91.5167,180.3687,271.8854,6858.8762,495.5081,-3166.2752068804616,3900.2875309290835,-4676.8289981638145,4730.168554177003,1692.0540649464606,-4676.8289981638145,-43.1302,19.6829,3
661,STARLINK-30880,satellite,0,15,43.0143,216.2612,51.6742,324.8025,16.4767,6869.4328,484.5972,-4464.0836102637895,-5039.377685929577,1327.672552210625,-3271.7979366451036,5883.76649797012,1327.672552210625,11.2242,119.0772,5
662,STARLINK-30777,satellite,0,15,43.0171,217.1129,51.1988,325.5512,16.75,6869.3428,484.6149,-4367.410079319904,-5117.76559871771,1349.137687039438,-3377.8315672883864,5818.595142076274,1349.137687039438,11.4081,120.1362,5
663,STARLINK-30860,satellite,0,15,43.0145,216.3219,11.7706,321.4847,333.2553,6868.2586,488.7702,-6277.301990344599,-1811.2568474717878,-2107.4757242018327,375.1743009290226,6522.608058853462,-2107.4757242018327,-17.9828,86.708,4
664,STARLINK-30853,satellite,0,15,42.9935,216.8132,89.4278,34.8987,124.3265,6863.9736,487.5848,5579.101627438275,-999.3132719754129,3862.61102335742,-2794.614609979742,-4931.0375344868735,3862.61102335742,34.4406,-119.5419,69
665,STARLINK-30866,satellite,0,15,42.9858,216.5519,78.7804,171.2378,250.0182,6862.1246,496.5917,-926.3594290326731,5189.141501388949,-4399.49912256913,5202.40952284002,-848.6851417683569,-4399.49912256913,-40.0252,-9.2652,4
666,STARLINK-30817,satellite,0,15,42.996,216.7931,92.0965,37.2329,129.3294,6864.73,487.2125,5805.603368933573,-503.94093538697325,3618.300824150018,-2402.517300835242,-5309.133409787221,3618.300824150018,31.9969,-114.348,81
667,STARLINK-30847,satellite,0,15,42.9899,216.8366,75.7258,40.3455,116.0713,6862.8717,489.7848,5115.177333723282,-1799.8620981101742,4201.590839604023,-3395.772710413936,-4227.679082766095,4201.590839604023,37.9428,-128.7723,56
668,STARLINK-30848,satellite,0,15,43.0195,216.709,133.9833,32.012,165.9953,6867.038,482.1809,6061.356922357049,3005.5201277321653,1132.5762140399706,823.0542920615666,-6715.339202953782,1132.5762140399706,9.5618,-83.0125,15
669,STARLINK-30843,satellite,0,15,42.9805,216.9357,111.8028,328.5809,80.3836,6860.0979,488.2836,2056.4757707228346,-4641.537195844105,4608.888075170229,-5060.993757963375,-399.1269445053574,4608.888075170229,42.4127,-175.4908,4
670,STARLINK-30877,satellite,0,15,43.0219,216.68,165.5688,29.9235,195.4923,6869.405,486.8253,4504.288620736397,5026.371801150941,-1250.9530605111054,3246.183589933531,-5917.374549810668,-1250.9530605111054,-10.5646,-61.2515,6
671,STARLINK-30864,satellite,0,15,42.991,216.8225,82.7895,36.8322,119.6217,6863.26,488.3246,5327.7381139306935,-1459.3775496883795,4065.744761354971,-3145.1531098281184,-4541.209988417488,4065.744761354971,36.5244,-124.7057,65
672,STARLINK-30854,satellite,0,15,42.9808,216.8982,84.9788,10.1247,95.1035,6858.684,487.1426,3486.8960754417767,-3628.7054224434673,4655.157268119601,-4580.414685120589,-2084.64591624898,4655.157268119601,42.9477,-155.5287,4
673,STARLINK-30849,satellite,0,15,43.0019,216.6247,135.5665,90.456,226.0225,6865.4211,492.4632,1670.4912569479475,5743.702043313529,-3369.4943715980858,4863.509500630369,-3482.3741239536116,-3369.4943715980858,-29.5456,-35.6035,10
674,STARLINK-30886,satellite,0,15,43.0222,216.7056,148.4422,31.5156,179.9578,6867.6134,482.9571,5502.861462259506,4097.940486796975,3.4490077309517053,2038.9231101544228,-6551.136775936591,3.4490077309517053,0.029,-72.7122,7
675,STARLINK-30850,satellite,0,15,43.0215,216.7182,138.2487,32.3807,170.6295,6872.3059,487.2822,5918.1668276536275,3394.7077016301405,762.6285992772538,1237.7056874314148,-6709.457773229274,762.6285992772538,6.4176,-79.548,8
676,STARLINK-30823,satellite,0,15,43.0088,216.6438,167.9702,48.0935,216.0638,6869.4481,493.0055,2689.893180567059,5685.469854198515,-2757.707767480459,4470.19210291861,-4424.644092903446,-2757.707767480459,-23.8067,-44.7066,12
677,STARLINK-30873,satellite,0,15,42.9818,216.4785,95.1984,177.0001,272.1985,6861.0697,497.6039,-3195.744232569973,3879.181499180895,-4677.4207254509165,4720.041418593779,1726.8582195278263,-4677.4207254509165,-43.1206,20.0954,3
678,STARLINK-30808,satellite,0,15,42.9966,217.008,90.8797,321.7715,52.6512,6861.8883,485.0131,-922.0977394791648,-5687.530772751381,3717.263914482095,-5058.9499863222345,2757.77003537945,3717.263914482095,32.9915,151.404,7
679,STARLINK-30881,satellite,0,15,42.9938,216.9487,84.4838,326.875,51.3588,6867.4022,489.7785,-1067.9192475728432,-5708.476050049566,3654.797778287598,-5030.302662605041,2902.2759096809987,3654.797778287598,32.3444,150.0168,7
680,STARLINK-30883,satellite,0,15,42.991,216.5706,78.6564,163.0113,241.6677,6863.1223,495.2387,-16.872469547382174,5491.4617138928315,-4120.765459430432,5185.6864463788,-1806.9566998748594,-4120.765459430432,-37.0558,-19.2109,4
681,STARLINK-30907,satellite,0,73,43.0188,281.9129,17.3649,327.6398,345.0047,6866.9142,484.4236,98.09910552631514,-6753.423696987826,-1211.2791018333555,-6403.055764771452,2149.2398513820767,-1211.2791018333555,-10.2296,161.4452,5
682,STARLINK-30896,satellite,0,65,42.995,140.3455,89.9692,37.7751,127.7443,6861.9183,484.7215,700.7568109124503,-5731.640326110615,3697.361004853261,-5639.259622164911,1241.5763567973029,3697.361004853261,32.7945,167.5835,4
683,STARLINK-30832,satellite,0,73,43.0022,282.6724,78.7999,324.0456,42.8455,6865.8952,486.1892,4431.717896688113,-4158.556361296489,3181.493810146769,-5393.852560709189,-2800.012335550709,3181.493810146769,27.7794,-152.5656,8
684,STARLINK-30903,satellite,0,73,43.0134,281.9468,8.4315,322.4833,330.9149,6865.4575,486.9205,-1144.979928964649,-6372.337924205309,-2275.726615591256,-5630.9423045056465,3195.3338513097124,-2275.726615591256,-19.4785,150.4268,10
685,STARLINK-30905,satellite,0,73,43.0116,281.8222,64.5155,323.6728,28.1883,6868.0444,485.648,3558.7803606108178,-5433.933895890962,2210.970322203325,-6307.145117565652,-1553.2146361497355,2210.970322203325,18.9069,-166.1655,8
686,STARLINK-30842,satellite,0,59,43.0117,267.7067,123.2582,30.2135,153.4717,6874.3408,491.2171,2486.8743249649956,6049.656349843415,2092.3093802854382,4881.119985760557,-4354.027278736287,2092.3093802854382,17.8425,-41.7334,3
687,STARLINK-30858,satellite,0,73,43.0197,281.8901,42.2256,325.7759,8.0015,6869.9381,484.9018,2083.6702313151504,-6506.318066266156,651.7560675102258,-6829.065217642757,194.22838482619275,651.7560675102258,5.4834,178.3709,3
688,STARLINK-30885,satellite,0,73,43.013,281.9518,3.0299,325.3414,328.3713,6867.5965,489.7306,-1364.8475384518022,-6263.835843370794,-2455.89596841617,-5455.608169766611,3366.7176558022284,-2455.89596841617,-21.0808,148.3208,14
689,STARLINK-30890,satellite,0,73,43.0192,281.9144,22.0645,326.4671,348.5315,6869.7357,486.5048,412.47995634702005,-6788.279333160624,-931.1310245716487,-6540.29270078157,1864.2551884082325,-931.1310245716487,-7.8444,164.0902,3
690,STARLINK-30909,satellite,0,73,43.0197,281.9121,21.9309,327.6356,349.5666,6869.7905,486.58,504.1801504580132,-6793.111606484784,-848.10048670601,-6575.290550017008,1779.3586218441671,-848.10048670601,-7.141,164.8577,2
691,STARLINK-30918,satellite,0,73,42.9958,282.2298,80.5096,153.4891,233.9987,6864.2358,494.0989,-4825.193657220755,3083.526489105887,-3787.782321071605,4510.391840279812,3528.029887322155,-3787.782321071605,-33.648,38.0325,3
692,STARLINK-30892,satellite,0,73,42.9977,281.994,99.5929,208.279,307.8719,6864.4934,493.7726,-3001.4385544671964,-4946.545400649067,-3696.0497032238427,-3669.7495797793276,4473.240751248923,-3696.0497032238427,-32.7327,129.3647,12
693,STARLINK-30891,satellite,0,73,42.9988,282.2393,98.5628,130.2303,228.7931,6864.9909,493.1384,-4650.678249173609,3619.279034996944,-3522.6190477801265,4957.836416885456,3185.568547984694,-3522.6190477801265,-31.0268,32.722,3
694,STARLINK-30889,satellite,0,73,43.0191,282.3426,137.6848,30.7584,168.4432,6867.3972,482.7818,-455.08885647526756,6780.879008231919,937.696028660964,6547.455870771752,-1821.6057783902597,937.696028660964,7.9044,-15.5474,3
695,STARLINK-30870,satellite,0,73,42.9946,282.4215,88.6506,37.2266,125.8772,6861.6974,484.9795,3104.078739386424,4798.302893718218,3788.600283306735,3495.8416286150978,-4520.852440394087,3788.600283306735,33.7071,-52.2863,7
696,STARLINK-30888,satellite,0,73,43.022,281.8698,43.3316,327.0463,10.378,6869.8104,484.9806,2273.0063064962087,-6420.273340069031,843.4820179818828,-6810.748867478123,-12.93424594478408,843.4820179818828,7.1036,-179.8912,2
697,STARLINK-30859,satellite,0,73,42.9803,282.5013,87.4794,3.9367,91.4162,6861.1614,489.5055,4859.871410199847,1251.1204680287922,4673.77718857369,-433.0385411698084,-4999.61300212926,4673.77718857369,43.1423,-94.9503,116
698,STARLINK-30884,satellite,0,73,42.998,282.406,93.9126,38.9144,132.827,6865.324,486.9192,2591.8049209635396,5344.740692201748,3430.9789404560047,4181.342985947742,-4219.013705722424,3430.9789404560047,30.166,-45.2569,1
699,STARLINK-30852,satellite,0,73,43.0128,281.9257,356.0898,327.8056,323.8954,6864.5034,487.447,-1747.1879993121654,-6035.504948797399,-2758.3765570008986,-5113.307413320279,3651.5850241754238,-2758.3765570008986,-23.8333,144.4681,15
700,STARLINK-30964,satellite,0,1,43.0105,344.1119,167.929,35.8529,203.7819,6866.0317,485.6035,-6593.485539693651,-227.09547972222742,-1887.5928449013882,1974.4668701152448,6295.006314363542,-1887.5928449013882,-16.0613,72.5857,4
701,STARLINK-30844,satellite,0,1,42.9903,344.4459,98.758,330.4321,69.1901,6859.8308,486.3371,3603.412371840664,3862.8563376173133,4369.8102177780665,2447.6844808681217,-4681.354557040298,4369.8102177780665,39.7733,-62.3968,39
702,STARLINK-30876,satellite,0,1,42.984,344.3716,96.7448,353.7796,90.5244,6858.5602,486.8786,1290.4901774885438,4846.074847097399,4673.534708683696,4142.919520987903,-2825.9554427630064,4673.534708683696,43.1601,-34.2986,5
703,STARLINK-30952,satellite,0,1,43.012,344.2119,109.8992,37.3222,147.2214,6864.9421,482.9429,-4809.896152664666,4181.391809409042,2532.8060520264316,5540.928212195264,3149.1670343933783,2532.8060520264316,21.7963,29.6116,4
704,STARLINK-30925,satellite,0,1,43.0013,344.2413,95.6224,37.4381,133.0606,6862.7793,484.1374,-3510.679277100609,4797.717175410798,3416.833601349988,5691.036066058372,1719.0309993476767,3416.833601349988,30.0425,16.8074,9
705,STARLINK-30954,satellite,0,1,42.9948,344.0271,78.3097,160.8042,239.1139,6860.9854,492.3865,-4572.553104983527,-3172.152873836972,-4016.517116966086,-1474.442133781787,5366.266499813038,-4016.517116966086,-35.9887,105.3635,8
706,STARLINK-30906,satellite,0,5,42.986,347.5419,81.7499,27.4268,109.1767,6862.064,488.5393,-1177.4683643072406,5112.627233643351,4416.312066773933,5213.58853217265,-586.4158902467326,4416.312066773933,40.2658,-6.4176,18
707,STARLINK-30940,satellite,0,53,43.0086,199.0637,68.462,324.4191,32.8811,6864.9378,483.1087,-4554.424663685062,-4454.5803912795855,2539.7302778896196,-2690.171316837879,5774.863527878224,2539.7302778896196,21.8583,114.9781,5
708,STARLINK-30933,satellite,0,53,43.0059,198.2904,12.7229,317.3408,330.0636,6865.2811,486.9316,-6432.492589747171,511.53341398782493,-2335.8918377945097,2617.7730657261704,5897.956555209348,-2335.8918377945097,-20.0148,66.0662,4
709,STARLINK-30919,satellite,0,1,43.0215,343.6592,24.2642,327.9397,352.2038,6867.5043,483.6842,6332.146215762555,-2565.6791933496797,-635.0426360530604,-4522.135337798579,-5121.433140012358,-635.0426360530604,-5.3434,-131.4439,4
710,STARLINK-30931,satellite,0,67,42.9948,332.8953,78.197,160.535,238.732,6861.1406,492.5761,-5126.154424529097,-2196.5124043542914,-4000.560938860191,-370.35616341000775,5564.616989409579,-4000.560938860191,-35.8228,93.8077,4
711,STARLINK-30922,satellite,0,1,42.9907,344.2848,81.7842,30.0795,111.8637,6859.8226,486.2984,-1197.0956898733405,5171.65996838194,4338.611026451366,5275.789227260777,-587.4971904586088,4338.611026451366,39.4348,-6.3541,18
712,STARLINK-30949,satellite,0,1,43.0215,344.1435,133.194,35.247,168.4411,6867.2328,482.4877,-6190.755525212083,2803.1431612134006,937.8682345095159,4699.2004899137655,4909.234187813372,937.8682345095159,7.9062,46.2522,4
713,STARLINK-30967,satellite,0,1,43.0236,344.1276,159.0924,30.4963,189.5887,6867.3438,483.5559,-6736.130310425953,1046.6321941595252,-779.8272317842632,3223.3222886381477,6006.75319390259,-779.8272317842632,-6.5665,61.7813,4
714,STARLINK-30955,satellite,0,1,43.0239,343.7017,39.1094,327.1223,6.2317,6867.577,482.7751,6698.968683465395,-1391.442549686061,508.13722744212237,-3536.2455811857285,-5857.240048066269,508.13722744212237,4.2739,-121.121,4
715,STARLINK-30895,satellite,0,1,43.0009,344.0711,129.5122,95.4835,224.9957,6863.1089,490.0974,-5641.050907673896,-2080.7143915832335,-3309.5762835414785,-90.20593525263834,6011.879124829047,-3309.5762835414785,-28.9815,90.8596,4
716,STARLINK-30917,satellite,0,96,43.0046,235.3595,167.3981,52.918,220.3161,6863.8025,488.6805,302.89389592433287,6150.819320489064,-3028.4439764931008,5701.511875632649,-2327.4632881121106,-3028.4439764931008,-26.3283,-22.2062,4
717,STARLINK-30899,satellite,0,1,43.0087,343.7795,14.1698,309.8076,323.9774,6864.4853,488.2087,4505.2312973102025,-4384.3871736910905,-2753.0558135275314,-5631.280877763035,-2794.39360270358,-2753.0558135275314,-23.7818,-153.6082,4
718,STARLINK-30902,satellite,0,1,43.0109,344.0965,168.3302,42.5247,210.8548,6865.1962,487.1558,-6371.11342465963,-860.7792451142675,-2400.863155212083,1302.898460604848,6295.592329562896,-2400.863155212083,-20.5952,78.3075,4
719,STARLINK-30912,satellite,0,37,42.9822,201.8819,78.5247,176.5061,255.0308,6859.2198,495.0822,-162.7243364125272,5162.275944756421,-4520.819191965982,4923.581161284612,-1560.1027811381443,-4520.819191965982,-41.3729,-17.5815,4
720,STARLINK-30900,satellite,0,1,42.9874,343.953,75.6177,170.6349,246.2526,6860.0613,493.9206,-3926.7217212640417,-3652.5908080283402,-4283.676214466131,-2142.01993112212,4916.534724967937,-4283.676214466131,-38.7908,113.5416,8
721,STARLINK-30908,satellite,0,1,42.9937,343.9532,89.481,142.7217,232.2027,6861.951,491.6975,-5139.143017910028,-2649.569434230747,-3698.3874359142637,-793.412502001745,5727.259881218118,-3698.3874359142637,-32.7671,97.8871,6
722,STARLINK-30869,satellite,0,67,43.0244,333.0861,149.494,30.711,180.205,6870.164,485.2912,-6128.118980715341,3090.715465578039,-16.75315176306116,4949.674920350002,4754.690580240223,-16.75315176306116,-0.1407,43.8489,2
723,STARLINK-30969,satellite,0,67,43.0246,333.0897,148.5746,30.4525,179.0271,6870.0849,484.9853,-6080.5134086176,3181.7358688966897,79.51298729504252,5019.731787112679,4679.570411613951,79.51298729504252,0.668,42.9914,2
724,STARLINK-30951,satellite,0,67,42.9793,333.2743,90.2922,5.0584,95.3506,6861.2888,488.5502,1675.0721647002426,4748.560318710147,4654.155077025892,3923.273533784414,-3156.361296887434,4654.155077025892,42.9253,-38.8175,4
725,STARLINK-30950,satellite,0,32,42.9801,136.7046,87.6719,2.085,89.7569,6858.6587,486.6146,-3460.1596298573413,-3630.0036116772244,4673.167417110904,-2275.587206523674,4468.929821600465,4673.167417110904,43.1579,116.9853,5
726,STARLINK-30942,satellite,0,67,43.0099,332.7051,14.1366,312.8448,326.9814,6867.3906,490.0746,3861.102438594785,-5070.683214172186,-2551.7946528740913,-6064.846230057242,-1958.9743504116202,-2551.7946528740913,-21.9439,-162.0993,4
727,STARLINK-30959,satellite,0,67,43.0129,332.705,21.068,304.2732,325.3411,6867.35,490.88,3709.4559426089722,-5126.861443654883,-2663.5030760792592,-6067.500499647297,-1797.2783143886893,-2663.5030760792592,-22.9543,-163.5,4
728,STARLINK-30971,satellite,0,67,42.9778,333.3037,95.0212,349.9613,84.9825,6861.2762,488.9753,2781.0505671567043,4195.462279559005,4656.758626465194,3034.4113197955867,-4016.0296237181165,4656.758626465194,42.9517,-52.9262,20
729,STARLINK-30963,satellite,0,67,43.0005,332.9802,87.5881,144.1307,231.7188,6862.0745,491.4403,-5577.975889947198,-1578.472398465788,-3674.4057826245103,362.6204661303364,5785.663016378849,-3674.4057826245103,-32.5301,86.4136,4
730,STARLINK-30961,satellite,0,67,42.9905,332.9416,81.591,163.6945,245.2855,6862.8302,496.0973,-4631.794381209764,-2757.0082256739856,-4252.932012086528,-1063.172009581189,5284.342799656685,-4252.932012086528,-38.4474,101.3756,4
731,STARLINK-30975,satellite,0,67,43.0032,332.9868,135.8463,92.3135,228.1599,6865.1773,492.6245,-5778.749578444767,-1252.374127141882,-3488.391861458585,736.8745215993115,5866.805228071557,-3488.391861458585,-30.6956,82.8411,3
732,STARLINK-30976,satellite,0,67,43.0226,333.1119,145.6145,32.3528,177.9673,6870.1197,485.0609,-6036.877447428024,3260.649608660135,166.09359408800105,5079.686159668519,4612.213536361113,166.09359408800105,1.3954,42.2386,3
733,STARLINK-30926,satellite,0,67,43.0064,332.5316,79.4952,322.7968,42.292,6866.0925,486.4868,6059.601977693804,654.4740387559732,3148.6339456098676,-1394.100590750427,-5933.261829579538,3148.6339456098676,27.4672,-103.2226,69
734,STARLINK-30943,satellite,0,54,42.99,307.348,93.1713,325.8014,58.9727,6861.0141,484.8857,5559.933354140053,-202.2551634274212,4005.8520853399946,-2036.3883245659054,-5177.536928422991,4005.8520853399946,35.924,-111.4703,97
735,STARLINK-30946,satellite,0,67,43.0057,333.1496,102.3081,37.591,139.8991,6863.8173,483.6701,-3220.982674842152,5251.2227366912275,3012.8867913626764,6022.663199376926,1295.22106562822,3012.8867913626764,26.2036,12.137,6
736,STARLINK-30944,satellite,0,67,43.0136,333.0208,169.6497,46.8913,216.541,6867.1166,490.3093,-6271.0807534357455,-161.1946949110301,-2788.276190361632,1929.6097611087082,5969.006928762413,-2788.276190361632,-24.097,72.0855,3
737,STARLINK-30928,satellite,0,67,43.0181,333.047,168.3853,34.7527,203.138,6868.6926,488.0457,-6520.7051621800465,1103.2059457155415,-1840.2754167606495,3205.1785417712704,5784.76358083134,-1840.2754167606495,-15.6426,61.0104,3
738,STARLINK-30957,satellite,0,67,42.9858,332.8297,99.8135,181.1524,280.9659,6861.3942,497.6438,-1089.7082006838427,-4983.3438527842545,-4595.996414986117,-4339.054030424893,2682.124165428164,-4595.996414986117,-42.1959,148.2783,15
739,STARLINK-30966,satellite,0,67,43.0208,333.0856,145.3727,29.7736,175.1463,6867.5306,482.6068,-5903.504659859109,3472.837579536011,396.0493937041142,5235.5700267898865,4415.968140441584,396.0493937041142,3.3301,40.1461,4
740,STARLINK-30935,satellite,0,67,42.9846,333.2467,81.5224,20.4613,101.9836,6861.5294,488.8907,937.5541905585217,5022.823251682498,4573.5574220562485,4426.801892538006,-2551.702624150808,4573.5574220562485,42.0092,-29.9601,4
741,STARLINK-30958,satellite,0,67,42.9834,332.8558,96.4279,177.702,274.1299,6858.7942,495.4116,-1844.9732648055303,-4682.0010778997,-4667.379731945429,-3804.090219290786,3294.534571801807,-4667.379731945429,-43.0229,139.1058,13
742,STARLINK-30962,satellite,0,67,43.0066,332.5846,76.1787,321.1904,37.3691,6866.7999,485.6247,6241.643147003569,192.55035986634232,2839.9914883847828,-1890.2603046618522,-5951.646897812483,2839.9914883847828,24.5906,-107.62,60
743,STARLINK-30977,satellite,0,67,43.018,333.4857,38.9969,327.5456,6.5425,6870.0341,485.0487,6356.462695922688,-2532.2536805110867,533.4875335664572,-4498.6768881019925,-5155.46631873157,533.4875335664572,4.4861,-131.1081,4
744,STARLINK-30947,satellite,0,44,43.0205,358.65,170.7013,31.8161,202.5175,6868.8237,487.8415,-6384.704219859933,-1772.055436827129,-1793.5723001225135,447.8047323613917,6610.907605462397,-1793.5723001225135,-15.2365,86.1249,2
745,STARLINK-30941,satellite,0,44,43.0089,358.7359,107.0282,37.0179,144.046,6866.9938,486.0598,-5487.3694314582235,3067.4089198217853,2747.67541804198,4714.995214979356,4158.009244990465,2747.67541804198,23.7404,41.4081,5
746,STARLINK-30980,satellite,0,44,42.9852,358.8315,71.3794,36.3226,107.702,6860.6972,488.367,-1987.2342560560342,4820.4414025939595,4454.096962961504,5206.769274843193,274.42489470436215,4454.096962961504,40.6825,3.017,19
747,STARLINK-30965,satellite,0,1,42.9827,343.7203,96.5524,182.6641,279.2164,6861.2406,497.2112,-334.25594658009373,-5067.255942714405,-4620.410041734238,-4668.978015358588,1997.361789685781,-4620.410041734238,-42.4749,156.839,18
748,STARLINK-30990,satellite,0,44,43.0074,358.6127,156.6686,61.0341,217.7027,6866.6984,490.8811,-5504.516380039297,-2937.855364508665,-2863.8114025235654,-944.0676137463033,6167.611455139552,-2863.8114025235654,-24.7901,98.7026,3
749,STARLINK-30984,satellite,0,82,43.021,354.8517,23.7255,328.5155,352.241,6867.5527,483.4156,6710.355156024816,-1284.5663907031505,-632.0015505716605,-3439.2091996622808,-5903.458072441211,-632.0015505716605,-5.3179,-120.224,4
750,STARLINK-30956,satellite,0,67,43.0104,332.6043,109.0973,37.1813,146.2786,6867.4151,485.9449,-3785.0648694990778,5098.638486263071,2598.179058996982,6065.975968149495,1877.9685923230575,2598.179058996982,22.378,17.202,5
751,STARLINK-30997,satellite,0,82,43.0126,355.1956,174.5335,36.443,210.9765,6865.2086,486.9464,-6079.338200747369,-2080.752027351131,-2409.389235942,55.246573617307874,6425.32721147302,-2409.389235942,-20.6723,89.5074,4
752,STARLINK-30994,satellite,0,31,42.9941,191.7123,90.2717,36.519,126.7907,6861.8096,484.4598,4835.874942234601,-3098.832155247418,3744.197545426679,-4528.375263934554,-3533.024858717176,3744.197545426679,33.2639,-142.0388,6
753,STARLINK-30991,satellite,0,82,43.0248,354.8378,30.7444,328.6134,359.3578,6867.7104,482.8559,6827.675175487575,-673.2785656251347,-52.473987530594094,-2901.526514598074,-6217.040792369299,-52.473987530594094,-0.441,-115.0187,4
754,STARLINK-30979,satellite,0,82,42.9933,355.3833,83.6328,35.5193,119.1521,6860.7069,485.1941,-2976.2949735533216,4633.918558189853,4082.820604967943,5359.138039201714,1269.319680110691,4082.820604967943,36.722,13.325,14
755,STARLINK-31005,satellite,0,82,43.0166,355.3048,118.5274,35.9619,154.4893,6865.9203,482.4558,-5992.4841538279525,2659.214464161367,2015.1956107530755,4497.617293046763,4769.981822352246,2015.1956107530755,17.1872,46.6834,5
756,STARLINK-30987,satellite,0,82,43.0003,355.3446,95.3227,37.991,133.3136,6862.8109,484.1031,-4392.145082143361,4018.5778556767636,3402.6373019441735,5248.67503074861,2809.148772551543,3402.6373019441735,29.9053,28.1562,7
757,STARLINK-31000,satellite,0,82,43.023,355.2455,164.956,32.0118,196.9679,6866.7869,484.7867,-6662.121207617372,-915.0099389304726,-1366.35698418127,1348.3418139586004,6588.101132045374,-1366.35698418127,-11.5553,78.4334,4
758,STARLINK-30993,satellite,0,82,43.0218,355.2699,142.4988,33.3164,175.8152,6867.5288,480.9141,-6787.236835469949,928.7870963281918,341.4988837406113,3129.123866812996,6094.080173185053,341.4988837406113,2.8717,62.8209,4
759,STARLINK-30978,satellite,0,82,42.9979,355.1727,97.1461,135.1625,232.3086,6861.9141,491.1738,-4515.503594809909,-3604.7973873083015,-3703.686620606051,-1901.4922991284848,5456.066710977886,-3703.686620606051,-32.8227,109.2139,8
760,STARLINK-30953,satellite,0,53,43.0173,199.0556,17.0303,326.5263,343.5566,6866.7967,484.628,-6684.335816246912,-806.3469933368564,-1325.145014816112,1458.2174352428017,6572.985827580839,-1325.145014816112,-11.2026,77.4915,4
761,STARLINK-30986,satellite,0,82,42.9911,355.1138,74.5511,178.9688,253.5198,6859.3283,494.5618,-2350.048642072681,-4630.809704861243,-4487.866359279475,-3588.1433984594482,3753.97843558492,-4487.866359279475,-41.0109,133.7061,15
762,STARLINK-30985,satellite,0,82,42.9901,354.9714,109.6519,186.1647,295.8165,6860.3114,493.4685,2581.3584118920644,-4764.000209816476,-4212.941191949117,-5350.74594141142,-853.5965793315735,-4212.941191949117,-38.0391,-170.9361,8
763,STARLINK-30981,satellite,0,82,43.004,354.9124,47.2165,269.7045,316.921,6863.5335,490.0618,4689.455629842823,-3859.302053433935,-3197.341906335512,-5197.121709266536,-3142.472336071461,-3197.341906335512,-27.9124,-148.8405,4
764,STARLINK-31002,satellite,0,82,42.984,355.4448,85.5097,12.0622,97.5719,6858.9706,487.0951,-505.6676525300398,5027.370719271406,4633.238689576566,4910.16420567041,-1191.8236434791052,4633.238689576566,42.6982,-13.6433,15
765,STARLINK-30989,satellite,0,14,42.9804,35.2669,90.8443,182.8788,273.7231,6858.656,495.3391,3256.9883929445546,-3833.751077836675,-4669.342710820334,-4697.5167816356425,-1799.7102002380652,-4669.342710820334,-43.0459,-159.0372,4
766,STARLINK-30968,satellite,0,14,42.9856,35.3371,81.3433,171.1337,252.477,6859.4193,494.7188,1083.4725633328683,-5101.206564257856,-4462.669674102263,-5171.613842037702,671.2909023415868,-4462.669674102263,-40.7313,172.6042,9
767,STARLINK-30982,satellite,0,14,43.0001,35.3997,95.9193,135.364,231.2833,6862.1138,491.4199,-1230.5169004219613,-5679.280654906686,-3652.2569962765483,-4948.788949728292,3045.9626607147597,-3652.2569962765483,-32.3106,148.3878,16
768,STARLINK-30998,satellite,0,14,42.9823,35.2503,95.3336,183.4568,278.7905,6861.348,497.9435,3721.991739083704,-3448.313554985366,-4626.300273593522,-4488.290594305754,-2366.291702299117,-4626.300273593522,-42.536,-152.2012,4
769,STARLINK-30983,satellite,0,14,43.0208,35.0378,55.0419,325.6932,20.7351,6868.9481,484.9478,4234.6531156741285,5138.591830721594,1657.5044774265416,3441.5451464146754,-5700.27894212528,1657.5044774265416,14.0623,-58.8785,9
770,STARLINK-31017,satellite,0,78,42.9955,162.7089,89.3366,215.0621,304.3987,6861.4945,492.1422,-2471.1321723684005,5107.438119646546,-3861.9994632694866,5638.1210531044,635.6172982807752,-3861.9994632694866,-34.4082,6.4321,4
771,STARLINK-31028,satellite,0,14,43.0199,34.6453,133.1965,35.2791,168.4756,6867.2224,482.2252,-6099.461094737804,-2996.893794291106,935.037706245499,-802.2685342571126,6748.419315619146,935.037706245499,7.8825,96.7796,4
772,STARLINK-31011,satellite,0,14,43.0216,34.6237,154.9937,34.6857,189.6794,6867.3109,483.8253,-5086.865175124539,-4537.276087392655,-787.1311125945721,-2591.4361555448804,6304.564239886432,-787.1311125945721,-6.628,112.3447,4
773,STARLINK-31021,satellite,0,14,43.0027,35.1163,53.3074,263.1619,316.4693,6865.7825,492.5942,6061.2154478827615,34.588681102801544,-3225.270040360851,-1979.3728891086548,-5729.014928272985,-3225.270040360851,-28.1662,-109.06,4
774,STARLINK-31010,satellite,0,14,43.0017,35.0837,42.8694,273.259,316.1284,6863.295,489.8499,6048.113657947626,-2.817065672795787,-3244.0284653127137,-2010.3085652789828,-5704.239320687517,-3244.0284653127137,-28.3569,-109.4137,4
775,STARLINK-31003,satellite,0,14,43.0168,34.6112,158.135,38.5995,196.7345,6866.846,484.8774,-4587.981131652948,-4921.685870580193,-1347.9719663298197,-3119.6520941816666,5961.5713938809895,-1347.9719663298197,-11.3976,117.6228,4
776,STARLINK-31015,satellite,0,14,43.0185,34.6435,143.5696,31.9366,175.5062,6867.5301,482.423,-5850.224566215369,-3564.664120058767,366.7206419094781,-1420.578470775662,6701.784431951899,366.7206419094781,3.0833,101.9679,4
777,STARLINK-30932,satellite,0,14,43.0001,34.7171,95.7022,37.363,133.0652,6862.7912,484.0383,-5935.0887025405345,344.89407712725347,3416.4508547222135,2295.4709196111726,5484.071761809941,3416.4508547222135,30.0393,67.2873,5
778,STARLINK-30992,satellite,0,14,42.9901,34.7782,81.1785,30.5949,111.7734,6859.8782,485.5865,-4744.714222583696,2374.3481224309944,4340.841074924697,3814.7103166827396,3687.5231877608403,4340.841074924697,39.4639,44.0287,5
779,STARLINK-30948,satellite,0,14,42.9849,34.8206,85.3973,12.2554,97.6528,6858.7534,486.5692,-3587.289159414955,3558.789501656871,4632.090920298026,4547.788276895873,2202.5548844211994,4632.090920298026,42.6892,25.8415,11
780,STARLINK-31001,satellite,0,14,43.0094,34.9094,76.4103,321.7872,38.1975,6866.5975,486.3413,2646.1363751146214,5629.584431024029,2893.8534462449693,4432.0004126949925,-4364.817398655333,2893.8534462449693,25.0855,-44.5624,4
781,STARLINK-31004,satellite,0,14,42.9882,34.8913,104.0035,332.353,76.3564,6859.139,486.9814,-1461.2483312828508,4922.385783644685,4542.639042068179,5128.333941076149,-255.57675463662696,4542.639042068179,41.6765,-2.853,18
782,STARLINK-30988,satellite,0,14,42.9999,34.955,96.5087,318.6224,55.131,6861.5566,485.4728,855.6084775714706,5618.177937984222,3836.795053519534,5015.600475018046,-2672.0293944385353,3836.795053519534,34.1909,-28.0462,4
783,STARLINK-31009,satellite,0,14,43.0104,35.0109,71.3982,322.4955,33.8937,6864.782,482.7534,3057.9795147400973,5556.338838697683,2608.6512453506384,4226.198019065371,-4728.994640157497,2608.6512453506384,22.4841,-48.2135,4
784,STARLINK-31044,satellite,0,12,43.0204,100.4147,39.3103,327.315,6.6253,6869.9524,484.9012,-1801.6978348086564,6600.114334863434,540.2236855190141,6823.9432643707505,-491.3477850495164,540.2236855190141,4.5429,-4.1184,5
785,STARLINK-31062,satellite,0,30,43.0214,103.4314,141.8417,31.9683,173.81,6869.9713,484.8055,1058.5998535068675,-6761.867309084893,504.87648374030374,-6729.855640254536,1246.0040998527836,504.87648374030374,4.2452,169.5107,4
786,STARLINK-31096,satellite,0,12,43.0051,101.3659,54.399,266.9353,321.3343,6873.137,499.0586,2021.1474170375616,5880.338488919748,-2928.959779130192,4875.9992600567575,-3858.503445844587,-2928.959779130192,-25.3604,-38.3555,11
787,STARLINK-31094,satellite,0,12,42.9835,100.2563,93.5168,350.5397,84.0565,6861.2821,489.4355,-5036.497258116879,-189.68351886584938,4650.372493112374,1492.9204170521557,4813.883369660817,4650.372493112374,42.8753,72.7699,4
788,STARLINK-31075,satellite,0,12,43.0232,99.9996,156.1051,33.1104,189.2156,6869.8754,486.2992,1967.9819446088811,-6533.103998356472,-750.0417219608468,-6815.92999551175,312.2484330321994,-750.0417219608468,-6.3121,177.377,5
789,STARLINK-30857,satellite,0,12,43.0158,100.417,52.632,325.9598,18.5918,6869.1826,484.8621,-2749.230759973116,6107.45578017482,1492.4896253963393,6673.7497662956885,565.9946424140603,1492.4896253963393,12.6384,4.8476,5
790,STARLINK-31059,satellite,0,87,43.0197,303.7188,48.0396,326.1194,14.159,6866.9347,482.2728,4712.748972772368,-4851.433025568067,1144.818451305793,-6140.72916955279,-2835.1103238045325,1144.818451305793,9.6659,-155.2177,8
791,STARLINK-31087,satellite,0,12,42.9972,99.92,94.7506,136.4943,231.2449,6864.6795,493.778,4597.863632785371,-3559.0931058842175,-3651.3507882328367,-4883.531504759763,-3155.7271371368124,-3651.3507882328367,-32.2891,-147.1295,4
792,STARLINK-31052,satellite,0,12,43.0138,100.0567,115.7781,37.7521,153.5302,6868.3,484.5358,-1129.1745975118088,-6437.566528343314,2086.081194825385,-5697.718853501519,3202.0771297652213,2086.081194825385,17.8056,150.6643,5
793,STARLINK-31074,satellite,0,12,42.9833,100.1956,78.3854,21.7665,100.152,6859.766,487.8317,-4645.349275636308,-2063.337042298931,4601.347643749109,-404.333762082596,5066.867262087869,4601.347643749109,42.3308,94.5625,4
794,STARLINK-31071,satellite,0,48,43.0222,300.2471,21.9658,328.4045,350.3703,6867.3257,483.6743,2682.751238011106,-6266.592412836275,-783.1218901467487,-6801.7954013705075,-450.45975576327186,-783.1218901467487,-6.5943,-176.211,5
795,STARLINK-31080,satellite,0,12,43.0236,100.0017,144.6524,36.7636,181.416,6870.1266,485.4733,1313.7985367500291,-6735.696318933959,-115.72208540255947,-6789.880948553915,996.5882803503143,-115.72208540255947,-0.9721,171.65,4
796,STARLINK-31088,satellite,0,12,42.9835,100.2219,91.365,355.9013,87.2663,6861.1574,489.5256,-4989.566536630213,-567.3818877020345,4670.185798020016,1121.05974667864,4894.9894253541715,4670.185798020016,43.101,77.1005,4
797,STARLINK-31038,satellite,0,12,42.9913,100.3272,96.3615,321.7996,58.1611,6866.2643,490.3307,-4843.381841848408,2796.583052200854,3974.6444791341164,4245.756133987915,3640.436688710287,3974.6444791341164,35.5693,40.6108,5
798,STARLINK-31082,satellite,0,12,42.9889,100.1614,77.4439,32.4553,109.8992,6862.145,489.0818,-4231.456939634496,-3129.9908849333824,4397.231429816646,-1547.896546279972,5030.515585281645,4397.231429816646,40.0532,107.1032,4
799,STARLINK-31069,satellite,0,12,43.0131,100.3997,60.1,325.1571,25.2571,6868.445,484.9037,-3225.5955937478197,5716.956061401816,1997.0741784296902,6463.519826977431,1144.9737938808787,1997.0741784296902,17.0217,10.0454,5
800,STARLINK-31067,satellite,0,12,43.0066,100.381,70.408,323.9297,34.3377,6867.2282,485.4626,-3804.2997304862806,5062.190149009667,2639.492729435223,6037.979267169227,1908.2117055880028,2639.492729435223,22.755,17.5384,5
801,STARLINK-31085,satellite,0,12,43.0094,100.478,10.6608,318.4978,329.1586,6867.765,489.625,1458.762341845061,6264.076772671502,-2400.7193437791943,5424.660730998965,-3455.3872919639107,-2400.7193437791943,-20.5861,-32.4962,11
802,STARLINK-31089,satellite,0,12,43.0148,100.4197,19.3623,315.3693,334.7316,6868.4008,488.9119,984.5406588427362,6493.495345173883,-1999.137956694103,5798.487158418069,-3084.209587620484,-1999.137956694103,-17.0295,-28.0085,10
803,STARLINK-31061,satellite,0,12,42.9941,100.5335,95.5766,209.0363,304.6129,6861.4797,491.9957,3349.206366043969,4588.187439120145,-3851.919388002966,3216.270807425109,-4682.333750615645,-3851.919388002966,-34.3069,-55.515,16
804,STARLINK-31054,satellite,0,44,43.0132,358.7858,18.3541,308.0263,326.3804,6864.8754,487.9323,5654.887695901718,-2898.9362805764963,-2592.1563009159536,-4611.682416988569,-4371.952847062947,-2592.1563009159536,-22.3166,-136.5286,2
805,STARLINK-31134,satellite,0,44,43.0164,359.1224,177.1367,28.9287,206.0654,6865.965,486.9384,-6198.167534836953,-2110.2208233207925,-2057.293832661849,66.89371545101712,6547.200771621154,-2057.293832661849,-17.5457,89.4146,2
806,STARLINK-31133,satellite,0,44,43.0289,358.7487,8.9086,338.7535,347.6621,6867.2072,483.9051,6678.110975942137,-1217.897945213056,-1000.4562267230967,-3365.617629799266,-5895.172565916743,-1000.4562267230967,-8.4357,-119.7225,2
807,STARLINK-31068,satellite,0,44,43.0198,358.72,43.807,324.9447,8.7517,6867.4245,482.1537,6795.542943986119,611.4702864785252,712.1180725196526,-1678.9591092192734,-6613.19863034336,712.1180725196526,5.9954,-104.2453,10
808,STARLINK-31129,satellite,0,44,43.0196,358.6956,55.9745,326.9809,22.9554,6866.0602,482.3255,6358.660148831608,1811.5251069628189,1825.0762895010691,-401.9278226245044,-6599.442107246354,1825.0762895010691,15.5236,-93.4852,28
809,STARLINK-30774,satellite,0,44,43.0059,358.6534,80.8878,323.411,44.2988,6863.1746,483.766,4988.569841781249,3385.790020681617,3266.420355076949,1537.8702861226818,-5829.610459845286,3266.420355076949,28.598,-75.2219,63
810,STARLINK-31086,satellite,0,44,43.0215,358.2941,148.8724,37.0617,185.934,6867.4664,483.3479,-6837.02557775009,-315.21417801884246,-483.97217072787345,1972.186971272694,6553.98789128995,-483.97217072787345,-4.07,73.2527,4
811,STARLINK-31065,satellite,0,44,42.9932,358.4215,83.7986,38.4189,122.2176,6861.1577,485.3032,-3537.077273830878,4341.8638043625315,3955.5235047139868,5269.793150892894,1895.2511927147532,3955.5235047139868,35.4027,19.7808,10
812,STARLINK-31092,satellite,0,44,42.9934,358.5963,98.8025,326.7513,65.5538,6860.1202,485.9099,2948.1603646470553,4494.116511085389,4255.940021039415,3260.659762449865,-4272.801266666466,4255.940021039415,38.5473,-52.652,20
813,STARLINK-31091,satellite,0,94,42.9876,2.2825,95.7948,205.0361,300.8309,6860.9851,493.6246,3686.9821105190076,-4168.196725139037,-4019.006318874397,-5155.73372845177,-2094.3043580272183,-4019.006318874397,-36.0069,-157.8926,4
814,STARLINK-31084,satellite,0,94,43.0042,2.2266,28.2722,293.8028,322.0749,6864.1835,488.7075,5529.462469747665,-2872.158851729216,-2877.066113368761,-4544.788830776968,-4262.528141556294,-2877.066113368761,-24.921,-136.8356,4
815,STARLINK-31064,satellite,0,94,42.9974,2.4836,82.4779,154.8125,237.2904,6861.2099,492.3121,-3522.3282804167025,-4380.495876232088,-3938.341036218972,-2962.888495742242,4776.696808308844,-3938.341036218972,-35.185,121.8105,11
816,STARLINK-31081,satellite,0,94,43.0211,2.1486,43.3195,328.2032,11.5227,6867.2455,482.082,6679.281099398355,1253.1128159785053,934.9024624905697,-1035.1061639317231,-6716.520152857448,934.9024624905697,7.8815,-98.7611,12
817,STARLINK-31022,satellite,0,94,43.0232,2.5762,162.9268,31.9228,194.8496,6866.9835,483.8545,-6567.693617091874,-1582.357139535477,-1199.7750682557796,687.489508007785,6720.551446228759,-1199.7750682557796,-10.1323,84.1592,4
818,STARLINK-31025,satellite,0,44,43.0185,358.2542,122.8096,34.771,157.5806,6866.3014,482.5764,-6279.604890743485,2104.9332004423372,1784.7295293803168,4070.073575915571,5224.814106626929,1784.7295293803168,15.1716,52.0818,5
819,STARLINK-31018,satellite,0,44,42.986,358.9723,89.7656,172.985,262.7506,6858.8323,495.3668,-955.3128895113032,-4964.462609591205,-4642.393847564727,-4365.855465597335,2549.081750828999,-4642.393847564727,-42.7385,149.7207,17
820,STARLINK-31008,satellite,0,44,42.9909,359.019,77.7769,170.8802,248.6571,6859.8382,493.6657,-2577.521120948687,-4632.404096983204,-4358.909195204251,-3514.138652070979,3969.0820576934557,-4358.909195204251,-39.604,131.521,16
821,STARLINK-31077,satellite,0,44,42.9881,358.8999,105.4187,178.5948,284.0135,6859.1851,494.2777,1568.071994809411,-4901.8724052116795,-4540.26429632569,-5144.443469270403,148.0008424381706,-4540.26429632569,-41.5957,178.3521,9
822,STARLINK-31078,satellite,0,44,42.9983,358.837,79.166,225.7835,304.9495,6861.7507,491.6359,3847.227453787216,-4193.192881368314,-3836.3658972815406,-5232.505465672491,-2237.1661031848953,-3836.3658972815406,-34.1515,-156.8508,2
823,STARLINK-31070,satellite,0,44,43.0037,359.0751,122.5095,105.0532,227.5627,6862.6685,490.3532,-4690.260244941349,-3628.880340129658,-3454.589524067978,-1866.1998146782637,5628.908592254065,-3454.589524067978,-30.3782,108.3423,7
824,STARLINK-31090,satellite,0,71,43.0237,350.9657,21.0908,329.0288,350.1195,6867.3689,483.8575,6540.902183066043,-1911.582272458837,-803.354767518619,-3974.422770835513,-5535.477557671171,-803.354767518619,-6.7652,-125.678,4
825,STARLINK-31113,satellite,0,13,42.9851,16.5536,89.7043,179.1177,268.822,6858.5664,495.7421,1295.0349440375855,-4852.246933332079,-4678.884122013955,-5006.998111585027,389.0831773451241,-4678.884122013955,-43.1519,175.5566,9
826,STARLINK-31128,satellite,0,13,43.0219,16.7662,142.7839,34.1489,176.9327,6867.5408,482.4984,-6636.970883771557,-1719.2471292140006,250.46295386537082,581.3577922085274,6831.340741082999,250.46295386537082,2.1053,85.1358,4
827,STARLINK-31083,satellite,0,13,42.9891,16.4828,103.1557,186.7733,289.929,6859.6921,494.2444,3582.5122726402133,-3862.1959037083902,-4399.732841372711,-4832.405303545931,-2097.3341089346677,-4399.732841372711,-40.0442,-156.5385,4
828,STARLINK-30828,satellite,0,13,42.9968,16.8786,83.1845,37.1332,120.3177,6860.8834,485.3538,-4568.618472470857,3137.3662909757395,4036.110086408681,4476.009545839918,3268.1310463784566,4036.110086408681,36.2346,36.1348,6
829,STARLINK-31131,satellite,0,57,42.9855,6.0612,82.0557,178.9235,260.9792,6858.8325,495.4253,-546.5701636426469,-5044.888111756374,-4621.978482024436,-4577.401482864327,2190.2124711079096,-4621.978482024436,-42.5063,154.4296,18
830,STARLINK-31124,satellite,0,13,42.9896,16.6271,77.2774,170.3237,247.6011,6859.8898,493.7532,-1177.7903291495354,-5195.897822257259,-4326.808900187725,-4510.317227146696,2835.768458333585,-4326.808900187725,-39.2561,147.8412,17
831,STARLINK-31126,satellite,0,13,43.0143,16.3657,15.1473,317.2779,332.4251,6865.6417,487.0898,6491.530332377576,-514.6971253409804,-2167.271064133332,-2640.3547712978702,-5952.596565255953,-2167.271064133332,-18.5157,-113.9203,4
832,STARLINK-31066,satellite,0,78,43.0207,162.6362,42.3188,325.6517,7.9706,6867.3808,482.5126,-6692.127811517973,1363.8365268379596,649.0374104193326,3507.93406613815,5859.950793757336,649.0374104193326,5.4624,59.0941,4
833,STARLINK-31058,satellite,0,13,42.9986,16.6662,84.7926,148.6661,233.4586,6861.7747,491.5038,-2758.1060031465245,-5035.3810653018445,-3760.4927986094667,-3834.321529952502,4273.194308984315,-3760.4927986094667,-33.3885,131.9015,16
834,STARLINK-31125,satellite,0,13,42.9901,16.9222,76.4504,29.6041,106.0545,6859.3101,486.6946,-3216.553984938557,4058.5984052618887,4492.344383164059,4896.192782680451,1686.9311746619414,4492.344383164059,41.1178,19.0108,13
835,STARLINK-31110,satellite,0,13,43.0095,16.7159,164.7486,47.5037,212.2523,6864.9883,487.6477,-4788.482017474543,-4234.313771812631,-2498.1935985530768,-2404.6996608819113,5922.532624713316,-2498.1935985530768,-21.4683,112.0984,8
836,STARLINK-31112,satellite,0,13,43.0221,16.78,137.2018,32.6516,169.8534,6867.2826,482.0733,-6720.158286954826,-1103.560883624348,824.5323292138551,1189.7472719257885,6705.436261313541,824.5323292138551,6.9462,79.9387,4
837,STARLINK-31147,satellite,0,13,42.9816,16.9944,93.2017,351.6818,84.8835,6858.6705,486.6953,-875.2694526455412,4955.479247015956,4654.829112529885,4965.037202208461,-819.314813137313,4654.829112529885,42.9474,-9.3703,16
838,STARLINK-31144,satellite,0,13,43.0056,16.3971,35.1236,282.9987,318.1223,6863.7101,489.6839,5848.239972135977,-1771.5977641701027,-3124.9641202925905,-3612.4487234856524,-4928.557966574848,-3124.9641202925905,-27.23,-126.24,4
839,STARLINK-31095,satellite,0,13,43.0215,17.1755,43.5811,330.2545,13.8355,6867.238,481.9522,6009.325888614469,3112.6251482805887,1119.1719473756618,941.3577887737665,-6701.811580669498,1119.1719473756618,9.4479,-82.0044,14
840,STARLINK-31107,satellite,0,13,43.0191,17.2218,13.2209,325.4017,338.6226,6866.4313,485.6103,6645.248991045425,145.1207007869632,-1706.5761326526156,-2068.9762332703745,-6316.62342687527,-1706.5761326526156,-14.486,-108.1359,4
841,STARLINK-31121,satellite,0,13,42.9907,16.4599,95.6766,201.3426,297.0192,6860.5041,492.6525,4257.091904780385,-3405.3744950366145,-4168.891701477405,-4625.41098041332,-2885.30417797924,-4168.891701477405,-37.5782,-148.0443,4
842,STARLINK-31137,satellite,0,13,42.9845,16.9447,79.6529,19.2748,98.9277,6858.8691,486.7913,-2461.524920575488,4428.953742475731,4617.257817681571,4994.918898687404,851.7754299927624,4617.257817681571,42.519,9.6775,21
843,STARLINK-31106,satellite,0,13,43.0089,16.8243,105.2142,36.3452,141.5594,6864.0233,483.0619,-6043.450392679431,1429.4555449873458,2907.999186965187,3354.506050894805,5226.27256832079,2907.999186965187,25.2295,57.3054,5
844,STARLINK-31115,satellite,0,2,42.9923,151.7008,104.0138,192.8504,296.8642,6860.486,494.2052,-607.7189759006078,5414.2762876452525,-4175.687188455681,5309.007110996199,-1223.9908365748238,-4175.687188455681,-37.64,-12.9827,4
845,STARLINK-31180,satellite,0,2,42.9927,151.2786,85.9785,34.9566,120.9351,6860.9928,485.5889,1023.8246326088135,-5466.1737416774895,4010.334638022441,-5496.086773607954,848.706327013521,4010.334638022441,35.9661,171.2217,4
846,STARLINK-31164,satellite,0,2,42.983,150.9899,80.5884,174.7481,255.3365,6859.1415,494.8078,3875.2270271211546,3405.506279223353,-4527.0729715850875,1926.0390443440747,-4785.940986809398,-4527.0729715850875,-41.4446,-68.0783,13
847,STARLINK-31152,satellite,0,2,42.9936,151.0507,85.332,148.7302,234.0622,6861.7127,491.4775,5491.970007270593,1606.8240452057598,-3789.2191684034383,-307.32704317684676,-5713.945061123999,-3789.2191684034383,-33.677,-93.0787,5
848,STARLINK-31157,satellite,0,2,43.0102,151.0984,167.9218,44.9947,212.9164,6864.9392,487.6217,6361.534604070075,-396.98808127526956,-2543.8990953495822,-2486.168397494384,-5869.044961043989,-2543.8990953495822,-21.8808,-112.9579,4
849,STARLINK-31076,satellite,0,2,43.0185,151.1382,151.4284,40.144,191.5723,6867.3149,484.4496,6373.463264116887,-2363.5826109087657,-939.1568442735536,-4345.213061983608,-5227.492724395208,-939.1568442735536,-7.9148,-129.7341,4
850,STARLINK-31101,satellite,0,2,43.0024,151.2313,96.5709,38.6394,135.2103,6863.2727,484.4541,2565.6858869790403,-5439.399350080127,3295.0523789688636,-5982.646259676219,-614.6162151112574,3295.0523789688636,28.8686,-174.1344,6
851,STARLINK-31108,satellite,0,2,43.0194,151.1644,137.2406,33.3392,170.5798,6867.4986,482.7236,5532.923859598272,-3983.4140273064254,766.0929627463978,-5594.182781094547,-3896.9158010866386,766.0929627463978,6.4512,-145.1389,4
852,STARLINK-31042,satellite,0,2,43.0029,151.2234,98.0432,38.1054,136.1486,6865.7591,486.2406,2662.7618816769136,-5427.541017405666,3241.206654294804,-6003.684370260784,-710.1241556368037,3241.206654294804,28.3463,-173.2543,7
853,STARLINK-31159,satellite,0,2,42.9803,150.9575,82.2736,180.1256,262.3992,6858.7992,495.7313,3210.150494236404,3910.926205496539,-4638.444722331472,2623.570671965765,-4326.347987585706,-4638.444722331472,-42.6908,-58.7667,13
854,STARLINK-31148,satellite,0,2,43.0052,151.0966,162.7958,57.2271,220.0229,6863.8525,489.1094,6161.051916274475,285.3554484955974,-3010.379456600007,-1775.965444810386,-5906.431679606136,-3010.379456600007,-26.1577,-106.7352,4
855,STARLINK-31151,satellite,0,2,43.0233,151.1673,146.3423,31.2755,177.6179,6867.5331,482.3686,5904.2756486913595,-3488.262742673391,194.5567836619282,-5250.37648185185,-4411.575081132594,194.5567836619282,1.6352,-139.9617,4
856,STARLINK-31156,satellite,0,2,42.9837,150.993,83.2893,174.5648,257.8542,6861.5886,498.2089,3644.956097751394,3594.326611546906,-4576.936530103257,2180.5905847474187,-4631.405126602535,-4576.936530103257,-41.9772,-64.7877,14
857,STARLINK-31167,satellite,0,57,42.9903,5.8663,77.2957,28.57,105.8657,6859.2623,486.6282,-2357.389410597747,4606.77055145846,4496.535378684988,5128.085729463334,694.5188969767391,4496.535378684988,41.1649,7.7129,19
858,STARLINK-31176,satellite,0,2,42.9838,151.3773,98.3151,351.9557,90.2708,6861.1859,489.8888,-2374.8601739372816,-4419.360235999763,4675.713838569585,-3380.4473996931542,3707.1931591430584,4675.713838569585,43.1615,132.3605,7
859,STARLINK-31181,satellite,0,44,43.0003,359.1231,88.0219,322.8223,50.8442,6862.1707,484.6173,4388.570844135603,3821.8331251786867,3626.170070666528,2148.356614388575,-5408.375573878263,3626.170070666528,32.0883,-68.3357,60
860,STARLINK-31183,satellite,0,2,42.9874,151.418,102.9925,334.9813,77.9739,6861.4337,489.4245,-3602.1692879900284,-3624.9988793997813,4573.433849880749,-2223.7266176596722,4601.225965424882,4573.433849880749,42.0038,115.794,5
861,STARLINK-31165,satellite,0,2,42.9938,151.4787,95.2575,321.9173,57.1748,6861.2282,485.3844,-5277.925552826292,-1928.121750840487,3929.01209355309,-66.8038342099388,5618.6910286094,3929.01209355309,35.1303,90.6812,4
862,STARLINK-31160,satellite,0,2,42.9869,151.296,90.3192,3.4407,93.7599,6861.1551,489.4518,-2009.7102384335078,-4606.494722329287,4665.709973483164,-3678.1813226039517,3424.866570738119,4665.709973483164,43.0503,137.0425,7
863,STARLINK-31179,satellite,0,2,43.0034,151.2432,94.1822,37.7732,131.9555,6865.1404,486.6558,2225.539675269638,-5476.542823655175,3479.0909229810263,-5904.7732248973525,-281.4272695806358,3479.0909229810263,30.6347,-177.2713,4
864,STARLINK-31189,satellite,0,40,43.0195,96.4465,21.5558,323.2941,344.8499,6866.989,484.5013,559.224395190874,6728.796619357433,-1223.5178643318309,6161.628736008141,-2761.1170182466635,-1223.5178643318309,-10.3339,-24.1379,7
865,STARLINK-31185,satellite,0,40,43.0103,97.2292,69.7345,323.8227,33.5571,6864.8707,482.9156,-3469.151110292214,5320.752427723103,2585.8756254687787,6170.62911598042,1506.2377422497798,2585.8756254687787,22.2769,13.7175,5
866,STARLINK-31166,satellite,0,40,42.9868,96.6919,76.3809,176.5766,252.9575,6859.4173,494.8909,5002.260168495643,-1438.5680656474303,-4474.512724591734,-3017.482239481418,-4241.094883073574,-4474.512724591734,-40.8608,-125.4313,4
867,STARLINK-31187,satellite,0,40,43.005,97.2142,78.8495,321.6553,40.5048,6863.8647,483.528,-3886.1784970151116,4763.760324811458,3037.9042673914273,5783.650350005926,2084.5105832752984,3037.9042673914273,26.4383,19.8199,7
868,STARLINK-31162,satellite,0,40,42.9831,96.6802,83.0551,176.8372,259.8923,6858.9624,495.6348,5050.1125332241545,-621.3943873577552,-4607.199669510508,-2262.5282524056934,-4557.492017539192,-4607.199669510508,-42.3375,-116.4017,4
869,STARLINK-31184,satellite,0,40,42.988,96.5756,101.0946,187.1995,288.2941,6859.5097,494.4104,4488.843128760486,2686.14400145428,-4443.353491074052,1043.7781110963795,-5125.974003637271,-4443.353491074052,-40.5209,-78.4905,12
870,STARLINK-31192,satellite,0,40,42.9937,97.1699,91.2381,323.579,54.8171,6861.6185,484.9368,-4559.855439694599,3408.1110595041832,3821.3685269906255,4728.493726027982,3169.9920674571354,3821.3685269906255,34.0379,33.838,6
871,STARLINK-31161,satellite,0,40,42.9846,96.6217,93.1131,181.1278,274.2409,6858.663,495.4969,4915.389813835779,1081.5901237392263,-4666.8837149864,-611.3853512498783,-4995.708375196438,-4666.8837149864,-43.0166,-96.9773,4
872,STARLINK-31195,satellite,0,40,43.02,97.2637,46.3135,325.8916,12.2051,6867.2814,482.1898,-1899.5301729425732,6516.957545712884,989.4453929067527,6777.976738415564,-371.45910143763723,989.4453929067527,8.3443,-3.1369,5
873,STARLINK-31193,satellite,0,40,43.0046,96.7725,136.4141,88.275,224.6891,6863.1935,489.9487,4080.43589627148,-4428.949725008727,-3291.998048035458,-5532.307228177395,-2378.892495110249,-3291.998048035458,-28.814,-156.7323,4
874,STARLINK-31168,satellite,0,40,43.0188,96.812,167.6974,35.7857,203.4831,6866.1754,485.7871,2731.6969527388524,-6012.414905176949,-1865.5743825251263,-6578.277595500145,-581.0035371127312,-1865.5743825251263,-15.8686,-174.9526,5
875,STARLINK-31191,satellite,0,40,42.9997,96.5129,78.7765,230.7154,309.4919,6862.2904,491.2403,3353.6154412149417,4776.1482003131105,-3612.2572047004846,3392.11026824326,-4748.885773209132,-3612.2572047004846,-31.9162,-54.4619,16
876,STARLINK-31170,satellite,0,40,43.0211,96.8618,136.0795,32.0181,168.0977,6867.2937,482.0293,-224.99186738936794,-6787.760933486691,965.2597134398114,-6328.197041592132,2465.4091006046156,965.2597134398114,8.1391,158.7146,4
877,STARLINK-31141,satellite,0,40,42.9874,96.9873,77.262,34.3504,111.6123,6859.5283,486.5901,-4320.85759235178,-3073.7303304801844,4346.104516425121,-1465.1498196228163,5096.171551660823,4346.104516425121,39.514,106.0399,4
878,STARLINK-31188,satellite,0,40,43.0108,96.8966,110.6298,36.286,146.9157,6864.9301,483.1219,-2027.7022256587866,-6033.478368011375,2553.741881715511,-5018.279978050632,3915.5208587235174,2553.741881715511,21.9851,142.0368,6
879,STARLINK-31138,satellite,0,40,43.0005,96.9235,95.4413,37.3171,132.7585,6862.7639,484.3238,-3094.033998628736,-5065.239384462302,3433.635865094296,-3750.976645338312,4599.9859361420995,3433.635865094296,30.2044,129.1949,7
880,STARLINK-31163,satellite,0,40,43.02,96.4293,24.7911,327.1419,351.933,6867.4274,483.417,-61.17634643222226,6829.5639987932045,-656.912881992205,6462.622383556282,-2209.34354198987,-656.912881992205,-5.5282,-18.8738,4
881,STARLINK-31174,satellite,0,40,43.0196,96.4182,32.7398,326.2576,358.9974,6867.5942,482.759,-679.6020331784991,6826.659863954922,-81.90156150910505,6665.167270376915,-1625.0197166587618,-81.90156150910505,-0.6883,-13.7018,4
882,STARLINK-31169,satellite,0,40,43.0141,96.8794,119.9576,34.0362,153.9939,6865.8534,482.3455,-1444.690412315735,-6383.113945737125,2051.4843967765705,-5541.61940661404,3481.627260913988,2051.4843967765705,17.5067,147.8601,5
883,STARLINK-31238,satellite,0,27,43.0125,180.2495,118.2629,36.8967,155.1596,6866.02,482.7007,6233.597153551641,-2079.8058137202092,1965.5972757367845,-4031.098842968452,-5189.7560456894225,1965.5972757367845,16.7511,-127.838,4
884,STARLINK-31158,satellite,0,27,42.9951,180.3347,82.2395,37.7338,119.9734,6860.7774,485.5831,3450.6709053594836,-4323.973768249771,4050.195748484887,-5224.23520598152,-1819.682763063328,4050.195748484887,36.3795,-160.796,9
885,STARLINK-31237,satellite,0,27,43.0235,180.234,151.7538,31.5938,183.3476,6867.6607,483.267,6848.408229205561,320.8899963487419,-273.3709706751636,-1970.611415660374,-6566.609194407428,-273.3709706751636,-2.2977,-106.7043,3
886,STARLINK-31244,satellite,0,27,42.9841,180.4333,85.1449,6.4726,91.6174,6858.491,487.4909,231.41837836652107,-5011.61335920261,4672.301597886049,-4804.264181738963,1445.291873651791,4672.301597886049,43.1411,163.2569,5
887,STARLINK-31226,satellite,0,27,43.0209,180.6383,44.3792,322.0148,6.394,6867.5588,482.9752,-6811.66421588337,-634.5384772695978,521.2969382084133,1662.550330116878,6636.063205614447,521.2969382084133,4.3847,75.935,4
888,STARLINK-31197,satellite,0,27,42.9925,180.7581,95.6988,207.2502,302.949,6861.2354,492.1284,-3788.27428897015,4162.859590178534,-3927.2975212762494,5184.322820975968,2191.624726982579,-3927.2975212762494,-35.0731,22.9158,4
889,STARLINK-31213,satellite,0,27,42.9858,180.4546,106.8906,337.4832,84.3738,6858.7297,487.9567,-632.5437595607783,-4996.494752311698,4652.175066725983,-4503.213466836931,2255.247190384268,4652.175066725983,42.9073,153.3979,6
890,STARLINK-31199,satellite,0,27,42.9823,180.3864,79.3392,26.4417,105.7809,6859.2048,485.5751,1896.6428258948456,-4812.809885930926,4497.060214018466,-5169.498955048359,-191.5034226502645,4497.060214018466,41.1784,-177.8785,3
891,STARLINK-31200,satellite,0,27,42.9831,180.4063,78.5041,20.2473,98.7514,6858.7348,486.6136,1078.0921567160865,-4948.918001199823,4619.218155391539,-5026.174313844416,625.8145474683467,4619.218155391539,42.5426,172.9026,4
892,STARLINK-31149,satellite,0,27,42.9913,180.0833,78.0228,169.0591,247.082,6859.9648,493.9835,2666.0759478140926,4628.054024321037,-4310.801293052634,3480.6397560347928,-4051.171670055099,-4310.801293052634,-39.0819,-49.3319,8
893,STARLINK-31242,satellite,0,27,42.9916,180.5242,99.7779,323.4087,63.1866,6860.4123,485.8537,-3051.5901703044105,-4503.79039901282,4172.416758535418,-3235.45194273648,4373.57762615245,4172.416758535418,37.6593,126.493,7
894,STARLINK-31223,satellite,0,27,42.9943,180.5504,93.1603,322.9118,56.0721,6861.359,484.9023,-3786.614160005237,-4197.512529622563,3879.372502899634,-2702.551823473625,4965.256476208451,3879.372502899634,34.6264,118.5591,5
895,STARLINK-31219,satellite,0,27,43.0186,180.2051,155.7759,34.6939,190.4697,6867.373,484.2426,6744.497650072474,935.8252067026446,-850.7085917493436,-1356.0513966942588,-6672.716236950042,-850.7085917493436,-7.1656,-101.4874,3
896,STARLINK-31198,satellite,0,27,43.006,180.2686,102.8287,38.3664,141.195,6863.9952,483.4331,5358.725873629385,-3117.5949789225506,2931.2115192873393,-4719.632830210398,-4020.0009190680917,2931.2115192873393,25.4435,-139.5769,7
897,STARLINK-31196,satellite,0,27,42.9838,180.8207,98.2939,183.4135,281.7073,6858.9771,494.7453,-1462.9360874902245,4895.9400283440955,-4582.0134281671135,5103.947954039452,-245.20611672566747,-4582.0134281671135,-42.0603,-2.7505,4
898,STARLINK-31203,satellite,0,86,42.9959,176.8467,87.0372,37.3084,124.3456,6861.3856,484.9655,3634.602199591219,-4346.909511395895,3860.4301092249266,-5306.9258320687095,-1985.571369268621,3860.4301092249266,34.4335,-159.4868,9
899,STARLINK-31201,satellite,0,27,42.9929,180.12,79.5614,153.4155,232.9769,6861.8732,491.5342,4124.25564640092,4016.6475319562505,-3736.591264459946,2419.863235910414,-5223.715531336798,-3736.591264459946,-33.1491,-65.1443,13
900,STARLINK-31214,satellite,0,27,43.0257,180.2273,123.9167,38.4271,162.3438,6866.7359,482.7289,6542.782979111675,-1495.1058378036792,1419.6858551447076,-3582.1856436958533,-5675.499677745336,1419.6858551447076,12.0165,-122.2588,5
901,STARLINK-31215,satellite,0,27,43.0119,180.2678,110.8335,37.4003,148.2338,6865.0399,482.943,5843.234611214882,-2612.8236899866693,2462.964251567658,-4404.314071747889,-4644.594267969875,2462.964251567658,21.1664,-133.479,4
902,STARLINK-31177,satellite,0,27,43.0219,180.2184,139.0633,37.1835,176.2468,6867.6342,483.0131,6847.593941577578,-302.24767445266576,306.4244313900247,-2558.1457288603483,-6358.992599095832,306.4244313900247,2.5758,-111.9143,4
903,STARLINK-30945,satellite,0,27,43.0215,180.6458,23.6845,328.7327,352.4172,6867.4007,483.4825,-6808.472258889554,585.2520907764875,-617.7521352275819,2812.116959192995,6228.146812467255,-617.7521352275819,-5.1976,65.7,4
904,STARLINK-31212,satellite,0,27,43.0101,180.1695,161.909,49.6677,211.5767,6865.2895,487.8126,5839.242889290982,2645.225503751803,-2451.4650663047482,556.919054354959,-6386.220842777883,-2451.4650663047482,-21.0472,-85.0161,3
905,STARLINK-30996,satellite,0,11,42.9861,318.6426,79.6841,177.177,256.8611,6859.0776,494.9768,-4401.813950401182,-2639.1407244706106,-4557.282983668458,-1028.3290533633517,5028.27695891093,-4557.282983668458,-41.7809,101.5581,6
906,STARLINK-31006,satellite,0,59,43.0206,268.1871,35.2973,327.2628,2.5601,6867.5365,482.4624,7.107271744558087,-6857.389209190796,209.07703306006962,-6470.921803416729,2269.58328635545,209.07703306006962,1.7573,160.6724,4
907,STARLINK-31178,satellite,0,11,43.0188,318.781,164.8979,35.4263,200.3242,6866.4955,485.2822,-5988.6570650586555,2929.4675422560763,-1626.0926228264848,4751.276132769601,4676.662125296498,-1626.0926228264848,-13.7899,44.5466,4
908,STARLINK-30863,satellite,0,11,42.9853,319.0448,100.7193,339.2235,79.9428,6858.899,486.826,4140.685274897016,2944.433593191406,4602.193887429352,1402.9920483992075,-4883.295715251292,4602.193887429352,42.348,-73.9704,80
909,STARLINK-31206,satellite,0,63,43.0172,253.6009,157.966,32.4427,190.4087,6867.298,483.9357,1035.839461942527,6730.17939400981,-845.7456407709473,6004.722317042851,-3211.166137352468,-845.7456407709473,-7.1239,-28.1367,7
910,STARLINK-31224,satellite,0,11,43.0227,318.3882,27.9454,327.7316,355.677,6867.6093,483.184,4864.213337915446,-4826.163345138072,-352.87627035229576,-6167.170419435286,-2986.374565983182,-352.87627035229576,-2.9665,-154.162,4
911,STARLINK-31186,satellite,0,11,43.0205,318.8098,145.2216,33.8989,179.1205,6867.5801,482.7816,-5111.716973552299,4575.735918529299,71.84718934093205,6013.100700178626,3302.97284023547,71.84718934093205,0.6038,28.7798,4
912,STARLINK-31211,satellite,0,11,43.0111,318.3407,59.2956,324.8562,24.1518,6866.0779,482.2475,6039.638240558729,-2626.8291722818276,1914.2789221872513,-4482.720949476119,-4825.212375253353,1914.2789221872513,16.3027,-132.8927,4
913,STARLINK-30862,satellite,0,54,42.9928,307.7244,83.9402,38.2663,122.2066,6861.184,485.5146,1120.4594227106438,5486.86132377216,3956.091933028401,4803.813364304871,-2878.2726877719147,3956.091933028401,35.4073,-30.9285,4
914,STARLINK-31210,satellite,0,60,42.9917,315.2465,77.6381,162.3643,240.0024,6860.8659,493.0849,-5498.177077243147,-671.6311812591354,-4053.382896476287,1191.553159699951,5409.366014975379,-4053.382896476287,-36.3664,77.5775,4
915,STARLINK-31231,satellite,0,60,42.983,315.1807,82.8075,178.3705,261.178,6858.8723,495.3982,-4244.17045619584,-2777.6114308892115,-4624.252014366139,-1211.2774489189653,4925.5370330546075,-4624.252014366139,-42.5323,103.8159,7
916,STARLINK-31207,satellite,0,60,42.9854,315.1061,97.2434,185.0644,282.3078,6859.1487,494.9402,-2425.8285060259204,-4507.740956352629,-4572.104064738675,-3446.8980013870973,3784.6091790646624,-4572.104064738675,-41.9474,132.3262,15
917,STARLINK-31217,satellite,0,18,43.0099,220.7357,61.9445,322.4304,24.3748,6866.9905,483.3997,-3383.626168298966,-5646.154328279175,1931.1520785630082,-4202.823479794225,5065.990479978576,1931.1520785630082,16.4476,129.6796,6
918,STARLINK-31208,satellite,0,11,42.9947,319.0905,96.8688,321.8094,58.6782,6861.065,485.4847,5499.08828898693,903.5063642100928,3994.138145309693,-973.1282018517251,-5487.195755848535,3994.138145309693,35.7993,-100.0566,111
919,STARLINK-31235,satellite,0,60,42.989,315.0606,102.4434,194.2034,296.6468,6860.3988,493.3899,-990.7311390409908,-5350.722245388706,-4182.905850303257,-4718.456495969228,2710.709322817335,-4182.905850303257,-37.7215,150.123,17
920,STARLINK-31220,satellite,0,11,42.9867,318.5396,99.3416,185.8092,285.1508,6859.2325,494.732,-1864.3825664560886,-4819.589960526866,-4517.122662527914,-3927.4347048099517,3358.515502595026,-4517.122662527914,-41.3344,139.4648,13
921,STARLINK-31225,satellite,0,60,43.0161,314.8726,48.5831,325.8193,14.4024,6867.0292,482.2093,5571.754428490388,-3828.3863232650237,1163.9918686920946,-5460.835112692265,-3985.005536200946,1163.9918686920946,9.8295,-143.8802,6
922,STARLINK-31240,satellite,0,60,43.0188,315.3891,128.0248,34.2579,162.2827,6866.7502,482.0806,-3579.6475831698253,5675.198478807481,1424.1238909295591,6541.656357951934,1492.8116719865748,1424.1238909295591,12.0558,12.8548,5
923,STARLINK-31202,satellite,0,60,43.0142,314.5661,113.2515,35.1587,148.4103,6863.9372,481.7728,-2227.700099765833,6004.468968487974,2450.3998954969175,6403.48212741298,108.22186440030337,2450.3998954969175,21.0571,0.9682,5
924,STARLINK-31234,satellite,0,60,43.0196,315.3363,163.5286,34.1033,197.632,6866.7607,484.7885,-5719.513528895442,3516.165568214182,-1418.062559256871,5215.365993868993,4228.0270647558345,-1418.062559256871,-11.9989,39.0312,4
925,STARLINK-31153,satellite,0,60,43.0056,315.0002,26.1969,291.5811,317.778,6863.5137,489.2506,1208.9421712471017,-5978.5078413993415,-3145.63293985338,-6040.819734905654,844.1528969727344,-3145.63293985338,-27.4268,172.0449,8
926,STARLINK-31241,satellite,0,60,43.0253,315.3652,147.3315,29.3363,176.6678,6867.3763,481.932,-4668.539244081248,5019.044117057802,272.06790629082116,6284.161129858534,2737.769423540696,272.06790629082116,2.2872,23.5409,4
927,STARLINK-31205,satellite,0,60,43.008,315.2972,149.7942,69.1428,218.937,6863.9133,488.9037,-6012.999729216349,1513.3616157635906,-2942.050760010961,3423.546495837873,5169.6961723546865,-2942.050760010961,-25.5223,56.4861,4
928,STARLINK-31265,satellite,0,39,43.0103,242.3089,62.4409,325.4788,27.9196,6865.5544,482.6483,-736.9222104116274,-6457.439234049615,2190.60439750128,-5846.671616612881,2838.6628565461165,2190.60439750128,18.7349,154.1026,5
929,STARLINK-31276,satellite,0,39,43.0155,241.8917,168.3292,36.5566,204.8858,6865.9768,485.9432,1070.5050096869606,6485.707628892267,-1970.005279940428,5762.60543941637,-3162.714494361623,-1970.005279940428,-16.7816,-28.7595,10
930,STARLINK-31259,satellite,0,39,43.0251,241.9274,153.4144,30.1925,183.6069,6867.5748,483.3046,2944.071993148131,6190.681097520419,-294.5264297042149,4862.383122818753,-4832.113690608198,-294.5264297042149,-2.4756,-44.8211,8
931,STARLINK-31281,satellite,0,39,43.0189,241.9537,129.8834,32.5808,162.4643,6866.7752,482.1467,4408.905739012421,5062.061585705627,1410.0083158395796,3311.5117284027656,-5839.247159148529,1410.0083158395796,11.9344,-60.4419,10
932,STARLINK-31274,satellite,0,39,43.0171,242.3516,31.7169,327.8366,359.5535,6867.5727,482.6203,-3218.2270696277733,-6059.015322876511,-36.47503092997573,-4647.178174232244,5047.017651195287,-36.47503092997573,-0.3065,132.6382,4
933,STARLINK-31257,satellite,0,39,42.9796,242.1328,90.8763,0.762,91.6383,6858.621,486.6898,4523.224106808886,-2169.9141106122975,4671.314965423403,-3548.345183163079,-3546.4531618188303,4671.314965423403,43.1361,-135.0153,37
934,STARLINK-31292,satellite,0,39,43.0064,241.9909,106.7145,34.4904,141.2049,6864.0663,483.0748,5283.679273686998,3243.0909137689105,2930.4513620530033,1305.3018869394682,-6060.618147195243,2930.4513620530033,25.4379,-77.8456,59
935,STARLINK-31286,satellite,0,39,42.9931,242.0445,85.1109,34.7972,119.9081,6860.8577,485.6605,5442.43477184017,981.8591411806715,4052.74667090706,-880.4122253639936,-5459.763541792321,4052.74667090706,36.4056,-99.1604,115
936,STARLINK-31252,satellite,0,56,43.0158,159.0675,115.2523,38.3582,153.6106,6865.898,482.6709,4942.250164833179,-4276.9765376276755,2079.7194304169857,-5675.027584238915,-3242.287296545239,2079.7194304169857,17.7546,-150.2596,8
937,STARLINK-31261,satellite,0,39,43.0053,242.4045,17.2384,307.0402,324.2786,6864.5172,488.1855,-5177.8414159024005,-3580.584203106116,-2732.951170001733,-1658.7912082838122,6072.811267533973,-2732.951170001733,-23.5978,105.2777,8
938,STARLINK-31290,satellite,0,24,43.0119,228.0324,168.1546,40.2311,208.3858,6865.5358,486.9007,2263.6469668533123,6084.439963617214,-2225.586336216232,4988.030884149556,-4155.003629381886,-2225.586336216232,-19.033,-39.7941,12
939,STARLINK-31279,satellite,0,39,42.9892,242.6442,72.8933,173.5561,246.4494,6860.0431,493.6218,-2827.469242375062,4550.466260748897,-4290.065890451943,5231.015434295193,1156.6343557739126,-4290.065890451943,-38.8614,12.4681,4
940,STARLINK-31266,satellite,0,39,42.979,242.1073,80.7463,17.9509,98.6972,6858.8151,486.8749,4866.65928975986,-1403.115227623917,4619.708715001305,-2939.0273817630973,-4124.951276541678,4619.708715001305,42.5461,-125.4699,67
941,STARLINK-31313,satellite,0,39,42.9795,242.1549,101.1155,343.4223,84.5378,6858.7249,487.0537,4109.693967017628,-2908.931984243454,4652.301635674562,-4108.189421761615,-2911.0564175950985,4652.301635674562,42.9158,-144.6787,15
942,STARLINK-31307,satellite,0,39,42.9848,242.0894,77.8142,28.02,105.8342,6859.2826,486.716,5139.211350864516,-605.4673332736552,4496.838501993808,-2277.080348185638,-4646.825700241292,4496.838501993808,41.1676,-116.1062,80
943,STARLINK-31316,satellite,0,38,42.9805,195.4618,86.9049,0.0204,86.9253,6858.6176,486.9342,980.7048633649342,-4924.683441709253,4666.755300622033,-4970.986510228743,709.6352198114108,4666.755300622033,43.082,171.8756,4
944,STARLINK-31310,satellite,0,39,43.0125,242.7309,171.9508,39.1915,211.1423,6865.1768,487.1693,384.40768312684384,6409.871953119527,-2421.0574568139114,5918.817514436068,-2490.3467535747172,-2421.0574568139114,-20.7762,-22.819,5
945,STARLINK-31343,satellite,0,39,42.984,242.5223,96.8276,185.0427,281.8703,6858.9703,495.0496,-5010.801723125676,1014.6304198927686,-4579.5176416557815,2620.4179823804593,4389.87680864374,-4579.5176416557815,-42.0299,59.1661,4
946,STARLINK-31295,satellite,0,39,43.0006,242.2748,78.3032,323.745,42.0481,6863.5555,483.6511,604.2123617765394,-6070.137333422348,3132.261573491693,-5926.515614501575,1445.009514086457,3132.261573491693,27.3249,166.2974,4
947,STARLINK-31291,satellite,0,39,42.9894,242.2385,90.7105,325.4966,56.2071,6861.3629,484.8228,1911.8548649152067,-5315.690369734926,3885.0953695049957,-5648.9147718755075,-38.92340528868329,3885.0953695049957,34.6851,-179.6052,4
948,STARLINK-31312,satellite,0,5,43.0249,347.9022,32.2986,328.9788,1.2774,6867.5354,482.79,6730.317096327078,-1328.2287488590723,104.36139083953056,-3487.022121175155,-5907.794559126392,104.36139083953056,0.877,-120.5508,4
949,STARLINK-31308,satellite,0,71,42.9979,351.7974,98.2751,131.2673,229.5423,6862.3641,490.9541,-4952.879298768654,-3144.9255036538702,-3561.391300823776,-1322.5105895045774,5715.989460482925,-3561.391300823776,-31.4174,103.0273,8
950,STARLINK-31270,satellite,0,55,43.0124,38.6563,104.5854,37.7462,142.3316,6864.2258,483.2332,-6153.00748910137,-997.8580783258941,2858.6721332238194,1101.192709967088,6135.356266830243,2858.6721332238194,24.7723,79.8247,3
951,STARLINK-31341,satellite,0,81,42.9874,42.3328,97.6182,329.4543,67.0724,6859.9824,485.6545,-1136.0445991726303,5212.713745511839,4304.955035273775,5294.2494726565565,-658.7142363978029,4304.955035273775,39.0755,-7.0923,16
952,STARLINK-31338,satellite,0,81,42.9819,42.2631,92.1658,356.1972,88.363,6858.6284,486.4417,-3226.2307696995385,3841.32542246694,4671.349654275774,4694.451756090999,1768.1823125404878,4671.349654275774,43.1385,20.6391,14
953,STARLINK-31334,satellite,0,81,42.9991,42.1288,93.0615,37.7423,130.8038,6862.4976,484.2702,-5869.319115962815,-190.4112635315538,3539.6360342259304,1768.6863853139096,5599.724261487473,3539.6360342259304,31.2381,72.4712,5
954,STARLINK-31297,satellite,0,55,42.9941,38.7108,84.7276,36.3951,121.1227,6861.0129,485.0697,-5449.800188222118,1133.565950479238,4002.2534347404303,2878.333730393152,4764.502995288467,4002.2534347404303,35.8857,58.863,5
955,STARLINK-31182,satellite,0,55,43.0143,38.2229,10.6999,315.4876,326.1875,6864.8123,487.7066,6207.245932624437,1334.2559159348532,-2605.2244304830056,-801.8735225404098,-6298.1854348009165,-2605.2244304830056,-22.4358,-97.2558,3
956,STARLINK-31327,satellite,0,55,42.9871,38.7544,80.7838,26.1541,106.9379,6859.3848,485.9793,-4560.228059019386,2490.6904156967917,4471.211439316279,3863.216217917767,3474.8782929375698,4471.211439316279,40.8888,41.9707,5
957,STARLINK-31256,satellite,0,55,42.9977,38.2718,92.3535,212.509,304.8625,6861.6421,491.6764,5630.948662027777,-803.601667707525,-3840.4080407086913,-2627.210666217916,-5044.910563136431,-3840.4080407086913,-34.1922,-117.5089,3
958,STARLINK-31272,satellite,0,55,42.9854,38.3345,101.208,182.5965,283.8045,6859.1177,495.1585,4309.09468361373,-2808.9780987822046,-4544.713300918553,-4080.0935116435853,-3132.330105214027,-4544.713300918553,-41.6389,-142.4862,4
959,STARLINK-31278,satellite,0,55,42.9873,38.4068,85.4681,177.1257,262.5938,6858.8217,495.2951,2399.7936774970067,-4451.191489210723,-4640.831899388052,-4995.404243062954,-786.1627163413567,-4640.831899388052,-42.7213,-171.0563,9
960,STARLINK-31309,satellite,0,55,42.9902,38.4768,76.8916,164.4309,241.3226,6860.719,493.0321,162.0861974771094,-5497.489369058332,-4105.956863780927,-5239.575536835516,1671.9777187859845,-4105.956863780927,-36.9147,162.3018,17
961,STARLINK-31325,satellite,0,55,42.9996,38.5168,114.2168,112.9398,227.1565,6862.8024,490.6341,-1359.683968524046,-5786.086556085197,-3432.025523287072,-5006.662179858806,3203.259581355003,-3432.025523287072,-30.1581,147.3889,15
962,STARLINK-31342,satellite,0,55,43.0147,38.5594,163.1382,42.807,205.9452,6865.9082,486.5764,-3457.1372590934925,-5563.337273661515,-2048.294775845802,-4100.300542893234,5107.842509971647,-2048.294775845802,-17.4674,128.7556,6
963,STARLINK-31298,satellite,0,55,43.0218,38.588,150.7554,33.9023,184.6577,6867.6111,483.3423,-5091.461434184523,-4583.831327883966,-380.1376943728248,-2633.82591494077,6324.353739953611,-380.1376943728248,-3.1958,112.6097,4
964,STARLINK-31322,satellite,0,55,43.0019,38.9456,83.3525,319.8335,43.186,6863.3766,483.7162,1731.260257029291,5812.025129104533,3200.6229551066413,4907.786473534691,-3562.3770307340606,3200.6229551066413,27.9718,-35.9745,2
965,STARLINK-31329,satellite,0,55,42.9826,38.8208,93.3721,352.3151,85.6871,6858.6805,486.5231,-2733.096082125094,4219.07690449121,4660.171820702579,4887.089609996728,1177.6159238056794,4660.171820702579,43.0099,13.548,17
966,STARLINK-31340,satellite,0,44,42.98,359.0513,91.2468,355.0,86.2468,6858.438,486.9369,531.5345415594076,4996.298515145625,4663.4318851612625,4536.558030968841,-2159.900241439235,4663.4318851612625,43.0439,-25.4596,10
967,STARLINK-31344,satellite,0,55,42.9911,38.8915,97.6311,326.7876,64.4186,6860.3011,485.4349,-535.7359754208188,5378.877495567756,4216.395467389433,5251.720978020173,-1280.141756489569,4216.395467389433,38.1285,-13.6991,13
968,STARLINK-31348,satellite,0,71,43.0031,351.8149,152.5948,69.8102,222.405,6863.2877,489.1608,-5497.678558456424,-2628.6110529166203,-3156.4816490595053,-654.6278182770678,6058.508728983126,-3156.4816490595053,-27.5297,96.1669,4
969,STARLINK-31289,satellite,0,55,43.0209,38.6152,127.5487,36.0533,163.602,6866.8781,482.0785,-6025.190081345598,-3000.5279316164356,1321.1890513033136,-830.3506253921452,6679.565945753261,1321.1890513033136,11.1729,97.0862,4
970,STARLINK-31283,satellite,0,71,42.9823,351.6951,87.8511,177.009,264.8601,6858.9218,495.5328,-1330.8327211129088,-4859.847288741202,-4660.720916769483,-4142.519466429977,2868.5822058499034,-4660.720916769483,-42.946,145.2985,15
971,STARLINK-31439,satellite,0,88,43.0076,20.7943,2.3574,317.5882,319.9456,6863.9007,488.2083,6056.835091616419,-1154.124172410754,-3012.087614281393,-3099.229482309884,-5330.293664364102,-3012.087614281393,-26.1774,-120.1753,4
972,STARLINK-31410,satellite,0,41,43.0129,24.2303,15.3883,314.5115,329.8998,6865.2801,487.0891,6447.047878136964,141.78873551505805,-2347.8289746858895,-2006.3270690948473,-6128.55464855512,-2347.8289746858895,-20.1209,-108.1271,4
973,STARLINK-31395,satellite,0,41,43.0183,24.5669,171.1118,38.5329,209.6447,6865.3848,486.8755,-4392.60877453122,-4736.786831521824,-2315.7444820817186,-3010.0903771167227,5715.90038882384,-2315.7444820817186,-19.8352,117.7721,7
974,STARLINK-31486,satellite,0,88,42.9957,20.8437,123.8989,174.9145,298.8134,6860.795,492.473,4656.135079421514,-2933.3736317300845,-4100.712877309946,-4312.634494245943,-3418.3999854009157,-4100.712877309946,-36.8634,-141.598,4
975,STARLINK-31411,satellite,0,41,43.0139,23.8028,114.5464,32.1356,146.682,6864.9603,482.6659,-6354.767916244771,207.20116124385845,2569.680220348453,2304.8965670263347,5925.661094415114,2569.680220348453,22.1309,68.7455,5
976,STARLINK-31382,satellite,0,41,43.0252,23.757,142.9895,32.0822,175.0717,6867.5225,482.5106,-6429.589169875473,-2359.2649719028004,402.1506561978816,-91.20952686165433,6848.169749884795,402.1506561978816,3.3815,90.7631,4
977,STARLINK-31394,satellite,0,83,42.9851,13.626,95.9847,346.1341,82.1188,6858.7872,486.6041,-256.7027430408462,5048.88102378075,4629.624180033443,4847.811761702946,-1433.812056607361,4629.624180033443,42.6609,-16.4764,14
978,STARLINK-31403,satellite,0,94,43.01,2.7195,168.9937,46.9043,215.898,6864.4069,488.0598,-5413.397607513669,-3202.8929526370403,-2744.834414923917,-1224.323654598699,6169.637632136657,-2744.834414923917,-23.707,101.2241,5
979,STARLINK-31514,satellite,0,41,43.0203,24.1944,26.7365,324.2411,350.9776,6867.3758,483.6911,6503.837745306973,2059.722488017598,-734.1312067142721,-215.99491252102067,-6818.776161650281,-734.1312067142721,-6.1801,-91.8143,4
980,STARLINK-31478,satellite,0,41,42.9993,24.0868,83.668,323.949,47.6171,6862.6955,484.5201,2707.993438179201,5268.353489396432,3454.3561595135684,4070.718686484168,-4303.257641132563,3454.3561595135684,30.4046,-46.5907,4
981,STARLINK-31498,satellite,0,41,42.9869,24.4092,87.9667,178.1979,266.1646,6858.6896,495.5545,1652.1638830481456,-4751.62015134234,-4669.453998977724,-5030.624818755553,18.801383246768516,-4669.453998977724,-43.0455,179.7859,9
982,STARLINK-31563,satellite,0,41,42.9884,23.8955,78.7986,32.5297,111.3283,6859.858,486.187,-4172.008917612193,3260.9692656867414,4354.386379605351,4460.950779555135,2852.9803894831834,4354.386379605351,39.6067,32.6008,9
983,STARLINK-31551,satellite,0,88,43.0193,20.3311,136.9715,35.4694,172.441,6867.4573,482.514,-6606.422456330789,-1744.2014770124272,615.7124354732467,547.6779530629258,6810.807978768222,615.7124354732467,5.1812,85.4026,4
984,STARLINK-31536,satellite,0,41,43.0145,24.1318,60.8053,325.5875,26.3928,6866.0819,482.7599,4695.62645911881,4546.400387613716,2079.939813881542,2729.9134828740557,-5938.538263250752,2079.939813881542,17.7563,-65.312,13
985,STARLINK-31548,satellite,0,41,43.0013,24.5171,100.4552,130.369,230.8242,6862.1614,491.1329,-2329.978507186489,-5339.342821049701,-3628.653936566273,-4263.163592137331,3970.2415280837386,-3628.653936566273,-32.0786,137.0376,19
986,STARLINK-31542,satellite,0,41,43.0226,23.7387,156.4692,32.7472,189.2164,6867.353,483.7542,-5876.553447673354,-3462.0688872204987,-749.8191499627128,-1315.0607925253591,6692.564270530716,-749.8191499627128,-6.3126,101.1167,3
987,STARLINK-31554,satellite,0,41,42.9953,24.2748,85.7637,222.8569,308.6206,6862.0956,491.7667,5517.84962310904,-1814.263152528207,-3657.0095655012797,-3543.0229269180563,-4602.738727018858,-3657.0095655012797,-32.3558,-127.5878,4
988,STARLINK-31558,satellite,0,41,43.0215,23.7644,131.7377,36.3401,168.0778,6867.1627,482.5459,-6560.6733512710925,-1756.6271434556763,966.9237095994632,520.7705814582564,6771.777591200966,966.9237095994632,8.1526,85.6024,4
989,STARLINK-31275,satellite,0,41,42.9878,24.3363,100.5008,186.912,287.4127,6859.4085,494.6249,3845.6698506638577,-3518.5761881516387,-4465.494005794497,-4595.623744510684,-2459.633588773394,-4465.494005794497,-40.7632,-151.8438,4
990,STARLINK-31590,satellite,0,41,42.993,24.4756,78.1291,166.8503,244.9794,6860.2098,494.0712,-757.3552992206602,-5343.389854287896,-4241.3877802070565,-4789.008199575229,2488.132361544631,-4241.3877802070565,-38.3377,152.5458,18
991,STARLINK-31567,satellite,0,41,42.9802,23.9672,89.5488,0.5516,90.1004,6858.6056,486.9493,-2048.1948626348258,4577.835327139249,4673.439049839691,4998.155083014337,412.46120286125495,4673.439049839691,43.1584,4.7175,19
992,STARLINK-31503,satellite,0,41,42.9835,24.0374,97.8104,331.0143,68.8247,6859.8008,485.5634,356.68353507991225,5279.314392366411,4358.107603173016,4861.567595537584,-2088.9097902166945,4358.107603173016,39.6514,-23.2521,10
993,STARLINK-31305,satellite,0,28,42.9838,74.8812,96.4078,183.8657,280.2735,6858.9308,495.4064,5089.025313652048,-106.86640421865935,-4604.721066266698,-1790.0919249540539,-4764.994225763158,-4604.721066266698,-42.3113,-110.59,4
994,STARLINK-31459,satellite,0,28,43.021,75.125,160.1052,35.3569,195.4621,6866.9551,484.5061,-405.1258404056472,-6735.291263564475,-1248.13555395406,-6218.907625117418,2617.9120118653263,-1248.13555395406,-10.5442,157.1708,6
995,STARLINK-31438,satellite,0,61,42.9875,64.0974,81.206,15.0613,96.2674,6858.7483,486.8403,-4810.7254593887865,1504.2981220697907,4646.160892928627,3015.905969964029,4038.6016721149267,4646.160892928627,42.8474,53.2487,4
996,STARLINK-31467,satellite,0,28,43.0149,75.1017,162.1851,47.3958,209.5809,6865.4111,487.1872,859.3683048652617,-6404.626341280365,-2311.1673736284547,-6326.736644949954,1315.353899251721,-2311.1673736284547,-19.7934,168.2553,7
997,STARLINK-31444,satellite,0,57,43.0208,5.5687,124.7854,33.2688,158.0542,6864.8251,480.8726,-6512.501506118707,1247.6706713368976,1748.5716442186156,3338.728674099774,5729.070501578477,1748.5716442186156,14.861,59.7677,5
998,STARLINK-31505,satellite,0,28,43.0245,75.165,141.5833,32.668,174.2513,6867.5059,482.2771,-2233.275073100041,-6469.664197834151,468.8630471764512,-5361.494041583108,4254.227782681111,468.8630471764512,3.9434,141.5688,5
999,STARLINK-31494,satellite,0,28,42.988,74.8541,103.2534,191.1661,294.4195,6860.1811,493.9444,5154.303847574999,1544.5465019318929,-4261.395482917718,-253.9861749210691,-5374.752373152223,-4261.395482917718,-38.5521,-92.7055,7
1000,STARLINK-31303,satellite,0,61,43.026,64.2657,37.7979,326.4347,4.2326,6867.5609,482.5365,2637.2977956318637,6324.032366910516,345.49696257211843,5090.005804327643,-4586.999667809823,345.49696257211843,2.9047,-42.0245,7
1001,STARLINK-31408,satellite,0,28,42.9842,75.4113,100.479,334.6024,75.0814,6859.2342,486.6682,-4245.24577624074,2928.639569794474,4516.506620435488,4171.775523459088,3032.3803211872123,4516.506620435488,41.3868,36.0127,8
1002,STARLINK-31427,satellite,0,28,42.9964,75.4471,90.1022,323.7283,53.8305,6861.7704,485.0097,-2901.7177297810563,4934.0601327528175,3774.740291850788,5617.505363538641,1099.3401055001502,3774.740291850788,33.5674,11.0728,12
1003,STARLINK-31423,satellite,0,28,42.9828,75.3585,89.8686,359.5374,89.406,6858.5639,487.3141,-4834.105135547607,1336.388479063982,4673.671700505875,2865.277919839701,4116.392725503941,4673.671700505875,43.1582,55.1596,4
1004,STARLINK-31433,satellite,0,28,42.9974,75.0534,88.2912,142.4168,230.708,6862.243,491.5593,2632.6206586641897,-5201.593256828962,-3622.621061146953,-5780.54298644577,-756.6946040290079,-3622.621061146953,-32.0168,-172.5422,7
1005,STARLINK-31285,satellite,0,28,43.0015,74.7914,42.487,273.0865,315.5735,6863.241,489.901,4676.180923160644,3807.958250616463,-3276.5181826009516,2039.7972607772579,-5675.071911394174,-3276.5181826009516,-28.6664,-70.23,13
1006,STARLINK-31284,satellite,0,28,42.9878,74.9947,76.9512,175.0332,251.9844,6859.5182,494.6725,4062.2767806153593,-3286.633191132553,-4450.576129279094,-4448.734294735201,-2740.9512126682826,-4450.576129279094,-40.5984,-148.362,4
1007,STARLINK-31424,satellite,0,0,43.0193,71.6509,165.2047,34.6389,199.8436,6866.5732,485.0987,-415.5001276861664,-6662.583025079694,-1589.1951359046097,-6146.878367932075,2603.562799710433,-1589.1951359046097,-13.4715,157.0445,7
1008,STARLINK-31405,satellite,0,28,43.0013,75.2279,95.8141,35.9603,131.7744,6862.6179,484.1754,-4780.872618756374,-3463.4417137990217,3487.550069903604,-1680.0633877943696,5659.466274716234,3487.550069903604,30.7294,106.534,4
1009,STARLINK-31426,satellite,0,28,42.9879,75.2811,79.4691,31.0327,110.5018,6859.7475,486.2909,-5153.201186842275,-1128.844261870408,4378.424590660944,645.7513051628501,5235.721258003606,4378.424590660944,39.8675,82.9689,4
1010,STARLINK-31407,satellite,0,61,43.0202,63.8871,153.7217,34.5494,188.2711,6867.4149,483.6091,-2340.6325550479505,-6414.720122839479,-673.4419888172279,-5274.028437769049,4337.259393870212,-673.4419888172279,-5.6675,140.5668,5
1011,STARLINK-31393,satellite,0,72,42.9995,60.5196,91.1774,37.8339,129.0113,6862.1952,484.4065,-5515.956202212791,-1839.643748241574,3633.4260413863653,95.6707852786071,5813.854921308085,3633.4260413863653,32.1612,89.0572,4
1012,STARLINK-31425,satellite,0,28,42.9828,74.9203,91.3541,181.8443,273.1984,6858.7011,495.4979,4940.371754501361,-934.5276965885683,-4672.2354091001525,-2521.478237457841,-4350.030182239256,-4672.2354091001525,-43.0778,-120.0986,4
1013,STARLINK-31463,satellite,0,56,43.0175,158.3161,9.4417,328.3149,337.7566,6866.3636,485.5073,-5200.345353900503,4111.665247725212,-1772.1654914035564,5604.763590406009,3540.6225448139667,-1772.1654914035564,-15.0557,32.2813,4
1014,STARLINK-31487,satellite,0,78,43.0032,162.528,80.0635,323.1784,43.2419,6863.4689,483.441,-5796.00996065087,-1777.1658819943473,3203.8922442920657,247.5689556141003,6057.289793984187,3203.8922442920657,28.004,87.6596,4
1015,STARLINK-31386,satellite,0,78,43.011,162.2343,106.2712,36.1942,142.4653,6864.3168,483.3996,4246.626554903613,-4568.735720572892,2850.0243377837396,-5719.333536384742,-2489.258339513205,2850.0243377837396,24.6918,-156.4796,9
1016,STARLINK-31409,satellite,0,22,42.9943,155.3631,85.7344,37.2437,122.978,6861.3195,485.2512,1638.5987759264005,-5379.6891538038435,3922.209847957045,-5618.578255833835,240.0827421816037,3922.209847957045,35.0615,177.5532,4
1017,STARLINK-31489,satellite,0,78,42.9991,162.0848,110.166,117.3349,227.5009,6862.661,490.6781,5550.369700659269,2095.1638867656793,-3451.0588041442197,133.93744271300713,-5931.136171750151,-3451.0588041442197,-30.3424,-88.7064,9
1018,STARLINK-31502,satellite,0,22,42.9812,155.0417,81.8476,182.5379,264.3855,6858.7879,495.894,2717.6101365847508,4247.506510319158,-4657.253447503146,3104.563386623075,-3973.4622922724816,-4657.253447503146,-42.9036,-51.9986,11
1019,STARLINK-31447,satellite,0,78,42.9932,162.2638,91.0545,37.2259,128.2805,6862.1363,484.7076,2846.5902256190484,-5043.7930005200105,3670.3366613913904,-5702.716783078613,-1010.9129718616142,3670.3366613913904,32.5256,-169.9477,9
1020,STARLINK-31504,satellite,0,78,42.9846,162.3996,81.1321,4.703,85.8351,6858.7227,487.2531,-1987.0154520302008,-4617.099706155125,4661.7305576697745,-3695.7184431859037,3406.9789098085257,4661.7305576697745,43.022,137.3279,7
1021,STARLINK-31474,satellite,0,22,42.9833,155.4506,83.5562,11.0835,94.6397,6858.7416,487.1363,-1572.4245126617834,-4777.162410983725,4658.578125596157,-3984.327381590282,3069.028325911217,4658.578125596157,42.9869,142.3938,7
1022,STARLINK-31500,satellite,0,78,42.9852,162.3272,78.9285,28.1508,107.0793,6859.4518,486.0223,463.05926744902405,-5178.493769259276,4467.719251188962,-5038.574587588825,1282.180848683866,4467.719251188962,40.8498,165.7228,4
1023,STARLINK-31480,satellite,0,78,43.0193,162.1599,155.9477,29.0866,185.0343,6867.4972,483.5873,6641.377427179333,-1674.9802704386518,-410.79215661492816,-3784.5889630142105,-5708.794918162408,-410.79215661492816,-3.4537,-123.542,4
1024,STARLINK-31282,satellite,0,78,42.9876,162.4657,95.8987,328.6133,64.512,6860.3766,485.2488,-4176.661272815068,-3427.5103212183376,4219.276131551105,-1846.7353202232575,5077.587522330986,4219.276131551105,38.1604,109.9865,4
1025,STARLINK-31485,satellite,0,78,43.0155,162.5659,58.7336,323.2875,22.0211,6866.4226,482.193,-6629.8173989563475,111.07803355182108,1754.4325200216945,2305.5255601832573,6217.022515994592,1754.4325200216945,14.909,69.6532,5
1026,STARLINK-31455,satellite,0,56,43.018,159.1177,55.2394,324.0585,19.298,6866.6852,481.9831,-6639.169043601503,759.0605428869837,1546.4575173818707,2919.870511096721,6010.748264210718,1546.4575173818707,13.1089,64.0907,5
1027,STARLINK-31475,satellite,0,56,43.012,159.0958,68.0837,325.4672,33.5509,6864.8839,483.0922,-6328.271464771495,-549.7697767563765,2585.6016139451945,1582.0518711112156,6151.941028357588,2585.6016139451945,22.2738,75.5781,5
1028,STARLINK-31445,satellite,0,20,42.9882,169.3902,96.9612,325.8202,62.7815,6860.5767,485.9185,-3903.460448735898,-3806.2660949921396,4157.211884160517,-2294.703047438746,4945.604410464661,4157.211884160517,37.4983,114.8908,5
1029,STARLINK-31495,satellite,0,22,42.9829,154.9688,91.3857,194.1942,285.5799,6859.3602,495.7794,376.1995076253762,5163.136704437255,-4508.234638811491,4745.499134977184,-2068.7543735725526,-4508.234638811491,-41.2279,-23.5543,4
1030,STARLINK-31477,satellite,0,22,43.0195,154.789,49.6356,327.9774,17.613,6866.771,482.2236,-6561.506799941852,1411.8847227402791,1416.0508144365506,3509.898629764151,5720.786795954757,1416.0508144365506,11.9862,58.4695,5
1031,STARLINK-31446,satellite,0,78,42.9873,162.0232,76.1189,172.5514,248.6703,6859.7862,494.224,3818.1337773289692,3678.09042763077,-4359.361801363938,2202.1190823478687,-4822.5684321291765,-4359.361801363938,-39.6051,-65.4572,14
1032,STARLINK-31479,satellite,0,75,42.9975,166.3807,90.069,146.2126,236.2815,6861.4539,491.7661,4685.7236081956235,3160.6057432120633,-3892.986969866439,1425.9831742981785,-5469.18699470455,-3892.986969866439,-34.7252,-75.3866,12
1033,STARLINK-31349,satellite,0,78,43.014,162.1864,129.1094,34.5582,163.6676,6866.9603,482.879,5836.237808159959,-3356.947723934188,1316.026100150148,-5103.922332260705,-4390.984696041782,1316.026100150148,11.1274,-139.2941,4
1034,STARLINK-31464,satellite,0,78,43.013,162.1256,171.3687,34.8617,206.2304,6865.823,486.2892,6539.382374167342,221.33141791361265,-2069.067861301299,-1961.9447329413795,-6242.057537143481,-2069.067861301299,-17.651,-107.4485,4
1035,STARLINK-31402,satellite,0,0,43.0209,71.0281,22.5442,325.9406,348.4848,6867.2612,483.919,3132.9032767471585,6032.733719094928,-934.5508351375578,4650.7097354927955,-4957.807784006006,-934.5508351375578,-7.8764,-46.8306,12
1036,STARLINK-31578,satellite,0,66,42.9946,118.1744,89.7198,37.3663,127.0861,6861.8967,484.7907,-1574.4297992865386,-5533.653377249674,3729.9499518603193,-4697.258263797739,3322.034571706325,3729.9499518603193,33.1195,144.731,5
1037,STARLINK-31565,satellite,0,34,43.0206,126.3017,29.0355,328.0323,357.0678,6867.568,483.044,-3849.93875459269,5674.158556973892,-239.46201595049058,6630.397657854205,1748.1220330732722,-239.46201595049058,-2.0126,14.7701,5
1038,STARLINK-31570,satellite,0,66,43.0039,119.008,102.9032,37.5117,140.4149,6863.9696,483.4673,-231.92058988622878,-6171.661045540906,2980.403359407006,-5744.731189470717,2267.4326410684416,2980.403359407006,25.9012,158.461,4
1039,STARLINK-31611,satellite,0,66,42.9989,119.0267,94.7454,38.5791,133.3244,6862.8724,484.1474,-907.2073760871231,-5884.053775634722,3401.965621214957,-5249.27257840734,2808.95914092193,3401.965621214957,29.8986,151.8481,6
1040,STARLINK-31632,satellite,0,19,42.9935,129.8662,95.0701,208.0913,303.1615,6861.2934,492.0897,819.0913202508456,5575.223994568619,-3917.9053581191392,4987.203848610984,-2623.324408631866,-3917.9053581191392,-34.9774,-27.7449,4
1041,STARLINK-31599,satellite,0,66,43.009,118.4595,70.2916,324.6891,34.9807,6864.6563,483.0644,-5205.23886872042,3569.922489399649,2681.8254128607355,5095.363033634124,3725.0682968549836,2681.8254128607355,23.1492,36.1694,4
1042,STARLINK-31614,satellite,0,66,42.9863,118.7641,80.2079,180.4001,260.608,6858.9263,495.4995,4881.523770125289,1401.877286572897,-4617.258906392429,-298.0173417765477,-5070.080858221853,-4617.258906392429,-42.4523,-93.364,6
1043,STARLINK-31493,satellite,0,66,43.021,118.5276,24.5189,328.0887,352.6076,6867.4307,483.4729,-2682.589389742395,6286.520798395809,-602.3198243055607,6820.540085644985,443.69192322089265,-602.3198243055607,-5.0675,3.722,5
1044,STARLINK-31634,satellite,0,66,43.0114,118.8938,170.0751,41.1079,211.183,6865.1784,487.1823,5111.647150755032,-3884.820775297847,-2423.8547220778464,-5361.338544974099,-3532.253962582931,-2423.8547220778464,-20.8013,-146.6216,4
1045,STARLINK-31633,satellite,0,66,43.0034,118.8622,123.7019,101.5009,225.2027,6863.2389,490.4673,5453.766257388819,-2516.055188480615,-3321.836622462686,-4183.74979716123,-4309.331472104048,-3321.836622462686,-29.0973,-134.1529,4
1046,STARLINK-31594,satellite,0,19,42.9815,129.928,96.3456,185.6151,281.9607,6859.0342,494.7707,2853.90468582479,4243.426613535183,-4577.599688508069,3055.4723047779953,-4100.674380509383,-4577.599688508069,-42.0105,-53.3097,13
1047,STARLINK-31572,satellite,0,19,42.9787,129.9776,87.7675,180.0407,267.8082,6858.661,495.7868,4013.9743390613758,3022.884862848559,-4675.93172703563,1519.0562602072278,-4789.8111619360725,-4675.93172703563,-43.1178,-72.4039,12
1048,STARLINK-31573,satellite,0,66,42.9905,118.1916,84.2497,35.7597,120.0093,6860.8781,485.4017,-2207.5960346163774,-5073.80886538932,4048.2776552246332,-4053.3103576093386,3766.655253597556,4048.2776552246332,36.3607,137.0993,7
1049,STARLINK-31588,satellite,0,66,42.9797,118.3121,94.322,350.2556,84.5777,6858.7234,486.4481,-4702.432775888812,-1797.5205031932492,4652.215021299101,-134.64083375349657,5032.477105466019,4652.215021299101,42.9195,91.5325,4
1050,STARLINK-31596,satellite,0,66,42.99,118.384,102.1161,321.1604,63.2765,6860.4261,486.0139,-5406.584842797565,583.054131416386,4175.680930710139,2344.691758528683,4906.478608943257,4175.680930710139,37.6928,64.458,5
1051,STARLINK-31612,satellite,0,66,42.9902,118.6422,102.9937,192.99,295.9838,6860.3681,493.5667,2519.3928604086177,4802.386545651041,-4207.063912781822,3693.7782647030044,-3970.674885977914,-4207.063912781822,-37.9761,-47.069,10
1052,STARLINK-31550,satellite,0,66,43.0144,118.977,119.1543,35.4867,154.641,6865.939,482.5636,1123.6357659730104,-6462.634051716349,2003.9627003681428,-6469.177916624795,1085.3263583049586,2003.9627003681428,17.0882,170.4762,4
1053,STARLINK-31473,satellite,0,66,43.0197,118.5141,31.9501,327.6485,359.5987,6867.6101,482.6972,-3244.2356472600845,6045.237730745296,-32.78815104239267,6779.374822812884,1053.5849125677396,-32.78815104239267,-0.2755,8.8337,5
1054,STARLINK-31562,satellite,0,68,43.0182,133.6441,156.206,36.4933,192.6993,6867.1867,484.3411,5418.256609785998,-4082.930862507181,-1029.1475670280827,-5649.993415261012,-3755.7161134743,-1029.1475670280827,-8.6788,-146.3868,4
1055,STARLINK-31600,satellite,0,34,43.0118,126.3289,14.5715,321.2785,335.85,6866.1038,486.02,-2055.7135242213976,6260.96450578633,-1915.2173319918263,6588.343521442892,-139.15559580735533,-1915.2173319918263,-16.3017,-1.21,4
1056,STARLINK-31628,satellite,0,66,42.9902,118.8023,75.3905,171.1012,246.4917,6860.0734,493.8166,5353.2754416799835,-180.9968251893904,-4291.6509862084495,-1947.7359660223672,-4989.65353625736,-4291.6509862084495,-38.8771,-111.3234,4
1057,STARLINK-31605,satellite,0,27,43.017,180.783,161.332,35.6626,196.9946,6866.8854,485.0764,6542.041668981289,1556.0478582223502,-1368.3501255761726,-703.7919255088703,-6687.620732469387,-1368.3501255761726,-11.5719,-96.0076,1
1058,STARLINK-31532,satellite,0,31,42.983,191.4466,100.5695,337.156,77.7255,6858.9821,486.4236,-455.90148496528434,-5091.967510809055,4566.801014536135,-4651.908559603607,2120.3127241553825,4566.801014536135,41.9518,155.4968,6
1059,STARLINK-31593,satellite,0,31,42.9911,191.0686,74.9179,165.6005,240.5184,6860.7118,493.1834,2476.0689967973435,4937.687850212925,-4074.256710119108,3835.788947823324,-3974.7203839764343,-4074.256710119108,-36.5829,-46.0191,12
1060,STARLINK-31555,satellite,0,31,43.0048,191.5581,69.8479,325.3717,35.2196,6864.5823,482.784,-4909.216475792468,-3956.0123091243568,2697.448999145834,-2102.1010031760948,5944.039970304852,2697.448999145834,23.2929,109.4761,5
1061,STARLINK-31561,satellite,0,31,42.9863,191.0262,81.2925,173.3264,254.6189,6859.236,494.8688,861.0136891999291,5099.9296515874985,-4512.238757882793,4524.943582172959,-2505.0973239143427,-4512.238757882793,-41.279,-28.9698,4
1062,STARLINK-31413,satellite,0,31,43.0234,191.1941,147.62,29.2024,176.8224,6867.4936,482.641,6773.848661628187,1057.1191144840827,259.47473909705275,-1251.378048402291,-6740.666101567891,259.47473909705275,2.181,-100.517,3
1063,STARLINK-31422,satellite,0,31,42.9813,191.8203,99.0134,176.0915,275.1049,6858.6209,495.5036,-1622.2916762442221,4770.2850081448105,-4660.868165513592,5038.315363892652,-53.17551791642022,-4660.868165513592,-42.9479,-0.6047,4
1064,STARLINK-31416,satellite,0,31,42.9928,191.5102,90.7345,325.4361,56.1706,6861.5405,485.0609,-2909.0115631562526,-4843.826230690391,3883.8192095001586,-3603.5356092429365,4351.957253997241,3883.8192095001586,34.6708,129.6257,7
1065,STARLINK-31552,satellite,0,31,42.9907,191.7619,108.76,187.4659,296.2259,6860.3469,493.8016,-3887.644057336644,3790.9960642867804,-4198.558647923613,4866.530108656818,2408.798907654902,-4198.558647923613,-37.8845,26.3341,4
1066,STARLINK-31557,satellite,0,79,43.014,187.3135,9.2996,320.4623,329.7619,6865.2725,486.7852,-6202.1257704488235,1751.6131100663144,-2357.511225033231,3711.0684510811802,5269.011625647787,-2357.511225033231,-20.2084,54.8422,4
1067,STARLINK-31559,satellite,0,31,42.9982,191.2668,93.2048,41.1274,134.3322,6862.9693,484.5236,5400.74787972257,-2582.1268462345033,3345.234020771524,-4228.475795516284,-4237.387067180164,3345.234020771524,29.3498,-134.9397,21
1068,STARLINK-31501,satellite,0,31,43.0173,191.6536,14.7687,323.8695,338.6383,6866.3655,485.2655,-6628.066109760713,498.9894710590819,-1705.2388067776192,2670.860367671615,6086.604615381829,-1705.2388067776192,-14.4752,66.3077,4
1069,STARLINK-31549,satellite,0,31,43.0181,191.162,169.8073,28.3207,198.128,6866.62,484.4196,6095.48184976922,2793.7608387036294,-1456.5035089508735,611.9744897982457,-6677.236391545246,-1456.5035089508735,-12.3298,-84.7634,2
1070,STARLINK-31560,satellite,0,31,43.0176,191.596,46.1331,327.7504,13.8835,6867.12,482.1851,-6281.517583692831,-2517.4769377877024,1122.9285422749892,-289.60245292568067,6761.012032661575,1122.9285422749892,9.4796,92.4527,4
1071,STARLINK-31571,satellite,0,31,43.0203,191.6148,32.4247,327.4888,359.9135,6867.5162,482.4797,-6721.6499682047315,-1373.8387594004448,-7.065105761460899,935.2898098298193,6796.561204280156,-7.065105761460899,-0.0594,82.1646,4
1072,STARLINK-31553,satellite,0,85,42.9942,184.5718,93.0875,325.0605,58.148,6861.1324,485.1545,-3267.108751759432,-4534.402680830684,3971.300715161076,-3192.787774600594,4587.037550980868,3971.300715161076,35.5659,124.8397,7
1073,STARLINK-31547,satellite,0,27,42.9971,180.045,87.7809,39.4313,127.2122,6861.8482,485.0289,4149.936986688839,-3990.7008636085243,3724.050605485743,-5141.978543157762,-2589.9279986129054,3724.050605485743,33.0592,-153.2664,9
1074,STARLINK-31537,satellite,0,31,43.0029,191.6896,36.342,281.0699,317.4119,6863.4422,489.5047,-5636.2226803164185,2302.3403042795103,-3167.6411257560435,4042.71874518707,4552.38422435279,-3167.6411257560435,-27.6337,48.3935,4
1075,STARLINK-31451,satellite,0,31,43.009,191.1245,158.8468,60.4535,219.3003,6863.9417,488.7781,4597.698891624374,4143.565587860749,-2965.0537482879126,2382.426891370913,-5712.443696547084,-2965.0537482879126,-25.7366,-67.361,13
1076,STARLINK-31428,satellite,0,31,43.0142,191.223,119.6816,35.9389,155.6204,6866.0319,482.5223,6530.793448042952,-814.6600869051757,1931.4114184535158,-2936.3425393763555,-5890.06168131081,1931.4114184535158,16.452,-116.4974,11
1077,STARLINK-31419,satellite,0,31,42.9906,191.3018,84.2194,36.0148,120.2342,6860.8693,485.3832,4234.468529322345,-3572.229249585952,4039.0883333014685,-4775.295007710785,-2808.576708361587,4039.0883333014685,36.2653,-149.5382,9
1078,STARLINK-31583,satellite,0,27,43.0133,180.4163,6.6274,324.828,331.4554,6865.5137,486.4312,-6045.406335660026,2353.795459773322,-2236.8923938599823,4227.083453051965,4921.286042349314,-2236.8923938599823,-19.1347,49.3394,2
1079,STARLINK-31461,satellite,0,27,42.9799,180.5919,88.2402,179.6497,267.89,6858.5921,495.532,200.86099746420348,5020.385354095776,-4676.112448282353,4669.045085856254,-1855.9720445532714,-4676.112448282353,-43.1218,-21.6781,4
1080,STARLINK-31534,satellite,0,5,43.02,347.3607,14.2783,326.2153,340.4937,6866.6068,485.2811,5945.119221091551,-3050.052018518621,-1563.3135653871404,-4850.571003741086,-4595.56534131851,-1563.3135653871404,-13.2478,-136.5464,4
1081,STARLINK-31544,satellite,0,5,42.9968,348.0807,95.4115,322.2193,57.6307,6861.1952,485.4799,4466.43112106941,3386.1038270397266,3949.290186026558,1711.4885124885209,-5337.1821365183205,3949.290186026558,35.3377,-72.2204,70
1082,STARLINK-31545,satellite,0,5,42.975,347.5237,89.4593,187.3759,276.8353,6858.8243,496.2949,-279.6249664509589,-5045.540078924966,-4646.205350170319,-4666.628053507414,1938.6199782624906,-4646.205350170319,-42.7747,157.4409,18
1083,STARLINK-31507,satellite,0,5,42.9901,347.6302,69.0515,172.5216,241.5731,6860.6874,493.0827,-4137.241226915574,-3612.7037231499576,-4115.743379100038,-2034.513267270913,5101.877000305876,-4115.743379100038,-37.0168,111.741,8
1084,STARLINK-31543,satellite,0,5,42.9859,347.9393,85.2965,14.8899,100.1864,6858.8883,486.5633,-154.2827558792815,5079.9387630121555,4600.22530300961,4843.110495300314,-1540.7341545598072,4600.22530300961,42.3277,-17.6474,14
1085,STARLINK-31366,satellite,0,5,43.0239,347.7587,143.6721,34.4062,178.0782,6867.5451,482.8502,-6665.543477092699,1618.2943238160958,156.98488301575642,3739.1390542952686,5750.40742001402,156.98488301575642,1.3193,56.9665,4
1086,STARLINK-31374,satellite,0,3,42.9885,296.6653,102.4275,188.9376,291.3651,6859.8133,493.9147,-3056.099065974027,-4332.732475405979,-4358.213406538899,-3072.596606587476,4321.048749744913,-4358.213406538899,-39.5947,125.4157,13
1087,STARLINK-31400,satellite,0,5,43.0053,347.3997,24.5677,294.7046,319.2723,6863.8099,489.0493,4361.253044565425,-4330.28932967391,-3054.1695775480966,-5532.457378881506,-2676.5367825379294,-3054.1695775480966,-26.5676,-154.1829,4
1088,STARLINK-31391,satellite,0,5,42.9891,347.4488,104.6556,193.5931,298.2487,6860.5961,493.5428,2209.92241405851,-5023.165171667085,-4122.833561651137,-5471.918825678271,-417.19274106237594,-4122.833561651137,-37.0882,-175.6401,9
1089,STARLINK-31387,satellite,0,5,42.9862,348.0125,102.7269,336.1045,78.8313,6858.9629,486.9305,2320.7917087067144,4536.8413727591715,4585.687981625265,3509.2149862640904,-3695.187948800531,4585.687981625265,42.1607,-46.4787,10
1090,STARLINK-31396,satellite,0,90,42.9985,337.2661,90.344,143.3531,233.6971,6861.7184,491.7449,-5311.146530573673,-2160.7336749336882,-3772.1659837563802,-275.1986391482171,5727.243070817597,-3772.1659837563802,-33.5042,92.751,4
1091,STARLINK-31412,satellite,0,5,43.0206,347.7288,162.7302,36.5683,199.2985,6866.5824,485.2191,-6681.104341480067,-243.6580865186907,-1547.302500995151,1987.9281638511484,6383.154870456861,-1547.302500995151,-13.1099,72.7017,4
1092,STARLINK-31483,satellite,0,5,43.0031,347.835,97.9131,37.6848,135.5979,6863.1869,483.9653,-4049.7082678418096,4462.387643628297,3272.3628265283974,5553.649220858768,2338.8075740187824,3272.3628265283974,28.6539,22.8374,7
1093,STARLINK-31568,satellite,0,5,42.9934,347.873,85.0749,36.3326,121.4075,6860.9844,485.2475,-2593.9947896426834,4935.104526155279,3990.2760265819575,5516.342930410012,808.7189418377637,3990.2760265819575,35.7609,8.3404,13
1094,STARLINK-31615,satellite,0,91,43.0192,340.849,125.0017,33.5051,158.5068,6866.4081,482.2729,-5426.116668471569,3829.4135650119074,1714.544676307086,5413.460137412118,3847.2847168376015,1714.544676307086,14.5624,35.401,4
1095,STARLINK-31457,satellite,0,91,43.01,340.866,109.1871,35.2461,144.4332,6864.5505,483.1757,-4314.242048123751,4584.21286538321,2720.948211254241,5756.3778367872565,2547.902322517179,2720.948211254241,23.5063,23.8753,4
1096,STARLINK-31398,satellite,0,5,43.0084,347.6851,151.8307,68.6793,220.5101,6863.7558,489.1706,-5793.202961992877,-2072.110936132566,-3040.9230505164523,-31.583942756506524,6152.547988032534,-3040.9230505164523,-26.443,90.2941,4
1097,STARLINK-31399,satellite,0,5,42.9782,347.5807,83.4632,172.4479,255.9111,6859.123,495.7228,-2679.4930613335764,-4397.720342172588,-4538.892617869157,-3258.912653082973,3987.3695079925897,-4538.892617869157,-41.5697,129.2594,14
1098,STARLINK-31401,satellite,0,91,43.0258,340.8313,148.3314,31.4899,179.8213,6867.5623,482.7652,-6475.339291329021,2267.5416025509653,14.599194606324556,4288.435165014386,5355.47268619651,14.599194606324556,0.1227,51.3137,4
1099,STARLINK-31414,satellite,0,5,43.0149,347.7909,121.6292,35.1172,156.7464,6866.2023,482.5875,-5740.7033991895105,3267.9837150350972,1847.3696589075057,4988.29041745527,4330.398571762712,1847.3696589075057,15.7173,40.9617,4
1100,STARLINK-31415,satellite,0,5,43.0236,348.1699,48.637,326.2996,14.9366,6867.1421,482.5478,6752.455959419902,-93.65694434165411,1206.4197686173875,-2329.8017415761014,-6338.490116114225,1206.4197686173875,10.191,-110.1816,10
1101,STARLINK-31466,satellite,0,5,43.0092,348.132,72.7848,323.5154,36.3001,6864.4946,483.3556,6019.466118771536,1768.7383413619498,2769.4127492225334,-329.6941683191053,-6265.278080869089,2769.4127492225334,23.9498,-93.0123,58
1102,STARLINK-31622,satellite,0,17,43.0212,326.2938,26.2081,319.7353,345.9433,6867.1457,484.964,4861.7014626379205,-4707.942146200085,-1137.1891543425663,-6054.818772304652,-3023.2482528449345,-1137.1891543425663,-9.5971,-153.4665,4
1103,STARLINK-31319,satellite,0,6,42.9907,322.5041,84.3548,33.5859,117.9408,6860.5762,485.9348,148.0369474048618,5470.679846475504,4130.187518665721,5111.341816244238,-1955.6169762873421,4130.187518665721,37.2136,-20.937,9
1104,STARLINK-31625,satellite,0,17,43.0053,326.1977,79.9643,322.5713,42.5356,6863.584,483.8159,6084.854611469113,6.055870964688649,3162.009047290984,-2014.1347779873024,-5741.842336079258,3162.009047290984,27.6053,-109.33,69
1105,STARLINK-31631,satellite,0,6,43.0202,322.3612,158.8208,36.892,195.7128,6866.9678,484.9183,-6060.790177343215,2958.150860419747,-1267.923547978979,4802.277400728111,4735.183824651176,-1267.923547978979,-10.7126,44.5969,4
1106,STARLINK-31620,satellite,0,6,42.987,322.6477,111.626,323.8248,75.4509,6859.183,486.1594,4313.666187002581,2813.4862968083758,4524.0501649208845,1222.0492667167491,-5003.000770031417,4524.0501649208845,41.4748,-76.2735,85
1107,STARLINK-31511,satellite,0,17,43.0276,326.2621,37.771,329.5569,7.3279,6867.3962,482.3996,6013.668874735363,-3247.1552213706245,597.0757735670304,-5059.252920487499,-4594.800349653302,597.0757735670304,5.024,-137.7544,4
1108,STARLINK-31364,satellite,0,6,43.0134,322.4252,116.2425,36.9666,153.2091,6865.8816,482.5664,-3473.9820957059396,5524.981835536327,2108.8915623246776,6364.881968498813,1443.0015285405868,2108.8915623246776,18.0122,12.7738,5
1109,STARLINK-31597,satellite,0,17,42.9906,326.1408,97.383,326.6149,63.9979,6860.3227,485.7593,5007.108441945586,2068.2282164908906,4201.649516076214,288.86284443461994,-5409.737624136404,4201.649516076214,37.9697,-86.9435,110
1110,STARLINK-31621,satellite,0,17,43.0153,326.2418,63.9342,324.347,28.2812,6865.7259,482.8467,6341.974834172507,-1380.9468640587,2216.90340508784,-3407.842098255669,-5523.9724177431735,2216.90340508784,18.9676,-121.6712,16
1111,STARLINK-31462,satellite,0,17,42.9842,325.9866,78.3569,27.928,106.2849,6859.4171,486.4019,1099.3234230022006,5065.499586376005,4486.436006588145,4413.359640993754,-2718.4655096550778,4486.436006588145,41.0544,-31.6315,5
1112,STARLINK-31592,satellite,0,17,43.014,326.3328,357.1215,327.6523,324.7739,6864.6762,487.5156,3061.0240941037027,-5516.389053992729,-2700.2112079902586,-6219.696377069627,-1056.3113540813351,-2700.2112079902586,-23.301,-170.3612,5
1113,STARLINK-31267,satellite,0,6,43.0155,321.9021,61.3798,325.3327,26.7125,6865.73,482.6338,6212.385626310999,-2006.2264411650772,2103.281327889244,-3954.6504608290397,-5194.17167947788,2103.281327889244,17.9625,-127.2843,4
1114,STARLINK-31381,satellite,0,6,43.0145,322.7648,69.2332,323.655,32.8882,6864.9441,482.8583,6232.589609695284,-1316.813701981631,2540.407398136928,-3311.0353431838107,-5442.078327697594,2540.407398136928,21.8653,-121.3169,24
1115,STARLINK-31546,satellite,0,6,43.0031,322.4509,100.9809,38.2803,139.2612,6863.7065,483.5381,-2124.819636812504,5761.336238255907,3052.276999445551,6139.984644476309,91.88201575875024,3052.276999445551,26.5729,0.8573,9
1116,STARLINK-31575,satellite,0,6,42.9881,322.5703,140.507,316.0605,96.5675,6858.8213,488.3351,2405.6660952193597,4433.387004145046,4644.4919938934645,3383.4529009528537,-3740.9084668358123,4644.4919938934645,42.8168,-47.8723,10
1117,STARLINK-31610,satellite,0,17,43.0118,325.8858,113.1936,35.6167,148.8103,6865.3094,482.7753,-3400.8203952002227,5440.579327604415,2422.782523479732,6260.979455361934,1402.0053637208703,2422.782523479732,20.8057,12.6219,5
1118,STARLINK-31581,satellite,0,11,43.0157,318.9499,115.6788,35.112,150.7908,6865.3796,482.7363,-2907.444510390844,5776.879571245091,2283.2790429087704,6414.43636808401,824.9710549297683,2283.2790429087704,19.5582,7.3287,5
1119,STARLINK-31566,satellite,0,17,42.9986,325.9329,87.4841,40.0801,127.5642,6862.1078,485.415,-1236.208506402048,5634.94441255407,3706.9547527551517,5725.787956756743,-704.3878747782044,3706.9547527551517,32.8864,-7.0133,10
1120,STARLINK-31515,satellite,0,17,42.9825,326.0687,94.9075,350.3209,85.2284,6858.6495,487.0491,3262.8407933645476,3828.3052203177567,4657.570105594695,2528.1440796156617,-4348.6248878766555,4657.570105594695,42.976,-59.8277,34
1121,STARLINK-31531,satellite,0,26,42.9837,270.9203,101.8838,186.4423,288.3261,6859.4805,494.4357,-4731.110682021951,-2234.3586983077985,-4442.19744558876,-537.1899602511145,5204.535908690739,-4442.19744558876,-40.508,95.893,4
1122,STARLINK-31753,satellite,0,26,43.0107,271.3693,111.1861,35.5694,146.7555,6864.855,482.9711,2611.340953473625,5799.760316198624,2564.6236150430263,4604.077235282812,-4388.484261358527,2564.6236150430263,22.0841,-43.6266,4
1123,STARLINK-31733,satellite,0,26,42.9971,270.9754,80.9008,228.4854,309.3862,6862.2419,491.2707,-3805.068384019222,-4420.57929497957,-3617.5739012138156,-2906.844472651749,5056.71058318337,-3617.5739012138156,-31.9685,119.8924,9
1124,STARLINK-31657,satellite,0,26,43.0063,271.2556,161.7428,55.7504,217.4932,6864.2387,488.4961,-3173.314387632704,5376.9821997070085,-2849.2091778858885,6125.468538879164,1208.5102225154371,-2849.2091778858885,-24.6646,11.1607,4
1125,STARLINK-31754,satellite,0,46,42.9821,278.8834,89.418,182.0767,271.4947,6858.5906,495.3238,-4931.547285025785,-952.0005564593561,-4677.736268861242,738.9903694503629,4967.93286164414,-4677.736268861242,-43.142,81.5392,4
1126,STARLINK-31638,satellite,0,26,43.0009,271.2359,128.3476,96.251,224.5986,6863.1485,490.1048,-3628.916983016535,4809.827601364958,-3286.592902246425,5741.708422085592,1826.5443931723669,-3286.592902246425,-28.7617,17.6468,4
1127,STARLINK-31670,satellite,0,73,42.991,282.7053,82.6855,35.891,118.5765,6860.6681,485.7256,3574.9597631374086,4167.843658538654,4105.585958845678,2744.8232059773422,-4755.754791618321,4105.585958845678,36.9568,-60.0083,33
1128,STARLINK-31712,satellite,0,73,42.9839,282.7072,79.2126,32.2899,111.5025,6859.8164,486.2357,3999.1715491353852,3477.7970122134684,4348.883178202685,1953.0877869291983,-4926.85429398139,4348.883178202685,39.5466,-68.3758,65
1129,STARLINK-31684,satellite,0,46,42.9863,278.9529,77.6495,172.6325,250.282,6859.6278,494.3987,-5029.307716079841,1551.984341652414,-4405.430612092801,3133.4459465856235,4228.960628757453,-4405.430612092801,-40.1054,53.4634,4
1130,STARLINK-31678,satellite,0,46,43.0112,279.0589,166.1073,41.7794,207.8866,6865.5676,486.7682,-3272.897235885375,5620.571794412126,-2189.5738595387616,6388.302348986191,1221.587782660256,-2189.5738595387616,-18.7141,10.8256,4
1131,STARLINK-31744,satellite,0,46,42.9995,279.0139,107.1941,121.9013,229.0954,6862.4574,490.8166,-4450.999525919684,3844.184069330145,-3537.6676949334833,5103.706231431108,2922.555498511568,-3537.6676949334833,-31.1856,29.7969,4
1132,STARLINK-31719,satellite,0,26,42.9858,271.5853,102.5121,333.4233,75.9354,6859.1445,486.6347,4908.766135983723,-1530.7579069058916,4534.0066897001625,-3073.4097129325455,-4122.300023504763,4534.0066897001625,41.5825,-126.7066,64
1133,STARLINK-31728,satellite,0,26,43.0204,271.2995,157.1413,32.0635,189.2048,6867.2884,483.704,-955.8769273561749,6753.285835836839,-748.8525187986744,6687.662218384741,-1340.0538547221354,-748.8525187986744,-6.3045,-11.3307,4
1134,STARLINK-31720,satellite,0,26,43.0189,271.773,18.5041,325.4048,343.9089,6866.8935,484.7004,-1185.898353505652,-6633.095804033386,-1297.5676586353588,-5863.33199558676,3320.4898373374544,-1297.5676586353588,-10.9664,150.4765,7
1135,STARLINK-31731,satellite,0,26,43.0025,270.9585,41.1719,275.3077,316.4797,6863.3146,489.763,-3372.5436898784783,-5033.809983981133,-3223.3146942093645,-3628.878983353208,4852.270728137978,-3223.3146942093645,-28.1603,126.7918,11
1136,STARLINK-31742,satellite,0,26,42.9796,271.1089,88.3092,178.6867,266.9959,6858.6618,495.6649,-5020.704680672989,262.59586374589105,-4672.924817874027,1914.3124292234404,4648.853622293216,-4672.924817874027,-43.0843,67.619,4
1137,STARLINK-31512,satellite,0,89,43.0197,231.1885,54.2628,326.2561,20.5189,6866.5238,482.4585,-2656.692284266306,-6107.550760511171,1640.3444591453326,-4879.361169022376,4533.434103164763,1640.3444591453326,13.919,137.1047,6
1138,STARLINK-31458,satellite,0,26,42.9916,271.1979,77.4509,161.2517,238.7025,6861.0447,492.864,-4363.524032349349,3475.1128692664647,-3999.2359317949067,4726.524851043821,2962.5519856193087,-3999.2359317949067,-35.8074,32.0792,4
1139,STARLINK-31357,satellite,0,26,43.009,271.6943,70.6902,322.7427,33.4329,6864.8703,483.2182,2931.147813150413,-5639.291243596848,2577.4717441502,-6292.517785475717,-893.0023248101452,2577.4717441502,22.1996,-171.9228,9
1140,STARLINK-31508,satellite,0,26,43.0195,271.7288,45.6041,326.6177,12.2219,6867.1873,482.3638,1263.5659976122022,-6669.485844506693,990.7992693849754,-6710.750205930424,1021.9941947005577,990.7992693849754,8.3556,171.3408,4
1141,STARLINK-31535,satellite,0,46,43.0194,279.0884,152.247,34.458,186.7051,6867.4481,483.4451,-1654.7870317366444,6636.44330983091,-546.5697880866284,6809.445766386423,-641.9877566163134,-546.5697880866284,-4.5974,-5.3859,5
1142,STARLINK-31533,satellite,0,26,43.0102,271.7919,9.3037,320.4405,329.7441,6865.1922,486.9773,-2341.8597910842627,-6003.948486917507,-2358.6588102618234,-4886.140935809192,4202.062763699029,-2358.6588102618234,-20.218,139.3046,12
1143,STARLINK-31524,satellite,0,52,42.985,264.361,79.9308,26.304,106.2347,6859.3098,486.643,4980.134775735004,1434.2354110372883,4487.80242195666,-300.2275784222172,-5173.841609472905,4487.80242195666,41.0678,-93.321,117
1144,STARLINK-31635,satellite,0,49,43.0168,249.2012,10.5047,326.1945,336.6992,6866.216,485.6872,-4093.3012298913877,-5187.126121931663,-1851.8163985075714,-3534.2487424287165,5583.052766193169,-1851.8163985075714,-15.7488,122.3351,7
1145,STARLINK-31650,satellite,0,49,43.0033,249.6602,101.8916,36.88,138.7716,6863.6947,483.5036,4891.621084379006,3686.92632574507,3082.407241032451,1854.113424055672,-5838.120072022315,3082.407241032451,26.8559,-72.3808,54
1146,STARLINK-31658,satellite,0,25,43.0204,209.3003,16.6434,327.8246,344.468,6866.946,484.5342,-6422.991055667019,-2063.9806406524804,-1253.629443586862,185.1414150165379,6743.927108340691,-1253.629443586862,-10.5911,88.4275,4
1147,STARLINK-31669,satellite,0,49,42.9804,249.3459,96.7148,183.4323,280.147,6858.9111,495.6114,-5051.969998608718,612.0108951827182,-4606.38940892381,2254.2934010407466,4562.358980252328,-4606.38940892381,-42.3285,63.7057,4
1148,STARLINK-31671,satellite,0,49,42.9843,249.8324,97.2254,344.8752,82.1006,6858.7812,487.0055,4338.002570393407,-2596.9902564935305,4629.623136053878,-3889.7216487415767,-3229.967521256716,4629.623136053878,42.6578,-140.2943,26
1149,STARLINK-31674,satellite,0,49,43.0037,249.5311,167.7997,48.8077,216.6074,6864.3747,488.7361,-877.4749249729035,6208.293616397186,-2791.4725160180387,6147.546780783022,-1233.101962304238,-2791.4725160180387,-24.1322,-11.3421,4
1150,STARLINK-31679,satellite,0,76,42.9857,239.0292,82.7039,175.3721,258.076,6858.9669,495.117,-3482.4675333787086,3743.9944777749406,-4578.808115848113,4687.696598130973,2042.1986618635656,-4578.808115848113,-42.0214,23.5404,4
1151,STARLINK-31370,satellite,0,49,42.9837,249.7876,83.4674,12.7605,96.228,6858.7454,487.0193,4935.3248310077015,-1024.555816947121,4646.300704191093,-2604.7262875307797,-4315.384893221867,4646.300704191093,42.8476,-121.1148,70
1152,STARLINK-31404,satellite,0,49,43.0045,249.9534,80.1407,319.4342,39.5749,6863.9324,483.7606,1189.559842472774,-6060.941246738137,2979.9287407764823,-6112.145114185861,889.7997068831854,2979.9287407764823,25.8955,171.7171,4
1153,STARLINK-31453,satellite,0,89,42.983,231.8311,77.6431,175.3637,253.0068,6859.2919,494.3275,-2535.47663366303,4544.36956867628,-4475.000726492446,5128.338459684208,883.2220442708988,-4475.000726492446,-40.8703,9.7718,4
1154,STARLINK-31476,satellite,0,49,42.9944,249.7167,84.7771,32.6591,117.4362,6860.568,485.7234,5269.718548691331,1420.232978317861,4149.434094821353,-409.56241854990475,-5442.357386320256,4149.434094821353,37.4175,-94.3037,124
1155,STARLINK-31538,satellite,0,49,42.9788,249.4111,80.672,178.3334,259.0054,6858.9442,495.1984,-4154.193640372038,2958.8852219713144,-4593.312647729622,4170.0817373029,2936.4510659502826,-4593.312647729622,-42.1841,35.1521,4
1156,STARLINK-31564,satellite,0,49,42.9905,249.2746,100.4789,200.957,301.4359,6861.0318,492.5252,-5273.062923656592,-1832.0455381981396,-3993.0819449694973,22.210546025553885,5582.211939949859,-3993.0819449694973,-35.746,89.772,4
1157,STARLINK-31452,satellite,0,49,42.9924,249.9011,96.3807,324.413,60.7937,6860.77,485.6608,2961.1321832346352,-4646.0299304155915,4080.878907018749,-5365.529436375483,-1250.9963182574181,4080.878907018749,36.6988,-166.8757,5
1158,STARLINK-31513,satellite,0,62,42.9845,246.3683,102.224,330.1179,72.3419,6859.3992,486.6377,3544.5469813810196,-3820.860420053162,4454.006724728322,-4780.811165919694,-2075.2426963041457,4454.006724728322,40.6939,-156.5354,4
1159,STARLINK-31392,satellite,0,49,43.0177,249.6165,125.93,33.9834,159.9135,6866.4851,482.3579,3858.3379231078356,5438.795406241975,1607.1547798195156,3849.6432021836117,-5444.953095824831,1607.1547798195156,13.6322,-54.7393,8
1160,STARLINK-31619,satellite,0,49,42.9898,249.478,77.2547,160.4915,237.7462,6861.1455,492.416,-2692.2268887330465,4918.773501254177,-3957.7925335947075,5533.545723694633,906.8021288232303,-3957.7925335947075,-35.3837,9.3065,4
1161,STARLINK-31509,satellite,0,49,43.0158,250.0072,52.7242,325.5926,18.3169,6866.677,482.3697,-745.2267676132719,-6658.439240074977,1470.65650272694,-6033.51788066775,2913.217814136131,1470.65650272694,12.4552,154.2269,5
1162,STARLINK-31734,satellite,0,52,43.0189,264.1904,17.2992,329.0496,346.3488,6867.0991,484.2189,-1852.8988761527107,-6513.858037532498,-1104.8552300142915,-5529.446623582575,3910.0896173011147,-1104.8552300142915,-9.3228,144.7344,5
1163,STARLINK-31738,satellite,0,26,42.9823,271.2867,78.0827,174.6201,252.7028,6859.4198,494.5112,-4838.675253273525,1932.5661457449376,-4467.763491974104,3429.1682464427436,3922.80451359864,-4467.763491974104,-40.789,48.8413,4
1164,STARLINK-31721,satellite,0,69,42.9918,274.8631,77.3365,163.8655,241.2019,6860.6894,492.7631,-4663.703082787812,2921.3374319500663,-4101.188742135112,4303.792942807968,3429.5342455140285,-4101.188742135112,-36.8665,38.5501,4
1165,STARLINK-31737,satellite,0,69,43.0187,275.0085,129.456,33.9612,163.4172,6866.8244,482.1208,851.9157187046135,6674.005583826569,1335.609997354809,6012.786541146183,-3019.0245006186256,1335.609997354809,11.2964,-26.6613,4
1166,STARLINK-31539,satellite,0,69,42.9854,275.1661,82.5479,17.0991,99.647,6858.9156,486.92,4820.451535478091,1589.3114026805038,4607.976478334814,-100.938361077485,-5074.689664190939,4607.976478334814,42.4128,-91.1395,114
1167,STARLINK-31397,satellite,0,69,43.0172,275.3856,57.9975,323.7785,21.7761,6866.3426,482.6997,2450.2324798826094,-6167.226245067289,1736.0549193002955,-6630.879649787495,-264.1095101516102,1736.0549193002955,14.7482,-177.7191,4
1168,STARLINK-31481,satellite,0,69,43.0054,274.6281,18.2677,300.6206,318.8883,6863.6951,488.9961,-2871.9740409212773,-5420.053439836441,-3077.829225057674,-4159.384153168885,4508.296535142302,-3077.829225057674,-26.7897,132.6948,16
1169,STARLINK-31540,satellite,0,69,43.0046,274.9177,150.3493,69.6823,220.0316,6863.8336,489.1701,-3666.896664833626,4958.974757412974,-3010.917578154883,5895.0058879356,1812.8616539691182,-3010.917578154883,-26.1625,17.094,4
1170,STARLINK-31574,satellite,0,69,42.9839,275.2387,99.8274,338.5565,78.384,6858.9883,486.8635,5017.866877355847,-926.0658762584953,4578.259082653928,-2539.2204665136837,-4425.940061554535,4578.259082653928,42.0775,-119.8435,71
1171,STARLINK-31556,satellite,0,69,42.9919,275.2894,98.9208,325.32,64.2408,6860.3179,485.9815,4771.952894623546,-2550.512170062543,4210.522794510587,-3989.9273239287586,-3654.7403064937293,4210.522794510587,38.0625,-137.5106,29
1172,STARLINK-31582,satellite,0,69,43.0228,275.4168,33.4984,327.0713,0.5698,6867.6167,482.9114,697.3142463980612,-6825.361365299072,46.551666226716314,-6669.821909319676,1607.880786347712,46.551666226716314,0.3912,166.4464,4
1173,STARLINK-31519,satellite,0,69,42.9829,274.726,100.4184,183.1698,283.5882,6859.0936,494.839,-4731.095432419023,-2009.165541442188,-4548.45613074114,-324.77073360481836,5129.7694036056455,-4548.45613074114,-41.6831,93.6226,4
1174,STARLINK-31736,satellite,0,59,43.0064,268.1123,110.973,32.9599,143.9329,6864.5198,482.5232,3133.1873034722303,5442.6103381696585,2753.5982779497576,4093.9531591205778,-4762.186210420322,2753.5982779497576,23.8078,-49.315,5
1175,STARLINK-31675,satellite,0,69,43.0166,274.9554,163.7284,35.0779,198.8064,6866.6288,485.0845,-2172.509213749147,6331.839025093725,-1509.1618760079234,6693.969265582157,-52.508998907401875,-1509.1618760079234,-12.7815,-0.4494,4
1176,STARLINK-31722,satellite,0,69,42.9947,274.6614,98.2748,206.5253,304.8001,6861.5043,491.9139,-3790.167729511288,-4239.036277759164,-3843.230862098673,-2740.541502762646,4982.3922219775595,-3843.230862098673,-34.2194,118.8128,9
1177,STARLINK-31741,satellite,0,69,42.9805,274.7951,84.9088,177.4487,262.3576,6858.805,495.2345,-5035.584233782728,493.58220776468096,-4637.677451032015,2137.1406388740716,4586.214327854289,-4637.677451032015,-42.6859,65.0148,4
1178,STARLINK-31699,satellite,0,69,43.0164,274.9761,152.0983,32.408,184.5063,6867.586,483.3639,-986.0051102055864,6780.256962666573,-367.77338756833524,6723.104982667713,-1320.5869714519554,-367.77338756833524,-3.0917,-11.1129,4
1179,STARLINK-31750,satellite,0,69,42.9946,275.0961,84.6473,36.4027,121.0501,6860.9541,485.3583,3965.1025000854647,3903.9609408118463,4005.5186577901727,2366.3965408298636,-5036.18072303973,4005.5186577901727,35.9177,-64.8321,54
1180,STARLINK-31723,satellite,0,69,43.0079,275.0453,104.3323,37.8757,142.208,6864.2085,483.4795,2584.6016464656477,5668.624222488889,2866.507010019113,4489.25282454701,-4319.730931898119,2866.507010019113,24.8437,-43.8975,4
1181,STARLINK-31724,satellite,0,76,42.9978,239.0318,93.1612,37.7356,130.8968,6862.5111,484.5983,5560.503771855633,1898.7167865976714,3534.7675990375114,-54.73471509057288,-5875.485660223541,3534.7675990375114,31.1888,-90.5337,105
1182,STARLINK-31730,satellite,0,69,43.0162,275.4449,14.1826,325.1318,339.3144,6866.5269,485.309,-1155.1634115388317,-6559.021615909303,-1653.6641614204846,-5803.660312684318,3266.9089427617164,-1653.6641614204846,-14.0283,150.6246,7
1183,STARLINK-31718,satellite,0,69,43.0048,275.3425,80.5106,322.4277,42.9383,6863.4242,484.1764,3868.8701337865373,-4680.533379832867,3186.256741169298,-5699.3970729533385,-2095.8105440726417,3186.256741169298,27.8334,-159.8103,9
1184,STARLINK-31747,satellite,0,42,43.0176,289.9736,126.6072,32.285,158.8922,6866.4182,481.9294,-488.36519391176546,6630.58599431006,1685.0979890013164,6416.730718132837,-1740.3270041965243,1685.0979890013164,14.3078,-15.1746,4
1185,STARLINK-31388,satellite,0,48,43.0197,300.7977,16.2411,326.5708,342.8119,6866.7855,484.8487,2083.040769750327,-6390.267286277315,-1383.4794587568651,-6719.38578367295,156.29948394648548,-1383.4794587568651,-11.702,178.6675,5
1186,STARLINK-31332,satellite,0,48,43.0188,300.336,133.2299,33.6722,166.9021,6867.1127,482.3189,-2393.640622076415,6340.697990640612,1060.5864740734623,6775.729747642327,153.14314572680976,1060.5864740734623,8.9487,1.2948,5
1187,STARLINK-31689,satellite,0,3,43.0181,297.2763,48.6022,326.8818,15.484,6866.9183,482.2275,4219.6174302334475,-5262.00712851194,1249.373764938322,-6364.329585097966,-2233.6515418227527,1249.373764938322,10.5583,-160.6608,9
1188,STARLINK-31471,satellite,0,48,42.9998,300.4058,95.5961,35.967,131.5631,6862.5497,484.3758,933.7260904766945,5822.594663577378,3498.9963620434696,5182.495512456872,-2813.573047162813,3498.9963620434696,30.8401,-28.4975,4
1189,STARLINK-31470,satellite,0,3,42.9986,297.2071,86.0528,324.8298,50.8827,6862.1712,484.4619,5438.0576329425485,-2068.422062263967,3627.9492227615797,-3756.2838707638048,-4443.103884572667,3627.9492227615797,32.1067,-130.2118,40
1190,STARLINK-31587,satellite,0,48,43.0234,300.7495,37.0728,327.0104,4.0831,6867.4855,482.6039,3805.797163674654,-5698.586145734635,333.3073295841815,-6638.787502754478,-1698.3746950139487,333.3073295841815,2.8021,-165.65,4
1191,STARLINK-31606,satellite,0,48,42.988,300.192,73.2892,171.3974,244.6866,6860.4628,493.1787,-5398.440100600859,254.0787211074379,-4230.291725011986,2031.6662418405663,5007.997983032785,-4230.291725011986,-38.2255,67.9184,4
1192,STARLINK-31666,satellite,0,29,42.9834,293.6069,98.9487,344.6961,83.6448,6858.7411,487.1346,4871.047028693016,1300.6661662086783,4645.220408852274,-390.0118850651586,-5026.601472283929,4645.220408852274,42.8344,-94.4367,117
1193,STARLINK-31683,satellite,0,48,42.9965,300.4209,86.773,37.7206,124.4936,6861.4023,484.8683,1597.9588202860878,5440.967043061599,3853.60539677568,4602.017035707909,-3313.4625330712256,3853.60539677568,34.3647,-35.754,4
1194,STARLINK-31751,satellite,0,48,42.9932,300.8791,99.9982,200.3697,300.368,6860.912,492.6945,-1936.5942289039972,-5200.939878832481,-4038.091385777599,-4263.190956581997,3553.220468585051,-4038.091385777599,-36.2102,140.19,16
1195,STARLINK-31510,satellite,0,3,43.0105,297.2443,73.1378,323.609,36.7468,6864.355,483.3413,5182.959324948405,-3512.085423706752,2798.753815432173,-5033.409815926316,-3723.2508661678544,2798.753815432173,24.2195,-143.5094,9
1196,STARLINK-31663,satellite,0,48,43.0081,300.8158,24.5386,297.103,321.6417,6864.0809,488.646,82.13938060279577,-6217.216276968322,-2905.0607044174944,-5891.954518751144,1986.3023590112439,-2905.0607044174944,-25.1803,161.37,13
1197,STARLINK-31692,satellite,0,48,43.0137,300.6743,69.2058,323.1041,32.31,6865.0568,483.1059,5262.488288475117,-3618.0305421264993,2500.713037480526,-5159.747025527425,-3763.1022604572986,2500.713037480526,21.506,-143.896,9
1198,STARLINK-31685,satellite,0,48,43.0028,300.2392,138.9004,84.5404,223.4409,6863.3728,489.8064,-5491.268207434578,2567.121550865151,-3218.648332276154,4244.369250133358,4327.755682963221,-3218.648332276154,-28.1157,45.5573,4
1199,STARLINK-31686,satellite,0,48,43.016,300.2833,165.7718,36.4801,202.2519,6866.2893,485.6607,-4843.569282381695,4526.48716116284,-1772.7935349036852,5877.633703270852,3066.3775800736166,-1772.7935349036852,-15.0608,27.5512,4
1200,STARLINK-31668,satellite,0,48,42.982,300.119,87.0586,178.7835,265.8421,6858.6772,495.4176,-4581.575373152368,-2082.538672734892,-4667.096953416769,-443.6161596124467,5013.083375153796,-4667.096953416769,-43.0197,95.057,4
1201,STARLINK-31690,satellite,0,48,43.0074,300.3707,108.6487,36.9202,145.569,6864.7732,482.984,-413.45302707543283,6313.868474121247,2644.8623713315174,6093.104821783539,-1705.85818427506,2644.8623713315174,22.8126,-15.6404,5
1202,STARLINK-31701,satellite,0,48,42.9946,300.6252,97.6462,322.7852,60.4314,6860.484,485.3437,5476.5897438237635,-689.4480419880613,4066.3838304778,-2468.2908320362662,-4937.196997613375,4066.3838304778,36.5495,-116.5622,77
1203,STARLINK-31697,satellite,0,48,43.0101,300.3528,116.9847,35.7964,152.7811,6865.6917,482.6725,-1102.553158822199,6422.396002593338,2139.91477639792,6424.223137857655,-1091.8566559627009,2139.91477639792,18.286,-9.6458,4
1204,STARLINK-31662,satellite,0,48,43.0166,300.71,60.4073,324.8598,25.2671,6865.8903,482.7151,5008.147053420137,-4239.75479436926,1997.3109392799106,-5661.7906358192895,-3316.803343764436,1997.3109392799106,17.0294,-149.6373,9
1205,STARLINK-31702,satellite,0,48,42.9885,300.8868,104.9844,188.3328,293.3172,6860.0241,493.8309,-2562.099397896322,-4698.276275758655,-4297.709311552881,-3581.394946299085,3976.4008257066707,-4297.709311552881,-38.9421,132.0082,16
1206,STARLINK-31770,satellite,0,10,43.003,329.7381,56.7412,256.5791,313.3203,6862.9211,490.3661,2226.804134492873,-5526.971721709013,-3405.5414508147173,-5952.762444273691,-265.88032648235315,-3405.5414508147173,-29.9032,-177.4426,8
1207,STARLINK-31778,satellite,0,17,42.9945,326.306,113.6195,190.1154,303.7349,6861.412,492.6349,855.387934492506,-5588.322265189222,-3892.5212194854344,-5555.397247830957,1048.1391495775683,-3892.5212194854344,-34.7155,169.3156,12
1208,STARLINK-31776,satellite,0,67,43.0103,333.1757,22.5406,300.5026,323.0432,6864.4641,488.6444,3532.6031211969816,-5167.3701398179865,-2814.625880061011,-6047.006571444077,-1617.0066476936224,-2814.625880061011,-24.3454,-165.029,5
1209,STARLINK-31765,satellite,0,17,42.9888,325.9051,77.4395,36.0276,113.4671,6860.1377,486.5135,317.8554533289482,5340.197168060851,4288.307921024446,4931.887058056793,-2072.4931675515854,4288.307921024446,38.8905,-22.7933,10
1210,STARLINK-31767,satellite,0,10,43.0257,329.6623,28.7114,327.5168,356.2282,6867.3276,482.9609,5742.040604118369,-3742.7530993471505,-307.95927614834926,-5436.583381008422,-4174.061835114542,-307.95927614834926,-2.5887,-142.4839,4
1211,STARLINK-31782,satellite,0,67,42.9826,333.3372,90.1497,176.5456,266.6953,6858.6539,495.147,-2602.926426618686,-4302.04330505394,-4671.489041009867,-3194.076720768119,3883.384668404165,-4671.489041009867,-43.072,129.4372,13
1212,STARLINK-31755,satellite,0,67,42.9925,333.4123,77.3697,168.1074,245.4771,6860.1657,493.3295,-4591.518747082712,-2809.2895053140746,-4257.879467236703,-1125.8582069697923,5263.705465475682,-4257.879467236703,-38.5186,102.0731,5
1213,STARLINK-31585,satellite,0,17,42.9819,325.5285,96.0583,180.1292,276.1875,6858.8106,496.0171,-2215.7711879921153,-4534.575497263919,-4652.598739117318,-3541.93880299203,3595.3701358527323,-4652.598739117318,-42.8496,134.5711,14
1214,STARLINK-31667,satellite,0,17,42.9835,325.5948,79.8328,175.1007,254.9335,6859.3373,495.1905,-4211.868895461332,-2992.3733069473465,-4518.942117229513,-1424.5843254682786,4966.356521668148,-4518.942117229513,-41.3512,106.0054,8
1215,STARLINK-31729,satellite,0,17,43.0159,326.2418,8.9313,322.9735,331.9047,6865.6759,486.7669,3720.1387962984536,-5328.775662464823,-2204.812402083192,-6261.511946887387,-1740.33067650629,-2204.812402083192,-18.8491,-164.4672,5
1216,STARLINK-31448,satellite,0,17,42.9943,326.0861,93.1867,323.7895,56.9763,6861.2524,485.0051,5446.759654765472,1404.506852981149,3920.0365245821436,-483.16505041666954,-5604.139699446094,3920.0365245821436,35.0407,-94.9276,119
1217,STARLINK-31748,satellite,0,17,43.0203,325.7911,127.8323,35.2474,163.0797,6866.8852,482.4726,-4606.763716451976,4896.807767819888,1362.111218608799,6148.3496263898605,2720.072632462465,1362.111218608799,11.5229,23.8649,4
1218,STARLINK-31746,satellite,0,67,43.0073,333.4404,141.0393,83.2968,224.3361,6863.1195,489.6722,-5958.94963554009,-942.3897858981912,-3271.493041439183,1089.0989880199845,5933.889336831489,-3271.493041439183,-28.6195,79.5998,3
1219,STARLINK-31762,satellite,0,10,43.0186,329.6324,52.2254,324.7698,16.9951,6866.9416,482.4655,6401.226405645761,-2051.650223379804,1367.9107028385683,-4060.1836998774397,-5357.2265640609685,1367.9107028385683,11.5726,-127.1581,4
1220,STARLINK-31768,satellite,0,10,43.0119,329.6077,67.5196,323.6954,31.215,6865.2207,482.9189,6374.328745719218,-725.6012224421352,2424.6050073619804,-2800.3955390697515,-5772.031610903574,2424.6050073619804,20.8216,-115.8811,25
1221,STARLINK-31769,satellite,0,10,42.9901,329.7966,102.2813,189.9055,292.1868,6859.9848,494.1235,-98.64998184064281,-5321.691155074023,-4333.637874801292,-4987.194898103873,1859.5740418808148,-4333.637874801292,-39.3273,159.551,19
1222,STARLINK-31784,satellite,0,67,42.9945,333.2276,91.5796,210.2542,301.8338,6861.2664,492.4461,1310.9587014395663,-5438.4062491774675,-3976.3248334924947,-5565.206949324628,568.6359636547068,-3976.3248334924947,-35.5739,174.1659,9
1223,STARLINK-31777,satellite,0,67,42.986,333.2889,102.2417,178.6036,280.8453,6858.9435,495.1976,-1062.9268409722208,-4985.530329642368,-4596.231367917857,-4350.006513373147,2657.5871520336495,-4596.231367917857,-42.217,148.5776,16
1224,STARLINK-31758,satellite,0,17,43.0022,325.682,114.7279,112.0409,226.7688,6862.8627,490.6741,-5944.614828332154,-370.1132524083523,-3410.6265775759693,1624.1679928389167,5730.402045918979,-3410.6265775759693,-29.9508,74.1757,4
1225,STARLINK-31774,satellite,0,17,43.0154,326.1608,60.6687,320.8003,21.469,6866.4321,482.8234,6324.527632321077,-2030.1100145288779,1712.7205266853728,-4014.404957721004,-5292.026953683089,1712.7205266853728,14.5454,-127.1831,4
1226,STARLINK-31763,satellite,0,10,42.9854,329.8657,92.6044,178.3615,270.9659,6858.7328,495.4678,-2420.232124890059,-4399.839879394993,-4679.046028106713,-3346.9728150231267,3743.5127191129673,-4679.046028106713,-43.1559,131.799,15
1227,STARLINK-31749,satellite,0,0,43.0223,71.0516,153.6774,32.5938,186.2711,6867.5073,483.2531,-1696.391333168295,-6628.559879808501,-511.3583880575934,-5689.596818285401,3800.531236657849,-511.3583880575934,-4.3008,146.2579,5
1228,STARLINK-31781,satellite,0,16,43.016,57.2944,64.2354,323.0045,27.2399,6865.736,482.8716,1363.503045477697,6371.697876664969,2141.7375553770107,5557.800526413066,-3401.253841618776,2141.7375553770107,18.3016,-31.4657,4
1229,STARLINK-31541,satellite,0,61,42.9945,64.2381,86.1852,38.2169,124.4021,6861.463,484.7846,-5409.982255178762,-1690.3485211447335,3857.633849136093,201.3229974989319,5664.331838351573,3857.633849136093,34.4061,87.9644,4
1230,STARLINK-31797,satellite,0,0,42.9851,71.3153,98.9459,341.1263,80.0722,6858.9278,486.9757,-4300.878612386792,2702.168026338253,4604.110247481669,3976.612470154515,3160.035149054915,4604.110247481669,42.3686,38.4726,7
1231,STARLINK-31798,satellite,0,0,42.984,71.7301,86.3649,176.8971,263.262,6858.7729,495.6036,4482.734782283456,-2327.99563305588,-4647.453457792478,-3684.022894399642,-3455.78502070954,-4647.453457792478,-42.7942,-136.8309,4
1232,STARLINK-31802,satellite,0,0,42.9953,71.6008,89.5111,216.127,305.6382,6861.6993,492.2218,5133.753308709349,2507.035555732505,-3804.035020227047,660.7496538857803,-5674.86213112539,-3804.035020227047,-33.822,-83.3587,11
1233,STARLINK-31791,satellite,0,0,43.0077,71.1192,107.0536,36.79,143.8436,6864.4877,483.2749,-4591.399111365368,-4281.775327342336,2759.8426775404228,-2514.8910743287147,5752.379389256765,2759.8426775404228,23.8623,113.6145,5
1234,STARLINK-31727,satellite,0,0,42.9936,71.7974,76.391,165.657,242.0479,6860.6138,493.1574,3207.6500755232,-4441.405851163514,-4134.3319751013,-5254.338715804059,-1551.460473668616,-4134.3319751013,-37.2113,-163.5496,4
1235,STARLINK-31807,satellite,0,0,42.9864,71.6582,97.2075,187.1995,284.407,6859.2224,495.1036,5153.492020956213,90.67392962844607,-4532.801842605828,-1625.1520023854694,-4891.3784090699955,-4532.801842605828,-41.5063,-108.379,4
1236,STARLINK-31806,satellite,0,0,43.0196,71.4604,59.1134,324.2235,23.3369,6866.2381,482.2468,119.03009972374052,6602.500267358465,1853.6903072745788,6188.614654298847,-2303.958898441206,1853.6903072745788,15.7733,-20.4198,4
1237,STARLINK-31804,satellite,0,0,43.0201,71.0805,131.5325,33.5331,165.0656,6867.0188,482.1457,-3371.6774958554142,-5850.7683182767005,1206.0968853550999,-4399.801800535655,5122.640253444644,1206.0968853550999,10.1888,130.6591,6
1238,STARLINK-31660,satellite,0,93,43.0185,30.9925,18.8131,323.4382,342.2513,6866.7781,484.9976,6390.08487982232,2054.235852734782,-1427.1637608130097,-183.41055971744584,-6709.65202350904,-1427.1637608130097,-12.0766,-91.5658,4
1239,STARLINK-31800,satellite,0,0,43.0062,71.5424,37.2,282.5618,319.7618,6863.8623,489.358,4734.089954931528,3943.2494606746036,-3023.9794735348423,2148.1944985195128,-5774.606861685447,-3023.9794735348423,-26.2838,-69.5944,13
1240,STARLINK-31789,satellite,0,0,42.9814,71.2374,79.6784,21.6743,101.3527,6858.9028,486.9695,-5089.961569681323,303.8290705414901,4582.384019312195,1976.1972311759316,4700.49629171553,4582.384019312195,42.1232,67.197,4
1241,STARLINK-31795,satellite,0,83,43.0214,12.7937,21.4213,322.5951,344.0164,6866.9031,485.8932,6740.103868904663,113.66632527096515,-1289.4118210517438,-2130.133849092216,-6395.658682424805,-1289.4118210517438,-10.8947,-108.4208,4
1242,STARLINK-31796,satellite,0,0,42.9866,71.3576,98.9761,326.9218,65.8979,6860.1253,485.8438,-3442.6873013577547,4116.064317088521,4266.870545350352,5025.464474108917,1881.1666956462225,4266.870545350352,38.6648,20.5222,13
1243,STARLINK-31801,satellite,0,0,43.0074,71.8508,153.973,66.8645,220.8375,6863.7256,489.1514,1501.1497649151133,-5956.266536381343,-3061.1208760889626,-6116.836892773122,561.1310865836657,-3061.1208760889626,-26.6323,174.7586,7
1244,STARLINK-31787,satellite,0,0,43.0012,71.4154,81.7317,322.934,44.6657,6863.1801,483.8616,-1787.1633340641322,5746.0979950974015,3287.515429576522,6013.526550113421,-221.5702664316412,3287.515429576522,28.7992,-2.1101,10
1245,STARLINK-31277,satellite,0,0,43.0227,71.4918,35.8724,326.354,2.2264,6867.5948,482.6079,1991.4572172957971,6562.822770111256,181.84862332697202,5529.64098438559,-4057.045124719896,181.84862332697202,1.5284,-36.2671,7
1246,STARLINK-31799,satellite,0,72,43.0174,60.6891,121.5046,35.6165,157.1211,6866.2239,482.3769,-4793.764399121805,-4555.880782041646,1819.2570270568021,-2706.2797583206398,6034.258586120421,1819.2570270568021,15.4727,114.1556,5
1247,STARLINK-31764,satellite,0,0,42.9927,71.1682,85.5385,37.059,122.5975,6861.2432,485.353,-5191.217517605869,-2132.245762584707,3938.928283622153,-288.1360814382608,5604.657786674569,3938.928283622153,35.2321,92.943,4
1248,STARLINK-31589,satellite,0,67,43.017,333.1879,126.7179,34.1527,160.8706,6866.7128,481.9185,-5042.265636654485,4389.739945761221,1533.4193452232291,5814.59690228347,3299.200267633639,1533.4193452232291,12.9966,29.5706,4
1249,STARLINK-31665,satellite,0,10,42.9894,329.8356,81.5299,34.3377,115.8676,6860.3256,485.9306,-318.6974468925577,5404.522863005573,4206.450865129588,5203.866987348163,-1493.3866938585409,4206.450865129588,38.0195,-16.0122,12
1250,STARLINK-31912,satellite,0,67,43.0206,333.5835,42.4598,322.6317,5.0914,6867.6092,482.7277,6318.207108239059,-2641.606175244197,415.4027248821081,-4589.130079075841,-5083.080696291592,415.4027248821081,3.4929,-132.0765,4
1251,STARLINK-31904,satellite,0,67,42.9906,333.4654,97.369,324.2811,61.6501,6860.7701,485.3879,4884.198458790061,2494.0844531441066,4114.141690221943,731.3718059729208,-5435.15842691731,4114.141690221943,37.0486,-82.3361,96
1252,STARLINK-31858,satellite,0,67,43.017,333.1253,89.2539,114.1699,203.4239,6866.1418,491.0161,-6523.33382039632,1068.081118943522,-1862.4946242181416,3172.917931950481,5798.902758805081,-1862.4946242181416,-15.8293,61.3144,2
1253,STARLINK-31881,satellite,0,10,42.9921,329.5723,79.6593,163.3615,243.0209,6860.5621,493.5798,-4950.924944029554,-2280.8839348187926,-4171.045510475876,-508.11051598320245,5427.330193481486,-4171.045510475876,-37.595,95.3485,4
1254,STARLINK-31885,satellite,0,10,42.9846,329.9728,99.3546,333.7905,73.1451,6859.485,486.5267,4122.762897405941,3160.778218792123,4473.328166780448,1613.01880756768,-4938.204449296391,4473.328166780448,40.9082,-71.9109,78
1255,STARLINK-31880,satellite,0,10,43.0127,329.7447,115.9333,35.236,151.1693,6865.5508,482.7553,-3971.5301472505244,5116.316164352508,2256.1523689293936,6144.547818595516,2047.992897723921,2256.1523689293936,19.3167,18.4334,4
1256,STARLINK-31886,satellite,0,67,43.0154,333.55,62.147,323.9946,26.1416,6866.0258,482.872,6497.10735094971,-764.2904249388768,2061.621671534647,-2877.6469423297017,-5875.005690100949,2061.621671534647,17.5946,-116.0962,21
1257,STARLINK-31909,satellite,0,67,42.9858,333.017,85.015,174.8939,259.9089,6858.9193,494.9571,-3314.4675723470336,-3859.353907852277,-4607.213750749458,-2540.2949114464177,4407.630841741867,-4607.213750749458,-42.3428,119.9566,9
1258,STARLINK-31910,satellite,0,67,43.0245,333.1516,151.7699,30.3247,182.0946,6867.6195,482.9154,-6200.15985812503,2933.018557276736,-171.10338889364672,4824.833448065329,4874.99357148958,-171.10338889364672,-1.438,45.2963,4
1259,STARLINK-31902,satellite,0,67,43.0202,333.6102,19.499,324.3123,343.8114,6867.0148,484.8301,5281.636426190844,-4182.129514292866,-1305.2817677738592,-5698.216704174763,-3593.9138839222574,-1305.2817677738592,-11.0322,-147.76,4
1260,STARLINK-31913,satellite,0,10,43.0211,329.7094,136.7657,35.5651,172.3308,6867.5264,482.3294,-5533.114346387755,4007.247264355366,624.6365937745155,5616.727861014439,3889.184123076423,624.6365937745155,5.2566,34.6998,4
1261,STARLINK-31866,satellite,0,17,42.9818,325.9566,99.7193,183.1264,282.8457,6859.1263,494.6441,-1476.1369126296668,-4910.557948202574,-4562.06603227292,-4142.121494217967,3022.480616086866,-4562.06603227292,-41.837,143.882,14
1262,STARLINK-31917,satellite,0,67,42.9812,333.3908,96.1672,346.8704,83.0376,6858.7719,486.9769,2972.7167058467344,4078.7139373702853,4639.195452021634,2860.6598864856,-4158.0737138693285,4639.195452021634,42.7669,-55.4729,24
1263,STARLINK-31860,satellite,0,10,42.9818,329.8949,85.6393,8.7677,94.407,6858.7995,486.8128,2052.308468326501,4589.846801846333,4659.718055055508,3648.3370291086417,-3459.5231803846045,4659.718055055508,43.0024,-43.4783,6
1264,STARLINK-31854,satellite,0,48,43.0171,300.3263,13.3251,322.8102,336.1352,6866.1157,485.9521,1416.5745217850454,-6441.966441501539,-1894.1086649689712,-6546.922244736077,802.1372267775997,-1894.1086649689712,-16.1173,173.0149,5
1265,STARLINK-31842,satellite,0,10,42.9961,330.0295,89.4948,322.421,51.9157,6862.1343,484.7266,5635.6972552034495,1306.706888146099,3680.4245811568935,-638.1367851800986,-5749.899815408628,3680.4245811568935,32.6258,-96.3329,119
1266,STARLINK-31871,satellite,0,67,42.9949,333.25,88.5227,37.0582,125.5809,6861.6996,484.7121,-1726.6664491992594,5437.58097590384,3802.5658225060747,5702.421276150108,-176.22566672400285,3802.5658225060747,33.8493,-1.7701,13
1267,STARLINK-31875,satellite,0,10,43.0068,329.77,98.666,38.2745,136.9405,6863.5066,484.1293,-2605.2833650675343,5480.909243518943,3193.5830646178642,6034.946716723646,638.189371813339,3193.5830646178642,27.9031,6.0365,9
1268,STARLINK-31877,satellite,0,67,43.0066,333.5133,77.0532,323.3445,40.3977,6863.9351,483.6861,6123.847970946806,579.7166464375226,3031.417112977949,-1485.945344755915,-5969.049488304173,3031.417112977949,26.3769,-103.9792,66
1269,STARLINK-31884,satellite,0,67,42.988,333.3441,79.489,24.6619,104.1509,6859.2225,486.5138,683.6196602839134,5097.538757817356,4532.395942190584,4581.573614962219,-2336.9682150296417,4532.395942190584,41.5654,-27.0252,8
1270,STARLINK-32108,satellite,0,82,43.0178,355.0576,14.3379,323.6846,338.0225,6866.415,485.422,6178.064238189938,-2418.9131797776695,-1752.0295171817347,-4332.544227947596,-5024.806385860206,-1752.0295171817347,-14.8809,-130.7689,4
1271,STARLINK-32080,satellite,0,82,43.0061,355.3997,139.2813,78.7621,218.0433,6864.1508,489.2747,-5636.078100296348,-2649.6385186103917,-2885.0143430004005,-628.5217197581999,6196.040758398556,-2885.0143430004005,-24.9923,95.7922,4
1272,STARLINK-32091,satellite,0,1,42.9885,343.9513,101.7816,193.8284,295.61,6860.1961,493.8269,1599.5573020240042,-5171.32752102692,-4220.344919704915,-5409.071425162579,207.74554069442368,-4220.344919704915,-38.1154,177.8005,9
1273,STARLINK-32085,satellite,0,71,43.0066,351.5189,67.1392,338.7968,45.936,6863.1053,483.8561,5247.907506602876,2860.345483122856,3360.6727685516416,956.1331487700271,-5899.823631474356,3360.6727685516416,29.5015,-80.7946,79
1274,STARLINK-32100,satellite,0,67,42.9879,333.3487,102.353,185.4006,287.7536,6859.4919,494.6134,-274.32225459529803,-5212.437375502377,-4457.100568368141,-4825.822182513947,1989.0189430110206,-4457.100568368141,-40.6707,157.6004,18
1275,STARLINK-32089,satellite,0,71,42.9997,351.2609,93.6142,37.6089,131.223,6862.4516,484.3805,-3893.074985975321,4414.653678872236,3517.3127190718915,5456.627962655875,2206.9008196946484,3517.3127190718915,31.019,22.0206,7
1276,STARLINK-32103,satellite,0,91,42.9992,340.8768,94.9307,35.3681,130.2988,6862.3551,484.3954,-2937.067608150507,5066.430384002231,3566.45897284581,5754.104251580535,1088.7457153673456,3566.45897284581,31.5007,10.7144,11
1277,STARLINK-32105,satellite,0,71,43.0247,351.1906,130.9939,35.6039,166.5978,6867.0985,482.4672,-6416.498960310715,2170.715292424097,1084.9213395108393,4177.567233242045,5332.109882605077,1084.9213395108393,9.1556,51.9222,5
1278,STARLINK-32106,satellite,0,1,43.0229,343.8187,31.0753,328.1723,359.2477,6867.5505,482.7584,6570.1747683306,-1975.0665759842543,-61.464748194058345,-4044.0243344416926,-5542.016929640476,-61.464748194058345,-0.5165,-126.1183,4
1279,STARLINK-32090,satellite,0,82,42.9939,355.3681,56.1331,182.9564,239.0895,6861.0833,492.3854,-3861.890605511136,-4008.164236559542,-4015.4283613453154,-2498.952162592409,4973.411071412138,-4015.4283613453154,-35.9775,116.6778,8
1280,STARLINK-32088,satellite,0,1,43.002,343.8916,31.9393,284.901,316.8403,6863.3594,489.4375,3857.032482797942,-4687.3930268430795,-3201.7327815667827,-5701.938296388839,-2082.3670727395606,-3201.7327815667827,-27.9568,-159.9376,4
1281,STARLINK-32107,satellite,0,71,42.997,351.6901,98.1358,208.6524,306.7882,6861.9622,491.5606,3485.9765655377273,-4571.907001198354,-3748.3997267518816,-5469.829763011503,-1770.6859142033804,-3748.3997267518816,-33.267,-162.0623,4
1282,STARLINK-32104,satellite,0,5,43.0023,348.15,65.2049,246.1995,311.4044,6862.6272,490.7252,3669.312298055892,-4616.641040065348,-3510.9733381750784,-5572.884986435752,-1928.7768563104598,-3510.9733381750784,-30.9252,-160.9093,4
1283,STARLINK-32094,satellite,0,71,42.9873,351.7563,102.3462,183.5458,285.892,6859.325,494.6117,1167.6159488659575,-5048.39409252893,-4500.934710054733,-5149.727052297285,574.3876777618676,-4500.934710054733,-41.1554,173.6357,9
1284,STARLINK-32099,satellite,0,71,43.0101,351.226,107.5795,37.5913,145.1708,6865.0508,483.6089,-5127.053686634557,3689.554897497743,2671.9577947916446,5182.258751701195,3611.6047787235743,2671.9577947916446,23.0572,34.8733,4
1285,STARLINK-32096,satellite,0,71,42.9922,351.4596,99.3793,327.8386,67.2179,6860.1391,486.0261,3311.8774953223196,4177.844675854836,4310.165764463884,2841.5864317760193,-4510.909579046944,4310.165764463884,39.1291,-57.7917,30
1286,STARLINK-32102,satellite,0,71,42.9863,351.319,78.3167,31.6548,109.9715,6859.5595,485.889,-1603.228527498988,5012.538654610545,4392.967713848553,5260.504832020931,-151.57304389598966,4392.967713848553,40.029,-1.6504,18
1287,STARLINK-32092,satellite,0,71,43.0238,351.5829,45.111,325.6391,10.7502,6867.2582,482.5456,6804.274315557586,-61.15834632911164,873.0997270098318,-2316.3468052710527,-6398.158077321391,873.0997270098318,7.357,-109.9019,8
1288,STARLINK-32093,satellite,0,71,43.018,351.5609,60.4154,324.3708,24.7863,6866.1203,482.7293,6468.3594019564935,1165.78766851984,1961.7975966108902,-1047.4650575200503,-6488.570812916078,1961.7975966108902,16.7177,-99.1703,24
1289,STARLINK-32087,satellite,0,71,42.9838,351.3906,90.3179,358.3784,88.6963,6858.6308,486.9845,904.7325336216925,4933.731050304439,4672.57980868395,4353.656423587929,-2491.168155601553,4672.57980868395,43.1483,-29.7782,7
1290,STARLINK-32086,satellite,0,71,43.0234,351.1617,154.3472,33.502,187.8492,6867.393,483.658,-6821.867448601435,367.4508953760057,-639.3551688460582,2611.111982797063,6313.080853283449,-639.3551688460582,-5.3798,67.5298,4
1291,STARLINK-32098,satellite,0,71,43.0132,351.6469,15.7,312.5543,328.2543,6865.1587,487.7987,5390.891101933026,-3460.2493319695272,-2463.3448245161912,-5053.535188853143,-3936.599345541691,-2463.3448245161912,-21.154,-142.0821,4
1292,STARLINK-31472,satellite,0,64,43.0193,115.0424,23.915,325.9594,349.8744,6867.339,483.7337,-2060.1384815590445,6493.037663295539,-822.9947929477156,6808.726551921917,-212.0174552443423,-822.9947929477156,-6.9315,-1.7836,4
1293,STARLINK-31817,satellite,0,64,42.9803,114.8175,88.3985,0.6334,89.0319,6858.6277,486.8253,-4599.86166673718,-1999.5345785755478,4672.706217338786,-359.24847659347006,5002.779868843193,4672.706217338786,43.151,94.1073,4
1294,STARLINK-31833,satellite,0,64,42.9839,115.2345,91.3883,180.7858,272.1741,6858.5775,495.0701,4427.383969088375,2374.454421739587,-4675.952254416205,770.1630704121692,-4964.535371576349,-4675.952254416205,-43.1236,-81.1818,10
1295,STARLINK-31849,satellite,0,47,43.0115,108.1505,13.4215,316.9906,330.412,6865.4238,487.0121,495.40554473302643,6442.711017385667,-2311.467580703317,5912.94917172688,-2605.951649564759,-2311.467580703317,-19.7966,-23.784,7
1296,STARLINK-31661,satellite,0,47,43.0119,108.0517,72.1604,321.8332,33.9937,6864.7948,483.304,-4427.833172973631,4537.502385728602,2615.701516523976,5750.022124112684,2670.5580091795705,2615.701516523976,22.5463,24.9122,4
1297,STARLINK-31707,satellite,0,64,43.0224,115.0123,43.8563,327.2571,11.1134,6867.2688,482.1368,-3722.0875812296936,5691.2604522127085,902.1519750901816,6604.090071846272,1621.8433402169962,902.1519750901816,7.6037,13.7977,4
1298,STARLINK-31821,satellite,0,64,42.9984,115.1245,87.187,220.312,307.499,6861.9522,491.3813,1831.658159931914,5473.547009216723,-3713.4009449551654,4555.173938299492,-3544.725499779581,-3713.4009449551654,-32.9184,-37.8892,11
1299,STARLINK-31819,satellite,0,64,43.0195,115.0605,3.1858,332.6409,335.8267,6866.0422,485.585,-790.6680683434456,6541.192867616229,-1917.1105284401017,6432.754781619442,-1425.4915100426201,-1917.1105284401017,-16.3193,-12.4948,3
1300,STARLINK-31726,satellite,0,64,42.9856,114.7455,78.6958,31.5032,110.199,6859.7526,485.48,-3283.221699727606,-4119.427730495151,4386.293031206152,-2795.994031307988,4464.487309112298,4386.293031206152,39.959,122.0579,7
1301,STARLINK-31759,satellite,0,64,43.0125,115.4073,166.7988,41.73,208.5288,6865.5451,486.867,4751.762516345087,-4417.988708942473,-2235.871360694559,-5744.812362867135,-3015.7921280377245,-2235.871360694559,-19.1244,-152.3024,2
1302,STARLINK-31818,satellite,0,64,42.9863,115.3016,78.5911,172.3263,250.9174,6859.6035,494.4789,5248.854790929291,-0.764775228522296,-4422.6785377950855,-1743.0613183197243,-4950.981159499603,-4422.6785377950855,-40.2935,-109.3953,4
1303,STARLINK-31816,satellite,0,64,43.0198,115.4377,140.7418,32.4617,173.2036,6867.4615,482.2931,2389.9695587993033,-6406.62368349453,553.8935071104747,-6836.698734620084,-127.79642383304187,553.8935071104747,4.6599,-178.9291,4
1304,STARLINK-31809,satellite,0,47,43.0213,108.0867,47.1204,325.6662,12.7865,6867.1737,482.0074,-3131.9002973590423,6014.413644496525,1035.8046436686332,6713.009173080824,957.8511376181286,1035.8046436686332,8.7384,8.1205,5
1305,STARLINK-31779,satellite,0,64,42.9888,114.8865,98.5595,329.1927,67.7522,6859.9464,486.0056,-5302.76268305279,401.3716023887868,4326.533149143064,2138.847543703745,4868.85226935197,4326.533149143064,39.3061,66.2845,4
1306,STARLINK-31805,satellite,0,64,42.9973,114.6811,93.8214,37.6976,131.519,6862.5789,484.3153,-1513.9653010712434,-5697.905817303162,3501.182579136751,-4872.268276226814,3319.521573989051,3501.182579136751,30.8617,145.733,7
1307,STARLINK-31681,satellite,0,47,43.0217,108.1137,21.779,329.8987,351.6777,6867.3625,483.469,-1420.678265421103,6678.421094586201,-677.5891946435611,6771.331706073238,-876.7565094033681,-677.5891946435611,-5.7027,-7.3776,5
1308,STARLINK-31636,satellite,0,64,42.9961,114.9298,86.98,326.4061,53.3861,6861.916,484.8804,-5373.9851402392405,2011.6695482565833,3753.170534159311,3681.480678126061,4401.503229066122,3753.170534159311,33.3516,50.0904,4
1309,STARLINK-31640,satellite,0,64,43.0078,115.0852,23.5099,298.0938,321.6037,6864.1807,488.8398,542.6565230604883,6193.070959543945,-2907.5541961742147,5661.779361261085,-2567.65622238739,-2907.5541961742147,-25.2026,-24.3946,5
1310,STARLINK-31677,satellite,0,64,42.9977,115.3626,102.8458,126.938,229.7838,6862.2795,490.88,5361.763689515354,-2362.396704959286,-3574.082223239114,-4008.264086920526,-4273.552042892535,-3574.082223239114,-31.5423,-133.1653,4
1311,STARLINK-31783,satellite,0,64,43.0199,115.4399,153.4405,33.8324,187.2729,6867.4668,483.5315,3497.237549706099,-5873.534835889423,-592.632162050856,-6701.390940269217,-1349.2373450059065,-592.632162050856,-4.9857,-168.6164,4
1312,STARLINK-31808,satellite,0,64,43.0127,114.6341,116.1288,36.609,152.7378,6865.7549,482.6215,453.1298850876604,-6499.448903789096,2143.1473331787693,-6281.33309930703,1730.0338844296602,2143.1473331787693,18.3148,164.6011,4
1313,STARLINK-31822,satellite,0,64,43.0112,114.9756,68.4428,323.7418,32.1847,6865.1289,483.1048,-4872.301473518775,4133.838762689341,2491.948586051488,5516.786750006114,3223.818934078519,2491.948586051488,21.4269,30.3005,3
1314,STARLINK-31363,satellite,0,32,43.002,137.2979,83.0225,323.7923,46.8148,6862.8529,483.8479,-5928.067063720886,495.36863213847005,3409.790002125092,2435.0824795924595,5427.498734339875,3409.790002125092,29.9757,65.8363,5
1315,STARLINK-31868,satellite,0,32,43.005,137.2769,77.3188,322.4478,39.7666,6863.9615,483.248,-6048.517223160448,1219.5578483391223,2991.7675849797783,3158.1918590920554,5300.726943116274,2991.7675849797783,26.0081,59.2134,5
1316,STARLINK-31848,satellite,0,32,43.0182,136.9864,148.6356,32.695,181.3306,6867.6085,483.022,5094.9281633768705,-4594.052783837753,-108.69557225942302,-6024.8059756206085,-3281.055764046755,-108.69557225942302,-0.9134,-151.4277,4
1317,STARLINK-31890,satellite,0,32,43.0166,137.0186,124.6767,35.5854,160.2621,6866.5132,482.4028,3568.599457345011,-5640.825393064931,1580.3644538143126,-6505.564901036964,-1493.8000269129573,1580.3644538143126,13.4007,-167.068,9
1318,STARLINK-31862,satellite,0,65,42.9984,140.1109,82.4863,228.6909,311.1772,6862.5727,491.5086,-1044.3154589004305,5797.395239007842,-3523.3507847568058,5815.329261624918,-939.3252439161859,-3523.3507847568058,-31.0421,-9.1755,4
1319,STARLINK-31870,satellite,0,65,43.0144,140.067,18.1917,314.2076,332.3993,6865.6511,486.5645,-3171.0844495137426,5686.3380284669065,-2168.977766729967,6416.543099891784,1103.7170865615562,-2168.977766729967,-18.5323,9.76,4
1320,STARLINK-31888,satellite,0,65,42.9852,140.2183,95.9364,180.0299,275.9662,6858.7072,495.2186,2647.016146673711,4294.051093245482,-4654.248982632828,3171.9022460657598,-3922.321431697949,-4654.248982632828,-42.8746,-51.0382,9
1321,STARLINK-31863,satellite,0,65,42.9878,140.1728,103.5274,186.5928,290.1202,6859.6853,494.3088,1206.2008237458124,5132.709448643452,-4394.332328654221,4441.280981812072,-2841.592854719556,-4394.332328654221,-39.9849,-32.6117,3
1322,STARLINK-31873,satellite,0,65,42.9955,140.3492,93.4778,140.1212,233.5991,6861.752,491.9347,5714.395092292148,511.98331531779706,-3767.317912522762,-1413.9215482627903,-5560.329490357072,-3767.317912522762,-33.4545,-104.2672,4
1323,STARLINK-31865,satellite,0,65,43.0107,140.3988,170.6788,41.7821,212.4609,6864.919,487.31,6178.300000504647,-1615.7872140113172,-2512.5081933086663,-3575.035249180545,-5291.62377577193,-2512.5081933086663,-21.5984,-124.0431,4
1324,STARLINK-31823,satellite,0,65,43.0199,140.4332,156.6885,34.4384,191.1269,6867.2464,484.0761,5806.935480085156,-3542.333856654686,-903.4542843302091,-5269.069918211265,-4301.805553354897,-903.4542843302091,-7.6125,-140.7709,4
1325,STARLINK-31916,satellite,0,65,43.0206,140.4611,136.1164,33.8278,169.9443,6867.3021,482.447,4651.818054033826,-4975.5533591915555,817.2438575245085,-6237.585834860701,-2736.4329684358354,817.2438575245085,6.8842,-156.3129,9
1326,STARLINK-31907,satellite,0,65,43.0152,140.4812,121.1516,34.6213,155.7729,6866.0487,482.4423,3515.5180307737273,-5567.662911899478,1920.0838265025573,-6418.930664587636,-1468.0144578486609,1920.0838265025573,16.353,-167.118,9
1327,STARLINK-31687,satellite,0,65,43.0199,140.8609,47.9175,326.1502,14.0677,6867.0901,482.0394,-5930.299506722291,3254.4483393963255,1137.5541004495306,5038.4583205459785,4513.737252582515,1137.5541004495306,9.6044,41.8558,4
1328,STARLINK-31810,satellite,0,65,42.9779,140.6531,85.3843,6.6531,92.0374,6858.6303,487.3,-2989.461372375869,-4030.738220848258,4670.543021243254,-2809.8461453361347,4157.943547172576,4670.543021243254,43.1225,124.05,7
1329,STARLINK-31812,satellite,0,65,43.0,140.5227,97.2783,37.2744,134.5526,6863.0367,484.067,1441.2165956151264,-5816.98992068262,3332.541089594133,-5965.562902169093,571.4335246234064,3332.541089594133,29.2299,174.5284,3
1330,STARLINK-31815,satellite,0,65,42.9845,140.5824,79.7451,33.6039,113.349,6859.9778,486.0021,-824.6276598881462,-5282.466055861377,4291.464293656126,-4709.208056515316,2531.3668025854126,4291.464293656126,38.9278,151.7404,6
1331,STARLINK-31814,satellite,0,65,43.0289,140.8772,12.7806,340.107,352.8876,6867.4869,482.8029,-4889.7803794703705,4777.493045248879,-579.6553428427238,6129.746709986827,3026.647853361947,-579.6553428427238,-4.8768,26.2785,4
1332,STARLINK-31794,satellite,0,65,42.9961,140.7846,84.8424,324.6824,49.5249,6862.3998,484.4063,-5860.317376143708,-141.6778114115032,3556.95019721532,1811.668463014012,5575.056029449272,3556.95019721532,31.4073,71.9979,5
1333,STARLINK-31824,satellite,0,65,42.9827,140.7229,97.8128,333.0126,70.8254,6859.5642,486.0907,-4741.740738874513,-2241.3310140559397,4414.517631581838,-540.2383207598177,5216.87765872019,4414.517631581838,40.2635,95.9122,4
1334,STARLINK-31947,satellite,0,45,43.0017,205.6892,48.8876,264.9773,313.8649,6862.849,490.0257,-5854.355607818002,1199.4182318500436,-3374.6602819801933,3074.7428930130677,5124.259928960474,-3374.6602819801933,-29.6069,59.0347,4
1335,STARLINK-31929,satellite,0,45,42.986,206.2341,79.5483,14.9755,94.5238,6858.6546,486.9619,2694.7884672040987,-4245.159020455786,4659.4465612668755,-4898.9767362981365,-1132.8225497150931,4659.4465612668755,42.9981,-166.98,4
1336,STARLINK-31927,satellite,0,45,43.0052,205.9763,158.1097,56.744,214.8537,6864.6145,488.1917,3806.6965835397805,5045.231849765318,-2675.1423177133906,3495.537597766237,-5265.5978007841095,-2675.1423177133906,-23.0699,-56.422,14
1337,STARLINK-31855,satellite,0,45,43.0153,205.6329,9.8035,325.1929,334.9964,6865.8492,485.8639,-6524.485576378713,-778.3615868912518,-1978.6971540644672,1431.5542614411038,6412.90972904434,-1978.6971540644672,-16.858,77.4162,4
1338,STARLINK-31887,satellite,0,45,42.9829,206.3009,104.685,328.7044,73.3894,6859.2655,486.283,372.5381743115339,-5176.554794403478,4478.749753419749,-5006.697380101914,1366.9255922915618,4478.749753419749,40.97,164.7293,4
1339,STARLINK-31852,satellite,0,53,43.0218,198.2226,172.0255,24.1775,196.203,6866.827,483.6723,5820.382518462442,3389.7864256839152,-1306.2304966666795,1265.5226334501513,-6615.584413882082,-1306.2304966666795,-11.0422,-79.1705,4
1340,STARLINK-31906,satellite,0,45,43.0202,206.043,138.2171,34.2293,172.4464,6867.3869,482.4809,6399.861232038467,2393.5147237164438,615.2807066270908,133.38534463867052,-6831.496532373559,615.2807066270908,5.1775,-88.8814,9
1341,STARLINK-31857,satellite,0,45,43.0226,205.5836,41.0046,329.4018,10.4064,6867.2243,482.068,-5694.3567926352725,-3730.6181864688765,845.4141302085717,-1628.8624244591338,6609.842550108809,845.4141302085717,7.123,103.8436,4
1342,STARLINK-31851,satellite,0,45,42.9878,205.7446,103.0964,189.4573,292.5537,6859.9905,494.0633,-4385.293916599384,3033.0623502298763,-4322.045154646282,4316.7658541126975,3129.8246781748367,-4322.045154646282,-39.2025,35.9436,4
1343,STARLINK-31903,satellite,0,53,42.9867,198.9499,76.6844,175.2722,251.9566,6859.4448,494.5773,460.4213407410819,5205.612372262653,-4449.722294267614,4757.609196284028,-2162.300329902732,-4449.722294267614,-40.5897,-24.4415,4
1344,STARLINK-31922,satellite,0,45,43.0183,205.6059,31.4859,317.6304,349.1163,6867.2687,485.0337,-6486.933985929503,-2058.2453537851793,-884.0434094416509,211.77714375410756,6802.340546868325,-884.0434094416509,-7.447,88.2168,4
1345,STARLINK-31889,satellite,0,45,43.001,206.3835,85.2525,319.7086,44.9612,6863.0668,484.0111,-2771.910362220665,-5330.708130680394,3304.657605163284,-4108.320693816203,4384.248773444535,3304.657605163284,28.9627,133.1391,7
1346,STARLINK-31859,satellite,0,53,43.0059,199.0473,164.2253,52.3975,216.6228,6864.3474,488.311,4229.405056259557,4627.5069747836515,-2792.4233616599745,2961.181822207587,-5525.6755376526235,-2792.4233616599745,-24.1426,-61.8134,14
1347,STARLINK-31895,satellite,0,45,42.9813,205.8131,90.5453,180.8908,271.4361,6858.5698,495.3009,-2340.5625443075714,4443.824257600406,-4677.772631851681,4968.7931692475395,732.7356259199682,-4677.772631851681,-43.1426,8.3888,3
1348,STARLINK-31899,satellite,0,45,42.9859,205.8825,78.9148,171.3195,250.2343,6859.5809,494.3786,25.653735367565996,5264.377583861325,-4404.075272664588,4957.3619737668005,-1771.6917679581989,-4404.075272664588,-40.0907,-19.6662,4
1349,STARLINK-31896,satellite,0,45,42.9946,205.9434,109.2344,119.7878,229.0222,6862.4019,490.7787,2389.140236468138,5376.889985933697,-3533.407825639495,4278.94322392717,-4038.512334604521,-3533.407825639495,-31.1441,-43.3442,11
1350,STARLINK-31892,satellite,0,45,42.9972,206.1204,84.33,45.4604,129.7904,6862.3352,485.9068,5637.689893204801,-1528.2566592008907,3593.763739783455,-3313.014109779003,-4810.7227374627055,3593.763739783455,31.7616,-124.5541,53
1351,STARLINK-31891,satellite,0,45,42.9864,206.1867,77.7941,30.9045,108.6986,6859.5218,486.2236,4068.430737459852,-3292.7273910199306,4427.478148472628,-4456.52572775305,-2744.733279383661,4427.478148472628,40.4048,-148.3715,4
1352,STARLINK-31882,satellite,0,53,42.9954,198.9828,75.2825,162.5153,237.7977,6861.0921,492.5037,2076.9662419830925,5206.557052947263,-3960.503378683126,4221.89360322195,-3687.4977313899244,-3960.503378683126,-35.411,-41.1347,11
1353,STARLINK-31691,satellite,0,45,43.0124,205.5475,67.6413,323.9379,31.5792,6865.1061,482.9666,-4138.936670385252,-4889.150317768401,2450.0134896093773,-3238.0201842009224,5527.1885147787425,2450.0134896093773,21.0498,120.3633,6
1354,STARLINK-31569,satellite,0,45,43.0153,206.0083,157.9152,35.727,193.6422,6867.0585,484.4536,5474.2170523709465,3987.656922577002,-1104.109453841145,1944.4012445206752,-6487.508294326227,-1104.109453841145,-9.3162,-73.3158,5
1355,STARLINK-31654,satellite,0,37,42.995,202.1658,92.6143,317.3963,50.0106,6862.3093,484.116,-2630.9742859977846,-5220.667830293985,3582.2853358922443,-4051.3031440305613,4214.776521123766,3582.2853358922443,31.6579,133.867,7
1356,STARLINK-31442,satellite,0,43,43.0217,213.4758,39.8415,327.8463,7.6878,6867.415,482.1492,-5300.6364623259105,-4309.557015162635,626.1328582421013,-2305.66850706864,6430.623710666664,626.1328582421013,5.2694,109.725,4
1357,STARLINK-31651,satellite,0,25,43.0151,209.5801,169.0845,34.1756,203.26,6866.1375,485.7225,4504.730974352258,4835.375386136827,-1848.706843108769,3065.8701868102103,-5854.391195826843,-1848.706843108769,-15.7216,-62.3595,10
1358,STARLINK-31584,satellite,0,25,42.9824,209.4377,81.8869,177.6096,259.4965,6859.0465,495.0463,-1336.7625834603766,4914.507164422497,-4600.977938055621,5079.579423768327,-370.3886490284977,-4600.977938055621,-42.2717,-4.1705,4
1359,STARLINK-31950,satellite,0,25,43.0161,209.6402,125.2885,35.5659,160.8545,6866.5892,482.3285,6445.541398655752,1775.0582147466548,1534.7310513236523,-465.1669168542487,-6669.291965942791,1534.7310513236523,13.0071,-93.9898,15
1360,STARLINK-31931,satellite,0,25,42.9913,209.9211,93.4472,328.1344,61.5816,6860.6589,485.41,-627.893452004784,-5450.0693398712265,4111.562228163361,-4932.613191191134,2401.4231410899015,4111.562228163361,37.0214,154.041,6
1361,STARLINK-31938,satellite,0,25,43.0025,209.2517,39.6679,276.6826,316.3505,6863.243,489.712,-6025.601364858132,596.0497083458014,-3230.927982651139,2562.430939895582,5486.081911643787,-3230.927982651139,-28.2329,64.9637,4
1362,STARLINK-31941,satellite,0,31,43.0007,191.8544,117.2381,115.4691,232.7072,6861.8316,490.1547,3248.773085129264,4761.374463690256,-3723.1040695002175,3412.976301528209,-4645.084079685621,-3723.1040695002175,-33.0218,-53.6934,13
1363,STARLINK-31952,satellite,0,25,43.0044,209.6789,101.0794,38.4995,139.5788,6863.7934,483.7908,6145.968777054571,-240.17668024380094,3032.794648862526,-2266.69213268974,-5717.755138327019,3032.794648862526,26.3893,-111.6249,66
1364,STARLINK-31921,satellite,0,20,43.0098,169.2388,63.2022,324.4716,27.6739,6865.7207,482.4892,-6401.9907698165325,-1154.1738840646462,2172.7915212540693,1036.3894720206524,6422.110247711239,2172.7915212540693,18.5775,80.8327,4
1365,STARLINK-31760,satellite,0,25,42.9803,209.8481,90.1931,352.6357,82.8289,6858.7849,486.9835,1734.336681242508,-4741.872026235992,4637.028073808782,-5048.7064176794665,-61.94792316842689,4637.028073808782,42.7422,-179.297,4
1366,STARLINK-31945,satellite,0,45,42.9829,205.5093,99.8529,348.2805,88.1334,6858.6282,486.9095,1957.0363099514143,-4619.775877934257,4671.185623907839,-5007.457748403769,-312.5494821025012,4671.185623907839,43.1329,-176.4284,4
1367,STARLINK-31937,satellite,0,37,43.011,202.6388,162.8242,49.2577,212.0819,6865.0212,487.7411,4340.968954429925,4698.382003640372,-2486.5208405254057,2991.004840647337,-5654.440286949749,-2486.5208405254057,-21.3628,-62.1227,12
1368,STARLINK-31940,satellite,0,37,42.9985,201.9249,92.6221,35.3614,127.9835,6861.9838,484.3338,5390.1742290898155,-2090.9401294469444,3685.4383515642817,-3761.630385118084,-4390.460760630024,3685.4383515642817,32.6778,-130.5891,42
1369,STARLINK-31933,satellite,0,25,43.0015,209.5377,141.1841,83.0724,224.2565,6863.2621,489.8289,2549.78780800826,5470.859324651029,-3266.570223848567,4314.257899896092,-4221.243701703663,-3266.570223848567,-28.5718,-44.3757,12
1370,STARLINK-31936,satellite,0,86,43.0005,177.264,144.0289,78.624,222.6529,6863.495,489.6558,5204.285458823571,3156.0899168887536,-3171.4604525492537,1249.5885204040746,-5956.846416526423,-3171.4604525492537,-27.6691,-78.1527,11
1371,STARLINK-31935,satellite,0,25,42.982,209.779,76.7276,27.4562,104.1839,6859.0801,486.8242,3872.985832957299,-3386.0337540767027,4531.437747877801,-4479.664160952255,-2529.3977249761733,4531.437747877801,41.5524,-150.5492,4
1372,STARLINK-31934,satellite,0,45,42.9955,205.8182,92.8726,213.7484,306.621,6861.7882,491.7511,-5440.220421484287,1843.7704178127885,-3756.543139675423,3545.088320192317,4519.7164059233,-3756.543139675423,-33.3475,51.8908,4
1373,STARLINK-31926,satellite,0,53,42.9798,199.0774,107.1918,327.9429,75.1348,6859.1942,485.7726,-77.73937309027151,-5155.510883890697,4516.659902128913,-4837.378562501553,1784.6861144454276,4516.659902128913,41.3951,159.7491,6
1374,STARLINK-31919,satellite,0,25,43.0204,209.6062,149.3033,32.7731,182.0763,6867.5148,482.9573,5871.603116372678,3545.412187018879,-169.59873735062692,1395.3216192285072,-6715.560163603099,-169.59873735062692,-1.4253,-78.2624,6
1375,STARLINK-31974,satellite,0,16,43.0028,57.0012,123.7828,101.3926,225.1754,6863.0986,490.3065,350.7322636361991,-5996.6814802069575,-3320.144068432055,-5773.082967585394,1659.7333958163008,-3320.144068432055,-29.0818,163.9603,14
1376,STARLINK-31975,satellite,0,16,43.0124,57.0281,162.9586,48.0088,210.9673,6865.2864,487.4709,-1036.3810598900468,-6342.181124045956,-2408.922907404625,-5638.544484390161,3082.88228919901,-2408.922907404625,-20.6665,151.3323,15
1377,STARLINK-31976,satellite,0,72,43.0223,60.9177,51.3497,324.2044,15.5541,6866.9667,482.2757,2036.919176761828,6428.944748186711,1255.0014639957317,5388.263147332116,-4055.4889425321057,1255.0014639957317,10.6063,-36.967,5
1378,STARLINK-31965,satellite,0,16,43.0104,57.1279,110.9327,36.5799,147.5126,6864.8519,482.9904,-5402.214316458266,-3396.728605086676,2512.7368193393786,-1410.8807236415666,6223.431555116307,2512.7368193393786,21.6149,102.7733,4
1379,STARLINK-31969,satellite,0,58,42.9956,53.5152,79.6586,156.9565,236.6151,6861.3799,492.2065,1124.479683545912,-5528.848720996356,-3908.1298385433442,-5588.620075480272,774.5633546130543,-3908.1298385433442,-34.877,172.1093,10
1380,STARLINK-31951,satellite,0,16,42.9998,56.7381,86.3306,223.7743,310.1049,6862.3454,491.3652,5635.497273325343,1591.3216687028967,-3580.3281836784345,-369.5938053455414,-5844.188103577001,-3580.3281836784345,-31.6012,-93.6186,4
1381,STARLINK-31949,satellite,0,16,42.9896,56.9326,80.2812,166.1784,246.4597,6860.0783,494.2603,2361.667403007788,-4808.946129950271,-4290.839089893306,-5320.2176443883145,-631.4428078080322,-4290.839089893306,-38.8654,-173.2314,9
1382,STARLINK-31977,satellite,0,7,43.0217,49.7323,26.8462,327.4642,354.3104,6867.3833,483.1291,4792.388412390204,4888.072857121438,-464.09073774236685,3020.0926830566946,-6143.2306759136645,-464.09073774236685,-3.9027,-63.8207,6
1383,STARLINK-31963,satellite,0,16,43.0231,57.0941,135.2433,33.2868,168.5301,6867.3637,482.3188,-4489.676854281443,-5102.640336928354,930.7482555305587,-3322.9778861072837,5928.908384547766,930.7482555305587,7.846,119.2693,5
1384,STARLINK-31961,satellite,0,7,42.9867,49.9907,79.9208,175.3813,255.302,6859.2086,495.0316,2600.284236338213,-4456.313622422051,-4526.82378555035,-5066.788116684187,-973.5848148781129,-4526.82378555035,-41.4402,-169.1232,8
1385,STARLINK-31964,satellite,0,16,43.0216,56.634,39.5931,327.0915,6.6846,6867.4537,482.4131,3259.8738737776907,6011.792716954049,544.8472548929617,4588.808659079709,-5070.627617456758,544.8472548929617,4.5836,-47.8556,6
1386,STARLINK-31905,satellite,0,58,43.0253,53.618,147.2945,32.8999,180.1944,6867.6402,482.8317,-4055.964616212475,-5533.695737149789,-15.883453930019407,-3873.560984834018,5662.875839720405,-15.883453930019407,-0.1335,124.3732,5
1387,STARLINK-31928,satellite,0,16,42.9872,57.2434,73.8808,31.132,105.0129,6859.1922,486.7578,-5034.328645279539,1127.360063706762,4514.841474595675,2734.565330694368,4374.649480139802,4514.841474595675,41.3676,57.9908,4
1388,STARLINK-31953,satellite,0,58,43.0233,53.5845,165.7769,35.6103,201.3872,6866.4168,485.6436,-2320.984262163469,-6228.229471212044,-1707.4612428322753,-5104.63433627123,4256.820243356013,-1707.4612428322753,-14.4936,140.1748,7
1389,STARLINK-31942,satellite,0,16,42.9857,56.8002,101.626,187.281,288.907,6859.5714,494.5567,5192.553628838282,-739.93832121945,-4427.330287911597,-2421.6333745354996,-4652.506174838082,-4427.330287911597,-40.3439,-117.497,4
1390,STARLINK-31676,satellite,0,16,43.0182,57.0637,152.4053,37.4742,189.8795,6867.379,483.8192,-2952.9831541888743,-6141.431187797842,-803.1919886496157,-4812.967743696147,4824.171228461912,-803.1919886496157,-6.7639,134.9334,4
1391,STARLINK-31908,satellite,0,7,42.9849,49.919,93.3167,183.0085,276.3252,6858.8482,496.6577,4306.04236202688,-2635.101377011741,-4652.072960217914,-3915.062713323094,-3187.168655946281,-4652.072960217914,-42.8387,-140.8517,4
1392,STARLINK-31914,satellite,0,16,42.9971,57.173,89.9594,36.3006,126.26,6861.7677,484.4774,-5595.974246333429,-1215.572732204506,3770.137743156492,710.9175452534945,5682.177494302414,3770.137743156492,33.5241,82.8686,4
1393,STARLINK-31850,satellite,0,16,43.0144,56.6657,13.7703,324.6039,338.3742,6866.4045,485.0907,5050.2029098814955,4313.294553575908,-1725.1678320040692,2392.324705754595,-6195.630866918987,-1725.1678320040692,-14.6484,-68.8869,6
1394,STARLINK-31924,satellite,0,16,42.9834,56.8676,87.3914,180.2668,267.6583,6858.6701,495.8517,4048.1601521397447,-2977.1423449101503,-4675.9040219659555,-4152.106183534071,-2830.369481160953,-4675.9040219659555,-43.1169,-145.7189,4
1395,STARLINK-31898,satellite,0,58,43.0132,53.5599,167.2826,48.2345,215.5171,6864.5488,487.9801,-972.702895569517,-6225.290607661957,-2719.7211795242793,-5549.419631365694,2984.013375959725,-2719.7211795242793,-23.4775,151.7324,16
1396,STARLINK-31861,satellite,0,7,42.9967,49.8014,96.7943,207.9757,304.7701,6861.6045,492.3386,5676.197706913718,328.15641835073313,-3845.0061738305885,-1574.6456252927335,-5463.277239681673,-3845.0061738305885,-34.2349,-106.0782,4
1397,STARLINK-31872,satellite,0,52,42.9885,264.4094,102.3144,194.3731,296.6875,6860.3835,493.3542,-4764.72779849446,-2630.9046234346865,-4181.360763873194,-900.0919084713894,5367.8789747590445,-4181.360763873194,-37.7054,99.5189,7
1398,STARLINK-31972,satellite,0,52,43.0059,264.2272,72.8032,322.9132,35.7165,6864.5361,483.2016,2352.7804348298955,-5834.305354143289,2730.6738774260566,-6284.48710608873,-282.6951596824926,2730.6738774260566,23.5952,-177.4244,5
1399,STARLINK-31958,satellite,0,49,43.0207,249.5796,32.1315,325.4139,357.5454,6867.5955,483.1639,-2593.0823904536446,-6349.246320767965,-200.48143918051213,-5128.467237237061,4553.661046021364,-200.48143918051213,-1.6849,138.3975,5
1400,STARLINK-31959,satellite,0,33,43.0162,260.2833,167.5446,35.4596,203.0042,6866.2164,485.742,-866.5921871424127,6556.957441791432,-1829.5380996995325,6472.8282342641405,-1359.1054271075786,-1829.5380996995325,-15.5545,-11.8582,4
1401,STARLINK-31957,satellite,0,52,42.997,263.7564,78.6277,155.1736,233.8013,6861.7469,491.6219,-3585.9247729661015,4469.858983275208,-3777.018345473302,5406.74553164902,1898.8413740308608,-3777.018345473302,-33.5536,19.3512,4
1402,STARLINK-31968,satellite,0,52,43.0178,263.8383,157.5413,33.9603,191.5017,6867.2301,483.1613,-272.82805218608627,6791.6460034441725,-933.3111680566634,6497.11148907923,-1997.1061265324718,-933.3111680566634,-7.8667,-17.0866,4
1403,STARLINK-31970,satellite,0,52,42.9916,264.1721,92.7298,324.1739,56.9037,6861.3363,485.3773,3799.6394848587465,-4151.257765780392,3916.8337454722346,-5177.151480473654,-2206.1966823198477,3916.8337454722346,35.0058,-156.9192,9
1404,STARLINK-31932,satellite,0,33,42.9863,260.8784,91.5815,195.4253,287.0068,6859.3757,494.8597,-5059.020363839282,-1221.0160802895393,-4475.2998990616725,527.5427879296587,5177.476790577586,-4475.2998990616725,-40.8697,84.1821,4
1405,STARLINK-31956,satellite,0,52,42.981,264.062,86.8465,5.5076,92.3541,6858.6189,487.2236,5013.291566470158,-238.3235273979368,4669.77586747903,-1888.9556205753347,-4649.917966765549,4669.77586747903,43.1143,-112.1087,92
1406,STARLINK-31960,satellite,0,52,43.0222,263.8608,145.7626,31.5818,177.3443,6867.5308,482.5772,963.9908241354492,6789.166947128263,216.88237251794524,6084.21508347266,-3162.972172346766,216.88237251794524,1.8229,-27.4684,6
1407,STARLINK-31432,satellite,0,52,43.0089,264.2379,61.5982,327.0139,28.6121,6865.5008,482.6696,1785.0682622573129,-6231.670186432739,2240.324550048709,-6470.870448709585,384.7306192779705,2240.324550048709,19.1762,176.5974,4
1408,STARLINK-31853,satellite,0,52,42.9815,264.129,100.1249,330.9598,71.0848,6859.5703,486.4055,4492.350761873091,-2696.039566946872,4421.507871193951,-4034.3900495458447,-3342.684795545386,4421.507871193951,40.3379,-140.3566,26
1409,STARLINK-31971,satellite,0,33,42.9835,260.9026,90.2531,175.659,265.9121,6858.6754,495.6137,-4868.102789960039,1275.0479791221026,-4667.770559933059,2818.7009480221086,4168.824425218619,-4667.770559933059,-43.0258,55.9359,4
1410,STARLINK-31962,satellite,0,52,42.9971,264.3679,81.1037,229.7874,310.8912,6862.4681,491.0527,-4217.423867635096,-4098.889233499645,-3538.347045288281,-2466.5147995241186,5338.900801806116,-3538.347045288281,-31.1911,114.7964,8
1411,STARLINK-31879,satellite,0,52,42.986,264.5494,79.0155,175.2652,254.2807,6859.2913,494.8021,-4634.670303851412,2310.2326463373543,-4504.784564859482,3717.701593397069,3605.001881838335,-4504.784564859482,-41.1967,44.1183,4
1412,STARLINK-31876,satellite,0,52,42.9879,263.9905,82.6325,30.9563,113.5888,6860.0707,485.9342,4857.850175499336,2247.2127762968726,4283.9144418605265,507.2444345259154,-5328.355907143714,4283.9144418605265,38.8471,-84.562,109
1413,STARLINK-31955,satellite,0,52,43.0162,263.8916,121.1641,34.9799,156.144,6866.1003,482.6248,2684.3158905496643,6021.669615737138,1892.5025784958673,4789.180079550716,-4530.9834392749535,1892.5025784958673,16.1114,-43.4131,4
1414,STARLINK-31946,satellite,0,52,42.9834,264.4754,92.9279,182.5437,275.4716,6858.7296,495.4238,-5038.048967042896,-170.22282774668628,-4658.248814354652,1511.79273564244,4808.887182068926,-4658.248814354652,-42.9186,72.5482,4
1415,STARLINK-31948,satellite,0,33,42.998,260.8127,86.2837,221.9696,308.2533,6862.0032,491.3413,-4569.753593112846,-3565.479505748804,-3675.5869936488134,-1846.3957074372106,5494.189193979394,-3675.5869936488134,-32.5424,108.5756,8
1416,STARLINK-31900,satellite,0,52,43.0128,263.7994,169.5552,43.1345,212.6897,6864.9642,487.3837,-2070.4612764019967,6034.554011993931,-2528.3820552854263,6379.6663884016225,-50.08785731931177,-2528.3820552854263,-21.7415,-0.4498,4
1417,STARLINK-31973,satellite,0,52,43.0181,264.295,26.2563,326.9853,353.2416,6867.4316,483.3612,-1264.7664781549645,-6721.246844398844,-550.875277421145,-5920.304697136334,3424.147438512454,-550.875277421145,-4.6338,149.956,5
1418,STARLINK-31966,satellite,0,52,43.0171,264.2591,46.5258,327.9554,14.4812,6867.0131,482.1288,583.5065502343907,-6733.850497692446,1170.234326414405,-6545.721790435789,1684.8586473806413,1170.234326414405,9.8828,165.5655,4
1419,STARLINK-32302,satellite,0,36,43.0028,85.7864,42.608,273.225,315.833,6863.3565,489.9747,3849.4404607603014,4652.84441289481,-3261.4811765331856,3111.2105657045395,-5175.666315306018,-3261.4811765331856,-28.5226,-58.989,16
1420,STARLINK-32364,satellite,0,36,42.983,85.9607,81.6353,177.8258,259.4611,6858.9332,495.2711,4835.840842814877,-1600.013700097344,-4600.654874081923,-3114.5312659058386,-4030.5204987979737,-4600.654874081923,-42.2664,-127.6946,4
1421,STARLINK-32331,satellite,0,23,43.0195,89.5922,158.3649,33.0047,191.3696,6867.2599,484.0005,941.0886008197398,-6733.961698520545,-922.8819013392527,-6664.524859510427,1347.5890726412435,-922.8819013392527,-7.7773,168.5687,5
1422,STARLINK-32398,satellite,0,36,43.0178,86.1234,160.4893,35.305,195.7944,6866.9409,484.7261,916.0648472893125,-6680.258678666783,-1274.2423940709216,-6605.560348291714,1353.367394101958,-1274.2423940709216,-10.7669,168.4213,5
1423,STARLINK-32365,satellite,0,36,42.9934,85.8226,99.9022,201.9128,301.8149,6861.1086,492.4477,4518.092225828777,3297.861448334573,-3977.0556978393065,1611.1009076646208,-5356.622196760574,-3977.0556978393065,-35.5814,-73.2604,12
1424,STARLINK-32333,satellite,0,23,42.9951,89.7074,89.6936,38.0304,127.724,6861.9884,484.6966,-3988.073195817714,-4174.949210202724,3698.3675539097767,-2614.394228421612,5147.802593473048,3698.3675539097767,32.8047,116.9245,5
1425,STARLINK-32399,satellite,0,74,42.9944,78.6717,93.0553,323.6089,56.6642,6861.4323,485.2056,-3368.01278121884,4517.481962943598,3906.2504870981775,5379.333038764956,1677.4771050676072,3906.2504870981775,34.8987,17.3194,11
1426,STARLINK-32421,satellite,0,36,43.0179,86.1733,124.6144,35.8332,160.4477,6866.6033,482.4476,-2106.0935395564024,-6337.492128826473,1566.1494150524945,-5279.033860618232,4090.3835979948,1566.1494150524945,13.2779,142.2302,5
1427,STARLINK-32403,satellite,0,36,43.007,86.0846,157.4276,59.5354,216.963,6864.3989,488.5759,2636.2967124999996,-5677.04548462106,-2814.8293534190198,-6230.256448114987,-602.3374316081489,-2814.8293534190198,-24.3476,-174.4778,7
1428,STARLINK-32390,satellite,0,36,42.9901,86.2692,82.5903,35.3777,117.968,6860.6152,485.419,-4628.951001205267,-2920.1987954728515,4128.793597897294,-1218.0532230314982,5335.831211957788,4128.793597897294,37.2022,102.859,4
1429,STARLINK-32348,satellite,0,23,43.0192,89.6219,136.5115,33.6689,170.1804,6867.3438,482.3208,-899.9896441603537,-6753.870851817392,798.2095578597817,-6072.165321028487,3090.883555995516,798.2095578597817,6.7232,153.0228,5
1430,STARLINK-32455,satellite,0,23,42.9837,89.8424,94.2446,350.9549,85.1995,6858.7043,486.6593,-4995.496843408097,587.400157652528,4657.214097033655,2212.332061587453,4517.25740986527,4657.214097033655,42.975,63.9066,4
1431,STARLINK-32396,satellite,0,23,43.0104,89.6591,112.5878,36.3821,148.9699,6865.2081,482.9466,-2620.146166609431,-5861.475441878113,2411.6356032329186,-4659.370138040161,4417.276333542869,2411.6356032329186,20.7051,136.5278,7
1432,STARLINK-32355,satellite,0,23,42.9875,89.8906,101.0023,330.0449,71.0472,6859.5841,486.422,-4738.7830541256235,2235.690811590734,4421.02387216595,3681.946299951957,3727.9551611264724,4421.02387216595,40.3325,45.3558,5
1433,STARLINK-32370,satellite,0,36,43.0179,85.7428,14.6232,322.4414,337.0646,6866.2846,485.9203,2419.040872698306,6157.433539648163,-1824.4725807784553,5005.303098811762,-4325.81638861319,-1824.4725807784553,-15.5099,-40.8351,12
1434,STARLINK-32405,satellite,0,23,42.9989,89.9513,85.875,323.894,49.7689,6862.3691,484.3171,-3824.701437642718,4431.761376425247,3569.9622425321704,5450.069249960249,2136.725334552525,3569.9622425321704,31.5356,21.4079,8
1435,STARLINK-32419,satellite,0,36,43.0053,86.2116,101.0749,38.1455,139.2204,6863.78,483.4849,-3611.298734480947,-4964.826290223969,3054.904112295589,-3484.5528487835086,5054.589012550628,3054.904112295589,26.5978,124.5818,6
1436,STARLINK-32320,satellite,0,23,43.0145,89.9963,64.8911,323.6141,28.5052,6865.5765,482.4988,-2392.8180627169213,6027.102686066987,2232.835977680645,6479.642830534104,256.464146360139,2232.835977680645,19.1101,2.2666,5
1437,STARLINK-32341,satellite,0,36,43.0215,86.1407,148.2318,33.443,181.6749,6867.5865,482.9807,-315.3221266463953,-6852.493795248378,-136.8188204689822,-6359.274601045602,2572.105325597421,-136.8188204689822,-1.1498,157.9784,4
1438,STARLINK-32339,satellite,0,36,43.0258,85.7119,32.5732,325.8027,358.3759,6867.6058,483.1241,654.5799987692994,6828.6685462891755,-132.68368900915405,6224.184764347928,-2884.217937175877,-132.68368900915405,-1.115,-24.8625,6
1439,STARLINK-32327,satellite,0,36,42.9822,85.8855,97.4747,183.1426,280.6174,6858.9582,495.2461,5013.336576269494,907.2805756621333,-4599.396957115005,-808.3243281549215,-5030.239899890286,-4599.396957115005,-42.2524,-99.129,4
1440,STARLINK-32337,satellite,0,36,42.9927,86.026,82.6102,155.5798,238.19,6861.134,492.5219,4005.193265976123,-3904.7260388685927,-3977.256896639584,-5012.831452722464,-2481.9305717596703,-3977.256896639584,-35.5831,-153.6593,4
1441,STARLINK-32362,satellite,0,56,42.9865,158.3508,75.6525,170.5597,246.2123,6860.0716,493.6994,4268.0137633333015,3248.813655532244,-4282.143373463464,1647.8469300365734,-5104.442393400509,-4282.143373463464,-38.7759,-72.1086,13
1442,STARLINK-32472,satellite,0,56,43.0125,158.8839,65.3797,321.2226,26.6023,6865.8973,482.1579,-6529.482662947163,114.38068430026178,2094.9776911589274,2275.3351622989394,6121.280640999449,2094.9776911589274,17.8905,69.6094,5
1443,STARLINK-32352,satellite,0,56,42.9809,158.2562,91.5394,182.9667,274.506,6858.6503,495.2476,1353.533886123222,4849.274821148998,-4664.747599045166,4125.01090099372,-2886.48667736341,-4664.747599045166,-42.9942,-34.9825,4
1444,STARLINK-32427,satellite,0,56,43.0192,158.4764,157.3297,32.1981,189.5278,6867.393,483.9354,6599.9125794835745,-1710.2546417404103,-774.8939226278221,-3804.099093858449,-5657.97199361445,-774.8939226278221,-6.5244,-123.9146,3
1445,STARLINK-32346,satellite,0,56,43.0185,158.5046,134.676,33.8427,168.5187,6867.1765,482.3466,5889.399331686631,-3392.3347853502823,931.5798148430022,-5154.949672989829,-4429.385245483907,931.5798148430022,7.853,-139.3292,4
1446,STARLINK-32330,satellite,0,20,43.002,169.2329,77.7483,323.8651,41.6134,6863.6884,483.1003,-5658.349419780281,-2313.866731567615,3105.6849993688206,-304.39592306563424,6105.590923883147,3105.6849993688206,27.0767,92.8541,4
1447,STARLINK-32379,satellite,0,56,42.9883,158.1885,100.6384,195.0486,295.687,6860.2948,493.7599,-1081.0031688562037,5306.156632408376,-4217.568269760099,5364.123155273107,-741.6527717142567,-4217.568269760099,-38.0864,-7.8719,4
1448,STARLINK-32433,satellite,0,20,43.0138,169.2748,55.8049,324.6626,20.4675,6866.5915,482.414,-6640.421527035894,-527.224201263564,1636.2241509637622,1706.9362467826766,6438.9076763484645,1636.2241509637622,13.8835,75.1526,4
1449,STARLINK-32394,satellite,0,20,43.0192,169.2964,40.728,325.6418,6.3698,6867.5488,482.4792,-6802.8676665495705,719.515394339825,519.283233168146,2936.906859513276,6178.291753374994,519.283233168146,4.3681,64.5755,4
1450,STARLINK-32486,satellite,0,20,43.0182,169.3254,27.6173,317.4681,345.0854,6867.0949,484.5728,-6276.934018011619,2497.190655893308,-1204.9210605741969,4439.202721399223,5092.086118348163,-1204.9210605741969,-10.1751,48.9186,4
1451,STARLINK-32391,satellite,0,20,43.0119,169.3634,5.3087,318.6882,323.997,6864.5339,487.6829,-4911.730019338306,3923.6517375070744,-2751.7199999304803,5331.605892363411,3330.782693095892,-2751.7199999304803,-23.7715,31.994,4
1452,STARLINK-32483,satellite,0,20,42.9911,169.4138,95.8218,206.9167,302.7385,6861.3067,492.6382,-2872.930657449069,4833.072433419496,-3936.789761135698,5512.688080380048,1105.7078446072164,-3936.789761135698,-35.1672,11.3416,4
1453,STARLINK-32451,satellite,0,20,42.9859,169.5555,80.771,179.504,260.275,6858.9589,496.1051,2037.589371407893,4657.197677592253,-4613.125754635664,3716.754941045818,-3467.9955828773172,-4613.125754635664,-42.4009,-43.017,5
1454,STARLINK-32556,satellite,0,20,42.9878,169.4816,97.4627,184.073,281.5357,6859.0416,495.0808,-451.4804545937605,5087.241470348384,-4585.3922961281505,4948.65291421182,-1262.8122240362718,-4585.3922961281505,-42.0958,-14.3154,4
1455,STARLINK-32466,satellite,0,20,42.9879,169.6028,72.6714,173.454,246.1254,6860.1868,495.0119,3561.5253624743264,4015.0876467687776,-4280.217022171177,2605.188247037852,-4692.375295762155,-4280.217022171177,-38.7464,-60.9611,15
1456,STARLINK-32316,satellite,0,75,43.0166,165.8804,16.025,319.362,335.387,6866.1287,486.1005,-5540.713568608358,3548.5942566519507,-1949.8540932997773,5186.60386303104,4048.6007972749644,-1949.8540932997773,-16.6046,37.9752,4
1457,STARLINK-32415,satellite,0,20,43.0166,169.705,164.3444,39.6665,204.0109,6865.9832,486.3705,6532.972459293617,888.5593660142832,-1905.1190874776798,-1330.422092630117,-6457.495176634846,-1905.1190874776798,-16.2125,-101.6416,4
1458,STARLINK-32393,satellite,0,20,42.9997,169.6603,111.6628,113.3247,224.9874,6863.1735,490.9765,5412.881192240071,2620.0130839270482,-3309.450377138828,674.6655739745191,-5975.665462904432,-3309.450377138828,-28.9762,-83.5585,11
1459,STARLINK-32324,satellite,0,20,43.0177,169.7598,127.0134,34.5313,161.5446,6866.6465,482.338,6120.802243430681,-2719.10101429308,1481.432355816243,-4596.702928587942,-4871.144897806547,1481.432355816243,12.548,-133.3396,4
1460,STARLINK-32318,satellite,0,20,42.9941,169.8324,89.2526,36.8945,126.1471,6861.7028,484.6464,3265.882106545723,-4699.842292367766,3775.453624608717,-5517.451262394426,-1520.6035229757938,3775.453624608717,33.5766,-164.5919,9
1461,STARLINK-32401,satellite,0,20,42.986,169.8989,75.9922,28.8789,104.8711,6859.1757,486.6018,882.0574127783565,-5080.363565281175,4517.6075632896145,-5085.09358964603,854.3666773783732,4517.6075632896145,41.3996,170.4626,4
1462,STARLINK-32588,satellite,0,20,43.0041,169.7982,104.9136,35.3517,140.2652,6863.8891,483.4694,4622.35859997021,-4089.069872600464,2989.812237881737,-5391.588632341956,-3002.9091676786243,2989.812237881737,25.9889,-150.8839,9
1463,STARLINK-32569,satellite,0,20,42.9813,169.9675,93.7091,349.8945,83.6036,6858.7021,487.1785,-1620.3297809042574,-4774.8242804133915,4644.687713122032,-3966.219832728034,3113.441142238811,4644.687713122032,42.828,141.8685,5
1464,STARLINK-32303,satellite,0,43,42.985,213.2852,98.9928,332.4306,71.4235,6859.4028,486.3663,783.2081740172855,-5172.48543740633,4430.633272896006,-5139.179305018882,978.19053097732,4430.633272896006,40.4385,169.2232,4
1465,STARLINK-32434,satellite,0,43,42.9824,213.6137,99.6411,183.2376,282.8787,6858.9219,494.9354,-3983.752545707298,3229.4796440152754,-4561.711611358559,4368.755600500566,2685.851377055951,-4561.711611358559,-41.8308,31.5826,4
1466,STARLINK-32460,satellite,0,43,43.0006,212.9243,117.4731,109.6615,227.1346,6862.6108,490.3022,1919.34778987662,5625.672595440671,-3430.705837925505,4669.565441357486,-3677.940548523903,-3430.705837925505,-30.1469,-38.2254,11
1467,STARLINK-32559,satellite,0,43,43.0087,213.0546,113.4632,35.907,149.3702,6865.1053,482.8771,6340.064406162068,1077.271647349541,2383.4863998332794,-1088.3749591444328,-6338.167781368187,2383.4863998332794,20.453,-99.7437,29
1468,STARLINK-32541,satellite,0,15,42.9926,217.0202,102.1997,197.4826,299.6823,6860.7061,492.6323,-5339.487008358498,1435.9104085353204,-4065.9718012068847,3126.916605413843,4560.0825383491065,-4065.9718012068847,-36.5001,55.561,4
1469,STARLINK-32544,satellite,0,43,42.9842,213.1663,77.7913,28.9241,106.7153,6859.3281,486.2907,4278.076312479223,-2941.890026239739,4476.414443767693,-4195.172641953265,-3058.9508603590775,4476.414443767693,40.9441,-143.902,14
1470,STARLINK-32555,satellite,0,15,42.9955,217.2242,84.1037,151.9605,236.0642,6861.2956,491.9305,531.512893174845,5634.070340165923,-3883.0749272502003,5138.174200980493,-2371.5860587225,-3883.0749272502003,-34.6234,-24.7763,4
1471,STARLINK-32547,satellite,0,43,43.0058,212.9431,169.7821,50.2889,220.0711,6863.7268,488.691,2650.398238019347,5567.07225003352,-3013.2392941337475,4371.618076662627,-4348.086895289225,-3013.2392941337475,-26.1862,-44.8454,12
1472,STARLINK-32616,satellite,0,43,43.0126,213.3929,62.5336,326.4218,28.9554,6865.3002,482.6058,-3674.162773814447,-5329.909954347978,2265.005857314459,-3808.0680854801153,5235.0768539047585,2265.005857314459,19.3959,126.0327,6
1473,STARLINK-32605,satellite,0,43,42.9929,213.0987,90.3353,37.7923,128.1276,6861.8655,485.0768,5701.156212035602,-993.2516142979753,3678.2162424629614,-2829.412273296128,-5048.183545698284,3678.2162424629614,32.602,-119.2698,68
1474,STARLINK-32579,satellite,0,15,43.0061,216.9646,20.5088,300.3929,320.9018,6863.887,488.5714,-6158.63386759936,-673.7480431886794,-2952.024638691676,1408.792764785287,6033.076370039671,-2952.024638691676,-25.6163,76.8563,4
1475,STARLINK-32537,satellite,0,15,43.0077,217.2611,165.7372,56.0889,221.826,6863.3731,489.0292,2043.863679953783,5759.766385620492,-3121.6525725500433,4754.723229844043,-3839.9081456122617,-3121.6525725500433,-27.2016,-38.9243,12
1476,STARLINK-32564,satellite,0,15,42.9823,217.1525,88.2292,169.0326,257.2618,6858.9453,495.4438,-1751.738721640957,4817.877076978348,-4564.5747979895095,5126.178391070767,53.13361166753469,-4564.5747979895095,-41.8591,0.5939,4
1477,STARLINK-32536,satellite,0,15,43.0199,217.2965,171.5093,29.2119,200.7212,6866.3223,485.0645,4030.0528423240676,5301.059307464206,-1656.4426278526196,3662.7167978813436,-5561.21042145458,-1656.4426278526196,-14.0529,-56.6304,12
1478,STARLINK-32624,satellite,0,43,42.9861,212.8368,78.1999,177.3026,255.5025,6859.0412,494.2851,-1192.0818384144352,5015.613634947408,-4530.389214864983,5126.926677982606,-540.4276853919803,-4530.389214864983,-41.4854,-6.0173,4
1479,STARLINK-32622,satellite,0,43,43.0102,212.9558,170.3642,42.6332,212.9974,6864.7721,487.432,3342.830144921261,5424.161614613061,-2549.3765753026114,4006.960267653967,-4953.817922842796,-2549.3765753026114,-21.931,-51.0319,13
1480,STARLINK-32620,satellite,0,43,42.9964,213.3438,84.7241,325.4667,50.1908,6862.1691,484.2492,-1549.7007034728763,-5631.033283991813,3591.859987901439,-4797.32529105083,3331.0325978008714,3591.859987901439,31.7515,145.2257,7
1481,STARLINK-32609,satellite,0,43,42.9796,213.2115,83.7682,8.9489,92.7171,6858.4942,486.9077,3015.754188710091,-4013.252465250279,4668.13460520935,-4786.763216117254,-1512.5695320833036,4668.13460520935,43.098,-162.464,2
1482,STARLINK-32567,satellite,0,25,43.0236,209.9463,44.7346,327.4247,12.1593,6867.0287,482.1138,-5283.3281968169385,-4262.805380652861,985.843355602404,-2267.3131978601077,6398.777806066818,985.843355602404,8.3138,109.511,5
1483,STARLINK-32420,satellite,0,43,43.0178,213.0175,138.36,32.2427,170.6027,6867.2042,482.2017,6121.253393992964,3001.1483492554576,764.1699308622111,799.0479667647533,-6770.388236616735,764.1699308622111,6.4354,-83.269,9
1484,STARLINK-32354,satellite,0,15,42.9838,217.0825,94.8553,183.6276,278.4829,6858.6877,495.4325,-3802.2353045109116,3351.421292964032,-4628.501217136168,4423.528887518465,2474.1483737018566,-4628.501217136168,-42.5802,29.219,4
1485,STARLINK-32361,satellite,0,43,42.9821,213.6387,90.1831,178.5663,268.7494,6858.5767,495.3325,-2656.092481479913,4262.302683349808,-4678.217661894497,4902.303317939209,1090.6299159601886,-4678.217661894497,-43.1475,12.5425,4
1486,STARLINK-32500,satellite,0,15,43.018,216.9184,6.7415,335.3152,342.0567,6866.6514,484.1732,-6147.135304951969,-2685.3923012424957,-1442.1084249945682,-492.6044558656785,6689.988424430994,-1442.1084249945682,-12.2065,94.2113,4
1487,STARLINK-32499,satellite,0,51,43.0046,110.9728,103.8042,39.3379,143.1421,6864.2905,483.5375,-844.9905210594278,-6200.55405223207,2805.7801816622423,-5568.479382706654,2855.331311722467,2805.7801816622423,24.2834,152.8528,5
1488,STARLINK-32372,satellite,0,51,42.9843,111.0927,76.873,23.8468,100.7198,6858.9266,486.4482,-4138.172768287915,-2962.8203248085597,4592.1408866196425,-1421.170236574403,4887.029086876138,4592.1408866196425,42.2372,106.2147,4
1489,STARLINK-32452,satellite,0,30,43.0002,104.3401,83.0815,322.7312,45.8127,6862.7936,484.0613,-4667.732287973516,3739.856416947705,3353.372279578162,5077.237869959076,3161.630329976739,3353.372279578162,29.4302,31.9108,5
1490,STARLINK-32458,satellite,0,40,43.0227,97.0601,146.9644,35.0888,182.0532,6867.5786,482.9722,1021.1135626243632,-6782.6131166442165,-167.7171821583681,-6736.981672484607,1288.2513506517666,-167.7171821583681,-1.4095,169.1745,4
1491,STARLINK-32487,satellite,0,51,42.9894,111.4584,103.9193,194.0985,298.0178,6860.4714,492.87,2945.327451659527,4621.820173687079,-4131.323123262782,3382.0627674314364,-4312.519791555058,-4131.323123262782,-37.1815,-51.8949,14
1492,STARLINK-32513,satellite,0,40,42.9909,96.9267,76.9617,168.7167,245.6784,6860.1384,493.8073,4882.461183835584,-2254.483792038005,-4264.82934834747,-3747.367161429251,-3857.2482079411116,-4264.82934834747,-38.5898,-134.1722,4
1493,STARLINK-32514,satellite,0,30,43.0154,104.3806,58.1442,326.2902,24.4344,6866.0112,482.3455,-3560.3273981037078,5533.600914767587,1935.4815734467961,6401.6743662369,1521.589818009433,1935.4815734467961,16.4881,13.3703,5
1494,STARLINK-32498,satellite,0,40,43.007,96.6906,23.6164,299.8274,323.4438,6864.3879,488.395,2326.5462518265444,5823.573907879811,-2788.151345725774,4721.0772072192785,-4127.742788244114,-2788.151345725774,-24.103,-41.1639,12
1495,STARLINK-32518,satellite,0,30,42.9858,104.5309,73.4668,169.8314,243.2982,6860.424,494.1477,5116.316862217281,-1860.2805510003775,-4181.1072334790115,-3453.143588065684,-4208.698293206583,-4181.1072334790115,-37.6976,-129.3681,4
1496,STARLINK-32471,satellite,0,30,42.9836,104.2382,101.5319,339.7547,81.2866,6858.5988,487.1352,-5060.436179947937,-212.6065566748005,4620.081739219111,1479.24360340904,4844.074136616885,4620.081739219111,42.5484,73.0188,4
1497,STARLINK-32450,satellite,0,30,42.992,104.3027,95.4764,324.5066,59.9831,6860.6985,485.2385,-5054.852571483749,2250.6930996570445,4047.985560620114,3801.016156629457,4021.122993060712,4047.985560620114,36.3587,46.6118,6
1498,STARLINK-32613,satellite,0,51,43.0136,111.7378,155.0538,43.9357,198.9895,6866.5807,485.779,3920.1407427576464,-5423.1553742263495,-1523.3837732260376,-6416.930136145166,-1897.6631112662212,-1523.3837732260376,-12.9027,-163.5256,4
1499,STARLINK-32610,satellite,0,51,42.9892,111.6421,75.9458,165.4893,241.4352,6860.5569,492.6412,5308.607488988315,-1424.1443454314567,-4110.043267280071,-3105.5673459820714,-4534.859650346093,-4110.043267280071,-36.9599,-124.4042,4
1500,STARLINK-32612,satellite,0,51,43.003,111.6962,156.891,63.3365,220.2276,6863.7411,488.9277,4948.790887926971,-3670.24081578994,-3022.9460010273247,-5104.866070410028,-3449.861055389897,-3022.9460010273247,-26.2759,-145.9492,4
1501,STARLINK-32601,satellite,0,51,42.9897,111.0224,83.3278,38.6613,121.9891,6861.1206,485.2828,-2667.52532839427,-4916.310792350468,3965.135926348945,-3752.070715534058,4148.224744422412,3965.135926348945,35.5017,132.1294,7
1502,STARLINK-32593,satellite,0,51,43.0155,111.7927,127.8224,35.817,163.6394,6866.8468,482.2682,1131.6990320820173,-6635.96309901432,1318.1535903465399,-6635.355461011573,1135.2562956086144,1318.1535903465399,11.1466,170.2912,4
1503,STARLINK-32586,satellite,0,51,43.0052,111.405,4.6483,314.4475,319.0958,6863.6779,488.6743,1166.498498912345,6028.265345900177,-3064.901102549488,5299.236259463006,-3101.418529469742,-3064.901102549488,-26.6697,-30.3386,8
1504,STARLINK-32611,satellite,0,51,43.0163,111.368,15.5794,324.8209,340.4003,6866.6376,485.1248,-788.0508688263285,6633.389965164758,-1570.362369763929,6518.855362667958,-1458.5648296944692,-1570.362369763929,-13.3089,-12.612,4
1505,STARLINK-32607,satellite,0,51,42.9801,111.57,85.3431,177.1927,262.5358,6858.6784,495.0026,4957.734072135374,1001.1674088321536,-4639.39965000745,-701.3039854393946,-5008.955582806311,-4639.39965000745,-42.7073,-97.9702,4
1506,STARLINK-32606,satellite,0,51,42.9882,111.198,99.8882,325.4479,65.3361,6860.0359,485.6244,-5283.355227129876,1019.3314841454593,4247.985217410357,2715.325717631469,4645.415522617962,4247.985217410357,38.4642,59.693,5
1507,STARLINK-32578,satellite,0,51,42.9887,111.224,95.7015,322.5447,58.2462,6860.9619,484.3195,-5280.771387956302,1819.4024012006084,3974.622872193216,3469.173438283902,4377.397309413199,3974.622872193216,35.6051,51.6025,5
1508,STARLINK-32517,satellite,0,51,43.018,111.7695,143.1579,34.6193,177.7771,6867.567,482.7194,2361.906032130855,-6438.911795137838,181.5471891407636,-6857.840456233174,-90.60621961477979,181.5471891407636,1.5258,-179.243,4
1509,STARLINK-32522,satellite,0,51,43.0231,111.3356,31.2113,330.3801,1.5913,6867.5849,482.8329,-2625.006921483656,6337.605387954753,129.99684620181048,6849.613775561836,372.41712756497225,129.99684620181048,1.0925,3.1121,5
1510,STARLINK-32560,satellite,0,51,42.9847,111.1596,94.8846,344.6641,79.5487,6858.671,486.8305,-5048.100088563132,-620.4740343772002,4596.438042913687,1090.4080409095777,4967.827778396425,4596.438042913687,42.2829,77.6202,4
1511,STARLINK-32637,satellite,0,79,43.0183,187.495,21.2824,322.3803,343.6628,6866.7101,484.4828,-6712.586132494027,540.2472078227619,-1316.820146784798,2737.8348552222196,6152.636827998362,-1316.820146784798,-11.1315,66.0116,4
1512,STARLINK-32582,satellite,0,38,43.0072,194.8798,106.5523,37.4678,144.02,6864.2454,482.7022,6119.604368516913,-1422.3173964128978,2747.9594186674967,-3373.0517077754976,-5300.477957692387,2747.9594186674967,23.7554,-122.4713,27
1513,STARLINK-32615,satellite,0,79,43.0028,187.9852,94.2996,37.288,131.5876,6862.3533,484.4126,5028.311274838749,-3082.0208713695893,3497.8872782006215,-4576.395812112535,-3720.1301454528575,3497.8872782006215,30.8291,-140.8925,4
1514,STARLINK-32592,satellite,0,38,43.0168,195.2444,35.9992,326.3306,2.3298,6867.4243,482.475,-6560.1031435289215,-1999.1539143147377,190.26401116599516,291.80624814508013,6851.7456710243905,190.26401116599516,1.5991,87.5613,4
1515,STARLINK-32225,satellite,0,79,42.9844,188.0445,77.617,32.6481,110.2651,6860.0911,485.986,3009.446239438167,-4325.956927664463,4384.6518564621365,-5079.642854815445,-1402.818047930339,4384.6518564621365,39.9376,-164.5617,4
1516,STARLINK-32595,satellite,0,38,42.988,195.1114,100.2124,325.8084,66.0208,6859.9054,485.9048,-1495.3117104926916,-5150.019217872452,4271.091574654645,-4361.639856921519,3120.056540273876,4271.091574654645,38.7097,144.4223,7
1517,STARLINK-32480,satellite,0,79,42.9803,188.089,91.6623,4.5182,96.1805,6858.4827,487.8242,1432.475838361176,-4833.217101273722,4646.968027260089,-5034.670354362729,253.11854620786997,4646.968027260089,42.849,177.1219,4
1518,STARLINK-32510,satellite,0,38,42.9824,195.4131,96.632,187.9345,284.5664,6859.0385,494.4666,-2955.5937670980475,4225.988806772665,-4528.789969476968,4967.466961869653,1385.203195856179,-4528.789969476968,-41.4663,15.5814,4
1519,STARLINK-32456,satellite,0,79,42.9805,188.1627,99.4636,335.3167,74.7803,6859.1356,486.6301,-1094.3506510999482,-5045.970565587129,4509.801123441428,-4396.588646884086,2707.2921095486795,4509.801123441428,41.3124,148.3764,7
1520,STARLINK-32509,satellite,0,79,43.0173,187.9148,134.3903,32.5494,166.9397,6866.9799,482.1244,6774.718978127438,-202.43040741647008,1057.5382315130737,-2439.7976833606126,-6323.383790876137,1057.5382315130737,8.9231,-111.0985,8
1521,STARLINK-32491,satellite,0,38,42.9936,195.3485,88.6021,217.1906,305.7927,6861.5385,491.5733,-4948.555622629892,2864.1672335970006,-3796.1992164279645,4344.420254464515,3717.2125773045454,-3796.1992164279645,-33.7467,40.5513,4
1522,STARLINK-32577,satellite,0,38,42.984,194.9713,79.8294,28.7298,108.5592,6859.3752,486.2483,3336.097623038974,-4029.178008374442,4430.922199661622,-4908.122690121918,-1809.4624705488961,4430.922199661622,40.4425,-159.7627,4
1523,STARLINK-32618,satellite,0,79,42.9796,188.0636,77.8546,25.3435,103.1981,6859.0862,486.6179,2234.645824967529,-4615.015196170313,4550.084552996682,-5095.11856217873,-575.9983170717443,4550.084552996682,41.7626,-173.5502,4
1524,STARLINK-32598,satellite,0,79,43.0174,187.4397,52.7108,326.3171,19.0279,6866.329,482.0107,-6218.0088881322945,-2460.8724681117023,1525.6217072591253,-257.2890617569782,6682.31473188016,1525.6217072591253,12.9292,92.205,4
1525,STARLINK-32630,satellite,0,38,42.9988,195.1668,81.2888,323.501,44.7898,6862.9963,483.7338,-3772.4717497443366,-4683.1688379893985,3294.494771961467,-3165.365047729568,5113.127964597215,3294.494771961467,28.8666,121.7603,6
1526,STARLINK-32599,satellite,0,38,43.0123,195.2094,56.3374,327.2273,23.5647,6865.9586,481.9425,-5540.368926317378,-3583.94380370457,1870.4113256197484,-1541.6205108226409,6415.89800639213,1870.4113256197484,15.92,103.511,5
1527,STARLINK-32473,satellite,0,79,43.0106,187.9341,120.5161,32.2988,152.8149,6865.5596,483.0086,6359.267607904373,-1427.2932816584214,2137.581705742758,-3457.3008671074904,-5524.9001199213435,2137.581705742758,18.2645,-122.037,13
1528,STARLINK-32492,satellite,0,38,43.0221,194.8381,131.5587,33.5219,165.0805,6866.8099,482.5711,6738.4100415670255,449.3663583423148,1205.0401003436027,-1812.906367932563,-6505.495408761021,1205.0401003436027,10.1791,-105.5717,12
1529,STARLINK-32496,satellite,0,38,43.0071,195.2958,18.6382,308.334,326.9721,6864.7185,487.5926,-6271.5477433751885,1120.5764124504667,-2551.3729579927754,3138.8570936541814,5543.967779414993,-2551.3729579927754,-21.9485,60.4825,4
1530,STARLINK-32495,satellite,0,38,42.9818,194.6225,86.0267,178.1421,264.1687,6858.5464,495.2509,-586.2809794952855,5009.419978137172,-4655.102992525002,4919.990630761344,-1109.8225522570601,-4655.102992525002,-42.8841,-12.7117,4
1531,STARLINK-32494,satellite,0,38,42.9936,194.9247,88.3549,34.402,122.7569,6861.0058,485.0866,4670.729435439375,-3119.618937772329,3931.8342034401644,-4493.163895230319,-3370.3433039656793,3931.8342034401644,35.161,-143.1263,5
1532,STARLINK-32408,satellite,0,79,43.0202,187.9039,143.5588,30.4621,174.0209,6867.3239,482.3838,6830.118271466341,420.7542933767377,487.5519888785733,-1870.3383181301497,-6582.505932648098,487.5519888785733,4.1007,-105.8618,5
1533,STARLINK-32571,satellite,0,79,43.0047,187.397,76.874,323.4179,40.2919,6863.6564,483.448,-4769.513195891018,-3889.397922027596,3024.630781152859,-2085.637814500336,5790.145700099212,3024.630781152859,26.3143,109.8093,5
1534,STARLINK-33566,satellite,0,77,43.0162,122.4156,42.4141,326.486,8.9001,6867.382,482.1612,-4288.1873130183085,5305.432675051372,724.0451043343455,6428.054367646106,2283.9184196507044,724.0451043343455,6.0962,19.5604,5
1535,STARLINK-33545,satellite,0,32,42.9962,136.8398,87.2042,37.8434,125.0475,6861.5983,484.3203,63.749003665003,-5687.478619167311,3827.5471372832517,-5386.149340615335,1827.805312264569,3827.5471372832517,34.1039,161.2552,4
1536,STARLINK-33562,satellite,0,32,42.99,137.0467,95.4476,325.8259,61.2735,6860.5443,485.2565,-5408.20495204799,-973.3647331326486,4099.37160060087,877.0625098343725,5424.654925514234,4099.37160060087,36.8947,80.8158,4
1537,STARLINK-33554,satellite,0,32,43.0109,136.7886,108.9931,37.3039,146.2969,6864.6825,482.9236,2252.9971114005243,-5934.449132863964,2595.81828957589,-6345.829804826267,-155.3273405025219,2595.81828957589,22.367,-178.5978,4
1538,STARLINK-33555,satellite,0,32,43.0043,137.2244,22.5272,299.6248,322.1521,6864.0859,488.6471,-1886.536007128107,5940.810999043936,-2872.0822534459526,6230.18539552912,-192.46654225588057,-2872.0822534459526,-24.8752,-1.7695,4
1539,STARLINK-33559,satellite,0,32,43.0153,137.1892,25.9262,317.4321,343.3583,6866.8303,484.6454,-3846.6275122504803,5522.020140815713,-1340.6270373564564,6485.786615159716,1795.5003860182735,-1340.6270373564564,-11.3351,15.474,4
1540,STARLINK-33553,satellite,0,32,43.0136,137.128,62.0987,323.7038,25.8024,6865.9359,482.2305,-6010.3804830198615,2601.2976204138586,2036.4787958491534,4448.925068383798,4806.0887004447895,2036.4787958491534,17.3749,47.21,5
1541,STARLINK-33556,satellite,0,32,42.9834,136.9007,76.3713,27.2806,103.6519,6859.0875,486.732,-2148.399764967054,-4663.986534050242,4541.906895591756,-3686.3757148487966,3574.7763606812537,4541.906895591756,41.6702,135.8805,7
1542,STARLINK-33551,satellite,0,32,43.0189,137.1608,39.7467,324.8792,4.6259,6867.4131,482.2856,-5289.1260142015335,4352.8343062391095,377.47248549411523,5861.728362799483,3544.313909972932,377.47248549411523,3.1739,31.1594,4
1543,STARLINK-32311,satellite,0,58,42.9944,52.8014,88.3336,325.4291,53.7627,6861.6955,485.7438,-771.6814849170838,5674.709469222314,3771.735430393168,5609.100059945163,-1155.7752341041062,3771.735430393168,33.5332,-11.643,9
1544,STARLINK-32470,satellite,0,4,43.0224,67.5981,46.1585,327.9572,14.1157,6867.0087,482.1869,1404.5355749649207,6616.667991043296,1141.4330650076906,5775.259770764379,-3521.276766349038,1141.4330650076906,9.6372,-31.3714,5
1545,STARLINK-32502,satellite,0,4,42.9868,67.8813,80.3638,173.5974,253.9612,6859.1753,494.4215,3756.087389880091,-3573.521525545498,-4497.482843574166,-4617.716979534354,-2356.8916968909243,-4497.482843574166,-41.1185,-152.9601,4
1546,STARLINK-32521,satellite,0,61,43.0162,64.0839,353.243,336.014,329.2569,6865.0018,486.6727,4884.572893071437,4183.75778196017,-2393.0915553270984,2325.113242215262,-5996.39307723533,-2393.0915553270984,-20.5271,-68.8061,10
1547,STARLINK-32549,satellite,0,4,42.981,67.3936,90.1925,1.7989,91.9913,6858.592,486.814,-4718.430597299524,1706.6911070222802,4670.613862656097,3176.1859258372006,3884.3564204170257,4670.613862656097,43.1271,50.7276,5
1548,STARLINK-32535,satellite,0,61,43.0103,64.5408,171.8828,37.0161,208.8989,6865.3338,486.5768,-393.04747284965106,-6466.863246235457,-2262.180338876497,-5969.7093464184145,2517.414721635893,-2262.180338876497,-19.359,157.1349,8
1549,STARLINK-32548,satellite,0,4,43.021,68.0466,146.3502,29.8507,176.2009,6867.39,482.4542,-2867.432921864246,-6224.84967442996,310.13544236229296,-4920.054363332855,4771.162341871323,310.13544236229296,2.6072,135.8802,5
1550,STARLINK-32525,satellite,0,4,42.9966,67.5053,92.919,323.536,56.455,6861.4088,485.1303,-2411.9354746562776,5099.55541501242,3896.9817544186526,5611.035165280524,582.3938003389661,3896.9817544186526,34.8045,5.9258,12
1551,STARLINK-32628,satellite,0,4,43.0043,67.6832,41.761,275.8348,317.5957,6863.3611,489.5883,5055.515567457776,3402.981237217049,-3156.7056496929977,1531.8643177152244,-5898.466806363334,-3156.7056496929977,-27.5299,-75.4416,12
1552,STARLINK-32626,satellite,0,4,43.0138,67.989,180.9472,30.587,211.5341,6864.9611,486.9339,240.89516823948227,-6406.1851040847905,-2448.355275618176,-6122.906920346271,1899.2758921901593,-2448.355275618176,-21.0221,162.7665,9
1553,STARLINK-32608,satellite,0,4,43.0198,67.6206,27.0261,325.9651,352.9912,6867.2912,483.2061,3158.791312442548,6063.972771965025,-571.1896598588446,4671.584028903749,-4992.597620035799,-571.1896598588446,-4.8051,-46.9025,9
1554,STARLINK-32488,satellite,0,4,43.0105,68.0763,118.9503,36.0842,155.0345,6865.7877,482.0304,-4285.090407048578,-4977.5970704479805,1974.58977555039,-3272.936595294574,5694.4146701389445,1974.58977555039,16.8317,119.8887,5
1555,STARLINK-32490,satellite,0,4,42.9827,67.4404,97.8908,339.9395,77.8303,6858.9586,486.5965,-3972.760947912665,3215.283517611414,4568.7023822897845,4351.715796333381,2680.195380159084,4568.7023822897845,41.9719,31.6287,10
1556,STARLINK-32557,satellite,0,16,43.0133,57.1248,7.9035,323.0716,330.9751,6865.3518,486.7796,5301.966099648739,3718.1709755272755,-2271.3764040483625,1747.3737801050297,-6235.56932426217,-2271.3764040483625,-19.4402,-74.3457,8
1557,STARLINK-32568,satellite,0,4,42.9968,67.9397,95.6969,137.1022,232.7991,6861.7345,491.3389,2147.0472023686752,-5347.417025928067,-3728.0142251630346,-5756.913782964076,-250.24834445563346,-3728.0142251630346,-33.0644,-177.511,9
1558,STARLINK-32462,satellite,0,61,42.9894,64.4527,77.9934,166.2398,244.2332,6860.1812,493.3456,2792.522304831699,-4641.695323128497,-4214.580441015839,-5305.471120443401,-1093.3857900469318,-4214.580441015839,-38.0573,-168.3551,6
1559,STARLINK-32463,satellite,0,4,43.0084,67.5538,70.985,324.4096,35.3946,6864.4807,482.8591,-550.0393127409842,6275.698618139193,2709.3104623154472,6102.438630861499,-1564.3462365614535,2709.3104623154472,23.401,-14.378,5
1560,STARLINK-32550,satellite,0,4,43.0181,68.0109,168.2692,29.1414,197.4107,6866.6334,484.4186,-1059.574585844863,-6633.075861913398,-1400.7112245014146,-5905.24593915557,3201.3222410362127,-1400.7112245014146,-11.8506,151.5372,7
1561,STARLINK-32507,satellite,0,4,42.9836,67.3203,77.7466,35.5146,113.2612,6859.9381,484.8685,-5294.414676834554,-721.4087067009924,4293.504091533545,1076.9598601766038,5233.6808034072465,4293.504091533545,38.9575,78.3723,4
1562,STARLINK-32245,satellite,0,4,42.9792,67.8043,98.8505,176.2541,275.1045,6858.7025,496.5447,4862.433096315411,-1324.2303980168883,-4661.394947732346,-2863.2125969071913,-4147.150273149916,-4661.394947732346,-42.9458,-124.6214,4
1563,STARLINK-32546,satellite,0,61,43.0006,64.5061,142.8136,80.2928,223.1064,6863.3498,489.5621,939.3291943201501,-5999.025534763188,-3198.5370169962252,-5970.676905301278,1105.2890999846438,-3198.5370169962252,-27.926,169.5122,11
1564,STARLINK-32545,satellite,0,4,42.9984,68.1211,94.3919,39.2748,133.6668,6862.8261,485.118,-5131.485528373045,-3042.0994911244798,3383.2085627500646,-1166.227257459236,5850.335633599231,3383.2085627500646,29.7128,101.2738,4
1565,STARLINK-32554,satellite,0,4,43.0137,67.6533,17.6294,314.0194,331.6487,6865.6796,487.0424,4500.389079755415,4680.118327201896,-2223.228428545473,2920.857767525366,-5798.758429843375,-2223.228428545473,-19.0117,-63.2654,12
1566,STARLINK-32570,satellite,0,4,42.9888,67.738,105.7597,190.5666,296.3264,6860.3188,493.777,5317.877939146411,1112.304513647739,-4194.774752416653,-716.0171198439174,-5385.570219654706,-4194.774752416653,-37.8445,-97.5731,4
1567,STARLINK-32529,satellite,0,23,42.987,89.9356,75.3767,172.1403,247.517,6859.7912,493.7583,4636.070520062503,-2629.825925566683,-4323.992180821397,-4019.6381401858957,-3500.2347760883335,-4323.992180821397,-39.2256,-138.9512,4
1568,STARLINK-32464,satellite,0,23,43.013,90.0191,165.4843,39.6724,205.1566,6865.7764,486.1034,2135.1061794083585,-6210.816638845369,-1989.996897714015,-6567.393259321671,47.6182330890852,-1989.996897714015,-16.9565,179.5846,5
1569,STARLINK-32482,satellite,0,23,42.9917,89.5172,91.7991,325.4238,57.2229,6861.2395,484.6601,-4184.809413591693,3746.9104569178808,3930.5586762009284,4923.58728930362,2703.748509912496,3930.5586762009284,35.1505,28.773,8
1570,STARLINK-32454,satellite,0,40,42.9804,97.211,97.1626,345.9141,83.0767,6858.6218,486.9633,-5043.009391085978,194.8615352244651,4639.500779182706,1857.8227368149455,4692.377799694396,4639.500779182706,42.7705,68.4002,4
1571,STARLINK-32485,satellite,0,80,42.9817,92.8523,79.8803,15.4072,95.2875,6858.7053,487.1339,-4956.244715629212,-879.4695899261981,4653.876073211463,815.6069261652823,4967.153488951058,4653.876073211463,42.9332,80.6752,4
1572,STARLINK-32388,satellite,0,40,42.9831,97.1394,77.7396,26.6371,104.3767,6858.9295,486.6864,-4608.878976549131,-2292.7688566070365,4527.575745069226,-632.8625631167371,5108.624024775068,4527.575745069226,41.5102,97.0619,4
1573,STARLINK-32374,satellite,0,23,42.9907,89.7505,104.8227,192.2134,297.0361,6860.3448,493.0627,4485.180415467326,3100.2158711167976,-4168.5184306830915,1435.5871660276184,-5259.968754237323,-4168.5184306830915,-37.5717,-74.7342,13
1574,STARLINK-32384,satellite,0,23,42.9867,89.7719,101.5573,188.4718,290.0291,6859.5869,494.0735,4726.334417724045,2331.9079669998373,-4396.6335387164845,630.793470195006,-5232.411623016632,-4396.6335387164845,-40.0116,-83.1259,11
1575,STARLINK-32295,satellite,0,23,42.9941,89.9506,89.3223,144.1095,233.4318,6861.6552,491.4708,4028.1889163127908,-4092.4130690150446,-3758.854911137356,-5197.509611123746,-2441.3202402033708,-3758.854911137356,-33.3722,-154.8401,4
1576,STARLINK-32479,satellite,0,23,43.0209,89.6441,7.5749,338.9576,346.5324,6867.0321,483.8939,1209.7388815085612,6665.424437690694,-1090.26343131918,5885.91375191586,-3353.709945866763,-1090.26343131918,-9.1991,-29.6739,8
1577,STARLINK-32468,satellite,0,23,43.0225,89.6315,29.6347,323.8996,353.5343,6867.4386,483.3032,608.7025172059881,6813.897417670966,-527.1661278737231,6225.480063586191,-2836.0385665372833,-527.1661278737231,-4.434,-24.4918,7
1578,STARLINK-32629,satellite,0,23,43.005,89.2557,104.4427,37.8289,142.2716,6864.1753,483.5689,-3139.0972305282085,-5383.778182157417,2862.2908441548875,-4036.495114430397,4748.2318949861365,2862.2908441548875,24.8044,130.368,6
1579,STARLINK-32644,satellite,0,23,42.9887,89.9276,77.0725,163.4601,240.5326,6860.6069,492.7759,4366.720993739441,-3381.799018672083,-4074.409903562213,-4639.563288938312,-2996.5428960373897,-4074.409903562213,-36.587,-147.1429,4
1580,STARLINK-32623,satellite,0,80,43.0046,93.0212,73.9137,324.6494,38.5631,6864.0032,483.2553,-3404.430892891979,5189.821612633155,2915.659889874014,6025.638658956371,1488.649329802675,2915.659889874014,25.2998,13.8772,6
1581,STARLINK-32639,satellite,0,23,42.9863,89.8829,78.0384,176.6047,254.6431,6859.0802,494.6464,4837.786073053892,-1827.5643416909036,-4512.613181557135,-3329.8250783086055,-3956.8207515025747,-4512.613181557135,-41.2848,-130.082,4
1582,STARLINK-32625,satellite,0,23,43.0096,89.9997,182.1556,30.0212,212.1768,6864.8499,487.017,2672.2224873433584,-5808.345663663084,-2492.749086340932,-6366.037105942164,-592.6414904685608,-2492.749086340932,-21.4213,-174.6814,5
1583,STARLINK-32635,satellite,0,40,42.9877,97.2776,97.0172,324.7467,61.7639,6860.6043,485.4174,-4793.551944349085,2657.709832265172,4118.329951323771,4098.2164133653305,3639.530742405519,4118.329951323771,37.0924,41.6075,5
1584,STARLINK-32532,satellite,0,23,43.0097,89.5672,71.5291,324.4705,35.9996,6864.4357,483.228,-2905.587459261685,5570.302316834664,2749.596440720262,6218.955983813577,891.7919352302439,2749.596440720262,23.7685,8.1605,6
1585,STARLINK-32503,satellite,0,40,42.9935,97.0713,89.756,35.8807,125.6367,6861.46,484.8263,-3553.019601625212,-4466.188651470771,3799.878756290863,-3033.534450163843,4834.093306891008,3799.878756290863,33.8216,122.1095,6
1586,STARLINK-32508,satellite,0,23,43.0152,89.6619,8.1769,324.267,332.4439,6865.4678,486.3134,2357.0565111866295,6070.037257880851,-2165.6995198832383,4943.437850579829,-4238.335749612535,-2165.6995198832383,-18.504,-40.6087,13
1587,STARLINK-32524,satellite,0,80,43.0139,93.1216,10.5487,324.6199,335.1686,6865.7764,485.6619,1764.8201267220063,6333.124595885381,-1965.8299378248653,5388.198550293314,-3767.0112303135597,-1965.8299378248653,-16.7457,-34.9583,12
1588,STARLINK-32484,satellite,0,23,43.0046,89.9814,183.8207,35.4384,219.2591,6863.9429,488.1953,3174.077182585859,-5314.47844794007,-2961.9545796814928,-6066.762072598097,-1229.9776783002687,-2961.9545796814928,-25.7102,-168.5392,5
1589,STARLINK-32497,satellite,0,80,43.0174,93.0612,50.8508,326.6453,17.496,6866.6062,481.9615,-1854.9371944497648,6452.02023491118,1406.8397264644386,6701.919002104496,-391.9678510887812,1406.8397264644386,11.9075,-3.3472,5
1590,STARLINK-32526,satellite,0,80,43.0209,93.092,29.3451,326.8693,356.2144,6867.5083,482.9601,-38.57146428195336,6853.980691707199,-309.0575345229667,6478.150989338993,-2238.7717256295214,-309.0575345229667,-2.5979,-19.0645,4
1591,STARLINK-32686,satellite,0,53,42.9834,198.6606,78.9804,17.874,96.8544,6858.6067,487.2465,2368.3799178618337,-4455.794169405747,4640.623336252919,-4989.318249653815,-755.002330534727,4640.623336252919,42.7811,-171.3951,4
1592,STARLINK-32688,satellite,0,37,43.0191,202.354,31.1935,329.2074,0.4008,6867.4388,482.5527,-6331.618668708062,-2641.701868602019,32.74452255474379,-390.1527118901112,6849.508346583179,32.74452255474379,0.2752,93.2601,4
1593,STARLINK-32684,satellite,0,37,43.0068,201.9805,104.4288,37.7137,142.1425,6864.0684,483.7095,6173.126159118901,-827.3750658070519,2870.7660323858795,-2829.6100873541727,-5548.454093660757,2870.7660323858795,24.8822,-117.0207,42
1594,STARLINK-32672,satellite,0,37,42.9913,202.2257,100.0014,324.1226,64.124,6860.1814,486.2354,-1063.150296076883,-5308.863933475137,4206.486178640904,-4654.932329149839,2765.1274522591416,4206.486178640904,38.0179,149.2888,7
1595,STARLINK-32682,satellite,0,20,42.997,169.587,95.4118,37.8586,133.2704,6862.7767,484.2888,3962.7389533117257,-4441.105890170791,3404.934382321409,-5504.705007170528,-2263.833987693339,3404.934382321409,29.9266,-157.6449,9
1596,STARLINK-32663,satellite,0,37,42.9886,202.6595,72.7924,167.4389,240.2313,6860.6685,492.7966,1465.7165550626833,5334.42607916373,-4062.278755233057,4545.414521890942,-3153.3527297195747,-4062.278755233057,-36.4607,-34.7507,8
1597,STARLINK-32640,satellite,0,37,42.9886,202.0848,74.7111,31.9302,106.6413,6859.1184,486.7472,3625.80565281182,-3714.138306729852,4478.815921059297,-4707.113939630344,-2187.3199018017335,4478.815921059297,40.9674,-155.0765,4
1598,STARLINK-32653,satellite,0,38,43.018,195.3984,20.0988,327.957,348.0558,6867.0181,483.7044,-6747.571235859183,-781.4877966517141,-968.7878560986928,1502.6578569599835,6624.38375429943,-968.7878560986928,-8.1671,77.2195,4
1599,STARLINK-32647,satellite,0,37,43.0176,202.3698,18.9242,327.3225,346.2467,6866.871,483.791,-6617.009017881269,-1433.5377727935252,-1112.8622037506443,844.2406250583466,6717.670478354007,-1112.8622037506443,-9.3916,82.8369,4
1600,STARLINK-32667,satellite,0,37,43.0213,201.9174,150.6252,33.8676,184.4927,6867.3349,483.3706,6199.287891219993,2917.8419645142803,-366.70436130409064,694.5619159274008,-6816.344756029484,-366.70436130409064,-3.0827,-84.1818,5
1601,STARLINK-32655,satellite,0,37,42.9838,202.5209,99.7653,182.9012,282.6666,6858.8539,494.9799,-3266.6301875929794,3948.8171449830293,-4565.675434756251,4809.258951822385,1770.6094886569222,-4565.675434756251,-41.875,20.212,4
1602,STARLINK-32665,satellite,0,37,43.0165,202.3197,55.2187,326.4026,21.6213,6866.2186,482.1598,-5196.849835383545,-4130.990427986065,1724.1589307350869,-2171.6786013437486,6273.447391993029,1724.1589307350869,14.6461,109.0943,5
1603,STARLINK-32660,satellite,0,79,43.0185,188.0766,126.9967,32.7382,159.7348,6866.2884,482.612,6615.172275742653,-815.7878164604576,1620.9282495684868,-2965.4155960676053,-5969.281727464249,1620.9282495684868,13.7508,-116.4172,7
1604,STARLINK-32448,satellite,0,37,43.0183,201.9466,129.8492,33.4327,163.2819,6866.6706,482.1296,6632.618065114777,1117.1684185917857,1346.1873930395068,-1147.8526235722643,-6627.376707849346,1346.1873930395068,11.387,-99.8261,15
1605,STARLINK-32430,satellite,0,53,42.9966,198.9676,57.3781,257.7988,315.1769,6863.0634,490.3333,-5754.044394820338,1764.1844960098265,-3299.4560103578942,3574.187892427865,4842.164262305324,-3299.4560103578942,-28.8836,53.5675,4
1606,STARLINK-32675,satellite,0,37,43.0018,202.2766,80.5761,322.2739,42.85,6863.2665,483.8019,-3359.247579732453,-5061.807356098147,3180.6324396248274,-3659.702452313853,4849.022166655421,3180.6324396248274,27.7818,127.0429,7
1607,STARLINK-32671,satellite,0,37,43.0137,202.7374,169.2136,35.6777,204.8913,6865.8522,486.0045,4924.868786078779,4353.788273724924,-1970.363544042116,2472.126603079804,-6090.845175413904,-1970.363544042116,-16.7845,-67.909,10
1608,STARLINK-32670,satellite,0,37,42.9841,202.1522,90.3413,355.0223,85.3637,6858.5189,487.163,1371.5870038038308,-4838.583334334367,4658.6877060373,-5019.520465778288,312.336174553591,4658.6877060373,42.9879,176.4394,4
1609,STARLINK-32642,satellite,0,37,42.9891,202.0347,85.9631,34.8376,120.8008,6860.8196,484.1848,4869.588597922796,-2675.564197857992,4014.8471795721703,-4140.298517936764,-3705.329279868365,4014.8471795721703,36.0213,-138.1733,26
1610,STARLINK-32668,satellite,0,53,42.9861,199.031,100.6029,193.4707,294.0736,6859.8493,493.6067,-4141.40386928604,3420.5698257064723,-4272.609755081171,4601.342448771463,2771.1318283699234,-4272.609755081171,-38.6744,31.0582,4
1611,STARLINK-32669,satellite,0,37,42.9807,202.5882,80.604,180.8508,261.4548,6858.6567,495.0991,-965.6506706732963,4976.296100659011,-4627.258329448175,5014.675446790069,-740.9684625992471,-4627.258329448175,-42.5687,-8.4052,4
1612,STARLINK-32666,satellite,0,37,42.9978,202.6933,108.9589,117.1353,226.0943,6862.899,490.8127,2995.9849952961695,5173.1692619706955,-3372.4945953143397,3885.333740196036,-4543.323456714535,-3372.4945953143397,-29.5823,-49.4638,12
1613,STARLINK-32662,satellite,0,37,42.9925,202.4521,91.4083,212.3374,303.7457,6861.5046,492.6406,-5118.253525549644,2401.9888038548734,-3891.8884110966133,3964.77885083321,4030.706889570515,-3891.8884110966133,-34.709,45.4724,4
1614,STARLINK-33548,satellite,0,32,42.986,137.0985,74.7468,170.0513,244.7981,6860.1379,493.5982,5233.4096026269735,1338.288035573153,-4234.2708203359325,-474.8082976011692,-5380.905873136562,-4234.2708203359325,-38.265,-95.0427,4
1615,STARLINK-33544,satellite,0,84,42.9956,148.1425,81.1672,227.3407,308.5079,6861.9967,491.1391,-1556.1942933690832,5591.775543727476,-3662.4256233652827,5791.285061324763,-388.21611071650574,-3662.4256233652827,-32.4128,-3.8351,4
1616,STARLINK-33560,satellite,0,84,42.9962,147.9516,84.8624,323.0586,47.921,6862.3442,484.1119,-5869.9522147141815,-716.669819808375,3470.6033214123854,1272.477816761207,5775.011241504447,3470.6033214123854,30.5646,77.5739,4
1617,STARLINK-33547,satellite,0,32,42.979,137.0244,86.1047,179.9011,266.0057,6858.5368,495.1337,3764.395235423006,3338.952713064201,-4667.588180943442,1900.049433369775,-4659.301327377895,-4667.588180943442,-43.0275,-67.8145,13
1618,STARLINK-33563,satellite,0,84,43.0155,148.0208,46.6435,325.4962,12.1397,6867.1385,481.1287,-6246.370490895114,2656.7065951918707,983.9852961500802,4579.528350873236,5010.304813682448,983.9852961500802,8.2992,47.572,3
1619,STARLINK-33550,satellite,0,84,42.9855,147.8989,103.9178,324.8394,68.7573,6859.6838,486.323,-4588.28282010588,-2639.736989009806,4356.7705166846135,-966.9937868906682,5204.37062713064,4356.7705166846135,39.6316,100.5258,4
1620,STARLINK-33564,satellite,0,84,43.0159,148.0564,23.2924,327.6779,350.9703,6867.2024,483.4051,-5333.549692514915,4253.345181507383,-734.6311375620373,5782.626747709433,3619.243768006438,-734.6311375620373,-6.1846,32.0417,4
1621,STARLINK-33546,satellite,0,84,43.0064,147.9873,70.6535,322.6906,33.3441,6864.8158,483.4723,-6319.705851014303,699.6464057465229,2571.3987386291783,2757.780520047263,5729.12155043566,2571.3987386291783,22.1437,64.2956,5
1622,STARLINK-33565,satellite,0,32,42.9875,136.6575,99.5845,329.1263,68.7108,6859.6593,485.9247,-5017.217221492309,-1689.7950480150537,4355.310423362421,71.46803980386716,5293.653584361353,4355.310423362421,39.6185,89.2265,4
1623,STARLINK-33549,satellite,0,84,43.0077,148.0926,12.3875,317.1932,329.5807,6865.2983,487.2274,-3680.853322887449,5285.052396390945,-2370.1500316207,6207.22718843973,1717.786554931624,-2370.1500316207,-20.32,15.4689,2
1624,STARLINK-32692,satellite,0,63,43.014,253.637,63.4122,324.474,27.8861,6865.5626,482.8297,542.7273013432327,-6477.595348819485,2188.3965052022863,-6290.460245907793,1638.2625922985571,2188.3965052022863,18.7148,165.4024,4
1625,STARLINK-32680,satellite,0,62,43.0064,245.8425,72.1958,325.3262,37.522,6864.1895,483.6895,561.0588697132423,-6213.035472774107,2849.0769221849205,-6046.986506965539,1533.1506859438118,2849.0769221849205,24.6819,165.773,4
1626,STARLINK-32638,satellite,0,50,42.9968,257.2411,91.5688,221.2327,312.8015,6862.6437,491.1323,-4622.417216145991,-3735.1196143771626,-3434.417523911368,-1988.9353937233495,5600.178162650042,-3434.417523911368,-30.1788,109.5528,8
1627,STARLINK-32283,satellite,0,39,43.0115,242.0617,112.5256,35.6663,148.1918,6865.0072,483.208,5066.054866077504,3910.7735151432457,2465.9511600512656,2007.3653498959777,-6076.9684666690855,2465.9511600512656,21.1924,-71.7204,29
1628,STARLINK-32676,satellite,0,62,42.9796,246.1431,84.7957,178.3767,263.1724,6858.6976,495.2177,-4229.721065551083,2762.7313928891303,-4645.949648921942,4010.121270663382,3072.808558337926,-4645.949648921942,-42.7801,37.4616,4
1629,STARLINK-32659,satellite,0,62,43.0119,245.9331,12.6671,328.2662,340.9334,6866.564,484.7132,-4141.288331156821,-5253.170339932185,-1529.0544659925524,-3580.618972398748,5650.242068851299,-1529.0544659925524,-12.9536,122.3629,3
1630,STARLINK-32614,satellite,0,63,43.0008,253.6005,87.713,321.4156,49.1286,6862.3783,484.5563,2371.006656929071,-5375.055527084048,3536.293250525045,-5857.327726808852,-452.3343754292694,3536.293250525045,31.2039,-175.5841,4
1631,STARLINK-32418,satellite,0,62,42.9973,245.5629,93.2779,36.3581,129.636,6862.1482,484.0953,5325.234436433894,2384.2690108102584,3600.8592129063536,481.38267483449454,-5814.73397837431,3600.8592129063536,31.841,-85.2675,92
1632,STARLINK-32657,satellite,0,95,43.0112,311.2222,120.6869,32.4955,153.1823,6865.693,482.5063,-2331.7441519785057,6094.939964706656,2110.734868016317,6523.360328370894,176.33487999004058,2110.734868016317,18.0287,1.5484,5
1633,STARLINK-32734,satellite,0,54,43.0162,308.1117,57.8502,325.1878,23.038,6866.1432,482.4453,5439.947843895626,-3755.0319489409585,1831.19951245004,-5347.887309158523,-3885.0223693581497,1831.19951245004,15.5767,-144.0031,9
1634,STARLINK-32733,satellite,0,54,42.9899,307.5919,75.8666,166.5964,242.463,6860.4698,493.081,-5463.053708780492,-201.37408100364675,-4149.752817697347,1623.486727853266,5220.1339245276695,-4149.752817697347,-37.3738,72.7241,4
1635,STARLINK-32707,satellite,0,54,42.9809,307.9597,94.9854,344.6131,79.5985,6858.9683,487.0172,4650.687690888479,2058.4108298586425,4596.96972408177,397.9148057868153,-5070.267739478518,4596.96972408177,42.2875,-85.5126,105
1636,STARLINK-32705,satellite,0,48,43.0222,300.369,27.0637,330.1639,357.2276,6867.4437,482.6551,3255.1987627298968,-6035.1111868415655,-226.4104177265144,-6773.461642415538,-1067.2878717308936,-226.4104177265144,-1.903,-171.0456,4
1637,STARLINK-32743,satellite,0,54,42.9824,307.4452,104.9197,179.9936,284.9133,6859.0946,495.011,-2778.320459654971,-4352.598973037904,-4521.963234191209,-3183.544322470268,4065.6153216327966,-4521.963234191209,-41.3862,128.0624,13
1638,STARLINK-32753,satellite,0,54,43.0157,307.684,169.1763,30.9614,200.1376,6866.3428,484.8882,-5305.222886208309,4042.548449465858,-1611.603899890225,5574.379590708432,3662.4964187450796,-1611.603899890225,-13.6655,33.3058,4
1639,STARLINK-32699,satellite,0,95,43.0194,311.1691,158.8066,29.7531,188.5597,6867.2845,483.0634,-5028.19063715017,4615.726910699626,-696.7032389737126,6023.097839354981,3210.9077244976543,-696.7032389737126,-5.8644,28.062,4
1640,STARLINK-32713,satellite,0,18,43.0217,220.6195,35.0797,330.5558,5.6355,6867.3008,482.265,-4861.495165112112,-4818.5468984715635,459.6336010310272,-2931.5692178081276,6185.340037085933,459.6336010310272,3.8656,115.3588,5
1641,STARLINK-32732,satellite,0,18,43.023,220.1805,160.4724,29.3195,189.7919,6867.1808,483.655,4615.491611324695,5014.3333847782,-796.1899620986352,3197.9143107898494,-6018.276013008652,-796.1899620986352,-6.7048,-62.0153,5
1642,STARLINK-32328,satellite,0,18,42.9824,220.7995,93.7982,187.0924,280.8906,6858.8142,494.6765,-4203.2163617409415,2885.072112557784,-4594.87802434537,4116.726897072588,3007.1961248286575,-4594.87802434537,-42.2057,36.1475,4
1643,STARLINK-32332,satellite,0,18,43.0167,220.6456,14.8214,329.7234,344.5448,6866.8468,484.1979,-5888.862463724965,-3293.493231063327,-1247.4367083172735,-1151.9577506312369,6648.217213696424,-1247.4367083172735,-10.5387,99.8302,4
1644,STARLINK-32717,satellite,0,18,42.9813,220.4101,87.6195,3.0624,90.6819,6858.4975,487.1856,3313.030559125434,-3765.5506069471285,4673.37368895705,-4651.786414334056,-1875.2135917265487,4673.37368895705,43.1558,-158.0448,4
1645,STARLINK-32757,satellite,0,18,42.9949,220.7133,75.7508,233.4243,309.1751,6862.06,490.9168,-5824.371356323076,121.78527357410475,-3628.1439418027976,2048.2605423457585,5453.6925197416185,-3628.1439418027976,-32.0747,69.4152,4
1646,STARLINK-32731,satellite,0,18,42.9919,220.9429,76.8152,161.6501,238.4653,6860.9598,492.4689,-92.46951907400198,5584.39144939137,-3988.952282027978,5298.4410835359195,-1766.493859681358,-3988.952282027978,-35.7038,-18.4383,4
1647,STARLINK-32694,satellite,0,18,43.0114,220.2442,109.1544,38.2059,147.3603,6864.8286,483.4479,6155.999419200716,1666.576950666815,2523.423622225743,-471.38459477422,-6360.157556657146,2523.423622225743,21.7098,-94.2387,49
1648,STARLINK-32708,satellite,0,18,43.0085,220.6665,10.5109,319.8665,330.3774,6865.2944,486.7624,-6141.326404955748,-2006.0319034540585,-2313.7166485381294,146.30670681847118,6458.99747309303,-2313.7166485381294,-19.8174,88.7024,4
1649,STARLINK-32718,satellite,0,18,43.0201,220.208,136.9121,31.7115,168.6237,6867.1042,481.8867,5774.442830688046,3585.833426696941,923.1450561597766,1465.7029339105031,-6637.32674187642,923.1450561597766,7.782,-77.5474,10
1650,STARLINK-32729,satellite,0,18,42.9958,220.2872,91.4026,34.7238,126.1265,6861.5737,485.074,5702.94626653125,-475.97707651451077,3776.799520714883,-2342.062360400271,-5221.579664843422,3776.799520714883,33.5878,-114.1579,84
1651,STARLINK-32739,satellite,0,18,43.0022,220.5484,74.3526,326.8538,41.2063,6863.5123,483.36,-1772.391156285032,-5864.060777118046,3080.928859604398,-4943.218338800355,3618.448792446779,3080.928859604398,26.8427,143.7958,8
1652,STARLINK-32714,satellite,0,18,42.9892,220.9222,74.2195,171.3199,245.5394,6860.0407,493.3675,-846.0439058359303,5314.401041101505,-4259.74924574997,5293.906144106564,-966.0261143745802,-4259.74924574997,-38.5384,-10.3415,4
1653,STARLINK-32685,satellite,0,18,42.9845,220.7762,99.6405,188.2074,287.8479,6859.2808,494.0385,-4714.1132708632085,2245.192963444042,-4454.099334834171,3682.7206096520154,3701.5299924317173,-4454.099334834171,-40.6418,45.1459,4
1654,STARLINK-32691,satellite,0,18,42.9956,220.5306,85.8823,322.3028,48.1851,6862.4692,484.3793,-1045.71283649197,-5811.953895149245,3485.0770349862673,-5135.284467026638,2915.6777699978284,3485.0770349862673,30.7043,150.4132,7
1655,STARLINK-32788,satellite,0,18,42.9851,220.4743,102.0852,327.3471,69.4323,6859.5295,486.4381,1215.7509558815484,-5135.3181950924,4376.410002644358,-5247.700653243251,557.836181619944,4376.410002644358,39.8445,173.9322,4
1656,STARLINK-32768,satellite,0,18,43.016,220.2123,129.3002,32.2537,161.5538,6866.5313,481.913,5993.344950096673,2989.02175814839,1480.5813929382164,830.0677587287471,-6645.7070562471245,1480.5813929382164,12.5415,-82.8805,19
1657,STARLINK-32792,satellite,0,18,43.014,220.1385,173.4124,37.6195,211.0319,6865.0556,486.9617,2827.924097592836,5768.1726864962375,-2413.329385303203,4502.386627519806,-4582.301332225797,-2413.329385303203,-20.7076,-45.504,13
1658,STARLINK-32725,satellite,0,18,43.0159,220.1379,166.5495,37.4136,203.9631,6865.9914,485.8134,3480.3613784362606,5600.273454612955,-1901.3699760279235,4127.433204876443,-5142.010621365601,-1901.3699760279235,-16.1811,-51.2464,13
1659,STARLINK-32681,satellite,0,37,43.0196,202.0072,49.1952,325.6613,14.8565,6866.8503,482.2968,-5665.481367459525,-3676.8111093447183,1199.964698666053,-1587.6914094880226,6564.743334439643,1199.964698666053,10.1362,103.596,4
1660,STARLINK-32679,satellite,0,18,43.0023,220.9415,124.7907,99.5777,224.3684,6863.0904,490.1285,1406.1584805844636,5866.371436670977,-3273.2932398732846,5066.967699488604,-3273.7492020385266,-3273.2932398732846,-28.6345,-32.8664,10
1661,STARLINK-32749,satellite,0,18,42.9827,220.35,82.785,22.1186,104.9036,6859.0564,486.4705,4481.491300559252,-2551.869986211912,4516.563635472213,-3894.7903883723593,-3380.29769904364,4516.563635472213,41.3889,-139.0452,26
1662,STARLINK-32744,satellite,0,18,42.9832,220.8499,85.4964,181.256,266.7523,6858.5286,495.5157,-2984.8469544554023,4046.384245242035,-4672.057147741547,4807.756809239941,1472.4168108493022,-4672.057147741547,-43.0756,17.0277,4
1663,STARLINK-32701,satellite,0,18,43.0123,220.5797,60.7562,326.1902,26.9464,6865.5986,482.523,-3165.2226427951127,-5703.227021934883,2120.1586036171407,-4329.158370838498,4878.9159290143625,2120.1586036171407,18.1119,131.5833,7
1664,STARLINK-32748,satellite,0,2,43.0184,151.2685,34.1791,326.7406,0.9197,6867.449,482.5971,-6053.979635761151,3226.9680739162177,75.13099381473813,5053.591444781038,4639.526472553117,75.13099381473813,0.6314,42.554,4
1665,STARLINK-32777,satellite,0,2,43.0051,151.7705,100.5425,41.1798,141.7223,6864.1801,483.1447,3273.5384206885133,-5283.329028282772,2897.412010284025,-6070.39471010547,-1334.139226746129,2897.412010284025,25.1311,-167.6047,9
1666,STARLINK-32741,satellite,0,84,43.0137,148.2089,156.7658,45.9246,202.6905,6866.2698,486.1541,6401.51318691411,-1690.344406305436,-1805.9463401160988,-3719.459786434419,-5477.431349753326,-1805.9463401160988,-15.3481,-124.1785,3
1667,STARLINK-32754,satellite,0,2,42.9756,151.4628,85.2858,190.7261,276.0118,6858.7261,497.3167,1754.8188901273568,4732.143627884504,-4654.450221000794,3881.316039139826,-3226.1367696351094,-4654.450221000794,-42.8606,-39.7332,5
1668,STARLINK-32786,satellite,0,2,42.9786,151.023,79.9148,20.0398,99.9547,6858.9052,485.9981,-1356.2911047871303,-4895.010638057274,4602.509828887607,-4167.238162986897,2904.2694090879686,4602.509828887607,42.3579,145.1262,7
1669,STARLINK-32789,satellite,0,2,42.9903,151.5766,67.5288,173.1707,240.6995,6860.7546,492.7387,5037.793464160783,2251.5191977550194,-4081.1853402640468,451.57509716277985,-5499.52558108633,-4081.1853402640468,-36.6579,-85.3059,10
1670,STARLINK-32791,satellite,0,2,42.9993,151.3317,40.5183,277.9415,318.4598,6863.6939,489.6281,-2910.4965625694954,5385.164459166481,-3104.0189498770237,6045.945345352023,957.8785799958573,-3104.0189498770237,-27.0331,9.0027,4
1671,STARLINK-32785,satellite,0,2,43.0207,151.6829,158.9397,39.2158,198.1556,6866.833,485.549,6482.31554887918,-1716.9408821265185,-1458.9587404098497,-3771.3702684935397,-5544.823456691938,-1458.9587404098497,-12.3488,-124.222,4
1672,STARLINK-32752,satellite,0,70,43.0074,224.2663,72.2927,324.1641,36.4568,6864.2878,483.2954,-1869.9149468253581,-5983.996838445474,2779.5817837010263,-5023.981105578231,3750.2551808749295,2779.5817837010263,24.0434,143.2597,7
1673,STARLINK-32760,satellite,0,70,43.0206,224.301,38.2468,329.9336,8.1804,6867.2605,482.2282,-4361.289899288428,-5253.327918498617,665.9797946504762,-3507.7388264363576,5857.821449175723,665.9797946504762,5.6057,120.9137,5
1674,STARLINK-32715,satellite,0,70,43.0027,224.3917,24.8219,293.8579,318.6799,6863.5521,489.0475,-6001.287037444933,-1237.7002890387978,-3090.488146291499,824.5868960444452,6071.85347008334,-3090.488146291499,-26.9083,82.2663,4
1675,STARLINK-32764,satellite,0,70,42.9832,224.5122,93.5784,182.6677,276.2461,6858.6311,494.965,-4031.505461414808,3035.6136699551134,-4651.482065983553,4201.7336071436785,2795.2497801153922,-4651.482065983553,-42.8451,33.6343,4
1676,STARLINK-32773,satellite,0,70,43.0008,223.9679,100.9866,34.4947,135.4813,6863.1739,483.5521,5959.7750861918075,863.6800997927065,3278.810443103876,-1163.6196950643023,-5908.540564135019,3278.810443103876,28.7174,-101.1412,83
1677,STARLINK-32750,satellite,0,70,42.9951,223.7791,83.106,151.5547,234.6608,6861.4911,491.4188,33.06866540708786,5702.9402062514255,-3817.723874285845,5368.595923589501,-1924.2656630333163,-3817.723874285845,-33.9645,-19.7192,4
1678,STARLINK-32771,satellite,0,70,43.0259,223.8923,146.8554,31.2408,178.0961,6867.4134,482.8866,5057.148379425663,4634.064433860414,155.5322151461299,2692.6008154884444,-6308.661011429336,155.5322151461299,1.3071,-66.8867,8
1679,STARLINK-32766,satellite,0,70,42.9814,224.1342,108.397,330.6083,79.0053,6858.7871,486.6326,2489.757344886258,-4443.704325994068,4587.801303120917,-5018.204756301223,-873.5106164834219,4587.801303120917,42.1868,-170.1256,4
1680,STARLINK-32747,satellite,0,25,43.0228,209.8268,30.018,328.1042,358.1222,6867.4696,482.8636,-6030.689518971987,-3268.0937949185686,-153.39131439836905,-1080.9194897209463,6773.571154373832,-153.39131439836905,-1.2891,99.0668,4
1681,STARLINK-32767,satellite,0,25,43.0161,209.3606,162.5111,33.8592,196.3703,6866.7155,484.6495,5044.795120954133,4460.51388500178,-1319.3930517446838,2532.9915265845098,-6239.398677512712,-1319.3930517446838,-11.1533,-67.9045,6
1682,STARLINK-32769,satellite,0,25,43.0186,209.3868,142.2009,32.9582,175.159,6867.3731,482.5121,6164.198651226348,2985.660161692876,394.9899356293573,770.1824526174166,-6805.757166001509,394.9899356293573,3.3212,-83.5435,6
1683,STARLINK-32778,satellite,0,25,42.9877,209.9566,107.5054,187.0047,294.5102,6860.0408,493.6736,-4748.116285939975,2536.13489457629,-4258.147689341871,3968.4527834829987,3637.02776639964,-4258.147689341871,-38.5192,42.5048,4
1684,STARLINK-32710,satellite,0,25,42.9813,209.1526,93.8162,180.3062,274.1223,6858.5424,495.4117,-2870.6186215307575,4133.511202234891,-4667.240961976582,4852.025791192548,1335.7439316286675,-4667.240961976582,-43.0213,15.392,4
1685,STARLINK-32742,satellite,0,25,42.985,209.2238,74.5085,178.3376,252.8461,6859.4187,494.4558,-575.5988622147277,5175.198276949253,-4471.414022962063,5072.823100325506,-1174.9285291988333,-4471.414022962063,-40.8297,-13.0405,4
1686,STARLINK-32783,satellite,0,25,43.0112,209.4183,118.682,35.3777,154.0597,6865.6751,482.5999,6450.09554136971,1118.5223371438235,2046.6203514074489,-1085.9877294222827,-6455.65297727746,2046.6203514074489,17.4632,-99.549,24
1687,STARLINK-32806,satellite,0,36,43.0168,86.1357,133.0471,34.4995,167.5466,6867.1118,482.4316,-1530.6293759170624,-6610.570604027642,1009.2340152466403,-5727.651698611912,3638.196808398733,1009.2340152466403,8.5121,147.5763,5
1688,STARLINK-32329,satellite,0,36,42.9805,85.881,93.1742,180.4065,273.5808,6858.5111,495.2819,5029.276495164046,67.59384340549727,-4670.049541347425,-1605.690474015643,-4766.544775215197,-4670.049541347425,-43.0545,-108.617,4
1689,STARLINK-32774,satellite,0,23,43.0176,89.1729,19.7991,320.0913,339.8903,6866.5037,485.2522,1817.8584360119717,6418.2911909474415,-1609.6028677125594,5450.93015148635,-3845.3129376931624,-1609.6028677125594,-13.6475,-35.2007,10
1690,STARLINK-32802,satellite,0,36,43.0113,85.6404,62.8772,323.8101,26.6873,6865.7343,482.1101,-1779.9648439149846,6281.110475485205,2101.1230321238017,6515.81331924286,-405.956204042529,2101.1230321238017,17.9449,-3.5651,5
1691,STARLINK-32796,satellite,0,36,43.006,85.6103,78.8522,322.0374,40.8896,6863.6284,483.6511,-2876.2729121629,5420.136691571932,3061.798169153886,6067.574160513253,913.986557471314,3061.798169153886,26.6618,8.5663,8
1692,STARLINK-32805,satellite,0,36,42.982,86.36,94.6205,347.9102,82.5307,6858.6319,486.7116,-4905.7748960823,1205.0034807422091,4633.905977187504,2765.133232599255,4227.611491800936,4633.905977187504,42.7088,56.8127,4
1693,STARLINK-32770,satellite,0,36,43.0116,85.7257,10.4159,319.9847,330.4005,6865.1404,486.5285,2916.2624865416756,5765.385475002425,-2312.123703633135,4470.433821382707,-4664.705565672584,-2312.123703633135,-19.8039,-46.2183,13
1694,STARLINK-32775,satellite,0,36,42.9816,85.9086,83.145,183.3588,266.5038,6858.4901,494.3727,4968.504013619248,-774.9642035894175,-4669.950950880148,-2380.300699332281,-4429.5338615879,-4669.950950880148,-43.0604,-118.2523,4
1695,STARLINK-32800,satellite,0,80,42.991,93.3267,97.3937,329.2343,66.628,6860.0119,485.5865,-4753.019619307394,2447.810256769276,4290.97514157548,3886.763961087499,3670.972141743559,4290.97514157548,38.9254,43.3645,5
1696,STARLINK-32758,satellite,0,23,42.9798,89.3599,93.6881,175.5357,269.2238,6858.4852,495.3472,5019.502788700405,-149.06512263796608,-4678.708956143748,-1806.8201269010058,-4685.406032094086,-4678.708956143748,-43.153,-111.088,4
1697,STARLINK-32746,satellite,0,36,42.9878,85.5558,94.265,327.8239,62.0889,6860.5632,484.8906,-4169.294534947953,3542.6713907319163,4130.471996925048,4725.778843202184,2756.9098329470103,4130.471996925048,37.2232,30.2583,8
1698,STARLINK-32780,satellite,0,36,42.9807,86.3307,90.2065,359.4807,89.6872,6858.5214,486.7903,-5002.231330479937,358.2851924255481,4673.31207625396,1998.443828913121,4599.663990491649,4673.31207625396,43.1582,66.5162,4
1699,STARLINK-32765,satellite,0,36,43.0084,86.0634,174.622,35.2987,209.9206,6865.1977,486.8624,2088.860470407671,-6105.668047633474,-2334.861205293975,-6452.855678111955,56.33799945350723,-2334.861205293975,-20.0058,179.4998,7
1700,STARLINK-32762,satellite,0,23,43.0097,89.1964,11.839,313.7867,325.6257,6864.6458,487.8786,2912.519421058801,5624.05883879421,-2643.0377830294074,4338.363164777117,-4614.261831622589,-2643.0377830294074,-22.7787,-46.7652,12
1701,STARLINK-32761,satellite,0,23,43.0005,89.2304,67.9501,243.6315,311.5816,6862.5427,490.6429,3815.394963490963,4504.168214450557,-3501.2406917104986,2982.265872168473,-5094.198690588947,-3501.2406917104986,-30.8306,-59.6543,15
1702,STARLINK-32763,satellite,0,36,43.0204,85.7019,16.0637,328.2683,344.332,6866.7535,484.2768,1846.1409781108223,6486.607254525709,-1264.2804471573957,5505.984272133553,-3894.6690976953996,-1264.2804471573957,-10.6825,-35.2738,10
1703,STARLINK-32759,satellite,0,23,42.9987,89.6558,96.862,37.9569,134.8189,6863.0553,483.8785,-3586.3036392707895,-4811.816895728935,3317.107966780256,-3348.5164085293422,4980.220225339349,3317.107966780256,29.0826,123.9154,6
1704,STARLINK-32756,satellite,0,36,42.9863,86.3744,102.9745,332.3624,75.3368,6859.1859,486.8801,-4732.260103166036,2038.7544451572744,4522.130336799384,3494.011317548147,3787.1744460099844,4522.130336799384,41.448,47.3057,5
1705,STARLINK-32751,satellite,0,36,42.9862,86.2588,78.3131,32.5916,110.9046,6859.7367,486.2196,-4834.558735033968,-2135.2847934226493,4366.650798515538,-409.39449140110054,5269.231012389349,4366.650798515538,39.7398,94.4427,4
1706,STARLINK-32740,satellite,0,36,42.9986,85.5984,85.8323,321.9967,47.829,6862.6046,484.0489,-3352.431433482777,4874.89190052897,3465.692221848139,5711.304995766754,1544.1382073428717,3465.692221848139,30.5172,15.1291,9
1707,STARLINK-32745,satellite,0,36,43.0188,86.1174,140.0892,34.5326,174.6218,6867.4536,482.5737,-931.5686555333825,-6782.909623088891,438.70654565184714,-6089.074992407181,3130.3113026990864,438.70654565184714,3.6892,152.7929,5
1708,STARLINK-32755,satellite,0,83,42.9929,13.54,98.91,322.0699,60.9799,6860.7062,486.1761,2207.0751864559234,5042.452894337641,4088.599390478282,4023.905221880161,-3755.755428087547,4088.599390478282,36.7762,-43.0259,5
1709,STARLINK-32797,satellite,0,88,43.0101,20.5136,73.5977,324.4381,38.0358,6864.0169,483.3508,3976.0538305917803,4786.603219731036,2882.2596269510173,3195.3561135870905,-5339.501264562515,2882.2596269510173,24.9899,-59.1021,8
1710,STARLINK-32794,satellite,0,88,42.9875,20.8387,82.3259,174.2617,256.5876,6859.0741,494.2242,249.41046375851334,-5130.190496205078,-4551.785570612725,-4922.090188898784,1467.681259378707,-4551.785570612725,-41.725,163.3963,15
1711,STARLINK-32807,satellite,0,83,42.9997,13.148,129.1875,94.6152,223.8027,6863.1827,489.9698,-4033.292334632695,-4510.074766113111,-3239.907628405001,-2915.5072031023055,5301.701538298404,-3239.907628405001,-28.3171,118.8072,9
1712,STARLINK-32804,satellite,0,88,43.0236,20.5887,28.6812,326.8651,355.5463,6867.4464,483.2043,6540.624479770898,2040.89453233968,-363.53474698426805,-245.96652258932815,-6847.227142959232,-363.53474698426805,-3.0561,-92.0573,4
1713,STARLINK-32799,satellite,0,88,42.9815,20.392,97.7399,342.8189,80.5588,6858.6849,487.1211,-669.8041775162869,5029.200835102222,4610.556172362896,4966.3751246373595,-1037.601463662432,4610.556172362896,42.4405,-11.8008,15
1714,STARLINK-32781,satellite,0,88,43.0208,20.579,46.9358,315.6682,2.604,6867.5773,483.3407,6336.875127543877,2622.6649427275415,212.68571878025938,370.4503508493653,-6848.147510199519,212.68571878025938,1.7874,-86.9036,6
1715,STARLINK-32809,satellite,0,88,43.0024,20.2185,103.37,33.8313,137.2013,6863.2816,482.9372,-5898.311059876378,1458.2329010750557,3177.2012251392207,3333.4731584466663,5079.810356179981,3177.2012251392207,27.7531,56.7263,5
1716,STARLINK-32878,satellite,0,50,43.0024,257.0404,99.3297,37.247,136.5768,6863.2537,484.0045,4476.369926390563,4080.571646427405,3214.859277755778,2363.279569697842,-5577.083678318795,3214.859277755778,28.1057,-67.0353,49
1717,STARLINK-32892,satellite,0,50,42.9846,257.09,78.2873,37.0568,115.3441,6860.1813,486.1016,5073.875625660278,1847.8773877009883,4224.593673863288,58.84317007423166,-5399.574259696937,4224.593673863288,38.2114,-89.3756,108
1718,STARLINK-32909,satellite,0,50,42.9825,257.2114,100.0215,339.8685,79.89,6858.8481,486.9577,4548.449944709073,-2266.4376945792887,4601.290854755341,-3647.7693346099836,-3538.207965116365,4601.290854755341,42.3368,-135.8735,32
1719,STARLINK-32901,satellite,0,50,42.9938,256.8557,84.7177,150.8564,235.5742,6861.4204,491.7181,-3149.8527247428074,4719.9128204457,-3860.3827280759315,5497.868186685035,1404.490876443841,-3860.3827280759315,-34.3943,14.3303,4
1720,STARLINK-32890,satellite,0,50,43.009,256.4673,76.0337,322.1802,38.2139,6864.0775,483.8744,1755.2413436151473,-5964.861035875352,2893.8426486145,-6209.288923531466,324.2998855216302,2893.8426486145,25.0951,177.0103,4
1721,STARLINK-32893,satellite,0,50,43.012,256.5654,14.3717,320.2188,334.5905,6865.848,486.181,-3534.3581297655924,-5528.764878286333,-2008.6510923298404,-4042.0552547930247,5169.208622798343,-2008.6510923298404,-17.12,128.0236,7
1722,STARLINK-32902,satellite,0,50,43.0217,256.5306,27.3736,328.402,355.7756,6867.4888,483.151,-1953.1579639388435,-6568.317432058784,-344.83140062908245,-5547.5373987395515,4022.741444583662,-344.83140062908245,-2.8988,144.0526,6
1723,STARLINK-32661,satellite,0,50,43.0083,256.9055,173.7999,40.5746,214.3745,6864.6401,487.6059,-1476.4002235975602,6158.74716051024,-2642.875526264031,6299.620963313948,-651.6900535586894,-2642.875526264031,-22.7782,-5.9062,2
1724,STARLINK-32921,satellite,0,72,42.9874,60.2923,81.9619,33.1304,115.0922,6860.2026,485.3495,-5385.253793554957,-274.4503684857469,4233.082673899199,1528.7285775705284,5171.002839090229,4233.082673899199,38.3069,73.5305,4
1725,STARLINK-32917,satellite,0,72,43.0095,60.5208,74.1205,323.2849,37.4054,6864.074,483.1324,28.9755616786013,6241.127348320374,2841.4693119762896,5877.625552284437,-2099.0540794034273,2841.4693119762896,24.6138,-19.653,5
1726,STARLINK-32916,satellite,0,72,42.9804,60.355,86.6696,7.0762,93.7458,6858.5103,486.3936,-4570.5319294356,2085.9211359409333,4663.136656698778,3484.81843990873,3618.959732330206,4663.136656698778,43.0448,46.0818,5
1727,STARLINK-32905,satellite,0,72,43.0142,60.625,358.384,335.0997,333.4836,6865.7033,485.7466,4963.839887955573,4251.858318421065,-2089.869039816504,2363.039936837047,-6093.7712338172305,-2089.869039816504,-17.8358,-68.8047,8
1728,STARLINK-32871,satellite,0,72,42.9946,60.4668,92.5427,325.7301,58.2728,6861.0009,484.3667,-1933.636169353286,5238.859210866024,3976.225822806896,5583.6703133374795,84.97351740844232,3976.225822806896,35.6213,0.8719,14
1729,STARLINK-32920,satellite,0,72,42.9873,60.3996,102.1725,337.5219,79.6944,6858.845,487.2601,-3684.3448800571127,3503.607700626002,4599.090758384015,4527.952709938691,2312.4247818356694,4599.090758384015,42.3096,27.0534,11
1730,STARLINK-32922,satellite,0,72,43.0227,60.5879,25.266,329.5432,354.8092,6867.3187,483.2422,3751.012953486705,5729.5652416167595,-423.5389228674231,4159.552017585705,-5440.2337310235735,-423.5389228674231,-3.5611,-52.5988,7
1731,STARLINK-32891,satellite,0,72,43.003,60.6521,33.9713,285.392,319.3633,6863.7301,489.3536,5401.903995328019,2937.6969686308075,-3048.5491707900374,977.9800393578986,-6070.764803289696,-3048.5491707900374,-26.5136,-80.8485,11
1732,STARLINK-32899,satellite,0,28,43.0201,75.3056,38.4608,326.076,4.5369,6867.5539,482.6505,1351.0678956093227,6716.180244447214,370.2502268601983,5886.877913998681,-3503.8735650881863,370.2502268601983,3.1129,-30.7611,6
1733,STARLINK-32819,satellite,0,28,43.0235,74.8639,159.0404,29.5741,188.6145,6867.3648,483.5341,-1046.11168580155,-6744.878046872896,-701.2283461188033,-6015.177698546582,3225.7350761130933,-701.2283461188033,-5.9022,151.7969,5
1734,STARLINK-32703,satellite,0,28,43.0079,75.2535,66.0155,326.87,32.8856,6864.8395,483.0533,-1167.3671525891286,6262.689221896307,2539.982273042281,6295.086816644306,-977.7036002343841,2539.982273042281,21.8608,-8.8282,5
1735,STARLINK-32881,satellite,0,28,42.9914,74.7335,67.818,177.4008,245.2187,6860.105,491.7675,3638.7356577363885,-3974.4734967858426,-4248.044910548857,-4956.979715467275,-2113.0993502392,-4248.044910548857,-38.424,-156.912,4
1736,STARLINK-32898,satellite,0,28,42.9903,75.1643,100.1538,328.3104,68.4643,6859.4899,487.7555,-3865.6645786428307,3627.9100497236714,4349.368101354315,4705.395357591569,2442.201566663893,4349.368101354315,39.5414,27.4303,10
1737,STARLINK-32658,satellite,0,28,43.0039,74.7922,128.6534,95.3365,223.9898,6863.2451,490.1057,2068.630861439538,-5679.51648222576,-3251.228972821066,-6044.152542536459,-66.0390439378342,-3251.228972821066,-28.4243,-179.374,7
1738,STARLINK-32673,satellite,0,28,42.995,74.9708,88.9797,36.052,125.0317,6861.3747,485.1098,-4986.589986178383,-2736.3894156760334,3828.6396617722116,-925.9491020397146,5612.176492672891,3828.6396617722116,34.1104,99.3688,4
1739,STARLINK-32437,satellite,0,28,43.021,75.3294,12.2025,331.4619,343.6644,6866.6869,483.9129,3032.4362428617815,6012.291353250895,-1316.6461751229754,4664.776187643039,-4856.25164119361,-1316.6461751229754,-11.131,-46.1521,13
1740,STARLINK-32870,satellite,0,59,42.9912,267.6661,86.6116,219.9907,306.6023,6861.6965,491.7069,-4193.5795400242205,-3924.8379784391877,-3757.127359860611,-2310.2476176042887,5258.63275584653,-3757.127359860611,-33.3536,113.7171,8
1741,STARLINK-32872,satellite,0,59,43.0226,267.9939,155.1357,31.2254,186.3611,6867.4421,483.2637,-316.7184916839162,6834.311007130896,-518.6691366667077,6551.926593764223,-1969.8668622752646,-518.6691366667077,-4.3624,-16.7336,4
1742,STARLINK-32677,satellite,0,59,42.9812,267.7337,101.4405,183.9268,285.3673,6859.2599,494.3625,-4909.6091158606205,-1625.9236999860282,-4511.77273867899,95.99761125119832,5170.94517543476,-4511.77273867899,-41.2776,88.9364,4
1743,STARLINK-32929,satellite,0,59,42.9822,267.8048,85.3606,178.8055,264.1661,6858.6867,495.2498,-4964.727320606363,888.4601998934561,-4655.115797417362,2486.1076022020457,4388.296695193153,-4655.115797417362,-42.8843,60.4671,4
1744,STARLINK-32944,satellite,0,59,43.0223,268.0239,139.8165,25.3596,165.1761,6866.9332,481.7016,1510.8825959117428,6582.7044900648525,1197.3476211456239,5707.920522818322,-3610.319643374862,1197.3476211456239,10.1148,-32.3138,5
1745,STARLINK-32943,satellite,0,59,42.9985,267.4927,82.1043,323.4918,45.5962,6862.9672,484.2421,3369.6733839054436,-4950.271312070064,3341.0287231500142,-5788.1336635202,-1535.380562117701,3341.0287231500142,29.3106,-165.1437,9
1746,STARLINK-32803,satellite,0,59,42.986,267.4264,99.2249,327.5813,66.8062,6859.8494,486.3436,4484.103912614595,-2904.4793638155684,4296.783000912611,-4228.273410514046,-3265.7146599015546,4296.783000912611,38.9828,-142.3192,19
1747,STARLINK-32926,satellite,0,59,42.9825,267.3111,82.5425,19.7006,102.2431,6858.9372,486.9125,4963.992250981252,1222.2511644661276,4567.626086025472,-494.83346899904535,-5088.246929424622,4567.626086025472,41.9574,-95.5546,118
1748,STARLINK-33635,satellite,0,74,43.0163,78.6055,3.7312,335.4128,339.144,6866.3447,484.7389,3017.71333704388,5932.765617558064,-1666.5462077436357,4594.646927798001,-4815.965247624615,-1666.5462077436357,-14.1411,-46.3472,13
1749,STARLINK-33622,satellite,0,74,42.9852,78.39,101.7997,336.4726,78.2723,6858.8231,486.8685,-4529.38766538247,2353.114331003821,4576.539192347356,3723.2035852823597,3491.4545307987337,4576.539192347356,42.0581,43.1602,5
1750,STARLINK-33628,satellite,0,74,42.9902,78.8868,75.9405,164.2013,240.1419,6860.7971,493.3755,3614.0383489789288,-4192.489745069623,-4059.115146748131,-5154.435849987435,-2017.4326553242372,-4059.115146748131,-36.4242,-158.6248,4
1751,STARLINK-33627,satellite,0,74,42.9813,78.7445,94.239,188.3855,282.6245,6859.058,495.2588,5098.6382639667245,514.902986541192,-4566.397213365527,-1206.7689946317826,-4980.45638731332,-4566.397213365527,-41.881,-103.6203,3
1752,STARLINK-33620,satellite,0,74,42.9915,78.6808,92.6987,211.1042,303.8029,6861.3133,491.4185,4839.414557938523,2925.0030931139313,-3888.527005811785,1152.7224297761509,-5535.955866713927,-3888.527005811785,-34.6819,-78.2377,11
1753,STARLINK-33604,satellite,0,74,43.0197,79.0342,128.0567,34.3353,162.392,6866.7288,482.3247,-2733.1022134054874,-6130.200446408938,1415.6900066648452,-4875.362553784517,4613.029936086478,1415.6900066648452,11.9829,136.5837,6
1754,STARLINK-33624,satellite,0,28,42.9946,75.4252,74.6166,162.8973,237.5139,6861.1109,490.79,3169.867608353215,-4632.192856408907,-3947.079229086956,-5421.765980830893,-1452.4892297560996,-3947.079229086956,-35.2835,-165.0026,5
1755,STARLINK-33623,satellite,0,74,43.0173,78.9819,159.6375,38.1252,197.7628,6866.6368,484.9978,253.4678092947902,-6707.144077072995,-1428.2234460921147,-6410.974409799081,1987.3184741921464,-1428.2234460921147,-12.0857,162.7772,6
1756,STARLINK-33586,satellite,0,0,43.0105,71.5923,64.8497,325.5292,30.3789,6865.22,482.5803,-538.0404457811067,6414.6523540724675,2365.826935167057,6229.530449154599,-1621.7899765257741,2365.826935167057,20.2958,-14.5924,4
1757,STARLINK-33605,satellite,0,74,43.0019,78.4924,80.8133,322.0155,42.8288,6863.2938,484.0576,-2337.489384774834,5608.335270137198,3179.487073248791,6066.2541301940355,343.2811589698893,3179.487073248791,27.7698,3.2388,9
1758,STARLINK-32945,satellite,0,87,42.9883,304.1753,101.5254,187.5954,289.1208,6859.4695,493.9843,-2661.5189229175385,-4524.430926693986,-4421.499997281252,-3384.4049688172836,4012.4756939473195,-4421.499997281252,-40.2841,130.1466,15
1759,STARLINK-32941,satellite,0,29,42.9808,292.9845,88.5587,179.2212,267.7799,6858.5735,495.4892,-4723.057322275248,-1714.4889067075815,-4675.823601178836,-49.47103259283569,5024.370139396121,-4675.823601178836,-43.1189,90.5641,4
1760,STARLINK-32942,satellite,0,87,42.9829,304.2925,79.4349,174.3246,253.7594,6859.1788,494.3267,-5064.041617382442,-1130.1708728555568,-4492.523804893147,614.903692644246,5152.057565012735,-4492.523804893147,-41.0642,83.1939,4
1761,STARLINK-32947,satellite,0,87,42.9848,303.8713,101.3923,329.2226,70.615,6859.4647,486.9771,5196.622024791652,747.3783416086738,4409.607386817529,-1020.0008056556661,-5150.053709478884,4409.607386817529,40.2034,-101.2028,119
1762,STARLINK-32961,satellite,0,87,43.0173,304.4411,163.8831,26.3232,190.2063,6867.0822,483.8084,-4552.378742393792,5066.539215017109,-829.4670444359132,6290.404075426051,2612.429597016615,-829.4670444359132,-6.9862,22.5533,3
1763,STARLINK-32948,satellite,0,87,42.9953,304.3588,100.1042,132.4132,232.5173,6861.892,490.9392,-5645.099913721498,1199.4983657878795,-3713.7568140933545,3005.3567508558335,4926.8428192414995,-3713.7568140933545,-32.9243,58.617,4
1764,STARLINK-32957,satellite,0,87,43.0129,304.4958,120.2382,34.5003,154.7385,6865.9078,482.5909,-1749.1152504424017,6324.423019805633,1996.7195047440866,6546.429542208234,-449.4340237241458,1996.7195047440866,17.0245,-3.9274,5
1765,STARLINK-32949,satellite,0,54,42.9942,308.0513,98.0794,207.398,305.4774,6861.5083,491.8167,-763.9275500762683,-5656.442987758841,-3811.361796341463,-5082.1290050044,2598.248901091788,-3811.361796341463,-33.8981,152.9215,17
1766,STARLINK-32952,satellite,0,60,42.9821,314.5908,80.5801,25.8595,106.4396,6859.1709,486.2307,2063.4044260540977,4758.406357902325,4482.599613628642,3803.6556805297514,-3525.9427613559847,4482.599613628642,41.0131,-42.8301,5
1767,STARLINK-32936,satellite,0,60,42.9776,314.6629,86.8518,5.4336,92.2854,6858.5292,486.7231,3372.093927193055,3716.969016779509,4669.364349248127,2386.8546298193696,-4414.725484287891,4669.364349248127,43.1135,-61.6018,36
1768,STARLINK-32937,satellite,0,54,42.9783,307.7485,97.3568,349.6273,86.9841,6858.5389,485.6645,4180.158295551927,2780.4037103153764,4665.952855821457,1235.1600249712408,-4866.081368094881,4665.952855821457,43.0827,-75.7574,80
1769,STARLINK-32939,satellite,0,54,43.0049,307.5841,106.7669,36.8621,143.6291,6864.3821,483.1785,-1011.1568115001861,6189.7672127169135,2773.772650885066,6174.446116471634,-1100.8503076517197,2773.772650885066,23.9905,-10.1091,7
1770,STARLINK-32919,satellite,0,54,42.9878,307.8129,97.2369,328.5477,65.7846,6859.9587,485.844,5337.257488762302,582.5320301243448,4263.191713389208,-1222.1835016030197,-5227.994697384404,4263.191713389208,38.6254,-103.1581,122
1771,STARLINK-32876,satellite,0,54,42.9859,307.3713,80.2583,169.4607,249.719,6859.6136,494.1679,-5186.815536398786,-967.8996664216878,-4389.558224317504,808.7282162581632,5214.00458813712,-4389.558224317504,-39.9338,81.1833,4
1772,STARLINK-32915,satellite,0,60,42.9779,314.6312,98.4411,346.8263,85.2674,6858.5314,485.9254,3953.743751585215,3108.5292303414662,4656.669287390211,1619.8377771695532,-4761.4251232945835,4656.669287390211,42.9745,-71.2117,71
1773,STARLINK-32946,satellite,0,88,43.0169,20.922,187.1053,19.9919,207.0972,6865.6764,486.1966,-4890.128066544237,-4316.242887772903,-2132.4416656482213,-2448.2421763123643,6045.611252766684,-2132.4416656482213,-18.2102,112.0461,8
1774,STARLINK-32960,satellite,0,13,43.0233,17.0443,16.4716,329.4413,345.9129,6867.0081,484.592,6721.344360772025,783.4471507936106,-1139.5874550934186,-1492.1036777788834,-6600.294392595474,-1139.5874550934186,-9.6181,-102.7385,4
1775,STARLINK-32904,satellite,0,13,43.0163,16.5634,164.5254,33.7099,198.2352,6866.6515,485.064,-5799.572255205156,-3362.8974136694396,-1464.915253174566,-1247.0661758504755,6587.028412817095,-1464.915253174566,-12.4009,100.7204,4
1776,STARLINK-32931,satellite,0,13,42.9923,16.8938,75.1919,348.5297,63.7216,6860.4628,487.025,1597.9762447958956,5185.421163954841,4192.649670330804,4360.955296201974,-3228.6513641225997,4192.649670330804,37.8659,-36.5146,5
1777,STARLINK-32934,satellite,0,13,43.0201,16.6113,128.6515,34.2957,162.9472,6866.6439,482.4253,-6704.868760869301,-465.4656585953173,1372.4415023667111,1786.5860110777503,6479.200089890256,1372.4415023667111,11.6116,74.5842,4
1778,STARLINK-32938,satellite,0,13,42.998,16.9494,79.7427,322.7493,42.4921,6863.3781,482.8117,3848.6031610269265,4714.0508709261785,3158.499745165216,3169.224443316808,-5195.193772385163,3158.499745165216,27.5765,-58.6156,7
1779,STARLINK-32935,satellite,0,13,42.986,17.1977,96.9266,185.3903,282.3169,6858.8972,494.8139,2848.948651784118,-4252.985246085443,-4571.91301917819,-4957.532161508128,-1275.6436773392263,-4571.91301917819,-41.9462,-165.57,6
1780,STARLINK-32930,satellite,0,13,42.9984,17.1264,97.7171,205.8151,303.5322,6861.2062,491.7982,4855.175144029159,-2882.107450931497,-3901.4793917924517,-4330.3458887292845,-3623.1717488795366,-3901.4793917924517,-34.8116,-140.081,4
1781,STARLINK-33660,satellite,0,35,43.0195,173.6014,29.5592,324.6784,354.2376,6867.3183,482.8334,-6727.5494374950085,1261.2449600294606,-469.96986662746167,3422.9177218090185,5927.418877797054,-469.96986662746167,-3.9524,59.9948,4
1782,STARLINK-33611,satellite,0,20,43.024,169.7075,137.9794,37.6535,175.6329,6867.6843,482.9929,6662.823946966743,-1598.1294507669536,356.4649527753179,-3719.214827824853,-5754.535754878054,356.4649527753179,2.9967,-122.875,4
1783,STARLINK-33646,satellite,0,35,43.0196,173.1488,143.2624,49.1503,192.4128,6867.3147,485.2823,6783.333499234888,271.3062397157918,-1006.4605924103754,-1995.7823412713356,-6488.765158627677,-1006.4605924103754,-8.4849,-107.0966,4
1784,STARLINK-33665,satellite,0,35,42.996,172.805,56.4535,256.1394,312.5928,6862.7576,490.5157,-4145.511272697914,4248.137489345491,-3445.604269348199,5383.348935403847,2500.297998266281,-3445.604269348199,-30.2902,24.9125,4
1785,STARLINK-33603,satellite,0,35,43.0119,173.6152,16.1793,316.7493,332.9286,6865.7531,486.5069,-5818.853049030306,2949.0658758564377,-2130.466264738275,4713.397325730249,4509.980709066185,-2130.466264738275,-18.1919,43.7366,4
1786,STARLINK-33669,satellite,0,35,42.9802,172.9411,88.6633,181.4412,270.1045,6858.754,495.8129,604.6834323701191,4985.090307010502,-4679.481256448802,4501.703817698656,-2225.180927509114,-4679.481256448802,-43.1582,-26.3031,4
1787,STARLINK-33673,satellite,0,75,42.9804,165.5534,80.7291,15.1424,95.8716,6858.7688,486.0531,-565.4328562591722,-5005.439167950142,4648.409786982212,-4533.927958937644,2194.9106683759023,4648.409786982212,42.8791,154.168,6
1788,STARLINK-33662,satellite,0,35,43.0105,173.2091,102.5958,47.4739,150.0697,6865.1976,483.1646,5606.47387154588,-3187.704835849652,2334.378840490792,-4868.006453388416,-4230.4284136000515,2334.378840490792,20.0128,-139.0085,6
1789,STARLINK-33613,satellite,0,35,43.0093,173.5499,64.4168,325.196,29.6128,6865.2063,482.5991,-6203.140887261985,-1792.6360784248068,2311.6515958450805,368.1217062086987,6446.470924956513,2311.6515958450805,19.8116,86.7317,4
1790,STARLINK-33680,satellite,0,35,42.9936,173.0591,80.8416,153.9805,234.8222,6861.7721,493.3277,4421.899528178349,3596.093104824121,-3826.2777377824186,1924.3531244433818,-5364.880810261538,-3826.2777377824186,-34.04,-70.2674,13
1791,STARLINK-33671,satellite,0,95,43.0195,311.7807,21.0922,329.0963,350.1885,6867.2626,483.561,3867.299440689862,-5611.290381495396,-797.7029730507771,-6576.857046174254,-1785.3672181405548,-797.7029730507771,-6.7177,-164.8124,3
1792,STARLINK-33650,satellite,0,6,43.0099,322.1848,24.0649,312.8686,336.9335,6866.1292,486.317,3782.682960877448,-5424.652110950002,-1834.156741562998,-6372.71335117211,-1767.5026028664356,-1834.156741562998,-15.5934,-164.4984,5
1793,STARLINK-33689,satellite,0,6,43.0165,322.1147,51.8107,327.688,19.4987,6866.4065,481.9691,6130.87435818918,-2649.2878548317676,1561.8677210647618,-4534.191709313901,-4903.82015135647,1561.8677210647618,13.2419,-132.7572,4
1794,STARLINK-33607,satellite,0,6,42.98,322.4055,84.0781,175.0898,259.1679,6859.01,494.6464,-4030.5822554406527,-3120.651209834564,-4595.548158980253,-1605.7661319829633,4837.930592793933,-4595.548158980253,-42.2135,108.3616,8
1795,STARLINK-33619,satellite,0,6,42.9863,321.9985,104.6779,324.2922,68.9702,6859.685,486.4555,4820.7898663306205,2173.9888548533536,4363.16738264026,450.4744912370153,-5269.09054857547,4363.16738264026,39.7002,-85.1134,108
1796,STARLINK-33612,satellite,0,6,42.994,322.682,87.0134,37.8951,124.9085,6861.4093,485.0658,-627.2483801840618,5649.4459188666415,3834.2969149159003,5537.324910380945,-1283.6325632817006,3834.2969149159003,34.1679,-13.0515,9
1797,STARLINK-33672,satellite,0,6,43.0177,322.157,17.4648,326.6352,344.1001,6866.7838,484.3978,4368.1950697557,-5134.025757339732,-1282.4735529417508,-6292.924847942502,-2416.2875455155686,-1282.4735529417508,-10.8378,-158.9948,4
1798,STARLINK-33625,satellite,0,60,43.0189,314.8065,136.882,33.0217,169.9037,6867.1459,482.0677,-4135.607078019802,5411.268583204664,820.438123816833,6477.240682193174,2104.857887907642,820.438123816833,6.9116,18.0022,5
1799,STARLINK-33699,satellite,0,60,42.9956,314.6903,85.8224,147.6884,233.5109,6861.635,492.1563,-5739.934842489854,63.262639923408514,-3763.178320581356,1965.0278299700697,5393.470106071066,-3763.178320581356,-33.4118,69.9816,4
1800,STARLINK-33674,satellite,0,6,43.0044,322.5193,178.2672,38.5132,216.7804,6864.3525,487.8991,-6190.133985437984,960.0123327656238,-2802.484803616205,2960.3722675888375,5520.4690447485855,-2802.484803616205,-24.2366,61.7974,4
1801,STARLINK-33531,satellite,0,55,43.0245,38.5861,38.6071,329.5794,8.1866,6867.4078,482.4435,4862.4970551080205,4793.393363446181,666.5467259622757,2907.5093606487553,-6177.935485694548,666.5467259622757,5.6103,-64.797,8
1802,STARLINK-33652,satellite,0,55,43.01,38.2074,114.7613,35.0673,149.8286,6865.2598,482.6992,-6217.972344108522,-1686.71084835234,2351.229413978886,472.9640327991956,6425.299882630087,2351.229413978886,20.1648,85.7901,2
1803,STARLINK-33707,satellite,0,55,43.0162,38.5527,35.7964,353.5897,29.3861,6865.4245,482.3874,3139.732296619064,5648.477532831792,2295.7720656421375,4285.974714663084,-4836.697021584776,2295.7720656421375,19.6706,-48.4547,5
1804,STARLINK-33668,satellite,0,55,42.9879,38.7376,104.2267,186.2817,290.5083,6859.5212,493.8732,4818.027909037106,-2163.2422873754476,-4383.0807461942095,-3639.9108072264303,-3826.755733200914,-4383.0807461942095,-39.8653,-133.5665,2
1805,STARLINK-33676,satellite,0,55,43.0114,38.5353,74.4747,321.9924,36.4671,6864.341,483.1922,2457.178489249288,5767.229771552536,2780.424904385369,4624.564950393702,-4232.264687552213,2780.424904385369,24.0515,-42.4638,4
1806,STARLINK-33711,satellite,0,55,43.0164,38.1984,122.9561,33.9471,156.9032,6866.1506,482.336,-6174.748341830519,-2355.437271627968,1835.5887067587748,-172.19243036547988,6606.508275362848,1835.5887067587748,15.6152,91.493,3
1807,STARLINK-33708,satellite,0,55,43.0239,38.5684,52.898,322.3374,15.2354,6866.9378,482.9449,4353.689770681044,5157.2573201969335,1230.0618619088314,3419.6384460403738,-5818.7619460174,1230.0618619088314,10.3922,-59.5576,10
1808,STARLINK-33690,satellite,0,14,43.0232,34.6988,148.0475,34.5221,182.5696,6867.5652,483.0925,-5507.296220475303,-4086.787810862544,-209.87729255145223,-2026.930708302088,6551.61798144689,-209.87729255145223,-1.7639,107.191,4
1809,STARLINK-33694,satellite,0,55,42.9956,38.4737,94.9463,322.7365,57.6828,6861.1052,484.9992,232.94896499530805,5598.099466066736,3951.191871225576,5203.350245827359,-2078.0108448988963,3951.191871225576,35.3601,-21.7698,7
1810,STARLINK-33692,satellite,0,81,43.0206,42.4763,148.9192,31.0404,179.9596,6867.4968,482.6737,-5062.624653734348,-4630.393448440011,3.301655772836564,-2687.320150665049,6312.60819945168,3.301655772836564,0.0277,113.0598,5
1811,STARLINK-33693,satellite,0,55,43.0081,38.6561,10.9117,307.765,318.6767,6863.6296,488.7316,6094.406312614533,631.6192022646752,-3090.85387751895,-1427.2126991067244,-5958.506107357265,-3090.85387751895,-26.9131,-103.47,3
1812,STARLINK-33677,satellite,0,55,43.0259,38.5806,32.9582,328.1682,1.1264,6867.6231,483.229,5301.2163008148755,4355.103353738731,92.03412615772302,2348.439808615438,-6446.2896269933435,92.03412615772302,0.7734,-69.9829,5
1813,STARLINK-33647,satellite,0,21,42.9812,46.136,79.2836,18.431,97.7145,6858.6632,487.3482,-4221.077591542937,2780.498509583568,4631.626465621769,4024.0117865296115,3058.757449928505,4631.626465621769,42.6779,37.2394,8
1814,STARLINK-33645,satellite,0,81,43.0008,41.8952,83.5867,322.6955,46.2823,6862.8584,483.5069,1107.0785553464862,5861.967150441908,3379.696923186485,5162.09173184549,-2990.1656730991544,3379.696923186485,29.6866,-30.0818,4
1815,STARLINK-33670,satellite,0,55,43.0198,38.5202,57.0714,325.2986,22.37,6866.3049,482.6557,3774.1277725531727,5443.747397619094,1781.0629093927598,3882.2676861661175,-5367.161613515305,1781.0629093927598,15.1395,-54.1204,7
1816,STARLINK-33644,satellite,0,55,42.997,39.0666,92.6456,35.1728,127.8184,6861.9413,484.8269,-5760.952725162704,426.20670540603254,3693.8626032300167,2314.3691125144046,5292.818159386542,3693.8626032300167,32.7591,66.3819,4
1817,STARLINK-33664,satellite,0,55,43.0198,38.5738,15.3924,324.5547,339.947,6866.5155,485.752,6112.7672447013665,2674.6006540674825,-1605.4363848983487,493.8330784330773,-6653.9868452888795,-1605.4363848983487,-13.6105,-85.7555,4
1818,STARLINK-33649,satellite,0,55,43.0008,38.4392,91.1893,319.4984,50.6877,6862.2002,484.9253,990.5822042605852,5739.886258177624,3618.302466173801,5085.603628440834,-2839.7505338679853,3618.302466173801,32.0089,-29.1786,3
1819,STARLINK-33535,satellite,0,55,43.0204,38.5346,19.6956,327.3631,347.0587,6867.0709,484.5527,5931.451385714271,3287.5778828445164,-1048.4959100068686,1132.2405624459784,-6686.427684916079,-1048.4959100068686,-8.843,-80.389,2
1820,STARLINK-33703,satellite,0,55,42.9927,38.8666,85.6218,148.1932,233.815,6861.581,491.3864,-612.4071031362288,-5697.235589886733,-3777.2447350241355,-5170.905300102976,2468.860912244893,-3777.2447350241355,-33.5572,154.4777,21
1821,STARLINK-33709,satellite,0,55,43.0079,38.9205,155.1377,57.5756,212.7133,6864.9032,487.7472,-2788.653048236638,-5737.885092438212,-2529.901707651005,-4486.852290364335,4535.203157733564,-2529.901707651005,-21.754,134.6929,10
1822,STARLINK-33698,satellite,0,55,42.9835,38.2948,86.1087,7.1593,93.268,6858.4899,487.3011,-3409.5928896139803,3687.460918428657,4666.397733899997,4610.17810022284,1992.222272255446,4666.397733899997,43.075,23.3709,10
1823,STARLINK-33606,satellite,0,55,43.0268,38.535,26.2435,327.8669,354.1104,6867.4916,483.7239,5659.789514623893,3849.63011509039,-480.43829631236827,1752.600649864601,-6616.740914903015,-480.43829631236827,-4.04,-75.1645,4
1824,STARLINK-33686,satellite,0,55,42.9915,38.6546,76.9464,220.5732,297.5197,6860.56,491.3345,5256.130691597739,-1495.6351007199337,-4149.471023396454,-3155.5849447996743,-4461.627265675035,-4149.471023396454,-37.382,-125.2707,4
1825,STARLINK-33675,satellite,0,55,42.9909,38.2341,79.4997,34.9596,114.4592,6860.1028,486.0924,-5054.812556965454,1828.8272809789935,4255.414697034176,3403.0576268165587,4161.122204198563,4255.414697034176,38.5405,50.7229,5
1826,STARLINK-33655,satellite,0,55,43.0192,38.9682,136.6898,33.6229,170.3128,6867.307,482.1626,-5788.335329007844,-3596.496506735969,787.5362848014091,-1471.1498289492558,6653.971083855637,787.5362848014091,6.6331,102.4672,4
1827,STARLINK-33608,satellite,0,55,43.0017,38.6008,93.1887,219.0191,312.2078,6862.0306,491.5779,5923.856630564782,-28.890822221936624,-3467.6882471003883,-1993.6571842802512,-5578.372799541344,-3467.6882471003883,-30.4994,-109.6664,4
1828,STARLINK-33615,satellite,0,55,43.018,38.9506,158.6992,32.7386,191.4378,6867.1008,483.5314,-4604.57866876671,-5001.329698524253,-928.2537084270516,-3189.2704725993017,6003.665324017348,-928.2537084270516,-7.8234,117.9782,4
1829,STARLINK-33679,satellite,0,31,42.9794,191.6845,86.9523,4.6428,91.595,6858.4348,486.9324,1202.1543015291045,-4870.720887708182,4671.561923313457,-4993.593137944764,482.8296835455286,4671.561923313457,43.137,174.4772,4
1830,STARLINK-33706,satellite,0,31,42.9849,191.7263,98.2443,332.1002,70.3445,6859.5655,485.351,-1297.8142906550916,-5092.26466826325,4401.218098902165,-4372.718709291085,2914.5861582884318,4401.218098902165,40.1231,146.315,7
1831,STARLINK-33691,satellite,0,31,43.0198,191.0224,24.6081,328.7136,353.3217,6867.3003,483.0049,-6800.277685038896,-730.2748811102227,-544.36552908543,1568.462636221121,6657.101693259373,-544.36552908543,-4.5791,76.7425,4
1832,STARLINK-33696,satellite,0,31,43.0127,191.3981,178.4814,33.456,211.9374,6864.9987,487.036,5184.1720735824865,3752.9065784254576,-2476.342734881715,1819.24114567904,-6135.984805128679,-2476.342734881715,-21.2735,-73.4856,7
1833,STARLINK-33701,satellite,0,31,42.9937,191.7841,84.0291,325.0596,49.0887,6862.3413,483.0283,-3621.0655287506806,-4626.428294072604,3532.912835330822,-3162.100589487744,4951.471921122371,3532.912835330822,31.1785,122.563,7
1834,STARLINK-33685,satellite,0,31,43.0084,191.492,111.8159,36.4887,148.3046,6864.9387,482.938,6243.40765599192,-1419.5703002025298,2457.8851199504106,-3411.5564669080263,-5418.173259431047,2457.8851199504106,21.1207,-122.1966,23
1835,STARLINK-33654,satellite,0,31,43.0158,191.4065,168.4753,36.4091,204.8844,6865.8041,485.9071,5684.668728278466,3300.7334592247166,-1969.9013628532205,1226.568876473929,-6458.005010092371,-1969.9013628532205,-16.7807,-79.2459,3
1836,STARLINK-33697,satellite,0,31,43.0197,191.4419,156.3003,34.4384,190.7387,6867.0698,483.389,6421.631743327354,2253.365445788211,-872.2188633614717,-6.043859111597545,-6805.51052831078,-872.2188633614717,-7.3487,-90.0509,2
1837,STARLINK-33720,satellite,0,31,43.0198,191.4362,147.3132,36.3563,183.6695,6867.5138,482.8211,6647.2592263927045,1672.2384171003162,-299.5789891137775,-629.116204618124,-6825.441329875746,-299.5789891137775,-2.5182,-95.2662,4
1838,STARLINK-33587,satellite,0,31,42.9839,191.2366,83.648,184.8619,268.51,6858.4259,495.1243,-802.9859390998705,4957.684804902287,-4677.767381340943,4943.123428744601,-888.2318454926877,-4677.767381340943,-43.144,-10.1868,4
1839,STARLINK-33637,satellite,0,31,43.0113,191.8284,62.202,325.6782,27.8803,6865.4261,482.3474,-5452.806053156761,-3537.9520104020644,2187.7098689251047,-1527.3027419927403,6318.033286993072,2187.7098689251047,18.7101,103.5898,5
1840,STARLINK-33744,satellite,0,31,42.985,191.5765,80.4101,32.5046,112.9147,6859.7865,486.02,3542.0370255595276,-3989.752628209063,4305.39979871673,-4939.293702255552,-2016.8118523041167,4305.39979871673,39.0778,-157.7888,4
1841,STARLINK-33766,satellite,0,31,42.9867,191.7449,98.2498,325.0557,63.3055,6860.243,485.6426,-2103.339705144516,-5013.687764827961,4176.264672033563,-4031.2057767084143,3648.3534511140397,4176.264672033563,37.7014,137.854,7
1842,STARLINK-33765,satellite,0,31,43.0165,191.4651,129.5943,32.8731,162.4674,6866.5893,482.2545,6710.632445777929,-180.59997184750816,1409.7235851021442,-2397.931762361899,-6270.177623896691,1409.7235851021442,11.9318,-110.9286,9
1843,STARLINK-33735,satellite,0,31,42.9845,191.2529,80.6983,180.7193,261.4176,6858.6934,495.036,35.74362448262344,5069.061353559902,-4627.094616186996,4769.771229513541,-1716.3749680505684,-4627.094616186996,-42.5673,-19.791,4
1844,STARLINK-33731,satellite,0,31,43.0031,191.8015,79.0255,323.0088,42.0343,6863.4672,483.2584,-4298.574244949114,-4328.281174557001,3131.387257846788,-2655.962195486271,5491.595695379633,3131.387257846788,27.3184,115.8103,6
1845,STARLINK-33718,satellite,0,31,43.0169,191.0474,12.8907,319.2345,332.1253,6865.4832,486.4044,-6403.232439182629,1139.9843303061346,-2188.8333803017144,3200.8768439195183,5661.743315764506,-2188.8333803017144,-18.7085,60.5183,4
1846,STARLINK-33630,satellite,0,79,42.9858,187.81,75.0515,176.6618,251.7133,6859.3423,494.295,1485.773137548386,5015.633460246117,-4443.285710689815,4238.040317699919,-3066.449916328454,-4443.285710689815,-40.521,-35.8878,5
1847,STARLINK-33695,satellite,0,79,43.0117,187.5924,357.184,325.1413,322.3253,6864.0678,486.9652,-5788.260371070406,2321.94664546282,-2860.597717472218,4111.681776855433,4689.292837257565,-2860.597717472218,-24.7756,48.755,4
1848,STARLINK-33713,satellite,0,79,42.992,187.6392,100.4145,200.7792,301.1937,6860.8645,492.871,-4094.293003564546,3783.91208259316,-4003.659439373845,4928.444232876104,2606.081980917401,-4003.659439373845,-35.853,27.8692,4
1849,STARLINK-33721,satellite,0,79,42.9866,187.6815,97.8618,189.3363,287.198,6859.2441,493.5345,-2651.895050934586,4481.358674683313,-4469.878949963888,5107.545106613385,1013.955579027208,-4469.878949963888,-40.8194,11.2284,4
1850,STARLINK-33639,satellite,0,79,43.0173,187.9475,140.1239,40.8926,181.0166,6867.6824,482.9596,6781.819359991099,1036.6455180353141,-83.04315648036247,-1273.3366009330173,-6741.388704290618,-83.04315648036247,-0.6978,-100.6962,4
1851,STARLINK-33688,satellite,0,31,43.0042,191.4849,104.3852,36.8654,141.2505,6863.83,483.5625,5866.247612501087,-2011.2952323776044,2927.640826059846,-3844.532478655427,-4865.9777623333985,2927.640826059846,25.4098,-128.3117,26
1852,STARLINK-33700,satellite,0,31,42.9894,191.2822,78.4346,168.8712,247.3057,6859.7551,494.8817,1690.9436740901212,5061.1242939181175,-4318.279957989151,4212.846059156697,-3275.0874353643517,-4318.279957989151,-39.1564,-37.8617,6
1853,STARLINK-33687,satellite,0,31,42.9965,191.0359,90.8962,220.0741,310.9703,6862.3374,491.3799,-5142.753260596625,2858.9052412798706,-3534.244782391435,4403.91988749069,3902.145551175498,-3534.244782391435,-31.1493,41.5429,4
1854,STARLINK-33716,satellite,0,31,42.9823,191.1794,96.785,185.8707,282.6557,6858.8429,495.529,-2425.2827640076885,4515.043949407016,-4566.107458771791,5064.097168336636,789.010912544649,-4566.107458771791,-41.8757,8.8558,4
1855,STARLINK-33754,satellite,0,31,43.0196,191.4367,139.9363,29.6291,169.5654,6867.0786,482.0808,6792.601091603017,447.4045501436784,847.6367467287242,-1832.7454769773842,-6555.962510398814,847.6367467287242,7.1418,-105.6185,11
1856,STARLINK-32953,satellite,0,37,43.0208,202.373,136.2724,33.6822,169.9546,6867.1492,482.2543,6579.440421227911,1762.1764037478251,816.3897122975033,-521.7656409940662,-6791.322592123819,816.3897122975033,6.8771,-94.3933,11
1857,STARLINK-32951,satellite,0,37,43.0219,202.3176,161.7386,29.447,191.1856,6867.0261,483.7055,5857.390626867217,3456.29573983526,-908.1370376617293,1315.976027959467,-6672.57163998644,-908.1370376617293,-7.6527,-78.8432,4
1858,STARLINK-32958,satellite,0,37,42.9856,202.2148,73.8136,173.8908,247.7044,6859.7208,493.6279,654.2518826920272,5284.918929387563,-4329.610894294222,4768.077520705058,-2371.465870037382,-4329.610894294222,-39.2872,-26.4441,4
1859,STARLINK-32928,satellite,0,37,43.0116,201.9528,14.2461,325.3652,339.6113,6866.3163,485.1709,-6619.317367227932,-783.2837990821537,-1630.7824105446764,1458.390245648807,6503.99829407929,-1630.7824105446764,-13.8307,77.3616,4
1860,STARLINK-32687,satellite,0,37,43.0166,202.3036,165.6729,32.528,198.2008,6866.5297,484.7304,5436.1585850527645,3923.742893167716,-1462.1852529275318,1896.7446404635402,-6430.391762746643,-1462.1852529275318,-12.378,-73.5658,6
1861,STARLINK-32950,satellite,0,37,43.0218,201.853,40.7007,327.2495,7.9501,6867.2575,482.2998,-6047.874020840916,-3172.868044654517,647.3768300749282,-985.3888771838459,6758.171391839261,647.3768300749282,5.4486,98.2957,4
1862,STARLINK-32954,satellite,0,37,42.9866,202.0228,104.5599,192.6547,297.2146,6860.3482,493.1174,-4583.974932667395,2962.1113508768467,-4161.599430352881,4315.7894106626145,3340.792061941142,-4161.599430352881,-37.4984,37.743,4
1863,STARLINK-32940,satellite,0,37,42.9808,202.1165,88.2409,180.7005,268.9414,6858.4623,495.1976,-1772.613090153146,4698.618053288803,-4678.326682731747,5020.610751689498,112.41200155484594,-4678.326682731747,-43.1498,1.2826,4
1864,STARLINK-32959,satellite,0,50,43.0172,257.2317,132.2557,32.3885,164.6441,6866.8756,482.6667,2757.4123403277476,6158.059414545034,1239.350565688327,4893.5722010867385,-4645.209325790343,1239.350565688327,10.472,-43.5085,5
1865,STARLINK-32956,satellite,0,50,42.991,256.4567,86.4593,36.604,123.0633,6861.272,485.3678,4962.2490773884065,2652.3602152081953,3918.246767781644,854.7643963235173,-5561.322544506752,3918.246767781644,35.0203,-81.2621,96
1866,STARLINK-33722,satellite,0,63,43.0026,253.1791,83.2354,319.1981,42.4335,6863.4082,484.0029,1774.4301676044067,-5824.00011641246,3155.7926077895695,-6082.784744884995,259.4407891433726,3155.7926077895695,27.5457,177.5577,4
1867,STARLINK-33739,satellite,0,63,43.008,253.633,178.309,33.2276,211.5366,6865.0179,487.0715,-870.2292049307637,6351.540382030028,-2448.3073964679365,6280.26599738382,-1287.4871245092907,-2448.3073964679365,-21.0212,-11.5854,4
1868,STARLINK-33683,satellite,0,63,43.0048,253.6192,166.9348,51.6612,218.596,6864.0076,488.5148,-1491.0435966684104,6028.920579460969,-2920.0103530209994,6182.016608371942,-594.781484603655,-2920.0103530209994,-25.3193,-5.4956,4
1869,STARLINK-33732,satellite,0,63,42.9857,253.4049,100.1041,189.1353,289.2393,6859.4999,492.9948,-5187.938282335924,-813.385604775787,-4417.4796009819365,954.8537368410332,5163.773242951689,-4417.4796009819365,-40.2471,79.5235,4
1870,STARLINK-33800,satellite,0,63,42.9872,253.0974,103.0635,327.7298,70.7933,6859.4876,486.3014,3875.4313540135054,-3534.786013567049,4414.167138654031,-4620.79367501547,-2482.326762196551,4414.167138654031,40.2582,-151.755,4
1871,STARLINK-33632,satellite,0,63,42.9969,253.584,88.5131,144.2791,232.7922,6861.8195,490.7939,-2661.8142513480166,5110.446654265397,-3727.38330056374,5704.255280780394,814.4886779205628,-3727.38330056374,-33.0611,8.1261,4
1872,STARLINK-33719,satellite,0,63,43.0181,253.2228,57.4592,323.7584,21.2177,6866.3657,482.5535,-107.96479251663754,-6646.132559231259,1693.6283306750481,-6233.446006547686,2308.004608910411,1693.6283306750481,14.3804,159.6824,5
1873,STARLINK-33755,satellite,0,63,43.0159,253.1451,50.8085,323.4649,14.2734,6866.909,482.4191,-744.1303237564541,-6721.151215977434,1153.8147800365496,-6093.037932536241,2933.0005726974064,1153.8147800365496,9.7424,154.2953,5
1874,STARLINK-33752,satellite,0,63,42.9939,253.3626,90.9673,212.3539,303.3212,6861.225,491.5171,-5098.137063879298,-2411.164377262075,-3910.471829393989,-582.137242537873,5609.441274059997,-3910.471829393989,-34.9049,95.9248,4
1875,STARLINK-33714,satellite,0,63,42.9915,253.116,100.4586,323.2366,63.6952,6860.2671,486.1926,3419.532717095028,-4213.111868313144,4191.128151804111,-5109.3231625202925,-1827.1104069371438,4191.128151804111,37.8552,-160.3228,6
1876,STARLINK-33814,satellite,0,63,42.9813,252.9983,82.7956,16.3556,99.1512,6858.7369,486.7794,5053.675351115898,-405.14506958447674,4614.113769027185,-2059.7233361522794,-4632.636059566381,4614.113769027185,42.4834,-113.9705,87
1877,STARLINK-33817,satellite,0,63,42.9994,252.8908,96.7299,37.8735,134.6034,6863.0536,484.2868,4829.334606698628,3551.620624781373,3329.70904215937,1747.1555956935206,-5734.4510748864395,3329.70904215937,29.2017,-73.0552,58
1878,STARLINK-33820,satellite,0,63,43.0186,252.8133,142.7978,34.2419,177.0396,6867.4623,482.6351,2272.040513960911,6469.097614112848,241.73468325607698,5348.091524919664,-4290.6070758207115,241.73468325607698,2.0318,-38.739,7
1879,STARLINK-33813,satellite,0,63,43.0191,252.8256,137.4137,32.5252,169.9389,6867.2233,482.4456,2831.7326831704167,6194.847569522215,817.6552990425338,4903.604008830752,-4727.527273652666,817.6552990425338,6.8876,-43.9526,6
1880,STARLINK-33834,satellite,0,63,43.0169,253.2771,11.2448,327.5564,338.8011,6866.334,485.5153,-3578.5783730912785,-5605.325916911286,-1692.8914449850715,-4099.59637819919,5236.335678984881,-1692.8914449850715,-14.3676,128.0579,4
1881,STARLINK-33830,satellite,0,63,43.0215,253.2536,23.5363,329.4111,352.9474,6867.3508,483.7265,-2551.9701953500003,-6343.512043547255,-574.8084806660619,-5136.705160691491,4512.976514087925,-574.8084806660619,-4.8353,138.6983,5
1882,STARLINK-33651,satellite,0,63,43.0193,253.2676,13.8223,332.0469,345.8692,6866.9637,483.9756,-3088.5568352370565,-6019.558979147119,-1142.8638403794703,-4653.002681555216,4911.6025565349055,-1142.8638403794703,-9.6469,133.4513,5
1883,STARLINK-33788,satellite,0,63,42.9799,253.5176,78.9287,175.0039,253.9326,6859.2275,495.086,-4088.212363331452,3190.7728521543113,-4496.696473785058,4366.918644637854,2797.236720918588,-4496.696473785058,-41.1049,32.6417,4
1884,STARLINK-33805,satellite,0,63,43.0131,253.6421,166.8793,30.5557,197.435,6866.7679,484.7078,401.2990014620111,6705.086756964635,-1402.531354833915,6191.6860763332115,-2604.275876157973,-1402.531354833915,-11.8657,-22.812,7
1885,STARLINK-33702,satellite,0,63,42.9812,253.0156,94.4182,357.7374,92.1556,6858.5714,486.9332,4868.240147095036,-1217.32032328468,4670.229791949673,-2764.2921521992835,-4188.116497491357,4670.229791949673,43.1218,-123.4261,67
1886,STARLINK-33666,satellite,0,63,42.9822,253.4205,98.4751,183.7822,282.2573,6858.9764,494.9289,-5118.472561751666,3.5276112368940775,-4572.695618563209,1702.3875486715042,4827.074729437481,-4572.695618563209,-41.9542,70.5735,4
1887,STARLINK-33723,satellite,0,63,42.9952,253.1316,94.0094,322.6299,56.6393,6861.267,485.2147,2914.2365503452634,-4823.562284110754,3905.201110556504,-5517.428528010496,-1147.8284795037778,3905.201110556504,34.8879,-168.248,6
1888,STARLINK-33791,satellite,0,63,42.9803,253.4652,88.2468,179.855,268.1017,6858.5782,495.0906,-4746.109404187876,1646.1525598019964,-4676.44878464312,3128.2679141001136,3930.5613573985825,-4676.44878464312,-43.1291,51.4843,4
1889,STARLINK-33831,satellite,0,63,43.0093,253.1282,71.3608,324.07,35.4308,6864.5354,483.2856,1160.2731215027945,-6191.306190575873,2711.929162933805,-6225.3964950722475,960.700026588503,2711.929162933805,23.4234,171.2273,4
1890,STARLINK-33879,satellite,0,3,42.9855,297.1426,107.3512,331.8204,79.1716,6858.7953,486.9671,4970.794098458385,1101.0311980438871,4590.934115837095,-611.4378899728686,-5054.424534508374,4590.934115837095,42.2197,-96.8976,111
1891,STARLINK-33854,satellite,0,3,42.9985,296.5491,51.8998,260.7544,312.6542,6862.499,489.9393,-1223.7617028812308,-5809.542769729959,-3442.088285358151,-5073.907327287012,3082.830571546803,-3442.088285358151,-30.259,148.7178,16
1892,STARLINK-33864,satellite,0,3,42.9931,297.2147,95.8335,322.0848,57.9183,6861.1009,485.2897,5444.099790867522,-1295.206167334629,3961.389324843375,-3028.9164202714383,-4705.469888102091,3961.389324843375,35.4631,-122.7694,66
1893,STARLINK-33832,satellite,0,3,43.0175,296.47,30.5077,324.5406,355.0483,6867.4208,483.3646,2659.2940432002856,-6312.216823443254,-404.04867009831213,-6837.046285704263,-413.1877557456284,-404.04867009831213,-3.397,-176.5416,5
1894,STARLINK-33856,satellite,0,3,42.9891,296.5792,100.4721,198.0591,298.5312,6860.51,492.6972,-2477.7392329601125,-4905.102444482303,-4111.378739068283,-3804.4967654728807,3965.4792975026894,-4111.378739068283,-36.9735,133.8131,17
1895,STARLINK-33876,satellite,0,3,43.0093,296.8292,175.1258,38.5428,213.6687,6864.7607,487.4076,-5060.251823535483,3840.943844954587,-2595.102901158261,5302.889009571284,3498.3376466340114,-2595.102901158261,-22.3451,33.413,4
1896,STARLINK-33859,satellite,0,3,42.9869,297.1936,102.0656,322.9467,65.0123,6860.1462,485.9939,5366.821841935535,-498.5923813515888,4237.0445190697865,-2251.8199497688042,-4897.0070410038625,4237.0445190697865,38.3449,-114.6947,86
1897,STARLINK-33826,satellite,0,3,42.982,296.629,100.5034,183.8563,284.3597,6859.0804,495.1156,-3585.539401494947,-3702.078392025736,-4533.39265015971,-2301.95581503755,4611.125312327937,-4533.39265015971,-41.5128,116.5292,8
1898,STARLINK-33836,satellite,0,3,42.9892,297.0265,83.1511,31.4401,114.5912,6860.1186,485.4985,2765.510155127076,4613.2437321429925,4250.450703281921,3433.662380070169,-4140.0515467755295,4250.450703281921,38.4914,-50.3285,10
1899,STARLINK-33558,satellite,0,3,43.0127,296.5002,11.5234,322.3148,333.8382,6865.7368,486.2611,768.3888022624252,-6499.438066722208,-2064.02034246805,-6385.972026754058,1432.647133147121,-2064.02034246805,-17.6067,167.3555,6
1900,STARLINK-33852,satellite,0,3,42.9938,297.0014,86.452,35.3231,121.7751,6860.9049,485.1735,2159.308760477054,5152.305066624237,3974.578365710035,4143.3844793731105,-3747.162510316941,3974.578365710035,35.5995,-42.1253,5
1901,STARLINK-33835,satellite,0,3,43.0215,296.8648,159.559,32.8418,192.4008,6867.1961,484.1749,-3989.491779329999,5491.644294838381,-1005.3823450790718,6504.5564545416055,1940.3471462740165,-1005.3823450790718,-8.4772,16.6101,4
1902,STARLINK-33661,satellite,0,3,42.9807,296.6674,90.9014,179.3318,270.2332,6858.4053,495.1442,-4474.410511715072,-2278.46120101129,-4679.038048640435,-664.0025381323298,4977.030791668259,-4679.038048640435,-43.1584,97.5991,4
1903,STARLINK-33729,satellite,0,3,42.9809,297.1178,92.6154,353.6268,86.2422,6858.5778,484.2548,4657.166156283059,1880.4451249792833,4661.661316513786,227.88958020359556,-5017.30373951202,4661.661316513786,43.0446,-87.3994,103
1904,STARLINK-33717,satellite,0,3,43.0009,296.5245,49.3481,270.4431,319.7912,6863.7056,489.7138,-558.6289169840354,-6137.234230460305,-3022.0076306956785,-5603.80669481522,2564.1881353692784,-3022.0076306956785,-26.2639,155.4121,15
1905,STARLINK-33684,satellite,0,3,43.0201,296.4562,33.6235,328.4904,2.1138,6867.5106,482.7027,3220.1487510572933,-6055.72191548686,172.6504625261829,-6781.268969744239,-1027.383597604904,172.6504625261829,1.451,-171.385,4
1906,STARLINK-33704,satellite,0,3,42.9871,296.7632,83.8906,158.0658,241.9564,6860.5939,493.5915,-5409.9433787951975,885.8149107104407,-4130.595037325221,2631.400296982153,4809.146275052276,-4130.595037325221,-37.1693,61.314,4
1907,STARLINK-33705,satellite,0,3,42.9796,296.6888,85.2269,177.9479,263.1748,6858.6451,495.5463,-4821.146773906246,-1510.6285020795747,-4646.194932239885,175.39057788990675,5049.226953903858,-4646.194932239885,-42.7804,88.0106,4
1908,STARLINK-33663,satellite,0,3,42.9922,296.5465,81.2976,224.4177,305.7153,6861.4821,492.0311,-1855.7448328963026,-5405.993159965384,-3800.045819913353,-4483.455026087399,3545.0221380783337,-3800.045819913353,-33.7829,141.6669,16
1909,STARLINK-33866,satellite,0,3,43.0038,296.9616,99.6168,36.2125,135.8292,6863.0806,483.8215,884.4689736817559,5968.0536450259915,3258.838359560248,5336.057437092118,-2815.3935254893922,3258.838359560248,28.5254,-27.8169,4
1910,STARLINK-33849,satellite,0,3,43.0167,296.9293,117.7331,32.2747,150.0078,6865.324,482.9202,-455.3074732858878,6431.320500226337,2338.9438817514647,6217.790545298358,-1705.364772317015,2338.9438817514647,20.0543,-15.3375,4
1911,STARLINK-33873,satellite,0,3,43.0098,296.9453,107.5481,35.2794,142.8275,6864.2225,483.0472,224.85669808491414,6243.963921312712,2826.3366407930066,5815.279193978313,-2284.7699843554096,2826.3366407930066,24.4746,-21.4494,3
1912,STARLINK-33772,satellite,0,3,42.9944,296.7819,91.3728,143.5061,234.8789,6861.5309,491.7661,-5444.673621125794,1674.7727350850075,-3828.1300881807283,3387.1513432168854,4580.015320161193,-3828.1300881807283,-34.0676,53.5152,4
1913,STARLINK-33789,satellite,0,3,42.978,296.6432,95.8107,181.4886,277.2993,6858.6693,495.5396,-4061.0528512264063,-3013.126039952679,-4641.303131507042,-1494.2232249209712,4830.980826623287,-4641.303131507042,-42.7248,107.1868,8
1914,STARLINK-33822,satellite,0,3,43.017,296.9172,123.1988,33.876,157.0748,6866.147,482.3285,-1117.9778945878284,6517.131892495122,1822.717136372831,6518.707517509576,-1108.7537950907893,1822.717136372831,15.503,-9.6529,5
1915,STARLINK-33771,satellite,0,48,42.9811,300.1733,95.0095,184.888,279.8975,6858.7767,494.4245,-3682.9748440512717,-3505.754836091272,-4609.192942070154,-2084.420796138128,4637.867033165001,-4609.192942070154,-42.3693,114.2008,8
1916,STARLINK-33810,satellite,0,3,43.0077,296.5059,12.4917,314.287,326.7787,6864.8071,487.5731,101.71754820019214,-6364.6848356699065,-2564.615965493976,-6037.560245324661,2016.7860077592627,-2564.615965493976,-22.0684,161.5286,11
1917,STARLINK-33823,satellite,0,3,43.0216,296.8875,142.3737,35.9595,178.3333,6867.4706,482.4888,-2971.2186363649926,6182.345343666756,136.1470353197623,6818.081091097273,750.5360542055798,136.1470353197623,1.1442,6.2818,5
1918,STARLINK-33816,satellite,0,6,42.9768,322.6362,94.1293,178.9546,273.0839,6858.701,496.493,-2750.033729384901,-4210.152633745672,-4672.8995793770555,-3058.564639988651,3991.6479122289,-4672.8995793770555,-43.0776,127.4608,12
1919,STARLINK-33861,satellite,0,6,42.9878,322.7311,82.0317,162.8154,244.847,6860.1525,493.8548,-5073.777741341515,-1850.1069336576402,-4236.266040122101,-60.97878902918032,5400.222015972049,-4236.266040122101,-38.2846,90.647,4
1920,STARLINK-33850,satellite,0,6,43.0205,322.4464,51.6068,299.1972,350.8039,6867.2789,485.2907,4882.3202943332735,-4765.091618835187,-748.3216508797906,-6115.5721168960235,-3023.7273811300815,-748.3216508797906,-6.2985,-153.6908,4
1921,STARLINK-33887,satellite,0,6,43.0134,322.0243,126.215,34.542,160.7571,6866.6598,482.7154,-4088.060686931565,5288.253369396892,1542.2503566358625,6345.41779181019,2100.8419565382987,1542.2503566358625,13.0712,18.3187,5
1922,STARLINK-33886,satellite,0,6,43.0183,321.9932,154.3772,27.5328,181.91,6867.7096,482.7425,-5505.883616641484,4090.5282535529127,-156.0099904254822,5686.2475139577955,3835.8525783878276,-156.0099904254822,-1.3111,34.003,4
1923,STARLINK-33840,satellite,0,6,42.9799,322.6585,90.2901,175.6996,265.9897,6858.7448,494.7209,-3419.6185724004713,-3690.8744129084657,-4667.295331354968,-2346.463990147677,4450.8933772343835,-4667.295331354968,-43.0274,117.7977,8
1924,STARLINK-33851,satellite,0,6,42.9815,322.2088,97.8105,352.2034,90.0139,6858.6243,486.812,3071.767492979468,3964.061389733896,4673.465941400553,2719.6287705162263,-4213.449606092945,4673.465941400553,43.1598,-57.1592,29
1925,STARLINK-33853,satellite,0,6,42.9859,322.1388,76.8658,34.3063,111.1721,6859.8222,486.0364,915.3556461088855,5211.702637773212,4358.696474810368,4612.340201447344,-2593.460662811053,4358.696474810368,39.6545,-29.3485,5
1926,STARLINK-33847,satellite,0,6,43.0073,322.4887,28.2226,294.3462,322.5688,6864.3243,489.0727,2465.706049872805,-5738.589597229421,-2845.486550760967,-6231.683892170985,-420.9902111282006,-2845.486550760967,-24.628,-176.1352,7
1927,STARLINK-33880,satellite,0,6,42.9802,322.7052,77.6261,174.2416,251.8677,6859.4465,494.2828,-4590.578397510296,-2501.912898419169,-4446.746057636116,-836.222567651647,5160.785792136164,-4446.746057636116,-40.5591,99.2039,6
1928,STARLINK-33760,satellite,0,90,43.0204,336.9487,167.4594,31.1847,198.6441,6866.5359,484.7242,-6610.590397577372,1070.0449139582872,-1496.6427638381438,3203.7349070228797,5880.559851574785,-1496.6427638381438,-12.6744,61.4184,4
1929,STARLINK-33941,satellite,0,90,43.0234,336.9663,153.9879,30.5205,184.5084,6867.4358,483.1785,-6448.976374670456,2313.4596464293613,-367.98178990814114,4322.998488358022,5315.362253541052,-367.98178990814114,-3.0936,50.8784,4
1930,STARLINK-33824,satellite,0,90,42.9808,337.1834,88.7905,3.7332,92.5237,6858.4928,487.2582,1664.7302138135328,4735.450169041081,4669.196006478586,3914.3397300631127,-3142.253883107521,4669.196006478586,43.1074,-38.7559,5
1931,STARLINK-33808,satellite,0,90,42.989,336.8281,79.7537,168.4203,248.1739,6859.6579,493.2983,-4179.45412895582,-3280.255306552204,-4344.043474547496,-1706.9028577085169,5031.34120553916,-4344.043474547496,-39.4455,108.7397,8
1932,STARLINK-33844,satellite,0,90,43.0199,336.5496,11.4828,342.7377,354.2205,6867.4127,481.9972,6060.447488406354,-3179.4497510977603,-471.3019186986585,-5010.914480877574,-4661.401135368842,-471.3019186986585,-3.9641,-137.0695,4
1933,STARLINK-33907,satellite,0,90,43.0079,336.9059,171.556,48.382,219.938,6863.7134,488.395,-6103.624594620196,-899.4627213056925,-3004.9117963963677,1177.6163806674979,6056.11146190811,-3004.9117963963677,-26.1096,78.9961,4
1934,STARLINK-33884,satellite,0,90,43.0191,336.5581,23.9163,323.2263,347.1425,6867.0378,484.1536,5693.485609797956,-3685.5457673072938,-1041.7352393591818,-5366.502141388739,-4147.249782489982,-1041.7352393591818,-8.786,-142.303,4
1935,STARLINK-33841,satellite,0,90,42.994,336.6476,91.6935,213.043,304.7365,6861.4542,491.8722,1955.1494953281008,-5337.5404325620075,-3846.110113337598,-5683.897404468794,-72.5100943928449,-3846.110113337598,-34.2488,-179.2691,10
1936,STARLINK-33769,satellite,0,90,43.0245,336.5381,33.2412,328.0703,1.3115,6867.4836,482.6389,6337.613737261935,-2625.5183791897825,107.14335235931067,-4580.39645680982,-5106.727224028966,107.14335235931067,0.9004,-131.89,4
1937,STARLINK-33914,satellite,0,67,42.9841,332.8965,100.621,328.7527,69.3737,6859.7802,485.7783,4288.004716301517,3077.7699498166517,4374.231969178689,1479.865788120717,-5066.522432612758,4374.231969178689,39.8254,-73.7176,82
1938,STARLINK-33932,satellite,0,1,42.9928,343.9277,86.1416,33.0375,119.1791,6860.6654,485.9253,-1999.913134165699,5132.979806596667,4082.1449149671193,5505.794885209717,182.63877226961273,4082.1449149671193,36.7104,1.8999,16
1939,STARLINK-33930,satellite,0,1,42.9869,344.394,98.2806,189.9039,288.1846,6859.2647,493.3881,779.659661266583,-5169.615843826931,-4445.390120865139,-5135.294505681805,980.5852844434373,-4445.390120865139,-40.5506,169.1895,12
1940,STARLINK-33911,satellite,0,90,43.0027,336.9239,98.8952,36.1553,135.0505,6863.065,484.1123,-3076.1174859781627,5161.615449490127,3304.1393930937356,5890.049292865801,1188.3148419366198,3304.1393930937356,28.9572,11.4063,9
1941,STARLINK-33938,satellite,0,1,43.0131,344.201,64.8704,322.2108,27.0812,6865.8814,482.9888,6497.977856319204,534.2608491371699,2130.1367421764166,-1653.0148866567647,-6306.876616886255,2130.1367421764166,18.1987,-104.6867,29
1942,STARLINK-33881,satellite,0,1,42.9843,344.5148,80.0285,172.7733,252.8019,6859.2811,494.8852,-3236.5145878679396,-4080.750634753603,-4470.563709388122,-2775.0142689586473,4407.589843395121,-4470.563709388122,-40.8172,122.1945,10
1943,STARLINK-33846,satellite,0,1,42.9954,344.3328,75.7705,233.5024,309.2729,6862.2095,491.1382,3133.7152673561504,-4914.949946609164,-3623.247841548605,-5676.489571996212,-1324.5265167420057,-3623.247841548605,-32.0252,-166.8659,6
1944,STARLINK-33883,satellite,0,1,43.0126,344.2842,13.7215,316.7632,330.4847,6865.1512,486.8647,5079.117076954219,-3997.31109480976,-2306.302762685417,-5456.652205571907,-3464.227616298388,-2306.302762685417,-19.751,-147.59,4
1945,STARLINK-33842,satellite,0,1,42.9999,344.155,85.711,322.5529,48.2639,6862.5758,484.6343,5413.193342149663,2353.771718879536,3489.767784317486,423.4169692293873,-5887.581976861058,3489.767784317486,30.7488,-85.8865,92
1946,STARLINK-33892,satellite,0,1,42.9978,344.1316,92.742,322.59,55.332,6861.4995,486.6128,4880.286061350455,2901.468398985598,3846.617763870307,1116.9550365462337,-5566.697616833305,3846.617763870307,34.2839,-78.6543,92
1947,STARLINK-33933,satellite,0,90,42.9988,337.192,87.8741,322.2989,50.1729,6862.091,484.5725,5541.16561111662,1847.7985199098905,3591.2614051850933,-96.34658375564568,-5840.341859497715,3591.2614051850933,31.7439,-90.9451,105
1948,STARLINK-33906,satellite,0,1,43.0213,344.2216,49.6778,323.2441,12.9218,6867.3085,482.6985,6739.638868587776,-738.8661764164759,1046.6841899122642,-2934.1718270943625,-6112.224717295427,1046.6841899122642,8.83,-115.6433,5
1949,STARLINK-33923,satellite,0,1,43.0184,344.2113,56.4418,323.5782,20.02,6866.7833,482.7346,6669.202748941333,-101.44833461084531,1602.1631835198816,-2309.5157190286463,-6257.3711904154725,1602.1631835198816,13.5883,-110.2585,10
1950,STARLINK-33947,satellite,0,1,42.9808,344.4863,81.3665,178.5093,259.8758,6858.7916,495.7287,-2484.889138141745,-4440.7004309809345,-4606.829347740708,-3364.053817111137,3818.0670845532654,-4606.829347740708,-42.3326,131.3829,15
1951,STARLINK-33882,satellite,0,1,42.9942,344.1089,101.6431,320.8451,62.4881,6860.7353,485.9355,4263.901336713769,3410.543318409146,4146.70888136151,1801.7713284943818,-5154.24877317639,4146.70888136151,37.3875,-70.7319,72
1952,STARLINK-33875,satellite,0,1,42.9972,343.9033,89.5821,36.7176,126.2997,6861.6306,484.9714,-2779.4687786158383,5008.620100127093,3768.504366293977,5647.257509834051,959.272962362777,3768.504366293977,33.505,9.6405,12
1953,STARLINK-33869,satellite,0,1,43.0177,343.8245,125.3533,36.4337,161.7869,6866.5371,482.1565,-5821.062242809227,3320.575471143117,1462.6146393155552,5064.574974927229,4388.7432617501545,1462.6146393155552,12.3865,40.9108,4
1954,STARLINK-33935,satellite,0,1,42.9793,344.4184,95.721,185.3937,281.1147,6858.9206,495.7573,-49.01719084560695,-5102.06506475158,-4591.857354139075,-4796.49745303832,1739.851370937719,-4591.857354139075,-42.1635,160.0626,15
1955,STARLINK-33916,satellite,0,1,42.9884,344.3496,92.6376,209.6851,302.3228,6861.1055,492.7894,2389.3577807778397,-5075.579598162336,-3954.9059075898194,-5580.924231091439,-569.0549961662608,-3954.9059075898194,-35.3519,-174.178,8
1956,STARLINK-33925,satellite,0,1,43.0061,343.8649,105.2224,35.2737,140.4961,6863.7899,483.3024,-4196.11034835488,4534.735276536383,2975.3570422156827,5670.492293448352,2452.892829655889,2975.3570422156827,25.8548,23.3919,7
1957,STARLINK-33870,satellite,0,1,43.0206,343.8071,144.25,31.5887,175.8387,6867.4508,482.3547,-6469.406673010324,2257.6626337907915,339.64753535582975,4277.147039101489,5353.155749154984,339.64753535582975,2.8555,51.3753,4
1958,STARLINK-33867,satellite,0,1,43.0173,344.2524,16.0465,328.6606,344.7071,6866.854,484.364,6011.274099238589,-3069.931267365556,-1234.6988593189385,-4891.282954425728,-4651.37026501543,-1234.6988593189385,-10.4296,-136.4402,4
1959,STARLINK-33918,satellite,0,1,43.0132,344.266,14.2047,323.4557,337.6604,6866.1427,485.418,5592.111237483411,-3556.8345067688433,-1779.2668061950433,-5211.4381611397375,-4094.3487996928498,-1779.2668061950433,-15.1176,-141.8452,4
1960,STARLINK-33712,satellite,0,5,43.0236,347.7486,44.3923,324.0846,8.4769,6867.6384,483.1146,6788.435356143238,-717.4561563986915,690.0677732153744,-2930.173626684454,-6165.361338832691,690.0677732153744,5.8083,-115.4201,4
1961,STARLINK-33827,satellite,0,1,43.0015,344.1665,79.6759,321.5044,41.1803,6863.6436,483.6008,5866.293759744545,1768.610124175121,3079.3966212367027,-278.9700597276713,-6120.748316401196,3079.3966212367027,26.8272,-92.6096,76
1962,STARLINK-33899,satellite,0,1,42.9849,344.0385,94.4527,349.2647,83.7174,6858.7726,487.0498,2092.056229738944,4586.308268109679,4645.941656154478,3631.804999444959,-3495.8425657525454,4645.941656154478,42.8433,-43.9072,6
1963,STARLINK-33900,satellite,0,1,42.9828,343.9599,117.014,348.0907,105.1046,6859.059,482.0462,-378.74292004038585,5143.578860940323,4509.423455849003,4977.650887735481,-1350.1264155696822,4509.423455849003,41.3419,-15.1756,14
1964,STARLINK-33975,satellite,0,1,43.0139,343.7963,147.2646,35.5893,182.854,6867.5968,482.9521,-6650.045051706791,1672.3623807438275,-233.04098633565795,3784.9967016647065,5717.840072146513,-233.04098633565795,-1.9586,56.4969,4
1965,STARLINK-33951,satellite,0,1,43.0151,343.8386,123.7972,30.9202,154.7173,6866.2435,479.6021,-5358.30236192177,3781.825534392664,1997.4931022654662,5346.059702344648,3799.112295435269,1997.4931022654662,17.039,35.399,4
1966,STARLINK-33909,satellite,0,30,43.0086,104.5178,9.087,318.8841,327.9711,6864.9402,487.1921,1117.979471486106,6299.309190468953,-2482.5389763448798,5571.017147077931,-3145.6227241604533,-2482.5389763448798,-21.3287,-29.4508,9
1967,STARLINK-34029,satellite,0,30,43.0201,104.4693,26.3362,329.9341,356.2703,6867.3752,482.8379,-1394.6982371297022,6710.774828949424,-304.4906066547045,6793.226939840082,-912.0031366968153,-304.4906066547045,-2.5596,-7.6463,5
1968,STARLINK-34102,satellite,0,30,43.0177,104.4603,34.6415,328.72,3.3615,6867.3442,482.4414,-1994.9893015637142,6558.335685164993,274.4368190208694,6848.696001451292,-295.1480177255763,274.4368190208694,2.3069,-2.4677,5
1969,STARLINK-34109,satellite,0,30,42.9901,103.9242,76.9343,159.8875,236.8217,6861.3195,493.833,4983.426368788092,-2635.0622655999,-3917.8957377304287,-4139.881189872847,-3826.156720582409,-3917.8957377304287,-34.9671,-137.2553,4
1970,STARLINK-34091,satellite,0,30,42.9834,104.2325,87.7112,7.6139,95.3251,6858.7089,487.1171,-4683.722755171541,-1844.3719171543341,4653.729866021192,-185.046415167389,5030.380148689853,4653.729866021192,42.9316,92.1067,4
1971,STARLINK-34095,satellite,0,30,43.0128,104.5065,8.8435,326.2069,335.0504,6865.8346,485.7749,490.56445213359666,6553.5695718692605,-1974.5766580570476,6019.128825900896,-2638.184184668818,-1974.5766580570476,-16.8221,-23.6678,7
1972,STARLINK-34127,satellite,0,30,43.0195,104.016,166.5566,27.8994,194.456,6866.8975,484.0642,2824.259691774277,-6143.218817255204,-1168.620500305433,-6732.39057769108,-624.8978737967814,-1168.620500305433,-9.8663,-174.697,5
1973,STARLINK-34101,satellite,0,30,42.9923,103.6949,93.8015,213.6242,307.4257,6861.9529,491.6092,2885.922958437043,4996.433668200657,-3716.7341000994306,3755.154108638046,-4380.835347641119,-3716.7341000994306,-32.9504,-49.3976,12
1974,STARLINK-34065,satellite,0,12,42.9823,100.2636,98.6989,185.0511,283.7501,6859.0285,494.8528,4508.538448295202,2474.295015499217,-4545.302925631021,837.4035582770912,-5074.229995187964,-4545.302925631021,-41.6478,-80.6289,12
1975,STARLINK-34057,satellite,0,30,42.9799,103.8308,84.5738,180.6018,265.1756,6858.561,495.1813,4996.358971192673,635.6129695055004,-4662.51024341475,-1058.9522193919295,-4924.045797214524,-4662.51024341475,-42.9691,-102.137,4
1976,STARLINK-34060,satellite,0,30,42.9796,103.8579,78.3321,179.7157,258.0478,6858.9805,495.8872,5110.64868638502,-203.4489396451231,-4578.325812545923,-1888.3758588615372,-4753.331261584933,-4578.325812545923,-42.0102,-111.6666,4
1977,STARLINK-34048,satellite,0,30,43.0175,104.4493,41.576,328.827,10.403,6867.152,482.2084,-2560.6270503589762,6307.844126895576,845.0784422601241,6800.169348703099,321.56686583040647,845.0784422601241,7.12,2.7074,5
1978,STARLINK-33959,satellite,0,30,43.0031,103.6645,24.0475,297.5409,321.5883,6864.1529,488.8215,1759.7358080155655,5962.170478623315,-2908.2729030112614,5039.965939725453,-3639.0782152334814,-2908.2729030112614,-25.2093,-35.8309,11
1979,STARLINK-34058,satellite,0,30,42.9818,103.7634,101.0021,185.3795,286.3817,6859.198,494.3669,4218.330103037955,3026.1816030694326,-4489.234674251914,1454.3308523344144,-4983.673918395981,-4489.234674251914,-41.0274,-73.7318,12
1980,STARLINK-34055,satellite,0,30,43.0091,104.3919,67.0639,324.4117,31.4756,6865.0485,482.8484,-3990.194729672027,5014.752559847927,2442.6134727870303,6054.938704279006,2099.31286487456,2442.6134727870303,20.9836,19.122,4
1981,STARLINK-33794,satellite,0,30,42.9894,104.3227,101.6505,325.3504,67.0009,6859.9059,486.1094,-5135.429308888756,1453.4269958270834,4303.125368577134,3075.7036945265513,4361.780714601356,4303.125368577134,39.0527,54.8105,5
1982,STARLINK-34047,satellite,0,30,42.9829,104.2573,87.4932,0.8071,88.3003,6858.4606,486.9317,-4908.383974362696,-1037.4423246689012,4671.622297597803,650.7043233907285,4974.445064559017,4671.622297597803,43.1377,82.5475,4
1983,STARLINK-34094,satellite,0,12,43.009,100.925,64.4961,324.5113,29.0074,6865.3019,482.5483,-3524.644860537813,5428.38328454002,2268.5473941498194,6290.578070310377,1522.857189009951,2268.5473941498194,19.4276,13.6087,5
1984,STARLINK-34043,satellite,0,12,43.0215,100.0847,50.5222,325.0743,15.5965,6866.8866,482.0287,-2484.3751894664815,6268.69845883635,1258.275290607853,6737.931760508274,262.63290080969085,1258.275290607853,10.6347,2.2322,5
1985,STARLINK-34025,satellite,0,30,42.9854,103.737,104.1729,189.2803,293.4532,6859.9147,493.6008,3825.529960594406,3747.22863870133,-4292.918301578432,2264.8818906199494,-4852.49543757134,-4292.918301578432,-38.8922,-64.9794,14
1986,STARLINK-33874,satellite,0,30,42.9905,104.1576,82.9254,33.7488,116.6742,6860.2349,485.6804,-3592.235952829021,-4080.261595469198,4177.326925866172,-2656.4724339768413,4742.97881460369,4177.326925866172,37.7124,119.2525,6
1987,STARLINK-33781,satellite,0,30,43.0164,104.4327,50.686,326.765,17.451,6866.718,482.1817,-3087.550310425104,5962.321183472033,1403.3524146998493,6649.148620067142,933.3077962519772,1403.3524146998493,11.8772,7.9901,5
1988,STARLINK-33891,satellite,0,30,43.0168,104.4829,13.1748,328.961,342.1358,6866.5642,484.5261,-143.20886864349117,6708.25073123228,-1436.000880133448,6375.41822563516,-2091.6928793146485,-1436.000880133448,-12.1534,-18.164,4
1989,STARLINK-33903,satellite,0,30,43.0087,104.0822,106.4499,38.475,144.9249,6864.6068,482.9595,-1429.548161913886,-6144.92001988167,2688.0746724947153,-5321.957936257883,3388.275921862865,2688.0746724947153,23.2066,147.5167,5
1990,STARLINK-33889,satellite,0,30,43.0014,103.9648,170.5181,52.1583,222.6765,6863.377,489.0361,4519.08809047169,-4075.201127349845,-3172.643526046108,-5344.225968090494,-2910.097970822244,-3172.643526046108,-27.683,-151.4303,4
1991,STARLINK-33984,satellite,0,30,43.0226,104.0239,144.5109,35.7843,180.2952,6867.5801,483.011,1687.6969765209997,-6650.296588876528,-24.119977892695694,-6833.437885728411,615.542416469042,-24.119977892695694,-0.2027,174.8528,4
1992,STARLINK-33940,satellite,0,30,42.9945,104.1408,90.412,33.26,123.672,6861.3271,486.7994,-3119.085632165331,-4706.994552097469,3892.0495008120092,-3404.7291505134262,4504.698914011854,3892.0495008120092,34.7445,127.0826,7
1993,STARLINK-33978,satellite,0,30,43.0108,103.994,174.8936,33.7658,208.6594,6865.3794,486.1697,3791.13929350554,-5260.674440314382,-2244.934112414476,-6220.84056901946,-1829.9112887187628,-2244.934112414476,-19.2069,-163.6083,4
1994,STARLINK-34018,satellite,0,8,43.0211,9.6078,32.948,329.2792,2.2272,6867.4109,483.1392,6727.373336873799,1336.508986996863,181.92263006349765,-972.4027683629548,-6789.568553456395,181.92263006349765,1.5289,-98.1505,5
1995,STARLINK-34053,satellite,0,8,43.0188,9.5872,31.4819,344.9127,16.3946,6867.0092,481.0471,6251.915753013257,2491.357284882019,1320.6702598433405,274.7900619452286,-6724.418348494252,1320.6702598433405,11.1702,-87.6599,16
1996,STARLINK-34042,satellite,0,57,43.0119,5.6655,172.1059,39.8416,211.9475,6864.9916,487.0538,-5532.40132454384,-3217.045692951024,-2477.013879680917,-1198.1710199322492,6286.591573606774,-2477.013879680917,-21.2795,100.7907,5
1997,STARLINK-34040,satellite,0,8,42.9843,9.4049,91.8976,355.2855,87.1831,6858.7217,487.7216,-486.17440583890607,4997.048651645151,4668.698618808987,4875.090736847406,-1200.146277462066,4668.698618808987,43.0981,-13.83,15
1998,STARLINK-33990,satellite,0,8,42.9866,9.4376,108.0937,324.9559,73.0497,6859.3101,486.8918,1185.1054149062356,5060.134661389467,4471.469878577903,4379.8238699875055,-2797.6026350650372,4471.469878577903,40.885,-32.5683,5
1999,STARLINK-34056,satellite,0,8,43.0084,9.663,13.2226,313.6752,326.8978,6864.8683,487.3707,6127.186529866966,-1736.8111156184877,-2556.436867133197,-3672.2299251660856,-5203.235051372734,-2556.436867133197,-21.995,-125.2129,4
2000,STARLINK-34026,satellite,0,8,43.0018,9.676,10.6614,309.238,319.8994,6863.6852,488.2498,5717.688701391643,-2304.4003018533235,-3014.6598946718223,-4071.7043120968237,-4628.54716212933,-3014.6598946718223,-26.2013,-131.3379,4
2001,STARLINK-33777,satellite,0,8,43.0197,9.1992,130.7178,34.4163,165.1341,6866.8927,482.0621,-6750.370663220622,210.2181105208264,1200.6692410833675,2439.06146707667,6297.830968252671,1200.6692410833675,10.1426,68.8293,5
2002,STARLINK-34041,satellite,0,8,42.9843,9.7521,101.274,190.3363,291.6103,6859.6369,492.6448,3281.2952025843265,-4171.579451022521,-4349.752894978636,-5024.258226430098,-1710.4977628882677,-4349.752894978636,-39.5118,-161.199,4
2003,STARLINK-34011,satellite,0,8,42.9838,9.9014,73.8196,175.3276,249.1473,6859.651,494.4963,-1600.0698423276726,-5042.625500528825,-4373.2395874032645,-4225.56144804269,3183.2257048040824,-4373.2395874032645,-39.7539,143.0083,15
2004,STARLINK-34044,satellite,0,8,43.0173,9.2128,123.6785,34.3637,158.0422,6866.2058,482.4059,-6579.748826989807,832.5527617529747,1749.7532013417635,2969.4712418689105,5930.301785836009,1749.7532013417635,14.8679,63.4016,5
2005,STARLINK-34037,satellite,0,8,42.9879,9.3539,85.906,15.4786,101.3847,6858.9308,487.5153,-2134.448175130788,4631.185995484328,4582.793147678321,5077.112170354672,476.11421605091715,4582.793147678321,42.1237,5.3573,19
2006,STARLINK-34010,satellite,0,8,42.9899,9.4717,100.3966,325.5579,65.9545,6859.977,485.5738,2001.6453263442463,4976.62955653608,4268.843305044498,4030.0059484509916,-3540.123982421221,4268.843305044498,38.6878,-41.2974,5
2007,STARLINK-34009,satellite,0,57,43.0025,6.2174,21.4875,295.7557,317.2432,6863.2489,489.042,5378.1577468462365,-2841.435573274234,-3177.520849774165,-4465.5825189681755,-4130.00116626089,-3177.520849774165,-27.7292,-137.2358,4
2008,STARLINK-33958,satellite,0,8,42.9851,9.7785,100.367,184.1032,284.4702,6859.1715,494.2911,2515.6477459209473,-4499.411272219188,-4530.864782290772,-5079.34724832206,-879.4412482328496,-4530.864782290772,-41.4907,-170.1772,9
2009,STARLINK-33776,satellite,0,8,43.006,9.2491,102.2767,34.5101,136.7868,6863.1675,483.7054,-5484.459098880182,2585.6322359994792,3202.479862666199,4259.570084252028,4315.1881030233735,3202.479862666199,27.9894,45.3716,5
2010,STARLINK-34032,satellite,0,8,42.9954,9.2701,84.8258,37.7542,122.58,6861.2722,483.929,-4323.617972327901,3575.0257955090165,3939.0751034257673,4807.5258456969505,2891.7429090684263,3939.0751034257673,35.2421,31.027,7
2011,STARLINK-34015,satellite,0,8,42.9822,9.8044,93.2954,177.1086,270.404,6858.4851,496.0321,902.7766598695662,-4939.91347358324,-4679.697261655473,-4959.484962934502,788.2003086278596,-4679.697261655473,-43.1589,170.9696,9
2012,STARLINK-33969,satellite,0,8,42.9879,9.4083,104.22,335.7761,79.9961,6858.7922,487.0633,367.5887271124591,5066.810656458762,4603.331168327994,4657.493271915058,-2028.6567286680606,4603.331168327994,42.3591,-23.5364,11
2013,STARLINK-34002,satellite,0,8,43.0116,9.5438,63.0753,327.4458,30.5211,6865.1836,482.6846,5403.945537329558,3491.121286211928,2375.913807251711,1499.3464922880426,-6256.397949421825,2375.913807251711,20.3857,-76.5232,37
2014,STARLINK-33999,satellite,0,8,42.985,9.2947,82.0597,26.455,108.5147,6859.3668,485.4008,-2916.0352960382447,4340.829681319339,4431.607153099938,5062.664843571216,1309.766716492616,4431.607153099938,40.4561,14.505,16
2015,STARLINK-33976,satellite,0,8,42.9934,9.4561,90.586,328.286,58.872,6861.1137,486.2359,2791.245353376105,4817.364036587732,4002.6596850319866,3617.6659724793844,-4232.084568545072,4002.6596850319866,35.8828,-49.4756,8
2016,STARLINK-33821,satellite,0,8,43.0159,9.591,18.2937,322.7818,341.0755,6866.5319,484.6816,6671.2447349221475,-522.936607295383,-1518.183060864544,-2707.7826581785394,-6119.385760396516,-1518.183060864544,-12.86,-113.869,4
2017,STARLINK-33888,satellite,0,8,43.0177,9.5524,56.9885,326.4588,23.4473,6866.3059,482.4217,5874.211953928782,3012.037021354914,1861.940159677838,891.3238162076706,-6540.968961274269,1861.940159677838,15.8449,-82.2402,24
2018,STARLINK-33896,satellite,0,8,43.018,9.5973,25.4806,329.6896,355.1702,6867.6918,482.5464,6810.983742719707,723.3285471272827,-394.08220304029544,-1578.5689405036806,-6664.894885199504,-394.08220304029544,-3.3135,-103.3249,4
2019,STARLINK-33878,satellite,0,8,43.0194,9.5755,13.7035,334.396,348.0995,6867.1045,483.5392,6792.319192349405,96.78551931493088,-965.2967177939059,-2163.390185273282,-6439.309773086738,-965.2967177939059,-8.1376,-108.5706,4
2020,STARLINK-33954,satellite,0,8,42.9938,9.6854,78.7156,227.0615,305.777,6861.5045,490.9964,4640.004833408203,-3339.2579079568036,-3796.6489537344432,-4690.15000034545,-3268.4524173013615,-3796.6489537344432,-33.7545,-145.1283,4
2021,STARLINK-34116,satellite,0,47,43.0202,107.9708,149.3764,40.1813,189.5577,6867.3453,484.3942,2880.2352813432703,-6179.8450024398235,-777.3745517998087,-6785.520901453416,-665.5416035183974,-777.3745517998087,-6.545,-174.3982,5
2022,STARLINK-34123,satellite,0,47,42.9891,108.13,77.328,34.4041,111.7321,6859.8139,486.5066,-3637.401986316974,-3862.1865508181545,4342.593448394031,-2435.7699326315806,4713.19456405857,4342.593448394031,39.4765,117.3298,5
2023,STARLINK-33972,satellite,0,47,42.9905,107.8816,73.5936,158.3642,231.9577,6861.974,490.8917,5061.081095466176,-2810.9535170633376,-3685.457103544208,-4331.576310815261,-3841.021764265324,-3685.457103544208,-32.6428,-138.435,4
2024,STARLINK-33973,satellite,0,47,42.9875,107.395,101.4235,328.5299,69.9535,6859.5612,486.3562,-5198.22642990707,834.1182653586322,4391.270395339326,2512.356209257523,4626.594598081236,4391.270395339326,40.0072,61.4969,5
2025,STARLINK-34119,satellite,0,47,43.0126,108.022,113.7189,40.4871,154.206,6865.8805,482.4267,-164.65511832531053,-6547.476673433221,2035.8817114185924,-6121.565926511319,2328.731994996095,2035.8817114185924,17.3692,159.1725,5
2026,STARLINK-34143,satellite,0,47,42.9859,107.6749,105.5413,190.0995,295.6409,6860.1879,493.3896,3410.9166485048227,4204.064934370729,-4218.776378540692,2833.4442353601007,-4613.036756905103,-4218.776378540692,-38.1016,-58.4407,14
2027,STARLINK-33957,satellite,0,47,42.9981,108.0687,95.3966,37.4906,132.8873,6862.7195,484.1192,-2045.8876759233221,-5576.041784551761,3426.2457744313206,-4580.744294452755,3780.8306064145036,3426.2457744313206,30.1338,140.4646,7
2028,STARLINK-34120,satellite,0,47,42.982,107.3242,87.3647,3.8926,91.2573,6858.6341,486.1455,-4740.988565393927,-1636.3976139141064,4671.935067719753,30.144556154367006,5015.362502726399,4671.935067719753,43.1475,89.6556,4
2029,STARLINK-34134,satellite,0,47,43.0105,107.9321,167.0059,43.8156,210.8215,6865.1082,487.2608,4260.839564508234,-4815.588265778752,-2398.549219049709,-5956.9070473917045,-2420.723563052951,-2398.549219049709,-20.5741,-157.8845,4
2030,STARLINK-34118,satellite,0,47,43.0189,107.9883,136.1051,39.3327,175.4378,6867.4584,482.8556,1732.601753107106,-6628.108629529461,372.3158267273295,-6827.414016061739,565.8186043215985,372.3158267273295,3.1302,175.2625,4
2031,STARLINK-34125,satellite,0,47,42.9821,107.8167,77.0759,176.0751,253.151,6859.3918,494.6227,5183.884323209999,-423.6161509979943,-4478.540483862094,-2120.36950874987,-4749.330528208432,-4478.540483862094,-40.9072,-114.0587,4
2032,STARLINK-33955,satellite,0,47,42.9897,107.436,98.5729,317.3076,55.8805,6861.2903,484.8307,-5113.422143134025,2424.9834158594354,3870.2606214307043,3984.8658645023083,4018.516470416779,3870.2606214307043,34.5341,45.2409,6
2033,STARLINK-34097,satellite,0,47,42.9968,107.6336,77.7875,232.0022,309.7897,6862.1694,490.7393,2345.2786400801806,5354.139014675862,-3596.3069279007154,4272.041985964994,-3989.5856624770986,-3596.3069279007154,-31.7616,-43.0419,11
2034,STARLINK-34092,satellite,0,47,43.008,108.0349,109.2802,37.8544,147.1347,6864.9209,482.981,-804.3814716345003,-6320.062132809688,2538.5763507279685,-5694.6911732808785,2856.6951807010623,2538.5763507279685,21.8483,153.3597,5
2035,STARLINK-34114,satellite,0,47,42.9854,108.1479,78.4695,26.2531,104.7226,6859.0276,486.8288,-4066.477891877961,-3166.3847208395728,4520.796840344635,-1636.9910311523734,4886.971967325495,4520.796840344635,41.4335,108.5193,4
2036,STARLINK-33770,satellite,0,47,43.0183,107.5314,43.7616,322.5636,6.3252,6867.3455,482.1611,-2580.82289894131,6335.259227168313,515.6245132894784,6832.733906956994,331.51722103278536,515.6245132894784,4.3374,2.7778,5
2037,STARLINK-34106,satellite,0,47,43.0126,107.501,61.5601,325.9527,27.5128,6865.6625,482.4066,-4038.614218037248,5104.5559769291685,2161.228530290411,6155.722789927198,2115.176932860896,2161.228530290411,18.4754,18.9633,4
2038,STARLINK-34083,satellite,0,47,42.996,108.0842,86.9256,38.9741,125.8998,6861.6715,484.923,-2613.580264527855,-5082.827723133627,3787.590349395898,-3927.0527133138075,4152.61320725154,3787.590349395898,33.6972,133.4009,7
2039,STARLINK-34066,satellite,0,47,43.0107,107.9433,154.9035,48.6979,203.6015,6866.0908,486.6071,3849.0499350682235,-5364.161766232955,-1874.381237044623,-6337.683217352497,-1850.1860159056064,-1874.381237044623,-15.9435,-163.7257,4
2040,STARLINK-34071,satellite,0,47,43.017,107.997,130.5615,37.7987,168.3603,6867.2052,482.4716,1113.5192698371966,-6703.046675646463,944.2491151358768,-6692.600563203822,1174.673402098538,944.2491151358768,7.9603,170.0449,4
2041,STARLINK-34038,satellite,0,47,42.9826,107.8367,70.9132,175.1983,246.1115,6860.0415,494.413,5222.164461324094,-1239.7351372840833,-4278.963485607217,-2902.920004930284,-4514.532126002507,-4278.963485607217,-38.737,-122.7417,4
2042,STARLINK-34031,satellite,0,47,42.9984,107.8974,125.142,99.7673,224.9093,6863.0684,490.2081,4866.131148489574,-3536.524069615097,-3304.484868384946,-4951.292685010324,-3416.2751055251165,-3304.484868384946,-28.9323,-145.3952,4
2043,STARLINK-34070,satellite,0,47,42.9796,107.7641,86.9639,180.3958,267.3597,6858.5346,495.1914,4873.204608765981,1229.2453524853179,-4674.067274815712,-458.0992081967384,-5004.928811776875,-4674.067274815712,-43.1011,-95.2297,5
2044,STARLINK-34068,satellite,0,47,43.0058,107.5975,330.2762,353.649,323.9251,6864.3469,487.5972,1139.847276419703,6180.238943977569,-2756.1140492686764,5451.43945842469,-3126.7256114582083,-2756.1140492686764,-23.8121,-29.8368,8
2045,STARLINK-34076,satellite,0,47,42.9833,107.6913,103.4714,185.1366,288.6079,6859.3787,494.0645,3867.8056021496404,3532.4397696252095,-4434.652663474172,2048.23868861951,-4821.07552072068,-4434.652663474172,-40.4278,-66.9817,14
2046,STARLINK-33910,satellite,0,47,42.9994,107.4495,87.8912,320.842,48.7332,6862.5353,484.274,-4952.01913241931,3184.0863873181543,3514.887333019058,4647.349101506779,3614.2835996191293,3514.887333019058,30.9958,37.8725,5
2047,STARLINK-34075,satellite,0,47,43.0161,107.5618,14.9953,330.159,345.1543,6866.8316,484.0832,-775.7472681501602,6711.2468769752895,-1199.3503960205521,6588.213504331978,-1496.0151366516254,-1199.3503960205521,-10.1283,-12.7935,4
2048,STARLINK-34159,satellite,0,47,42.9826,108.0964,93.8838,349.6747,83.5585,6858.5564,486.7939,-4975.6490227811355,-816.8570170610714,4644.130119733192,881.1104457208702,4964.673500510014,4644.130119733192,42.8246,79.9362,4
2049,STARLINK-34137,satellite,0,47,43.0203,107.8506,145.8269,36.8088,182.6357,6867.5113,483.332,2320.6400960077826,-6453.507223784014,-215.2702541368261,-6857.910206721908,-46.83523428947094,-215.2702541368261,-1.8091,-179.6087,5
2050,STARLINK-33974,satellite,0,47,43.0049,108.2152,79.1075,321.8619,40.9694,6863.7477,483.6338,-4741.755898063631,3890.5611489225607,3066.642726751486,5243.969256527947,3181.4307295486733,3066.642726751486,26.7073,31.2445,5
2051,STARLINK-34170,satellite,0,47,42.9909,108.1586,93.1274,329.2117,62.3391,6860.425,485.7575,-5212.517592741165,1640.0469033631366,4140.727582034247,3277.3311081012466,4372.55009207888,4140.727582034247,37.3256,53.1476,5
2052,STARLINK-34187,satellite,0,47,42.9831,108.0455,81.1842,16.4581,97.6423,6858.7955,486.231,-4443.11425317281,-2406.2916423672705,4631.819917031889,-794.9734462590764,4989.941979083216,4631.819917031889,42.6887,99.052,4
2053,STARLINK-34142,satellite,0,47,42.9921,107.9787,82.318,36.6029,118.9209,6860.7202,485.7231,-3151.7720125180194,-4508.671666544829,4092.182854808434,-3206.801403734141,4469.699293308752,4092.182854808434,36.8165,125.6577,7
2054,STARLINK-34144,satellite,0,47,43.0036,107.922,100.8728,39.3001,140.1729,6863.8909,483.3706,-1435.4778531147708,-5999.192745594948,2995.5279636120226,-5182.525326444371,3345.495704128868,2995.5279636120226,26.0427,147.1564,7
2055,STARLINK-34099,satellite,0,47,42.9845,108.1187,98.0436,338.4274,76.4709,6858.9406,486.5127,-5132.667407524612,7.901022404238816,4544.208056206842,1711.2249112318657,4839.012961916918,4544.208056206842,41.6976,70.5248,4
2056,STARLINK-34107,satellite,0,47,43.0153,107.8809,123.8884,37.4596,161.348,6866.5904,482.4025,468.95332855592216,-6677.817094674803,1496.6015992346715,-6454.84002361683,1774.3163877417653,1496.6015992346715,12.6785,164.6301,4
2057,STARLINK-34121,satellite,0,47,43.0157,107.8283,159.865,36.8891,196.7542,6866.8061,484.9244,3388.6870386548776,-5812.563051163186,-1349.4894455591843,-6607.843386958213,-1267.0812298853084,-1349.4894455591843,-11.4105,-169.1451,5
2058,STARLINK-34103,satellite,0,47,43.0035,107.7887,156.2495,61.7004,217.9499,6864.1637,488.7258,4592.379571174042,-4210.161128757773,-2878.636622285357,-5495.862351495166,-2934.4341650917368,-2878.636622285357,-24.9354,-151.9007,4
2059,STARLINK-33801,satellite,0,47,42.9805,107.6615,83.609,176.7692,260.3782,6858.8731,495.4717,5065.622833473819,408.8803530552765,-4613.645191576508,-1295.8205864127012,-4914.119131843974,-4613.645191576508,-42.4116,-104.7723,4
2060,STARLINK-34135,satellite,0,47,42.9897,107.7319,73.6627,165.4903,239.1531,6860.9669,493.3257,5177.811260755139,-2039.4637742846937,-4018.319642351388,-3642.5796527134285,-4207.226570112479,-4018.319642351388,-36.0016,-130.8857,4
2061,STARLINK-34147,satellite,0,47,42.9804,107.5892,96.7665,184.8454,281.6119,6858.8832,495.0261,4271.121098785131,2803.2642881946254,-4583.4783358159875,1226.5295655497046,-4959.474905147447,-4583.4783358159875,-42.0747,-76.1089,12
2062,STARLINK-33960,satellite,0,47,42.9927,107.523,99.0091,203.8441,302.8532,6861.1209,492.0485,2900.4015276472746,4820.132763960733,-3931.5101861378826,3584.043678542032,-4335.970455859829,-3931.5101861378826,-35.1167,-50.4234,12
2063,STARLINK-34153,satellite,0,47,43.0149,107.4442,11.6345,326.5188,338.1533,6866.1716,485.2982,-128.1336392440334,6636.022838599575,-1741.9900701222145,6302.281615688007,-2081.9375063824673,-1741.9900701222145,-14.794,-18.2808,4
2064,STARLINK-33963,satellite,0,47,43.0008,107.4864,24.7993,292.2085,317.0078,6863.2097,489.1618,1755.96560644453,5816.066766706434,-3191.5537190191185,4903.39808416649,-3587.02314935317,-3191.5537190191185,-27.8616,-36.1869,11
2065,STARLINK-34112,satellite,0,47,43.02,107.4138,29.1272,330.3134,359.4406,6867.3618,482.6342,-2006.3955606602287,6560.6750175146835,-45.70170060404524,6854.688959140568,-285.1650481997447,-45.70170060404524,-0.3841,-2.3822,5
2066,STARLINK-34084,satellite,0,47,43.0174,107.3831,53.2829,327.305,20.5879,6866.4209,482.2217,-3601.3106525833373,5600.935235780139,1645.4940327288662,6478.794961958053,1537.89784209508,1645.4940327288662,13.9641,13.3534,5
2067,STARLINK-34138,satellite,0,30,43.0093,104.3288,169.4935,45.9251,215.4186,6864.2369,487.6901,4201.83619367817,-4698.776288597769,-2712.858246916625,-5827.132552298115,-2403.841140079797,-2712.858246916625,-23.4159,-157.5826,4
2068,STARLINK-34115,satellite,0,30,42.9793,104.1614,89.858,182.0694,271.9274,6858.4892,495.1231,4809.37679223008,1451.5759785996497,-4676.304500740241,-227.18770784723824,-5018.522062987464,-4676.304500740241,-43.1272,-92.592,6
2069,STARLINK-34028,satellite,0,30,42.9867,104.5313,79.9851,29.1799,109.165,6859.575,486.2359,-4020.7088484300607,-3367.122847939354,4415.198486480912,-1841.5398173637159,4910.432467514753,4415.198486480912,40.2699,110.5574,4
2070,STARLINK-33942,satellite,0,30,42.9979,104.4708,96.5807,33.8531,130.4338,6862.3256,485.5338,-2585.1690977040694,-5260.713076631632,3559.8379168763945,-4104.2826309502125,4184.8614581187185,3559.8379168763945,31.4299,134.443,7
2071,STARLINK-34139,satellite,0,30,43.0125,104.4231,114.9291,36.7418,151.671,6865.5457,482.5612,-801.0440369807561,-6439.539088504988,2220.1299330753027,-5808.50141513179,2893.206963211944,2220.1299330753027,18.9971,153.5222,5
2072,STARLINK-34090,satellite,0,30,43.0245,104.3891,141.2143,31.6933,172.9076,6867.415,482.4739,1091.9906997158946,-6748.289432456189,577.9588909012733,-6728.131634773311,1209.9994453009078,577.9588909012733,4.8627,169.8048,4
2073,STARLINK-34105,satellite,0,30,43.0202,104.3707,158.1872,28.9953,187.1824,6867.2597,483.0716,2297.05822450541,-6438.558285437419,-585.2598904011625,-6835.980976917326,-29.55274889463962,-585.2598904011625,-4.9239,-179.7523,5
2074,STARLINK-33642,satellite,0,30,42.9969,104.2896,98.1438,131.2931,229.4368,6862.3745,491.1865,4797.250083964641,-3383.904712117667,-3555.854256056625,-4784.462286637359,-3401.9612132615093,-3555.854256056625,-31.3619,-144.5855,4
2075,STARLINK-34045,satellite,0,30,42.983,104.2256,74.5438,176.0996,250.6433,6859.5999,494.8549,5151.452415399592,-1041.0964866690892,-4415.2918186032875,-2692.0719042141345,-4513.767023808594,-4415.2918186032875,-40.21,-120.8124,4
2076,STARLINK-33871,satellite,0,42,43.0097,289.8836,67.1332,324.6384,31.7716,6865.074,483.0041,4466.275490280088,-4584.97440300685,2463.2608569558133,-5807.5631897762,-2691.0623976528595,2463.2608569558133,21.1689,-155.1383,9
2077,STARLINK-34154,satellite,0,42,43.021,289.4932,166.5127,21.0682,187.5809,6867.3179,482.7933,-2893.1946936553886,6190.15836901306,-617.5271412223586,6799.551314938478,674.342705437341,-617.5271412223586,-5.1963,5.6638,5
2078,STARLINK-34158,satellite,0,42,42.9976,289.4515,102.9198,127.0122,229.932,6862.2644,491.1318,-5093.508661964744,2886.5299416143625,-3581.9986658164544,4413.631635375399,3846.5232848066285,-3581.9986658164544,-31.6188,41.0725,4
2079,STARLINK-34165,satellite,0,42,42.9873,289.2092,106.8181,186.7786,293.5967,6859.9913,493.7832,-3440.791102209027,-4108.270374624585,-4288.515697513053,-2733.1646785434486,4609.418588067408,-4288.515697513053,-38.8437,120.6659,10
2080,STARLINK-34150,satellite,0,42,42.9864,289.7774,111.4726,322.839,74.3116,6859.1227,487.4688,5171.202553845048,-110.77019084931491,4500.685230677939,-1821.0528214966464,-4841.216015568139,4500.685230677939,41.2048,-110.6141,97
2081,STARLINK-34169,satellite,0,42,42.9938,289.3982,88.1104,148.9354,237.0458,6861.1841,491.3623,-5212.555110659438,2122.190497685611,-3926.7233010297427,3732.1487235446225,4212.539518565158,-3926.7233010297427,-35.0718,48.4603,4
2082,STARLINK-34152,satellite,0,42,43.0135,289.4712,164.647,37.1193,201.7664,6866.2461,485.229,-3878.4187837631252,5388.103407318111,-1735.8395963098124,6370.016214881756,1869.942248397845,-1735.8395963098124,-14.7407,16.3598,4
2083,STARLINK-33927,satellite,0,42,43.0163,289.9618,14.164,328.0777,342.2416,6866.608,484.7243,792.6817386955504,-6664.769324842618,-1427.7983490798015,-6549.99265652711,1464.6128128845048,-1427.7983490798015,-12.0826,167.3957,5
2084,STARLINK-33898,satellite,0,42,43.0126,289.9013,59.8191,324.8724,24.6915,6866.0037,482.5334,4091.2372713913182,-5146.503383989818,1954.5217628910107,-6212.759749194334,-2150.8918594459547,1954.5217628910107,16.6544,-160.9039,9
2085,STARLINK-33928,satellite,0,42,43.0048,289.1313,18.8914,303.1276,322.0189,6863.8675,488.1327,-1145.0728289622016,-6122.538206293852,-2880.4644086203107,-5395.27585439863,3112.5012973649636,-2880.4644086203107,-24.9547,150.0196,16
2086,STARLINK-33758,satellite,0,42,42.9928,289.6135,88.3576,35.4936,123.8512,6861.2643,485.3031,2641.300636474491,4995.849616553875,3882.9678551369166,3835.8047407576646,-4149.889689406585,3882.9678551369166,34.6607,-47.2523,6
2087,STARLINK-33936,satellite,0,42,43.0103,289.4455,167.6807,48.1536,215.8343,6864.462,487.9622,-4622.488779794476,4268.260133178902,-2740.596830010477,5560.661686751715,2943.5503544702224,-2740.596830010477,-23.6686,27.8946,4
2088,STARLINK-33931,satellite,0,42,43.0005,289.1466,43.9832,270.8532,314.8364,6863.0217,489.8829,-1775.248841166241,-5738.702886558343,-3319.1202179172096,-4824.01987330307,3579.53230607466,-3319.1202179172096,-29.074,143.4237,16
2089,STARLINK-33759,satellite,0,42,42.9829,289.323,82.8374,175.4177,258.2551,6858.9533,494.9079,-5101.280511335119,-308.2493757559902,-4581.424397450242,1402.5820490120395,4914.350834929333,-4581.424397450242,-42.0524,74.071,4
2090,STARLINK-34163,satellite,0,42,42.9802,289.7,84.5529,10.984,95.5369,6858.6497,487.0638,4476.738393239338,2305.478684873505,4651.787881768847,688.7153481926491,-4988.195042003978,4651.787881768847,42.9099,-82.1389,94
2091,STARLINK-34077,satellite,0,42,42.982,289.2984,88.1601,177.171,265.3312,6858.6213,495.3202,-4907.927890121827,-1126.6496611999073,-4663.8339163685305,566.4038120530552,5003.6269200860015,-4663.8339163685305,-42.9832,83.5417,4
2092,STARLINK-34113,satellite,0,42,42.9931,289.8381,89.1918,323.6892,52.8811,6862.0203,484.9222,5165.982928257848,-2535.1359395142913,3728.3058939283083,-4106.21991447362,-4031.5321976698624,3728.3058939283083,33.1023,-135.5258,24
2093,STARLINK-34193,satellite,0,42,42.9885,289.8167,96.3915,323.7163,60.1078,6860.7971,485.4727,5248.87143585279,-1740.5181508249195,4052.9315661448386,-3384.172987581726,-4373.491508347135,4052.9315661448386,36.4087,-127.7324,56
2094,STARLINK-34078,satellite,0,42,42.9818,289.2483,96.9914,182.4803,279.4717,6858.8102,495.1938,-4303.5634085666225,-2699.0821299794416,-4615.603744944971,-1117.485611305443,4955.494754759935,-4615.603744944971,-42.4359,102.7079,7
2095,STARLINK-34182,satellite,0,92,42.9977,286.3943,79.571,323.5854,43.1565,6863.3147,483.9411,4702.915430792019,-3830.773722720996,3198.720064098801,-5174.678923828673,-3164.6388260202293,3198.720064098801,27.9527,-148.5516,9
2096,STARLINK-34192,satellite,0,42,43.0185,289.9155,42.3205,328.2469,10.5674,6867.2358,482.279,3161.961549461341,-6027.105443178214,858.3083451810239,-6734.960056071662,-981.9948607704725,858.3083451810239,7.232,-171.7044,4
2097,STARLINK-34093,satellite,0,42,42.989,289.3681,76.7084,167.3987,244.1071,6860.2674,493.0325,-5254.6212836134,1329.6735542493302,-4209.877491552322,2998.532681755488,4515.293827816438,-4209.877491552322,-38.0095,56.4125,4
2098,STARLINK-34016,satellite,0,42,42.98,289.2698,91.8453,180.5505,272.3958,6858.6056,495.4099,-4641.201184625564,-1926.5202740011898,-4675.124659163091,-276.6517024206401,5017.5385038736995,-4675.124659163091,-43.1115,93.1559,4
2099,STARLINK-34161,satellite,0,42,43.0065,289.4211,149.3404,73.5628,222.9033,6863.3563,489.3505,-4893.657434359328,3605.012508918889,-3186.6680493697254,5025.03496236671,3419.5060902583864,-3186.6680493697254,-27.8144,34.2351,4
2100,STARLINK-34162,satellite,0,42,43.0134,289.5446,118.2614,33.8794,152.1408,6865.6244,482.9428,179.92887524583512,6498.575997973415,2186.461754306275,6070.36793686235,-2326.907284937871,2186.461754306275,18.6973,-20.9729,4
2101,STARLINK-34155,satellite,0,42,42.9858,289.6476,79.1593,30.5001,109.6594,6859.4592,486.4841,3672.3355734117185,3760.1641510227378,4401.915047207555,2327.936303287063,-4712.2813555877465,4401.915047207555,40.1227,-63.71,40
2102,STARLINK-34141,satellite,0,42,42.9996,289.5867,95.7598,35.1902,130.95,6862.3465,484.4884,2061.9251154138265,5503.733168521387,3531.9837915363673,4507.212135831215,-3771.956088619353,3531.9837915363673,31.162,-39.925,4
2103,STARLINK-34062,satellite,0,42,42.9857,289.3417,76.8532,174.34,251.1932,6859.4874,494.1996,-5217.2686378361395,513.6373301304518,-4429.741794153933,2216.368132973849,4750.939659203232,-4429.741794153933,-40.3729,64.9904,4
2104,STARLINK-34201,satellite,0,68,42.9907,133.4318,79.772,155.5231,235.2952,6861.4,491.9889,5683.612758116212,-0.3179714822961646,-3847.414648738583,-1886.9563117908765,-5361.235861508036,-3847.414648738583,-34.2613,-109.3902,4
2105,STARLINK-34190,satellite,0,68,43.0192,133.084,50.6372,325.9794,16.6166,6866.8899,482.4782,-5537.534240246222,3821.1774694480046,1338.3354023322172,5442.6757364262485,3955.1186509425165,1338.3354023322172,11.3191,36.0054,4
2106,STARLINK-34168,satellite,0,68,42.9893,132.8065,81.1725,34.702,115.8745,6860.1583,485.8764,-1277.3335898566945,-5261.228721750682,4206.16511017028,-4538.900689268358,2951.353807206064,4206.16511017028,38.0168,146.9667,7
2107,STARLINK-34098,satellite,0,68,42.9857,132.9459,100.1852,333.1639,73.3491,6859.2543,486.6673,-4855.459738185025,-1835.5850289724312,4478.297701612025,-119.75023891039702,5189.462549051146,4478.297701612025,40.9622,91.3219,4
2108,STARLINK-34180,satellite,0,68,42.9971,133.1894,53.2111,259.8444,313.0555,6862.6728,490.0902,-532.6204019743968,5926.260194554538,-3419.8154452363297,5767.0318621261395,-1464.7825392811321,-3419.8154452363297,-30.0425,-14.2513,4
2109,STARLINK-34171,satellite,0,68,42.9994,132.7463,97.1203,39.949,137.0694,6863.4007,483.7046,899.3427646996104,-6005.549826378603,3185.261969565631,-5963.5578950768695,1145.173942071659,3185.261969565631,27.8261,169.1299,4
2110,STARLINK-34126,satellite,0,68,42.9788,133.3641,80.2057,176.2418,256.4475,6859.0978,495.3035,4653.632250526281,2182.7164432847026,-4549.0963158518125,514.1946244198787,-5114.308172484468,-4549.0963158518125,-41.6868,-84.2588,10
2111,STARLINK-34157,satellite,0,68,42.9771,132.8932,98.6559,348.8407,87.4965,6858.5242,486.3646,-3874.3685199303486,-3190.747674379422,4668.336746316866,-1723.7426278905407,4713.842753272322,4668.336746316866,43.1045,110.0863,4
2112,STARLINK-34140,satellite,0,68,43.0129,133.1398,4.7426,329.5645,334.3071,6865.6512,485.6546,-2640.866793854282,5999.431299738604,-2029.4092105384275,6535.879415048039,499.63348078040787,-2029.4092105384275,-17.3038,4.3715,4
2113,STARLINK-34132,satellite,0,68,42.9794,133.2913,95.6075,182.1041,277.7116,6858.6582,494.9923,2990.2546886985233,4082.303996453968,-4636.666914940274,2858.224707451137,-4175.808968866201,-4636.666914940274,-42.6763,-55.6094,13
2114,STARLINK-34254,satellite,0,8,42.9992,9.1629,109.3778,119.3136,228.6914,6862.3872,490.5179,-3872.1688517778452,-4443.685461736537,-3515.8305545296776,-2906.366699737112,5127.676345693674,-3515.8305545296776,-30.9736,119.5446,9
2115,STARLINK-34129,satellite,0,8,43.0234,9.6668,24.0741,345.1612,9.2353,6867.3513,481.4655,6539.158046757859,1930.249941742802,751.1061753297944,-349.85058285564304,-6809.115755202853,751.1061753297944,6.3256,-92.9413,10
2116,STARLINK-34212,satellite,0,8,43.0222,9.2597,140.4441,31.6791,172.1231,6867.3166,482.1334,-6817.4049840209145,-415.06467935894943,641.4392839161251,1871.4851869938545,6568.624863627632,641.4392839161251,5.3986,74.0971,4
2117,STARLINK-34149,satellite,0,8,42.9909,9.3804,81.3273,34.0478,115.3751,6860.2458,486.4313,-3637.5407960396783,3991.857827206049,4224.213108219014,4972.981691855399,2106.2015686895197,4224.213108219014,38.2052,22.9541,11
2118,STARLINK-34054,satellite,0,8,43.0007,9.3402,94.0689,35.5893,129.6582,6862.1811,484.6136,-4944.631800118114,3099.2485625396685,3600.2043430273384,4564.869537767268,3635.4767767526655,3600.2043430273384,31.8319,38.5339,5
2119,STARLINK-34195,satellite,0,8,43.0207,9.2282,155.4654,37.8855,193.351,6867.0018,484.3929,-6404.351701201898,-2214.1719521489085,-1081.0743030011645,37.278956663274904,6776.200146524648,-1081.0743030011645,-9.1202,89.6848,4
2120,STARLINK-34133,satellite,0,8,43.0101,9.1895,165.548,49.0041,214.5521,6864.579,487.8212,-5125.159863734765,-3712.2714582255676,-2655.004300962743,-1800.49901886716,6066.830003506966,-2655.004300962743,-22.8878,106.5297,8
2121,STARLINK-34181,satellite,0,8,42.9862,9.4485,88.5565,5.6686,94.2251,6858.8019,487.6638,-1319.3251876181093,4850.803899566653,4661.791361024125,5013.699966147258,-365.69122520179025,4661.791361024125,43.0195,-4.1717,18
2122,STARLINK-34186,satellite,0,8,43.0051,9.601,82.3723,322.2193,44.5916,6863.1216,484.1915,4227.768101650995,4285.778646319186,3283.614247925744,2639.373503143959,-5410.69581823676,3283.614247925744,28.7604,-63.9966,41
2123,STARLINK-34203,satellite,0,76,43.017,238.5255,16.6554,333.4448,350.1001,6867.382,483.4384,-4264.664296625166,-5314.334259778072,-804.7679879727036,-3597.360543164157,5786.925549032582,-804.7679879727036,-6.7776,121.8666,4
2124,STARLINK-33865,satellite,0,76,42.9831,238.341,100.2213,334.911,75.1324,6859.1069,486.9261,3202.801982987211,-4041.5668603178447,4517.648789528924,-4875.562026456619,-1679.6125013884841,4517.648789528924,41.3977,-160.9914,4
2125,STARLINK-34234,satellite,0,76,42.9899,238.6458,106.2848,187.371,293.6558,6859.9807,493.1628,-5359.561420500429,41.0182833216032,-4286.407679889382,1817.781075949709,5042.0485003223,-4286.407679889382,-38.8252,70.1745,4
2126,STARLINK-34256,satellite,0,76,43.0071,238.4523,67.5102,325.1258,32.6361,6864.8995,482.7262,-716.7495307208634,-6336.703264205032,2522.7071902505472,-5739.477853380304,2779.55610105864,2522.7071902505472,21.7058,154.1597,5
2127,STARLINK-34229,satellite,0,76,43.02,238.9275,165.0321,29.6096,194.6417,6866.9238,484.4385,2340.413316596899,6340.997771419915,-1183.3799369679907,5204.559055393509,-4312.580697051112,-1183.3799369679907,-9.9916,-39.6457,11
2128,STARLINK-34224,satellite,0,76,42.9912,238.4054,89.7511,324.1131,53.8642,6861.6751,485.0183,1331.778334406342,-5566.134749127648,3775.9963484740206,-5692.604015263016,591.395893502679,3775.9963484740206,33.58,174.0689,4
2129,STARLINK-34215,satellite,0,76,43.0011,238.5895,31.2368,283.623,314.8598,6862.9941,489.6285,-5559.160262183678,-2277.2833118262324,-3317.6888389588134,-302.8123621161066,5999.8822302036915,-3317.6888389588134,-29.0614,92.8893,4
2130,STARLINK-33893,satellite,0,76,42.9961,238.8475,115.841,114.221,230.062,6862.1895,490.7274,-1014.5396840408555,5761.434167740358,-3588.500182610751,5771.52328002902,-955.4755191959761,-3588.500182610751,-31.6849,-9.4001,4
2131,STARLINK-34183,satellite,0,76,43.0211,238.952,142.8367,30.6157,173.4524,6867.3755,482.4571,4005.2395663779857,5544.290541009704,533.7285604253912,3900.3930554815806,-5618.543903891866,533.7285604253912,4.4898,-55.2316,6
2132,STARLINK-34211,satellite,0,76,43.0116,238.9803,118.2391,33.9065,152.1455,6865.6617,482.7215,5133.105713867792,3989.257677827969,2185.9787083593274,2059.1420093818588,-6166.269964496399,2185.9787083593274,18.6937,-71.534,21
2133,STARLINK-34252,satellite,0,58,42.982,53.4531,97.6538,181.4178,279.0716,6858.8046,495.3646,4627.957510715855,-2083.2934976380684,-4620.978156407328,-3501.4020244492694,-3674.001412829738,-4620.978156407328,-42.4955,-133.6221,2
2134,STARLINK-34050,satellite,0,58,43.0129,53.3031,19.4504,316.2296,335.68,6866.0817,486.4346,5394.234787943891,3779.416053033689,-1928.0355997370232,1774.5178640378222,-6342.936307389778,-1928.0355997370232,-16.4128,-74.3704,5
2135,STARLINK-33782,satellite,0,58,43.003,53.1938,78.7184,320.5626,39.281,6863.9369,483.3175,637.8836893801318,6152.186281540961,2961.1415557017613,5591.602578613602,-2643.91229937752,2961.1415557017613,25.7223,-25.3065,4
2136,STARLINK-34207,satellite,0,58,42.9902,53.3827,104.6982,195.6098,300.308,6860.8763,493.0529,5545.018251975963,194.80482090460916,-4040.5427758667965,-1656.891356531041,-5295.270282586807,-4040.5427758667965,-36.2334,-107.3749,4
2137,STARLINK-34260,satellite,0,58,42.9819,53.5185,81.406,176.4438,257.8499,6859.0245,495.4786,3088.1584562365224,-4080.3722050320284,-4574.888060130588,-4874.111498636923,-1558.5881692347111,-4574.888060130588,-41.9747,-162.2674,4
2138,STARLINK-33855,satellite,0,58,42.9911,53.1349,99.7934,320.7123,60.5057,6860.6249,485.6066,-1467.1944619153026,5319.383772403263,4069.252359977173,5504.7952085027955,-381.7499438464463,4069.252359977173,36.5778,-3.967,16
2139,STARLINK-34223,satellite,0,7,42.9909,49.4735,90.5342,31.1187,121.6529,6861.014,484.187,-5581.955301227711,39.18831600653681,3979.019780323858,1889.8777809132807,5252.439688585284,3979.019780323858,35.6512,70.2108,5
2140,STARLINK-34216,satellite,0,58,43.0063,52.8982,100.0626,38.4328,138.4954,6863.5742,483.7197,-5748.3823101009175,-2091.324962570383,3099.577449068678,-64.58656485474869,6116.6467821667975,3099.577449068678,27.0165,90.605,4
2141,STARLINK-34218,satellite,0,7,42.9903,49.6913,92.8482,325.0585,57.9067,6861.0222,485.5819,-883.5045804292731,5526.619992769857,3960.8483693387534,5506.526835481503,-1001.1349051177169,3960.8483693387534,35.4558,-10.3043,12
2142,STARLINK-34017,satellite,0,58,43.0166,53.263,34.5552,322.2589,356.814,6867.432,483.2119,4321.146381013627,5323.316840866882,-260.1477990159836,3587.0847550675308,-5843.186732799683,-260.1477990159836,-2.1865,-58.4546,5
2143,STARLINK-34299,satellite,0,51,42.9853,111.7617,97.2839,334.6193,71.9032,6859.2765,486.0222,-5216.430669036744,210.38664089711077,4442.715350176856,1930.0341572862924,4850.812263450658,4442.715350176856,40.5739,68.3035,4
2144,STARLINK-34271,satellite,0,51,42.9988,111.557,96.975,38.6373,135.6124,6863.1735,483.7618,-1462.201108147639,-5846.375920087677,3271.1633691352586,-5029.502801644033,3319.976663758955,3271.1633691352586,28.6433,146.5712,8
2145,STARLINK-34100,satellite,0,51,42.9852,111.6183,77.7004,36.6699,114.3703,6860.0925,485.7452,-3204.6923319981247,-4312.891456034204,4257.735531894489,-3004.5555687617843,4454.630342522594,4257.735531894489,38.5676,123.9988,7
2146,STARLINK-34269,satellite,0,51,43.0207,111.0297,44.3302,324.5161,8.8464,6867.3072,482.2108,-3152.4104081795763,6050.235835744264,719.7791576389081,6753.608443020404,965.307229894468,719.7791576389081,6.0601,8.1343,5
2147,STARLINK-34351,satellite,0,51,43.0211,111.0219,44.718,331.3029,16.0209,6866.9056,482.5334,-3657.2777543136867,5658.105845650674,1291.7071537749803,6551.301986049491,1571.7139117435172,1291.7071537749803,10.9198,13.4908,5
2148,STARLINK-34198,satellite,0,51,43.0187,111.0155,54.5548,328.446,23.0008,6866.1945,482.5733,-4093.512388946663,5191.152435897338,1828.5240579508663,6255.63233505753,2138.21686920793,1828.5240579508663,15.553,18.8708,4
2149,STARLINK-34279,satellite,0,51,43.0087,111.8566,72.3184,324.0576,36.376,6864.4977,482.7296,-4815.638950074075,4017.110817626566,2774.119327962626,5387.868558765874,3209.1167339355334,2774.119327962626,23.9953,30.7788,5
2150,STARLINK-34292,satellite,0,51,43.0127,111.5119,120.4671,36.3752,156.8423,6866.2383,482.5582,477.56396988949,-6590.440263491667,1840.0989884994383,-6375.27589401897,1737.1895369041786,1840.0989884994383,15.654,164.7576,4
2151,STARLINK-34278,satellite,0,51,43.0218,111.0486,29.5471,325.2343,354.7814,6867.5327,483.4169,-2028.3245910317285,6540.97663843795,-425.8055959758768,6843.386783328547,-257.94062289453404,-425.8055959758768,-3.5801,-2.1586,5
2152,STARLINK-33802,satellite,0,51,42.9811,111.6888,83.98,9.099,93.079,6858.6534,486.4865,-4516.929150619555,-2192.7228658579284,4666.483908374722,-569.0118041256931,4988.677989702134,4666.483908374722,43.0824,96.5071,4
2153,STARLINK-35442,satellite,0,9,43.0193,144.4144,37.1973,325.442,2.6393,6867.4219,482.5704,-5707.926470853796,3800.280808774655,215.53585918686403,5479.525089812124,4122.7859042562295,215.53585918686403,1.8116,36.9577,4
2154,STARLINK-34616,satellite,0,9,42.9932,143.6689,102.0602,197.7527,299.8129,6860.6471,492.8725,-168.3972549794391,5530.693790551147,-4060.8765195669284,5272.992140833876,-1677.0466072920592,-4060.8765195669284,-36.4456,-17.643,4
2155,STARLINK-34615,satellite,0,9,43.0136,143.9897,126.3005,31.9647,158.2652,6866.2196,482.3221,4062.0274157551257,-5248.307387767995,1732.7144222561244,-6299.095163296959,-2089.544755820089,1732.7144222561244,14.72,-161.6482,9
2156,STARLINK-35292,satellite,0,9,43.0037,143.9164,149.4232,72.5145,221.9377,6863.6341,489.446,6101.476317321204,-295.9784156576252,-3128.394153458597,-2304.5606824092197,-5657.262282629317,-3128.394153458597,-27.2634,-112.1642,4
2157,STARLINK-35309,satellite,0,9,43.0211,144.4152,28.6164,326.9373,355.5537,6867.3889,482.9163,-5336.653733701803,4296.703355166199,-362.8978182822554,5824.556808951435,3607.779202643552,-362.8978182822554,-3.0509,31.7744,4
2158,STARLINK-35506,satellite,0,9,42.9804,143.7389,92.4027,186.0927,278.4954,6858.888,496.5421,2120.1828624346413,4605.0272683215535,-4628.806508642653,3640.1260554852215,-3528.5880763166765,-4628.806508642653,-42.5752,-44.1086,6
2159,STARLINK-35504,satellite,0,9,43.0178,144.441,10.5188,330.8322,341.351,6866.5611,484.4513,-4355.999558338332,5085.8313185941215,-1496.8891126510998,6243.414863447425,2420.7815259375084,-1496.8891126510998,-12.6771,21.193,4
2160,STARLINK-35479,satellite,0,9,42.9866,144.1043,80.1004,35.8909,115.9913,6860.1987,485.6998,-209.1588084723579,-5413.298313167465,4201.689758792139,-5036.92472322997,1994.2255055579801,4201.689758792139,37.9705,158.4003,6
2161,STARLINK-35507,satellite,0,9,42.995,143.8746,82.6468,153.4518,236.0986,6861.3026,492.1136,5548.526227698672,1108.5462919357842,-3884.7067933981666,-796.125176439617,-5601.892794784958,-3884.7067933981666,-34.639,-98.0885,4
2162,STARLINK-35460,satellite,0,9,43.0124,144.3761,57.184,326.668,23.852,6865.9305,482.1563,-6280.184463428635,2005.2541444271374,1891.942042022808,3976.2388938161744,5258.448947906232,1891.942042022808,16.1076,52.9048,5
2163,STARLINK-35505,satellite,0,9,43.0008,144.0528,100.2338,36.9698,137.2037,6863.1512,483.9092,2073.3405564058125,-5712.2459860950075,3177.4152277158196,-6076.589590645253,-59.617240438024126,3177.4152277158196,27.7508,-179.4379,4
2164,STARLINK-35512,satellite,0,9,42.9895,144.2965,94.0959,325.1492,59.2451,6860.7903,485.3182,-5362.166523570606,-1453.6846900465541,4017.4555703347537,408.6952787773607,5540.667574731598,4017.4555703347537,36.0414,85.7813,4
2165,STARLINK-35257,satellite,0,9,42.9838,143.8047,82.2094,175.1919,257.4013,6858.9041,495.0687,4101.9661465833915,3070.4212410231985,-4566.942058341848,1534.688649756501,-4888.593214141591,-4566.942058341848,-41.8885,-72.5712,12
2166,STARLINK-35322,satellite,0,9,43.0151,143.9505,160.8069,39.9887,200.7956,6866.3979,485.3563,6235.045347916414,-2334.964055392685,-1662.0471188034599,-4272.269864098282,-5106.423194259131,-1662.0471188034599,-14.1008,-129.9174,4
2167,STARLINK-35400,satellite,0,9,43.0013,144.4966,60.872,252.1679,313.0399,6862.8318,490.6923,-1682.8881365110017,5707.059910969312,-3421.250242411739,5942.0881921518285,-306.97430526405,-3421.250242411739,-30.0535,-2.9573,4
2168,STARLINK-35407,satellite,0,9,42.9903,143.8573,69.8391,173.2721,243.1113,6860.4709,492.7837,5147.233073943992,1785.0239001974455,-4173.762919650965,-24.797169740892848,-5447.908198763253,-4173.762919650965,-37.6288,-90.2608,9
2169,STARLINK-35417,satellite,0,9,42.9908,144.0893,85.4133,37.6176,123.0309,6861.1041,485.1707,560.8799649042047,-5597.435292476727,3919.55947408263,-5466.232607698948,1328.9730121502575,3919.55947408263,35.0349,166.3351,4
2170,STARLINK-35404,satellite,0,9,43.0202,143.9863,139.5031,33.0794,172.5825,6867.2694,482.3019,5121.957689905809,-4523.691241058411,604.2368412149931,-5967.40642386821,-3329.908946801737,604.2368412149931,5.0845,-150.8378,6
2171,STARLINK-34783,satellite,0,9,43.0018,144.4797,38.4162,281.6734,320.0896,6864.0053,489.4303,-2413.869797364516,5679.832767188598,-3003.2952170622334,6159.05181119786,391.5973044318111,-3003.2952170622334,-26.0903,3.638,4
2172,STARLINK-35477,satellite,0,9,43.0204,143.9841,149.2453,30.3002,179.5456,6867.4883,482.6564,5525.814139486008,-4066.2609026425757,37.1253241718613,-5669.972037525806,-3862.708470254851,37.1253241718613,0.312,-145.7351,4
2173,STARLINK-35443,satellite,0,9,43.006,144.0358,107.0122,37.255,144.2672,6864.3549,483.2269,2785.737331005287,-5639.9187223698955,2731.770196136712,-6244.841158656121,-755.6285962358884,2731.770196136712,23.6051,-173.1007,9
2174,STARLINK-35218,satellite,0,9,43.0209,144.3841,51.8055,324.8704,16.676,6866.8343,481.7734,-6179.515710752998,2656.5618341943973,1342.8854149207364,4557.19957596484,4947.288876058009,1342.8854149207364,11.3593,47.3503,5
2175,STARLINK-35522,satellite,0,9,42.9808,144.2493,99.3383,334.0641,73.4024,6859.1789,486.3812,-4397.352464551084,-2756.5252913136947,4478.93994205912,-1140.5386737365209,5063.033864478578,4478.93994205912,40.9714,102.695,4
2176,STARLINK-35535,satellite,0,9,42.9801,144.1507,79.955,21.8124,101.7674,6858.7927,486.6463,-1742.2569950130282,-4798.481212691627,4575.297229672916,-3948.062039635949,3236.307698042936,4575.297229672916,42.0457,140.6578,7
2177,STARLINK-35467,satellite,0,9,43.0003,144.3478,74.4138,323.3521,37.7659,6864.2026,481.6736,-6193.909564701373,663.7377922770133,2863.6643608501063,2682.1503320696706,5622.377890961659,2863.6643608501063,24.8245,64.4966,5
2178,STARLINK-35511,satellite,0,9,42.9904,143.684,142.3798,150.214,292.5938,6860.0239,491.7537,620.1751620545559,5294.8709706950785,-4319.539941238283,4788.776917065954,-2342.624909479778,-4319.539941238283,-39.1913,-26.0674,4
2179,STARLINK-35440,satellite,0,9,42.9811,144.1704,76.8436,18.4554,95.2989,6858.0693,486.7163,-2409.81696920281,-4419.141995868998,4653.4546900705645,-3368.6377421451343,3740.0953954285947,4653.4546900705645,42.9316,132.0088,7
2180,STARLINK-35482,satellite,0,9,43.0069,143.9204,156.4374,58.4758,214.9132,6864.6267,488.2167,6240.032420932332,-992.8041005048419,-2679.2220671255227,-3007.868301358887,-5556.653028392744,-2679.2220671255227,-23.107,-118.4271,4
2181,STARLINK-35438,satellite,0,9,42.9853,143.7771,85.1465,179.2616,264.4082,6858.7175,495.7573,3492.6325870924416,3636.23280538947,-4657.697548847872,2270.683903185583,-4501.629262303206,-4657.697548847872,-42.9097,-63.233,13
2182,STARLINK-35617,satellite,0,45,42.9893,206.106,103.4025,195.8718,299.2743,6860.6756,492.8434,-4940.771148938492,2455.6996985335354,-4082.215325053799,3956.5295533347753,3845.45893868979,-4082.215325053799,-36.668,44.1844,4
2183,STARLINK-35618,satellite,0,45,43.0101,206.0355,10.752,316.8029,327.5549,6864.8469,487.2227,-6385.2659701054945,-122.99311173143313,-2511.362988499305,2003.548647188817,6064.036744023613,-2511.362988499305,-21.5884,71.7165,4
2184,STARLINK-35588,satellite,0,45,43.018,206.0085,10.1357,331.5661,341.7018,6866.5997,484.8413,-6545.956272082185,-1441.2109351738022,-1469.8005514231634,813.4168222873997,6653.193635307522,-1469.8005514231634,-12.4433,83.0296,4
2185,STARLINK-35555,satellite,0,45,43.021,205.9742,34.2372,328.6676,2.9048,6867.472,482.629,-6048.499436819691,-3229.418743810996,237.20647673252859,-1038.5254424331226,6777.533162257859,237.20647673252859,1.9938,98.7117,4
2186,STARLINK-35589,satellite,0,45,43.0203,205.9591,48.1251,328.9458,17.0709,6866.6423,482.0483,-5251.140724829628,-4193.870758822449,1373.7873422808036,-2212.97182085819,6345.532804560844,1373.7873422808036,11.6237,109.226,5
2187,STARLINK-35611,satellite,0,45,43.0067,205.9152,74.4141,323.8745,38.2886,6863.955,483.4835,-3483.354089104009,-5147.337509936193,2898.3434838884223,-3699.18614495259,4994.483057961509,2898.3434838884223,25.1384,126.5257,6
2188,STARLINK-35610,satellite,0,45,42.9933,205.8573,96.0303,323.5023,59.5326,6860.6341,485.0255,-1243.1584516633861,-5405.474542753373,4029.485324828906,-4686.311829213664,2966.9983834961845,4029.485324828906,36.1679,147.6613,7
2189,STARLINK-35533,satellite,0,45,42.9877,205.7947,96.1091,344.7003,80.8094,6858.7147,487.3198,1168.351074961963,-4933.802281248335,4614.518605928658,-5041.876831153547,535.655863678464,4614.518605928658,42.4838,173.9356,4
2190,STARLINK-35470,satellite,0,45,42.983,205.7225,79.3644,22.6954,102.0598,6858.8673,486.8946,3419.0138574842094,-3796.8444043564728,4570.800125816543,-4716.486599332603,-1964.7995691362755,4570.800125816543,41.9933,-157.3843,4
2191,STARLINK-35439,satellite,0,45,42.9912,205.6762,79.5349,36.5325,116.0674,6860.3129,485.7565,4666.96989444626,-2754.5176862606245,4199.365209429429,-4147.516592266932,-3487.991083196861,4199.365209429429,37.9454,-139.9367,23
2192,STARLINK-35446,satellite,0,45,42.9964,205.652,84.5795,38.7496,123.3291,6861.2156,485.5622,5210.037883933678,-2146.2533902780956,3906.9063180127973,-3754.0116206099706,-4202.177426005433,3906.9063180127973,34.9033,-131.776,48
2193,STARLINK-35457,satellite,0,45,43.0003,205.6147,98.3344,39.1305,137.465,6863.4113,483.8005,6022.102410230934,-872.7604249749966,3161.671433418601,-2822.2901811520746,-5390.9281512634125,3161.671433418601,27.6022,-117.6332,55
2194,STARLINK-35389,satellite,0,45,43.0063,205.5964,105.8069,38.7339,144.5407,6864.475,483.8517,6295.33321230802,-210.54109314289542,2713.8947799007883,-2288.3179661286763,-5868.487768734202,2713.8947799007883,23.4393,-111.3025,49
2195,STARLINK-35502,satellite,0,45,43.0191,205.5421,147.932,31.9805,179.9125,6867.4748,482.659,6193.577514093514,2951.2824065208447,7.144615821753168,728.0017637853433,-6822.058611449311,7.144615821753168,0.06,-83.9089,5
2196,STARLINK-35501,satellite,0,45,43.0085,205.58,115.9502,35.7236,151.6737,6865.2392,482.5072,6472.903384863765,460.2448360057197,2219.747313251874,-1714.5106675741372,-6258.6545446785285,2219.747313251874,18.9939,-105.3199,31
2197,STARLINK-35474,satellite,0,45,43.004,206.0394,25.6996,294.8369,320.5365,6863.7526,488.8694,-6160.949061995834,540.2114330738834,-2975.1091731450238,2554.6870163633685,5632.290474163732,-2975.1091731450238,-25.8299,65.602,4
2198,STARLINK-34681,satellite,0,45,43.0214,205.974,30.1294,325.7557,355.8851,6867.3755,483.3425,-6310.123616285324,-2673.704107479616,-335.9182153554947,-427.4755759105745,6839.855140217157,-335.9182153554947,-2.8237,93.5762,4
2199,STARLINK-35327,satellite,0,45,43.0168,205.5311,154.0633,32.9287,186.9921,6867.3228,483.4141,5882.138516815359,3486.3450846208657,-569.8198794965763,1336.1065395253586,-6705.891058994355,-569.8198794965763,-4.7934,-78.7317,5
2200,STARLINK-35405,satellite,0,45,43.0148,205.9361,61.9395,322.0398,23.9792,6866.0883,482.3399,-4744.265560531378,-4573.780402050439,1901.571714944942,-2739.595411793633,5993.508142540899,1901.571714944942,16.1914,114.5648,5
2201,STARLINK-35426,satellite,0,45,42.9872,205.8296,98.9335,327.6741,66.6076,6859.8371,485.2245,-444.4931127545916,-5328.292152463381,4289.78505242556,-4878.620128582754,2187.9984072837688,4289.78505242556,38.915,155.8444,6
2202,STARLINK-34724,satellite,0,45,43.0134,206.3742,165.555,34.7592,200.3142,6866.3693,485.1499,4991.631589791916,4419.361076217446,-1625.126307993703,2511.8196156316376,-6175.589078680877,-1625.126307993703,-13.7818,-67.8668,6
2203,STARLINK-35219,satellite,0,45,42.9973,206.3303,164.1132,57.2836,221.3968,6863.6888,489.1997,3141.8997589883975,5258.346367025217,-3094.9384154891477,3917.2452250111787,-4709.238840647793,-3094.9384154891477,-26.9495,-50.2456,12
2204,STARLINK-35360,satellite,0,45,43.018,205.5565,134.7346,31.0902,165.8248,6866.7626,482.201,6530.002845860681,1761.1477965615345,1146.0512937511899,-506.32528537711227,-6744.346775905724,1146.0512937511899,9.6766,-94.2934,13
2205,STARLINK-34698,satellite,0,45,42.9879,206.2764,75.4945,167.2274,242.7219,6860.3522,493.0257,845.0785713694681,5393.608727934706,-4159.270071007253,4807.260121570856,-2587.5515502876174,-4159.270071007253,-37.4744,-28.2918,4
2206,STARLINK-34986,satellite,0,45,42.9794,206.1578,95.4301,182.6544,278.0845,6858.6545,494.9825,-3057.9443008115472,4036.6663200183025,-4632.485034576907,4822.8543295750005,1544.595235566781,-4632.485034576907,-42.6289,17.7585,4
2207,STARLINK-34851,satellite,0,45,43.011,206.3571,169.6003,37.7807,207.381,6865.5431,486.4434,4435.59257211078,4773.263224254494,-2152.888773896279,3030.2301621884853,-5768.555143010066,-2152.888773896279,-18.3903,-62.287,13
2208,STARLINK-35355,satellite,0,45,42.9916,206.294,82.9663,152.6888,235.6552,6861.317,491.7606,1635.2861116498932,5431.169994154715,-3863.9805242200505,4580.384827240294,-3345.4212002001277,-3863.9805242200505,-34.4305,-36.1436,9
2209,STARLINK-34720,satellite,0,45,42.9781,206.2045,86.1776,177.6894,263.867,6858.6967,495.24,-1546.7485329223437,4803.379884316285,-4652.217355926204,5044.457404008612,-135.42095958323256,-4652.217355926204,-42.8513,-1.5378,4
2210,STARLINK-35334,satellite,0,45,42.9817,206.1325,105.5092,179.6677,285.1769,6859.1008,494.4416,-3747.4942502757804,3559.11191691332,-4515.954539548444,4601.271958202546,2353.569025888842,-4515.954539548444,-41.3235,27.0899,4
2211,STARLINK-35643,satellite,0,24,42.9866,228.0837,102.6019,331.4995,74.1014,6859.1781,486.6326,2334.396106428254,-4619.4885124477205,4495.496637749117,-5132.450007642722,-668.6076707547309,4495.496637749117,41.1533,-172.5778,3
2212,STARLINK-35466,satellite,0,24,42.9959,227.9231,87.0338,36.6868,123.7206,6861.2668,485.1952,5646.68343125173,30.050295874475797,3889.049572919148,-1846.0514139695044,-5336.481141167478,3889.049572919148,34.7233,-109.0821,97
2213,STARLINK-35684,satellite,0,24,42.9891,227.9627,77.5766,31.9945,109.5711,6859.5197,486.5335,5047.238301985974,-1458.3986506087401,4404.625718570591,-3051.118735588744,-4276.93997648681,4404.625718570591,40.152,-125.5036,65
2214,STARLINK-35449,satellite,0,24,43.0225,227.8439,126.1177,33.0001,159.1178,6866.3435,483.0618,5626.868352285955,3551.5690922166123,1668.3312441300975,1482.3683082713796,-6486.74607714671,1668.3312441300975,14.1601,-77.1277,19
2215,STARLINK-35424,satellite,0,24,42.9805,227.6126,84.6168,180.5369,265.1537,6858.5807,495.032,-3304.429769589405,3801.0749356847923,-4662.310369196396,4682.441444472992,1855.3082999656733,-4662.310369196396,-42.968,21.6148,4
2216,STARLINK-35132,satellite,0,24,42.9796,227.5648,99.0517,180.1427,279.1944,6858.7127,494.8036,-4398.145125080258,2535.1295263315083,-4618.807495831267,3851.33265749208,3307.234345775946,-4618.807495831267,-42.4752,40.6535,4
2217,STARLINK-35499,satellite,0,24,43.0107,227.4314,359.6786,329.1159,328.7944,6865.0279,486.6825,-5885.048732853698,-2563.8710614122665,-2425.2219064594256,-464.97246167414704,6402.424073543932,-2425.2219064594256,-20.8152,94.1538,2
2218,STARLINK-35463,satellite,0,24,43.0207,227.8203,141.3687,31.8798,173.2485,6867.3609,482.3953,5011.483569151916,4652.660368832959,550.2641135827264,2725.300608619678,-6271.758339113975,550.2641135827264,4.6293,-66.5134,8
2219,STARLINK-35435,satellite,0,24,43.0161,227.3473,52.0029,326.2943,18.2972,6866.4931,482.3807,-3254.6473442846604,-5856.7972884631945,1469.1433033952908,-4444.33668692363,5014.247224367155,1469.1433033952908,12.4422,131.5519,6
2220,STARLINK-35448,satellite,0,24,42.9895,227.9369,81.3613,35.2907,116.652,6860.3319,485.8808,5387.989523045639,-719.6191829437461,4178.179024180474,-2467.3406646501,-4843.605363102386,4178.179024180474,37.7201,-116.9944,74
2221,STARLINK-35388,satellite,0,24,42.9892,227.4934,101.8381,198.6538,300.4919,6860.8125,492.0861,-5541.860614856854,355.65868984481307,-4032.3150903869655,2175.094401782806,5109.567155982669,-4032.3150903869655,-36.154,66.941,4
2222,STARLINK-35682,satellite,0,24,43.0165,228.2093,58.3543,326.1873,24.5417,6865.9329,482.4695,-2604.8748563278823,-6039.999895706441,1943.5260435954103,-4832.8411861182185,4462.131534034208,1943.5260435954103,16.5582,137.2839,5
2223,STARLINK-35331,satellite,0,24,42.9855,228.0952,102.4419,324.6101,67.052,6859.8514,485.9902,1651.837009806571,-5073.868426018374,4304.365295618679,-5334.492516237531,126.0789662023775,4304.365295618679,39.0668,178.6461,4
2224,STARLINK-35451,satellite,0,24,43.0203,227.3924,21.4592,328.5154,349.9746,6867.1958,483.527,-5216.779759174469,-4381.708859388818,-814.9296337799525,-2401.5651623633576,6375.472402504896,-814.9296337799525,-6.8635,110.6408,3
2225,STARLINK-35655,satellite,0,24,43.0182,227.8276,132.3073,33.8538,166.1611,6867.0019,482.299,5360.882969859433,4131.048527566721,1119.421949077147,2117.283152621284,-6428.198830564137,1119.421949077147,9.4495,-71.7694,8
2226,STARLINK-35569,satellite,0,24,42.9852,227.654,72.2389,178.7848,251.0238,6859.4471,494.1725,-2005.7759569060613,4847.739008856974,-4425.211228267921,5238.673912371417,282.85389715394297,-4425.211228267921,-40.3234,3.0906,4
2227,STARLINK-35567,satellite,0,24,43.0062,227.4409,357.2496,324.4772,321.7269,6863.9654,487.8364,-5933.171337300682,-1865.83891932402,-2899.1578669640426,209.45410660100714,6216.108587199758,-2899.1578669640426,-25.1288,88.0701,2
2228,STARLINK-35568,satellite,0,24,43.0004,228.1562,85.2703,320.5236,45.7939,6862.8515,484.1676,-511.3894719237903,-5959.943904198778,3352.373416622646,-5452.250034518797,2460.7763194326385,3352.373416622646,29.4201,155.7088,5
2229,STARLINK-35620,satellite,0,24,42.981,227.5832,88.1769,184.0238,272.2007,6858.4552,495.264,-3881.95237028611,3189.7955530710537,-4675.748526875209,4297.529440876013,2602.9964618427207,-4675.748526875209,-43.1198,31.2031,4
2230,STARLINK-35538,satellite,0,24,42.9844,228.0268,92.1259,356.1704,88.2964,6858.5291,486.951,3590.3437595112273,-3503.8480083622576,4671.756934182969,-4496.976032158441,-2223.673929189688,4671.756934182969,43.1391,-153.6884,3
2231,STARLINK-35372,satellite,0,24,43.0213,227.8031,147.8089,32.5379,180.3468,6867.5319,482.9476,4585.877566106898,5103.273553100679,-28.332883881911492,3291.641691112079,-6019.864532232612,-28.332883881911492,-0.2381,-61.3303,4
2232,STARLINK-35354,satellite,0,24,42.982,227.5322,100.3451,185.9483,286.2933,6859.1764,494.3537,-4855.082203294366,1833.506861612323,-4491.263224761813,3341.1720393311098,3971.1635594517056,-4491.263224761813,-41.05,49.9241,4
2233,STARLINK-35283,satellite,0,24,42.9799,227.9751,80.5232,21.9741,102.4973,6858.904,486.0534,4630.037435171927,-2175.7737729329833,4562.408853737125,-3589.3289212381924,-3645.264881629255,4562.408853737125,41.9052,-134.557,40
2234,STARLINK-35581,satellite,0,24,43.0206,227.3562,45.3656,325.8461,11.2117,6867.1372,482.583,-3841.414669828597,-5610.669659700849,910.0616248720578,-4017.3894855322224,5486.042509623593,910.0616248720578,7.6702,126.215,3
2235,STARLINK-35670,satellite,0,24,43.0111,227.8458,116.1323,35.9163,152.0487,6865.5189,482.6981,5808.755973637542,2913.8137144257503,2192.9400642850246,820.3978474681162,-6446.619555667537,2192.9400642850246,18.7555,-82.7475,41
2236,STARLINK-35698,satellite,0,24,43.0216,227.3738,27.8295,329.2549,357.0844,6867.4781,483.0371,-4828.173568808788,-4869.024764834802,-238.10388863233226,-2990.2458890363755,6170.663796887613,-238.10388863233226,-2.0012,115.8544,2
2237,STARLINK-35648,satellite,0,24,42.9806,227.6244,79.4509,178.6629,258.1138,6858.8751,494.8709,-2677.055774239161,4356.002077693314,-4578.841310299237,4997.648478837347,1079.3013486651691,-4578.841310299237,-42.0237,12.1865,4
2238,STARLINK-35654,satellite,0,24,43.0003,227.4496,45.6126,269.027,314.6396,6862.9302,489.8697,-5891.942842583208,-1137.3413102047198,-3330.404167401469,882.9588931475903,5935.395463587685,-3330.404167401469,-29.1822,81.5386,3
2239,STARLINK-35371,satellite,0,24,43.0105,228.1818,68.6699,322.8874,31.5572,6865.1687,483.2529,-1940.7341191152866,-6105.697730495186,2448.49683143828,-5115.2731432105975,3857.4569819533485,2448.49683143828,21.0352,142.9798,5
2240,STARLINK-34774,satellite,0,73,42.9907,282.019,91.1527,324.4457,55.5984,6861.3897,484.5403,4853.62791711107,-2926.969557749588,3857.244275479968,-4372.150634348591,-3606.8204252939986,3857.244275479968,34.4036,-140.479,14
2241,STARLINK-34844,satellite,0,73,42.9893,281.9968,90.5283,332.0313,62.5596,6860.5172,485.8293,5010.380420579987,-2165.317768633906,4148.947643761062,-3705.719381930862,-4007.512552753261,4148.947643761062,37.4117,-132.7593,46
2242,STARLINK-34733,satellite,0,73,42.9824,281.9523,96.6939,340.1157,76.8096,6858.9265,486.457,5100.760910292312,-519.163627817113,4550.357684309457,-2182.906726335675,-4639.203698969549,4550.357684309457,41.7669,-115.1986,85
2243,STARLINK-35515,satellite,0,73,43.0237,282.0992,46.8829,326.2586,13.1415,6867.0238,482.5667,2515.204414229488,-6293.124280160746,1064.1884637411877,-6771.20625134577,-283.6059813265033,1064.1884637411877,8.979,-177.6016,4
2244,STARLINK-35696,satellite,0,73,42.9942,282.2341,79.5176,222.8883,302.4059,6861.1029,492.1137,-3362.47815722276,-4492.613427811303,-3951.3120204032925,-3121.7104922007284,4663.127531221346,-3951.3120204032925,-35.3191,123.8002,10
2245,STARLINK-35693,satellite,0,73,43.004,282.0553,77.3661,324.0632,41.4293,6863.5905,483.6954,4319.000508249913,-4335.089845453851,3094.834566136664,-5522.960107509424,-2635.0865278543674,3094.834566136664,26.972,-154.4935,9
2246,STARLINK-35663,satellite,0,73,42.9846,282.3885,78.6506,174.2903,252.9409,6859.3145,494.1881,-5119.985409693793,936.754271102362,-4473.474560907191,2583.2007171132,4518.7203072343045,-4473.474560907191,-40.8544,60.2448,4
2247,STARLINK-35673,satellite,0,73,43.0021,282.1974,48.3758,268.2256,316.6014,6863.2392,489.8585,-2317.151540760899,-5602.856071208234,-3216.125910935447,-4515.993022908385,4045.6142221631035,-3216.125910935447,-28.0916,138.1447,16
2248,STARLINK-35597,satellite,0,73,43.0206,282.5511,152.2791,29.8751,182.1542,6867.4545,482.7656,-1673.9319044803506,6651.224184609195,-175.95243840396844,6829.74361514267,-628.8348958076323,-175.95243840396844,-1.4788,-5.2606,5
2249,STARLINK-35689,satellite,0,73,43.0032,282.6234,104.6775,35.1208,139.7984,6863.8072,483.4807,2014.1829684141007,5818.398607559917,3018.9455199443832,4819.8833100180145,-3831.373156521616,3018.9455199443832,26.261,-38.4815,3
2250,STARLINK-35832,satellite,0,73,43.0183,282.1534,9.8322,327.9648,337.797,6866.2429,485.6071,-515.8904585034944,-6610.243251577314,-1769.161359680446,-6064.182119570549,2680.8867993407007,-1769.161359680446,-15.0293,156.1505,6
2251,STARLINK-35909,satellite,0,73,43.0082,282.4996,170.621,39.9259,210.5469,6865.1805,486.9508,-3769.1750098146877,5217.990632316695,-2379.054567806724,6173.286040827858,1823.361168742013,-2379.054567806724,-20.4005,16.4552,2
2252,STARLINK-35899,satellite,0,73,43.0058,282.0582,72.0852,322.2702,34.3555,6864.6257,482.517,3950.174505498094,-4945.1012817309975,2639.514392304671,-5975.95220191324,-2084.682371708689,2639.514392304671,22.7655,-160.7689,9
2253,STARLINK-35907,satellite,0,73,43.0051,282.496,166.1059,51.4856,217.5915,6864.2071,488.3373,-4165.62359375068,4646.663506199359,-2855.441954318445,5765.9540087483265,2386.9805264510137,-2855.441954318445,-24.7227,22.4885,3
2254,STARLINK-35816,satellite,0,73,43.0146,282.587,127.5471,33.3843,160.9314,6866.5909,482.1954,186.37196147367987,6684.145516859699,1528.721188386933,6243.276560019927,-2394.584221464113,1528.721188386933,12.9556,-20.9841,3
2255,STARLINK-35894,satellite,0,92,42.9995,285.6715,69.7306,242.4464,312.177,6862.5747,490.7565,-2336.838783840215,-5441.778606711269,-3468.812801842288,-4357.513833404339,4010.7160330557044,-3468.812801842288,-30.5144,137.3731,18
2256,STARLINK-35897,satellite,0,73,42.9814,282.3009,95.6218,185.5804,281.2022,6858.821,494.6999,-4528.185641916407,-2352.048182185995,-4589.943631385759,-715.5665256919577,5052.183726498027,-4589.943631385759,-42.1499,98.0615,4
2257,STARLINK-35922,satellite,0,73,43.0191,282.5562,143.5144,31.7066,175.221,6867.5324,482.2575,-1078.354575112511,6763.812795870074,389.9332767245914,6738.248328540781,-1228.015305344042,389.9332767245914,3.2787,-10.3285,4
2258,STARLINK-35917,satellite,0,73,42.9906,282.434,78.4552,160.303,238.7582,6861.107,492.4813,-4958.046858462547,2551.991835419342,-4001.297488506131,4053.096362479492,3829.7912286719784,-4001.297488506131,-35.831,43.3774,4
2259,STARLINK-35916,satellite,0,92,43.0053,285.9745,170.3837,49.7834,220.1671,6863.8949,488.7542,-4555.40008585879,4150.872155645091,-3019.2297824753755,5427.659955450315,2919.232262556901,-3019.2297824753755,-26.2419,28.2733,4
2260,STARLINK-34766,satellite,0,73,42.9803,281.8768,82.1433,15.9659,98.1092,6858.7868,486.992,4659.846816284058,1968.1843847648797,4626.887275267961,309.76402563191755,-5048.957156887875,4626.887275267961,42.6268,-86.4892,103
2261,STARLINK-34765,satellite,0,73,42.9937,282.2505,107.0366,188.3415,295.378,6860.2102,493.2213,-3808.101306851598,-3836.89681858172,-4228.515903835544,-2355.2511026881343,4865.820075072002,-4228.515903835544,-38.2063,115.8288,8
2262,STARLINK-34767,satellite,0,73,43.0159,282.5278,163.3471,33.0707,196.4178,6866.7456,484.5424,-2812.031338080361,6117.788092821088,-1323.0864738576295,6704.342660952797,621.8045348321918,-1323.0864738576295,-11.1851,5.2988,4
2263,STARLINK-35608,satellite,0,73,42.9829,282.3678,83.8934,176.128,260.0214,6858.8055,494.74,-5084.848634048977,102.52747688973619,-4608.413117389063,1784.6125879070582,4762.4946641220295,-4608.413117389063,-42.3581,69.4579,4
2264,STARLINK-35598,satellite,0,73,42.999,282.6332,95.5382,37.1889,132.7271,6862.6753,484.4958,2577.3268064980853,5345.794516319343,3435.3613500663605,4187.143018280113,-4205.706340517806,3435.3613500663605,30.2203,-45.1267,2
2265,STARLINK-35600,satellite,0,73,43.0125,282.5898,120.6626,33.2309,153.8935,6865.7362,482.3646,811.3157584996782,6491.772226608386,2058.7854764138046,5854.363173946927,-2920.2348757742,2058.7854764138046,17.5709,-26.5106,3
2266,STARLINK-35444,satellite,0,73,43.0215,282.1252,17.917,333.9117,351.8286,6867.3288,483.672,729.5214291762044,-6790.190753809031,-665.400802647813,-6647.336603805504,1565.8250427325715,-665.400802647813,-5.5996,166.7452,3
2267,STARLINK-35366,satellite,0,73,42.9836,282.3106,99.7698,174.4418,274.2116,6858.6407,494.8987,-4784.557544832026,-1560.0187972531965,-4666.565295565064,116.65513071413072,5031.107346108851,-4666.565295565064,-43.0176,88.6717,4
2268,STARLINK-35692,satellite,0,73,42.9942,282.4443,109.2417,122.4193,231.661,6862.0326,490.8991,-4762.082009514149,3308.6985057643487,-3670.757695500871,4701.846485710294,3393.7516839331834,-3670.757695500871,-32.4968,35.8214,3
2269,STARLINK-35924,satellite,0,25,43.0079,209.2762,169.361,41.179,210.54,6865.1332,487.0828,3908.6476903403263,5114.739276526823,-2378.6023820254527,3527.2614938313677,-5384.8408507757595,-2378.6023820254527,-20.3961,-56.7738,13
2270,STARLINK-35937,satellite,0,25,42.9842,209.9084,103.7137,183.7842,287.4979,6859.3235,494.4161,-4176.488797724166,3121.905874571623,-4462.970395881502,4331.25962103114,2903.367882722657,-4462.970395881502,-40.7368,33.8351,4
2271,STARLINK-35962,satellite,0,25,43.017,209.786,10.2449,326.7404,336.9853,6866.1021,485.491,-6455.927958643035,-1435.0871970236456,-1830.283679581979,789.3087336621293,6566.237339086571,-1830.283679581979,-15.5615,83.1455,4
2272,STARLINK-35931,satellite,0,25,42.9884,209.6056,99.0598,329.7921,68.8519,6859.7395,486.2163,160.14315368302348,-5288.438246147053,4359.718631861173,-5041.733012000691,1604.4167627785835,4359.718631861173,39.6644,162.3475,5
2273,STARLINK-35952,satellite,0,25,43.0217,209.7282,51.0437,328.3772,19.4209,6866.4827,482.1143,-4790.641761076497,-4655.780559239913,1556.0664230878717,-2801.5515828546036,6064.4744065229015,1556.0664230878717,13.1915,114.7951,5
2274,STARLINK-35915,satellite,0,25,42.9855,209.5834,97.1392,338.9481,76.0873,6858.9419,486.6324,969.7185785781273,-5046.9634719042315,4536.962397462802,-5082.686176000686,760.5890116657755,4536.962397462802,41.6156,171.4892,4
2275,STARLINK-35946,satellite,0,25,43.0224,209.7614,23.1788,327.944,351.1227,6867.2625,483.5716,-6269.351980948692,-2693.155558213484,-722.4377161095695,-459.35810231680284,6807.852176391419,-722.4377161095695,-6.0814,93.8602,4
2276,STARLINK-35969,satellite,0,25,42.9918,209.4181,87.4872,38.188,125.6751,6861.5273,485.0554,5484.2087987027735,-1584.7019199899605,3798.061941371999,-3315.3112806253102,-4647.207487895,3798.061941371999,33.802,-125.504,55
2277,STARLINK-35687,satellite,0,25,42.9915,209.8614,110.9959,190.6835,301.6794,6860.94,492.7334,-5253.2280180903945,1910.4472323929335,-3982.894151400753,3545.912929184012,4321.193670324604,-3982.894151400753,-35.6398,50.6282,4
2278,STARLINK-35975,satellite,0,25,42.9893,209.4449,80.1772,38.4175,118.5946,6860.5273,485.6683,5022.1989948780965,-2221.5262909230178,4104.715669768022,-3762.6639135977593,-4000.00275983979,4104.715669768022,36.948,-133.2488,40
2279,STARLINK-35932,satellite,0,25,42.9974,209.4015,94.7637,38.0139,132.7776,6862.6027,484.3125,5864.342499323196,-920.7309607762023,3432.374032204746,-2815.1728206906396,-5226.189858888099,3432.374032204746,30.1922,-118.3099,60
2280,STARLINK-35935,satellite,0,25,43.0154,209.709,61.2182,325.2888,26.507,6865.68,482.5261,-4221.686625315842,-4985.775639193627,2088.25090866313,-3301.6980987496618,5637.320848724166,2088.25090866313,17.8302,120.3569,5
2281,STARLINK-35928,satellite,0,25,43.0173,209.3304,135.9056,32.2487,168.1543,6867.0093,482.2923,6357.604137347846,2391.156156745917,960.7036742340383,145.18761494728022,-6790.8525745765,960.7036742340383,8.1001,-88.7752,11
2282,STARLINK-35933,satellite,0,25,43.0083,209.8111,20.9163,301.9415,322.8578,6864.1872,488.5303,-6253.283942243181,-90.53386737585866,-2826.54794901572,1990.356396796164,5928.763602741387,-2826.54794901572,-24.4556,71.4425,4
2283,STARLINK-35961,satellite,0,25,43.0067,209.6845,75.6049,325.0491,40.654,6863.5965,483.4653,-2901.779933922197,-5414.574755317404,3047.211010028834,-4144.3221530426335,4534.59374780521,3047.211010028834,26.5257,132.4253,7
2284,STARLINK-35960,satellite,0,25,42.9895,209.2023,78.0168,160.8057,238.8224,6860.8838,492.3323,1005.8415358170267,5482.758913524706,-4003.8397586296564,4837.990595008639,-2768.792065435275,-4003.8397586296564,-35.8581,-29.7826,4
2285,STARLINK-35914,satellite,0,25,43.0077,209.6944,73.8383,319.7178,33.5561,6864.7316,483.0291,-3591.4371031032524,-5239.214676820681,2585.718668940445,-3749.9759093152898,5126.935885586525,2585.718668940445,22.2751,126.1827,6
2286,STARLINK-35707,satellite,0,25,42.9839,209.5081,78.8347,18.5736,97.4082,6858.5383,487.7476,3219.101825504102,-3893.1011934414373,4635.4126179195955,-4740.925315828581,-1744.2707975181665,4635.4126179195955,42.7179,-159.8005,4
2287,STARLINK-35976,satellite,0,25,42.998,209.8368,86.6101,222.1051,308.7152,6862.0382,491.0481,-5672.147532413268,1261.73143227766,-3651.9936707097377,3073.039454617809,4931.698728331004,-3651.9936707097377,-32.3099,58.0721,4
2288,STARLINK-35514,satellite,0,25,43.0138,209.7902,12.5478,317.3879,329.9357,6865.2026,487.129,-6403.522261294904,-769.2122827232299,-2345.350140625531,1400.0314126421415,6295.768176355205,-2345.350140625531,-20.0986,77.4628,4
2289,STARLINK-35640,satellite,0,25,43.0013,209.6629,81.7326,326.0039,47.7365,6862.5412,484.0503,-2170.502432461285,-5506.937666956552,3460.806036834418,-4474.193053663488,3875.4405937408746,3460.806036834418,30.4696,139.1017,7
2290,STARLINK-35582,satellite,0,25,42.9779,209.5266,87.213,3.0313,90.2442,6858.4648,486.4985,2496.934285119566,-4349.24231016394,4672.895830367447,-4931.481272803274,-911.6369632240268,4672.895830367447,43.1557,-169.5265,4
2291,STARLINK-35577,satellite,0,25,42.9839,209.4554,74.9767,36.5794,111.5561,6859.7267,487.2563,4487.717664186225,-2823.343566489865,4347.922933622837,-4152.937735667008,-3296.0562634096163,4347.922933622837,39.5291,-141.5621,22
2292,STARLINK-35697,satellite,0,25,43.0104,209.3665,111.0695,35.8643,146.9338,6864.7322,483.3786,6351.031349960168,433.9543661877344,2552.5830287915965,-1698.85540213018,-6134.965845280915,2552.5830287915965,21.9737,-105.4781,39
2293,STARLINK-35818,satellite,0,25,42.9858,209.9281,98.0462,182.4074,280.4537,6858.7804,494.8575,-3542.547263974597,3657.69315288634,-4601.880258207184,4626.231984795286,2127.5191987435965,-4601.880258207184,-42.2834,24.6968,4
2294,STARLINK-35796,satellite,0,25,42.996,209.646,88.6289,326.1874,54.8163,6861.4128,484.8114,-1406.1441435945355,-5516.167753644396,3821.4246587476664,-4736.625971602512,3157.486729038149,3821.4246587476664,34.0392,146.3121,7
2295,STARLINK-35833,satellite,0,25,42.9811,209.9798,87.2063,179.0964,266.3027,6858.534,495.1066,-2120.408606208454,4561.351283827458,-4669.381119813616,5006.576827653438,486.05211712420237,-4669.381119813616,-43.0482,5.5451,4
2296,STARLINK-35315,satellite,0,25,43.0217,209.7368,38.5522,326.7186,5.2708,6867.397,482.2705,-5703.179786870378,-3788.5208760847668,429.98041023968574,-1680.5531609464629,6637.385869687689,429.98041023968574,3.6159,104.2084,4
2297,STARLINK-35728,satellite,0,25,43.0181,209.2964,158.8871,30.4315,189.3187,6867.0974,483.2399,5507.139673765893,4021.4206063139386,-757.9479024252029,1965.3219102137975,-6529.771884873641,-757.9479024252029,-6.3818,-73.2493,6
2298,STARLINK-35699,satellite,0,46,43.0097,279.0434,115.8091,35.577,151.3861,6865.485,482.6893,1425.5829174729838,6323.560576515946,2240.4900965150255,5491.785492909562,-3443.8346533080753,2240.4900965150255,19.1776,-32.0913,4
2299,STARLINK-35695,satellite,0,46,43.0187,279.0057,143.2908,29.2704,172.5612,6867.3576,482.4642,-423.4565134066932,6820.4869542310635,605.9627846328476,6574.317721859457,-1864.5922352158816,605.9627846328476,5.0989,-15.8343,4
2300,STARLINK-35419,satellite,0,46,42.9862,278.6977,107.8974,184.9085,292.8059,6859.9022,493.6676,-4172.637120599044,-3329.584300443962,-4313.735645274984,-1755.697689756645,5041.285329769301,-4313.735645274984,-39.1157,109.2014,8
2301,STARLINK-35411,satellite,0,46,42.9954,278.6595,101.3704,205.4683,306.8387,6861.7278,491.2397,-3352.031801513139,-4672.758071875089,-3745.6372516947745,-3295.108235095615,4713.0719192087745,-3745.6372516947745,-33.2411,124.959,12
2302,STARLINK-35305,satellite,0,46,43.022,278.5751,22.4277,326.9196,349.3473,6867.1926,484.2236,88.52096433205807,-6806.647594325166,-865.4574184868853,-6450.0823366251725,2175.9423901415234,-865.4574184868853,-7.2905,161.3581,4
2303,STARLINK-35579,satellite,0,46,43.0116,278.6115,7.0153,321.1382,328.1535,6865.036,487.1717,-1744.9982652625604,-6160.210164242821,-2470.034907952959,-5231.66848752932,3690.914933997068,-2470.034907952959,-21.2163,144.7972,16
2304,STARLINK-35437,satellite,0,46,43.0214,278.5455,43.2509,327.3341,10.5849,6867.2016,482.598,1913.176893454731,-6531.887125246389,859.8022958018062,-6796.5897667282725,363.54199951745915,859.8022958018062,7.2443,176.9382,4
2305,STARLINK-35358,satellite,0,46,43.0114,278.512,68.2185,323.5744,31.7929,6865.0433,483.1112,3475.921755867847,-5374.1198108720755,2464.8501119122134,-6223.21796318055,-1494.9093541984594,2464.8501119122134,21.1828,-166.4926,9
2306,STARLINK-35893,satellite,0,46,42.9988,278.4599,93.8076,319.3102,53.1179,6861.8713,485.7867,4573.505652354537,-3480.7279597720076,3740.779550328377,-4801.524256586713,-3158.7633490761723,3740.779550328377,33.2224,-146.6604,9
2307,STARLINK-35871,satellite,0,46,42.9845,278.4178,96.7952,330.2478,67.043,6859.9881,485.0666,4959.007560613099,-1968.8864299169015,4303.411941376097,-3503.373012968355,-4024.2573590830184,4303.411941376097,39.0628,-131.0417,55
2308,STARLINK-35825,satellite,0,46,42.9832,278.348,93.1311,355.3174,88.4485,6858.575,487.2327,4987.094429463884,544.2072096322927,4672.195299855053,-1142.0997699139893,-4884.964733850991,4672.195299855053,43.1419,-103.1593,112
2309,STARLINK-35803,satellite,0,46,42.9912,278.2535,72.487,44.288,116.775,6860.3823,487.0572,3988.1815142294554,3699.942812891684,4174.524583921981,2166.2856157406127,-4990.227974766854,4174.524583921981,37.6738,-66.5341,60
2310,STARLINK-35835,satellite,0,46,42.9957,278.212,93.5244,37.3424,130.8668,6862.4227,484.5283,3112.9409459339345,4982.253391551252,3536.189221258396,3666.420013253189,-4590.2738999881585,3536.189221258396,31.203,-51.3844,6
2311,STARLINK-35834,satellite,0,46,43.0064,279.0521,107.9549,36.3494,144.3044,6864.502,483.4657,2013.5520387341091,5960.771176842817,2729.4244890976324,4954.392526520667,-3878.0381030266526,2729.4244890976324,23.5828,-38.052,4
2312,STARLINK-35836,satellite,0,46,43.0168,279.0161,132.7628,32.7817,165.5445,6866.9825,482.2926,195.57604879085875,6756.770438653693,1168.2256076498122,6308.728248331004,-2427.3740214963777,1168.2256076498122,9.8655,-21.0449,4
2313,STARLINK-35870,satellite,0,46,43.0123,278.9653,159.6713,41.2504,200.9217,6866.3008,485.5443,-2768.836155307075,6052.424606190104,-1671.6255873527743,6628.346907414149,602.7557909505227,-1671.6255873527743,-14.1833,5.196,4
2314,STARLINK-35650,satellite,0,46,43.0034,278.925,149.3712,72.7316,222.1029,6863.4672,489.2947,-4114.251709998132,4508.202846931805,-3138.3177393398846,5618.291598628415,2384.483079220307,-3138.3177393398846,-27.3576,22.9971,4
2315,STARLINK-35812,satellite,0,46,42.9881,278.8669,77.5272,165.7775,243.3047,6860.3984,493.185,-4907.028873729311,2355.114790188077,-4180.940463031336,3850.4473590404277,3847.0187389502516,-4180.940463031336,-37.702,44.9745,4
2316,STARLINK-35810,satellite,0,46,42.9809,278.7958,84.3922,180.1238,264.516,6858.6411,495.1304,-5039.663421161256,-116.08107879087906,-4657.735902371398,1563.4004600555368,4792.437919988341,-4657.735902371398,-42.9151,71.9325,4
2317,STARLINK-35814,satellite,0,46,42.9834,278.7209,101.7413,183.9757,285.717,6859.2439,494.4863,-4495.421278782047,-2570.5227164287,-4504.409219590864,-932.5291715644257,5093.799059011237,-4504.409219590864,-41.1948,100.3743,6
2318,STARLINK-35815,satellite,0,46,43.0058,278.621,16.1701,304.9163,321.0864,6864.0166,488.6804,-2316.43366075956,-5752.179211592422,-2940.3493424888156,-4657.08756315608,4094.504367572822,-2940.3493424888156,-25.5074,138.6781,17
2319,STARLINK-35743,satellite,0,46,43.0185,278.5855,12.0541,330.2111,342.2651,6866.6761,484.4344,-535.3897688642136,-6690.450505091959,-1425.9681744464147,-6133.368742300188,2725.904994064307,-1425.9681744464147,-12.0674,156.0378,7
2320,STARLINK-35868,satellite,0,46,43.0221,278.5522,34.7229,328.8156,3.5385,6867.4209,482.6534,1324.4566051560837,-6725.4940161742325,288.9079108044809,-6783.795045608493,983.1479236181374,288.9079108044809,2.4285,171.7538,4
2321,STARLINK-35872,satellite,0,46,43.0166,278.5212,59.2921,325.431,24.7231,6865.9164,482.7246,2997.5133985972698,-5850.832349652482,1957.06694527131,-6514.093955451147,-885.3844916560128,1957.06694527131,16.6763,-172.2599,9
2322,STARLINK-35744,satellite,0,46,43.0014,278.4768,83.5019,322.4452,45.9472,6862.899,484.1701,4267.652888978018,-4184.549586722142,3361.1320158364947,-5363.911088052505,-2636.6217521681556,3361.1320158364947,29.5044,-153.8237,9
2323,STARLINK-35746,satellite,0,46,42.9789,278.3633,89.9459,351.4202,81.366,6858.7969,487.3764,5055.842683150648,-296.9867164443335,4620.811478977592,-1958.417200185542,-4670.583305812,4620.811478977592,42.5548,-112.7487,92
2324,STARLINK-35941,satellite,0,46,42.9837,278.2951,79.4131,23.2164,102.6295,6858.9946,486.8628,4626.34056649385,2189.279287058821,4560.926886237079,529.4447266548359,-5090.742491557475,4560.926886237079,41.8825,-84.0625,107
2325,STARLINK-35939,satellite,0,46,42.9941,278.2291,87.9298,35.9496,123.8794,6861.3701,485.1739,3573.5538089089027,4378.66968043409,3881.7100548078815,2944.1617046471215,-4824.41155504062,3881.7100548078815,34.6486,-58.6058,29
2326,STARLINK-35963,satellite,0,46,43.0212,278.9909,148.4062,31.3069,179.713,6867.5728,482.9489,-1047.4013359722694,6780.626581728896,23.447685885487914,6743.833916785572,-1262.7947189696185,23.447685885487914,0.197,-10.6059,5
2327,STARLINK-36076,satellite,0,5,42.9943,347.4477,95.2012,210.0825,305.2837,6861.4266,491.6167,2978.9999268685583,-4861.3106316837175,-3820.3990311214807,-5574.534462159869,-1196.3892143428918,-3820.3990311214807,-33.9903,-167.8871,6
2328,STARLINK-35447,satellite,0,5,43.0162,347.7607,162.1687,30.0519,192.2206,6866.9683,484.0346,-6778.943569855844,383.8514965659208,-990.8750987508813,2612.334200665613,6267.14671271852,-990.8750987508813,-8.3541,67.3722,4
2329,STARLINK-35429,satellite,0,5,43.0165,348.1741,59.8909,322.366,22.2569,6866.2474,482.6887,6602.887550395784,558.2540111552538,1772.423402588778,-1665.2066056267608,-6413.802187838317,1772.423402588778,15.0643,-104.5543,18
2330,STARLINK-36058,satellite,0,5,43.0183,347.797,131.2224,32.6951,163.9175,6866.7264,482.3389,-6148.638850196426,2751.200177106755,1296.4342884375349,4636.222278671001,4886.74790708624,1296.4342884375349,10.9606,46.507,4
2331,STARLINK-36066,satellite,0,5,42.9828,347.9873,88.6139,4.3304,92.9442,6858.6956,487.3877,698.0225896257502,4972.251160269298,4667.820761561184,4458.609051196074,-2308.9656699526017,4667.820761561184,43.0906,-27.3781,9
2332,STARLINK-36031,satellite,0,5,42.9774,347.5616,88.3451,181.5836,269.9286,6858.4608,496.0447,-1090.0382900535656,-4902.300892307574,-4679.398577717623,-4262.496783509854,2655.5335966751936,-4679.398577717623,-43.1554,148.0771,16
2333,STARLINK-36032,satellite,0,5,42.9828,347.9324,79.5677,27.6772,107.2449,6859.3079,486.1879,-986.0411216219584,5108.601176568223,4463.64851039471,5146.247122827982,-765.6524182345731,4463.64851039471,40.8036,-8.4623,17
2334,STARLINK-35711,satellite,0,5,42.984,347.6247,68.3954,180.2989,248.6944,6859.6261,493.4994,-3438.1195437268157,-4034.345507359599,-4359.352073974717,-2664.3183028311005,4582.359397832964,-4359.352073974717,-39.61,120.175,10
2335,STARLINK-35811,satellite,0,5,43.0021,348.1163,90.9672,319.5787,50.5459,6862.1676,485.1703,5061.578451159866,2891.902852224084,3611.1867806553146,1047.7524675543423,-5734.535141638029,3611.1867806553146,31.9373,-79.6457,87
2336,STARLINK-35820,satellite,0,5,43.012,347.8256,114.4981,35.2565,149.7546,6865.1367,483.0984,-5259.072503078412,3718.87582359979,2356.669417779721,5253.740334560588,3726.4049003029254,2356.669417779721,20.2122,35.3475,4
2337,STARLINK-35981,satellite,0,5,43.0155,347.3803,10.8247,322.5951,333.4197,6865.6972,486.2586,5498.323885548506,-3531.706905500538,-2094.741745894074,-5156.602941456968,-4014.220387685603,-2094.741745894074,-17.8774,-142.1006,4
2338,STARLINK-35930,satellite,0,5,43.013,347.7334,164.9163,41.3974,206.3136,6865.6811,486.2893,-6483.5256081234775,-866.6108795058,-2075.156735762426,1334.7123414446824,6403.566326139363,-2075.156735762426,-17.7047,78.2263,4
2339,STARLINK-35980,satellite,0,5,42.9911,348.0736,99.8459,324.8408,64.6866,6860.3736,486.2675,3805.1221613625858,3829.8652219761093,4226.277892174414,2349.607128051007,-4860.675737508797,4226.277892174414,38.2283,-64.2013,44
2340,STARLINK-35978,satellite,0,5,43.0089,347.726,160.4974,52.8796,213.377,6864.7203,487.7895,-6186.931043346418,-1479.4453755841223,-2575.3769466864915,658.1731135770879,6327.217595991549,-2575.3769466864915,-22.165,84.0613,4
2341,STARLINK-36050,satellite,0,5,42.9873,348.0564,107.0701,324.742,71.8121,6859.396,487.1809,3079.8453876140006,4218.812661707243,4441.318490682993,2957.2537442903854,-4305.6333074321465,4441.318490682993,40.5502,-55.5174,24
2342,STARLINK-36048,satellite,0,5,42.9867,347.4856,111.1169,180.0681,291.185,6859.2831,493.7103,1406.9472628149888,-5107.414756679454,-4363.2628283114545,-5284.846370146095,368.2186049662349,-4363.2628283114545,-39.651,176.0144,9
2343,STARLINK-35977,satellite,0,5,43.0238,347.3471,12.961,341.7727,354.7337,6867.5826,482.1141,6564.482367472429,-1945.4791553300875,-429.61774870287235,-4014.2250016673947,-5546.468744405643,-429.61774870287235,-3.6129,-125.8949,4
2344,STARLINK-36052,satellite,0,5,42.9978,347.8669,90.9228,37.5638,128.4866,6861.9477,484.8722,-3346.8677558658082,4734.726411662254,3660.3085080789115,5577.240304854444,1585.4174688243686,3660.3085080789115,32.4252,15.8686,9
2345,STARLINK-36063,satellite,0,5,42.9792,347.5791,85.0632,177.8103,262.8735,6858.6157,495.5768,-1903.371750687509,-4683.062511129741,-4643.196882628084,-3785.7062839496584,3349.9740948443327,-4643.196882628084,-42.746,138.4944,13
2346,STARLINK-35993,satellite,0,5,43.006,347.8332,106.0091,36.6751,142.6842,6864.1312,483.4147,-4690.8712206568935,4121.370534319078,2835.590753854538,5444.800323634828,3056.81489882634,2835.590753854538,24.5585,29.3107,5
2347,STARLINK-36036,satellite,0,5,42.9822,347.5053,95.6578,188.4004,284.0582,6859.0088,494.1464,573.8831809338291,-5115.609881193632,-4538.796509605749,-5016.043962031611,1156.7667582061986,-4538.796509605749,-41.5803,167.0139,13
2348,STARLINK-36034,satellite,0,5,43.015,348.1553,63.3766,325.9326,29.3092,6865.7282,482.9302,6357.246464787887,1175.0330518034104,2290.437971465566,-1001.8603342611394,-6386.827158889043,2290.437971465566,19.6214,-98.915,28
2349,STARLINK-35680,satellite,0,5,43.0223,347.7629,156.0746,29.0744,185.149,6867.3027,483.2241,-6773.745639877832,1008.4785453122865,-420.13249014623585,3199.818305816229,6054.900641619356,-420.13249014623585,-3.5325,62.145,4
2350,STARLINK-35583,satellite,0,5,42.9975,347.6807,115.9345,111.6204,227.5549,6862.4997,490.1065,-5315.207775011992,-2630.4183129034004,-3453.6383261919786,-716.9031735437643,5886.984290124137,-3453.6383261919786,-30.3702,96.9432,5
2351,STARLINK-36039,satellite,0,5,42.9862,347.9119,81.2797,33.0303,114.31,6860.0297,485.4962,-1802.523082754761,5059.825901799612,4259.688230336435,5371.265970317618,20.724297187785098,4259.688230336435,38.5902,0.2211,18
2352,STARLINK-36037,satellite,0,5,43.0225,347.7855,138.1,32.8858,170.9858,6867.2493,482.32,-6455.847601255932,2201.526964621679,733.3570284216406,4219.693477300661,5358.999550683372,733.3570284216406,6.1748,51.783,4
2353,STARLINK-36040,satellite,0,5,43.006,348.1288,84.1922,319.2276,43.4198,6863.3964,484.7549,5583.937481872729,2348.7309280796176,3215.224745553088,361.9840507411085,-6046.9713345599675,3215.224745553088,28.1058,-86.5742,82
2354,STARLINK-35988,satellite,0,5,42.9919,347.6694,82.4162,152.1629,234.5791,6861.5015,492.1337,-4759.939384864258,-3147.329535138961,-3814.044834226346,-1388.8240712927307,5534.787606524557,-3814.044834226346,-33.9233,104.0862,8
2355,STARLINK-35391,satellite,0,5,42.983,348.0019,102.3712,343.5592,85.9304,6858.6605,487.7345,1515.9213909695095,4792.438347065106,4662.474166254585,4017.493167365503,-3020.799831864165,4662.474166254585,43.0267,-36.9399,5
2356,STARLINK-35867,satellite,0,21,42.9992,46.331,93.5268,39.2543,132.7811,6862.6539,485.1149,-5878.986353479677,-827.377413155926,3432.699301445146,1171.0464008956108,5820.282145665303,3432.699301445146,30.1915,78.6239,4
2357,STARLINK-35990,satellite,0,21,43.0045,45.7338,79.914,321.6255,41.5395,6863.6133,483.9895,1201.27777241767,5997.064194508263,3101.7244843468643,5258.259406739003,-3123.8686353620237,3101.7244843468643,27.0356,-30.714,4
2358,STARLINK-36051,satellite,0,21,42.9882,46.0738,81.2229,172.0464,253.2692,6859.0832,493.7886,2092.024566752401,-4758.080143102501,-4481.283837921167,-5182.728809456642,-393.97401400350276,-4481.283837921167,-40.9436,-175.6529,9
2359,STARLINK-36062,satellite,0,21,43.0085,46.1796,175.4315,42.3696,217.8011,6863.8383,487.6173,-1535.112606510797,-6041.537161410047,-2868.8560037217208,-5189.3953102985615,3453.5370710068005,-2868.8560037217208,-24.8494,146.3563,16
2360,STARLINK-36047,satellite,0,21,42.9866,46.0516,87.8288,172.9418,260.7706,6858.284,493.6536,2803.3988625096117,-4231.017096992358,-4618.181554641099,-4921.68954586755,-1239.9688993921998,-4618.181554641099,-42.4769,-165.8592,7
2361,STARLINK-35964,satellite,0,93,42.9905,31.0644,78.3424,165.102,243.4444,6860.3433,493.0167,-311.1250940584626,-5429.804421889546,-4186.119913647526,-5018.64753539059,2095.889262256502,-4186.119913647526,-37.7579,157.3336,19
2362,STARLINK-36099,satellite,0,21,42.9969,45.921,110.2676,192.2556,302.5232,6861.3486,492.4631,5607.675376507096,-293.54261718897317,-3946.5872678842425,-2138.347416684998,-5192.269322940284,-3946.5872678842425,-35.2686,-112.3835,4
2363,STARLINK-36041,satellite,0,21,43.0176,46.2044,175.1321,28.4068,203.539,6866.0746,485.506,-2907.65189272505,-5927.706619854449,-1869.6437024265676,-4626.409315349381,4710.465173120622,-1869.6437024265676,-15.9048,134.4842,6
2364,STARLINK-36044,satellite,0,21,42.996,45.6914,92.0599,323.6825,55.7425,6861.3183,485.3877,-269.9807188954617,5657.341311099472,3864.7211716242346,5426.178806226455,-1623.2633371412194,3864.7211716242346,34.4746,-16.6548,9
2365,STARLINK-35996,satellite,0,21,42.979,45.6069,95.6838,348.3552,84.0391,6858.6542,486.1704,-3065.9581171470018,3997.8794970430868,4647.619674081816,4788.92695084749,1565.0298107140445,4647.619674081816,42.8692,18.0975,15
2366,STARLINK-36080,satellite,0,21,43.0041,46.3088,102.742,37.1327,139.8747,6863.7695,484.3577,-5959.713525617049,-1559.1071141681264,3014.6201108241903,507.60424276517836,6139.32718085616,3014.6201108241903,26.2169,85.2735,4
2367,STARLINK-35604,satellite,0,21,42.9986,46.138,105.373,126.4762,231.8492,6862.0069,491.0191,-91.6923956914135,-5791.816431220706,-3680.6282902555386,-5432.97274987824,2009.0674870362766,-3680.6282902555386,-32.5941,159.706,19
2368,STARLINK-35565,satellite,0,21,43.0174,46.2182,157.8895,38.6258,196.5153,6866.7821,484.5671,-3522.2755491053026,-5736.5722702889125,-1330.7646282539472,-4242.090356131834,5226.792120075759,-1330.7646282539472,-11.2508,129.063,4
2369,STARLINK-36038,satellite,0,21,43.0192,45.7762,56.2565,324.0685,20.325,6866.3731,481.928,3237.7202685690513,5824.027220253402,1625.3677417536046,4419.043628681815,-4987.402029871072,1625.3677417536046,13.7906,-48.4577,4
2370,STARLINK-36049,satellite,0,21,43.021,46.2345,156.6277,25.7319,182.3595,6867.6074,482.9103,-4592.673020165477,-5093.520461124251,-192.7196142053113,-3280.185889079787,6023.037165013107,-192.7196142053113,-1.6197,118.573,5
2371,STARLINK-36069,satellite,0,21,43.0143,46.2656,125.9878,35.181,161.1689,6866.5599,481.6499,-5657.390831002562,-3571.4770829349313,1510.2550041727698,-1491.0156437331855,6522.146266282609,1510.2550041727698,12.7975,102.877,4
2372,STARLINK-36000,satellite,0,21,43.0243,45.8075,34.5923,324.4884,359.0807,6867.5119,482.6441,4839.529491577349,4862.468030571634,-75.10317542477773,2980.291372892928,-6179.199331696469,-75.10317542477773,-0.6311,-64.2515,7
2373,STARLINK-36071,satellite,0,21,42.9879,45.4923,78.5719,40.8846,119.4565,6860.6636,486.4069,-5478.477870048244,656.8420684352672,4071.003250793111,2438.160434668106,4949.801508171181,4071.003250793111,36.5911,63.7762,5
2374,STARLINK-35979,satellite,0,21,43.013,46.2731,121.1246,32.9327,154.0572,6865.7987,482.5413,-5848.657985768531,-2940.4538917694035,2046.8510885152964,-832.2821371809919,6493.102168320262,2046.8510885152964,17.4654,97.3043,4
2375,STARLINK-36046,satellite,0,21,42.9959,46.1149,87.8575,151.2829,239.1404,6860.5643,491.0111,665.1830006405311,-5523.252264232856,-4016.89980961481,-5430.8789403916635,1205.9593415637319,-4016.89980961481,-36.001,167.4803,14
2376,STARLINK-36045,satellite,0,21,42.9859,45.9837,102.9315,178.408,281.3395,6859.0078,494.7171,4477.762614757826,-2450.0923853243094,-4588.159496278066,-3797.5460406836687,-3410.565173051938,-4588.159496278066,-42.1297,-138.0731,4
2377,STARLINK-36054,satellite,0,21,42.9937,45.9351,109.9313,185.5403,295.4716,6860.2878,493.3796,5309.391497678218,-1031.0220831752697,-4225.335587671147,-2734.9960915881034,-4666.094833006571,-4225.335587671147,-38.1714,-120.3764,4
2378,STARLINK-36042,satellite,0,21,42.9832,45.6253,102.9817,333.9722,76.954,6859.008,485.8134,-2409.614044208156,4522.290318494815,4552.66070239607,5065.731475431103,771.8252299735709,4552.66070239607,41.7975,8.6631,21
2379,STARLINK-35984,satellite,0,21,42.9889,45.6726,98.8453,323.7719,62.6172,6860.7091,485.5267,-982.1742942528662,5367.253678925591,4150.8963313378,5388.949969800161,-855.1588280677756,4150.8963313378,37.4342,-9.0169,14
2380,STARLINK-35985,satellite,0,21,43.0055,45.8741,37.3671,279.3146,316.6817,6863.3968,489.7402,5948.1589956744065,1186.9394023097311,-3211.509380911513,-854.8338697519478,-6004.887978780508,-3211.509380911513,-28.0483,-98.102,4
2381,STARLINK-36098,satellite,0,21,42.9848,45.5099,82.8893,29.5118,112.4011,6859.8529,485.2675,-5137.992979604748,1385.4188404570652,4321.004271269102,3012.402729224786,4386.774101651479,4321.004271269102,39.2513,55.5226,5
2382,STARLINK-35995,satellite,0,21,43.0192,45.835,14.1825,323.6619,337.8444,6866.1889,485.5804,5785.395854912811,3240.827115172583,-1765.598249325133,1136.6232978439077,-6533.135010642182,-1765.598249325133,-14.9984,-80.1306,5
2383,STARLINK-35994,satellite,0,21,43.0107,45.8657,15.4401,308.3071,323.7472,6864.4914,488.4869,5983.869491058797,1905.665821168493,-2768.449181712165,-188.71454737667398,-6277.152469679423,-2768.449181712165,-23.9218,-91.722,4
2384,STARLINK-35989,satellite,0,21,42.9841,45.9987,90.4527,183.8965,274.3491,6858.5583,495.5172,3962.995443484498,-3103.5969969716534,-4666.194466444211,-4243.120481070381,-2708.0575673001154,-4666.194466444211,-43.0086,-147.453,4
2385,STARLINK-36091,satellite,0,69,43.0094,275.4172,71.2029,324.6314,35.8343,6864.448,483.3133,3447.7095722486024,-5257.888450397753,2738.6932746906114,-6104.212195036809,-1506.8794674308342,2738.6932746906114,23.6682,-166.1333,9
2386,STARLINK-36102,satellite,0,69,42.9834,275.2481,89.073,3.4407,92.5137,6858.565,487.3264,4961.827972070182,757.7041940231961,4669.50465153697,-932.3213425149319,-4932.0005458586065,4669.50465153697,43.1104,-100.7046,117
2387,STARLINK-36105,satellite,0,69,42.9866,275.1764,80.6664,33.1344,113.8008,6859.982,485.5057,4319.945344141231,3169.1910095572975,4276.610679720021,1555.5005195417134,-5126.998884838163,4276.610679720021,38.7716,-73.1225,77
2388,STARLINK-36094,satellite,0,69,43.0079,274.9872,171.3833,41.4412,212.8245,6864.8848,487.4517,-3211.3459055868443,5508.6078468927135,-2537.4224815892667,6262.255204633575,1200.6925868918659,-2537.4224815892667,-21.8229,10.8539,4
2389,STARLINK-35992,satellite,0,69,42.9926,274.9364,85.1625,148.8957,234.0583,6861.6181,491.7096,-4395.934403041962,3663.820925633719,-3789.0862803344125,4915.291326731742,2930.4836161144335,-3789.0862803344125,-33.6744,30.8033,4
2390,STARLINK-35986,satellite,0,69,42.9811,274.871,78.9463,176.3141,255.2604,6859.1139,494.5093,-4986.5720795868965,1327.584016143116,-4525.137422778543,2907.583581703168,4263.1371242600735,-4525.137422778543,-41.4252,55.7049,4
2391,STARLINK-36087,satellite,0,69,42.9808,274.8012,94.919,181.5427,276.4617,6858.6997,495.127,-4907.110503936721,-1187.2830908691194,-4649.435066296109,508.9370812719992,5022.982946717635,-4649.435066296109,-42.8205,84.2144,4
2392,STARLINK-36090,satellite,0,69,43.0118,274.6423,10.792,322.2288,333.0208,6865.6762,486.5671,-1774.0808824057167,-6279.980928236594,-2123.7723929568506,-5334.9941497346845,3758.1060201422592,-2123.7723929568506,-18.1327,144.8382,11
2393,STARLINK-36072,satellite,0,69,43.0194,275.4496,47.1914,327.4366,14.628,6866.9843,482.3827,1891.240128937167,-6487.237109708301,1181.9255186885669,-6747.189653495611,369.41348464906724,1181.9255186885669,9.9822,176.8661,4
2394,STARLINK-36083,satellite,0,69,42.9971,275.363,94.2616,322.8795,57.1411,6861.3028,485.5676,4541.816155019579,-3310.2268255593885,3927.8703444241373,-4630.17162843561,-3185.4679897747765,3927.8703444241373,35.1176,-145.4728,4
2395,STARLINK-35118,satellite,0,69,43.0042,275.1175,99.1809,35.8395,135.0204,6863.0666,484.1473,3097.9136901925112,5147.4200072532385,3305.981252198546,3827.2096242190637,-4630.925226694779,3305.981252198546,28.9747,-50.4281,4
2396,STARLINK-35646,satellite,0,69,43.0129,275.0728,122.1053,34.0804,156.1858,6866.2223,482.6334,1462.29177797182,6429.632087379549,1889.272711774168,5579.657168812371,-3513.672139159459,1889.272711774168,16.0831,-32.1998,4
2397,STARLINK-35987,satellite,0,69,42.9846,274.8912,74.6794,173.5006,248.1799,6859.7735,493.7432,-4861.579003499654,2144.331043948777,-4344.149650918148,3636.528507348929,3874.1149245407933,-4344.149650918148,-39.4436,46.8119,4
2398,STARLINK-35991,satellite,0,69,42.9874,274.7282,103.6064,194.0738,297.6801,6860.4928,493.3027,-4168.211275353217,-3544.038885861694,-4144.284234235391,-1959.4614484800925,5108.297925180343,-4144.284234235391,-37.3149,110.986,8
2399,STARLINK-35974,satellite,0,69,43.021,275.0397,146.5451,30.9434,177.4885,6867.5089,482.5255,-383.1581514124536,6846.863946651785,205.1101586221806,6585.822182700776,-1911.3613606014621,205.1101586221806,1.7239,-16.184,4
2400,STARLINK-36134,satellite,0,69,43.0205,274.6072,24.5436,329.6828,354.2264,6867.44,483.1843,45.334759436854974,-6844.890774048165,-470.9106411098099,-6471.821540163907,2229.374553845397,-470.9106411098099,-3.9601,160.9925,4
2401,STARLINK-36070,satellite,0,69,42.9866,275.3167,102.7457,328.48,71.2258,6859.6064,486.4094,4932.1625841094965,-1756.9514014172132,4425.640654205777,-3294.543991501376,-4069.285670863347,4425.640654205777,40.3833,-128.9941,57
2402,STARLINK-36117,satellite,0,69,42.9965,274.6874,65.5513,246.2565,311.8078,6862.5107,490.5118,-3355.1734943283386,-4865.637847770455,-3488.6364601119103,-3476.008496753731,4780.061272954104,-3488.6364601119103,-30.7085,126.0242,12
2403,STARLINK-36126,satellite,0,69,43.0205,275.4578,39.2865,328.2551,7.5417,6867.3735,482.3841,1302.164823973128,-6707.561362015315,614.3071517759834,-6759.479523387121,998.2230346490416,614.3071517759834,5.1694,171.5994,4
2404,STARLINK-36101,satellite,0,69,43.0126,275.4237,64.1637,324.6186,28.7823,6865.4671,483.1245,2972.179445862676,-5756.39853046628,2252.810250755533,-6416.605186899911,-892.8340133597499,2252.810250755533,19.2859,-172.0785,9
2405,STARLINK-36108,satellite,0,69,42.9963,275.3783,88.1223,321.8511,49.9733,6862.281,483.9453,4236.332341546944,-4030.2145077911855,3580.3307637935864,-5207.930341667455,-2658.308154294131,3580.3307637935864,31.6395,-152.9587,9
2406,STARLINK-36092,satellite,0,69,42.9834,275.2665,98.819,346.6198,85.4387,6858.6307,487.2167,5028.167188312558,-84.00920439258424,4659.1522662672405,-1748.3291181089385,-4715.174240133456,4659.1522662672405,42.9928,-110.3442,101
2407,STARLINK-36114,satellite,0,69,42.9858,275.1948,78.4385,28.2638,106.7023,6859.2849,486.7632,4605.431829207553,2397.169745558172,4477.160764153068,732.4879978315024,-5140.027865248423,4477.160764153068,40.9489,-81.8896,97
2408,STARLINK-36095,satellite,0,69,42.9976,275.1313,91.2537,36.7029,127.9566,6861.9663,484.8194,3561.1007585133866,4554.093101728752,3686.985434561187,3113.772042462242,-4870.895837428527,3686.985434561187,32.6906,-57.4108,23
2409,STARLINK-36082,satellite,0,69,43.0099,275.0823,113.8231,35.3561,149.1792,6865.2134,482.9876,2037.6870072039244,6094.373271416366,2396.9766189153356,5072.407612838189,-3945.1533455498393,2396.9766189153356,20.5735,-37.8746,4
2410,STARLINK-36128,satellite,0,69,43.0077,274.9937,162.0611,43.6846,205.7458,6865.891,486.2531,-2709.6154047041314,5968.060136384596,-2033.2774464107094,6529.10792756966,574.8974717807397,-2033.2774464107094,-17.3362,5.032,4
2411,STARLINK-36129,satellite,0,69,43.0186,275.0439,138.3509,32.0933,170.4442,6867.2144,481.8107,234.6358513048394,6811.495506366525,776.9023308252591,6347.38453191054,-2482.3848654130425,776.9023308252591,6.5434,-21.3599,4
2412,STARLINK-36053,satellite,0,69,43.0022,274.9493,117.3892,109.5954,226.9845,6862.6957,490.3256,-4060.136740824234,4347.918719001994,-3422.4839739953536,5449.13259275938,2386.6423124897065,-3422.4839739953536,-30.0672,23.6527,4
2413,STARLINK-35702,satellite,0,69,43.0177,275.0147,158.7854,32.848,191.6333,6867.1667,483.982,-1595.247967647441,6606.6044072926525,-943.9596745569958,6761.53499027463,-688.2459211894086,-943.9596745569958,-7.9561,-5.812,4
2414,STARLINK-35887,satellite,0,60,42.9824,314.9071,102.1706,187.5219,289.6925,6859.5877,494.2108,-1715.4690780956128,-4975.426880655212,-4405.689830575514,-4123.8667212315495,3269.775232056115,-4405.689830575514,-40.1095,141.5894,14
2415,STARLINK-35879,satellite,0,60,43.0106,315.1329,170.079,41.8032,211.8822,6865.0505,487.2075,-5999.812298049876,2232.4402475302654,-2472.480421031986,4097.474516327083,4918.560730404136,-2472.480421031986,-21.2382,50.2035,4
2416,STARLINK-35761,satellite,0,60,43.0033,314.6757,84.8686,317.9473,42.8159,6863.182,484.2974,5960.734115388794,-1180.6349120175255,3178.9126039473786,-3092.3366142475334,-5230.841639164634,3178.9126039473786,27.7633,-120.5905,44
2417,STARLINK-35874,satellite,0,60,42.9888,315.478,97.0696,326.2522,63.3218,6860.2721,485.5669,5336.628113537801,1036.5702868145254,4176.9766317128215,-793.6811341416793,-5378.117499554687,4176.9766317128215,37.7094,-98.3949,117
2418,STARLINK-36133,satellite,0,60,43.0179,315.139,169.2951,35.6043,204.8993,6865.8664,485.7254,-5901.902692454393,2893.2453435989937,-1971.0311704369042,4688.3099739934905,4606.850724433215,-1971.0311704369042,-16.7911,44.4979,4
2419,STARLINK-36104,satellite,0,60,42.9875,315.3224,79.7219,33.0641,112.786,6859.9389,486.8574,1363.070843519304,5155.210549041921,4310.187369194412,4410.433746409364,-2997.0372199789226,4310.187369194412,39.1237,-34.1974,5
2420,STARLINK-36067,satellite,0,60,43.0116,314.7795,18.059,321.1023,339.1613,6866.3748,485.5061,3250.4524033468774,-5809.792312478604,-1665.2656450103607,-6559.343226405036,-1137.6044913647922,-1665.2656450103607,-14.1283,-170.1609,5
2421,STARLINK-36139,satellite,0,60,43.0125,314.7887,6.3192,325.7844,332.1036,6865.5655,486.3698,2606.5039951440062,-5958.235571955157,-2190.2041924426508,-6485.612944308837,-480.89390121639997,-2190.2041924426508,-18.7208,-175.7594,5
2422,STARLINK-36136,satellite,0,60,42.9811,314.9463,94.2016,181.3532,275.5548,6858.6549,495.1907,-3067.7918082024303,-4000.7261949119993,-4657.240396663446,-2755.5343288336085,4221.870110241254,-4657.240396663446,-42.9089,123.1317,10
2423,STARLINK-36152,satellite,0,60,43.0136,315.2317,112.9106,35.3569,148.2675,6865.0502,482.8148,-2283.766159094889,5980.3262907974795,2460.660823495946,6399.319326265849,169.12295619154966,2460.660823495946,21.1461,1.5139,5
2424,STARLINK-36149,satellite,0,60,42.9821,315.3676,82.5886,16.0891,98.6777,6858.7549,486.9589,2747.0467990181505,4254.7332952691,4620.27204148382,3101.608997226498,-4003.6287487966415,4620.27204148382,42.5519,-52.2351,22
2425,STARLINK-35703,satellite,0,60,43.0161,314.7509,32.2344,321.0748,353.3092,6867.3734,483.7009,4382.790019366743,-5251.347236303194,-545.3992171983324,-6408.438727259977,-2391.1104593984073,-545.3992171983324,-4.5874,-159.5385,4
2426,STARLINK-35678,satellite,0,60,42.9852,315.0378,77.4764,169.8034,247.2799,6859.8613,493.93,-5148.387483166766,-1403.73832627183,-4316.530251269013,384.84634929277047,5322.430671498568,-4316.530251269013,-39.144,85.8643,4
2427,STARLINK-34846,satellite,0,60,42.9979,314.8378,66.1064,244.725,310.8314,6862.2988,490.457,470.86463798807847,-5859.758466810639,-3541.2784443879564,-5683.8012845875655,1500.961609764673,-3541.2784443879564,-31.2228,165.2072,15
2428,STARLINK-35778,satellite,0,60,43.0134,314.7147,54.7971,326.8191,21.6162,6866.3427,482.3449,5799.464572501647,-3231.503959754699,1723.7159960927959,-4973.384707948732,-4397.937211506517,1723.7159960927959,14.6419,-138.5138,4
2429,STARLINK-35780,satellite,0,60,42.9937,314.6344,90.9641,325.9887,56.9528,6861.3732,486.0249,5618.906251304942,292.7443597563226,3919.534222459364,-1589.0320463966814,-5397.479400298557,3919.534222459364,35.0296,-106.4046,106
2430,STARLINK-35777,satellite,0,60,42.9841,315.4598,100.3994,329.9503,70.3497,6859.4663,486.2161,4955.9501329756185,1749.3799277085113,4401.850360815377,5.075673553060802,-5255.639455817767,4401.850360815377,40.1239,-89.9447,115
2431,STARLINK-35772,satellite,0,60,42.9945,315.1031,86.7222,154.1761,240.8983,6858.0487,490.4516,-5458.683049875595,-750.7488870067024,-4088.0461740068477,1103.8116629261742,5398.37423148202,-4088.0461740068477,-36.7437,78.444,4
2432,STARLINK-35770,satellite,0,60,43.0151,315.2157,121.9158,33.5835,155.4993,6865.6807,481.9745,-2964.561188406348,5872.322901594242,1940.2966408242166,6523.427576700831,847.1670153709983,1940.2966408242166,16.5312,7.3993,5
2433,STARLINK-35787,satellite,0,60,43.018,314.745,32.8284,327.554,0.3824,6867.5247,482.7503,4853.412807527874,-4849.244994532607,31.240460804734806,-6185.358096478142,-2968.5245688064365,31.240460804734806,0.2625,-154.3624,4
2434,STARLINK-36107,satellite,0,60,42.9839,315.4271,92.2664,345.1905,77.4568,6858.9564,487.5295,4496.705192542105,2442.6301887771333,4562.9243085383205,811.4621956769737,-5052.556672888257,4562.9243085383205,41.8999,-80.876,94
2435,STARLINK-36086,satellite,0,60,43.0022,315.2604,97.374,36.7522,134.1262,6862.861,484.0396,-857.4176151348134,5917.312731578771,3356.9558420343797,5866.407092527867,-1155.431847746299,3356.9558420343797,29.4648,-11.1422,8
2436,STARLINK-36142,satellite,0,60,43.0217,315.1617,159.4168,31.3832,190.8,6867.1364,483.454,-5441.886726035939,4085.712030664002,-877.176868687115,5660.460824615975,3777.083158934491,-877.176868687115,-7.3906,33.7142,4
2437,STARLINK-36113,satellite,0,60,43.0072,314.682,72.7062,322.9853,35.6915,6864.5577,483.4897,5997.123856972077,-1902.9565347164119,2729.2017445466636,-3785.780719852003,-5025.395752583113,2729.2017445466636,23.5807,-126.9918,26
2438,STARLINK-36145,satellite,0,60,43.0211,315.1698,152.7468,30.9298,183.6766,6867.4233,482.8563,-5082.531811386267,4598.960346015515,-300.16517494307,6025.320342100027,3267.733259164849,-300.16517494307,-2.5232,28.4725,4
2439,STARLINK-35591,satellite,0,60,42.997,315.2747,90.3861,36.6605,127.0465,6861.78,484.8444,-118.26986403347796,5750.725249004123,3732.088531035967,5463.9077880975365,-1797.3703940588102,3732.088531035967,33.1406,-18.2088,8
2440,STARLINK-36103,satellite,0,60,42.9919,315.2885,90.0352,29.9248,119.96,6860.8062,485.1624,623.4611217240874,5496.263574021038,4050.254701304951,4977.659424204216,-2412.5761546618432,4050.254701304951,36.3828,-25.8586,6
2441,STARLINK-36135,satellite,0,60,43.0005,315.0942,113.3378,112.756,226.0938,6862.8098,490.5693,-5924.211792578781,798.6242038669988,-3372.520163410464,2719.8631555245465,5323.197384800957,-3372.520163410464,-29.5837,62.9354,4
2442,STARLINK-36147,satellite,0,60,42.9811,314.9642,88.8541,179.6317,268.4858,6858.594,495.1092,-3679.5466985755525,-3418.630729374027,-4677.461076920191,-2003.374748781975,4605.712712139284,-4677.461076920191,-43.1406,113.5079,8
2443,STARLINK-36138,satellite,0,10,42.9836,329.7684,90.098,173.9505,264.0485,6858.6597,495.0872,-3129.232776969792,-3956.341264165315,-4654.1449838378385,-2693.270980256334,4265.093832251334,-4654.1449838378385,-42.8744,122.2711,10
2444,STARLINK-36150,satellite,0,10,42.9928,329.1879,94.7071,35.7937,130.5008,6862.4608,484.6109,-1871.2520684686187,5556.5423605541655,3555.476877447961,5862.632046339011,-79.32715562654091,3555.476877447961,31.3918,-0.7752,12
2445,STARLINK-36131,satellite,0,10,42.9834,329.3936,99.5186,327.2275,66.7461,6860.0823,486.5217,4676.006071601304,2588.0671931270176,4294.760100469212,889.1343220710173,-5269.968191090714,4294.760100469212,38.9598,-80.4234,93
2446,STARLINK-36137,satellite,0,10,42.9777,329.3186,93.4039,354.6437,88.0476,6858.8472,486.8529,2758.4784727012975,4191.556406298248,4670.461495634472,3038.219648520226,-3993.440867082171,4670.461495634472,43.1251,-52.736,22
2447,STARLINK-36140,satellite,0,10,43.018,329.9582,143.7006,35.5793,179.2799,6867.6459,482.2589,-5906.742399431309,3488.8314810960173,58.82151815059895,5251.7318014666025,4413.713171717271,58.82151815059895,0.4943,40.0447,4
2448,STARLINK-36085,satellite,0,10,43.0139,329.9746,128.0028,37.1588,165.1616,6867.0344,481.4618,-5097.7878726806675,4429.652153887574,1198.2668063918952,5870.676436211822,3338.3255653992424,1198.2668063918952,10.123,29.6245,4
2449,STARLINK-36125,satellite,0,10,43.0111,329.5749,5.3796,322.3916,327.7712,6864.9924,487.6152,3650.7435340367992,-5247.706624489168,-2496.63625867834,-6162.004146460014,-1701.7808516458817,-2496.63625867834,-21.4543,-164.5613,5
2450,STARLINK-35732,satellite,0,10,43.0157,329.9105,178.0785,29.5959,207.6744,6865.4274,486.236,-6426.561269958383,1030.509294308805,-2174.2558200794974,3105.3531726397837,5720.0892331642835,-2174.2558200794974,-18.5799,61.5031,4
2451,STARLINK-35775,satellite,0,10,43.007,329.4639,73.4612,324.964,38.4253,6864.1566,483.1413,6210.620444261004,-45.20896916832635,2906.952550261387,-2104.2403572522626,-5843.459820386967,2906.952550261387,25.2195,-109.804,64
2452,STARLINK-35705,satellite,0,10,43.0225,329.5098,41.7446,328.4071,10.1517,6867.3388,482.2925,6267.450076989473,-2664.5297840536746,824.9734031604775,-4593.90524903087,-5027.59226674072,824.9734031604775,6.9497,-132.4192,4
2453,STARLINK-35786,satellite,0,10,43.002,329.888,146.4449,75.2025,221.6474,6863.5767,489.292,-6109.64780350659,-312.44083115769905,-3110.56748793307,1733.352428969876,5866.933177806924,-3110.56748793307,-27.0961,73.5405,4
2454,STARLINK-35765,satellite,0,10,42.9865,329.6886,104.6124,180.6985,285.3109,6859.3365,496.9828,-879.7439453534992,-5096.986218962792,-4515.157336952508,-4515.949601323335,2521.788477249901,-4515.157336952508,-41.296,150.8202,18
2455,STARLINK-35773,satellite,0,10,42.9939,329.6435,117.0394,182.5463,299.5857,6860.5587,492.1969,717.7247036936695,-5479.073262401088,-4069.7093604273396,-5406.646013355094,1141.731777311179,-4069.7093604273396,-36.5417,168.0759,13
2456,STARLINK-35901,satellite,0,10,42.9857,329.7839,86.1725,170.8786,257.0511,6859.2495,495.2113,-3791.7656977909005,-3454.511392030958,-4560.892987317797,-1999.9701876419324,4723.479153458696,-4560.892987317797,-41.8196,112.9483,8
2457,STARLINK-35884,satellite,0,10,42.9847,329.2448,74.2903,35.1169,109.4072,6859.4097,486.7216,461.2990275158261,5230.102461600761,4408.838217341932,4780.41930708901,-2171.257653996875,4408.838217341932,40.1968,-24.4275,10
2458,STARLINK-35891,satellite,0,10,43.0207,329.944,153.4513,32.854,186.3053,6867.5394,483.4894,-6178.898751339219,2938.9000926283334,-514.138388866355,4823.32393574069,4852.985652633143,-514.138388866355,-4.3241,45.1756,4
2459,STARLINK-35721,satellite,0,10,42.9987,329.8644,105.2828,123.4701,228.753,6862.6306,490.9417,-5808.319319581001,-992.2482647167217,-3519.323735133275,992.0663442148455,5808.3503945378025,-3519.323735133275,-31.0056,80.3074,4
2460,STARLINK-35779,satellite,0,10,43.0195,329.5526,14.9708,326.8959,341.8666,6866.9052,485.3824,4831.028213704421,-4651.0687979412005,-1457.165617055181,-5990.988364933101,-3013.1931527909956,-1457.165617055181,-12.3337,-153.2997,4
2461,STARLINK-35905,satellite,0,10,42.9847,329.7162,95.0391,183.1763,278.2154,6858.8753,495.1645,-1659.0545657280031,-4785.853320977781,-4631.5570446457705,-3963.768942660332,3153.631213566098,-4631.5570446457705,-42.617,141.4937,13
2462,STARLINK-35877,satellite,0,10,43.0147,329.9247,168.8142,31.6994,200.5136,6866.3212,484.8484,-6442.494482833237,1699.1791346977648,-1640.3590250332227,3741.397174409904,5513.156271723716,-1640.3590250332227,-13.9142,55.838,4
2463,STARLINK-36078,satellite,0,10,43.0013,329.4436,82.7265,322.7881,45.5146,6863.1235,484.2122,5956.711635536737,638.1447516061548,3336.5388930326612,-1375.3498699403788,-5830.785107358718,3336.5388930326612,29.2676,-103.2722,77
2464,STARLINK-35706,satellite,0,10,42.996,329.6207,98.3309,208.1601,306.491,6861.62,491.5599,1480.2173137356465,-5545.678327468474,-3762.7901769794466,-5722.581336480538,444.58323742683143,-3762.7901769794466,-33.4112,175.5577,10
2465,STARLINK-35720,satellite,0,10,43.0234,329.538,15.8677,333.0359,348.9036,6867.2376,483.6841,5314.32333335614,-4245.6621520590425,-901.0140518573137,-5768.997234190969,-3603.657935040047,-901.0140518573137,-7.5923,-148.0087,4
2466,STARLINK-35739,satellite,0,10,42.9857,329.8018,77.0737,172.9538,250.0275,6859.5143,494.0431,-4399.671349926331,-2899.2044495613636,-4398.116030822453,-1274.3579137369325,5112.5831372619305,-4398.116030822453,-40.028,103.9963,8
2467,STARLINK-35754,satellite,0,10,43.0162,329.56,353.852,340.9755,334.8276,6865.9179,484.9111,4272.6379801617695,-4985.713729660076,-1990.93868649991,-6121.302527942337,-2375.3804042823517,-1990.93868649991,-16.9678,-158.7912,4
2468,STARLINK-35790,satellite,0,10,42.9953,329.8466,92.7237,143.0756,235.7993,6861.5372,492.5874,-5421.7905639047995,-1652.3038041025238,-3871.331818403704,241.13023762165273,5662.841776741014,-3871.331818403704,-34.5004,87.5618,4
2469,STARLINK-36143,satellite,0,10,43.0244,329.5184,42.611,320.5085,3.1195,6867.5797,483.4749,6042.965913836573,-3240.2106011635847,254.77429704548598,-5062.4271278634105,-4624.741436097394,254.77429704548598,2.1412,-137.587,4
2470,STARLINK-36141,satellite,0,10,43.0189,329.4877,56.8968,327.4086,24.3054,6866.1626,483.6263,6434.398048018857,-1395.7662634339824,1926.37422324212,-3452.5007890370875,-5606.2358141793875,1926.37422324212,16.4052,-121.6261,5
2471,STARLINK-35767,satellite,0,10,43.0188,329.932,160.5946,32.8467,193.4414,6866.977,484.1311,-6359.9701184658925,2334.514854886425,-1088.1772691863243,4313.314496582023,5224.413610065709,-1088.1772691863243,-9.181,50.4567,4
2472,STARLINK-36255,satellite,0,12,43.0154,100.6638,120.9436,35.4461,156.3897,6866.2632,482.8543,-810.9878984662735,-6548.355530813443,1874.1780548908355,-5907.846932283026,2938.7082458297546,1874.1780548908355,15.9507,153.5531,5
2473,STARLINK-36256,satellite,0,12,43.0211,100.6089,159.5126,32.1478,191.6603,6867.261,484.2172,2233.8477890482613,-6418.79327065583,-946.211694563416,-6796.354180982699,23.51260707282984,-946.211694563416,-7.9749,179.8018,5
2474,STARLINK-36258,satellite,0,12,42.9898,100.7576,78.7106,35.2444,113.955,6859.869,486.5061,-3983.08807535564,-3590.3479910134465,4272.409634452658,-2064.5957729104384,4949.043706322964,4272.409634452658,38.7198,112.6445,5
2475,STARLINK-36261,satellite,0,12,43.0215,100.6307,143.1078,34.4471,177.5549,6867.5652,482.6193,1054.1900266339765,-6776.3213164592935,199.69991978187238,-6742.026251321224,1254.961841113364,199.69991978187238,1.6784,169.4556,4
2476,STARLINK-36259,satellite,0,12,43.0123,100.2309,10.6581,322.3581,333.0161,6865.6234,486.3223,1154.411882169896,6422.482651095229,-2124.055785558309,5675.112827184007,-3220.8763708105566,-2124.055785558309,-18.1358,-29.5768,10
2477,STARLINK-36196,satellite,0,12,43.0216,100.6342,135.9749,34.5277,170.5026,6867.3286,482.2404,435.25559565191463,-6802.584405809223,772.2954686404755,-6561.346947164082,1847.519491276268,772.2954686404755,6.5041,164.274,4
2478,STARLINK-36208,satellite,0,12,43.0161,100.1992,23.0027,324.2353,347.2381,6867.1319,484.1798,-94.24347436008084,6782.809809289361,-1034.072546774619,6429.495766243886,-2162.6314834717878,-1034.072546774619,-8.7209,-18.5909,4
2479,STARLINK-35764,satellite,0,12,42.9824,100.456,84.7702,170.5477,255.3179,6859.4449,494.9723,5092.385034484241,-829.267285692563,-4526.749402741857,-2472.6465895764272,-4528.364871961517,-4526.749402741857,-41.4398,-118.6361,4
2480,STARLINK-35781,satellite,0,12,42.9809,100.8537,95.0743,350.4974,85.5717,6858.533,487.2032,-5010.556883117571,-421.7220226832213,4659.771559569668,1265.4281039339867,4866.438272201439,4659.771559569668,43.0,75.4241,4
2481,STARLINK-35875,satellite,0,12,42.9806,100.3993,87.7997,181.7828,269.5825,6858.5042,495.124,4947.504758748033,857.1269913049836,-4678.930494164567,-833.7814585081683,-4951.4925524033615,-4678.930494164567,-43.1573,-99.5584,4
2482,STARLINK-35906,satellite,0,12,42.9811,100.8234,90.2017,2.4908,92.6925,6858.4071,487.4653,-4860.3147472285345,-1257.0982510896006,4668.739210652908,427.54687370941605,5002.015506353515,4668.739210652908,43.1005,85.1145,4
2483,STARLINK-35789,satellite,0,12,42.9932,100.7378,82.9196,36.986,119.9056,6858.1909,483.4102,-3632.9886786866205,-4167.082183341534,4051.5255780918187,-2724.8424021296883,4810.240591253592,4051.5255780918187,36.4068,119.5301,6
2484,STARLINK-36180,satellite,0,12,43.0029,100.6968,96.0394,39.0896,135.129,6863.0792,483.8141,-2574.4371670904875,-5431.752345391783,3299.476594805874,-4269.1860857889205,4231.513964749769,3299.476594805874,28.9139,135.2539,7
2485,STARLINK-35892,satellite,0,12,42.9862,100.3125,108.0438,189.8148,297.8586,6860.3683,493.3156,3793.1093313766623,3950.173781797179,-4137.423221218183,2467.081589191322,-4889.280083861811,-4137.423221218183,-37.2427,-63.2249,15
2486,STARLINK-35738,satellite,0,12,43.0177,100.1949,28.4119,325.8954,354.3074,6867.4966,483.2502,-718.6906478208517,6807.729667657053,-464.31184119940406,6660.285786942394,-1581.8636829437332,-464.31184119940406,-3.9045,-13.3606,4
2487,STARLINK-35674,satellite,0,12,43.0116,100.5674,178.8912,33.9268,212.8181,6864.9144,487.1206,3731.0463144552773,-5170.516027142804,-2537.0330632184246,-6115.846639770402,-1803.1534783151417,-2537.0330632184246,-21.8205,-163.5727,4
2488,STARLINK-35701,satellite,0,12,42.9841,100.3263,103.028,187.7251,290.7531,6859.6136,494.1162,4183.187957094913,3234.283095777292,-4375.899344905834,1662.2979243996292,-5019.602996109487,-4375.899344905834,-39.7854,-71.6771,13
2489,STARLINK-36179,satellite,0,12,42.996,100.5185,83.2111,150.9065,234.1176,6861.691,492.1165,4733.466686185903,-3212.862062763917,-3792.393312980899,-4601.945384641809,-3398.5714911346686,-3792.393312980899,-33.7054,-143.5539,4
2490,STARLINK-36217,satellite,0,12,42.9848,100.8949,103.8395,327.5142,71.3537,6859.4161,486.6636,-5080.696635985134,1254.3034073793108,4428.990289063606,2869.7024526278865,4376.249898949499,4428.990289063606,40.4183,56.7454,5
2491,STARLINK-36124,satellite,0,12,43.0113,100.6672,112.8257,36.443,149.2687,6865.1798,482.5477,-1427.1311446294249,-6267.494802832841,2390.6084746778124,-5438.384823346868,3426.684245841513,2390.6084746778124,20.5178,147.7853,5
2492,STARLINK-36188,satellite,0,12,42.9845,100.78,81.4859,25.2981,106.7841,6859.4474,486.7175,-4346.5586519325525,-2842.834471360041,4475.1089884096855,-1238.814801093869,5043.7702004386965,4475.1089884096855,40.9266,103.7994,4
2493,STARLINK-36151,satellite,0,12,42.9788,100.3803,94.4127,182.2031,276.6158,6858.6044,495.1566,4763.803703009247,1676.526899653348,-4647.854629767814,0.135915799617317,-5050.204762937121,-4647.854629767814,-42.8023,-89.9985,9
2494,STARLINK-36195,satellite,0,12,43.0048,100.1259,72.9034,323.7211,36.6245,6864.3636,483.175,-3912.8521855916815,4892.054440275232,2790.3827302864356,5913.524194321153,2067.085019075068,2790.3827302864356,24.1431,19.2672,5
2495,STARLINK-36219,satellite,0,12,43.0122,100.575,164.6649,41.2554,205.9203,6865.7001,486.2531,3288.8951082150775,-5664.765360872745,-2046.2757990683706,-6435.300499119266,-1222.0086385210748,-2046.2757990683706,-17.4505,-169.248,5
2496,STARLINK-36223,satellite,0,12,42.9841,100.4692,75.5969,172.6588,248.2558,6859.8421,494.8817,5048.754204437655,-1653.1438709778793,-4347.119150323813,-3235.3247408443754,-4213.7248956545445,-4347.119150323813,-39.4679,-127.5173,4
2497,STARLINK-36164,satellite,0,12,43.0057,100.2311,18.4664,307.5764,326.0428,6864.7495,487.8512,1747.6677273939404,6099.850887767385,-2614.6681421163016,5173.845574492907,-3673.3969714245454,-2614.6681421163016,-22.521,-35.3745,12
2498,STARLINK-35685,satellite,0,12,42.9969,100.2722,64.2378,247.7391,311.9769,6862.448,490.3901,2853.247353567485,5182.058981757285,-3479.393468367481,3941.1006823335233,-4411.630216004221,-3479.393468367481,-30.6191,-48.2242,12
2499,STARLINK-36214,satellite,0,12,42.9917,100.935,93.37,323.8734,57.2434,6861.0888,485.2486,-4844.711955099538,2842.356245735151,3931.8012744345133,4289.375429531391,3626.4971225807426,3931.8012744345133,35.1597,40.2132,4
2500,STARLINK-36194,satellite,0,12,43.0022,100.5319,128.8478,98.2094,227.0572,6862.7694,490.1441,4466.818177698621,-3925.163740213736,-3426.4362044248587,-5185.345154217195,-2910.5962708255793,-3426.4362044248587,-30.1063,-150.694,4
2501,STARLINK-36490,satellite,0,50,42.9915,256.575,95.3643,323.9236,59.2879,6860.9058,485.4968,3380.84774501764,-4407.028525686631,4019.4897205792913,-5279.403039110558,-1726.2489541884606,4019.4897205792913,36.0614,-161.8934,9
2502,STARLINK-36488,satellite,0,50,43.0196,257.1274,147.9256,30.9406,178.8661,6867.5051,482.7588,1624.962488012274,6665.039762068253,92.62570750192452,5747.718791614023,-3745.26191472972,92.62570750192452,0.7784,-33.0886,7
2503,STARLINK-36481,satellite,0,50,42.9827,256.9473,77.3686,179.2338,256.6024,6859.1172,494.0704,-4398.581675342542,2652.0823883640624,-4551.55425160699,3961.798987520739,3268.82402888404,-4551.55425160699,-41.7235,39.5256,4
2504,STARLINK-36449,satellite,0,50,42.992,256.8112,103.2006,195.8773,299.0779,6860.7748,492.7748,-5032.72266597399,-2246.5382798049745,-4090.1810388148974,-448.5598410746808,5493.088907364644,-4090.1810388148974,-36.7515,94.6684,4
2505,STARLINK-36482,satellite,0,50,43.0049,256.753,33.9494,286.3069,320.2563,6863.8878,489.3663,-4332.954577260214,-4401.596174115907,-2992.9939381174427,-2713.7076620061125,5548.363269808616,-2992.9939381174427,-25.9945,116.0633,8
2506,STARLINK-36491,satellite,0,50,43.0171,257.093,170.0054,30.0814,200.0869,6866.251,484.9374,-240.0509360370394,6666.5635762504935,-1607.7664478983174,6368.241211871227,-1986.5040235315178,-1607.7664478983174,-13.6322,-17.3247,2
2507,STARLINK-36495,satellite,0,50,43.0213,256.6672,50.2691,326.5297,16.7988,6866.7882,482.1054,-104.01659218225724,-6723.928667810235,1352.5647496676588,-6308.141523980663,2330.1044385779064,1352.5647496676588,11.4417,159.7268,5
2508,STARLINK-36485,satellite,0,50,42.981,256.4554,84.5895,10.1643,94.7539,6858.5761,486.2821,4991.433810551552,-618.124360007131,4657.038256862046,-2239.965434632121,-4503.225961597391,4657.038256862046,42.9759,-116.4464,83
2509,STARLINK-36445,satellite,0,50,43.0128,257.157,123.6258,34.0242,157.65,6866.1514,482.4469,3269.57513459801,5761.238776365589,1779.2670123124708,4349.241288666306,-4996.608250807773,1779.2670123124708,15.1244,-48.9624,4
2510,STARLINK-36476,satellite,0,50,42.9829,256.8786,93.8512,183.9765,277.8278,6858.7224,494.8862,-5056.404955777644,218.84593951801338,-4635.6211440335355,1884.8937942498762,4697.052267801004,-4635.6211440335355,-42.6652,68.1348,4
2511,STARLINK-36463,satellite,0,50,43.014,256.6415,66.1337,324.8512,30.9849,6865.1109,482.9507,1153.3543621290303,-6317.154463442268,2408.6360432775596,-6341.81227910734,1009.0013955361953,2408.6360432775596,20.6782,170.9598,4
2512,STARLINK-36461,satellite,0,50,42.9947,256.5894,91.526,320.6897,52.2157,6861.927,484.9759,2881.2167904357825,-5005.876528955278,3695.485315186033,-5678.444418659222,-1056.1623932106095,3695.485315186033,32.7744,-169.4637,9
2513,STARLINK-36450,satellite,0,50,43.011,257.1703,115.163,35.4339,150.5969,6865.417,482.8816,3727.5354755997746,5279.218178584964,2296.9266271826546,3742.5337360702715,-5268.596258334158,2296.9266271826546,19.6794,-54.612,8
2514,STARLINK-36498,satellite,0,50,42.9875,256.9709,75.6509,173.9246,249.5755,6859.6385,493.6477,-4043.6467582929886,3394.003351811088,-4385.29853491664,4543.832194869822,2687.736378967028,-4385.29853491664,-39.891,30.6049,4
2515,STARLINK-36470,satellite,0,50,42.9978,257.0321,128.718,99.546,228.264,6862.5996,490.2095,-2624.7731658306534,5292.5496302590445,-3492.472558701678,5863.737016238814,719.0994126061789,-3492.472558701678,-30.7473,6.9916,2
2516,STARLINK-36500,satellite,0,50,42.9925,257.2179,93.0638,36.2717,129.3355,6862.2083,484.5676,4744.526754954678,3380.2841510839557,3616.348988655925,1613.6859012863006,-5597.577411929197,3616.348988655925,31.9915,-73.9186,69
2517,STARLINK-36462,satellite,0,50,43.017,257.1014,161.3547,31.66,193.0146,6867.0561,484.1529,391.0580895002056,6769.030852417951,-1054.2102224682233,6255.403860099743,-2615.8416728462134,-1054.2102224682233,-8.8921,-22.6934,7
2518,STARLINK-36434,satellite,0,50,43.0164,257.1307,139.9008,31.8998,171.8006,6867.3613,482.3844,2209.768581776081,6460.290877489442,667.4791142698801,5360.455107513371,-4228.942710313276,667.4791142698801,5.6182,-38.2704,6
2519,STARLINK-36497,satellite,0,50,42.987,256.83,120.878,171.1496,292.0276,6859.7822,492.7752,-5117.441782157114,-1445.8144856389258,-4337.418312221429,334.88366329539014,5307.206690219309,-4337.418312221429,-39.3774,86.3894,4
2520,STARLINK-36471,satellite,0,50,43.0223,256.6756,40.2494,329.5152,9.7646,6867.2663,482.5396,-730.4308987464743,-6775.042508311189,793.8551682665076,-6148.420967612849,2937.966965826167,793.8551682665076,6.6861,154.4596,5
2521,STARLINK-36473,satellite,0,50,43.0196,256.7002,23.5749,324.9698,348.5446,6867.1219,484.1998,-2516.7801990722924,-6315.662135624994,-929.7755064179374,-5122.115596353781,4470.5371712355745,-929.7755064179374,-7.8355,138.8858,5
2522,STARLINK-36430,satellite,0,50,42.9796,256.4061,78.5198,30.3716,108.8914,6859.5334,486.653,5134.343377985973,1042.1934874949407,4422.136907968178,-721.229033505352,-5189.1692851239895,4422.136907968178,40.3431,-97.9127,112
2523,STARLINK-36501,satellite,0,50,42.9845,256.5267,103.2575,330.2201,73.4776,6859.2746,486.8749,4221.628435075302,-3016.350974856293,4481.314147269484,-4246.673831832597,-2980.9866174441477,4481.314147269484,40.9942,-144.9328,8
2524,STARLINK-36489,satellite,0,50,43.0024,257.0454,154.3899,66.8973,221.2873,6863.5879,489.1292,-2071.3724518659174,5768.039880106098,-3088.4943245012273,6128.566561993049,39.240133334431974,-3088.4943245012273,-26.8893,0.3668,2
2525,STARLINK-36496,satellite,0,50,42.9976,256.7854,91.7411,214.4096,306.1507,6861.6692,491.2886,-4871.186306180032,-3014.7926156525045,-3779.1858949621505,-1226.874194191088,5595.7314317733935,-3779.1858949621505,-33.5772,102.3665,8
2526,STARLINK-36483,satellite,0,50,43.0184,257.1096,151.6426,34.3085,185.9511,6867.3522,483.2321,1015.4102507430889,6768.33189667944,-485.3207628503939,6047.4929110797375,-3204.5598966726757,-485.3207628503939,-4.0814,-27.9191,7
2527,STARLINK-36494,satellite,0,50,42.9854,256.8497,101.7602,183.044,284.8042,6859.145,494.4215,-5125.673351224304,-603.3745291216416,-4524.1032320739505,1132.288159400726,5035.326369752477,-4524.1032320739505,-41.4144,77.3268,4
2528,STARLINK-36492,satellite,0,50,43.0049,257.1799,109.6376,33.8575,143.4951,6864.3451,483.0905,4132.126180863712,4712.856755401086,2782.5300532839883,3073.9835119877384,-5462.244130349403,2782.5300532839883,24.0713,-60.6305,8
2529,STARLINK-36427,satellite,0,50,42.9778,256.8829,92.5815,178.1547,270.7362,6858.5492,495.1987,-4909.9631435463725,1053.584127695653,-4678.475954952747,2623.6899115314177,4281.82540901007,-4678.475954952747,-43.1515,58.5021,4
2530,STARLINK-35343,satellite,0,56,42.9844,158.6799,76.9369,20.5658,97.5028,6858.7446,486.4936,-973.7754878569958,-4956.830282100105,4633.611942053851,-4352.527307005558,2563.963959978121,4633.611942053851,42.7071,149.4987,7
2531,STARLINK-36486,satellite,0,56,43.0034,158.4216,159.2663,58.683,217.9494,6864.0205,488.5644,6167.632992003026,879.8430354505396,-2878.5276691976037,-1217.3709689042023,-6109.977775339634,-2878.5276691976037,-24.9351,-101.2682,3
2532,STARLINK-36480,satellite,0,56,42.9945,158.8199,90.9715,324.0686,55.0401,6861.6038,484.7374,-5148.119910844388,-2412.808622623237,3831.7540128715896,-567.096616178427,5657.135803015201,3831.7540128715896,34.1441,95.7245,4
2533,STARLINK-36410,satellite,0,56,43.0059,158.9993,26.2546,289.7849,316.0395,6863.1041,489.2878,-3363.242401413742,5022.599867972058,-3249.2401133889525,5854.226313365559,1505.305004415553,-3249.2401133889525,-28.4091,14.4202,4
2534,STARLINK-36413,satellite,0,56,43.0237,158.9246,36.8867,321.5546,358.4413,6867.4859,482.8858,-6350.637119232228,2593.593143414112,-127.3391735333828,4554.6045092740205,5129.609632109998,-127.3391735333828,-1.0701,48.398,4
2535,STARLINK-36451,satellite,0,56,42.9867,158.7498,102.222,334.1,76.3221,6859.1127,487.1323,-3277.0797062196093,-3954.0142988006187,4541.952326972917,-2641.998661220871,4403.785138962081,4541.952326972917,41.6677,120.9612,7
2536,STARLINK-36339,satellite,0,56,42.9894,158.6102,80.8059,37.9803,118.7862,6860.7233,485.2871,1471.0016633403543,-5296.43102838413,4097.008898504771,-5484.4077153502485,370.53953066701376,4097.008898504771,36.8697,176.1348,4
2537,STARLINK-36453,satellite,0,56,43.002,158.552,99.8816,40.2185,140.1001,6863.9818,483.3836,3720.189234856303,-4917.75166927648,3000.002999469106,-5873.810516620683,-1876.8163039169824,3000.002999469106,26.0844,-162.2801,9
2538,STARLINK-36432,satellite,0,56,42.9826,158.3036,83.3838,176.8816,260.2654,6858.6695,494.7933,2907.692073534692,4169.001777885686,-4611.827854190993,2967.4129502225346,-4126.70684703458,-4611.827854190993,-42.3963,-54.281,14
2539,STARLINK-36458,satellite,0,56,43.0189,158.4922,136.2874,39.1783,175.4657,6867.5817,482.8268,6217.792110222632,-2876.473447990552,370.0392770497901,-4777.347518470691,-4910.396003450576,370.0392770497901,3.111,-134.2132,2
2540,STARLINK-36422,satellite,0,56,42.9917,158.3674,80.0496,159.0909,239.1405,6860.832,492.4116,4861.094950345711,2708.0768599757916,-4017.4098553601593,940.8995807279816,-5484.398998504652,-4017.4098553601593,-35.9978,-80.2651,11
2541,STARLINK-35676,satellite,0,56,43.017,158.4606,166.6445,30.0324,196.6769,6866.7924,484.9324,6643.169643681077,-1074.1376558310687,-1343.4835433412259,-3218.4101553595538,-5909.933222150528,-1343.4835433412259,-11.3591,-118.5717,3
2542,STARLINK-36472,satellite,0,56,43.0235,158.9041,46.875,325.7157,12.5907,6867.1367,482.3877,-6639.860311342395,1389.7897884140007,1020.3031597928195,3515.065706807819,5802.031858490904,1020.3031597928195,8.6062,58.7911,5
2543,STARLINK-36420,satellite,0,56,42.9877,158.7721,99.7512,329.4495,69.2007,6859.774,486.2846,-3966.7195626045554,-3488.5706470141718,4369.870402811141,-1974.0228658257383,4899.818667334098,4369.870402811141,39.7744,111.9434,5
2544,STARLINK-36467,satellite,0,56,42.9999,158.8344,83.6785,324.2733,47.9518,6862.598,483.376,-5626.490272618808,-1814.2952074859725,3472.147541551264,156.2734343228994,5909.707141771542,3472.147541551264,30.5833,88.4853,4
2545,STARLINK-36457,satellite,0,56,43.0024,158.5676,92.0041,41.0171,133.0211,6862.8759,483.9329,3015.021505275602,-5122.004802295709,3418.994439632511,-5832.404034782031,-1143.8317389690453,3418.994439632511,30.0644,-168.9042,9
2546,STARLINK-36475,satellite,0,56,43.0113,158.4344,170.6212,40.2478,210.869,6865.081,487.1224,6424.498657680552,229.28267334885547,-2401.8595697492,-1916.3090604248275,-6136.327332515023,-2401.8595697492,-20.6042,-107.343,3
2547,STARLINK-36478,satellite,0,56,42.9813,158.325,79.5029,173.8017,253.3047,6859.1586,494.3596,3608.6251537574954,3741.1154840609947,-4481.908281783556,2331.1161930560397,-4645.860292764318,-4481.908281783556,-40.9464,-63.3542,14
2548,STARLINK-36479,satellite,0,56,42.985,158.2043,118.0228,170.6635,288.6863,6859.3811,493.2641,-275.7698805316016,5231.884290773839,-4432.228897578658,5026.76767819176,-1476.5733874552668,-4432.228897578658,-40.4069,-16.3697,4
2549,STARLINK-36474,satellite,0,56,42.9983,159.0142,83.9821,225.0931,309.0752,6862.0109,490.952,-2643.5606415992397,5187.568397910499,-3633.527594688326,5770.944853931289,771.6697750309173,-3633.527594688326,-32.1277,7.6162,3
2550,STARLINK-36448,satellite,0,56,42.9816,158.6997,91.3984,359.092,90.4904,6858.631,487.1308,-1767.0515408928077,-4693.711320849779,4673.5216481334755,-3841.0023271634504,3224.918329875966,4673.5216481334755,43.1579,139.9831,7
2551,STARLINK-36477,satellite,0,56,43.0103,158.9648,8.6762,321.5221,330.1983,6865.3773,486.9269,-4662.980520460063,4465.314148979796,-2326.544374003605,5759.983474459795,2916.334712823485,-2326.544374003605,-19.9314,26.8535,3
2552,STARLINK-36429,satellite,0,56,43.0219,158.9307,26.7851,324.6378,351.4229,6867.2338,483.4081,-6062.066156122502,3137.14190318073,-698.1714673682761,4971.542877494757,4676.971971172098,-698.1714673682761,-5.8765,43.2513,4
2553,STARLINK-36456,satellite,0,56,42.9828,158.6261,78.4641,33.3876,111.8517,6859.6793,486.1022,679.6992137453585,-5264.7797828811035,4338.211321180358,-5191.880935111211,1106.4671432213433,4338.211321180358,39.4318,167.9694,4
2554,STARLINK-36466,satellite,0,56,42.9956,158.3825,93.2426,138.8226,232.0652,6861.9125,491.2957,5381.09002681467,2126.295836347405,-3691.4240953241524,219.49597847987536,-5781.78911547142,-3691.4240953241524,-32.7,-87.8259,10
2555,STARLINK-36499,satellite,0,56,42.9926,159.0308,104.1478,197.8208,301.9687,6860.9218,492.8735,-1869.241934329014,5277.527085299081,-3970.621985434879,5598.7701954788145,11.3948820796348,-3970.621985434879,-35.5128,0.1166,4
2556,STARLINK-36469,satellite,0,56,43.0089,158.9801,11.3435,311.8377,323.1812,6864.1409,488.0523,-4049.452399518587,4777.818546729455,-2805.297752789953,5851.109674179779,2233.859973713348,-2805.297752789953,-24.2619,20.8961,4
2557,STARLINK-35306,satellite,0,56,43.0069,158.532,116.3401,30.8156,147.1557,6864.8604,483.6637,4367.093274345463,-4640.520717812187,2537.3332027821084,-5827.036718856655,-2579.065582022642,2537.3332027821084,21.8348,-156.1257,7
2558,STARLINK-36428,satellite,0,56,43.0157,158.5091,125.9255,35.3935,161.319,6866.7055,482.6097,5457.996397881074,-3875.4807342603012,1498.8995851973548,-5467.497583278704,-3862.064962911301,1498.8995851973548,12.6979,-144.7638,9
2559,STARLINK-36484,satellite,0,20,43.0111,169.2482,13.0287,318.1681,331.1968,6865.5554,486.7193,-5456.898204674412,3497.105358251223,-2255.422424839212,5110.2122487630395,3986.629488111535,-2255.422424839212,-19.2985,37.9589,4
2560,STARLINK-36452,satellite,0,20,43.0197,169.1957,28.8331,330.7116,359.5447,6867.3892,482.4446,-6731.280727214524,1325.1598103224153,-37.19065396393391,3484.447071196294,5909.722274311628,-37.19065396393391,-0.3125,59.4759,4
2561,STARLINK-36409,satellite,0,20,43.0129,169.6755,120.0928,34.4353,154.528,6865.6719,481.9879,5704.84291784651,-3231.4583060142077,2012.0642860547725,-4941.932299000247,-4308.695934144092,2012.0642860547725,17.1609,-138.916,4
2562,STARLINK-36510,satellite,0,20,43.0186,169.6153,156.0177,33.8315,189.8492,6867.2947,483.5634,6804.225250312749,-374.5282125508563,-800.72751305424,-2611.931733907347,-6294.089708321442,-800.72751305424,-6.7433,-112.5376,4
2563,STARLINK-36509,satellite,0,20,42.9821,169.4004,95.4809,179.1482,274.6291,6858.8106,495.3784,376.12925911767053,5021.306084338344,-4664.1439415841405,4611.733891907807,-2021.607905209747,-4664.1439415841405,-42.9862,-23.6708,4
2564,STARLINK-36507,satellite,0,20,42.9861,169.7729,80.0553,32.0279,112.0832,6859.5681,486.0788,1711.3500762274266,-5030.917336992634,4331.417077735722,-5313.7319979875065,55.68292934446488,4331.417077735722,39.3584,179.3996,4
2565,STARLINK-36508,satellite,0,20,42.9911,169.9595,88.1496,327.1147,55.2643,6861.6707,484.1071,-4564.838723868865,-3376.749706019776,3841.5881432507763,-1669.9987106511312,5426.904776984845,3841.5881432507763,34.2472,107.1045,4
2566,STARLINK-36503,satellite,0,20,42.9842,169.4679,75.4799,177.9145,253.3944,6859.414,495.7754,2808.419134617992,4372.746324242027,-4485.175462297374,3192.5581264837933,-4100.695192389081,-4485.175462297374,-40.9723,-52.0978,13
2567,STARLINK-36446,satellite,0,20,43.0063,169.5728,129.8019,88.2887,218.0906,6864.1778,489.7802,5873.535917877866,2067.738947870725,-2888.2744528605,0.7935965284443001,-6226.874649882353,-2888.2744528605,-25.0204,-89.9927,4
2568,STARLINK-36442,satellite,0,20,42.9984,169.2692,20.565,296.5033,317.0683,6863.4361,489.2051,-4300.230135620365,4294.487284512538,-3187.8215989380947,5478.429023984094,2630.8583552342966,-3187.8215989380947,-27.826,25.6513,4
2569,STARLINK-36506,satellite,0,20,42.9845,169.3452,101.0094,187.8051,288.8145,6859.5344,494.0749,-1296.5857797673884,5079.790234314501,-4429.359765398319,5222.154081656011,-463.15251956072353,-4429.359765398319,-40.3696,-5.0683,4
2570,STARLINK-36468,satellite,0,20,42.9868,169.9127,100.8696,328.5468,69.4164,6859.5805,486.6084,-3195.465991725545,-4200.320836287229,4376.2041473833715,-2901.430564188234,4408.559709612372,4376.2041473833715,39.8411,123.3503,7
2571,STARLINK-36487,satellite,0,20,42.9797,169.8214,80.8607,17.0184,97.8791,6858.5734,486.692,47.0394292672075,-5055.657518328408,4629.239864600211,-4784.606976136284,1633.8365078686254,4629.239864600211,42.6558,161.1461,6
2572,STARLINK-36374,satellite,0,20,43.0191,169.6431,136.9388,31.7368,168.6756,6867.0744,481.8237,6439.394192962301,-2177.955596515077,918.9581813911946,-4191.996995114314,-5351.30351836826,918.9581813911946,7.7465,-128.0737,4
2573,STARLINK-36455,satellite,0,20,43.0109,169.5794,176.2892,34.7571,211.0464,6865.3862,487.1916,6250.720588059786,1481.8810566899283,-2414.286470971235,-677.0502675026797,-6388.198671882825,-2414.286470971235,-20.7154,-96.0499,4
2574,STARLINK-36424,satellite,0,20,42.9873,169.3271,97.6942,198.1615,295.8557,6860.3525,494.032,-2104.853903222192,4994.7127715839915,-4211.678615636653,5410.202586204987,327.52648863078304,-4211.678615636653,-38.0221,3.4644,4
2575,STARLINK-35564,satellite,0,20,43.0211,169.6183,151.4176,31.3386,182.7562,6867.5833,483.0393,6784.489618416946,-997.7251783386981,-225.09583297391418,-3193.241102599481,-6068.6049611560275,-225.09583297391418,-1.8918,-117.7529,4
2576,STARLINK-36431,satellite,0,20,42.9807,169.893,99.4767,337.1299,76.6066,6858.9124,486.4408,-2419.4009929551726,-4524.351836983408,4546.404099383326,-3464.7006059951095,3784.0600444951633,4546.404099383326,41.7227,132.4773,7
2577,STARLINK-36418,satellite,0,20,43.0113,169.2245,12.9232,325.3492,338.2724,6866.3924,485.249,-5914.819688246495,3016.531804423489,-1732.8341400530219,4808.893618482054,4578.1107716709275,-1732.8341400530219,-14.7146,43.5916,4
2578,STARLINK-36465,satellite,0,20,42.9899,169.7533,83.3359,35.821,119.1568,6860.4629,485.7913,2508.0386428483826,-4904.1054009003,4082.7271804071297,-5458.568655526881,-737.9267240449465,4082.7271804071297,36.7173,-172.301,4
2579,STARLINK-36362,satellite,0,20,43.0176,169.6084,144.8177,52.0668,196.8845,6866.9635,485.9186,6722.523175971258,248.95596197532143,-1359.9215054403144,-1996.67953220895,-6423.983792642351,-1359.9215054403144,-11.4982,-107.2661,4
2580,STARLINK-36447,satellite,0,20,42.9924,169.5147,78.6611,160.6358,239.2969,6861.0031,492.9202,4231.566473809024,3606.8181125502597,-4024.2844231670156,1997.6504293813234,-5188.9001224997355,-4024.2844231670156,-36.0658,-68.944,13
2581,STARLINK-36146,satellite,0,20,42.9969,169.9704,78.3966,329.8141,48.2108,6862.5657,482.753,-5149.600243301848,-2885.6542582585157,3485.733411759183,-1012.6396389865383,5815.491735491779,3485.733411759183,30.7188,99.8778,4
2582,STARLINK-36459,satellite,0,20,42.9801,169.8408,86.8965,3.8567,90.7532,6858.4513,486.8692,-795.8126458846459,-4951.925821038256,4672.980810900254,-4406.9751120178,2394.463920478032,4672.980810900254,43.1538,151.4832,6
2583,STARLINK-36464,satellite,0,20,42.995,169.5302,91.2518,140.9766,232.2283,6862.0238,491.681,4855.150731864273,3138.1776615268586,-3699.748733340667,1348.5860355536902,-5621.562360157357,-3699.748733340667,-32.7807,-76.5099,11
2584,STARLINK-36513,satellite,0,20,42.9811,169.4158,85.1822,182.274,267.4562,6858.7495,495.9165,1220.9393868222733,4875.370879403217,-4675.046973194783,4193.641567983567,-2770.0730310421745,-4675.046973194783,-43.1066,-33.4464,4
2585,STARLINK-36515,satellite,0,20,43.0096,169.6783,115.5472,31.759,147.3062,6864.8318,483.1339,5193.013627988951,-3699.2184178165535,2526.943815805951,-5213.269515923923,-3670.616896044931,2526.943815805951,21.7427,-144.851,9
2586,STARLINK-36443,satellite,0,20,43.0002,169.2756,69.4963,240.4736,309.9699,6862.4472,491.6408,-3616.3558509465843,4600.495306918296,-3587.584365957812,5540.076029539052,1884.1826600888974,-3587.584365957812,-31.6711,18.7832,4
2587,STARLINK-36460,satellite,0,20,43.0062,169.9946,70.5794,323.4546,34.0341,6864.7947,482.6364,-6084.180292145884,-1776.6971494519644,2617.897875872753,343.66829417926243,6328.964740917982,2617.897875872753,22.5685,86.8918,4
2588,STARLINK-36542,satellite,0,32,42.992,137.0575,106.7587,194.3579,301.1167,6861.0731,492.7144,331.55950041508686,5562.707263518992,-4006.813989393317,5137.231406995662,-2159.2816566858114,-4006.813989393317,-35.8865,-22.798,4
2589,STARLINK-36539,satellite,0,32,42.9992,137.2966,145.3334,78.1303,223.4636,6863.2094,489.472,6002.173675765989,-840.9218229378023,-3219.6214668943867,-2785.641609502372,-5382.698131026881,-3219.6214668943867,-28.1265,-117.3624,4
2590,STARLINK-36440,satellite,0,32,43.0123,136.4593,163.5904,39.4672,203.0576,6866.1856,485.914,5930.96672493562,-2925.0975916879097,-1833.4644367716264,-4728.003849760832,-4623.693524644418,-1833.4644367716264,-15.5883,-135.6391,4
2591,STARLINK-36423,satellite,0,32,42.9785,136.7465,95.8111,346.9766,82.7877,6858.5786,486.2422,-4035.915733057732,-3033.8931456941223,4635.951865085542,-1522.156980239998,4814.16260125677,4635.951865085542,42.7357,107.5461,4
2592,STARLINK-36519,satellite,0,32,43.0227,136.934,31.0645,326.6266,357.6911,6867.5651,483.3724,-4870.715828473718,4829.145153367822,-188.60752290946223,6172.141633762576,2991.5185519757338,-188.60752290946223,-1.585,25.8586,4
2593,STARLINK-36525,satellite,0,32,43.0173,136.9092,53.3781,325.6185,18.9966,6866.5327,482.1572,-5851.543890091009,3238.5630176479845,1523.2364633762602,4997.331060641586,4444.720304730714,1523.2364633762602,12.9084,41.6505,4
2594,STARLINK-36511,satellite,0,32,42.9819,137.1249,97.5806,182.4667,280.0473,6858.7349,494.9206,2486.442605048568,4437.902147644693,-4607.476133411196,3360.8985334335002,-3818.603586160082,-4607.476133411196,-42.3461,-48.6478,8
2595,STARLINK-36524,satellite,0,32,42.9905,137.2582,100.1671,137.4595,237.6266,6861.0498,490.831,5575.380391639221,619.7025102597975,-3951.72656425294,-1266.1647627735315,-5464.954208976325,-3951.72656425294,-35.3309,-103.0446,4
2596,STARLINK-36518,satellite,0,32,43.0239,136.9296,16.0565,334.6627,350.7192,6867.3216,483.4828,-4394.269737249035,5215.2289696547,-755.0081871328944,6378.179087285993,2413.9285946638834,-755.0081871328944,-6.3567,20.73,4
2597,STARLINK-36517,satellite,0,32,43.0026,137.0227,53.1887,262.106,315.2947,6863.1188,490.2474,-1161.84584896354,5908.75759536716,-3292.957396161114,5959.390989032885,-865.4254083377557,-3292.957396161114,-28.8218,-8.2628,4
2598,STARLINK-36516,satellite,0,32,43.0014,136.5679,100.5341,38.8389,139.3731,6863.809,483.4084,1534.4691812580677,-5949.355887094295,3045.2103809999576,-6121.378359615158,527.406975655038,3045.2103809999576,26.5072,175.0757,4
2599,STARLINK-36493,satellite,0,32,42.9872,136.6249,83.3182,34.859,118.1771,6860.492,485.5237,-682.9391062394475,-5436.691162481298,4120.622331881862,-4901.72135916216,2448.9067634695402,4120.622331881862,37.1157,153.4532,6
2600,STARLINK-36529,satellite,0,32,43.018,136.9717,9.0429,327.4988,336.5417,6866.1534,485.4774,-3238.850402465482,5755.370088251641,-1863.6053730512006,6504.155597225043,1144.725621875686,-1863.6053730512006,-15.8521,9.9818,4
2601,STARLINK-36528,satellite,0,32,43.0039,136.4282,161.6716,55.5383,217.2099,6864.1787,488.3701,6051.97254815624,-1568.3903739188765,-2830.647035291848,-3488.3919194599016,-5188.192547013362,-2830.647035291848,-24.494,-123.9158,4
2602,STARLINK-36546,satellite,0,32,42.9837,137.1849,82.9372,175.7583,258.6956,6858.9424,494.7035,4332.992502790887,2697.2131351739527,-4588.521271044816,1105.9537019169718,-4982.634758339515,-4588.521271044816,-42.1339,-77.4854,12
2603,STARLINK-36523,satellite,0,32,42.989,137.0692,104.7061,189.4896,294.1956,6859.9699,493.4319,1059.4879122645737,5268.825175769557,-4268.663762982438,4618.379559137452,-2748.3819997953724,-4268.663762982438,-38.6333,-30.7567,4
2604,STARLINK-36522,satellite,0,32,42.9984,136.8337,86.5793,327.8487,54.4279,6861.4294,484.6317,-5699.311029772713,-246.29397149976742,3803.1866655518706,1659.5387108441407,5457.906027195393,3803.1866655518706,33.856,73.0875,5
2605,STARLINK-36504,satellite,0,32,42.9848,136.7575,95.9935,339.7011,75.6946,6858.9562,486.4272,-4562.9700985009895,-2379.38444186748,4528.983056361671,-729.8061841470236,5094.070020680508,4528.983056361671,41.5279,98.153,4
2606,STARLINK-36505,satellite,0,32,42.9793,136.6873,81.7855,15.1487,96.9341,6858.5889,486.8119,-2812.98080574375,-4190.203849415383,4639.1969324937045,-3018.851915755959,4044.403840354574,4639.1969324937045,42.7682,126.7387,7
2607,STARLINK-36421,satellite,0,32,43.0168,136.4761,163.4792,32.4494,195.9286,6866.7094,484.3255,5732.48840188299,-3545.589473721735,-1284.69091842698,-5247.428475533249,-4230.499070801478,-1284.69091842698,-10.8569,-141.1241,4
2608,STARLINK-36437,satellite,0,32,43.0092,136.5297,113.0199,40.418,153.4379,6865.8614,483.0759,2909.4763170525976,-5848.632136987663,2092.1952328009875,-6482.794882216276,-803.0696286159034,2092.1952328009875,17.8635,-172.9383,9
2609,STARLINK-36520,satellite,0,32,42.9813,137.1388,91.7627,181.209,272.9717,6858.5244,495.3511,3150.144363824718,3917.6555144554686,-4672.9967533634135,2649.837252275855,-4271.978087412333,-4672.9967533634135,-43.0876,-58.1894,13
2610,STARLINK-36425,satellite,0,32,42.9975,137.0363,90.0604,218.1946,308.255,6862.0256,491.5465,-423.2705179016142,5780.917920185619,-3675.579510494595,5593.632432638355,-1519.6861978001414,-3675.579510494595,-32.5412,-15.1993,4
2611,STARLINK-36414,satellite,0,32,43.0163,136.4905,138.8801,35.9111,174.7912,6867.4713,482.5051,4641.619842983375,-5034.094021852523,424.90297123546475,-6289.421871490077,-2707.380636344026,424.90297123546475,3.573,-156.7098,4
2612,STARLINK-36441,satellite,0,32,42.9848,137.081,104.6175,182.5212,287.1386,6859.2519,494.3183,1786.0185481606895,4890.797601530962,-4471.673506383098,4020.617416463028,-3308.2320087849344,-4471.673506383098,-40.8336,-39.4481,5
2613,STARLINK-36454,satellite,0,32,42.9989,136.5684,93.1927,39.1344,132.3271,6862.673,484.0204,804.0297038140974,-5866.516110638909,3457.151084740399,-5800.768794101727,1188.9307962942405,3457.151084740399,30.4342,168.417,4
2614,STARLINK-36334,satellite,0,32,42.9821,137.1966,74.1365,177.6267,251.7632,6859.2901,493.5644,4815.739012092147,2039.1929097533698,-4443.777227818692,324.998339616701,-5219.5810210227655,-4443.777227818692,-40.5316,-86.4371,10
2615,STARLINK-36269,satellite,0,32,43.0091,136.9676,28.4182,301.0118,329.43,6865.3497,487.8605,-2577.7379422876274,5898.506490061081,-2381.036151262174,6419.721816077452,473.5858069887357,-2381.036151262174,-20.4154,4.2191,4
2616,STARLINK-36408,satellite,0,32,43.0218,136.9037,44.6907,327.195,11.8857,6867.1543,482.3112,-5607.5790265922415,3832.195224138742,963.9846401588122,5476.319898151397,4017.534461395453,963.9846401588122,8.128,36.2645,4
2617,STARLINK-36551,satellite,0,62,42.9862,246.3724,75.7537,173.0837,248.8375,6859.7336,493.9465,-3296.5413579665014,4146.623466080519,-4364.033228384539,5005.778202574491,1733.1634893636983,-4364.033228384539,-39.6577,19.0975,4
2618,STARLINK-36396,satellite,0,62,43.0213,246.1042,22.5591,332.3264,354.8856,6867.4305,483.0081,-3177.01215852667,-6066.85073142569,-417.29724478493523,-4668.2504534299005,5010.740639554023,-417.29724478493523,-3.5087,132.9734,2
2619,STARLINK-36550,satellite,0,62,42.9874,246.2348,105.9529,185.3242,291.2772,6859.7155,493.7719,-5285.238933000454,-394.04962920791905,-4360.643691822654,1382.7112153201588,5116.359583161697,-4360.643691822654,-39.6221,74.8769,3
2620,STARLINK-36534,satellite,0,62,43.0081,246.1305,16.845,309.7862,326.6312,6864.7994,488.1249,-4843.76904873531,-4124.539136690226,-2574.9064111415446,-2282.7971041183537,5938.24545375184,-2574.9064111415446,-22.1596,111.0279,7
2621,STARLINK-36555,satellite,0,62,42.9979,246.1684,62.3457,250.1568,312.5026,6862.6182,490.3425,-5258.595161996559,-2746.2557737472966,-3450.620637237564,-844.9648050648467,5872.033577119234,-3450.620637237564,-30.3398,98.1885,4
2622,STARLINK-36081,satellite,0,62,43.0182,246.1022,20.8728,326.9483,347.8211,6867.1424,484.0722,-3684.83613063683,-5703.5479321052735,-987.5889079573395,-4156.97711406154,5369.172896884355,-987.5889079573395,-8.3262,127.7481,2
2623,STARLINK-36558,satellite,0,62,43.0212,246.0738,38.5498,330.4819,9.0317,6867.2651,482.204,-2028.0135211730092,-6512.159721226145,734.7346523334772,-5469.715880395633,4074.7111878719156,734.7346523334772,6.1865,143.3154,4
2624,STARLINK-36557,satellite,0,62,43.0105,246.0241,65.5304,324.7246,30.255,6865.2353,482.9153,-98.51499180632909,-6439.959284276101,2357.214863924069,-6042.099967249195,2230.6520958033416,2357.214863924069,20.2177,159.7366,5
2625,STARLINK-36433,satellite,0,62,42.9933,245.9747,86.8313,324.5382,51.3696,6862.0725,484.7712,1835.6504095775258,-5504.957168844767,3652.6448041836675,-5802.153977958182,95.78660168091416,3652.6448041836675,32.3497,179.0542,4
2626,STARLINK-36552,satellite,0,62,42.9855,245.7933,82.5864,25.621,108.2074,6859.4483,486.3271,5223.293004495376,0.3710745199136654,4440.121144746637,-1733.5047232796178,-4927.245815146012,4440.121144746637,40.5431,-109.3829,104
2627,STARLINK-36512,satellite,0,62,43.0141,245.6899,116.4069,34.2842,150.6911,6865.4712,482.7015,4699.188582479917,4439.642313971924,2290.2966142125792,2628.0263542891607,-5906.460419818389,2290.2966142125792,19.6208,-66.0138,16
2628,STARLINK-36545,satellite,0,62,43.0236,245.6554,141.0797,30.8201,171.8997,6867.36,482.5512,3443.712982071245,5896.789521644835,659.5694053120735,4419.301576328938,-5205.867780007759,659.5694053120735,5.5513,-49.6718,6
2629,STARLINK-36553,satellite,0,62,43.0199,245.6215,165.8212,27.2975,193.1188,6867.0665,483.8953,1721.1678664573608,6556.605021999053,-1062.5111715084306,5613.4974459912155,-3800.017718758519,-1062.5111715084306,-8.963,-34.0958,8
2630,STARLINK-36521,satellite,0,62,43.0158,245.5972,177.1637,30.0145,207.1783,6865.5736,485.8116,435.04925766095624,6505.70041945893,-2138.169213943095,5992.40202723974,-2569.9267982322976,-2138.169213943095,-18.2619,-23.2128,7
2631,STARLINK-36526,satellite,0,62,43.0014,245.5514,104.7242,123.7476,228.4718,6862.4698,490.5828,-1537.425418582037,5697.341624748547,-3504.157923742639,5884.635084838263,-440.96306544327626,-3504.157923742639,-30.8594,-4.2854,3
2632,STARLINK-36541,satellite,0,62,42.9843,246.3597,76.8914,179.025,255.9165,6859.068,494.8272,-3791.654791059725,3482.8673681679975,-4538.924120466973,4544.009561054589,2420.534707014161,-4538.924120466973,-41.5767,28.0436,4
2633,STARLINK-36549,satellite,0,62,43.0096,245.5544,165.3255,56.1163,221.4418,6863.5445,488.8563,-894.7065140933861,6057.712116441984,-3098.2512334161474,6011.2234989110475,-1166.8624075651705,-3098.2512334161474,-26.9821,-10.9853,3
2634,STARLINK-36540,satellite,0,62,42.9822,246.2848,94.8449,182.286,277.1309,6858.6503,495.0137,-4904.099201243892,1223.7262803148462,-4643.031233275933,2782.2381735015956,4219.815840849538,-4643.031233275933,-42.7485,56.6021,4
2635,STARLINK-36538,satellite,0,62,42.9929,246.1783,96.7583,208.6592,305.4176,6861.5834,491.8836,-5349.132858627395,-1986.2950757085955,-3814.132850301608,-98.04159549315982,5705.171190471383,-3814.132850301608,-33.9256,90.9845,4
2636,STARLINK-36531,satellite,0,62,43.0214,246.0662,32.929,329.0398,1.9688,6867.5256,482.5997,-2624.120164262032,-6337.008679021566,160.81384594772663,-5106.620606508368,4578.876676180017,160.81384594772663,1.3515,138.1189,3
2637,STARLINK-36530,satellite,0,62,43.0205,246.0378,51.0514,332.149,23.2005,6866.0885,482.6813,-755.1686176690387,-6563.564654322201,1843.6054822101667,-5940.722695169083,2891.1026394237338,1843.6054822101667,15.6843,154.0497,5
2638,STARLINK-36543,satellite,0,62,43.0001,245.9938,82.0496,322.3746,44.4243,6863.1224,484.1173,1214.3684255559529,-5901.92027238043,3273.543023050914,-5970.376049676165,813.6113322561135,3273.543023050914,28.6645,172.2398,4
2639,STARLINK-36537,satellite,0,62,42.9831,245.813,80.3529,20.7476,101.1005,6858.8274,487.251,5030.307444606608,-812.3652822888785,4586.715175301497,-2436.0965113095335,-4475.417760021793,4586.715175301497,42.1699,-118.5607,73
2640,STARLINK-36544,satellite,0,62,42.9883,245.9311,100.1919,325.4808,65.6727,6860.0458,486.3662,3020.735210647302,-4442.636533951557,4259.807851765175,-5193.453848277918,-1374.7355059984416,4259.807851765175,38.5857,-165.1735,4
2641,STARLINK-36412,satellite,0,62,43.0207,245.6586,132.5911,32.2209,164.812,6866.8555,482.1306,3925.6654983483536,5489.960235150272,1226.1089016018077,3875.557725848293,-5525.4470680725435,1226.1089016018077,10.3597,-54.9541,8
2642,STARLINK-36415,satellite,0,62,43.0249,245.6243,162.9379,23.1255,186.0634,6867.3738,483.1228,2333.2831219886725,6433.243304665287,-494.4952988488369,5293.940940837179,-4336.475395906901,-494.4952988488369,-4.1588,-39.3223,8
2643,STARLINK-36547,satellite,0,62,43.0101,245.698,106.8931,36.7063,143.5995,6864.3471,483.5701,4984.054439129169,3806.1782714697115,2776.1437783215633,1935.9206190960665,-5964.897571875819,2776.1437783215633,24.0108,-72.019,50
2644,STARLINK-36444,satellite,0,62,42.9958,245.751,90.2967,31.9494,122.2461,6861.2827,486.3647,5370.343222060976,1593.8008185248339,3955.0833961799926,-279.23822162135104,-5594.891722585205,3955.0833961799926,35.3919,-92.8572,123
2645,STARLINK-36548,satellite,0,0,43.0011,71.6999,38.0048,278.5647,316.5694,6858.8041,485.1349,4837.85507986743,3646.081205810374,-3215.7445432120635,1833.4317444524934,-5773.844297484702,-3215.7445432120635,-28.1091,-72.3832,12
2646,STARLINK-36601,satellite,0,0,42.9912,71.4841,95.3873,323.2692,58.6565,6861.0647,484.9717,-2928.7198144827976,4741.6986140694935,3992.6624885155793,5445.014350755692,1188.6648890571637,3992.6624885155793,35.7872,12.3147,15
2647,STARLINK-36119,satellite,0,0,43.0167,71.5932,51.369,324.8211,16.1901,6867.0544,482.3764,753.2305852913437,6692.235053364335,1304.8430486834427,6062.740568203362,-2931.986208486979,1304.8430486834427,11.0325,-25.8088,4
2648,STARLINK-36607,satellite,0,0,42.9877,71.0304,76.5397,168.9269,245.4666,6857.825,491.1008,3391.6933425247666,-4178.284999215865,-4255.7599133340545,-5067.229853377357,-1812.4102398299447,-4255.7599133340545,-38.5108,-160.3193,4
2649,STARLINK-36615,satellite,0,0,43.0084,71.6515,14.382,312.3508,326.7328,6865.0431,487.9916,4419.4332244225925,4580.040079144093,-2567.937087436357,2853.327168265176,-5689.172279210425,-2567.937087436357,-22.097,-63.3646,13
2650,STARLINK-36614,satellite,0,0,42.9835,71.4526,102.7904,330.0712,72.8615,6859.5146,486.8297,-3901.135079488286,3439.8729302323227,4466.689381887278,4539.794605175216,2538.079121576234,4466.689381887278,40.8326,29.2084,10
2651,STARLINK-36600,satellite,0,0,43.0071,71.5642,73.3762,321.2327,34.6089,6855.6775,473.9508,-915.9842462860922,6247.234107855839,2653.3002082657717,6197.062315665066,-1209.702357427469,2653.3002082657717,22.9215,-11.0456,5
2652,STARLINK-36438,satellite,0,0,42.9816,71.4348,100.3736,338.1508,78.5244,6856.6283,484.4625,-4223.502810759406,2856.761215897493,4578.749685615367,4096.755299918163,3035.730002773826,4578.749685615367,42.1011,36.5388,8
2653,STARLINK-36532,satellite,0,0,43.0179,71.1871,130.3208,34.8696,165.1904,6864.6185,480.0501,-3351.045536959014,-5862.273709434473,1195.8312854160768,-4417.503524953142,5106.9973411121055,1195.8312854160768,10.1043,130.8595,6
2654,STARLINK-36367,satellite,0,0,43.0202,71.1798,141.957,32.612,174.5691,6865.2057,480.169,-2651.7182746490075,-6309.310817628492,442.8542650406232,-5071.332164001973,4595.715709648552,442.8542650406232,3.7255,137.8167,5
2655,STARLINK-36416,satellite,0,0,42.9801,71.3899,94.8168,355.8245,90.6414,6856.3741,484.5384,-4775.426237759696,1527.1082746022796,4671.501307514376,3025.705285363862,3997.7322272463007,4671.501307514376,43.1551,52.8795,4
2656,STARLINK-36527,satellite,0,0,43.0188,72.0166,159.3445,35.9983,195.3428,6864.5796,482.4892,-780.2305745881107,-6701.968667170768,-1238.3232111226293,-6062.959711385618,2960.6862892538343,-1238.3232111226293,-10.4635,153.9727,7
2657,STARLINK-36633,satellite,0,0,43.0188,71.622,16.1746,333.0842,349.2588,6864.8283,481.5861,3011.771867344249,6100.784433708951,-872.1785924552788,4755.11101768944,-4866.133957975285,-872.1785924552788,-7.3503,-45.6611,12
2658,STARLINK-36637,satellite,0,0,42.9874,71.3075,83.7603,31.6834,115.4437,6860.5893,486.1073,-5233.964548261034,-1338.7449746081516,4221.336768283397,474.56148021319,5381.581031721977,4221.336768283397,38.1767,84.9605,4
2659,STARLINK-36617,satellite,0,0,43.0191,72.0194,157.2314,36.6922,193.9236,6864.6277,482.1588,-907.4538961924645,-6705.525077521204,-1126.133600628792,-6024.08310782041,3081.876352005939,-1126.133600628792,-9.5069,152.9061,6
2660,STARLINK-36627,satellite,0,0,43.0003,71.2542,100.3193,35.1192,135.4386,6860.8821,481.5159,-4900.613383543215,-3494.4455378566417,3280.286405929224,-1669.5616887277054,5782.709133230009,3280.286405929224,28.7409,106.1043,4
2661,STARLINK-36624,satellite,0,0,42.9989,71.0756,114.5606,113.3154,227.876,6860.2123,488.3406,2028.0783646564037,-5560.217117368381,-3470.451687942022,-5918.15640557695,-67.38697642909572,-3470.451687942022,-30.5423,-179.3476,8
2662,STARLINK-36610,satellite,0,0,42.9988,71.255,96.5495,36.1499,132.6993,6860.3577,481.7304,-4982.641263853556,-3217.842670336735,3435.4956484147647,-1381.413832662762,5768.268478341139,3435.4956484147647,30.2351,103.4678,4
2663,STARLINK-36599,satellite,0,0,42.9896,71.7201,107.812,190.6915,298.5035,6860.7377,493.1631,5216.725878286439,1726.2350921669688,-4112.770266648399,-103.32044920574764,-5493.945883187061,-4112.770266648399,-36.9852,-91.0774,9
2664,STARLINK-36595,satellite,0,0,42.9809,71.3659,88.9574,5.2044,94.1617,6858.8997,487.2453,-4898.859658822714,1126.8552689171702,4661.421958907607,2689.120678776351,4247.029400522723,4661.421958907607,43.0185,57.659,4
2665,STARLINK-36570,satellite,0,0,43.0035,71.2375,100.7167,39.0648,139.7815,6861.4375,481.2324,-4748.757621453961,-3915.184782594321,3019.0206669990275,-2116.852256386281,5779.126867772288,3019.0206669990275,26.271,110.1174,5
2666,STARLINK-36514,satellite,0,0,42.9938,71.6986,98.8047,206.3344,305.1392,6859.1601,489.5039,5136.19583792469,2460.545604849069,-3825.9793042564993,616.0849796764217,-5661.73397969863,-3825.9793042564993,-34.0586,-83.7898,11
2667,STARLINK-36556,satellite,0,0,43.0107,71.649,10.6025,320.509,331.1115,6863.2613,484.5719,4191.384889266883,4938.206056814124,-2260.7935291313565,3266.8843601990316,-5592.94671229911,-2260.7935291313565,-19.3526,-59.7105,13
2668,STARLINK-36623,satellite,0,0,43.0194,71.1576,157.9857,30.9924,188.9781,6862.1153,477.6029,-1446.6987806431193,-6661.241737225216,-729.8989400675466,-5803.3101671354825,3575.8453472832744,-729.8989400675466,-6.1498,148.3597,5
2669,STARLINK-36619,satellite,0,0,43.0163,71.1403,163.6292,35.764,199.3932,6864.3493,483.0464,-515.6391213765752,-6661.828142251236,-1553.9877961349193,-6112.925482135543,2697.773146549302,-1553.9877961349193,-13.1718,156.187,7
2670,STARLINK-1184,satellite,2,158,53.0725,190.6663,134.6653,37.8575,172.5228,6917.8884,531.0117,6831.787942599806,737.057158075254,718.7102592880594,-1572.5246521909437,-6689.076615286584,718.7102592880594,6.0079,-103.2294,10
2671,STARLINK-1451,satellite,2,131,53.034,11.3332,95.4047,350.9923,86.3971,6906.4568,539.325,-388.83903624491916,4147.821481112091,5505.216931140058,4041.706163788201,-1010.0644142227945,5505.216931140058,53.0544,-14.0314,14
2672,STARLINK-1522,satellite,2,147,53.0716,71.8748,83.7497,310.2176,33.9673,6918.2307,537.5966,-421.7496945048396,6169.394237993623,3086.8875128730206,5959.576593026625,-1650.074210589635,3086.8875128730206,26.67,-15.4762,6
2673,STARLINK-1536,satellite,2,159,53.0395,42.2393,78.7473,175.5849,254.3322,6920.4272,565.5812,1311.5764228850549,-4228.929541574279,-5332.466392616865,-4424.514856806935,166.57149384663992,-5332.466392616865,-50.4701,177.844,9
2674,STARLINK-1542,satellite,2,159,53.0442,42.2101,106.3435,187.9526,294.2962,6921.5944,564.1526,4663.81512902444,-897.0355574496838,-5047.953743247524,-2394.3099189949608,-4101.600219530014,-5047.953743247524,-46.9224,-120.2743,4
2675,STARLINK-1549,satellite,2,159,53.073,42.2391,63.7729,310.4572,14.2301,6930.989,547.0743,4281.696125631375,5269.030888290886,1360.6827670917592,3548.97229751731,-5787.9533382245645,1360.6827670917592,11.4012,-58.4848,9
2676,STARLINK-1551,satellite,2,159,53.0496,42.2495,71.5252,162.8443,234.3695,6923.6442,561.379,-711.8595621169595,-5221.078874157051,-4501.667128021168,-4688.734636816576,2404.615593366837,-4501.667128021168,-40.6822,152.849,18
2677,STARLINK-1552,satellite,2,159,53.0385,42.2232,75.9948,18.3428,94.3375,6919.5998,552.7367,-3174.4941157859557,2719.6277710863383,5511.344773136014,3619.182624146912,2091.723030780312,5511.344773136014,52.9913,30.026,8
2678,STARLINK-1566,satellite,3,184,53.074,42.2226,49.2143,304.98,354.1943,6931.5658,548.9366,5386.254290128833,4319.364150918525,-560.1434990509902,2286.499006649766,-6514.6422955340395,-560.1434990509902,-4.6669,-70.66,5
2679,STARLINK-1578,satellite,2,159,53.037,42.2234,93.2681,181.0352,274.3032,6919.6111,566.5264,3177.987024201525,-2728.0700285847524,-5522.471992658725,-3628.3056493859003,-2092.215505508464,-5522.471992658725,-52.9929,-150.0307,4
2680,STARLINK-1579,satellite,2,159,53.0389,42.2272,119.7079,319.724,79.4319,6919.9548,552.5216,-1808.4687567232186,3880.2833480826725,5433.584464386127,4260.579305977361,417.8780718453262,5433.584464386127,51.9381,5.6017,19
2681,STARLINK-2049,satellite,2,115,53.0665,337.2067,101.9103,49.9992,151.9094,6929.0128,547.275,-4871.269714111567,4171.526530609796,2605.4398704224536,5551.995062729346,3210.335348001975,2605.4398704224536,22.2335,30.0378,4
2682,STARLINK-2055,satellite,2,115,53.036,337.2126,72.4266,24.551,96.9776,6919.6984,552.3891,824.318564161959,4131.7278078483805,5485.885704123131,3623.821397094934,-2149.091495336236,5485.885704123131,52.6467,-30.6699,9
2683,STARLINK-2071,satellite,2,115,53.0494,337.2499,105.1401,306.6303,51.7703,6924.1731,549.7339,5212.2595571691645,1357.3585271703341,4343.766510918227,-449.79845080734185,-5367.285460662087,4343.766510918227,39.0586,-94.7904,117
2684,STARLINK-2088,satellite,3,187,53.0732,7.2316,132.3115,56.249,188.5605,6930.5678,548.5063,-6716.718766411955,-1476.6738978426713,-824.1948611963193,836.6487177325643,6826.045393253466,-824.1948611963193,-6.876,83.0123,3
2685,STARLINK-2097,satellite,2,181,53.0498,7.2034,74.1291,52.8355,126.9646,6923.8964,549.8471,-4544.5662873709125,2775.3602899348757,4418.166871109562,4126.5459111414275,3365.609353816572,4418.166871109562,39.8567,39.2007,5
2686,STARLINK-2104,satellite,2,115,53.037,337.4668,87.1302,4.5773,91.7074,6919.5376,552.549,1402.8091633332,3918.9548923184193,5524.4119326846,3231.0850668721823,-2624.151346129573,5524.4119326846,53.1732,-39.0821,5
2687,STARLINK-2105,satellite,2,115,53.0399,337.2122,64.1042,47.7786,111.8828,6921.188,551.1939,-882.1063664497032,4556.9012239177555,5129.2334680872455,4591.328780435222,-680.5589145852516,5129.2334680872455,48.0339,-8.4314,16
2688,STARLINK-2106,satellite,2,115,53.0531,337.2049,105.9523,205.8086,311.7608,6924.9298,560.0124,3051.4615619780034,-4653.043814118729,-4131.583009040636,-5402.1301570432515,-1333.8756189021751,-4131.583009040636,-36.7636,-166.1302,6
2689,STARLINK-2109,satellite,2,181,53.0516,7.2025,110.8898,196.7438,307.6335,6923.5315,561.6422,4612.519184914845,-2742.779281599208,-4386.71047591566,-4118.369044739764,-3440.5243539476164,-4386.71047591566,-39.4374,-140.1243,4
2690,STARLINK-2111,satellite,2,181,53.0349,7.2252,104.7832,343.7509,88.5341,6918.5339,551.3652,-347.3525191213192,4146.571443691036,5523.956049850058,4026.7556942888655,-1048.7836233876292,5523.956049850058,53.18,-14.5986,13
2691,STARLINK-2112,satellite,2,115,53.059,337.2512,88.542,308.3203,36.8623,6927.3163,548.1672,6071.810001757691,159.8877819581994,3318.574433034663,-1864.695305787579,-5780.601371556251,3318.574433034663,28.8,-107.8786,71
2692,STARLINK-2123,satellite,3,186,53.0724,337.2225,47.637,304.0655,351.7025,6931.4321,549.271,6087.523391963563,-3207.563366474041,-799.1352434292228,-5046.4217585260085,-4677.609563946645,-799.1352434292228,-6.6653,-137.1721,0
2693,STARLINK-2134,satellite,2,115,53.0526,337.2047,79.7203,52.2291,131.9494,6924.9444,549.1372,-3065.834900678811,4643.9687978593165,4112.957460964409,5398.340892999745,1350.44638422926,4112.957460964409,36.6382,14.0448,13
2694,STARLINK-2135,satellite,2,115,53.0399,337.211,104.4646,187.3331,291.7977,6921.2037,564.361,873.9870338598993,-4564.009100260623,-5142.043612249236,-4595.338441578941,690.5773019465937,-5142.043612249236,-48.0712,171.4537,9
2695,STARLINK-2315,satellite,3,191,53.071,177.2366,133.863,58.009,191.8721,6931.252,550.0426,6812.813034421841,528.4505310805829,-1139.2727435132567,-1763.004240196917,-6601.931342784108,-1139.2727435132567,-9.5232,-104.9516,2
2696,STARLINK-2334,satellite,2,176,53.066,177.2088,101.2229,50.7983,152.0212,6928.9512,547.4604,6011.191871046475,-2246.910764919091,2595.969387850281,-4114.901940082445,-4924.491620416289,2595.969387850281,22.1478,-129.8821,12
2697,STARLINK-2338,satellite,2,176,53.0386,177.2387,123.5816,308.3353,71.917,6920.5933,552.0893,-2335.26816920836,-3846.064875876426,5254.632391095297,-2852.80138038764,3479.542604370076,5254.632391095297,49.6016,129.3476,6
2698,STARLINK-2373,satellite,2,176,53.0621,177.2489,81.9879,309.8213,31.8092,6928.3174,547.7932,-5980.932252756517,-1907.751688812019,2916.2793254172807,185.77194578858288,6275.074175050538,2916.2793254172807,25.0523,88.3043,4
2699,STARLINK-2379,satellite,3,191,53.0673,177.2041,64.9879,266.8589,331.8468,6928.9454,554.0823,-6006.27279379251,2260.164682703488,-2613.365488972707,4125.771464884828,4915.451869964179,-2613.365488972707,-22.2815,49.9917,1
2700,STARLINK-2381,satellite,2,176,53.0508,177.2499,69.0172,162.8817,231.8989,6924.1369,560.9651,4428.914780748447,3069.396349720332,-4358.558848863679,1425.1923589393537,-5196.663047266914,-4358.558848863679,-39.1409,-74.6636,12
2701,STARLINK-2386,satellite,2,176,53.0341,177.467,88.9938,182.6738,271.6677,6919.5226,566.0059,-17.385669746156278,4170.652793283071,-5535.062127234703,3939.9401875998446,-1368.0344665863179,-5535.062127234703,-53.1716,-19.1481,3
2702,STARLINK-2399,satellite,2,114,53.0697,197.2431,71.616,310.1671,21.783,6930.004,547.162,-5682.505869494924,-3380.061333165137,2053.7553489960633,-1302.1166671459919,6482.297413567428,2053.7553489960633,17.3565,101.358,4
2703,STARLINK-2408,satellite,3,190,53.0734,197.2065,46.6917,300.2322,346.9238,6931.079,550.2537,-6724.602357688394,-1096.6644782464177,-1252.9617611826327,1197.7278328873417,6707.3391061733855,-1252.9617611826327,-10.4832,79.8754,4
2704,STARLINK-2409,satellite,2,114,53.0563,197.2491,94.5587,307.2387,41.7974,6926.2821,548.8208,-4105.414708945752,-4177.651695831526,3686.630086274263,-2577.992352733603,5259.387707077623,3686.630086274263,32.3468,116.1127,5
2705,STARLINK-2420,satellite,3,188,53.0621,182.2045,84.0872,240.2694,324.3566,6927.5177,556.124,-5720.591661939748,2208.3057918241775,-3227.6378405429955,3982.0221664827127,4663.183772756452,-3227.6378405429955,-27.9065,49.5051,4
2706,STARLINK-2423,satellite,2,114,53.0445,197.2456,117.6119,304.2275,61.8394,6922.2027,551.348,-2031.3085451345055,-4470.391364509772,4874.405504109325,-3542.6257905559005,3400.061156142369,4874.405504109325,44.9672,136.1764,7
2707,STARLINK-2427,satellite,3,191,53.063,177.2474,105.9251,106.0033,211.9284,6928.3299,555.1071,5980.02707347065,1917.2737470073369,-2929.1711932635417,-176.4893346339886,-6277.381136681598,-2929.1711932635417,-25.142,-91.6105,2
2708,STARLINK-2432,satellite,2,176,53.0414,177.2114,104.6239,187.124,291.7479,6921.2565,564.3763,-2376.6492328190093,3990.759616763268,-5143.939471731266,4553.396987180222,917.1694346116036,-5143.939471731266,-48.0945,11.3884,4
2709,STARLINK-2433,satellite,2,176,53.0538,177.2003,107.3371,204.5101,311.8472,6924.9216,559.9473,-4466.559470347649,3325.253204665077,-4126.03076619241,4619.364777658067,3109.4905415871062,-4126.03076619241,-36.7066,33.9462,4
2710,STARLINK-2453,satellite,2,114,53.0379,197.2332,114.9046,326.9642,81.8689,6919.7443,552.7658,285.4021520043148,-4222.59760648348,5471.7478529523905,-4077.9068146308027,1132.457922324875,5471.7478529523905,52.4504,164.4797,4
2711,STARLINK-2567,satellite,2,183,53.0528,352.2013,107.7891,201.8556,309.6447,6924.089,559.3734,3945.034538128605,-3777.4561622525903,-4264.265912559889,-4872.808523495635,-2467.429767615674,-4264.265912559889,-38.1519,-153.1438,4
2712,STARLINK-2565,satellite,3,184,53.0763,42.2226,123.4119,51.1146,174.5265,6931.5849,547.5268,-5371.944343920811,-4338.940622577899,528.1065710663205,-2309.7155952830963,6507.642094441391,528.1065710663205,4.4004,109.541,2
2713,STARLINK-2524,satellite,2,116,53.0381,37.235,113.4927,328.331,81.8237,6919.7719,552.4461,-1707.8556797304443,3872.9789115489357,5470.894844821405,4220.29086789763,325.394625693461,5470.894844821405,52.4422,4.4089,19
2714,STARLINK-2519,satellite,2,116,53.0709,37.7926,111.6814,49.8766,161.5581,6930.49,546.9986,-5996.850998304541,-2985.0820492824982,1750.8704766077108,-825.187617583453,6647.706531774828,1750.8704766077108,14.7348,97.076,4
2715,STARLINK-2523,satellite,2,116,53.0478,37.2068,68.2893,53.6521,121.9414,6922.9415,550.5337,-5049.622585262085,597.6622602524965,4691.916282584523,2239.979144167611,4564.907651268884,4691.916282584523,42.875,63.863,4
2716,STARLINK-2506,satellite,2,116,53.0482,37.2061,107.9241,193.8571,301.7811,6922.9137,562.399,5048.833867594672,-613.5765428069517,-4708.14407569192,-2254.729245281719,-4558.880962135909,-4708.14407569192,-42.9671,-116.3161,4
2717,STARLINK-2507,satellite,3,185,53.0601,37.2037,90.8348,230.8758,321.7107,6927.0004,556.9568,5892.588535836925,1233.3989455044348,-3432.0085527484675,-792.5622390195491,-5967.890557703662,-3432.0085527484675,-29.8388,-97.5649,1
2718,STARLINK-2581,satellite,2,122,53.0373,237.667,117.1852,324.3689,81.5541,6919.7737,552.7915,2933.0550479338604,-3059.0200622691877,5467.362163438316,-3859.185848869227,-1751.3138609236187,5467.362163438316,52.3906,-155.5913,8
2719,STARLINK-2680,satellite,2,137,53.0457,92.6433,111.6956,307.3285,59.0241,6922.7504,550.7166,-3726.654136353387,3392.6869255895817,4740.400182441385,4437.365764879677,2389.154807822235,4740.400182441385,43.4241,28.2988,10
2720,STARLINK-2722,satellite,2,148,53.0782,136.9505,52.8365,313.852,6.6885,6924.6331,540.0459,-5351.433982464106,4336.575847826282,644.1602851541802,5867.07471205671,3608.485842533757,644.1602851541802,5.3757,31.5932,4
2721,STARLINK-2145,satellite,2,121,53.0363,87.2297,102.527,344.2956,86.8227,6919.5775,552.9244,-4129.736400020209,583.689108265362,5518.641330885024,1921.4451330745376,3701.8190541061917,5518.641330885024,53.0896,62.5682,4
2722,STARLINK-2214,satellite,2,121,53.0388,87.1845,55.3397,51.53,106.8697,6920.5833,552.3106,-4074.370622964047,-1809.6084543586778,5289.8436985888175,-354.52652052364743,4444.039792531592,5289.8436985888175,50.051,94.5612,4
2723,STARLINK-2220,satellite,2,121,53.0423,87.2438,74.0036,173.0226,247.0262,6921.2808,564.2213,3701.9193476242294,-2886.498314432888,-5098.956130823728,-3951.6683525101466,-2533.8501548647755,-5098.956130823728,-47.5425,-147.3316,4
2724,STARLINK-2222,satellite,2,121,53.0543,87.251,74.7477,152.2111,226.9588,6925.1716,559.3603,2814.0043150346137,-4870.585512174224,-4047.9828677620917,-5528.513694675577,-1037.6703928605998,-4047.9828677620917,-35.908,-169.3696,7
2725,STARLINK-2235,satellite,2,159,53.0445,42.2194,65.314,49.0555,114.3695,6921.6074,551.054,-4659.637171578827,887.5152998946394,5035.529600651034,2383.942618545478,4100.819377854716,5035.529600651034,46.8878,59.8291,4
2726,STARLINK-2236,satellite,2,159,53.0594,42.4036,88.8215,131.2874,220.1089,6925.6836,556.4051,-2104.0031904278126,-5554.5570415027305,-3567.783030502918,-4541.186524102735,3828.5190747788756,-3567.783030502918,-31.1483,139.8669,15
2727,STARLINK-2237,satellite,3,189,53.073,87.2321,131.6395,55.3298,186.9694,6931.5234,549.2406,172.36272216951616,-6892.355944229097,-671.9232434733848,-6558.761857625184,2125.3052168817767,-671.9232434733848,-5.6006,162.0456,0
2728,STARLINK-2241,satellite,2,121,53.0499,87.2052,108.2108,198.5562,306.767,6923.8933,561.052,3535.5786086240314,3980.6163939923863,-4436.760132224092,2581.284516724999,-4656.457152986225,-4436.760132224092,-39.9799,-60.9984,14
2729,STARLINK-2249,satellite,2,121,53.0722,87.4412,49.6309,302.4707,352.1016,6922.4504,540.6495,876.581213407752,6820.558773595717,-760.0022185474255,6142.842265206989,-3090.939260574298,-760.0022185474255,-6.3455,-26.7105,7
2730,STARLINK-2252,satellite,2,121,53.0727,87.2173,117.9837,48.941,166.9246,6931.0841,547.0402,-1267.5264116775863,-6691.300143347137,1252.289614942973,-5891.13987861521,3416.8101707948663,1252.289614942973,10.4825,149.8866,5
2731,STARLINK-2757,satellite,2,121,53.0486,87.2043,73.3585,53.5603,126.9188,6923.911,549.9985,-3524.2343174035946,-3989.2053817853334,4420.845292701997,-2593.1521928136126,4648.607190001776,4420.845292701997,39.8846,119.1543,6
2732,STARLINK-3075,satellite,2,152,53.2132,174.707,72.0571,55.4563,127.5133,6916.4812,542.7017,3888.3123161474277,-3657.6237235122635,4391.027952923811,-4740.9420523758245,-2453.7017803143885,4391.027952923811,39.6133,-152.6359,4
2733,STARLINK-3147,satellite,2,152,53.2306,174.723,114.0182,48.2804,162.2986,6923.0697,539.5479,6445.246041657287,-1859.4895077546016,1684.5895094373107,-3893.5310238604757,-5462.537316411154,1684.5895094373107,14.181,-125.4801,4
2734,STARLINK-3162,satellite,2,130,53.2295,164.7467,128.0034,74.4282,202.4316,6922.4423,544.935,6587.934409515952,-157.86529207564095,-2115.5026332521948,-2335.7569755048285,-6161.983494452656,-2115.5026332521948,-17.9014,-110.7597,4
2735,STARLINK-3157,satellite,2,130,53.2198,164.7611,93.8095,123.4497,217.2592,6919.7202,549.0839,5975.215430182295,972.9112973418132,-3356.598717330448,-1065.707479165184,-5959.36434516596,-3356.598717330448,-29.1567,-100.139,4
2736,STARLINK-3146,satellite,2,152,53.2335,174.7331,132.4786,54.9817,187.4603,6923.9717,541.7086,6881.435246229353,-94.31568638555228,-719.7224733904951,-2373.237377420253,-6459.937371767737,-719.7224733904951,-6.007,-110.1722,3
2737,STARLINK-3159,satellite,2,130,53.205,164.7484,72.1247,170.2761,242.4008,6914.6263,555.6829,4061.028998589864,2701.6004704054194,-4913.0121831307815,1200.3696486878034,-4727.548448783122,-4913.0121831307815,-45.3844,-75.7531,11
2738,STARLINK-3133,satellite,2,152,53.2154,174.7525,72.6491,154.6903,227.3393,6917.6469,552.2005,4950.482957484616,2606.6720287990256,-4077.3146720264017,815.5725389244509,-5535.057543677499,-4077.3146720264017,-36.252,-81.618,11
2739,STARLINK-3154,satellite,2,130,53.2,164.388,107.9562,334.5672,82.5234,6912.269,545.5923,-1970.5239564318665,-3710.793008866026,5486.191592196836,-2846.2753077073166,3090.5770157458446,5486.191592196836,52.7247,132.6436,6
2740,STARLINK-3111,satellite,2,152,53.2027,174.7455,74.3285,173.0667,247.3952,6913.8207,556.8735,3000.5471030119097,3568.583987441278,-5118.008683080884,2370.2170396015413,-4014.9901342342005,-5118.008683080884,-47.8432,-59.4449,9
2741,STARLINK-3120,satellite,2,152,53.2119,174.7081,108.2598,199.0274,307.2872,6916.4831,553.2584,-3871.7513295219724,3671.097484523996,-4410.921213321299,4748.154461755462,2433.607262038244,-4410.921213321299,-39.755,27.1368,4
2742,STARLINK-3110,satellite,2,152,53.1995,174.7323,87.4918,179.8589,267.3506,6912.0012,558.9444,699.027376071999,4096.00202577465,-5537.8050276089425,3631.7113264643012,-2019.0454945045312,-5537.8050276089425,-53.2874,-29.0718,4
2743,STARLINK-3112,satellite,2,152,53.1991,174.5334,105.6462,341.8002,87.4464,6912.0356,545.4732,-700.4000816215197,-4087.0354157087986,5527.418803954401,-3622.7974747139815,2017.3639286949249,5527.418803954401,53.2932,150.8886,6
2744,STARLINK-3161,satellite,2,152,53.2094,175.0265,66.0642,55.9592,122.0233,6915.3975,543.4178,3346.959648172305,-3813.999088707885,4692.812513224646,-4708.750426014882,-1891.136526182848,4692.812513224646,42.9399,-158.1185,4
2745,STARLINK-3135,satellite,2,152,53.2257,174.7103,74.7026,252.5324,327.235,6920.6599,547.7563,-5589.032353756217,2769.695583920963,-3000.6081164726133,4467.909444672802,4352.732644342933,-3000.6081164726133,-25.8284,44.2519,4
2746,STARLINK-3139,satellite,2,152,53.219,174.7617,95.6918,306.4024,42.0943,6918.7018,541.397,-5361.91919192667,-2294.9217579220676,3711.8135843725386,-384.9241936121111,5819.680116716702,3711.8135843725386,32.6341,93.7841,4
2747,STARLINK-3114,satellite,2,152,53.2349,174.7355,57.1156,310.0635,7.1792,6924.0469,539.9929,-6882.2059662854845,114.49285293637327,692.5860421283248,2392.5262993007977,6453.966647179319,692.5860421283248,5.7812,69.6599,3
2748,STARLINK-3131,satellite,2,152,53.2056,174.7581,116.647,305.4426,62.0896,6914.678,543.8311,-3555.751808231304,-3347.0891730285625,4890.684872182122,-1976.9830334055655,4465.18923894293,4890.684872182122,45.2207,113.8816,4
2749,STARLINK-3121,satellite,2,152,53.2333,174.6302,117.7104,49.7975,167.5079,6923.6666,539.7603,6640.044340200752,-1523.663356987777,1198.60009095553,-3641.4094844053952,-5757.766566312127,1198.60009095553,10.0391,-122.3107,3
2750,STARLINK-3138,satellite,2,152,53.2063,174.9893,108.5568,193.3469,301.9037,6915.4113,554.6435,-3337.264192045042,3826.0988607279287,-4706.358486381094,4716.945744154361,1877.9743412181301,-4706.358486381094,-43.0067,21.7092,4
2751,STARLINK-3153,satellite,2,152,53.2296,174.9327,128.3205,78.8782,207.1987,6921.7472,545.7516,6298.931505060024,1342.5544220864158,-2534.0475483522036,-824.4802781462752,-6387.426927382369,-2534.0475483522036,-21.5987,-97.355,3
2752,STARLINK-3158,satellite,2,130,53.1991,164.7234,95.2989,181.8519,277.1508,6912.1628,558.7881,252.8647823726057,4196.776846519731,-5500.604520973932,3874.874219130859,-1631.6330112998653,-5500.604520973932,-52.7781,-22.835,4
2753,STARLINK-3079,satellite,2,170,53.1988,154.7249,95.658,181.6353,277.2933,6912.2054,558.8798,961.704076132407,4095.339176677309,-5498.930588460065,3543.8914043575496,-2266.607909674354,-5498.930588460065,-52.7542,-32.6022,4
2754,STARLINK-3134,satellite,2,152,53.2275,174.9076,76.7544,310.3831,27.1376,6921.6719,539.9786,-6297.29224190051,-1334.5615841441106,2526.6053612598103,831.4757594470708,6383.227417476641,2526.6053612598103,21.5511,82.5785,2
2755,STARLINK-3117,satellite,2,170,53.2007,154.7423,76.1505,175.9935,252.144,6913.1575,557.5119,3604.1702725212836,2664.1652106171005,-5276.639265917818,1316.7097734069139,-4284.167946685017,-5276.639265917818,-49.8302,-72.9155,10
2756,STARLINK-3049,satellite,2,170,53.2001,154.7393,81.1163,176.2574,257.3737,6912.6004,558.4492,3095.715316122526,3014.207890791028,-5409.8104376004085,1815.6843200278618,-3920.738830550621,-5409.8104376004085,-51.5585,-65.1513,7
2757,STARLINK-3130,satellite,2,170,53.206,154.7111,108.0553,189.2557,297.3109,6914.5619,555.6976,-1298.147319380846,4688.065787358663,-4925.907044603338,4853.159482658159,-331.6478935613502,-4925.907044603338,-45.5365,-3.9093,4
2758,STARLINK-3044,satellite,2,170,53.2319,154.6568,47.5993,304.433,352.0323,6924.0034,541.7168,-5947.526104532241,3452.1412996063605,-768.3524105289397,5230.660036467527,4464.363549201821,-768.3524105289397,-6.4145,40.4807,4
2759,STARLINK-3105,satellite,2,170,53.2295,154.7126,51.262,285.9887,337.2507,6922.384,544.9763,-5086.6743189701665,4174.98717358546,-2143.875282441265,5626.762323701759,3412.377364747942,-2143.875282441265,-18.1495,31.2349,4
2760,STARLINK-3128,satellite,2,170,53.2011,154.7395,118.7405,318.5341,77.2746,6912.5871,545.1666,-3099.6176030116567,-3001.9572102864054,5397.403413586231,-1802.832924581264,3920.3532778738236,5397.403413586231,51.5318,114.696,4
2761,STARLINK-3098,satellite,2,170,53.2365,154.7278,46.6357,310.6842,357.3199,6923.8455,540.285,-6166.729741795869,3125.447962869539,-259.1615359384818,4995.254734704497,4779.582702743765,-259.1615359384818,-2.1601,43.736,4
2762,STARLINK-3136,satellite,2,170,53.1985,154.7232,63.8553,33.4622,97.3176,6912.1959,545.3086,-957.2352900742397,-4088.356270423191,5487.826838649627,-3538.7878404762423,2260.0745595156,5487.826838649627,52.7501,147.4353,6
2763,STARLINK-3126,satellite,2,170,53.2345,154.7501,61.3905,310.6409,12.0314,6923.7301,539.6469,-6486.995464498236,2105.268437025796,1155.0682985801132,4139.232415817783,5420.333970910005,1155.0682985801132,9.6712,52.6329,5
2764,STARLINK-3122,satellite,2,130,53.1983,165.1197,62.8941,34.0275,96.9216,6912.1398,545.4869,-250.45810347141452,-4185.344683226606,5492.677346465451,-3864.8891696882324,1625.5679269210273,5492.677346465451,52.8146,157.1884,5
2765,STARLINK-3099,satellite,2,170,53.221,154.7506,88.5417,308.6827,37.2244,6919.7468,540.723,-6047.47674337188,83.42876697304132,3349.9258952041796,2086.138012463289,5676.879733950519,3349.9258952041796,29.132,69.8226,5
2766,STARLINK-3115,satellite,2,130,53.2332,164.7158,46.1695,296.0803,342.2498,6923.0715,543.5766,-6024.963512105084,2955.6146744650987,-1690.1318704398902,4787.992478721069,4702.230476042357,-1690.1318704398902,-14.2201,44.4822,4
2767,STARLINK-3127,satellite,2,130,53.2094,164.7465,107.9199,194.325,302.2449,6915.4632,554.5965,-2640.9526192789954,4354.867972884689,-4689.032513173693,4984.594357539696,1045.6217716348547,-4689.032513173693,-42.8112,11.8472,4
2768,STARLINK-3125,satellite,2,130,53.2294,164.743,69.8504,312.2925,22.143,6922.5447,539.1416,-6590.12707980824,180.23994968169606,2087.9189279786206,2357.590798292803,6156.624643040068,2087.9189279786206,17.6757,69.0464,5
2769,STARLINK-3150,satellite,2,130,53.202,164.7804,121.091,316.0033,77.0944,6912.5781,545.0212,-2548.362293667044,-3487.903236602129,5393.51130067849,-2444.2122814063596,3561.6633320831834,5393.51130067849,51.4815,124.4601,6
2770,STARLINK-3129,satellite,2,130,53.2335,164.8316,66.0508,310.9046,16.9554,6923.2028,539.6579,-6701.38310902783,565.850720263829,1615.8430262954425,2758.2677947762522,6133.570035785582,1615.8430262954425,13.5909,65.7865,5
2771,STARLINK-3160,satellite,2,130,53.2175,164.7557,93.96,308.239,42.199,6918.7368,541.3582,-5672.373742711172,-1336.0976526811387,3719.212801982102,622.5871694717248,5794.252844923872,3719.212801982102,32.7073,83.8672,4
2772,STARLINK-3145,satellite,2,130,53.2088,164.7078,71.908,50.5275,122.4355,6915.4133,542.7092,2654.1634236487907,-4347.261268717096,4671.123168907153,-4981.804250170498,-1060.608519155869,4671.123168907153,42.7001,-167.9814,4
2773,STARLINK-3124,satellite,2,130,53.2085,164.8016,108.4043,308.5455,56.9498,6915.675,542.7174,-4546.897076247106,-2359.922150612852,4639.085528564217,-716.7828271046503,5072.447925578491,4639.085528564217,42.3395,98.0432,4
2774,STARLINK-3132,satellite,2,130,53.2169,164.7159,84.4008,52.8042,137.205,6918.5918,541.4703,4152.102370107503,-4050.0993864996703,3761.628447817051,-5198.7278518598805,-2572.2534584822133,3761.628447817051,33.1265,-153.6745,9
2775,STARLINK-3156,satellite,2,130,53.198,164.7205,57.9969,44.3592,102.356,6912.5128,545.0553,360.78502879585085,-4290.350737609097,5404.814754262707,-4166.841313483,1083.8398207103378,5404.814754262707,51.6317,165.4198,4
2776,STARLINK-3141,satellite,2,130,53.2296,164.7163,112.7225,49.742,162.4645,6923.0791,539.6459,6033.043594336238,-2941.803305479013,1669.3088618110826,-4777.646396329311,-4714.437040721863,1669.3088618110826,14.0496,-135.3815,4
2777,STARLINK-3140,satellite,2,130,53.2359,164.732,130.9535,51.5351,182.4886,6924.1931,540.8751,6715.833848288658,-1646.8219410858098,-240.66983105660876,-3782.7428245616816,-5788.37658646087,-240.66983105660876,-2.0057,-123.1649,4
2778,STARLINK-3219,satellite,2,137,53.2335,94.9404,119.1048,48.1411,167.2459,6923.6273,539.493,-329.63625374841433,-6799.942978373859,1223.2853364372297,-6304.951985675459,2568.1637461907153,1223.2853364372297,10.2484,157.8377,5
2779,STARLINK-3218,satellite,2,137,53.2155,94.8589,100.4719,306.5498,47.0217,6917.7275,541.9131,-3416.69057819907,4439.0776067257375,4050.437989482206,5321.532787404284,1749.4208465287575,4050.437989482206,36.0382,18.198,10
2780,STARLINK-3242,satellite,2,128,53.2029,104.7145,105.2943,186.9774,292.2717,6913.764,556.9708,3045.239616916887,3512.6477151574954,-5130.348662597498,2302.6169258406485,-4038.580640283594,-5130.348662597498,-47.9946,-60.3102,10
2781,STARLINK-3240,satellite,2,128,53.1975,104.727,91.482,180.8145,272.2965,6912.0371,559.2146,3937.6585659495804,1321.8668767676709,-5539.342854678989,-60.17809517613721,-4153.1753657596255,-5539.342854678989,-53.3057,-90.8301,5
2782,STARLINK-3251,satellite,2,128,53.2151,104.5905,102.7685,209.85,312.6186,6917.4176,551.384,1771.16015725193,5304.26064374073,-4079.568916176961,4415.568533567389,-3431.4637991304885,-4079.568916176961,-36.2802,-37.8518,8
2783,STARLINK-3249,satellite,2,128,53.2033,104.9056,58.7132,53.4981,112.2113,6913.7568,544.3211,-3031.2633732383597,-3510.2370642783344,5123.201619964331,-2304.9823309709973,4024.596667901181,5123.201619964331,48.0225,119.8008,6
2784,STARLINK-3246,satellite,2,128,53.2016,104.9002,120.8025,311.3197,72.1222,6913.1589,544.6634,-4352.463082873013,1037.0993119944828,5266.263279516895,2423.0795226336068,3761.4087118665498,5266.263279516895,49.823,57.2106,4
2785,STARLINK-3252,satellite,2,128,53.2336,104.738,132.3473,60.0511,192.3984,6923.6851,542.8273,2579.574155901082,-6310.306157171065,-1190.2876257923815,-6808.781206040357,-338.6223727036672,-1190.2876257923815,-9.9643,-177.1528,5
2786,STARLINK-3238,satellite,2,137,53.1978,94.757,98.4115,348.8803,87.2918,6912.0238,545.4023,-4147.575544303603,-17.53722850977924,5526.58672824681,1360.231085365686,3918.2217707136006,5526.58672824681,53.2824,70.8553,4
2787,STARLINK-3113,satellite,2,128,53.2115,104.6366,70.88,161.5494,232.4293,6916.5497,553.4421,4246.041635567778,-3253.861756045688,-4394.383701187975,-4478.821193579573,-2925.1746297228597,-4394.383701187975,-39.5757,-146.8509,4
2788,STARLINK-3148,satellite,2,137,53.2008,94.6011,57.4128,50.035,107.4478,6913.0837,544.7008,-3769.98722065879,-2382.0695182095847,5278.795223201553,-995.5670431207545,4346.942039660252,5278.795223201553,49.9838,102.8998,4
2789,STARLINK-3225,satellite,2,137,53.2034,94.7462,119.2374,307.9635,67.2009,6913.8252,544.2476,-4024.4262900550516,2352.9849609921716,5101.502697827455,3555.4613001057633,3015.1683425957885,5101.502697827455,47.755,40.2992,7
2790,STARLINK-3143,satellite,2,137,53.199,94.9237,98.3293,183.6926,282.0219,6912.5044,558.5222,3917.748842114574,1784.9141065988206,-5422.219120439696,383.22246765761264,-4288.101549416474,-5422.219120439696,-51.7229,-84.8931,7
2791,STARLINK-3155,satellite,2,128,53.2145,104.7062,78.7587,53.5988,132.3575,6917.5586,542.0039,-1776.2929945206224,-5281.369279215224,4091.0098887059808,-4392.271323438798,3428.706882648116,4091.0098887059808,36.4554,142.0236,7
2792,STARLINK-3226,satellite,2,137,53.2321,94.6863,46.7049,295.2757,341.9807,6923.0958,543.7235,739.4568748451878,6663.795470604121,-1714.9147936592308,6040.48569975977,-2909.5530678778723,-1714.9147936592308,-14.4327,-25.719,7
2793,STARLINK-3244,satellite,2,137,53.2348,94.7412,52.0434,309.9341,1.9775,6924.2521,540.2972,-713.9007762371025,6878.827921868488,191.2514536431335,6725.762656789625,-1609.9827892010715,191.2514536431335,1.5939,-13.4619,4
2794,STARLINK-3202,satellite,2,137,53.2011,94.7141,101.5963,185.679,287.2753,6913.0866,557.8071,3777.73710318136,2374.5009521046586,-5293.785883758752,985.8550809486179,-4351.740129151421,-5293.785883758752,-50.0475,-77.2355,9
2795,STARLINK-3239,satellite,2,137,53.2304,94.6789,70.8768,311.1376,22.0144,6922.5546,539.5944,-2069.5885075620804,6263.615170164285,2076.5728430419704,6595.449642868988,-126.94722889665199,2076.5728430419704,17.5754,-1.1027,5
2796,STARLINK-3231,satellite,2,137,53.2084,94.602,108.3824,193.7174,302.0997,6915.4521,554.7768,3205.896630677306,3948.8237771693734,-4696.55352794553,2660.7314371617927,-4334.915298944749,-4696.55352794553,-42.8947,-58.4588,13
2797,STARLINK-3241,satellite,2,137,53.2223,94.6765,86.1224,235.8966,322.019,6919.6222,548.9892,2097.0507396922126,5645.718560235358,-3411.9079416989252,4629.486859171935,-3852.2216040856274,-3411.9079416989252,-29.6845,-39.764,9
2798,STARLINK-3233,satellite,2,137,53.2279,94.7474,122.1898,85.1269,207.3166,6921.6863,546.1013,2403.841655067817,-5971.033798453965,-2544.2508485860326,-6430.412397319625,-285.47456159321,-2544.2508485860326,-21.6888,-177.4581,7
2799,STARLINK-3247,satellite,2,137,53.1981,94.7294,87.4991,179.7068,267.2059,6912.0546,559.1837,4156.384987972532,5.207887024744151,-5537.233800382352,-1374.7855959575763,-3922.4390187073986,-5537.233800382352,-53.2769,-109.3152,4
2800,STARLINK-3248,satellite,2,137,53.2273,94.3238,77.2471,310.2233,27.4704,6921.6591,539.8994,-2366.7277992642366,5973.989610423474,2555.1377334800222,6420.880788173711,249.48395804037162,2555.1377334800222,21.8069,2.2251,5
2801,STARLINK-3250,satellite,2,137,53.1993,94.962,58.6272,43.3713,101.9985,6912.51,545.0647,-3909.5012731780103,-1781.3382683546226,5412.168606137416,-382.5871391541678,4279.134645257024,5412.168606137416,51.7298,95.1091,4
2802,STARLINK-3236,satellite,2,137,53.208,94.7187,67.4156,54.7773,122.1928,6915.4555,543.2564,-3188.2244884620955,-3957.9575534726428,4683.939793280263,-2675.213520357293,4321.277126546975,4683.939793280263,42.8407,121.7608,7
2803,STARLINK-3229,satellite,2,137,53.2147,94.6769,73.0976,154.3875,227.4851,6917.58,552.1201,3426.9269539423753,-4413.568778484536,-4086.7473455779505,-5300.86828778131,-1767.5443716254197,-4086.7473455779505,-36.3495,-161.5593,4
2804,STARLINK-3209,satellite,2,167,53.2223,84.7614,88.4813,308.4173,36.8985,6919.8363,540.7933,-1970.1364833920118,5732.924328821102,3324.919468607564,6061.837184007552,-44.59907806791647,3324.919468607564,28.8939,-0.4215,10
2805,STARLINK-3200,satellite,2,137,53.225,94.7077,95.8954,51.5133,147.4087,6920.7007,540.3472,-1744.0800474834753,-5989.036344867678,2983.2505658241894,-5070.50533939266,3633.228200287795,2983.2505658241894,25.6979,144.3768,7
2806,STARLINK-3193,satellite,2,167,53.2306,84.8513,71.0861,311.0302,22.1163,6922.4925,539.4568,-977.2895752807661,6520.814715892351,2085.6576169021223,6475.480497891084,-1242.6873276826075,2085.6576169021223,17.6551,-10.8634,4
2807,STARLINK-3210,satellite,2,137,53.1981,94.7849,111.8504,330.2162,82.0666,6912.2279,545.3611,-4165.106132824517,608.425341190946,5479.979285482137,1956.51964115915,3726.9721473676445,5479.979285482137,52.6423,62.3022,4
2808,STARLINK-3207,satellite,2,167,53.2324,84.716,46.853,295.3059,342.1589,6923.0784,543.6893,1870.4382275296612,6442.848406285378,-1698.5104255176886,5456.641240246239,-3903.0630438954386,-1698.5104255176886,-14.2919,-35.5756,10
2809,STARLINK-3197,satellite,2,167,53.2327,84.7525,65.8654,311.0923,16.9578,6923.2211,539.5449,-597.3708855252926,6698.488027865699,1616.0166865937279,6516.966658032324,-1660.0419911641955,1616.0166865937279,13.5927,-14.2908,4
2810,STARLINK-3194,satellite,2,167,53.2085,84.7072,110.8054,191.4728,302.2781,6915.4595,554.8579,3831.6678987817054,3358.039558610779,-4687.445453188995,1895.7230824280314,-4729.095321358901,-4687.445453188995,-42.7913,-68.1559,13
2811,STARLINK-3204,satellite,2,167,53.2358,84.73,52.7888,309.3985,2.1873,6924.2307,540.3034,477.6211349105281,6898.67177859858,211.53262389979722,6348.95959088467,-2740.530308290585,211.53262389979722,1.763,-23.3475,6
2812,STARLINK-3199,satellite,2,167,53.1983,84.7364,84.1929,178.1337,262.3266,6912.2334,558.9478,4008.2786423892057,-1297.66016482771,-5494.175608530265,-2554.6152121970354,-3350.247855909415,-5494.175608530265,-52.6886,-127.3261,4
2813,STARLINK-3203,satellite,2,167,53.2213,84.7069,86.3709,235.7517,322.1226,6919.6591,549.211,3037.793969670157,5205.800605555057,-3404.0756394098935,3902.2364761715285,-4593.593651053408,-3404.0756394098935,-29.6086,-49.6523,12
2814,STARLINK-3195,satellite,2,167,53.2183,84.7546,79.7676,142.5532,222.3207,6918.6562,550.1792,2310.963944563137,-5351.784636016371,-3732.694764858237,-5815.445359407225,-403.4208907836518,-3732.694764858237,-32.7933,-176.0317,8
2815,STARLINK-3198,satellite,2,167,53.1998,84.7187,99.2464,183.0531,282.2995,6912.5615,558.5744,4170.783569083954,1095.6207477769874,-5416.67903556248,-350.9807207133559,-4297.980099626757,-5416.67903556248,-51.6485,-94.6685,5
2816,STARLINK-3227,satellite,2,167,53.2093,84.7617,71.0954,166.0552,237.1505,6915.6241,554.6874,3125.8271391210355,-4057.6614954825045,-4657.70286151396,-4865.192522409774,-1601.6597127589037,-4657.70286151396,-42.4579,-161.778,3
2817,STARLINK-3190,satellite,2,167,53.23,84.7217,106.8015,50.3931,157.1946,6922.417,539.7872,-2184.2917634750606,-6200.571336386576,2147.2831612699724,-5123.919089549947,4118.697436004427,2147.2831612699724,18.1935,141.2071,5
2818,STARLINK-3192,satellite,2,167,53.2297,84.7451,126.9938,75.379,202.3728,6922.4877,545.0747,984.1928172657769,-6517.765165319747,-2110.2904989121635,-6474.895370710928,1235.1632240960314,-2110.2904989121635,-17.8554,169.1999,5
2819,STARLINK-3196,satellite,2,167,53.2082,84.7085,67.8814,54.4632,122.3446,6915.5109,543.1308,-3823.2050791686343,-3359.432693428386,4676.059029328534,-1899.8464287776812,4721.57480573135,4676.059029328534,42.7526,111.9187,4
2820,STARLINK-3208,satellite,2,167,53.2046,84.759,62.4709,54.6262,117.0971,6914.5685,543.8929,-3957.270590524539,-2798.2473451834016,4926.829733998635,-1325.9787258517345,4661.7549431566,4926.829733998635,45.6472,105.8777,4
2821,STARLINK-3191,satellite,2,167,53.2,84.7887,121.2101,315.834,77.0441,6912.6057,545.0848,-3876.5868802005307,1909.2653339486415,5392.3393971914265,3087.8265950661757,3023.00295632719,5392.3393971914265,51.4653,44.3922,7
2822,STARLINK-3201,satellite,2,167,53.1985,84.7357,112.5485,329.7203,82.2688,6912.2216,545.2636,-3999.1305292539023,1301.973442802912,5482.586306612992,2555.6472335814087,3340.1866794031675,5482.586306612992,52.679,52.5796,4
2823,STARLINK-3297,satellite,2,182,53.2055,204.7213,107.8289,189.3135,297.1425,6914.5106,555.8864,-4412.065775919594,2030.9272866046424,-4933.4450026328595,3380.3405303440954,3487.7339281300206,-4933.4450026328595,-45.624,45.8958,2
2824,STARLINK-3304,satellite,2,182,53.205,204.7487,70.8519,171.5502,242.4021,6914.59,555.6922,1374.2078799059311,4679.921642049191,-4913.074563946418,3958.39769658154,-2849.7721924065986,-4913.074563946418,-45.3851,-35.7513,4
2825,STARLINK-3306,satellite,2,111,53.2283,184.6963,61.2751,270.9711,332.2462,6921.5606,546.3345,-6262.621882655612,1421.497505249107,-2581.8324635093522,3419.7524945639757,5435.658274622296,-2581.8324635093522,-22.0247,57.8246,4
2826,STARLINK-3298,satellite,2,182,53.2229,204.709,88.2697,233.9095,322.1791,6919.6574,549.1249,-6029.608264541497,22.911176866081536,-3399.7894473717947,2023.1204993800054,5680.113043843487,-3399.7894473717947,-29.5681,70.3953,4
2827,STARLINK-3305,satellite,2,166,53.2121,194.6854,71.4452,160.8388,232.284,6916.5271,553.2818,3265.277590505231,4246.001628244751,-4385.746410939706,2921.3474425720087,-4489.576448830191,-4385.746410939706,-39.484,-56.9481,13
2828,STARLINK-3271,satellite,2,182,53.2343,204.737,49.3858,307.6296,357.0154,6924.1961,540.9721,-6365.874605315344,-2695.5341041728775,-288.59918809778577,-429.56141588585234,6899.691340005001,-288.59918809778577,-2.4054,93.5625,4
2829,STARLINK-3301,satellite,2,166,53.2317,194.7422,66.7015,310.5575,17.2591,6923.1699,539.6204,-6075.103406117793,-2868.703304017616,1643.8505776194286,-689.432135488693,6682.89034565592,1643.8505776194286,13.8311,95.89,4
2830,STARLINK-3245,satellite,2,166,53.1991,194.7393,79.2488,178.1514,257.4002,6912.575,558.3946,430.8099186071106,4298.572094617386,-5410.253587807806,3911.8291918305445,-1833.2789238236383,-5410.253587807806,-51.5649,-25.1101,4
2831,STARLINK-3286,satellite,2,166,53.2362,194.7268,127.3893,50.0307,177.42,6924.2725,540.2852,6731.718055723464,1576.6753556838446,249.4903471478108,-747.2964916076694,-6873.389346792814,249.4903471478108,2.0795,-96.205,6
2832,STARLINK-3287,satellite,2,166,53.2054,194.7094,107.5305,189.8093,297.3399,6914.5539,556.0401,-4010.7577794034632,2755.427062867745,-4924.832488687447,3930.546974374786,2868.685543251924,-4924.832488687447,-45.5209,36.1236,4
2833,STARLINK-3289,satellite,2,111,53.1976,184.5201,78.4516,181.4257,259.8774,6906.616,552.3669,890.4703032592271,4162.416403656769,-5452.424266774388,3630.811042818489,-2221.679285982755,-5452.424266774388,-52.1932,-31.4623,4
2834,STARLINK-3292,satellite,2,158,53.2064,190.3211,65.1199,54.207,119.3268,6914.909,543.5651,3976.879481419451,-2944.000669105955,4825.217583567988,-4097.182320197372,-2774.131825363286,4825.217583567988,44.4575,-145.8987,12
2835,STARLINK-3291,satellite,2,166,53.2091,194.7512,70.7723,166.5352,237.3075,6915.6021,554.6961,2727.652684534146,4326.500092184902,-4665.893629999277,3175.744295989303,-4009.1570662189965,-4665.893629999277,-42.5498,-51.6165,9
2836,STARLINK-3293,satellite,2,166,53.2315,194.7113,50.755,286.5032,337.2582,6922.4028,544.9009,-6580.3709003738595,-71.91751757364757,-2143.2439023557176,2116.492594086482,6231.124490410869,-2143.2439023557176,-18.1442,71.2392,4
2837,STARLINK-3282,satellite,2,166,53.2001,194.7228,95.2412,181.908,277.1492,6912.2393,559.0259,-1879.2285890825392,3761.063118342141,-5500.883387984447,4171.607574824043,524.2004500659341,-5500.883387984447,-52.7793,7.1622,4
2838,STARLINK-3283,satellite,2,166,53.2185,194.7055,99.8637,217.3275,317.1913,6918.6057,550.6351,-5627.128371000367,1435.243118381197,-3767.673427582196,3221.7687464156525,4831.63560890069,-3767.673427582196,-33.1368,56.3044,4
2839,STARLINK-3265,satellite,2,166,53.225,194.76,82.278,309.6155,31.8935,6920.8824,540.4096,-5119.853417279624,-3610.688326737219,2926.284510003157,-1706.4372959345517,6028.104259409408,2926.284510003157,25.1729,105.8058,4
2840,STARLINK-3285,satellite,2,166,53.2015,194.7532,124.2907,307.8152,72.1059,6913.1279,544.8863,-1050.1885376813773,-4350.065240586497,5265.946102799226,-3754.8019066943825,2434.6306092548075,5265.946102799226,49.8167,147.0404,6
2841,STARLINK-3277,satellite,2,166,53.2338,194.5891,131.6829,65.8245,197.5074,6923.131,543.8085,6073.423283202001,2868.446227396161,-1667.8159109878322,689.7473468060496,-6681.220153084125,-1667.8159109878322,-14.0281,-84.1059,4
2842,STARLINK-3281,satellite,2,166,53.1993,194.7229,68.3734,28.9767,97.3501,6912.1765,545.2532,1898.2929345721852,-3745.7885305042064,5487.4410981025285,-4163.527430484234,-547.2541606135927,5487.4410981025285,52.7454,-172.512,6
2843,STARLINK-3279,satellite,2,166,53.2216,194.7901,88.9163,308.2885,37.2048,6919.7592,540.802,-4685.36297552987,-3825.850145212056,3348.482789735499,-2053.6267001096458,5689.672479385961,3348.482789735499,29.1179,109.8465,4
2844,STARLINK-3274,satellite,2,182,53.231,204.7168,46.5058,295.7336,342.2394,6923.0837,543.6918,-6515.279474646232,-1607.916510476732,-1691.0653655146132,645.9807002079278,6679.59363078092,-1691.0653655146132,-14.2279,84.4761,4
2845,STARLINK-3272,satellite,2,111,53.2336,184.7345,134.1901,61.2665,195.4566,6922.6951,542.7241,6555.738645606782,1650.5941467663579,-1477.3620594249642,-619.1532521316482,-6731.925391536689,-1477.3620594249642,-12.4014,-95.2549,4
2846,STARLINK-3268,satellite,2,111,53.2001,184.7456,77.3257,175.0924,252.4181,6913.0897,557.5602,1757.0404249663175,4112.8931775329875,-5284.676477395972,3296.4408026257765,-3022.674209958317,-5284.676477395972,-49.9328,-42.5193,4
2847,STARLINK-3273,satellite,2,182,53.2307,204.744,129.9249,72.4774,202.4023,6922.4353,544.8378,5150.3128656628905,4112.161831583779,-2112.8836718452944,2169.365413622249,-6223.2990644453785,-2112.8836718452944,-17.8787,-70.7821,7
2848,STARLINK-3259,satellite,2,111,53.1967,184.7267,92.4482,179.875,272.3232,6911.9996,559.0585,-621.1945658585928,4107.021111877746,-5539.056862335693,4080.348896888732,-777.3403255464591,-5539.056862335693,-53.3035,-10.7861,4
2849,STARLINK-3261,satellite,2,111,53.2246,184.7511,105.425,106.9987,212.4237,6920.6873,547.7363,5638.721920883972,2698.2294854857255,-2972.7552196382253,673.4798815534488,-6214.664279471962,-2972.7552196382253,-25.5716,-83.815,9
2850,STARLINK-3266,satellite,2,111,53.211,184.7523,72.0553,160.3649,232.4201,6916.5335,553.3049,3935.263485120073,3624.0992342802774,-4393.726426684526,2112.308472129719,-4915.134471792129,-4393.726426684526,-39.5696,-66.7441,14
2851,STARLINK-3267,satellite,2,111,53.2153,184.7058,105.8424,206.4495,312.2919,6917.513,552.0184,-4894.154740934334,2673.916022186156,-4101.2434546187615,4146.898446417177,3729.0495836092955,-4101.2434546187615,-36.4995,41.9631,4
2852,STARLINK-3264,satellite,2,111,53.2261,184.7475,81.3631,310.8856,32.2488,6920.7493,540.3552,-5645.050318159158,-2685.22853548764,2955.3762818262844,-659.1154189988962,6216.318222773334,2955.3762818262844,25.4408,96.0525,4
2853,STARLINK-3270,satellite,2,111,53.215,184.7068,78.9309,53.5179,132.4489,6917.5593,541.9976,4900.463794864446,-2661.227662195494,4085.091767142928,-4137.023809375554,-3739.2127614608294,4085.091767142928,36.3943,-137.8914,26
2854,STARLINK-3235,satellite,2,111,53.2335,184.6994,61.2433,310.9796,12.2229,6923.6952,539.6542,-6665.828591629916,-1427.4856535498093,1173.158560655273,866.155073247304,6761.712911176381,1173.158560655273,9.8241,82.7003,4
2855,STARLINK-3256,satellite,2,111,53.227,184.7101,102.2618,50.2244,152.4862,6921.6076,540.0504,6269.455482111052,-1402.3491029878594,2558.9053957004057,-3403.9582327312455,-5448.460644865149,2558.9053957004057,21.8402,-121.9953,24
2856,STARLINK-3257,satellite,2,111,53.2254,184.7954,73.069,253.9712,327.0402,6920.5737,547.6038,-5975.774093377907,1761.0288439123224,-3016.346392295059,3644.8136083217746,5052.3689854136865,-3016.346392295059,-25.9744,54.1931,4
2857,STARLINK-3254,satellite,2,111,53.2009,184.7251,52.4063,54.7357,107.1421,6913.0473,545.1375,2355.8112887753173,-3774.474401011169,5287.881920495449,-4342.458456582692,-969.30819921391,5287.881920495449,50.0966,-167.4169,6
2858,STARLINK-3260,satellite,2,170,53.2017,154.7409,120.8437,311.2774,72.1211,6913.1202,544.7946,-3599.7383784640615,-2657.518914287449,5266.339392264368,-1311.9114868681502,4277.7811332285355,5266.339392264368,49.8227,107.0497,4
2859,STARLINK-3323,satellite,2,128,53.2273,104.7087,62.6796,269.5904,332.27,6921.5645,546.4381,309.2488766578854,6415.407042523711,-2579.7994651742392,5948.987470115936,-2421.286944866428,-2579.7994651742392,-22.0062,-22.1467,4
2860,STARLINK-3333,satellite,2,128,53.2348,104.7238,47.7766,304.4145,352.1912,6924.0352,541.8934,-1198.162905519607,6773.5098017461105,-753.1726076285104,6787.16547344951,-1118.2192175636744,-753.1726076285104,-6.2871,-9.3557,4
2861,STARLINK-3335,satellite,2,128,53.2341,104.74,61.6076,310.5958,12.2034,6923.7015,539.7057,-2566.582045484489,6315.747430641777,1171.3314819985355,6809.6012613661305,324.5607263092117,1171.3314819985355,9.8086,2.7288,5
2862,STARLINK-3355,satellite,2,128,53.2116,104.753,105.5251,306.6892,52.2142,6916.5925,542.4783,-4241.982480779953,3262.3919375619903,4374.755160708726,4485.520275095336,2918.514071102312,4374.755160708726,39.4397,33.0501,9
2863,STARLINK-3232,satellite,2,128,53.2248,104.7517,82.9348,309.249,32.1838,6920.782,540.2652,-3622.3064270070663,5097.720647234593,2949.980711959237,6011.083048109202,1724.7435279231445,2949.980711959237,25.3915,16.0096,6
2864,STARLINK-3338,satellite,2,128,53.2011,104.8481,77.0378,175.2307,252.2685,6913.1342,557.7649,4358.622350810623,-1025.90589851097,-5280.523788625131,-2414.565344906919,-3770.934354342443,-5280.523788625131,-49.8775,-122.6318,4
2865,STARLINK-3324,satellite,2,163,53.2087,114.7535,70.7543,166.5998,237.3541,6915.5558,554.7214,4734.209369812397,-1929.6580354751097,-4668.313186228311,-3391.7479284978026,-3825.227376329938,-4668.313186228311,-42.5768,-131.5627,4
2866,STARLINK-3234,satellite,2,163,53.2354,114.7278,126.5806,50.8359,177.4165,6924.2364,540.3531,2721.5687364406535,-6355.766683439157,249.82329467949225,-6898.798665654148,-457.4751274713214,249.82329467949225,2.0822,-176.2061,4
2867,STARLINK-3341,satellite,2,163,53.2318,114.7435,131.8031,65.6052,197.4083,6923.1545,543.8256,3889.635700000111,-5478.701205879989,-1658.6314400911433,-6459.200368909142,-1850.4495065551544,-1658.6314400911433,-13.9493,-164.0139,4
2868,STARLINK-3336,satellite,2,163,53.2058,114.7106,106.9965,190.2363,297.2328,6914.5755,555.8884,2024.964852674333,4419.260282972621,-4929.482342226842,3496.499703468813,-3377.1043701473222,-4929.482342226842,-45.5771,-44.0049,4
2869,STARLINK-3327,satellite,2,163,53.1997,114.7422,79.8443,177.4837,257.328,6912.5852,558.4745,4310.595539696274,314.16020978763817,-5408.829782622028,-1134.5411211000044,-4170.461244130722,-5408.829782622028,-51.5452,-105.2186,4
2870,STARLINK-3339,satellite,2,163,53.2357,114.7279,49.2799,307.8399,357.1198,6924.2232,541.0167,-2701.669657561484,6363.773688731854,-278.5181727017097,6899.7462258349,436.0464643375523,-278.5181727017097,-2.3213,3.6161,5
2871,STARLINK-3346,satellite,2,163,53.2184,114.5909,84.3045,53.1834,137.4878,6918.6539,541.4407,-422.87545381497824,-5797.848282109139,3741.625420156204,-5328.727467965748,2323.4741065788708,3741.625420156204,32.9285,156.4415,6
2872,STARLINK-3343,satellite,2,163,53.2226,114.7537,87.6822,309.4165,37.0986,6919.8137,540.741,-4576.4373641278735,3962.3246973854066,3340.327975680593,5256.7867411405705,3001.6643905448077,3340.327975680593,29.0406,29.7267,5
2873,STARLINK-3334,satellite,2,163,53.2222,114.7545,92.6323,124.7724,217.4046,6919.711,549.0028,4588.563247172578,-3939.247373817034,-3367.838348596067,-5239.043091052269,-3020.763154490077,-3367.838348596067,-29.2641,-150.0328,4
2874,STARLINK-3332,satellite,2,163,53.2325,114.7424,65.0142,312.1658,17.18,6923.2025,539.5787,-3876.2610684811684,5489.48542237552,1636.5532366015634,6464.933435907252,1834.2534565279057,1636.5532366015634,13.7686,15.8399,5
2875,STARLINK-3329,satellite,2,163,53.2188,114.7077,98.3668,218.8779,317.2446,6918.6059,550.6438,431.65958775408996,5793.690063295014,-3763.905218301192,5321.889163769332,-2330.379856971384,-3763.905218301192,-33.0994,-23.6479,4
2876,STARLINK-3290,satellite,2,163,53.2248,114.6427,80.8724,311.1322,32.0045,6920.8214,540.1195,-4438.8726703833945,4414.6864417721345,2935.2548356828875,5637.834595633307,2721.7398911952537,2935.2548356828875,25.2565,25.7695,5
2877,STARLINK-3294,satellite,2,163,53.1974,114.7255,95.0916,182.1453,277.2369,6912.2325,559.0212,3372.5969475860616,2513.265094382545,-5499.629291492987,1251.2359683889147,-4015.634465052612,-5499.629291492987,-52.7622,-72.6934,8
2878,STARLINK-3278,satellite,2,173,53.2354,124.733,129.973,52.4198,182.3928,6924.2405,540.995,4080.836563073617,-5582.76586206074,-231.41643518491423,-6620.8328579530835,-1996.265010502888,-231.41643518491423,-1.9286,-163.2213,3
2879,STARLINK-3299,satellite,2,163,53.2046,114.7777,62.0994,55.2326,117.332,6914.5232,543.8876,-2008.9449164423954,-4422.297102293759,4916.4842411624395,-3504.6820941243045,3363.000855988592,4916.4842411624395,45.5247,136.1819,7
2880,STARLINK-3328,satellite,2,173,53.2352,124.7769,126.3298,50.8631,177.1929,6924.2191,540.4222,3774.8981532799853,-5791.586336255647,271.4324538989013,-6716.257586772125,-1638.3566113839868,271.4324538989013,2.2624,-166.2911,4
2881,STARLINK-3331,satellite,2,173,53.1981,124.7415,83.7118,178.5684,262.2802,6912.2311,558.8488,3907.2571516564312,1577.9196283006718,-5493.484052599444,191.44764060317107,-4209.493627914685,-5493.484052599444,-52.6803,-87.396,6
2882,STARLINK-3310,satellite,2,173,53.2063,124.8668,72.5448,169.6222,242.167,6914.681,555.8762,4856.507298508443,-555.9161201073276,-4902.74344915304,-2136.4961095523163,-4396.599850671968,-4902.74344915304,-45.262,-115.9171,4
2883,STARLINK-3330,satellite,2,173,53.2357,124.5051,48.0304,309.1021,357.1325,6924.2191,540.9191,-3743.84933095792,5812.01885231727,-277.2878888389873,6725.224988009989,1602.2858088529254,-277.2878888389873,-2.3111,13.4009,5
2884,STARLINK-3318,satellite,2,163,53.1983,114.7217,59.9365,37.3965,97.333,6912.1776,545.1706,-3360.343262415894,-2518.053485191642,5487.513773125057,-1259.8204186663174,4005.665076895608,5487.513773125057,52.7473,107.4589,4
2885,STARLINK-3320,satellite,2,173,53.2344,124.7322,51.9841,310.2786,2.2627,6924.239,540.3658,-4073.0322363519813,5588.1939713925985,218.81549565476038,6623.36256313088,1987.1013606727122,218.81549565476038,1.8237,16.7,5
2886,STARLINK-3295,satellite,2,173,53.2298,124.7461,72.0026,310.1388,22.1413,6922.5338,539.7606,-4933.08814775214,4374.385161397012,2087.9720496550262,5763.8716578967105,3201.3103137681037,2087.9720496550262,17.6745,29.0482,4
2887,STARLINK-3300,satellite,2,173,53.2209,124.7073,87.04,235.1681,322.2081,6919.6557,549.1105,-1026.7779234993313,5942.895485997712,-3397.4825537153656,5946.757849113874,-1004.1666921782019,-3397.4825537153656,-29.5461,-9.5845,4
2888,STARLINK-3302,satellite,2,173,53.2181,124.7534,94.8527,307.3988,42.2515,6918.6979,541.3241,-5203.82677768125,2617.7365270521914,3722.972174385842,4196.699036118205,4039.811240320545,3722.972174385842,32.7446,43.9088,6
2889,STARLINK-3326,satellite,2,173,53.1998,124.7222,61.4145,40.8358,102.2503,6912.5306,544.8134,-2489.498176889962,-3509.0416082486636,5406.923976786658,-2483.6918162894935,3513.15373174238,5406.923976786658,51.6624,125.2591,6
2890,STARLINK-3230,satellite,2,173,53.2177,124.7545,79.2418,143.1553,222.3971,6918.6328,550.6186,5210.516432563939,-2606.9538526725737,-3738.355988963492,-4188.748368013233,-4049.7008523407867,-3738.355988963492,-32.8469,-135.9669,4
2891,STARLINK-3308,satellite,2,173,53.2057,124.8656,115.9036,306.214,62.1175,6914.693,543.9581,-4849.828039981212,560.3167855317793,4892.041245077865,2138.4300914398536,4388.838532181517,4892.041245077865,45.2356,64.0227,4
2892,STARLINK-3315,satellite,2,173,53.2214,124.7074,90.2209,52.1974,142.4182,6919.6818,540.8898,1044.2969557290671,-5941.762756112603,3377.4247784087215,-5951.504731644041,987.2650155304865,3377.4247784087215,29.3933,170.5813,3
2893,STARLINK-3311,satellite,2,173,53.1972,124.7361,115.7346,326.554,82.2886,6912.2221,545.4097,-3899.387155454145,-1575.4091389370358,5482.864898304538,-191.69191971536708,4201.236526438727,5482.864898304538,52.6812,92.6125,4
2894,STARLINK-3312,satellite,2,167,53.2063,84.7488,115.4819,306.7541,62.2359,6914.6546,543.6692,-3352.7149906987443,3541.0934683994396,4897.192455246167,4453.229525551472,1987.1556440183206,4897.192455246167,45.2987,24.0478,11
2895,STARLINK-3314,satellite,2,173,53.2304,124.6719,126.8549,75.5841,202.439,6922.4702,545.1099,4939.794668159853,-4361.59476743193,-2116.240778282754,-5754.032710072143,-3211.882290852194,-2116.240778282754,-17.9074,-150.8299,4
2896,STARLINK-3366,satellite,2,164,53.2103,234.7547,112.0855,305.1115,57.197,6915.6051,543.1576,680.6040443307714,-5065.729711200397,4652.430856291389,-5004.417725857185,1039.5396082998764,4652.430856291389,42.4861,168.2652,4
2897,STARLINK-3350,satellite,2,164,53.2338,234.7409,134.6204,62.7777,197.3981,6923.158,543.4826,2800.8458245247157,6107.307547843542,-1657.654676151529,4831.280458258682,-4669.333137649532,-1657.654676151529,-13.9416,-44.0234,12
2898,STARLINK-3176,satellite,2,164,53.217,234.7067,99.548,217.6944,317.2425,6918.5821,550.743,-5233.51673502912,-2522.68509990315,-3764.0256854137065,-642.3957021019386,5774.163600992285,-3764.0256854137065,-33.1001,96.3482,5
2899,STARLINK-3362,satellite,2,164,53.2216,234.7504,92.4463,124.9558,217.4022,6919.7021,549.2014,1117.8542593819047,5943.614173251708,-3367.7186344576667,5235.532258423867,-3027.43283273138,-3367.7186344576667,-29.262,-30.0385,7
2900,STARLINK-3358,satellite,2,164,53.2057,234.6623,62.7216,54.6808,117.4024,6914.5852,543.8163,4837.576932863635,469.16801840299803,4913.381613915126,-1163.2522641353823,-4719.016145432271,4913.381613915126,45.4886,-103.8475,106
2901,STARLINK-3344,satellite,2,164,53.1971,234.7015,95.5996,181.7177,277.3173,6912.2062,558.9661,-3867.1214675131855,1657.4590669981171,-5498.5761481399495,2847.1561965138876,3097.6605036588785,-5498.5761481399495,-52.7484,47.4129,4
2902,STARLINK-3173,satellite,2,164,53.2219,234.7555,88.8947,308.2999,37.1946,6919.7754,540.751,-1134.4931129301724,-5941.998323897139,3347.685856213934,-5228.48481856515,3042.5918567096955,3347.685856213934,29.1106,149.8038,8
2903,STARLINK-3374,satellite,2,164,53.2006,234.6828,105.1461,186.9515,292.0977,6913.7343,556.9446,-4640.996171996863,96.23282132183041,-5136.51560019466,1631.33950097165,4345.898946933611,-5136.51560019466,-48.0711,69.4251,4
2904,STARLINK-3372,satellite,2,164,53.2293,234.7139,52.1581,285.0466,337.2047,6922.4019,544.9959,-4996.026091428715,-4281.011541318308,-2147.9758577412026,-2379.8560148227034,6133.809735543583,-2147.9758577412026,-18.1854,111.2057,8
2905,STARLINK-3375,satellite,2,164,53.2079,234.7484,71.6711,165.6968,237.3679,6915.5486,554.8144,-696.8346790956034,5064.103985632879,-4669.045746926432,5008.271887213759,-1023.6896263210931,-4669.045746926432,-42.5843,-11.5521,4
2906,STARLINK-3397,satellite,2,164,53.2314,234.745,66.2224,310.9541,17.1764,6923.1943,539.5493,-2815.8600861171867,-6101.765882604909,1636.197515213383,-4821.069081433291,4681.656525500042,1636.197515213383,13.7656,135.8405,6
2907,STARLINK-3243,satellite,2,164,53.2144,234.679,106.0126,206.0736,312.0862,6917.4788,552.1445,-5192.8104483379575,-2007.1240250531566,-4114.610161216356,-169.580209593357,5564.626650263944,-4114.610161216356,-36.6368,91.7455,4
2908,STARLINK-3391,satellite,2,164,53.2293,234.6016,108.9386,48.5581,157.4966,6922.4364,539.6252,4992.557823508024,4290.2556706855175,2120.2797265681293,2389.72726498322,-6133.606682851146,2120.2797265681293,17.9575,-68.7135,15
2909,STARLINK-3394,satellite,2,164,53.2362,234.7275,50.6915,306.1646,356.8561,6924.4092,541.412,-4175.200413498562,-5509.524508544957,-304.01703481217714,-3811.1803828415573,5767.327187925079,-304.01703481217714,-2.5338,123.4576,4
2910,STARLINK-3398,satellite,2,164,53.2262,234.7195,104.9029,47.2986,152.2015,6921.5669,539.6004,5108.864446806368,3878.2642482156016,2583.064624972151,1962.4889204043764,-6106.559321919302,2583.064624972151,22.0585,-72.1839,34
2911,STARLINK-3399,satellite,2,164,53.2006,234.7547,120.9005,311.0821,71.9826,6913.147,544.6774,1981.3906432852357,-4017.2470241858878,5262.064729081499,-4447.177734198197,-535.5303306820657,5262.064729081499,49.769,-173.1335,5
2912,STARLINK-3392,satellite,2,164,53.2357,234.7273,128.8266,48.5991,177.4257,6924.1759,540.0548,4142.82897674765,5534.9792310304565,248.93083162887285,3845.937366387866,-5745.240882011828,248.93083162887285,2.0749,-56.2011,6
2913,STARLINK-3389,satellite,2,169,53.2085,244.7094,108.8275,193.4213,302.2488,6915.5251,554.849,-4748.772382442285,-1841.9961603450688,-4688.950080320803,-161.21236053033473,5090.952717300052,-4688.950080320803,-42.8083,91.8137,4
2914,STARLINK-3387,satellite,2,169,53.2351,244.7375,49.0367,307.9041,356.9407,6924.201,540.8909,-3148.462093682156,-6154.030019476837,-295.81096491189254,-4759.963613896811,5012.748291142686,-295.81096491189254,-2.4655,133.5183,4
2915,STARLINK-3386,satellite,2,169,53.2193,244.7175,99.8657,217.1441,317.0098,6918.555,550.8222,-4718.169874192117,-3371.5573675608875,-3780.650992361898,-1614.2030215086158,5569.818188221283,-3780.650992361898,-33.2645,106.1622,8
2916,STARLINK-3370,satellite,2,169,53.2291,244.7227,52.5457,284.4729,337.0186,6922.3763,545.0714,-4183.467429581349,-5070.989009817727,-2164.5806067963035,-3394.766448811672,5629.555047255755,-2164.5806067963035,-18.3306,121.0911,8
2917,STARLINK-3400,satellite,2,169,53.1987,244.736,115.6967,326.5988,82.2955,6912.2108,545.3254,3314.2750549035277,-2588.4593748668276,5482.993891180603,-3541.851536683966,-2267.1190456129957,5482.993891180603,52.6839,-147.3769,9
2918,STARLINK-3396,satellite,2,169,53.2059,244.7122,105.3067,191.6923,296.999,6914.5652,555.7556,-4683.037227679409,-1263.5088488856195,-4939.674039604591,362.65308508867173,4836.917926419589,-4939.674039604591,-45.6988,85.7122,4
2919,STARLINK-3395,satellite,2,169,53.2299,244.7472,71.7135,310.485,22.1985,6922.5031,539.6928,-1317.0812331227928,-6458.599827942846,2093.0710070560995,-5655.184542817158,3386.311045788545,2093.0710070560995,17.7193,149.0869,5
2920,STARLINK-3388,satellite,2,169,53.2062,244.7498,116.3997,305.8529,62.2526,6914.647,543.7368,1940.7608116932902,-4472.8827523678465,4897.978340026295,-4863.491136956482,-345.9575196175255,4897.978340026295,45.3074,-175.9312,4
2921,STARLINK-3393,satellite,2,169,53.2169,244.752,95.2807,306.9347,42.2154,6918.7088,541.3412,331.82078076187383,-5817.400959276157,3720.3465426614707,-5597.6903796100105,1618.060989442028,3720.3465426614707,32.7186,163.8776,4
2922,STARLINK-3356,satellite,2,169,53.1992,244.7188,59.5812,42.76,102.3412,6912.5458,545.028,4287.150155616594,-391.4576964412502,5405.1826923042,-1792.3665706806114,-3914.1177372701886,5405.1826923042,51.6369,-114.6042,68
2923,STARLINK-3363,satellite,2,169,53.235,244.6222,126.8642,50.3526,177.2168,6924.2367,540.3594,3143.31765151499,6157.294276336471,269.1164012272629,4764.750461843705,-5008.979107571899,269.1164012272629,2.2431,-46.4314,7
2924,STARLINK-3253,satellite,2,169,53.2183,244.5515,80.5737,141.926,222.4998,6918.6521,550.6445,-335.46350260936214,5811.89012043908,-3745.7189870488714,5593.701204932795,-1612.7955120143802,-3745.7189870488714,-32.9195,-16.0835,4
2925,STARLINK-3180,satellite,2,169,53.2345,244.7301,130.3874,52.0236,182.411,6924.2254,540.8894,2793.4472031435544,6325.730863194845,-233.17336732938716,5039.774715754382,-4734.8589255403585,-233.17336732938716,-1.9432,-43.2133,7
2926,STARLINK-3177,satellite,2,169,53.2209,244.7048,90.759,51.6362,142.3951,6919.6672,540.6273,4624.060343848475,3872.797294389445,3379.0389290195676,2118.261064061448,-5647.429770387902,3379.0389290195676,29.4099,-69.4397,57
2927,STARLINK-3172,satellite,2,169,53.222,244.7626,92.1259,125.0428,217.1687,6919.7497,549.0793,86.95567598837926,6057.101168346688,-3349.7307922669006,5684.787690514127,-2092.659735110434,-3349.7307922669006,-29.0915,-20.2095,4
2928,STARLINK-3175,satellite,2,169,53.2291,244.7262,104.5212,52.6378,157.159,6922.3721,540.0754,4174.516488289958,5077.562126877045,2150.5155167321127,3403.938093206236,-5623.293565244514,2150.5155167321127,18.2211,-58.8123,8
2929,STARLINK-3179,satellite,2,169,53.1977,244.7388,83.5798,178.6922,262.272,6912.2443,558.9605,-3319.616725263786,2595.900426115741,-5493.4376494687185,3550.6438163026683,2269.6878011547255,-5493.4376494687185,-52.6784,32.588,4
2930,STARLINK-3184,satellite,2,146,53.2336,254.7191,47.006,300.1901,347.1961,6923.642,542.759,-2663.9846450294904,-6267.636104868155,-1228.558373524569,-5027.948703582612,4593.452771733012,-1228.558373524569,-10.2882,137.5857,5
2931,STARLINK-3185,satellite,2,169,53.2086,244.7634,71.3987,165.7414,237.1401,6915.6059,554.7144,-1548.8949451815445,4882.833878567641,-4657.131543674636,5120.1187043677955,-159.77074225245602,-4657.131543674636,-42.4512,-1.7873,4
2932,STARLINK-3354,satellite,2,169,53.232,244.751,132.7368,64.4664,197.2032,6923.1715,543.6579,1711.7934185893887,6501.987306111517,-1639.659220868697,5565.088472352112,-3773.0446501008814,-1639.659220868697,-13.7869,-34.1367,10
2933,STARLINK-3359,satellite,2,146,53.2184,254.838,104.3728,215.3098,319.6826,6916.5469,547.8367,-3967.721521026434,-4391.584372677004,-3586.1548652916613,-2825.501447652862,5200.516218614146,-3586.1548652916613,-31.3698,118.5158,9
2934,STARLINK-3360,satellite,2,146,53.2221,254.5246,90.633,51.7035,142.3364,6919.6748,540.7982,3897.9078753185677,4599.7527415867935,3383.6604716959396,3045.04069305826,-5203.761934007455,3383.6604716959396,29.4532,-59.6655,18
2935,STARLINK-3357,satellite,2,169,53.2081,244.321,68.3358,54.2987,122.6345,6915.5432,543.1369,4756.730245258903,1848.5743639200173,4661.057554576765,164.7759816856286,-5100.642967407409,4661.057554576765,42.5834,-88.1497,104
2936,STARLINK-3364,satellite,2,146,53.1986,254.3485,87.5762,179.962,267.5382,6912.0329,559.0757,-3909.7723962616474,1404.2635911098719,-5538.65029887687,2622.4752061084587,3221.9404428438365,-5538.65029887687,-53.2977,50.8564,4
2937,STARLINK-3181,satellite,2,127,53.2012,224.7433,77.3325,174.9822,252.3146,6913.1431,557.8227,-1287.4907938768458,4286.987233244128,-5281.933629121072,4471.285425546173,-208.5634810175345,-5281.933629121072,-49.895,-2.6706,4
2938,STARLINK-3166,satellite,2,127,53.197,224.7402,87.6913,179.4817,267.173,6911.988,559.0511,-2673.3855546023237,3182.8482550209596,-5536.893348168767,3889.7963287535563,1465.2637506134179,-5536.893348168767,-53.2737,20.6411,4
2939,STARLINK-3419,satellite,2,127,53.211,224.7513,107.1017,305.2441,52.3458,6916.5068,542.6423,-691.4498752898794,-5300.26497430664,4382.583190091656,-4770.205666473309,2411.648736330832,4382.583190091656,39.5228,153.1804,6
2940,STARLINK-3189,satellite,2,127,53.215,224.7063,105.6232,206.6191,312.2424,6917.531,552.0838,-5466.497107234288,-1092.7717072876803,-4104.482596802031,783.7760190092574,5519.278556086409,-4104.482596802031,-36.5326,81.9176,4
2941,STARLINK-3401,satellite,2,127,53.2267,224.7087,61.3782,270.8443,332.2224,6921.5735,546.3613,-5710.7164593769585,-2935.7864272610977,-2583.820921038233,-873.6685578776651,6361.432832064279,-2583.820921038233,-22.0425,97.82,4
2942,STARLINK-3178,satellite,2,127,53.1998,224.7411,124.9769,307.283,72.2599,6913.0852,544.941,1279.7162151369548,-4282.733174905418,5270.4023652464,-4464.691834597225,214.48510624460383,5270.4023652464,49.8734,177.2496,4
2943,STARLINK-3174,satellite,2,127,53.2247,224.7081,84.0168,308.2172,32.234,6920.7701,540.4118,-2603.513710276438,-5683.915975668367,2954.139397068766,-4497.399710319077,4342.646693397627,2954.139397068766,25.4292,136.0029,7
2944,STARLINK-3182,satellite,2,127,53.2036,224.7119,105.2593,187.0171,292.2764,6913.755,556.9185,-4564.823612487126,880.6298586711631,-5130.186676613688,2345.9745486645493,4013.6675221200594,-5130.186676613688,-47.9931,59.6939,4
2945,STARLINK-3415,satellite,2,127,53.2018,224.6786,120.5858,306.4114,66.9972,6913.8665,544.2582,758.9226163023325,-4608.256130409893,5093.772928442515,-4598.881332268779,813.8050090195255,5093.772928442515,47.6598,169.965,4
2946,STARLINK-3528,satellite,2,171,53.225,274.7287,83.104,308.9,32.004,6920.8134,540.3295,2669.8091337634687,-5662.83904111788,2935.310155297512,-6227.979873098056,-638.6654183696189,2935.310155297512,25.2562,-174.1449,7
2947,STARLINK-3533,satellite,2,171,53.2022,274.7546,119.3096,312.6551,71.9647,6913.1469,544.4102,4099.535419178784,-1805.8021840057713,5261.438038699679,-3064.237023644379,-3267.6541499657546,5261.438038699679,49.7636,-133.16,33
2948,STARLINK-3543,satellite,2,171,53.2218,274.7547,89.1043,308.016,37.1204,6919.7801,540.8034,2946.523510506962,-5286.909674232104,3342.0003055274674,-5965.220813963563,-1024.4780827890704,3342.0003055274674,29.0562,-170.255,9
2949,STARLINK-3445,satellite,2,171,53.2368,274.8266,64.9248,306.9695,11.8943,6923.7127,540.2346,1419.904265191205,-6673.449879636303,1142.2355256308554,-6766.385441393581,875.8364441052784,1142.2355256308554,9.5619,172.6247,4
2950,STARLINK-3540,satellite,2,171,53.2093,274.8302,110.6063,306.5724,57.1787,6915.5899,542.9512,3781.507527851542,-3439.9078877607235,4651.278619628218,-4500.117612272797,-2425.2230691605478,4651.278619628218,42.4747,-151.6787,4
2951,STARLINK-3526,satellite,2,171,53.2356,274.6942,122.6858,49.5322,172.218,6924.0258,539.8613,-2.1589859919171435,6876.926112487876,750.3903067370292,6487.708361177822,-2280.736205294579,750.3903067370292,6.2657,-19.369,4
2952,STARLINK-3524,satellite,2,171,53.2034,274.7237,60.1497,51.9696,112.1194,6913.729,544.2513,3607.3273384057,2909.0442278144255,5126.498784939943,1546.6557202483086,-4368.432777188264,5126.498784939943,48.064,-70.5034,57
2953,STARLINK-3535,satellite,2,171,53.2322,274.7412,128.9004,68.5172,197.4176,6923.101,543.9752,-1781.6076250347871,6478.453624364315,-1659.5349976139155,6702.512062613123,-469.91397419827445,-1659.5349976139155,-13.9567,-4.0105,4
2954,STARLINK-3529,satellite,2,171,53.2103,274.7492,74.8765,162.4833,237.3598,6915.5076,555.0803,-3788.701969905441,3432.3566122016646,-4668.948422520122,4495.382679127651,2434.5161938851356,-4668.948422520122,-42.5812,28.4382,4
2955,STARLINK-3522,satellite,2,171,53.2366,274.7276,126.4702,50.9463,177.4165,6924.2187,540.3321,-383.6186007454488,6903.2781659191105,249.82753461768533,6639.190456105027,-1929.653532232492,249.82753461768533,2.0823,-16.2063,4
2956,STARLINK-3527,satellite,2,124,53.2297,264.7273,71.7803,309.4746,21.2549,6922.0153,539.2466,902.089488087334,-6555.793528373233,2008.2214511013835,-6483.513527988036,1325.2345315355178,2008.2214511013835,16.9802,168.4478,4
2957,STARLINK-3532,satellite,2,171,53.2221,274.7522,92.3565,125.0208,217.3773,6919.7275,549.1874,-2963.017219871579,5273.450526088234,-3365.829712338157,5957.999856411985,1044.5042878564668,-3365.829712338157,-29.2441,9.9435,4
2958,STARLINK-3523,satellite,2,124,53.234,264.7242,47.6494,304.5315,352.1809,6924.0199,541.7621,-1191.4292855641436,-6774.455661992557,-754.1348459285705,-5994.840513839474,3372.631090473991,-754.1348459285705,-6.2953,150.6384,5
2959,STARLINK-3514,satellite,2,124,53.2248,264.752,83.2372,308.9642,32.2015,6920.7761,540.3028,1661.5512705762224,-6028.180167682794,2951.441072088091,-6237.9176351106435,433.6961336849172,2951.441072088091,25.4048,176.0229,4
2960,STARLINK-3518,satellite,2,124,53.2031,264.7152,62.3815,49.9474,112.3289,6913.7719,543.9894,4054.352352119884,2261.58987694857,5118.656501102989,787.5247596559883,-4575.190326050389,5118.656501102989,47.9693,-80.2334,79
2961,STARLINK-3525,satellite,2,124,53.2039,264.7574,118.8207,308.2202,67.0409,6913.8522,544.07,3549.06737943395,-3032.5997304497096,5095.415272795352,-4038.746845281779,-2341.167296160678,5095.415272795352,47.6817,-149.9001,6
2962,STARLINK-3450,satellite,2,124,53.2347,264.7243,122.401,50.0232,172.4242,6924.0271,539.9097,1174.098851061493,6778.180907894672,730.6236666798459,6004.107311563064,-3357.5199066344653,730.6236666798459,6.1,-29.2141,6
2963,STARLINK-3517,satellite,2,124,53.2155,264.7081,79.0457,53.3347,132.3805,6917.568,541.9312,3474.33656688119,4357.55435143141,4089.524870598348,2957.178487639073,-4723.810950693442,4089.524870598348,36.4405,-57.9528,28
2964,STARLINK-3447,satellite,2,124,53.2336,264.8078,117.7187,49.438,167.1566,6923.6286,539.6066,1526.8546109508159,6633.048558023239,1231.7206457430266,5750.108131763372,-3642.097561722459,1231.7206457430266,10.3197,-32.35,5
2965,STARLINK-3509,satellite,2,124,53.2277,264.7121,102.1341,50.2812,152.4153,6921.6044,539.9345,2473.597178675646,5926.3096120592445,2564.9614270404613,4769.1745405548945,-4300.55843142038,2564.9614270404613,21.8949,-42.0423,4
2966,STARLINK-3515,satellite,2,124,53.2013,264.7424,77.3905,174.9065,252.297,6913.1454,557.8063,-3741.2669808725077,2458.481932024705,-5281.411641180347,3560.982606098346,2713.0453205436597,-5281.411641180347,-49.8885,37.3031,4
2967,STARLINK-3516,satellite,2,124,53.2336,264.7406,133.1944,59.2172,192.4116,6923.6796,542.6448,-267.0082816803564,6811.565365312878,-1191.5077884564678,6513.969532836062,-2009.2080712806749,-1191.5077884564678,-9.9749,-17.1422,4
2968,STARLINK-3500,satellite,2,124,53.2047,264.7134,105.5929,186.6533,292.2462,6913.7427,557.1374,-4063.398941762105,-2256.356778504793,-5131.524055473013,-779.585402192789,4581.986847701097,-5131.524055473013,-48.0076,99.6559,4
2969,STARLINK-3520,satellite,2,124,53.2154,264.7633,74.4957,152.6643,227.16,6917.6582,551.9906,-2597.325714782306,4964.911506100288,-4065.4341789934615,5545.565489039405,801.9666694143783,-4065.4341789934615,-36.1312,8.2287,4
2970,STARLINK-3521,satellite,2,124,53.2254,264.944,105.7132,106.4765,212.1897,6920.795,547.7785,-1682.746807053525,6029.781114011735,-2953.690772504742,6246.463592730439,-414.23385211081893,-2953.690772504742,-25.396,-3.794,4
2971,STARLINK-3512,satellite,2,146,53.2277,254.6732,120.1427,87.2172,207.3599,6921.6825,546.2358,-211.65241566649186,6431.912035405798,-2548.0122398022854,6137.468052566028,-1935.4004960180182,-2548.0122398022854,-21.722,-17.5022,4
2972,STARLINK-3452,satellite,2,124,53.2272,264.7396,62.0735,270.0944,332.168,6921.5761,546.4311,-2487.577272937915,-5917.736404117916,-2588.51820275432,-4756.446803509508,4310.899980612386,-2588.51820275432,-22.0844,137.8131,15
2973,STARLINK-3449,satellite,2,124,53.1981,264.7267,91.4597,180.7604,272.2201,6912.0054,559.2146,-4151.604303912391,113.82553648431497,-5539.675911566678,1485.4826721842169,3878.416658851943,-5539.675911566678,-53.3103,69.0425,4
2974,STARLINK-3502,satellite,2,146,53.2356,254.7434,129.9622,52.2522,182.2144,6924.2301,540.9195,1664.9632212237052,6712.308528903003,-214.17199489286133,5779.029221536392,-3798.685242533278,-214.17199489286133,-1.7848,-33.3178,7
2975,STARLINK-3446,satellite,2,124,53.211,264.7559,109.8441,197.1177,306.9618,6916.4212,553.739,-3679.4360620517864,-3842.5185572299793,-4430.131079544012,-2403.2640788556546,4746.316504897877,-4430.131079544012,-39.959,116.8551,8
2976,STARLINK-3501,satellite,2,146,53.2151,254.7547,75.982,151.3286,227.3106,6917.6344,551.9381,-1705.5567994876762,5329.759080569205,-4075.2573933191024,5593.705803462217,-160.3472403930639,-4075.2573933191024,-36.2324,-1.642,4
2977,STARLINK-3451,satellite,2,124,53.2019,264.9282,121.8741,310.2662,72.1402,6913.1438,544.608,3736.9948429071856,-2459.308090428623,5266.774159286986,-3560.3437977915955,-2708.7411801590606,5266.774159286986,49.8301,-142.7358,19
2978,STARLINK-3505,satellite,2,146,53.1979,254.7466,84.1111,178.0817,262.1929,6912.1873,558.8999,-3716.9414489432015,1988.4196782799966,-5492.374240376344,3109.498971346794,2846.134694464818,-5492.374240376344,-52.6646,42.468,4
2979,STARLINK-3506,satellite,2,146,53.2305,254.7574,127.9354,74.2407,202.1761,6922.462,544.784,176.23620150949802,6594.660778467132,-2092.6176866043265,6162.230303508803,-2355.3190162466367,-2092.6176866043265,-17.7018,-20.9178,4
2980,STARLINK-3511,satellite,2,146,53.221,254.6392,89.3268,232.7546,322.0814,6919.633,549.2815,-3902.5561779609184,-4591.066746030713,-3407.2403914101938,-3035.304220885414,5205.263381936131,-3407.2403914101938,-29.6385,120.2474,9
2981,STARLINK-3507,satellite,2,146,53.206,254.7597,72.9306,169.2264,242.157,6914.6683,555.7393,-2687.579267187548,4083.5430686393975,-4902.175729112565,4744.131637634205,1179.6700028598796,-4902.175729112565,-45.2564,13.9639,4
2982,STARLINK-3457,satellite,2,146,53.198,254.4891,98.2228,349.2229,87.4457,6912.019,545.3675,3902.255000111826,-1402.5742465679778,5527.2519000116645,-2618.3862758505293,-3215.4100692557204,5527.2519000116645,53.292,-129.1568,31
2983,STARLINK-3460,satellite,2,146,53.2119,254.7079,109.538,197.6395,307.1775,6916.4878,553.44,-4289.609815199377,-3164.064276758899,-4417.43713593965,-1560.734260002603,5096.68163453151,-4417.43713593965,-39.824,107.0259,8
2984,STARLINK-3513,satellite,2,146,53.2029,254.7182,60.6657,46.6357,107.3014,6913.1018,544.4533,4353.650303961419,940.8261227069352,5282.954387978419,-557.7002094961317,-4419.094391238898,5282.954387978419,50.0398,-97.1928,72
2985,STARLINK-3459,satellite,2,146,53.2083,254.72,68.0075,54.1382,122.1457,6915.4753,543.2331,4350.030388492074,2623.7969371813288,4686.358659424915,1031.0446684819065,-4974.33630145386,4686.358659424915,42.8683,-78.29,83
2986,STARLINK-3458,satellite,2,146,53.2333,254.6732,117.9894,49.4551,167.4445,6923.6612,539.6555,2652.6773646398024,6273.687599538763,1204.5695364744738,5037.410481476068,-4584.795408586283,1204.5695364744738,10.0898,-42.3069,5
2987,STARLINK-3456,satellite,2,146,53.2245,254.7108,95.048,52.386,147.434,6920.6616,540.2095,3685.898224054332,5033.435178093915,2981.109395704434,3524.5084332289784,-5147.733065559831,2981.109395704434,25.6787,-55.6017,7
2988,STARLINK-3622,satellite,2,172,53.2328,284.7169,44.3728,297.796,342.1688,6923.15,543.5663,446.80331711847964,-6694.078044207723,-1697.579314028846,-6462.826324562165,1800.608220762716,-1697.579314028846,-14.2841,164.4316,6
2989,STARLINK-3621,satellite,2,172,53.2305,284.7441,71.0388,311.1256,22.1644,6922.5229,539.5167,3140.3432570102896,-5796.296043839352,2089.9764225572967,-6510.061855877345,-1038.218778643761,2089.9764225572967,17.6927,-170.9388,9
2990,STARLINK-3612,satellite,2,172,53.2363,284.7319,53.0128,309.1636,2.1764,6924.2358,540.2621,1910.1347337239652,-6646.1308117536355,210.47799416217998,-6903.345790267284,404.3344753032163,210.47799416217998,1.7542,176.648,3
2991,STARLINK-3614,satellite,2,172,53.2183,284.7414,94.7732,307.4458,42.2189,6918.708,541.2354,3992.7185764567535,-4243.467385405467,3720.610487840856,-5328.224607161263,-2357.719155757099,3720.610487840856,32.7218,-156.1308,9
2992,STARLINK-3623,satellite,2,172,53.199,284.7363,115.6445,326.649,82.2934,6912.2173,545.2116,4202.656994073744,147.26902665882943,5482.898576457373,-1256.1394241533385,-4013.2440398183753,5482.898576457373,52.6838,-107.38,68
2993,STARLINK-3624,satellite,2,172,53.2097,284.7226,111.0834,305.9504,57.0338,6915.638,543.0682,4314.547263668548,-2754.818488775983,4643.798954432339,-4030.814817446498,-3155.4516164862207,4643.798954432339,42.3898,-141.945,23
2994,STARLINK-3629,satellite,2,172,53.2094,284.71,68.4741,53.9847,122.4588,6915.4718,543.036,2436.1868433355135,4474.5631786332815,4670.173281591576,3412.1630493270545,-3783.3669264332434,4670.173281591576,42.6869,-47.9532,9
2995,STARLINK-3620,satellite,2,172,53.2069,284.7475,116.2621,305.8858,62.1478,6914.7262,543.7292,4361.113205536757,-2190.829477848195,4893.317886843424,-3514.262435399267,-3386.5914615815855,4893.317886843424,45.2526,-136.0599,28
2996,STARLINK-3608,satellite,2,172,53.221,284.7093,90.6197,51.6995,142.3192,6919.6737,540.8841,1058.0377101384795,5935.0001630243005,3384.971677021617,5247.262583261952,-2968.1486003016526,3384.971677021617,29.4654,-29.495,3
2997,STARLINK-3625,satellite,2,172,53.2066,284.6817,62.4442,54.7017,117.1459,6914.5466,543.7971,2763.8531551978845,3983.7891483180124,4924.750521006173,2840.4490700373517,-3929.54314421888,4924.750521006173,45.6233,-54.1389,22
2998,STARLINK-3615,satellite,2,171,53.1991,274.5999,67.8847,29.4232,97.3079,6912.2197,545.2052,4021.898136525007,1205.3665195598446,5487.912747034281,-198.03571237703804,-4193.966490529277,5487.912747034281,52.7524,-92.7035,54
2999,STARLINK-3611,satellite,2,172,53.2191,284.7545,84.6928,52.4365,137.1293,6918.5996,541.2876,1432.9301604918408,5616.651939487526,3766.9958530872536,4822.520989101691,-3216.1093208828916,3766.9958530872536,33.1808,-33.6991,3
3000,STARLINK-3617,satellite,2,172,53.2183,284.7457,80.5492,141.832,222.3812,6918.6732,550.6308,-4003.481909934744,4233.941800604958,-3737.256433216018,5322.811993407017,2371.034174559094,-3737.256433216018,-32.8359,24.0105,4
3001,STARLINK-3580,satellite,2,172,53.2306,284.7107,121.3439,81.0886,202.4326,6922.5065,545.5307,-3153.9000228018176,5786.68334669308,-2115.7993694975603,6505.494339782954,1054.1977536384147,-2115.7993694975603,-17.9024,9.2046,4
3002,STARLINK-3616,satellite,2,136,53.2354,294.8904,56.7169,310.3509,7.0678,6924.0674,539.9185,3351.6303541671887,-6013.168149775891,681.8993251906387,-6784.772962463827,-1165.5355319654232,681.8993251906387,5.6918,-170.2525,4
3003,STARLINK-3628,satellite,2,172,53.2359,284.7736,128.3522,48.8337,177.1859,6924.2116,540.1474,-1565.4596735952173,6733.312571273346,272.09811180370065,6871.170441961755,-758.4055179332605,272.09811180370065,2.268,-6.2985,4
3004,STARLINK-3632,satellite,2,136,53.2013,294.718,57.9558,49.3575,107.3133,6913.112,544.7388,2729.7920876192047,3520.5251493810256,5282.721286882108,2414.7594541854387,-3743.6344569782386,5282.721286882108,50.034,-57.1767,23
3005,STARLINK-3646,satellite,2,172,53.2093,284.7251,71.3931,165.7846,237.1777,6915.5851,554.7021,-4323.700052677672,2743.6915534650334,-4659.131275491705,4023.3570378301256,3167.7789746481794,-4659.131275491705,-42.4738,38.215,4
3006,STARLINK-3638,satellite,2,136,53.2255,294.7105,97.0929,50.331,147.4239,6920.7144,540.1472,-411.0385252213941,6224.6664547644195,2981.947355846164,6008.1592359070655,-1678.5254654816104,2981.947355846164,25.6867,-15.609,6
3007,STARLINK-3619,satellite,2,136,53.2042,294.7477,120.555,306.709,67.2639,6913.8428,544.3094,4585.150803048961,-827.45927639281,5103.947486247324,-2302.5663800286943,-4050.4919215263967,5103.947486247324,47.7846,-119.6168,70
3008,STARLINK-3641,satellite,2,136,53.2286,294.7509,117.7701,89.6197,207.3898,6921.6447,546.3868,-4304.081050271837,4783.057749607277,-2550.668176738317,5940.574939124371,2472.3115734136013,-2550.668176738317,-21.7453,22.5958,4
3009,STARLINK-3639,satellite,2,136,53.212,294.7078,73.0903,54.2066,127.2969,6916.4812,542.4888,1240.7002448691358,5181.177208827616,4403.492266363966,4475.548562213344,-2890.2248068555386,4403.492266363966,39.7491,-32.8536,5
3010,STARLINK-3631,satellite,2,136,53.2154,294.7526,73.1534,154.2032,227.3566,6917.6331,552.2076,-4732.820398986954,2982.152146040037,-4078.4477872329508,4384.102613673233,3474.545239881295,-4078.4477872329508,-36.2636,38.398,4
3011,STARLINK-3602,satellite,2,136,53.2344,294.7224,118.6985,48.7036,167.4021,6923.6488,539.5787,-2002.9846453595035,6509.4639586838475,1208.573821250132,6805.249419985963,-271.3832174815771,1208.573821250132,10.1238,-2.2837,5
3012,STARLINK-3626,satellite,2,136,53.1985,294.7327,87.9836,179.3084,267.292,6912.0458,559.1762,-3899.7441531337,-1436.232730220061,-5537.654757916516,-60.288566385202145,4155.3741352637635,-5537.654757916516,-53.2828,90.8312,4
3013,STARLINK-3573,satellite,2,136,53.2129,294.7055,108.3482,198.9057,307.2539,6916.4937,553.6397,-1246.2772504899276,-5186.479286807201,-4413.166394912943,-4478.698734088066,2897.245593118889,-4413.166394912943,-39.7766,147.1014,15
3014,STARLINK-3586,satellite,2,136,53.2357,294.9354,132.76,54.4994,187.2594,6924.0778,541.6264,-3368.4118020487185,6003.602642039007,-700.4546946677193,6781.320382557093,1184.5406792485278,-700.4546946677193,-5.8457,9.9083,5
3015,STARLINK-3634,satellite,2,136,53.2283,294.7496,76.5065,310.6611,27.1675,6921.6728,539.6103,4291.992112002964,-4795.633721044879,2529.071778521702,-5948.424946850404,-2456.733548353626,2529.071778521702,21.5744,-157.5591,9
3016,STARLINK-3637,satellite,2,136,53.2248,294.7065,74.8703,252.3495,327.2198,6920.6543,547.8078,394.17966765857216,-6224.665248454381,-3001.8293194205926,-6002.561856246687,1694.4279942338649,-3001.8293194205926,-25.8395,164.2365,13
3017,STARLINK-3592,satellite,2,136,53.2357,294.7208,47.552,299.6659,347.2178,6923.624,542.7414,1989.8905949707587,-6513.4598396316105,-1226.5377743616539,-6804.672200580972,285.0612304180451,-1226.5377743616539,-10.2711,177.6012,5
3018,STARLINK-3544,satellite,2,136,53.216,294.756,100.5284,306.7049,47.2333,6917.6315,541.8099,4724.962759456324,-2989.879381637166,4064.289935484138,-4388.7833833983395,-3464.568112852567,4064.289935484138,36.1812,-141.7119,13
3019,STARLINK-3601,satellite,2,171,53.2303,274.7154,52.8935,284.3214,337.2149,6922.3891,545.0451,-1074.4804960633674,-6491.321389024699,-2147.1097022729828,-5766.581239481606,3168.328032336444,-2147.1097022729828,-18.1776,151.2143,11
3020,STARLINK-3605,satellite,2,171,53.218,274.7845,99.1582,217.9622,317.1205,6918.5805,550.8702,-2387.610515238054,-5290.394548815431,-3772.787178284397,-4197.860023821551,4008.3574784457887,-3772.787178284397,-33.1862,136.3229,18
3021,STARLINK-3606,satellite,2,172,53.2058,284.7496,72.3025,170.0503,242.3528,6914.6337,555.9718,-4370.085270492055,2171.5561672190115,-4911.121692172958,3499.0602042510104,3401.4525052961453,-4911.121692172958,-45.3597,44.1896,3
3022,STARLINK-3609,satellite,2,172,53.2215,284.7071,89.7229,232.487,322.2099,6919.6396,549.3956,-1067.6322366889167,-5936.007687217285,-3397.512793959065,-5245.028107762948,2977.533543773557,-3397.512793959065,-29.5451,150.417,16
3023,STARLINK-3607,satellite,2,172,53.2009,284.6814,97.7544,184.5153,282.2697,6912.6069,558.705,-3547.416914535237,-2450.468062979212,-5417.474835226734,-1133.9687375715307,4159.696550882314,-5417.474835226734,-51.6578,105.2488,4
3024,STARLINK-3613,satellite,2,171,53.2004,274.9618,121.3889,315.737,77.1259,6912.5961,545.0071,4153.2578797724855,-1184.8505251631761,5394.064189786427,-2496.327463701051,-3524.4532876523667,5394.064189786427,51.489,-125.3095,48
3025,STARLINK-3569,satellite,2,172,53.2093,284.7093,108.6246,193.6312,302.2558,6915.4769,554.9812,-2453.2999844966384,-4464.19611993983,-4688.727187247051,-3396.703171674561,3796.0684101782226,-4688.727187247051,-42.8048,131.822,15
3026,STARLINK-3610,satellite,2,171,53.1993,274.7411,81.1364,176.1843,257.3207,6912.6017,558.6588,-4158.166519684809,1180.062394539921,-5408.792664903376,2493.44023564163,3530.6730026608784,-5408.792664903376,-51.5428,54.7694,4
3027,STARLINK-3552,satellite,2,171,53.2361,274.7579,50.341,306.8235,357.1645,6924.1952,540.9779,369.05060843624426,-6903.788728889778,-274.202398412351,-6634.836272570344,1943.564972136914,-274.202398412351,-2.2853,163.6729,4
3028,STARLINK-3599,satellite,2,171,53.2066,274.7119,107.6075,189.6706,297.2781,6914.5599,556.0494,-3412.360096935599,-3465.052022657695,-4927.646604515554,-2135.8555735695227,4369.085478648194,-4927.646604515554,-45.554,116.052,8
3029,STARLINK-3604,satellite,2,171,53.1987,274.7252,95.7966,181.4778,277.2744,6912.174,558.8087,-4027.8408928565063,-1212.5722348891036,-5499.098315282754,193.2112526415245,4201.964194855038,-5499.098315282754,-52.7573,87.3673,4
3030,STARLINK-3542,satellite,2,151,53.234,324.7184,112.6947,49.7389,162.4336,6923.1115,539.5583,-4661.0898246067,4828.561876866091,1672.2359467214278,6102.00677466584,2793.97234662566,1672.2359467214278,14.0749,24.602,4
3031,STARLINK-3545,satellite,2,151,53.2017,324.6593,84.2623,178.1065,262.3688,6912.172,559.0688,-3127.723191182212,-2821.2630241306892,-5495.054945270259,-1623.054876108307,3886.8843925600786,-5495.054945270259,-52.6993,112.6641,4
3032,STARLINK-3568,satellite,2,151,53.2337,324.7558,131.1197,66.097,197.2166,6923.1529,543.7289,-6106.372715255828,2813.362802160883,-1640.9499097704258,4680.8300649503435,4826.243663270674,-1640.9499097704258,-13.7979,45.8763,4
3033,STARLINK-3571,satellite,2,151,53.2015,324.7515,80.6532,176.4863,257.1396,6912.6002,558.4719,-3591.9091013259977,-2412.5404306822857,-5404.945034260668,-1083.4226385491581,4189.07599694066,-5404.945034260668,-51.4936,104.5007,4
3034,STARLINK-3563,satellite,2,151,53.2071,324.7514,71.0016,171.2758,242.2774,6914.6619,556.0355,-4748.605563334447,-1138.8673714977738,-4907.873977434507,501.9923515179916,4857.394092001446,-4907.873977434507,-45.321,84.0997,4
3035,STARLINK-3560,satellite,2,157,53.2282,314.72,102.1973,50.0127,152.2101,6921.5784,539.8434,-2933.136748630238,5704.776064134293,2582.4936213381725,6354.949716192751,873.1410153843384,2582.4936213381725,22.0525,7.8232,6
3036,STARLINK-3559,satellite,2,157,53.206,314.7088,63.6677,53.7441,117.4119,6914.557,543.641,373.1009303157143,4846.215419956825,4912.858776855461,4447.576435457877,-1960.630523987005,4912.858776855461,45.4839,-23.7894,13
3037,STARLINK-3562,satellite,2,157,53.2331,314.7472,132.2539,65.1626,197.4164,6923.1356,543.7316,-5529.220437755148,3816.978879607394,-1659.3877162214642,5435.955475276544,3948.6699643638367,-1659.3877162214642,-13.956,35.9946,4
3038,STARLINK-3508,satellite,2,157,53.2182,314.7089,86.0292,51.3195,137.3487,6918.6515,541.1661,-1583.795197608685,5586.445100374911,3751.3460687905676,5795.418892412916,-360.4108057961635,3751.3460687905676,33.0262,-3.5586,11
3039,STARLINK-3555,satellite,2,157,53.2079,314.7533,70.921,166.441,237.362,6915.535,554.5544,-5108.2606960280855,193.27099423552968,-4668.560034351162,1877.982336301792,4754.457209854411,-4668.560034351162,-42.5808,68.4463,4
3040,STARLINK-3548,satellite,2,157,53.2214,314.6788,91.8159,125.6229,217.4388,6919.6811,549.0325,-5655.995781845947,2136.593345223232,-3370.4452506311904,3892.9335603710915,4626.055306808145,-3370.4452506311904,-29.2887,49.9186,4
3041,STARLINK-3503,satellite,2,157,53.2,314.7258,95.6979,181.603,277.3009,6912.1897,559.0377,-2303.6172571121597,-3520.0728239377695,-5499.048706356231,-2555.8000953486485,3341.474379028816,-5499.048706356231,-52.7541,127.4114,4
3042,STARLINK-3553,satellite,2,157,53.2056,314.572,105.2414,186.9121,292.1535,6913.7527,557.209,-903.7285600908123,-4555.2718060069565,-5135.021140596417,-3996.989783534374,2364.5928206030585,-5135.021140596417,-48.0502,149.3917,14
3043,STARLINK-3590,satellite,2,157,53.2062,314.7142,106.8222,190.4214,297.2436,6914.5448,556.0502,-389.97924474000564,-4846.012781604862,-4929.146407702552,-4441.782586684095,1976.4845416637158,-4929.146407702552,-45.5718,156.0121,14
3044,STARLINK-3578,satellite,2,157,53.201,314.7439,80.9158,176.3927,257.3085,6912.5771,558.5696,-3944.4944138836486,-1767.7362788059336,-5408.5839297598695,-358.14055076608787,4307.628474980511,-5408.5839297598695,-51.5409,94.7527,4
3045,STARLINK-3588,satellite,2,157,53.2374,314.7296,50.7282,306.4805,357.2086,6924.2063,540.9905,4720.341246287341,-5051.671262340595,-269.94334884519986,-6332.133758214573,-2775.8036840235545,-269.94334884519986,-2.2498,-156.3289,4
3046,STARLINK-3591,satellite,2,157,53.2182,314.7093,106.2393,210.9889,317.2282,6918.5882,550.9085,1574.5491493036006,-5591.774667414948,-3765.1852129724157,-5797.377068139792,370.9017181452817,-3765.1852129724157,-33.1107,176.3393,10
3047,STARLINK-3567,satellite,2,157,53.2341,314.7444,66.7869,310.4299,17.2168,6923.1558,539.5988,5521.005276759832,-3829.7869578739296,1639.9992971578954,-5445.31031643976,-3936.669019156409,1639.9992971578954,13.7982,-144.1351,9
3048,STARLINK-3554,satellite,2,157,53.2305,314.7171,53.2998,283.908,337.2078,6922.3893,545.0839,3349.057433506961,-5663.328096381059,-2147.7640128491703,-6453.915414157177,-1279.2367439577988,-2147.7640128491703,-18.1833,-168.7887,5
3049,STARLINK-3574,satellite,2,157,53.2222,314.7532,88.6119,308.602,37.214,6919.7317,540.6179,5654.307969238961,-2147.4834515192615,3349.124104105903,-3902.6459137278644,-4620.848261695195,3349.124104105903,29.1249,-130.1835,28
3050,STARLINK-3585,satellite,2,157,53.2307,314.6278,109.7222,47.7712,157.4934,6922.4434,539.1121,-3360.2516421482983,5659.754025764947,2120.448359731697,6454.259880313115,1290.9826211469303,2120.448359731697,17.9603,11.311,5
3051,STARLINK-3583,satellite,2,157,53.2093,314.7503,111.7313,305.5152,57.2465,6915.5466,543.1256,5104.804001028935,-204.80828301775247,4654.932208893663,-1887.718001069221,-4747.366751174058,4654.932208893663,42.5145,-111.6845,93
3052,STARLINK-3556,satellite,2,120,53.2287,304.7104,102.5032,49.9728,152.476,6921.6141,539.836,-1919.4275062051254,6130.344227633989,2559.752962640528,6419.889963618378,-224.3549774224227,2559.752962640528,21.8485,-2.0015,6
3053,STARLINK-3575,satellite,2,157,53.1993,314.7233,66.0932,31.2579,97.3512,6912.1737,545.1918,2294.6574336494346,3516.9345755102718,5487.37903557975,2555.8139750339274,-3331.980862976782,5487.37903557975,52.7453,-52.5098,13
3054,STARLINK-3572,satellite,2,120,53.2345,304.7403,133.2515,59.1572,192.4087,6923.6832,542.6601,-4582.78040469018,5046.55013041783,-1191.2508967537985,6281.640139646952,2647.742739090928,-1191.2508967537985,-9.9727,22.8557,4
3055,STARLINK-3566,satellite,2,157,53.2004,314.4591,120.0484,317.4363,77.4846,6912.5562,544.9883,3932.9675057860695,1761.4495001820735,5401.633461986591,356.0365629505849,-4294.668288599611,5401.633461986591,51.59,-85.2609,68
3056,STARLINK-3504,satellite,2,120,53.2116,304.7549,71.7223,160.6487,232.371,6916.5264,553.4135,-5107.219479399813,1600.9068374961341,-4390.932869305191,3205.4569974567908,4286.214991173223,-4390.932869305191,-39.5388,53.2089,4
3057,STARLINK-3570,satellite,2,120,53.2353,304.7298,117.2467,49.9919,167.2386,6923.6466,539.6126,-3091.775091695862,6065.364686176912,1224.023319319289,6747.751767843257,903.0880762811069,1224.023319319289,10.2545,7.6229,5
3058,STARLINK-3576,satellite,2,120,53.2349,304.9056,121.9234,50.3737,172.2971,6924.022,539.9277,-3467.6976347987716,5939.65534641138,742.8052798512184,6753.956619050062,1299.4239140989177,742.8052798512184,6.202,10.8903,5
3059,STARLINK-3577,satellite,2,120,53.2263,304.7517,106.4116,105.9989,212.4105,6920.7107,547.714,-5155.870741118388,3535.3057838706873,-2971.7400744435267,5046.321573362378,3689.990333701115,-2971.7400744435267,-25.5624,36.1752,4
3060,STARLINK-3584,satellite,2,120,53.2034,304.716,104.3789,187.8426,292.2214,6913.7691,556.9882,-1664.3825818186892,-4338.527587935199,-5132.230253674954,-3540.038788127479,3010.1688305623647,-5132.230253674954,-48.0177,139.6248,11
3061,STARLINK-3565,satellite,2,120,53.202,304.7437,78.7168,173.5573,252.2741,6913.1738,558.0187,-4447.428182781399,-519.1638948849776,-5280.942643122886,986.5826650189537,4367.585515572019,-5280.942643122886,-49.8804,77.2712,4
3062,STARLINK-3551,satellite,2,120,53.215,304.7077,105.131,207.0921,312.2231,6917.5306,552.1519,125.30901115695212,-5572.371351846047,-4105.772964929695,-5298.003508015037,1731.5263960483069,-4105.772964929695,-36.5455,161.9013,17
3063,STARLINK-3536,satellite,2,120,53.1992,304.7311,91.4357,180.885,272.3208,6912.0405,559.3044,-3246.0752730735558,-2591.449870953034,-5539.443216369328,-1366.9859730934315,3922.2399800991093,-5539.443216369328,-53.3061,109.2146,4
3064,STARLINK-3547,satellite,2,120,53.2353,304.7431,61.5166,310.6833,12.1999,6923.6911,539.6331,4571.96673911799,-5056.962591502352,1171.015088191516,-6287.872634589479,-2634.0858464818743,1171.015088191516,9.806,-157.2704,9
3065,STARLINK-3549,satellite,2,120,53.2257,304.7542,82.9406,309.259,32.1996,6920.77,540.2337,5147.688104211416,-3549.779096217176,2951.294312394714,-5057.2580230188205,-3677.4672994864186,2951.294312394714,25.4037,-143.9766,9
3066,STARLINK-3587,satellite,2,120,53.2361,304.7259,47.7018,304.4135,352.1154,6924.0464,541.8798,3437.641507484894,-5957.128825462784,-760.4466425024964,-6760.462287954156,-1265.2717614379485,-760.4466425024964,-6.3481,-169.3993,4
3067,STARLINK-3579,satellite,2,120,53.2031,304.7452,118.8824,313.2117,72.0941,6913.2361,544.6637,4447.271651249198,498.9735267009494,5265.538001118125,-1005.5762418919758,-4360.735734035664,5265.538001118125,49.8137,-102.9853,76
3068,STARLINK-3595,satellite,2,120,53.2133,304.7548,106.3458,305.8767,52.2224,6916.5952,542.4955,5101.770227049911,-1613.8742527588631,4375.3463965164,-3215.880275098496,-4276.770231093004,4375.3463965164,39.446,-126.941,58
3069,STARLINK-3594,satellite,2,120,53.1982,304.7275,84.2022,8.1497,92.3519,6912.0169,545.1784,3237.4827862511406,2589.044577114757,5527.947562584061,1367.569311310993,-3913.3362738614933,5527.947562584061,53.3037,-70.7373,43
3070,STARLINK-3593,satellite,2,120,53.2278,304.933,61.9937,270.0693,332.063,6921.5508,546.4289,1910.069873603858,-6124.730847422011,-2597.5095803525287,-6411.488637389277,231.31867205219703,-2597.5095803525287,-22.1651,177.9337,7
3071,STARLINK-3598,satellite,2,120,53.204,304.7139,61.214,51.1044,112.3184,6913.7261,544.1592,1653.0688123381842,4337.790202764303,5119.224904808742,3543.098782244823,-2999.251800162568,5119.224904808742,47.9747,-40.2481,6
3072,STARLINK-3597,satellite,2,120,53.2165,304.7074,79.4189,52.9743,132.3932,6917.5679,541.8432,-140.62560089121476,5571.813238235866,4088.6980760189654,5302.5613315471965,-1716.8930212994908,4088.6980760189654,36.4325,-17.9412,11
3073,STARLINK-3699,satellite,2,115,53.0668,336.4199,108.0582,49.5978,157.6559,6929.9292,547.0915,-5236.0993273564945,4011.0355806589764,2103.850803919619,5521.708224119385,3607.7528855158275,2103.850803919619,17.7938,33.1596,4
3074,STARLINK-3677,satellite,3,186,53.0732,336.5108,125.8926,51.6113,177.5039,6931.7276,548.069,-6273.983316533273,2924.201698615406,241.13752856146877,4841.021973306491,4947.557830312528,241.13752856146877,2.0075,45.6236,3
3075,STARLINK-3671,satellite,2,115,53.0468,336.5133,66.6771,170.8082,237.4853,6923.0704,562.3098,-4816.945355631857,-1737.6388452463996,-4670.376995914021,-40.14250612703622,5120.619092927573,-4670.376995914021,-42.5423,90.4492,4
3076,STARLINK-3679,satellite,3,186,53.0694,336.4489,132.1626,65.4585,197.6211,6930.5932,551.1885,-6556.505279143196,1483.1585794531625,-1676.4858166137426,3575.4708888728414,5692.409750717264,-1676.4858166137426,-14.0871,57.8666,4
3077,STARLINK-3672,satellite,2,115,53.0369,336.5024,79.1083,178.374,257.4823,6920.1298,565.8598,-2999.8192616299652,-3132.193508775858,-5406.356438808971,-1958.8123120796688,3869.4451934235835,-5406.356438808971,-51.4357,116.8497,4
3078,STARLINK-3660,satellite,2,151,53.2367,324.7359,50.1479,306.8875,357.0355,6924.2259,541.0298,5518.252470748651,-4164.2607274320935,-286.67149926269565,-5759.905020328505,-3823.044845898534,-286.67149926269565,-2.3893,-146.4264,4
3079,STARLINK-3649,satellite,2,139,53.1986,344.7264,81.2895,11.0454,92.3349,6911.9967,545.2254,817.9189819431888,4063.818962569645,5528.080845915726,3561.887428896349,-2120.5126657093488,5528.080845915726,53.3051,-30.7668,8
3080,STARLINK-3635,satellite,2,139,53.2366,344.7408,61.8308,310.3788,12.2096,6923.7025,539.6333,6752.77838027794,-934.6269536837534,1171.9523790926821,-3123.1942237596627,-6059.637054838814,1171.9523790926821,9.8139,-117.267,5
3081,STARLINK-3655,satellite,2,139,53.2272,344.7561,83.5829,308.6623,32.2451,6920.714,540.2717,6223.002701090601,593.1716859447894,2955.086091620593,-1506.1673140600742,-6067.048317661938,2955.086091620593,25.4385,-103.942,62
3082,STARLINK-3664,satellite,2,139,53.2385,344.8215,128.7381,58.456,187.1941,6924.0553,541.9048,-6761.6426104114635,1296.999090112362,-694.2399875976639,3467.961642107322,5947.710440123707,-694.2399875976639,-5.7935,59.7546,4
3083,STARLINK-3651,satellite,2,139,53.2056,344.7565,119.6168,307.4875,67.1043,6913.8226,544.2194,3596.5733952758383,2971.9718720874457,5098.014017366538,1609.5849864864947,-4379.177224931894,5098.014017366538,47.7123,-69.8189,57
3084,STARLINK-3645,satellite,2,139,53.2371,344.5692,48.907,303.3848,352.2918,6923.9895,541.7863,6462.1675915722435,-2359.968504566697,-743.5351311547458,-4371.248988907446,-5312.367043144612,-743.5351311547458,-6.2065,-129.449,4
3085,STARLINK-3644,satellite,2,139,53.2371,344.7408,130.8478,61.5726,192.4205,6923.6799,542.6472,-6754.377372482157,919.2408497847704,-1192.397045913798,3109.2113205353157,6066.252747295239,-1192.397045913798,-9.9824,62.8629,4
3086,STARLINK-3640,satellite,2,139,53.2049,344.7138,105.6729,186.6432,292.3161,6913.7444,557.0031,1524.531985165646,-4393.580860416258,-5128.883584160711,-4650.520032888092,20.346363697370016,-5128.883584160711,-47.9762,179.7493,9
3087,STARLINK-3642,satellite,2,139,53.2271,344.7538,106.6513,105.7774,212.4287,6920.7054,547.6733,-6221.161961034771,-607.4878104706755,-2973.2325188586283,1492.0519127066054,6070.064140936652,-2973.2325188586283,-25.5763,76.1902,4
3088,STARLINK-3657,satellite,2,151,53.2298,324.7468,72.1463,310.0537,22.2,6922.4608,539.6639,6131.734204129119,-2418.4956540243684,2093.1967851550758,-4316.771275812368,-4981.241946637703,2093.1967851550758,17.7205,-130.9124,4
3089,STARLINK-3652,satellite,2,139,53.2041,344.7442,76.9969,175.3544,252.3514,6913.1255,557.9542,-3064.965267901137,-3260.2315981388547,-5283.306704724526,-2057.965404835609,3973.3991190721235,-5283.306704724526,-49.9113,117.3813,5
3090,STARLINK-3643,satellite,2,151,53.1989,324.7376,115.1531,327.1689,82.322,6912.1932,545.3447,3122.135971878545,2816.5566708671186,5483.3640219383915,1620.4700406553598,-3880.0517205885894,5483.3640219383915,52.6887,-67.3326,33
3091,STARLINK-3648,satellite,2,139,53.2173,344.7079,106.7722,205.4806,312.2528,6917.4665,552.4157,3680.9864841682943,-4187.4371597682075,-4104.125892471626,-5171.892966634827,-2082.261896426698,-4104.125892471626,-36.5268,-158.0697,4
3092,STARLINK-3647,satellite,2,151,53.2006,324.7225,59.4887,42.8657,102.3544,6912.5329,544.9908,1128.2302446247247,4154.716430716013,5404.981105549205,3544.6240500520785,-2443.4018188460072,5404.981105549205,51.6346,-34.5795,7
3093,STARLINK-3636,satellite,2,151,53.2203,324.7552,94.8167,307.3348,42.1515,6918.7682,541.3389,5788.81779479724,-689.0324547598431,3715.942899905001,-2571.5418734393816,-5231.859093880629,3715.942899905001,32.6751,-116.1748,78
3094,STARLINK-3538,satellite,2,151,53.21,324.7084,68.1044,54.2913,122.3958,6915.4934,543.138,-1003.2224671205709,4991.998006651789,4673.538216885837,5041.958858684319,-710.7392519663156,4673.538216885837,42.7241,-8.0238,17
3095,STARLINK-3589,satellite,2,151,53.2067,324.7534,116.0312,306.2413,62.2725,6914.628,543.6894,4740.452580911072,1136.591524931466,4898.875601252221,-501.43279795290914,-4848.947939043024,4898.875601252221,45.3184,-95.904,105
3096,STARLINK-3618,satellite,2,151,53.2003,324.7206,98.8545,183.3814,282.2359,6912.5505,558.607,-1143.0779189623331,-4156.288202787215,-5418.047055513095,-3541.1780635807354,2457.9293471257524,-5418.047055513095,-51.6664,145.2355,9
3097,STARLINK-3653,satellite,2,151,53.2364,324.6437,53.1499,309.1195,2.2694,6924.2187,540.3471,5732.940599317282,-3866.5679128105053,219.47104110807138,-5550.3569493746945,-4124.377901478504,219.47104110807138,1.8292,-143.3846,4
3098,STARLINK-3659,satellite,2,151,53.2059,324.7214,106.6435,190.4971,297.1406,6914.5307,556.0074,447.0288434267056,-4836.414059988085,-4933.639936459696,-4710.5701840272,1183.750095188927,-4933.639936459696,-45.6253,165.8939,11
3099,STARLINK-3668,satellite,2,151,53.2102,324.7468,107.4878,194.7561,302.2439,6915.4633,554.9465,992.2368340553132,-4995.662098630949,-4689.370787156103,-5041.768545483216,722.318262492337,-4689.370787156103,-42.8123,171.8469,9
3100,STARLINK-3712,satellite,2,132,53.2348,34.741,66.6953,310.4124,17.1077,6923.2219,539.6609,4738.155104411434,4767.871349465103,1629.9440184508449,2924.709389404107,-6052.172005655636,1629.9440184508449,13.7118,-64.2079,9
3101,STARLINK-3716,satellite,2,132,53.2367,34.7248,51.0487,306.1486,357.1974,6924.2061,541.1353,5795.449472809791,3770.302215286873,-271.03536921666375,1632.7389162257014,-6718.376069998651,-271.03536921666375,-2.2588,-76.3405,7
3102,STARLINK-3673,satellite,2,132,53.2141,34.7628,106.2536,305.7698,52.0233,6916.6264,542.4029,1633.7892595548567,5105.466038654727,4363.554838013874,4273.645763016247,-3235.89287658706,4363.554838013874,39.32,-37.1321,5
3103,STARLINK-3714,satellite,2,132,53.2234,34.7532,87.8405,309.3669,37.2074,6919.7491,540.6336,3097.371404839713,5195.420217185735,3348.6789644926766,3872.668143362204,-4646.347200118449,3348.6789644926766,29.1205,-50.1892,4
3104,STARLINK-3701,satellite,2,132,53.2004,34.7242,66.9115,30.3344,97.2459,6912.1125,544.9497,-3055.1127374021476,2878.2284477397943,5488.557021963196,3729.162097449855,1926.4638295485515,5488.557021963196,52.764,27.3206,10
3105,STARLINK-3717,satellite,2,112,53.2269,24.7497,104.5823,107.8063,212.3886,6920.7237,547.8504,-4379.006335776294,-4462.935297054171,-2970.0326736337333,-2756.282015094209,5612.165126555805,-2970.0326736337333,-25.5461,116.1569,8
3106,STARLINK-3665,satellite,2,132,53.201,34.7392,119.9589,317.3005,77.2593,6912.5824,544.952,-1048.303869237208,4186.031057373563,5396.906441485365,4296.656346542591,-400.67599786986426,5396.906441485365,51.5274,-5.3276,17
3107,STARLINK-3702,satellite,2,132,53.2084,34.7099,63.6247,53.7293,117.3539,6914.5787,543.686,-4703.7239678184005,1213.8234304948983,4915.613867190864,2706.382940627042,4034.0894715574427,4915.613867190864,45.5161,56.1432,4
3108,STARLINK-3703,satellite,2,132,53.2109,34.9428,105.984,311.1516,57.1356,6915.5778,542.4859,1083.0241899361854,4997.644324585811,4648.812805186609,4354.762374205644,-2680.56614454009,4648.812805186609,42.4505,-31.6143,5
3109,STARLINK-3709,satellite,2,112,53.2028,24.7156,60.2097,46.9509,107.1606,6913.0475,544.5846,-3505.6552792482275,2740.059172552371,5287.063399667688,3748.3833752396827,2397.3246084408597,5287.063399667688,50.0916,32.6014,10
3110,STARLINK-3705,satellite,2,112,53.2039,24.7427,77.2715,175.0373,252.3088,6913.1137,558.0187,-257.21643382853864,-4468.860904630139,-5282.097111219767,-4130.086092077905,1726.0553151008323,-5282.097111219767,-49.8952,157.3189,10
3111,STARLINK-3706,satellite,2,112,53.2033,24.7163,101.7608,185.2454,287.0062,6913.0504,557.9543,3497.6158070308957,-2755.711735163893,-5301.696399525907,-3760.4797325348345,-2384.54517300619,-5301.696399525907,-50.148,-147.6209,4
3112,STARLINK-3670,satellite,2,132,53.2376,34.7258,126.3164,51.0664,177.3828,6924.2792,540.3774,-5787.990342159901,-3781.607922887157,253.08588273998288,-1645.879602945912,6715.092777913483,253.08588273998288,2.1094,103.7718,4
3113,STARLINK-3658,satellite,2,112,53.2174,24.7047,105.6768,206.5738,312.2507,6917.5266,552.2782,5511.143652714987,-842.1220629530404,-4104.187679145233,-2623.7780091048126,-4919.112002049858,-4104.187679145233,-36.5283,-118.0748,4
3114,STARLINK-3698,satellite,2,112,53.2,24.7264,91.4778,180.8322,272.3099,6912.0212,559.4139,1986.9278404429397,-3647.487944910828,-5539.63065247338,-4100.222732252078,-663.4938562792912,-5539.63065247338,-53.3075,-170.8081,7
3115,STARLINK-3687,satellite,2,112,53.2059,24.7129,104.9774,187.3255,292.303,6913.7387,557.0856,3990.7840830651303,-2386.682106645582,-5129.492751604783,-3576.0803365004076,-2972.2480553822083,-5129.492751604783,-47.983,-140.2684,4
3116,STARLINK-3708,satellite,2,112,53.2376,24.7368,63.1991,308.972,12.1711,6923.7281,539.7852,5776.111489759465,3622.2443197817647,1168.3546525642048,1499.4953562337412,-6650.987259870223,1168.3546525642048,9.7833,-77.2948,15
3117,STARLINK-3734,satellite,2,112,53.2371,24.6695,54.054,310.6581,4.7121,6915.0368,530.6538,6115.146746786499,3182.508270654329,454.6711433842392,972.1515267060315,-6824.829670888486,454.6711433842392,3.7968,-81.8931,7
3118,STARLINK-3736,satellite,2,112,53.2133,24.7507,107.3817,304.843,52.2247,6916.5919,542.5657,2475.400142956306,4743.887755251875,4375.521851937168,3653.1997002104845,-3909.7581578096115,4375.521851937168,39.4474,-46.9429,8
3119,STARLINK-3737,satellite,2,112,53.2369,24.7197,47.8062,304.3782,352.1844,6924.0304,541.7836,6462.701724804504,2355.2074231914808,-753.8283176666671,76.39044607662883,-6878.057871942892,-753.8283176666671,-6.2927,-89.3637,4
3120,STARLINK-3685,satellite,2,112,53.1995,24.727,86.2267,6.0847,92.3114,6911.973,545.1744,-1983.0578250108604,3639.932522012711,5528.1960370901825,4091.8110770315275,662.3512754005344,5528.1960370901825,53.3072,9.1948,18
3121,STARLINK-3735,satellite,2,112,53.2274,24.7483,83.2538,308.9419,32.1957,6920.7907,540.2807,4390.594247528635,4452.453907727134,2951.060404848912,2742.548371109679,-5619.616719936495,2951.060404848912,25.4014,-63.9862,19
3122,STARLINK-3738,satellite,2,112,53.2174,24.705,80.6147,51.8171,132.4318,6917.5383,541.7354,-5513.779445548189,826.0601219841907,4086.1749228543563,2609.501752545217,4926.930048493247,4086.1749228543563,36.4071,62.0925,5
3123,STARLINK-3743,satellite,2,112,53.2034,24.7421,120.918,311.352,72.27,6913.1298,544.5014,261.13753335906597,4461.275994026658,5270.610085752068,4121.629663962639,-1727.2362951694329,5270.610085752068,49.8804,-22.7369,11
3124,STARLINK-3558,satellite,2,112,53.236,24.7227,122.5127,49.9017,172.4144,6924.0376,539.8355,-6457.269081365515,-2371.393713330559,731.5649714399583,-93.46229158991979,6878.306254655539,731.5649714399583,6.1079,90.7785,4
3125,STARLINK-3534,satellite,2,112,53.2038,24.7113,61.4358,50.9616,112.3974,6913.7489,544.187,-3991.8535214895564,2375.7570886695985,5116.344025170347,3566.1297837652496,2976.8833780877,5116.344025170347,47.9388,39.854,7
3126,STARLINK-3678,satellite,2,113,53.2003,14.7331,88.1944,179.103,267.2974,6912.0421,559.4371,737.869657682171,-4089.7313612911626,-5538.017344064208,-4102.769416162507,661.5416517937733,-5538.017344064208,-53.2849,170.8403,7
3127,STARLINK-3726,satellite,2,112,53.23,24.7109,102.9251,49.4927,152.4177,6921.5911,539.7227,-6368.973088830182,-821.0873361338803,2564.7470882171897,1339.6292876262955,6280.397757430365,2564.7470882171897,21.8937,77.9591,4
3128,STARLINK-3725,satellite,2,113,53.2214,14.5766,93.9642,308.1845,42.1487,6918.7112,541.1214,4261.380357425552,3978.0393319338277,3715.6760654578907,2337.9260999848316,-5340.24915411955,3715.6760654578907,32.6737,-66.3565,59
3129,STARLINK-3727,satellite,2,113,53.2266,14.7071,77.3139,249.8461,327.1599,6920.6499,548.0569,6195.876224343546,-697.0936819059773,-3006.868172137003,-2714.267707246571,-5613.160660638292,-3006.868172137003,-25.885,-115.8063,4
3130,STARLINK-3732,satellite,2,113,53.2031,14.7158,102.4157,184.8677,287.2834,6913.0848,557.9938,2995.4140289394836,-3307.4328407261664,-5293.835580429287,-4114.213020248501,-1727.677176065927,-5293.835580429287,-50.0463,-157.2211,4
3131,STARLINK-3715,satellite,2,113,53.2365,14.719,47.7945,299.4207,347.2152,6923.6318,542.7502,6760.054915968628,828.2263644040935,-1226.7989815205124,-1462.7133685070328,-6651.674298941316,-1226.7989815205124,-10.2733,-102.402,4
3132,STARLINK-3661,satellite,2,113,53.2308,14.7459,76.9392,310.2956,27.2348,6921.6446,539.6808,5463.681573622116,3396.828971962503,2534.9616072887193,1390.5715477543326,-6281.4468216548485,2534.9616072887193,21.6269,-77.5173,41
3133,STARLINK-3718,satellite,2,113,53.2379,14.7355,57.0129,310.2115,7.2244,6924.0331,539.7406,6504.595920978251,2249.119225529765,696.9282556374303,-37.58899393680649,-6882.360965060561,696.9282556374303,5.8178,-90.3129,9
3134,STARLINK-3707,satellite,2,113,53.2001,14.7298,101.4752,345.8457,87.3209,6912.0015,545.3939,-738.9086841467085,4080.853222648357,5526.876597965525,4094.73958577055,-657.6144714272389,5526.876597965525,53.2865,-9.1238,16
3135,STARLINK-3721,satellite,2,113,53.2064,14.7471,115.9416,311.2758,67.2174,6913.8125,543.5684,1616.3494779752875,4371.193768512696,5101.814935073549,3586.7971651164535,-2975.702722576263,5101.814935073549,47.7651,-39.68,5
3136,STARLINK-3729,satellite,2,113,53.223,14.7167,90.3752,51.7985,142.1738,6919.6549,540.8432,-5926.759916201134,1067.9135569357907,3396.1366067078084,2974.7291457816805,5236.211319132634,3396.1366067078084,29.5722,60.3988,5
3137,STARLINK-3720,satellite,2,113,53.2045,14.7159,59.8175,47.5208,107.3383,6913.0811,544.6236,-2995.4230441136838,3298.1682970562733,5282.137219818952,4105.476785883226,1730.7610145506242,5282.137219818952,50.0276,22.859,13
3138,STARLINK-3733,satellite,2,113,53.2354,14.7173,117.4744,49.9537,167.4281,6923.682,539.7413,-6758.810947440999,-843.5902873861525,1206.165533845,1447.807677132117,6655.600868911676,1206.165533845,10.1032,77.7275,4
3139,STARLINK-3723,satellite,2,113,53.2137,14.7047,73.44,53.8998,127.3399,6916.5218,542.5408,-4890.4211940511605,2118.845616101689,4401.113821736489,3622.0622196777413,3909.781512678334,4401.113821736489,39.7231,47.1877,5
3140,STARLINK-3730,satellite,2,112,53.2144,24.7523,71.18,161.1968,232.3769,6916.5418,553.5167,-2463.1777102740084,-4751.395123474666,-4391.501549729192,-3664.3385826978924,3900.720805584674,-4391.501549729192,-39.5442,133.2103,15
3141,STARLINK-3682,satellite,2,113,53.2371,14.7318,132.3373,55.1229,187.4601,6924.0122,541.7247,-6498.7749350689055,-2264.7666149063753,-719.740711934147,20.896583524158945,6882.064138721126,-719.740711934147,-6.0072,89.826,4
3142,STARLINK-3761,satellite,2,138,53.2291,54.7001,116.0016,91.3357,207.3373,6921.6813,546.5543,-2000.1418216642403,-6117.78300865174,-2546.2303949022958,-5106.952974296708,3917.5078259067063,-2546.2303949022958,-21.705,142.5084,16
3143,STARLINK-3786,satellite,2,138,53.2365,54.7366,130.381,57.0156,187.3966,6924.0553,541.8439,-3526.446144501042,-5910.825161469261,-713.6505330344847,-4405.078371069004,5288.568903235017,-713.6505330344847,-5.9561,129.7924,4
3144,STARLINK-3795,satellite,2,138,53.2164,54.7524,73.4981,153.8349,227.333,6917.6354,552.1836,-218.44292064021548,-5590.810964542463,-4076.9369557833306,-5201.290249032919,2061.907926203575,-4076.9369557833306,-36.2482,158.3755,19
3145,STARLINK-3740,satellite,2,138,53.2042,54.7463,74.9768,172.1568,247.1335,6913.9633,557.2906,1567.4611987347578,-4402.631052351058,-5108.657343227973,-4673.307272016486,-17.144502985390645,-5108.657343227973,-47.7243,-179.7898,9
3146,STARLINK-3739,satellite,2,138,53.1982,54.7304,88.0304,179.239,267.2694,6912.0837,559.2424,3191.9927845627726,-2661.5176890021944,-5537.5824470722955,-3570.1761160646474,-2127.518941361964,-5537.5824470722955,-53.2811,-149.2087,4
3147,STARLINK-3748,satellite,2,138,53.2048,54.7261,102.9811,184.2486,287.2297,6913.1045,558.0911,4418.001632019095,-613.0679670673914,-5295.560457987206,-2044.846842219765,-3963.986900158903,-5295.560457987206,-50.0675,-117.2872,4
3148,STARLINK-3746,satellite,2,138,53.2287,54.669,77.6103,309.6176,27.2279,6921.6863,539.8639,2010.7391871187633,6111.690015200243,2534.3677179111423,5097.687704583796,-3925.4817522246312,2534.3677179111423,21.621,-37.5981,4
3149,STARLINK-3791,satellite,2,138,53.2134,54.7058,107.9928,199.2588,307.2516,6916.4788,553.5476,5114.610474766262,1513.7185859696667,-4413.268942076501,-269.89000786342746,-5327.076463666939,-4413.268942076501,-39.7783,-92.9003,6
3150,STARLINK-3804,satellite,2,138,53.2356,54.7456,48.227,298.9715,347.1984,6923.645,542.9095,4644.648669333104,4980.9433966910065,-1228.3967827445508,3156.7390082093175,-6034.696116344814,-1228.3967827445508,-10.2866,-62.386,6
3151,STARLINK-3788,satellite,2,138,53.2259,54.7048,75.6256,251.5739,327.1994,6920.6578,547.8927,5193.983296042219,3451.821304322186,-3003.5633408510234,1531.971160345121,-6045.295456833267,-3003.5633408510234,-25.8551,-75.7797,11
3152,STARLINK-3781,satellite,2,138,53.2372,54.7676,53.6531,308.3336,1.9867,6924.2366,540.4344,3871.6272447709543,5730.618119989707,192.14406780716732,4120.507682587461,-5554.358468567258,192.14406780716732,1.6013,-53.4301,5
3153,STARLINK-3782,satellite,2,159,53.2314,45.0947,106.9072,50.0829,156.9901,6922.3633,539.5981,-5639.651802381988,-3366.158478226053,2165.4655615950005,-1303.2273949603768,6437.258244755164,2165.4655615950005,18.3535,101.4449,4
3154,STARLINK-3790,satellite,2,138,53.2163,54.75,99.98,307.1832,47.1631,6917.6696,541.7873,233.8268404966314,5589.923149050402,4059.693104120942,5195.346133240449,-2076.124841971148,4059.693104120942,36.134,-21.7823,7
3155,STARLINK-3784,satellite,2,138,53.2365,54.7331,57.8015,309.3764,7.1779,6924.069,539.8232,3540.5168938259526,5902.57824217559,692.4636630787085,4392.628328855132,-5299.104277612493,692.4636630787085,5.7803,-50.3434,5
3156,STARLINK-3778,satellite,2,138,53.204,54.7437,123.2971,303.9,67.1971,6913.8131,544.2296,-1569.851182051143,4389.6521673566795,5101.387395133429,4661.857660807597,23.70726757931005,5101.387395133429,47.7538,0.2914,20
3157,STARLINK-3780,satellite,2,138,53.1987,54.7294,98.9122,348.3807,87.2929,6912.0158,545.3712,-3187.212178509917,2653.9483652625368,5526.631302188915,3561.449080675052,2125.522016371614,5526.631302188915,53.2834,30.8293,10
3158,STARLINK-3764,satellite,2,138,53.2257,54.7075,96.0576,51.3412,147.3988,6920.6916,540.2648,-5185.756796200692,-3465.8865385575814,2984.0479292452333,-1547.9696290938614,6042.204322505102,2984.0479292452333,25.7056,104.3697,4
3159,STARLINK-3779,satellite,2,138,53.2075,54.7454,115.2805,306.7603,62.0408,6914.6817,543.6087,-1115.2272616167254,4756.219349683645,4888.4428378715675,4856.728906668892,-526.8193945604613,4888.4428378715675,45.1962,-6.1908,18
3160,STARLINK-3783,satellite,2,159,53.237,44.7303,128.3744,54.0709,182.4453,6924.2187,541.3096,-4786.914629886706,-4990.781952190864,-236.51095204635317,-3118.7949865373907,6172.1612098264795,-236.51095204635317,-1.9709,116.8075,4
3161,STARLINK-3789,satellite,2,138,53.202,54.7139,58.1014,49.2457,107.3471,6913.0752,544.6431,-4415.258877446773,600.4781655432445,5281.728836678411,2032.0604574419035,3965.5788076228823,5281.728836678411,50.0222,62.8683,4
3162,STARLINK-3561,satellite,2,159,53.2199,44.7523,80.178,142.1754,222.3534,6918.6685,550.7579,-1667.0741307710152,-5584.847847445312,-3735.425279861365,-4714.796934919851,3426.419632658973,-3735.425279861365,-32.8172,143.9927,15
3163,STARLINK-3802,satellite,2,159,53.2,44.7355,84.2226,178.0555,262.2781,6912.2076,559.023,2231.7941848344667,-3574.251372484799,-5493.731140312288,-4112.421378221178,-918.7864632872174,-5493.731140312288,-52.6817,-167.406,5
3164,STARLINK-3822,satellite,2,138,53.2347,54.7188,117.4399,49.9671,167.407,6923.6828,539.7131,-4636.062298976937,-4989.478768661879,1208.1444681776723,-3167.640625925018,6029.429897420846,1208.1444681776723,10.1199,117.7158,5
3165,STARLINK-3776,satellite,2,159,53.2008,44.7201,98.6229,183.6594,282.2823,6912.5647,558.6306,3898.0128466549227,-1843.0988113068586,-5417.145442855059,-3032.524114909335,-3065.177788223862,-5417.145442855059,-51.6542,-134.6932,4
3166,STARLINK-3751,satellite,2,159,53.2319,44.7456,126.5531,75.8213,202.3745,6922.4736,545.0604,-3435.4736873458914,-5625.509706043344,-2110.493382800743,-4166.138834119914,5108.045235123884,-2110.493382800743,-17.8573,129.2008,6
3167,STARLINK-3772,satellite,2,159,53.2309,44.7119,53.5327,283.4717,337.0044,6922.3768,545.1352,5666.37662848677,3332.203471083501,-2165.913784059971,1262.3264822478434,-6451.196472033526,-2165.913784059971,-18.3421,-78.9286,6
3168,STARLINK-3753,satellite,2,159,53.2373,44.7298,53.5273,308.6552,2.1825,6924.2311,540.3674,4800.585758985341,4977.474347536804,211.07297982925994,3101.703861781781,-6180.639745493001,211.07297982925994,1.7591,-63.3506,8
3169,STARLINK-3771,satellite,2,159,53.2071,44.7195,106.6717,190.3778,297.0495,6914.5242,556.0332,4835.639006906461,-408.7071785197843,-4937.732353541953,-1990.7070269461135,-4425.78034879232,-4937.732353541953,-45.6735,-114.2181,4
3170,STARLINK-3777,satellite,2,159,53.231,44.7439,70.0505,312.039,22.0895,6922.555,539.4466,3455.5144350435435,5616.530500688773,2083.2698717098747,4151.016306695034,-5123.9690180087455,2083.2698717098747,17.6343,-50.9885,5
3171,STARLINK-3765,satellite,2,159,53.2231,44.7057,88.6182,233.5921,322.2103,6919.637,549.3048,5674.462893796681,2043.3462408268379,-3397.5089378559605,43.865629928583026,-6030.9923561125115,-3397.5089378559605,-29.5455,-89.5833,8
3172,STARLINK-3766,satellite,2,159,53.2004,44.7346,113.019,329.2728,82.2919,6912.2119,545.1804,-2228.5110337320352,3566.0503665797783,5482.953286119701,4103.595553407518,918.4117695800944,5482.953286119701,52.6849,12.6153,17
3173,STARLINK-3758,satellite,2,159,53.234,44.7153,48.8853,293.3099,342.1952,6923.0925,543.8635,5573.571436559084,3735.9991534227593,-1695.2480029090807,1674.0325782533373,-6497.69214104126,-1695.2480029090807,-14.2635,-75.5528,5
3174,STARLINK-3760,satellite,2,159,53.2103,44.3203,108.584,193.9043,302.4883,6915.5345,554.9054,5103.98175968904,95.98332879284048,-4676.718181458153,-1603.7088892479478,-4846.437908525363,-4676.718181458153,-42.67,-108.3096,3
3175,STARLINK-3769,satellite,2,159,53.2231,44.7046,90.0186,52.415,142.4336,6919.6923,540.8165,-5670.314132986534,-2061.3994666326516,3376.2851822188222,-62.27237183346646,6033.071546027483,3376.2851822188222,29.3828,90.5914,4
3176,STARLINK-3768,satellite,2,159,53.2205,44.7519,94.9301,307.2451,42.1752,6918.7729,541.2921,1681.8530786667966,5580.626460805798,3717.6150418870698,4705.909086056787,-3438.9593116283017,3717.6150418870698,32.6919,-36.1584,4
3177,STARLINK-3564,satellite,2,132,53.2341,34.7412,131.1935,66.2092,197.4027,6923.1532,543.7809,-4720.627186416073,-4781.43224851752,-1658.1516206712622,-2943.319694556739,6040.139448384305,-1658.1516206712622,-13.9452,115.9797,4
3178,STARLINK-3742,satellite,2,159,53.2094,44.7066,68.4724,53.9009,122.3733,6915.5203,543.1187,-5089.371959786906,-118.70794271177103,4674.647440934285,1577.4231284017037,4840.199871359803,4674.647440934285,42.7368,71.9492,4
3179,STARLINK-3744,satellite,2,132,53.2234,34.7516,92.3937,125.0014,217.3951,6919.7248,549.176,-3083.8765391045163,-5202.758745178954,-3367.2467588543827,-3884.070139097027,4636.053518193048,-3367.2467588543827,-29.2576,129.9562,13
3180,STARLINK-3724,satellite,2,159,53.2013,44.8241,58.7083,43.5772,102.2855,6912.5528,544.9834,-3893.859301445736,1832.0686109615856,5406.4384060500715,3020.7405917770575,3064.921195058135,5406.4384060500715,51.6541,45.4159,7
3181,STARLINK-3747,satellite,2,132,53.2126,34.7567,76.558,160.8193,237.3774,6915.5659,554.5506,-1075.6685865398435,-4996.43646827841,-4669.644391555989,-4356.064673689706,2673.226673562055,-4669.644391555989,-42.5931,148.4634,16
3182,STARLINK-3755,satellite,2,159,53.2329,44.7122,112.4697,49.9714,162.4411,6923.1263,539.6338,-5564.915202618414,-3751.7830046662543,1671.5393151140483,-1691.7948640560294,6494.766128536865,1671.5393151140483,14.0688,104.6003,5
3183,STARLINK-3756,satellite,2,132,53.2011,34.7377,80.2967,176.9319,257.2286,6912.6592,558.5377,1046.9933549069244,-4195.942285993438,-5406.870808083258,-4305.570569305757,405.20220302362856,-5406.870808083258,-51.5185,174.6237,9
3184,STARLINK-3688,satellite,2,132,53.1991,34.7889,94.7806,182.4562,277.2368,6912.174,559.2606,3063.9198047651853,-2881.5225617065676,-5499.9421719695365,-3735.1929058145483,-1933.6780497303535,-5499.9421719695365,-52.7639,-152.6298,4
3185,STARLINK-3750,satellite,2,132,53.2081,34.7125,105.7358,191.5229,297.2587,6914.5362,556.0437,4705.591312559907,-1224.2187149717888,-4928.59520708778,-2716.8086521452433,-4032.4002542598864,-4928.59520708778,-45.5653,-123.9699,4
3186,STARLINK-3752,satellite,2,132,53.2314,34.6629,107.1236,50.3392,157.4628,6922.4548,539.7391,-6156.383444364217,-2327.9103633728996,2123.3899261007673,-152.32251537192369,6580.047235791818,2123.3899261007673,17.9844,91.3261,4
3187,STARLINK-3749,satellite,2,132,53.2198,34.7059,84.6628,52.7455,137.4083,6918.6334,541.3246,-5778.9119245302545,-594.8216363061124,3747.28191491781,1357.196461253201,5648.686004378154,3747.28191491781,32.9851,76.4898,4
3188,STARLINK-3889,satellite,2,170,53.2311,154.745,130.8889,66.477,197.3659,6923.1396,544.0041,6501.636290766646,-1699.8768256485578,-1654.7468698923242,-3761.687231624954,-5568.713033656941,-1654.7468698923242,-13.9156,-124.0392,4
3189,STARLINK-3831,satellite,2,170,53.2145,154.7166,77.7099,54.4376,132.1475,6917.5095,542.083,2883.5420858992475,-4756.229039686966,4104.669494022757,-5443.7242774982,-1141.2254946724952,4104.669494022757,36.596,-168.1599,4
3190,STARLINK-3847,satellite,2,170,53.2301,154.7165,107.9646,49.4032,157.3678,6922.4408,539.797,5091.445111830003,-4166.7726640310775,2131.848557930372,-5620.597240857709,-3419.6044239878074,2131.848557930372,18.0583,-148.6834,9
3191,STARLINK-3880,satellite,2,170,53.2221,154.7544,90.5213,126.884,217.4053,6919.7254,549.1312,6047.230841887863,-68.1278208117201,-3367.9446457988906,-2071.6230320457985,-5681.726873772244,-3367.9446457988906,-29.2645,-110.0324,4
3192,STARLINK-3814,satellite,2,170,53.2089,154.7524,71.4391,165.9651,237.4043,6915.5358,554.7162,4863.202125640119,1568.7189578684602,-4670.9344815879285,-134.55409256776807,-5108.180623253229,-4670.9344815879285,-42.6063,-91.5089,7
3193,STARLINK-3823,satellite,2,170,53.2324,154.5394,65.9969,311.2453,17.2422,6923.1802,539.704,-6491.798423343079,1731.7839699389992,1642.330842680932,3788.5195344653143,5548.8415209692275,1642.330842680932,13.8179,55.6764,5
3194,STARLINK-3797,satellite,2,170,53.2348,154.7302,126.9858,50.4186,177.4045,6924.2387,540.4945,6170.072655444542,-3119.9803163170523,250.99162722841479,-4991.2067828941035,-4784.551034116181,250.99162722841479,2.0919,-136.211,4
3195,STARLINK-3792,satellite,2,170,53.2183,154.3494,84.8202,52.7861,137.6064,6918.7056,541.3185,3394.3335462349446,-4725.956071906384,3733.11816116953,-5584.723370967299,-1633.1031463004285,3733.11816116953,32.8449,-163.6999,8
3196,STARLINK-3818,satellite,2,143,53.2265,144.7092,101.8919,50.5306,152.4225,6921.6292,540.1398,3895.958052421504,-5105.602970229415,2564.379989168386,-6109.356176605868,-1980.2620895253028,2564.379989168386,21.889,-162.0406,9
3197,STARLINK-3843,satellite,2,170,53.2179,154.6574,99.878,217.3683,317.2463,6918.6081,550.4628,-3389.3516105818926,4718.571251432542,-3763.646969958875,5576.103546475557,1630.855062224251,-3763.646969958875,-33.0979,16.3027,4
3198,STARLINK-3850,satellite,2,143,53.2143,144.8215,78.7697,53.603,132.3727,6917.5284,541.9888,2046.0231330533113,-5183.625019495442,4090.000416888914,-5568.874481860965,-209.32273886556084,4090.000416888914,36.445,-177.8474,4
3199,STARLINK-3849,satellite,2,170,53.2063,154.7121,63.0073,54.336,117.3433,6914.5927,543.6394,1299.572818904144,-4680.370702387557,4915.9151679853285,-4846.373913056069,327.74886460805027,4915.9151679853285,45.52,176.1311,4
3200,STARLINK-3851,satellite,2,143,53.2332,144.8077,133.182,59.1729,192.3549,6923.7051,542.7167,6035.175825960082,-3171.6203175648,-1186.1529457046208,-4995.140146317348,-4640.161377332852,-1186.1529457046208,-9.9295,-137.1099,4
3201,STARLINK-3852,satellite,2,143,53.2174,144.9188,100.3891,306.4119,46.801,6917.7742,542.0291,-5606.691379406463,250.40406672349988,4036.0712854131393,2097.3282671854727,5205.660818782491,4036.0712854131393,35.8901,68.0558,5
3202,STARLINK-3812,satellite,2,143,53.2172,144.7652,74.489,152.6277,227.1167,6917.6828,552.0508,5600.297519491371,-236.99038187390178,-4062.7180197483904,-2082.5527425024447,-5204.082130656422,-4062.7180197483904,-36.103,-111.8101,4
3203,STARLINK-3826,satellite,2,143,53.2338,144.7285,118.38,48.8358,167.2159,6923.6372,539.6844,4978.303475485072,-4643.270429826001,1226.1524418640847,-6032.519712492296,-3154.706277439336,1226.1524418640847,10.2724,-152.3927,9
3204,STARLINK-3829,satellite,2,143,53.1982,144.7297,90.9878,181.2658,272.2536,6911.9977,559.0198,2170.772096005648,3540.7450754253805,-5539.401346103046,2619.397701792536,-3223.023869255365,-5539.401346103046,-53.3087,-50.8987,5
3205,STARLINK-3819,satellite,2,143,53.2246,144.7519,105.2864,107.1159,212.4024,6920.6994,547.6755,6054.248181046463,-1559.2997043264852,-2970.9907077381527,-3480.572096410053,-5193.356764878455,-2970.9907077381527,-25.5556,-123.8299,4
3206,STARLINK-3754,satellite,2,143,53.2025,144.714,103.3428,188.8963,292.2391,6913.7757,557.2195,78.45991253138237,4647.102770232239,-5131.696140009234,4357.558947781896,-1616.6014139485706,-5131.696140009234,-48.009,-20.3542,4
3207,STARLINK-3838,satellite,2,143,53.2337,144.7252,45.3886,306.8123,352.201,6924.0243,541.6449,-5272.2255606352455,4417.885110158602,-752.1955470942555,5917.480616513596,3506.778345142817,-752.1955470942555,-6.2792,30.6516,4
3208,STARLINK-3807,satellite,2,143,53.2159,144.7081,105.0994,207.1796,312.279,6917.5109,551.9056,-2029.2780056088832,5193.881496666818,-4102.047637118193,5572.990908406716,190.12248757578504,-4102.047637118193,-36.5085,1.9539,4
3209,STARLINK-3877,satellite,2,143,53.2274,144.7125,61.0174,271.1191,332.1365,6921.5769,546.3608,-3876.0523655491506,5115.559340975279,-2591.193150378733,6112.14037611467,1958.180107698835,-2591.193150378733,-22.1086,17.7642,4
3210,STARLINK-3801,satellite,2,143,53.2247,144.7803,82.7772,309.443,32.2202,6920.7512,540.3397,-6051.819299136386,1570.518481027125,2952.985307489139,3490.3484884593136,5187.341569412713,2952.985307489139,25.4189,56.065,5
3211,STARLINK-3821,satellite,2,143,53.2311,144.7381,60.0601,312.1216,12.1817,6923.7144,539.5137,-6025.131443326962,3190.0063956950025,1169.2096612783914,5009.149500398855,4624.5833322145,1169.2096612783914,9.7909,42.714,4
3212,STARLINK-3837,satellite,2,143,53.2025,144.7136,60.2234,52.143,112.3665,6913.7236,544.1991,-64.72925623106674,-4643.731239809373,5117.398139494985,-4358.936435100255,1602.5301429143865,5117.398139494985,47.9518,159.8144,6
3213,STARLINK-3853,satellite,2,143,53.2279,144.7609,76.7814,310.2273,27.0087,6921.7092,539.8726,-6116.686744994038,2019.394728163994,2515.5012901787227,3935.3051559488636,5099.5279324742,2515.5012901787227,21.4521,52.3426,5
3214,STARLINK-3728,satellite,2,143,53.2014,144.7435,123.6359,308.6592,72.2952,6913.1059,544.8056,-3992.334762470219,-2006.9318833132572,5271.447548671389,-567.8928776983098,4432.156373521469,5271.447548671389,49.8882,97.3015,4
3215,STARLINK-3848,satellite,2,148,53.2332,134.7188,117.7183,49.766,167.4844,6923.644,539.7156,4113.93264439854,-5429.671296848175,1200.815098283027,-6487.405171741782,-2078.303715081817,1200.815098283027,10.0579,-162.2366,9
3216,STARLINK-3830,satellite,2,143,53.198,144.7289,80.8101,11.5155,92.3256,6911.9702,545.3344,-2159.3404266965767,-3538.5711491809975,5528.161011469683,-2621.1417458264123,3211.518769129078,5528.161011469683,53.305,129.2203,6
3217,STARLINK-3820,satellite,2,148,53.2029,134.6596,74.2447,173.0967,247.3414,6913.8381,556.8473,4596.730986238501,792.7570855146372,-5115.999498069506,-778.0632834270039,-4599.240924702862,-5115.999498069506,-47.8187,-99.6019,4
3218,STARLINK-3874,satellite,2,148,53.2117,134.7078,73.7019,53.6695,127.3714,6916.5137,542.4936,613.5326775902888,-5295.873802642296,4399.122824003866,-5199.248104666029,1179.203471039155,4399.122824003866,39.702,167.2213,4
3219,STARLINK-3808,satellite,2,148,53.2157,134.7539,73.9134,153.4666,227.38,6917.6105,552.1084,5466.631327365928,-1181.18086750694,-4079.933518251994,-2928.8358343435148,-4764.574164242629,-4079.933518251994,-36.2795,-121.5795,4
3220,STARLINK-3817,satellite,2,148,53.2354,134.7362,132.7914,54.5857,187.3772,6924.0636,541.6979,5207.7615928083615,-4500.397833410407,-711.7643451890232,-5973.916115945708,-3418.5797791099026,-711.7643451890232,-5.9404,-150.2196,4
3221,STARLINK-3834,satellite,2,148,53.2006,134.7173,102.386,184.8876,287.2737,6913.0735,557.7897,1367.5660771911912,4247.243579895717,-5293.785415397027,3552.458004508481,-2699.880947125838,-5293.785415397027,-50.0477,-37.235,4
3222,STARLINK-3841,satellite,2,148,53.2286,134.7497,119.9638,87.4785,207.4423,6921.6168,546.2099,5680.538201259861,-3018.112055406457,-2555.1042012643134,-4732.615305165558,-4356.58891889918,-2555.1042012643134,-21.7856,-137.369,4
3223,STARLINK-3827,satellite,2,148,53.2058,134.7603,72.1911,170.0047,242.1958,6914.6396,555.8372,4878.322849912577,289.6849699877124,-4903.981152338001,-1346.0837637866757,-4697.872892138084,-4903.981152338001,-45.2768,-105.9886,4
3224,STARLINK-3798,satellite,2,148,53.1998,134.7429,85.612,176.512,262.124,6912.2566,558.9335,3585.851205722402,2218.06547947879,-5491.63137152442,901.9856747966791,-4118.806281351171,-5491.63137152442,-52.6541,-77.6477,8
3225,STARLINK-3796,satellite,2,148,53.2116,134.7073,108.5454,198.7167,307.262,6916.4775,553.4722,-603.6519186688831,5300.179725801525,-4412.507444962645,5200.029988931784,-1189.9533095547365,-4412.507444962645,-39.7706,-12.8894,4
3226,STARLINK-3550,satellite,2,148,53.2336,134.7369,55.7069,311.4899,7.1968,6924.0318,539.8361,-5199.2019804124075,4510.17361821503,694.2556714757396,5980.296260792236,3407.2604732719733,694.2556714757396,5.7953,29.6722,4
3227,STARLINK-3762,satellite,2,148,53.2336,134.7205,46.511,300.6801,347.1911,6923.683,542.7533,-4095.7257453170655,5440.944177966928,-1229.0251597061074,6491.995140014893,2057.38718539517,-1229.0251597061074,-10.2921,17.584,4
3228,STARLINK-3785,satellite,2,148,53.2244,134.7092,71.8836,255.3557,327.2393,6920.6394,547.5233,-2501.2563665198145,5714.195606099092,-3000.1033735584015,6220.473894905709,462.6222634230575,-3000.1033735584015,-25.8247,4.2533,4
3229,STARLINK-3805,satellite,2,148,53.1987,134.9536,88.2403,178.9677,267.2079,6912.0221,559.0265,3169.8502064870713,2688.1665854459084,-5537.160937467113,1483.5213287136348,-3882.441807667666,-5537.160937467113,-53.2776,-69.0876,8
3230,STARLINK-3806,satellite,2,148,53.2013,134.7434,112.6779,314.5747,67.2526,6913.8424,543.6115,-4592.083528999208,-789.29807565086,5102.817646314484,779.7834530507711,4593.7087800469235,5102.817646314484,47.7771,80.3659,4
3231,STARLINK-3800,satellite,2,148,53.2152,134.7565,98.9241,308.2809,47.2049,6917.6584,541.7906,-5463.430292822625,1196.2162897220853,4062.3798945045323,2941.956147552291,4756.563675828136,4062.3798945045323,36.1617,58.263,5
3232,STARLINK-3793,satellite,2,173,53.2326,124.7476,112.0326,50.3546,162.3872,6923.1352,539.7982,2728.116749062021,-6130.82156782458,1676.5372945128854,-6688.7819448388445,-538.3216393696811,1676.5372945128854,14.1113,-175.3987,4
3233,STARLINK-3799,satellite,2,148,53.2114,134.674,72.458,57.6763,130.1343,6915.5749,541.0052,881.8511357675643,-5392.577013999974,4231.523667928951,-5379.535485865586,958.1994749989847,4231.523667928951,37.9263,169.9004,4
3234,STARLINK-3811,satellite,2,173,53.2323,124.7448,49.709,292.4611,342.1701,6923.1149,544.1197,-2712.663692509637,6136.727105328277,-1697.582836646134,6689.223036676258,521.7844761301856,-1697.582836646134,-14.283,4.4603,4
3235,STARLINK-3909,satellite,2,113,53.226,14.5787,95.3937,52.1294,147.5231,6920.6946,540.43,-6204.880846422863,682.8983442638055,2974.0120596251295,2703.866325861713,5626.366799167527,2974.0120596251295,25.6123,64.3324,5
3236,STARLINK-3872,satellite,2,113,53.207,14.7448,75.9728,171.3829,247.3557,6913.816,556.8908,-1603.75244569549,-4379.308671757354,-5116.838461527715,-3598.633481358921,2966.513680475113,-5116.838461527715,-47.8286,140.4997,11
3237,STARLINK-3888,satellite,2,113,53.2177,14.7533,76.1868,151.2028,227.3896,6917.6082,552.0344,-3755.3391715033094,-4143.667366592588,-4080.623807310017,-2662.141409210938,4917.881114398346,-4080.623807310017,-36.287,118.4275,9
3238,STARLINK-3890,satellite,2,113,53.2011,14.7351,84.7741,177.3014,262.0755,6912.2638,558.9848,121.6424382474608,-4215.418578831872,-5491.116129960364,-4016.7753582639507,1284.5491032993712,-5491.116129960364,-52.6465,162.2659,7
3239,STARLINK-3896,satellite,2,113,53.1994,14.718,100.3929,181.8158,282.2087,6912.4905,558.5435,2445.977364670677,-3548.640807780536,-5418.489059042069,-4159.3603747366915,-1129.3264028600652,-5418.489059042069,-51.673,-164.8096,4
3240,STARLINK-3899,satellite,2,113,53.2137,14.6959,107.3953,199.882,307.2774,6916.4551,553.7538,4892.9050212216325,-2127.1989334626955,-4411.91213156402,-3630.766386683086,-3909.3516463159135,-4411.91213156402,-39.7623,-132.8841,4
3241,STARLINK-3898,satellite,2,113,53.2236,14.7057,89.2453,232.8093,322.0546,6919.585,549.3372,5926.979669801753,-1079.144749500331,-3409.422992192935,-2985.3964554494573,-5232.690455244534,-3409.422992192935,-29.6591,-119.706,4
3242,STARLINK-3856,satellite,2,181,53.2209,4.7544,94.7965,307.4831,42.2796,6918.6657,541.1596,4866.378310603258,3198.9142053740225,3725.0255573208515,1402.151747664003,-5652.314608350841,3725.0255573208515,32.7658,-76.0681,73
3243,STARLINK-3900,satellite,2,126,53.2116,354.7524,111.64,305.6341,57.2741,6915.5451,543.0617,4039.2871074347036,3125.678085912046,4656.467129089719,1607.618428201444,-4847.8105184037595,4656.467129089719,42.5322,-71.6536,72
3244,STARLINK-3903,satellite,2,181,53.201,4.7494,122.6835,314.432,77.1155,6912.5538,544.7552,1201.4335816645164,4148.564261863478,5393.686389989694,3514.521116048473,-2510.4121993831,5393.686389989694,51.4866,-35.5381,5
3245,STARLINK-3885,satellite,2,126,53.2014,354.7404,121.1171,316.1832,77.3003,6912.5708,545.0168,1882.8733696902177,3881.6515578454882,5397.851442753238,3036.541182231763,-3064.612306870713,5397.851442753238,51.5393,-45.2636,9
3246,STARLINK-3904,satellite,2,181,53.2098,4.7479,118.3033,303.9631,62.2663,6914.6406,543.6835,2901.8733822027702,3917.0891536156605,4898.793655112892,2731.7157325513804,-4037.596527668617,4898.793655112892,45.3175,-55.9189,23
3247,STARLINK-3863,satellite,2,126,53.2008,354.7235,66.9212,30.4385,97.3597,6912.1819,545.1497,-503.8793640902117,4168.951283561228,5487.347190246806,4099.825121968316,-908.5610532816414,5487.347190246806,52.7453,-12.4954,16
3248,STARLINK-3873,satellite,2,181,53.203,4.7178,62.2474,40.1083,102.3557,6912.527,544.8036,-1806.0807096304995,3907.6962385446213,5404.977212306292,4285.645130591942,406.5258135331258,5404.977212306292,51.6365,5.4187,19
3249,STARLINK-3864,satellite,2,181,53.2394,4.7312,129.57,52.8887,182.4587,6924.1998,540.914,-6874.45063559928,-747.1938319321246,-237.79325674745363,1577.1244856589828,6732.6850899550955,-237.79325674745363,-1.9818,76.8162,4
3250,STARLINK-3828,satellite,2,181,53.2244,4.713,91.1822,51.2109,142.393,6919.6809,540.6925,-5666.159367856234,2067.2871331553733,3379.3855454980135,3830.9309072145224,4658.648565518034,3379.3855454980135,29.4129,50.5686,5
3251,STARLINK-3859,satellite,2,181,53.2219,4.751,80.7468,141.6656,222.4123,6918.6512,550.7397,-4861.94199915884,-3209.154864247844,-3739.71359555526,-1413.2843610976051,5651.529196649983,-3739.71359555526,-32.8596,104.0401,8
3252,STARLINK-3862,satellite,2,181,53.232,4.7215,107.1654,50.0682,157.2336,6922.402,539.7601,-6487.241614475193,1071.6035303248536,2143.85607714702,3164.2599282664323,5763.687794906202,2143.85607714702,18.1636,61.2332,5
3253,STARLINK-3881,satellite,2,181,53.2091,4.7458,72.8323,169.529,242.3613,6914.6253,556.1324,-2896.845932169451,-3926.430576636582,-4911.825762246879,-2742.1963249571663,4035.9549976758644,-4911.825762246879,-45.3667,124.1938,9
3254,STARLINK-3879,satellite,2,181,53.2336,4.7438,125.601,76.8172,202.4183,6922.449,545.0906,-6245.575777125822,-2103.6012459486783,-2114.4690802193372,88.87495905521384,6589.723532245536,-2114.4690802193372,-17.8919,89.2273,4
3255,STARLINK-3882,satellite,2,181,53.2107,4.93,68.2747,53.9756,122.2503,6915.4618,543.1271,-3975.258201521773,3170.619444479847,4681.064592233094,4310.413213727986,2697.3771255423294,4681.064592233094,42.8092,32.0376,10
3256,STARLINK-3835,satellite,2,126,53.2285,354.9924,83.406,308.4031,31.8092,6920.8624,540.3041,6044.1121164463675,1660.527995446149,2919.4611107712863,-439.9499446783606,-6252.606540156809,2919.4611107712863,25.1106,-94.0248,61
3257,STARLINK-3860,satellite,2,126,53.2096,354.7121,65.756,51.5909,117.3469,6914.7022,543.7668,-2822.449364704386,3953.3365444754854,4916.060271615791,4666.077744751804,1350.1143396533078,4916.060271615791,45.5207,16.1376,17
3258,STARLINK-3825,satellite,2,181,53.2012,4.7187,98.783,183.5238,282.3068,6912.5617,558.5933,1804.0737528375828,-3916.861075323852,-5416.642356929856,-4293.624101549831,-401.59041778285996,-5416.642356929856,-51.6479,-174.6566,7
3259,STARLINK-3878,satellite,2,126,53.2343,354.7452,133.0046,64.3508,197.3553,6923.1809,543.6532,-6690.897117972595,-625.4611365813661,-1653.7528049468904,1631.0247319390319,6519.130632260014,-1653.7528049468904,-13.9078,75.9535,4
3260,STARLINK-3839,satellite,2,181,53.2091,4.7042,106.9079,195.2691,302.177,6915.4846,554.7293,3962.149053395748,-3195.167412524825,-4692.594983558286,-4329.217728456624,-2676.8626739155434,-4692.594983558286,-42.8504,-148.2705,4
3261,STARLINK-3813,satellite,2,126,53.211,354.751,70.1501,167.3405,237.4906,6915.4618,554.3192,-4024.749933889934,-3141.1245232892297,-4675.275852866865,-1627.0145904883423,4839.225023027351,-4675.275852866865,-42.6582,108.5834,8
3262,STARLINK-3875,satellite,2,126,53.237,354.7281,126.4259,51.0388,177.4647,6924.2192,540.3778,-6865.649433293005,817.4491944736403,245.17159046094554,3050.1278310550474,6205.004878374038,245.17159046094554,2.0434,63.8231,4
3263,STARLINK-3887,satellite,2,181,53.2235,4.7053,88.456,233.7567,322.2127,6919.658,549.3296,5660.495156612238,-2082.059105901076,-3397.3569699795503,-3842.9850657043485,-4648.402018249878,-3397.3569699795503,-29.5439,-129.5816,4
3264,STARLINK-3913,satellite,2,126,53.2236,354.7531,90.4785,126.9607,217.4392,6919.6983,549.2535,-5703.665413136571,-2006.2387198291722,-3370.6797727212206,0.831505314110559,6046.221320341415,-3370.6797727212206,-29.2899,89.9921,4
3265,STARLINK-3918,satellite,2,181,53.2368,4.7308,53.6028,308.6517,2.2545,6924.1875,540.3479,6876.122267992808,732.489696657632,218.03699363779762,-1591.549762107946,-6729.380948856313,218.03699363779762,1.8172,-103.3064,4
3266,STARLINK-3902,satellite,2,126,53.2325,354.8172,108.6409,48.7277,157.3686,6922.4325,539.5097,-6213.112647029901,2162.969556893167,2131.7613200308006,4102.747284336917,5142.8271203294,2131.7613200308006,18.0583,51.4185,5
3267,STARLINK-3892,satellite,2,181,53.2331,4.749,72.0391,310.1893,22.2284,6922.4405,539.5992,6250.1794990847775,2090.607499025312,2095.8079515520244,-102.66012672212347,-6589.752983545128,2095.8079515520244,17.7435,-90.8925,36
3268,STARLINK-3923,satellite,2,181,53.2342,4.7152,50.4628,291.7925,342.2553,6923.0773,544.0441,6673.107721710553,-716.4017385261391,-1689.7548367278264,-2890.896371207917,-6056.923004913731,-1689.7548367278264,-14.2159,-115.5146,4
3269,STARLINK-3914,satellite,2,126,53.2083,354.7092,107.6009,189.6859,297.2869,6914.5745,556.0687,2820.6552186980866,-3962.0167253932595,-4927.382745696295,-4673.670182564755,-1345.5405678275959,-4927.382745696295,-45.5508,-163.939,4
3270,STARLINK-3908,satellite,2,126,53.2029,354.7389,80.346,177.0107,257.3567,6912.5465,558.7192,-1880.1525972464265,-3890.6579962225383,-5409.852908906254,-3045.940090280706,3065.035464545823,-5409.852908906254,-51.5562,134.821,5
3271,STARLINK-3916,satellite,2,126,53.2327,354.711,52.3975,284.8541,337.2516,6922.3758,544.9819,6207.8388803484695,-2183.463944856953,-2143.8922103675445,-4120.328993301802,-5131.049341978012,-2143.8922103675445,-18.1496,-128.7651,4
3272,STARLINK-3883,satellite,2,126,53.2004,354.7241,94.3288,182.8636,277.1924,6912.2201,559.407,484.84951030077343,-4177.256306156144,-5500.688661005744,-4101.3423376998235,929.2687038478824,-5500.688661005744,-52.7725,167.2337,7
3273,STARLINK-3857,satellite,2,126,53.2258,354.7522,89.1606,308.0625,37.2231,6919.7556,540.685,5711.278670529565,1989.749181560835,3350.0153933074207,-18.913251783726032,-6047.929244532787,3350.0153933074207,29.133,-90.1792,90
3274,STARLINK-3871,satellite,2,168,53.2315,349.7485,124.885,80.0547,204.9397,6922.0487,545.5199,-6486.53153610182,-602.1281741640083,-2337.832407836175,1585.1961964187058,6318.607657215725,-2337.832407836175,-19.8545,75.9164,4
3275,STARLINK-3884,satellite,2,126,53.2375,354.7258,49.9905,307.2497,357.2402,6924.2214,541.0111,6863.501566579499,-833.8347381647415,-266.89608481005024,-3064.871306918686,-6197.539672889238,-266.89608481005024,-2.2244,-116.3138,4
3276,STARLINK-3925,satellite,2,139,53.2171,344.7051,78.8364,53.5802,132.4167,6917.5597,541.9328,-3691.4346275283806,4177.471723201993,4087.2589619888763,5165.960815210519,2095.425604305075,4087.2589619888763,36.4171,22.0785,9
3277,STARLINK-3894,satellite,2,126,53.2364,354.742,67.1553,310.0348,17.1901,6923.1811,539.5581,6691.8411875437105,612.7670131697372,1637.5678392932373,-1643.3124558509776,-6515.807399254555,1637.5678392932373,13.7774,-104.155,16
3278,STARLINK-3866,satellite,2,139,53.229,344.7098,102.2228,50.218,152.4409,6921.609,539.9723,-5408.459825462696,3464.0912530403134,2562.8267623765214,5062.991145298465,3951.896577045473,2562.8267623765214,21.8756,37.9737,4
3279,STARLINK-3907,satellite,2,126,53.2211,354.5056,84.827,52.698,137.525,6918.6494,541.356,-4807.947317080185,3270.413415623823,3739.0659819177713,4680.957067381775,3449.7249522591565,3739.0659819177713,32.9036,36.3891,5
3280,STARLINK-3912,satellite,2,139,53.2361,344.7528,121.9683,50.4175,172.3857,6924.0054,539.9815,-6471.2386980064875,2332.5623562406995,734.3274813104806,4348.407943479587,5330.021180953365,734.3274813104806,6.1309,50.7913,4
3281,STARLINK-3861,satellite,2,139,53.2135,344.637,72.2444,160.2244,232.4689,6916.5211,553.5655,-4937.783064152869,-2052.8590494437426,-4396.901016537526,-297.37746637012197,5339.241379448325,-4396.901016537526,-39.6019,93.1879,4
3282,STARLINK-3958,satellite,2,165,53.2227,74.7521,89.7959,127.4772,217.2731,6919.7706,549.5922,972.9194336151571,-5974.985170898835,-3358.046704398465,-5959.149842818307,1065.6233704295228,-3358.046704398465,-29.1682,169.8615,11
3283,STARLINK-3964,satellite,2,165,53.2088,74.7495,70.1311,167.1971,237.3282,6915.5689,554.8785,2384.319895399922,-4523.8403090610045,-4667.076935860713,-5058.797270016747,-747.4507919295899,-4667.076935860713,-42.5617,-171.5952,9
3284,STARLINK-3897,satellite,2,165,53.2357,74.5332,49.7648,307.5461,357.3109,6924.2356,540.9765,2030.400412659886,6609.353912154894,-260.05033302231504,5560.606660380176,-4109.226026927974,-260.05033302231504,-2.1673,-36.464,7
3285,STARLINK-3933,satellite,2,165,53.2058,74.709,107.0157,190.2318,297.2475,6914.5791,556.0303,4391.958179544424,2085.298771792791,-4928.93259604794,509.16255332213046,-4835.134032558165,-4928.93259604794,-45.5694,-83.9886,10
3286,STARLINK-3757,satellite,2,165,53.1981,74.7228,94.8303,182.4451,277.2754,6912.2041,558.9576,4199.8155539687905,-238.23577583355348,-5499.161266353255,-1618.842185307705,-3882.596676364076,-5499.161266353255,-52.7565,-112.6336,4
3287,STARLINK-3940,satellite,2,165,53.2295,74.7507,52.4824,284.678,337.1603,6922.4116,545.0488,3229.1802067848157,5730.901197762116,-2151.9595886103857,4334.032868900932,-4948.433331640273,-2151.9595886103857,-18.2201,-48.7868,13
3288,STARLINK-3845,satellite,2,118,53.234,79.7206,119.9617,49.8909,169.8526,6923.8945,539.7407,-1932.8485901680028,-6569.782980579434,976.2992237969731,-5555.661477091087,4004.0701338003187,976.2992237969731,8.1633,144.219,5
3289,STARLINK-3937,satellite,2,165,53.2324,74.742,66.2823,310.9126,17.1949,6923.1815,539.5459,558.0918216868487,6696.522199818378,1637.9252549630291,6131.56028971336,-2749.33527742695,1637.9252549630291,13.7805,-24.151,4
3290,STARLINK-3926,satellite,2,165,53.2179,74.7036,98.3498,218.8719,317.2217,6918.601,550.6484,4055.8110439955176,4158.324137896781,-3765.4859069361523,2576.2264748122684,-5206.180942964562,-3765.4859069361523,-33.1151,-63.672,15
3291,STARLINK-3944,satellite,2,118,53.2267,79.7599,107.2186,102.6715,209.8901,6921.1861,547.4237,965.3006192515763,-6272.9003539512605,-2763.1400767160026,-6237.643644314487,1171.7021390577129,-2763.1400767160026,-23.6565,169.3613,8
3292,STARLINK-3948,satellite,2,165,53.235,74.4897,120.2459,52.117,172.3629,6923.9926,540.0882,-2363.7872163955294,-6459.761441643739,736.5208666112418,-5308.82971766077,4374.05245924463,736.5208666112418,6.1492,140.5142,5
3293,STARLINK-3931,satellite,2,165,53.2186,74.7042,84.5813,52.8156,137.3969,6918.6359,541.4496,-4045.167999150704,-4169.14915351868,3748.101224737668,-2589.9706154152946,5199.734706398372,3748.101224737668,32.9926,116.4777,4
3294,STARLINK-3935,satellite,2,165,53.2218,74.7532,88.6354,308.5883,37.2237,6919.7523,540.695,-968.1436714746428,5970.048350235713,3349.8914104436762,5952.9076506363945,-1068.489576815441,3349.8914104436762,29.1318,-10.1757,8
3295,STARLINK-3965,satellite,2,165,53.1987,74.7222,60.1785,37.13,97.3086,6912.1891,545.3726,-4192.269972894907,233.88610445802885,5488.009223301157,1612.2344177721593,3876.922802642024,5488.009223301157,52.7519,67.4198,4
3296,STARLINK-3969,satellite,2,165,53.2089,74.7509,110.0959,307.1245,57.2203,6915.552,543.0658,-2373.4080217022147,4525.531294274936,4653.506123580303,5056.770213027394,736.5963247132604,4653.506123580303,42.4989,8.2877,21
3297,STARLINK-3966,satellite,2,165,53.2002,74.8919,119.2495,317.8767,77.1262,6912.6245,545.1059,-3494.5320399306474,2538.1660374742046,5394.133383576121,3554.245631698851,2453.8498326994254,5394.133383576121,51.4889,34.6212,9
3298,STARLINK-3858,satellite,2,165,53.2,74.3991,80.5176,177.0005,257.5181,6912.5912,558.5547,3497.7481940791668,-2530.2975071506503,-5412.90709345023,-3547.8908532692935,-2459.495557459894,-5412.90709345023,-51.5985,-145.2692,4
3299,STARLINK-3770,satellite,2,118,53.2139,79.7516,71.7234,158.135,229.8583,6917.0832,552.9104,2324.571517186325,-4955.767307728761,-4238.489679384701,-5446.399934014328,-547.7135251532824,-4238.489679384701,-37.9226,-174.2574,9
3300,STARLINK-3943,satellite,2,165,53.2367,74.7246,126.4003,50.9736,177.3739,6924.2228,540.3195,-2003.820357446128,-6617.012618837319,253.94354064064967,-5576.654265249521,4086.6953922016464,253.94354064064967,2.1166,143.7652,5
3301,STARLINK-3953,satellite,2,125,53.204,64.8957,59.591,52.6461,112.237,6913.752,544.2465,-4579.024454671341,-742.669456108734,5122.25731204525,819.4332273612616,4565.911964045225,5122.25731204525,48.0115,79.8256,4
3302,STARLINK-3956,satellite,2,125,53.2347,64.7375,133.2664,59.1516,192.418,6923.6831,542.6027,-2078.6686054204824,-6491.980276627151,-1192.117930468159,-5433.865860696001,4115.795535645471,-1192.117930468159,-9.9801,142.8585,5
3303,STARLINK-3955,satellite,2,118,53.2021,79.7157,103.1334,186.6282,289.7616,6913.4142,557.5246,4258.12237239067,1606.4730762557283,-5217.5090442587125,101.91351110253667,-4549.942364386965,-5217.5090442587125,-49.078,-88.7169,7
3304,STARLINK-3957,satellite,2,125,53.2131,64.7498,71.436,160.9124,232.3484,6916.5983,553.5026,1164.7982390907048,-5225.094277727287,-4389.740473991892,-5315.472681045332,635.7006575330838,-4389.740473991892,-39.5254,173.1801,9
3305,STARLINK-3942,satellite,2,118,53.1979,79.7302,89.3964,180.3891,269.7855,6912.0262,559.3143,4076.572259085293,-764.9582237831879,-5543.850742283389,-2074.788294814031,-3591.4977376270176,-5543.850742283389,-53.367,-120.0148,4
3306,STARLINK-3959,satellite,2,118,53.2098,79.7163,107.3245,197.2239,304.5484,6915.9409,554.2473,4060.979314476819,3253.3669770883466,-4566.482610868279,1720.866467221544,-4910.658640366893,-4566.482610868279,-41.4453,-70.6878,13
3307,STARLINK-3911,satellite,2,125,53.2252,64.75,105.3955,107.0133,212.4089,6920.7186,547.7516,-483.9972051799939,-6232.8663792940015,-2971.578657767889,-5718.7900728277355,2525.5329535926694,-2971.578657767889,-25.5607,156.1728,14
3308,STARLINK-3938,satellite,2,118,53.2027,79.7439,120.7541,308.982,69.7361,6913.4649,544.4394,-3394.904816508988,3046.546440450684,5191.144807440672,4000.7290005308123,2191.1164714114097,5191.144807440672,48.87,28.7086,11
3309,STARLINK-3929,satellite,2,125,53.2008,64.7438,77.2054,175.0322,252.2376,6913.1568,557.8188,2670.8364829738566,-3595.3964884523807,-5279.637080406984,-4278.106159079193,-1325.9152007607975,-5279.637080406984,-49.8656,-162.7802,4
3310,STARLINK-3930,satellite,2,125,53.2153,64.7022,104.4485,207.7197,312.1682,6917.4904,552.1618,4763.725310697954,2888.6806343045123,-4109.354792496605,1143.584315632921,-5452.50122015838,-4109.354792496605,-36.5824,-78.1547,10
3311,STARLINK-3927,satellite,2,125,53.1989,64.7257,90.6586,181.6175,272.2761,6911.9942,559.1668,3864.9211200859486,-1520.7355352640209,-5539.483832048111,-2717.4547436848447,-3140.9698420592813,-5539.483832048111,-53.3082,-130.8652,4
3312,STARLINK-3901,satellite,2,125,53.2037,64.7114,105.3468,186.8968,292.2436,6913.7556,557.0277,4590.038271414877,730.0152036839818,-5131.471669458654,-835.0259601596862,-4572.100739979647,-5131.471669458654,-48.0079,-100.3501,4
3313,STARLINK-3932,satellite,2,125,53.2294,64.7485,76.4855,310.4186,26.9042,6921.7485,539.7546,936.5224854264501,6376.407228926004,2506.5041874294125,5703.977627860621,-3000.04712224236,2506.5041874294125,21.3721,-27.7424,4
3314,STARLINK-3836,satellite,2,118,53.203,79.7131,56.956,52.8242,109.7802,6913.3703,544.5678,-4250.074644513436,-1605.454212470237,5207.200243066804,-103.6238353049281,4542.012749104866,5207.200243066804,49.0714,91.3069,4
3315,STARLINK-3833,satellite,2,118,53.1988,79.7282,92.7296,356.992,89.7216,6912.0041,545.437,-4066.894489813742,771.1358055296407,5532.777399988844,2077.4030929059672,3580.318088024016,5532.777399988844,53.3678,59.8765,4
3316,STARLINK-3893,satellite,2,118,53.2261,79.709,98.7258,51.2789,150.0047,6921.1464,540.2007,-3106.123924613965,-5522.700658209497,2769.0344162226247,-4178.485808689984,4763.243090775788,2769.0344162226247,23.7364,131.2584,7
3317,STARLINK-3919,satellite,2,118,53.2099,79.7178,69.8518,54.9684,124.8202,6915.9166,542.899,-4048.085991885453,-3276.6943552122425,4544.098024852645,-1747.1510354884906,4906.23983865144,4544.098024852645,41.2809,109.6012,4
3318,STARLINK-3915,satellite,2,125,53.2128,64.7534,106.5701,305.5829,52.153,6916.5889,542.4462,-1147.5225336401543,5229.893620956302,4371.184340496495,5314.2652796221955,-653.5899245959761,4371.184340496495,39.4016,-7.0115,16
3319,STARLINK-3895,satellite,2,125,53.2025,64.7429,120.411,311.8204,72.2313,6913.1505,544.5918,-2665.100916411252,3589.0974216309837,5269.483019589055,4270.2603587249605,1322.5958057231423,5269.483019589055,49.8651,17.2089,17
3320,STARLINK-3922,satellite,2,125,53.2249,64.7496,82.3111,309.8508,32.1619,6920.7895,540.1737,503.94269960967995,6234.056313643519,2948.1570783345105,5713.291695098361,-2544.7424963812396,2948.1570783345105,25.375,-24.0085,4
3321,STARLINK-3906,satellite,2,125,53.2156,64.6672,79.2778,53.0705,132.3482,6917.5274,541.8174,-4757.350644555126,-2899.753065610111,4091.5613779090827,-1156.14496886574,5450.163466147666,4091.5613779090827,36.4622,101.9766,4
3322,STARLINK-3910,satellite,2,125,53.1987,64.7276,78.7651,13.5294,92.2945,6912.0174,545.4382,-3858.221724614965,1515.5781585289528,5528.414894662771,2710.3659576755545,3136.3622887629485,5528.414894662771,53.3073,49.1672,5
3323,STARLINK-3867,satellite,2,125,53.2281,64.6031,118.8695,88.3871,207.2566,6921.6445,546.2695,-924.7264231364038,-6372.201302290702,-2539.160018421677,-5703.925848720249,2987.523775112586,-2539.160018421677,-21.6427,152.356,14
3324,STARLINK-3917,satellite,2,125,53.2277,64.7093,101.248,51.1417,152.3896,6921.6324,540.1062,-4352.546465458894,-4720.793873594529,2567.2172870532445,-3008.30279983967,5672.80087746989,2567.2172870532445,21.9145,117.9371,5
3325,STARLINK-4019,satellite,2,161,53.2106,229.7039,109.4268,195.342,304.7687,6915.9475,554.2774,-5151.02676023335,-808.5119254866792,-4554.453040668179,947.1984123931128,5127.336870720923,-4554.453040668179,-41.3123,79.5335,4
3326,STARLINK-4024,satellite,2,127,53.2339,224.8439,61.325,310.783,12.108,6923.7035,539.6868,-4183.002471918553,-5385.111345864991,1162.3091243425813,-3691.231809039993,5733.388319255196,1162.3091243425813,9.7323,122.774,5
3327,STARLINK-4026,satellite,2,127,53.2141,224.7061,79.5905,52.8051,132.3955,6917.5712,541.9539,5463.04644681649,1106.0248290338743,4088.4848490628497,-770.1289384985756,-5520.422884218268,4088.4848490628497,36.4296,-97.9418,117
3328,STARLINK-4027,satellite,2,127,53.1978,224.7296,82.186,10.1259,92.3119,6912.0082,545.5118,3108.828630712806,-2742.2381321627377,5528.341849523526,-3618.713496384438,-2022.2754658335143,5528.341849523526,53.3055,-150.8019,8
3329,STARLINK-4012,satellite,2,127,53.2036,224.7141,59.4778,52.8562,112.334,6913.767,544.342,4560.025644552433,-873.2136680584442,5118.764814714427,-2337.386200251609,-4011.6033876659917,5118.764814714427,47.9674,-120.2275,70
3330,STARLINK-4016,satellite,2,127,53.2347,224.7459,132.5813,54.6152,187.1965,6924.0461,541.6787,4510.588364595225,5201.271800621225,-694.420062431452,3409.0752571669927,-5981.374560227038,-694.420062431452,-5.7952,-60.3191,5
3331,STARLINK-4013,satellite,2,127,53.2279,224.709,100.9574,51.4813,152.4387,6921.6117,540.2065,5704.500466620424,2951.6240881198,2563.0587857802416,890.6715722381563,-6360.826556482144,2563.0587857802416,21.8769,-82.029,48
3332,STARLINK-4000,satellite,2,161,53.1986,229.5183,119.8149,319.9025,79.7174,6912.3805,545.2975,2297.1855329018917,-3582.403544714109,5444.20153511274,-4141.817747931819,-977.7639145882598,5444.20153511274,52.1576,-166.7173,7
3333,STARLINK-3928,satellite,2,127,53.2343,224.7243,122.6832,49.723,172.4062,6924.0495,539.9613,5257.090135727642,4436.60065495779,732.3467066257685,2439.963596124493,-6431.718255359449,732.3467066257685,6.1144,-69.225,10
3334,STARLINK-3947,satellite,2,161,53.2347,229.7374,51.5868,307.9084,359.4952,6924.2464,540.8544,-4499.355156891309,-5256.029399247498,-48.83314230714704,-3464.456824728204,5988.954899078186,-48.83314230714704,-0.4069,120.0483,5
3335,STARLINK-3979,satellite,2,127,53.2255,224.7508,106.0682,106.343,212.4111,6920.7007,547.6524,2586.2684417322603,5691.378640868418,-2971.73339794205,4510.163738202514,-4328.856470366809,-2971.73339794205,-25.5626,-43.8249,12
3336,STARLINK-3997,satellite,2,127,53.1977,224.6784,91.383,180.9912,272.3742,6911.9852,559.1282,-3117.7248918249393,2745.0107142021316,-5538.983454110368,3624.2819522145005,2029.7469431043803,-5538.983454110368,-53.3017,29.2506,4
3337,STARLINK-3998,satellite,2,161,53.232,229.7158,46.8319,297.8889,344.7208,6923.382,543.2261,-5149.164445584547,-4386.788933583165,-1460.8926280782148,-2428.8018656405625,6313.377315901582,-1460.8926280782148,-12.2601,111.0421,4
3338,STARLINK-3980,satellite,2,161,53.2277,229.7473,75.705,308.9647,24.6697,6922.1313,540.1709,-2742.076601372479,-5913.068277773803,2312.2331586064156,-4667.563162117765,4549.419157766242,2312.2331586064156,19.6442,135.7344,7
3339,STARLINK-4002,satellite,2,127,53.212,224.7522,71.5285,160.8401,232.3686,6916.5368,553.3432,690.2293294436533,5307.6029798981,-4390.769031019819,4777.532749724769,-2412.933224263514,-4390.769031019819,-39.5376,-26.7964,4
3340,STARLINK-4011,satellite,2,161,53.2167,229.7531,97.2622,307.4463,44.7085,6918.168,541.519,-951.4999058961596,-5631.287204494094,3894.957727065722,-4996.135580880196,2766.835179023539,3894.957727065722,34.4591,151.0225,7
3341,STARLINK-3996,satellite,2,117,53.2279,214.7485,77.1713,310.0477,27.219,6921.673,539.8668,-3973.4990055895464,-5060.75288721918,2533.5740540037655,-3454.80905395464,5428.094374053515,2533.5740540037655,21.6138,122.4755,6
3342,STARLINK-3983,satellite,2,117,53.2345,214.7347,57.3652,309.8422,7.2075,6924.0131,539.8372,-5344.09133550789,-4337.353309968961,695.2834367422995,-2317.463999826846,6480.841499933151,695.2834367422995,5.8039,109.6764,5
3343,STARLINK-3741,satellite,2,117,53.2158,214.7421,100.2713,307.05,47.3214,6917.5865,541.7752,-2116.337656348786,-5170.920863361053,4070.0157208151663,-4175.208841265374,3712.807399077139,4070.0157208151663,36.2403,138.3549,7
3344,STARLINK-3975,satellite,2,161,53.2039,229.7513,114.2169,310.5479,64.7648,6914.2015,543.6232,954.1680458274011,-4667.800081521366,5005.640473293562,-4719.860102892264,649.3957728956857,5005.640473293562,46.5919,172.166,4
3345,STARLINK-3984,satellite,2,117,53.1999,214.7328,92.1347,355.2926,87.4273,6911.8625,545.0548,2100.9026637514953,-3574.747759692827,5527.0592021913235,-4069.440613852389,-795.1519592604336,5527.0592021913235,53.2928,-168.9439,7
3346,STARLINK-4008,satellite,2,161,53.1979,229.7323,85.1813,179.651,264.8323,6912.145,558.988,-2748.7708266371183,3145.7404984230325,-5521.184368282078,3879.8165410981765,1548.692334910675,-5521.184368282078,-53.0579,21.7602,4
3347,STARLINK-3986,satellite,2,117,53.2004,214.7148,57.6538,49.6867,107.3405,6913.084,544.7892,3943.2658301672377,-2075.0253753995707,5281.920352859203,-3266.321591717185,-3030.877591622393,5281.920352859203,50.0232,-137.1412,28
3348,STARLINK-3988,satellite,2,117,53.212,214.706,73.315,54.1,127.415,6916.4734,542.6398,5324.396749465073,-311.610918001911,4396.685248648579,-2061.357812465697,-4919.055405148317,4396.685248648579,39.6747,-112.7364,92
3349,STARLINK-3990,satellite,2,117,53.2032,214.745,120.1005,307.175,67.2755,6913.8073,544.2763,-17.611695856618002,-4658.760283274936,5104.286313322003,-4388.75382163359,1563.0730763299164,5104.286313322003,47.7891,160.3964,5
3350,STARLINK-3992,satellite,2,117,53.2332,214.7335,134.3338,53.1228,187.4566,6924.0225,541.5184,5332.132006158287,4350.784923913058,-719.3450717275462,2334.1038760777483,-6474.018866278163,-719.3450717275462,-6.004,-70.174,6
3351,STARLINK-4001,satellite,2,161,53.2012,229.7172,101.0499,183.7331,284.783,6912.8082,558.2129,-4201.252895710357,1245.00845476009,-5360.4467684117635,2569.0061135800097,3549.757672648557,-5360.4467684117635,-50.9093,54.1062,4
3352,STARLINK-4022,satellite,2,117,53.2149,214.7159,74.1972,153.1601,227.3574,6917.6407,551.9596,2118.1519378846165,5177.241493043793,-4078.3236149961604,4180.568834836782,-3716.6169195183556,-4078.3236149961604,-36.2638,-41.6378,10
3353,STARLINK-3989,satellite,2,117,53.2236,214.7075,96.4449,51.0185,147.4634,6920.6842,540.3454,6059.778573603026,1488.7848651690963,2978.741498886461,-607.1553504750018,-6210.375118802766,2978.741498886461,25.6563,-95.5838,68
3354,STARLINK-3794,satellite,2,117,53.2179,214.7645,79.9722,142.1891,222.1613,6918.718,550.4563,2628.9548052747114,5211.439922513201,-3721.4268075708924,4043.2688355904666,-4209.808375363931,-3721.4268075708924,-32.6807,-46.156,12
3355,STARLINK-3995,satellite,2,117,53.2335,214.7187,117.8437,49.6264,167.4701,6923.6522,539.7295,6061.840259255526,3107.5374122297962,1202.1671795520504,919.1265659168783,-6749.659432368778,1202.1671795520504,10.0693,-82.2455,14
3356,STARLINK-3994,satellite,2,117,53.2006,214.7159,101.0463,186.1661,287.2124,6913.0705,556.9856,-3939.666403844427,2089.278061136172,-5294.919955756839,3278.5713062248383,3022.7511277517638,-5294.919955756839,-50.0702,42.6752,4
3357,STARLINK-3974,satellite,2,117,53.2259,214.7765,118.2733,89.1492,207.4224,6921.6295,546.3442,3957.951623836167,5071.78046050091,-2553.3605734325934,3470.372245164801,-5417.089123887107,-2553.3605734325934,-21.7696,-57.355,13
3358,STARLINK-3978,satellite,2,182,53.23,204.7442,72.5612,309.5806,22.1418,6922.499,539.8191,-5164.700775493447,-4098.416897773417,2088.033770110749,-2151.6238240994257,6232.308568091366,2088.033770110749,17.6749,109.0466,4
3359,STARLINK-3967,satellite,2,117,53.2038,214.7465,73.4474,173.9333,247.3808,6913.8015,556.7832,6.235432641199606,4662.85641114737,-5117.479596437722,4396.394004259748,-1553.7015642996855,-5117.479596437722,-47.8375,-19.4636,4
3360,STARLINK-3961,satellite,2,182,53.2181,204.7526,95.1773,306.9672,42.1444,6918.7495,541.4866,-3492.0427320268313,-4668.711651666975,3715.4069465482085,-3244.815091227464,4843.800775471148,3715.4069465482085,32.6691,123.8177,6
3361,STARLINK-3941,satellite,2,117,53.1991,214.7349,88.4864,178.8294,267.3158,6912.0248,559.2915,-2094.138733635759,3589.4633507442595,-5537.897699799226,4081.076539568814,783.8867649289801,-5537.897699799226,-53.2849,10.8729,4
3362,STARLINK-3968,satellite,2,182,53.2,204.7206,58.645,43.7011,102.3461,6912.5349,545.0743,3033.102961525991,-3055.146186364099,5405.17401250163,-3888.742201370632,-1846.9747931555341,5405.17401250163,51.6363,-154.5944,8
3363,STARLINK-3977,satellite,2,182,53.234,204.7609,53.328,308.881,2.209,6924.2138,540.3717,-6210.904000511198,-3040.4793467226464,213.62558659570414,-806.3896030416743,6868.011281988351,213.62558659570414,1.7804,96.6966,3
3364,STARLINK-3991,satellite,2,182,53.2323,204.9419,67.8462,309.0504,16.8966,6923.1961,539.8851,-5493.571212794465,-3882.024805298505,1610.4293531507153,-1838.3341142624367,6470.700807743771,1610.4293531507153,13.5441,105.8599,5
3365,STARLINK-3971,satellite,2,182,53.2053,204.7496,116.0003,306.3101,62.3104,6914.6028,543.6992,-1381.9594748635795,-4673.1308463702435,4900.488417512889,-3949.4188353777295,2854.830075543185,4900.488417512889,45.3373,144.1388,7
3366,STARLINK-3963,satellite,2,182,53.2328,204.7127,132.4579,64.7667,197.2246,6923.1676,543.711,5492.030939085809,3877.856856895133,-1641.6679046571373,1834.9137849758033,-6467.864333777428,-1641.6679046571373,-13.8041,-74.1615,4
3367,STARLINK-3985,satellite,2,182,53.1989,204.7364,114.2224,328.0794,82.3018,6912.1992,545.3239,875.7798867183456,-4112.966348280208,5483.087836206196,-4170.465778738152,539.163964337203,5483.087836206196,52.6852,172.6336,4
3368,STARLINK-3973,satellite,2,182,53.2231,204.8109,89.3775,52.9566,142.3341,6919.6429,540.9632,6029.2322773694195,0.674323535722664,3383.9620899299766,-2000.747532745893,-5687.587504328763,3383.9620899299766,29.4553,-109.3806,73
3369,STARLINK-3832,satellite,2,182,53.2096,204.747,67.6398,54.7423,122.3821,6915.4909,543.2153,4824.923946532165,-1625.0449357842579,4674.2726898246,-3134.5193568231102,-4011.9135751956105,4674.2726898246,42.7318,-128.0006,57
3370,STARLINK-3854,satellite,2,182,53.2331,204.7123,113.3579,49.0463,162.4042,6923.1241,539.6631,6512.354095929525,1619.363207559495,1674.9453262823545,-634.2119822591844,-6680.633819505924,1674.9453262823545,14.0979,-95.423,17
3371,STARLINK-3868,satellite,2,182,53.2087,204.5603,109.979,192.3637,302.3427,6915.4898,554.8376,-4824.713593058663,1646.6369625204209,-4684.110421527435,3154.8172496034363,4004.5477476224605,-4684.110421527435,-42.7538,51.7687,3
3372,STARLINK-3891,satellite,2,166,53.2065,194.8132,66.6365,50.7107,117.3473,6914.551,543.6724,4009.251322481842,-2742.7126063464666,4915.778550645746,-3918.053387665752,-2871.4850268171617,4915.778550645746,45.5182,-143.7628,17
3373,STARLINK-4004,satellite,2,179,53.216,99.7143,102.8113,211.6882,314.4996,6918.0215,551.4428,2095.509690463035,5281.378447082785,-3954.4909978786654,4286.317049927887,-3729.8264452428025,-3954.4909978786654,-35.0033,-41.0288,11
3374,STARLINK-4084,satellite,2,179,53.204,100.0286,59.6589,54.9624,114.6213,6914.0406,544.1729,-3204.1995181096504,-3490.542366597714,5030.953794697925,-2228.998780377936,4181.189424307558,5030.953794697925,46.8932,118.0621,5
3375,STARLINK-4082,satellite,2,179,53.2072,99.7095,108.4234,191.3136,299.737,6915.0259,555.3967,2969.6777376007753,3992.05605351587,-4814.019587583827,2779.924440206065,-4126.441264135401,-4814.019587583827,-44.2319,-56.0324,13
3376,STARLINK-3960,satellite,2,179,53.2192,99.656,93.6486,226.0858,319.7345,6919.1581,549.8798,1754.9460014459298,5656.586420567539,-3583.4311271135293,4753.299022874,-3533.122386853478,-3583.4311271135293,-31.333,-36.6234,10
3377,STARLINK-4081,satellite,2,179,53.2314,99.7133,49.221,290.5789,339.7999,6922.7301,544.2985,314.11819598270495,6643.343828605715,-1914.3359270407468,6162.383464816308,-2501.543023551591,-1914.3359270407468,-16.1523,-22.0941,6
3378,STARLINK-4044,satellite,2,179,53.2199,99.7515,91.6196,307.971,39.5907,6919.3036,541.1182,-3502.3914421867717,4803.982294944436,3528.9900239183835,5694.194822474835,1709.1334143780366,3528.9900239183835,30.8489,16.7073,9
3379,STARLINK-4037,satellite,2,179,53.2069,99.7542,113.4296,306.3234,59.753,6915.1071,543.363,-4113.945616344745,2825.2419571262553,4781.079971610313,4030.6560947129897,2942.84761696928,4781.079971610313,43.9486,36.1338,8
3380,STARLINK-4070,satellite,2,179,53.2304,99.7439,69.1735,310.5164,19.6899,6922.8571,539.6672,-2476.881649452494,6181.82488471348,1866.6744471672794,6653.49662287703,284.40165263462774,1866.6744471672794,15.7506,2.4476,5
3381,STARLINK-4064,satellite,2,179,53.2055,99.7093,63.9094,55.9217,119.8312,6914.9779,543.5257,-2959.7484491131963,-3994.383731510646,4801.157679365566,-2785.4161288778437,4117.847649631061,4801.157679365566,44.179,124.0754,7
3382,STARLINK-4079,satellite,2,179,53.199,99.3352,97.0679,182.9396,280.0074,6912.39,558.7518,3835.1215080144993,1849.741476451838,-5459.497411603367,471.80187484045206,-4231.678567878079,-5459.497411603367,-52.2205,-83.6382,7
3383,STARLINK-4076,satellite,2,179,53.2202,99.7057,87.7763,52.1293,139.9056,6919.1631,541.0421,-1736.186941257082,-5662.449587355744,3566.2844837465236,-4765.0567449680175,3517.373258778725,3566.2844837465236,31.211,143.5667,7
3384,STARLINK-4067,satellite,2,179,53.1987,99.7223,60.8829,38.9293,99.8121,6912.3499,545.2259,-3821.3946936232824,-1849.4885333154225,5452.047010954167,-476.1198444738299,4218.646125597124,5452.047010954167,52.2644,96.4392,4
3385,STARLINK-3972,satellite,2,179,53.2305,99.7449,130.0687,69.7663,199.835,6922.8194,544.3242,2487.3650937307334,-6178.418726336089,-1881.1335215576423,-6653.763544468798,-295.42132920386865,-1881.1335215576423,-15.8647,-177.4578,5
3386,STARLINK-4075,satellite,2,179,53.1988,99.8047,116.9212,322.8166,79.7379,6912.3846,545.2278,-4223.32856238441,519.432784682127,5444.511337331147,1891.8998691020954,3811.4340410068853,5444.511337331147,52.1625,63.6014,4
3387,STARLINK-4071,satellite,2,179,53.22,99.7523,84.0396,135.84,219.8795,6919.2113,549.9811,3518.972198276482,-4785.330188121392,-3554.9820935313755,-5682.104251469242,-1730.9655158390365,-3554.9820935313755,-31.0564,-163.0575,4
3388,STARLINK-4073,satellite,2,179,53.2308,99.7148,109.6356,50.1942,159.8298,6922.8276,539.7812,-311.54894840744123,-6639.911496201618,1910.350969324214,-6159.998605198335,2497.980105725177,1910.350969324214,16.1286,157.9266,3
3389,STARLINK-3976,satellite,2,179,53.1993,99.7363,81.627,178.1833,259.8103,6912.3878,558.7062,4230.352856031359,-516.8582746973835,-5456.405480061125,-1891.8030295275214,-3818.9146442577535,-5456.405480061125,-52.1793,-116.3528,4
3390,STARLINK-3936,satellite,2,179,53.2297,99.7041,133.0489,71.0033,204.0521,6914.8249,537.5416,2726.6882936354923,-5938.496862956079,-2257.0751664205263,-6506.888235131148,-600.8157267414767,-2257.0751664205263,-19.165,-174.7245,5
3391,STARLINK-3934,satellite,2,121,53.1977,89.7258,92.6628,182.1327,274.7955,6912.0882,559.0402,4135.790507158666,559.0176828693207,-5524.3232806842025,-845.5415695339844,-4086.8476045791485,-5524.3232806842025,-53.1005,-101.6892,4
3392,STARLINK-4006,satellite,2,179,53.2076,99.7486,71.8452,167.9661,239.8113,6915.0629,555.1461,4121.672060908627,-2824.106563040572,-4792.113079110917,-4032.149847170239,-2950.5128481415936,-4792.113079110917,-43.9814,-143.8053,4
3393,STARLINK-4074,satellite,2,121,53.2245,89.8565,100.8249,113.9664,214.7913,6920.2977,548.2976,2350.2984259519853,-5690.458790648789,-3163.5728728741014,-6147.973013981211,-328.1032740818734,-3163.5728728741014,-27.3402,-176.9452,7
3394,STARLINK-4031,satellite,2,121,53.2333,89.7412,63.6382,311.0181,14.6563,6923.4742,539.5317,-1017.2960917792951,6696.3834266194635,1401.9595863400525,6654.374168479175,-1263.2287047602865,1401.9595863400525,11.7649,-10.7488,5
3395,STARLINK-3774,satellite,2,121,53.2101,89.5191,107.6458,307.1159,54.7617,6916.0745,542.7742,-3347.236412133451,4016.1642606369633,4520.90271936131,4899.5443299599065,1824.289540036721,4520.90271936131,41.0263,20.4222,13
3396,STARLINK-4068,satellite,2,121,53.2232,89.7499,84.6804,310.2553,34.9357,6920.1141,540.2722,-2345.659521586558,5678.2711633855415,3171.285021336461,6134.93657881701,327.7730465406271,3171.285021336461,27.447,3.0583,9
3397,STARLINK-4017,satellite,2,121,53.2291,89.7096,54.1746,280.5283,334.7029,6922.0077,545.5198,1802.0924542561504,6248.380845545185,-2369.049842349535,5295.887501930132,-3774.039741651265,-2369.049842349535,-20.1308,-35.475,12
3398,STARLINK-4014,satellite,2,121,53.2356,89.7252,47.1322,307.532,354.6642,6924.1459,541.213,418.1521823168089,6887.322049206064,-515.4590060937498,6357.993933337181,-2680.665850251376,-515.4590060937498,-4.2987,-22.8613,6
3399,STARLINK-4029,satellite,2,121,53.2043,89.711,61.2557,53.6187,114.8744,6914.1604,543.9844,-3769.936974679315,-2887.919331045204,5020.637667532391,-1472.750915714738,4514.809807283161,5020.637667532391,46.7699,108.0666,4
3400,STARLINK-4005,satellite,2,121,53.1979,90.0087,89.4543,179.9744,269.4287,6912.005,559.2502,4147.436855461178,-68.4043255636317,-5543.563839447279,-1441.2535571977432,-3889.5629324717675,-5543.563839447279,-53.3637,-110.3319,4
3401,STARLINK-3981,satellite,2,121,53.2162,89.7056,81.543,53.3581,134.9012,6918.103,541.6918,-2957.1036350611184,-4864.606615238453,3921.6935991624346,-3607.173704112482,4404.220396151041,3921.6935991624346,34.7279,129.3184,7
3402,STARLINK-4032,satellite,2,121,53.2284,89.5959,105.1172,49.8403,154.9575,6922.0402,539.7401,-1796.459086825482,-6252.804279361171,2344.7924286605776,-5301.930096474374,3770.194140721994,2344.7924286605776,19.9335,144.5834,5
3403,STARLINK-4035,satellite,2,121,53.1977,89.7246,67.6655,27.1448,94.8103,6912.0777,545.3799,-4127.561615098901,-559.6015342602024,5513.304928164609,842.2592702192012,4079.279113435858,5513.304928164609,53.0992,78.3339,4
3404,STARLINK-3993,satellite,2,121,53.2043,89.4392,106.685,188.3584,295.0434,6914.1415,556.5285,3785.502918866658,2893.7836905346826,-5022.873203453001,1473.1156917321105,-4531.439788315094,-5022.873203453001,-46.6866,-71.9913,11
3405,STARLINK-3946,satellite,2,121,53.2005,89.7418,78.3877,176.3564,254.7442,6912.8447,558.1446,3992.892673248604,-1839.7931548576871,-5348.529818857052,-3060.9009384664873,-3155.7750549807192,-5348.529818857052,-50.7541,-134.1257,4
3406,STARLINK-4072,satellite,2,121,53.2355,89.726,124.5944,50.3284,174.9228,6924.192,540.1766,-399.39694934795875,-6889.2299859420145,490.47120585631717,-6366.019423799439,2663.6074069125357,490.47120585631717,4.0906,157.2951,5
3407,STARLINK-4041,satellite,2,137,53.2247,94.5028,69.9982,257.3617,327.3599,6920.6741,547.3925,1770.5030520661776,5985.917038502906,-2990.2516403545574,5058.7918748890215,-3657.1175282962763,-2990.2516403545574,-25.7343,-35.864,10
3408,STARLINK-4018,satellite,2,137,53.2356,94.7293,131.5662,50.6015,182.1676,6924.2386,540.6543,726.1213055914538,-6877.3686177779055,-209.64128790011904,-6728.44266205137,1597.9707753013804,-209.64128790011904,-1.7471,166.6401,4
3409,STARLINK-4030,satellite,2,137,53.2115,94.6979,73.2798,54.1039,127.3837,6916.5063,542.5903,-2934.320735432922,-4451.932317264908,4398.456593539711,-3225.46150930996,4245.743467033685,4398.456593539711,39.6941,127.2237,7
3410,STARLINK-3987,satellite,2,167,53.2066,84.7777,72.5962,169.7472,242.3434,6914.6365,555.9352,3365.063325558473,-3534.5483175853633,-4910.728158200319,-4451.154485610731,-2000.9764465359503,-4910.728158200319,-45.3554,-155.7941,3
3411,STARLINK-4034,satellite,2,137,53.2331,94.3602,45.5024,301.9366,347.439,6923.6845,542.4822,384.6917006734858,6803.27388359632,-1205.5804031429577,6289.818549744356,-2621.203130450335,-1205.5804031429577,-10.0941,-22.6233,7
3412,STARLINK-4033,satellite,2,137,53.2352,94.764,132.4321,54.9842,187.4163,6924.0405,541.714,1102.6219611027875,-6793.630743243381,-715.5179917200687,-6774.43102133794,1215.021893540181,-715.5179917200687,-5.9718,169.8319,5
3413,STARLINK-4020,satellite,2,118,53.2135,79.765,101.5729,308.1548,49.7276,6917.1138,542.0102,-2313.9635407628475,4958.220674318032,4223.65952152327,5445.192907657816,536.8926537097666,4223.65952152327,37.8371,5.6311,16
3414,STARLINK-3999,satellite,2,118,53.2264,79.7088,68.9951,260.6247,329.6198,6921.1128,547.1929,3128.7318521724937,5500.906525053699,-2804.0116801220506,4150.4228167281935,-4777.334616976196,-2804.0116801220506,-24.0288,-49.0167,13
3415,STARLINK-3844,satellite,2,118,53.2263,79.7481,79.6485,310.0416,29.6902,6921.2453,540.0055,-948.537822359554,6275.983270024379,2743.404027162274,6234.98739861899,-1188.5378181340745,2743.404027162274,23.5044,-10.7925,5
3416,STARLINK-3970,satellite,2,118,53.235,79.7365,58.9446,310.7545,9.6991,6923.9208,539.7909,528.5302979767138,6833.837451813549,933.6135930617852,6270.902362724127,-2767.0312883792653,933.6135930617852,7.8041,-23.8094,4
3417,STARLINK-4007,satellite,2,118,53.2136,79.5898,76.2718,53.6612,129.933,6917.0336,542.2347,-3923.4918201408764,-3790.3705243272757,4244.876652516506,-2273.059437827708,4959.223484226515,4244.876652516506,38.059,114.6243,5
3418,STARLINK-3962,satellite,2,118,53.2022,79.7325,75.3506,174.4796,249.8302,6913.4694,557.4891,3404.9603220256686,-3042.89534423929,-5204.053383868351,-4000.6228198664558,-2201.8137804378594,-5204.053383868351,-48.9087,-151.173,4
3419,STARLINK-4091,satellite,2,174,53.2373,339.9223,128.1243,51.6873,179.8116,6924.2333,540.6299,-6493.588229659349,2387.9516117810313,18.226187323478158,4408.07537863867,5332.717173525857,18.226187323478158,0.1519,50.4225,4
3420,STARLINK-4089,satellite,2,174,53.222,339.7513,86.4396,133.4554,219.895,6919.1721,549.8719,-5902.74931265861,-655.8368103890999,-3556.165075044932,1340.7483698098463,5785.755368040139,-3556.165075044932,-31.0685,76.953,4
3421,STARLINK-4083,satellite,2,174,53.2092,339.7497,71.4236,168.442,239.8656,6915.0762,555.4457,-4502.052902586372,-2161.2826447194593,-4795.046372356534,-544.2924227338118,4964.208775485422,-4795.046372356534,-44.0128,96.2571,4
3422,STARLINK-4086,satellite,2,174,53.2019,339.7394,84.2106,175.6269,259.8375,6912.4209,558.7395,-2559.622770032501,-3406.528952460267,-5457.077787682119,-2363.714191845879,3545.2733953935463,-5457.077787682119,-52.188,123.6923,4
3423,STARLINK-4108,satellite,2,174,53.2088,339.7105,107.5855,192.1874,299.7729,6915.0166,555.7005,1976.5842332245288,-4567.981404879152,-4812.613265968498,-4965.0889858678875,-348.1820052313179,-4812.613265968498,-44.2133,-175.9886,9
3424,STARLINK-4080,satellite,2,174,53.2214,339.708,93.8773,225.8831,319.7604,6919.12,549.8982,4027.6764837894007,-4343.714557855976,-3581.6315571251894,-5434.391740854213,-2357.4181693402643,-3581.6315571251894,-31.3154,-156.549,4
3425,STARLINK-4043,satellite,2,174,53.2357,340.0404,125.9648,53.1682,179.133,6918.6667,535.3465,-6476.094105711624,2418.5517844959254,83.8040051533447,4431.133348693746,5306.057373079886,83.8040051533447,0.6989,50.1345,2
3426,STARLINK-4036,satellite,2,174,53.233,339.7466,69.9021,309.7267,19.6288,6922.8554,539.727,6593.02736331479,-950.4149601550935,1861.1906642895065,-3085.0582018173823,-5903.703439477925,1861.1906642895065,15.703,-117.5899,6
3427,STARLINK-4092,satellite,2,174,53.238,339.7222,51.4225,308.32,359.7425,6924.231,540.5816,6483.402496572082,-2415.2712688185115,-24.908547496735263,-4430.4648403800575,-5314.040320951037,-24.908547496735263,-0.2076,-129.8189,4
3428,STARLINK-4048,satellite,2,174,53.2105,339.7507,113.7665,306.0208,59.7873,6915.073,543.4402,4500.85528274217,2152.0214842141518,4783.024807429778,535.9539330722181,-4960.004851442365,4783.024807429778,43.9704,-83.8328,99
3429,STARLINK-4049,satellite,2,174,53.2355,339.8214,47.1251,302.3563,349.4814,6915.3944,534.0409,6117.969356096202,-3052.962276201223,-1010.8039034713607,-4910.693272413193,-4757.64850386362,-1010.8039034713607,-8.4609,-135.9069,4
3430,STARLINK-4065,satellite,2,174,53.2091,339.708,66.227,53.6895,119.9165,6915.0087,543.373,-1988.7635431906858,4560.299360284398,4797.180030301277,4961.885408873085,362.2207549921011,4797.180030301277,44.1342,4.1752,20
3431,STARLINK-4046,satellite,2,174,53.2222,339.6777,88.8598,311.065,39.9248,6918.8519,540.2747,5893.801866735495,649.6903150676159,3553.449994660076,-1343.5762725433967,-5775.274950137514,3553.449994660076,31.0902,-103.0965,96
3432,STARLINK-4188,satellite,2,174,53.2323,339.7149,110.3646,49.5792,159.9439,6922.7866,539.4528,-5601.452775439521,3583.929455804561,1899.9488227385218,5240.097668977106,4094.1665768802563,1899.9488227385218,16.0392,38.001,4
3433,STARLINK-4208,satellite,2,174,53.1997,339.7384,116.354,323.4298,79.7838,6912.3294,545.0367,2560.4244746300337,3397.093252557013,5445.209292839939,2354.547390387567,-3542.897492628311,5445.209292839939,52.174,-56.3927,20
3434,STARLINK-4168,satellite,2,174,53.2213,339.7717,87.8858,52.0199,139.9058,6919.1299,540.9943,-4040.7237937232085,4330.06373605535,3566.3008863796294,5425.845957056879,2374.257017627202,3566.3008863796294,31.2114,23.6334,7
3435,STARLINK-4212,satellite,2,174,53.2181,339.7148,81.9374,52.8032,134.7407,6918.0339,541.5792,-3544.8086474656216,4444.677180887721,3932.6355150787313,5369.343222752719,1868.4156244611424,3932.6355150787313,34.8393,19.1868,10
3436,STARLINK-4206,satellite,2,174,53.2325,339.7486,128.6549,71.2622,199.9171,6922.8017,544.4609,-6593.274770844527,928.3313316999039,-1888.6904422916296,3064.3088820148528,5911.267405631008,-1888.6904422916296,-15.9298,62.5985,4
3437,STARLINK-4202,satellite,2,174,53.2009,339.7224,61.706,38.1612,99.8672,6912.3295,545.0591,302.53701459377567,4235.500959694404,5451.167840216174,3894.914071086303,-1691.343076855034,5451.167840216174,52.2542,-23.4726,10
3438,STARLINK-4197,satellite,2,141,53.2106,329.7527,70.7899,164.0683,234.8581,6915.9704,554.0976,-5150.237063811917,-921.4392402077218,-4533.706145742346,840.4121480098424,5164.077798439337,-4533.706145742346,-41.0852,80.7566,4
3439,STARLINK-4187,satellite,2,174,53.2373,340.083,48.8882,305.3938,354.2819,6924.1193,541.5083,6332.700386589157,-2733.397766333031,-552.303714084073,-4680.527912904649,-5066.282265312633,-552.303714084073,-4.6064,-132.7336,4
3440,STARLINK-3809,satellite,2,141,53.2017,329.7418,78.667,176.1968,254.8638,6912.8255,558.1616,-3578.7868564410346,-2546.942099009566,-5351.654124768689,-1214.5593694879371,4221.31199481055,-5351.654124768689,-50.7947,106.0516,4
3441,STARLINK-4184,satellite,2,141,53.2243,329.7528,99.7863,115.1315,214.9178,6920.2172,548.3562,-6098.024487996975,809.9647043592225,-3173.6238169335056,2788.257175390328,5483.39013771616,-3173.6238169335056,-27.434,63.0471,4
3442,STARLINK-4189,satellite,2,141,53.214,329.68,107.7317,201.848,309.5798,6916.935,552.9043,2194.5742886185117,-4984.897787547662,-4273.262804778387,-5430.726513716815,-415.4176137048584,-4273.262804778387,-38.2889,-175.6257,9
3443,STARLINK-4204,satellite,2,141,53.1986,329.7243,93.5609,181.2684,274.8293,6912.0715,559.1463,-1580.2323123426734,-3863.027576309263,-5524.199358384051,-3119.433908255279,2772.9493879847296,-5524.199358384051,-53.0976,138.3652,4
3444,STARLINK-4209,satellite,2,141,53.229,329.7152,56.0228,278.6777,334.7005,6922.0028,545.6677,4510.578029314062,-4684.582125109139,-2369.306808679476,-5916.229050580874,-2699.7884484688284,-2369.306808679476,-20.1327,-155.4711,4
3445,STARLINK-4201,satellite,2,141,53.2032,329.763,103.5389,186.0374,289.5762,6913.313,557.3593,36.54445292216429,-4543.792508347371,-5223.475286974114,-4298.281885651752,1473.8245103916154,-5223.475286974114,-49.1549,161.0738,10
3446,STARLINK-4199,satellite,2,141,53.2343,329.7448,63.3743,311.3344,14.7087,6923.4551,539.5944,6308.537139389828,-2462.872571684932,1406.8878313467806,-4417.321087119758,-5133.289058362666,1406.8878313467806,11.8067,-130.7128,4
3447,STARLINK-4198,satellite,2,141,53.2176,329.7345,102.4828,212.2493,314.7321,6918.0266,551.6014,2723.937999910848,-4999.035763635176,-3938.8938688978415,-5619.783365456951,-910.0723700866753,-3938.8938688978415,-34.8446,-170.8013,7
3448,STARLINK-4196,satellite,2,141,53.225,329.756,85.9,308.8146,34.7146,6920.2699,540.4637,6097.16479149144,-826.2085725774724,3153.922088945608,-2803.29461286253,-5477.187089510388,3153.922088945608,27.2836,-117.1039,54
3449,STARLINK-4191,satellite,2,141,53.2368,329.7278,47.9474,306.7757,354.7231,6924.1277,541.3268,5758.497101651655,-3802.259381035586,-509.8037921571923,-5498.178226229547,-4169.83230634266,-509.8037921571923,-4.2514,-142.8232,4
3450,STARLINK-4112,satellite,2,141,53.2144,329.7179,76.9405,52.7585,129.699,6916.9603,542.093,-2206.802564218182,4976.499789695584,4259.2749509125815,5426.863833316845,429.74021096208423,4259.2749509125815,38.2119,4.5277,18
3451,STARLINK-4010,satellite,2,141,53.2132,329.7542,108.7016,306.0364,54.7381,6916.0699,542.7477,5149.393849037646,909.6048349946691,4519.755352688046,-851.2956182341135,-5159.354004013276,4519.755352688046,41.0138,-99.3694,112
3452,STARLINK-4270,satellite,2,141,53.1999,329.7287,74.5141,20.3234,94.8375,6912.0709,545.3125,1575.8418867772386,3855.774331567973,5513.188659897292,3114.0493230734332,-2766.400217171404,5513.188659897292,53.0983,-41.6166,5
3453,STARLINK-4267,satellite,2,141,53.2017,329.7434,121.5933,313.1909,74.7842,6912.8309,544.9038,3579.108370115559,2536.199297599497,5339.404031295268,1204.3189793751874,-4218.049240833035,5339.404031295268,50.7688,-74.0651,59
3454,STARLINK-4274,satellite,2,141,53.231,329.7135,104.4993,50.4707,154.9699,6922.0509,539.8646,-4527.552220959062,4672.515062454416,2343.8223718881545,5910.480739195007,2719.805793430768,2343.8223718881545,19.9245,24.7103,4
3455,STARLINK-4272,satellite,2,141,53.2065,329.714,62.4742,52.4321,114.9063,6914.144,543.877,-619.8758584986642,4709.481317832512,5019.405638140049,4648.21075525806,-978.5689233090355,5019.405638140049,46.756,-11.8886,16
3456,STARLINK-4126,satellite,2,141,53.2345,329.7429,131.6247,63.3086,194.9333,6923.4172,543.2415,-6313.67351714786,2447.3100153459577,-1428.6397013242554,4404.345960015632,5143.300132875861,-1428.6397013242554,-11.9855,49.4257,4
3457,STARLINK-4261,satellite,2,141,53.2196,329.7372,82.4849,52.4072,134.8921,6918.0952,541.5201,-2736.2226898623708,4991.404008628889,3922.3843686862697,5616.662207074003,924.1938311311139,3922.3843686862697,34.7359,9.344,12
3458,STARLINK-4266,satellite,2,123,53.216,319.7555,73.7382,156.1359,229.8741,6917.0735,552.7515,-5453.272666085584,462.9778133715114,-4239.489041717311,2246.9218574338297,4990.3780811614415,-4239.489041717311,-37.9342,65.7603,4
3459,STARLINK-4207,satellite,2,123,53.2034,319.7163,104.1239,185.6748,289.7987,6913.4045,557.4469,-733.8658870072878,-4492.785449751601,-5216.328188910123,-3994.431869077388,2183.6195366664997,-5216.328188910123,-49.0638,151.3361,14
3460,STARLINK-4213,satellite,2,123,53.1999,319.7074,86.001,178.6356,264.6365,6912.1144,559.3349,-3164.103785339502,-2731.1760519623526,-5519.867501998394,-1525.9995844006708,3891.298068719667,-5519.867501998394,-53.036,111.413,4
3461,STARLINK-4211,satellite,2,123,53.228,319.7101,68.5066,261.2422,329.7488,6921.1135,547.1192,3210.9228634670553,-5458.788897847369,-2793.2716364245703,-6215.120654641403,-1216.8307666421751,-2793.2716364245703,-23.9314,-168.9224,5
3462,STARLINK-4193,satellite,2,123,53.2355,319.7223,46.5162,303.1706,349.6868,6923.8113,542.1439,4714.621303205449,-4967.048004707041,-992.4482737895488,-6250.410079577389,-2798.498481475419,-992.4482737895488,-8.2963,-155.8805,4
3463,STARLINK-4200,satellite,2,123,53.214,319.7075,106.8068,202.9403,309.747,6916.9774,552.7893,1314.9982939455422,-5293.740049883199,-4262.884727018572,-5430.084520191706,516.8039593419093,-4262.884727018572,-38.1802,174.5633,9
3464,STARLINK-4214,satellite,2,123,53.2139,319.7192,76.2505,53.6697,129.9203,6917.0185,542.2356,-1331.506898195181,5289.697390001025,4245.684272827398,5431.75106292276,-499.88947594690995,4245.684272827398,38.0675,-5.2582,17
3465,STARLINK-4171,satellite,2,123,53.2359,319.7375,58.8872,310.7771,9.6643,6923.9205,539.7584,5652.98287853196,-3876.8818375372666,930.3086173624147,-5533.544355772887,-4045.5302581856736,930.3086173624147,7.7763,-143.8298,4
3466,STARLINK-4139,satellite,2,123,53.2363,319.7398,132.4616,57.4755,189.9372,6923.8576,542.156,-5663.351707402411,3859.5398824487497,-956.6463665057873,5520.627619877434,4061.0677596657683,-956.6463665057873,-7.9951,36.3388,4
3467,STARLINK-4186,satellite,2,123,53.2353,319.7264,120.0447,49.8832,169.9279,6923.8736,539.7633,-4728.386206069225,4955.261455785842,969.1541336967058,6243.861063530661,2815.3953946592137,969.1541336967058,8.1031,24.2709,4
3468,STARLINK-4181,satellite,2,123,53.2031,319.3179,119.6971,310.3871,70.0843,6913.3681,544.2959,4321.829506575446,1416.7094297346675,5202.5767192415115,-98.23755747683853,-4547.045774401911,5202.5767192415115,49.0156,-91.2377,90
3469,STARLINK-4260,satellite,2,116,53.2269,39.7469,113.5631,96.3603,209.9234,6921.1863,546.943,-3290.8134912694263,-5424.988570117866,-2765.740753186232,-4025.007088595208,4905.025214714874,-2765.740753186232,-23.6819,129.3719,11
3470,STARLINK-4259,satellite,2,135,53.2362,49.7243,49.8224,304.8527,354.6751,6924.1549,541.2159,4746.966522310933,5007.74257129998,-514.416653555725,3148.0545487713453,-6140.108254934186,-514.416653555725,-4.29,-62.8556,5
3471,STARLINK-4291,satellite,2,116,53.2142,39.7496,73.3764,156.515,229.8914,6917.0656,552.7595,-1401.6107927580704,-5289.588796760959,-4240.471210114525,-4524.399291052428,3077.99829569791,-4240.471210114525,-37.9444,145.7721,15
3472,STARLINK-4286,satellite,2,135,53.2255,49.7495,85.1568,309.4746,34.6314,6920.2974,540.3269,1880.5318680263758,5861.899557813222,3147.2786583469774,4905.282714685292,-3719.7403164150196,3147.2786583469774,27.222,-37.1735,4
3473,STARLINK-4285,satellite,2,135,53.2122,49.7508,108.213,306.5172,54.7302,6916.0876,542.7393,-0.604515612213675,5229.538973111338,4519.2543069803605,4933.215115793461,-1735.3578472569918,4519.2543069803605,41.0084,-19.3804,13
3474,STARLINK-4269,satellite,2,135,53.2023,49.7528,122.3003,307.1704,69.4706,6913.5057,544.4393,-1393.0201274650667,4354.254737832992,5182.213943948012,4569.768849948487,-131.34708030382106,5182.213943948012,48.7577,-1.6464,19
3475,STARLINK-4256,satellite,2,116,53.2001,39.7284,90.0816,179.7063,269.7879,6912.0419,559.4004,2631.1483281129886,-3206.1361978438485,-5544.079217332659,-3897.7432951911796,-1417.691097682634,-5544.079217332659,-53.3692,-160.0126,4
3476,STARLINK-4296,satellite,2,116,53.2146,39.7031,106.9306,202.7732,309.7037,6917.0075,552.8203,5439.86456782727,371.27932865939835,-4265.606945521702,-1455.517863446451,-5254.6591331294385,-4265.606945521702,-38.2087,-105.4825,4
3477,STARLINK-4295,satellite,2,116,53.2246,39.9875,92.4412,51.9793,144.4204,6920.1331,540.6388,-5856.1810268685,-1768.372185589384,3222.264178824797,275.8376186796696,6111.130011245213,3222.264178824797,27.9242,87.4156,4
3478,STARLINK-4254,satellite,2,116,53.2364,39.6487,59.3109,310.4134,9.7243,6923.9056,539.696,4803.487857879222,4888.89891866472,936.0259206177462,3017.187481334375,-6153.97497071554,936.0259206177462,7.8245,-63.8821,10
3479,STARLINK-4217,satellite,2,116,53.215,39.7522,102.6042,307.1171,49.7214,6917.117,542.0547,1416.3701015223032,5285.382949836267,4223.379397471742,4515.532619918099,-3090.524607467444,4223.379397471742,37.8339,-34.3886,5
3480,STARLINK-4194,satellite,2,116,53.2278,39.7093,67.2223,262.4906,329.7129,6921.1151,547.0358,5933.136516507643,2210.9923754422043,-2796.2321836648694,116.14006933822237,-6330.648283712666,-2796.2321836648694,-23.9586,-88.949,4
3481,STARLINK-4190,satellite,2,116,53.2032,39.7437,121.9123,307.7344,69.6467,6913.4756,544.4582,-633.1157904516923,4520.720832376442,5188.208249519482,4474.548289586605,-903.42130402111,5188.208249519482,48.8329,-11.4147,16
3482,STARLINK-4121,satellite,2,116,53.2357,39.72,47.3032,302.4035,349.7066,6923.8472,542.2354,5709.927201528438,3781.6605260744814,-990.5745677133202,1671.8420235842589,-6641.47342307428,-990.5745677133202,-8.2804,-75.8706,5
3483,STARLINK-4255,satellite,2,116,53.2033,39.7125,55.5704,54.2206,109.7909,6913.4005,544.6061,-4288.475242615533,1501.09405735086,5206.899299284741,2839.5243574806786,3547.0275864185724,5206.899299284741,49.0672,51.3215,4
3484,STARLINK-4253,satellite,2,116,53.2278,39.7501,80.5734,309.1332,29.7066,6921.2609,540.1213,3306.001024995552,5417.699742593338,2744.8852125433114,4013.090099705361,-4916.93208513341,2744.8852125433114,23.5174,-50.7794,6
3485,STARLINK-4288,satellite,2,116,53.2145,39.7051,76.1601,53.7317,129.8919,6917.0232,542.1987,-5439.402711068059,-388.7384880949352,4247.448754388532,1438.895358799859,5260.018974464361,4247.448754388532,38.0864,74.7008,4
3486,STARLINK-4290,satellite,2,116,53.1991,39.7288,90.8915,358.915,89.8065,6911.9922,545.4012,-2627.6377638741383,3198.282219150768,5532.803916964862,3889.1693314702165,1416.986691054278,5532.803916964862,53.3686,20.0188,16
3487,STARLINK-4215,satellite,2,116,53.2363,39.72,120.1129,49.8118,169.9248,6923.8622,539.7595,-5701.559507434133,-3795.235737728,969.4640264199351,-1687.4251239001626,6638.086439100569,969.4640264199351,8.1057,104.2627,4
3488,STARLINK-4275,satellite,2,116,53.2287,39.697,98.9239,51.0063,149.9302,6921.1774,540.0762,-5929.12984240168,-2226.4084279539497,2775.313436657589,-132.01200533912376,6331.98610284079,2775.313436657589,23.794,91.1944,4
3489,STARLINK-4277,satellite,2,133,53.2062,29.7466,73.4076,171.4481,244.8557,6914.2099,556.6365,-691.645906569469,-4718.776907546766,-5018.942845993878,-4221.623975790489,2218.81062064833,-5018.942845993878,-46.6383,152.2744,13
3490,STARLINK-4263,satellite,2,116,53.2029,39.4415,104.1,185.8521,289.9521,6913.42,557.4592,4300.94930323575,-1509.525288854506,-5211.2786626002635,-2851.6182455514618,-3555.995625466006,-5211.2786626002635,-49.0,-128.7268,4
3491,STARLINK-4265,satellite,2,133,53.2009,29.7322,85.9804,178.8515,264.832,6912.091,559.2038,1506.9524561475394,-3896.0552196397052,-5521.568885842209,-4175.369549154481,-128.2228823743959,-5521.568885842209,-53.0608,-178.241,7
3492,STARLINK-4271,satellite,2,116,53.236,39.7357,132.5301,57.3949,189.925,6923.8769,542.1811,-4785.448704574063,-4906.287380225944,-955.4889656065021,-3039.5780219903913,6142.730712778065,-955.4889656065021,-7.9853,116.3274,4
3493,STARLINK-4177,satellite,2,133,53.2116,29.7048,106.3647,198.3522,304.7169,6915.9866,553.7411,5113.065176074813,-1006.1790082089037,-4557.015313130456,-2646.3917947691893,-4489.14715284847,-4557.015313130456,-41.3445,-120.5197,4
3494,STARLINK-4183,satellite,2,133,53.218,29.753,78.5702,146.3051,224.8753,6918.1502,551.3611,-2807.60469530196,-4973.596886271166,-3912.0004342177217,-3759.6097016639824,4299.377280881722,-3912.0004342177217,-34.5747,131.1682,16
3495,STARLINK-4262,satellite,2,133,53.2344,29.7153,47.9761,296.717,344.6931,6923.3909,543.4378,6339.375442823163,2359.0649742127157,-1463.5688021244382,120.96701634830133,-6763.004919307868,-1463.5688021244382,-12.2826,-88.9753,3
3496,STARLINK-4283,satellite,2,133,53.2028,29.7156,101.4,183.4095,284.8096,6912.793,558.461,3524.4986890572345,-2604.9362197399932,-5360.097809810784,-3627.1771508411343,-2459.9531772973733,-5360.097809810784,-50.9022,-145.8549,4
3497,STARLINK-4281,satellite,2,133,53.2366,29.7317,55.9053,308.7602,4.6655,6924.2008,540.2446,5820.612082848643,3712.140692582131,450.8081637527033,1569.5226145506429,-6722.8053893402175,450.8081637527033,3.7593,-76.859,6
3498,STARLINK-4279,satellite,2,133,53.2328,29.9387,126.9755,71.4529,198.4284,6913.2147,534.5984,-5029.314055654413,-4405.64002275652,-1750.2024812806271,-2486.368001925296,6206.580220984752,-1750.2024812806271,-14.7563,111.8311,5
3499,STARLINK-4282,satellite,2,133,53.2191,29.7503,98.3281,306.4105,44.7386,6918.1574,541.5809,2817.4939454108367,4966.080892310136,3897.1736287695408,3749.237174736318,-4306.2108830118605,3897.1736287695408,34.4811,-48.9553,6
3500,STARLINK-4287,satellite,2,133,53.2254,29.7054,83.0085,241.7298,324.7382,6920.1536,548.6312,6094.892906856048,722.8226584249304,-3200.9954211081126,-1341.3421708016756,-5989.239795032898,-3200.9954211081126,-27.6893,-102.6236,3
3501,STARLINK-4216,satellite,2,133,53.2311,29.7452,74.9041,309.8014,24.7055,6922.1044,539.821,4596.369641290163,4619.236563466386,2315.3592637853626,2831.5676838238487,-5869.087216983835,2315.3592637853626,19.6728,-64.2448,13
3502,STARLINK-4284,satellite,2,133,53.2116,29.6974,71.0828,53.8167,124.8996,6915.9871,542.7691,-5116.845604713628,989.7416972185283,4539.746787671293,2632.1414104143387,4498.169534963328,4539.746787671293,41.2339,59.6656,4
3503,STARLINK-4289,satellite,2,133,53.2005,29.7179,59.1149,45.7226,104.8375,6912.8011,544.5981,-3520.22847875282,2597.7015655940354,5348.518600309175,3618.9352328335685,2458.326615213679,5348.518600309175,50.8915,34.1881,9
3504,STARLINK-4218,satellite,2,133,53.2253,29.7066,93.2874,51.6368,144.9242,6920.1924,540.5146,-6093.555455738971,-738.0445047792492,3182.564150298865,1326.5394688121926,5993.031021184898,3182.564150298865,27.5517,77.519,4
3505,STARLINK-4119,satellite,2,133,53.2091,29.6026,65.3885,54.3748,119.7633,6914.9972,543.4435,-4757.953468696193,1429.3155601807732,4804.572747069612,2927.657570943532,4013.7121630916727,4804.572747069612,44.2191,53.8925,4
3506,STARLINK-4158,satellite,2,133,53.23,29.7466,119.6131,85.2379,204.851,6922.0984,545.9663,-4589.158701053687,-4628.12057756197,-2330.158427726552,-2842.341605553446,5865.234169344747,-2330.158427726552,-19.7853,115.8552,8
3507,STARLINK-4143,satellite,2,134,53.2004,19.7215,97.5281,182.288,279.8161,6912.3489,558.865,2490.2002664105726,-3448.648113679141,-5462.864346743252,-4079.717096474419,-1204.23402690188,-5462.864346743252,-52.2648,-163.5547,4
3508,STARLINK-4160,satellite,2,133,53.2055,29.9411,117.4544,307.1769,64.6312,6914.2157,543.8805,699.0213547904248,4718.7051249411215,5000.431288130011,4219.108007861007,-2225.744039327473,5000.431288130011,46.5269,-27.8134,9
3509,STARLINK-4137,satellite,2,134,53.2347,19.7143,50.5813,289.1258,339.7071,6922.755,544.4219,6595.487752216773,837.2593330572904,-1922.8658574266626,-1399.5650626766799,-6499.436861434059,-1922.8658574266626,-16.2259,-102.1523,4
3510,STARLINK-4115,satellite,2,133,53.2368,29.7338,129.677,55.2466,184.9236,6924.1559,541.3916,-5809.950991721263,-3727.813073104438,-475.7619402105925,-1587.8452559095485,6717.9511964211815,-475.7619402105925,-3.967,103.2983,4
3511,STARLINK-4167,satellite,2,134,53.2251,19.7057,93.0749,226.6698,319.7447,6919.0955,550.1501,5876.7073665799635,-739.8097791190412,-3583.090686799018,-2648.6146809868983,-5297.9098004171465,-3583.090686799018,-31.3283,-116.5621,4
3512,STARLINK-4151,satellite,2,134,53.2003,19.7735,93.2252,181.339,274.5642,6912.0734,559.177,1917.1055607799042,-3704.1026147830335,-5526.436306293045,-4130.449971982595,-578.8375773606205,-5526.436306293045,-53.128,-172.0226,6
3513,STARLINK-4157,satellite,2,134,53.2385,19.7292,52.1828,307.4735,359.6563,6924.2658,540.7762,6521.033591985279,2312.2213989791,-33.25403735210196,16.478739388828142,-6918.813146548001,-33.25403735210196,-0.2771,-89.8635,5
3514,STARLINK-4155,satellite,2,134,53.2353,19.7428,69.7259,309.921,19.6469,6922.8909,539.5847,5660.494862613985,3510.2535675757117,1862.8576949051073,1432.2332418599237,-6504.751351071673,1862.8576949051073,15.7178,-77.5826,22
3515,STARLINK-4153,satellite,2,134,53.2241,19.7516,91.8911,307.8049,39.696,6919.2513,540.9566,4113.166830520185,4285.810302119151,3536.928769185934,2677.4448751630084,-5302.603159006476,3536.928769185934,30.9265,-63.2094,43
3516,STARLINK-4156,satellite,2,134,53.2105,19.7474,113.4874,306.3667,59.854,6915.0259,543.3012,2057.409549331904,4541.349722068651,4786.158766947125,3600.896536489602,-3448.2365761809783,4786.158766947125,44.0076,-43.7594,6
3517,STARLINK-4150,satellite,2,145,53.213,119.7537,102.5487,307.0951,49.6437,6917.1614,542.1663,-4959.80695633929,2320.492198918833,4218.500066679344,3835.30744183515,3908.2970608691835,4218.500066679344,37.7819,45.54,5
3518,STARLINK-4023,satellite,2,145,53.2355,119.7375,59.3185,310.2987,9.6172,6923.917,539.8745,-3983.7302520264216,5579.094337888239,925.8290821768439,6585.135398693431,1905.8835569996975,925.8290821768439,7.7385,16.1416,5
3519,STARLINK-4152,satellite,2,145,53.2267,119.7506,79.5394,310.0609,29.6003,6921.2886,540.0788,-4758.734641904234,4205.294545495755,2735.9034894900233,5546.49272547178,3092.9720420211365,2735.9034894900233,23.4361,29.146,5
3520,STARLINK-4145,satellite,2,145,53.2017,119.744,121.273,308.4745,69.7474,6913.4748,544.4612,-4558.632757679839,150.27652081412083,5191.4711654097355,1654.9785611166565,4250.266063947519,5191.4711654097355,48.8739,68.7249,4
3521,STARLINK-4141,satellite,2,163,53.1997,114.9203,120.7821,316.3284,77.1105,6912.622,545.1258,-4308.922633847982,-302.26792619397446,5393.777486653386,1145.2037746985714,4164.935591111726,5393.777486653386,51.484,74.6257,4
3522,STARLINK-4185,satellite,2,145,53.2131,119.7067,75.026,54.8639,129.8899,6917.0388,542.3943,-561.8432464060165,-5424.373957108203,4247.615895504373,-4930.299930398067,2330.5886072841304,4247.615895504373,38.0869,154.6996,6
3523,STARLINK-4170,satellite,2,145,53.202,119.714,57.7707,52.106,109.8767,6913.4021,544.6057,-2216.3262164778516,-3970.1927841648794,5204.01301039366,-3009.3733928760653,3408.5487268823817,5204.01301039366,49.0308,131.441,7
3524,STARLINK-4103,satellite,2,145,53.2271,119.7497,115.1653,94.6961,209.8614,6921.1306,546.7485,4769.678479095745,-4187.686969076568,-2760.4720928187016,-5533.516301567561,-3109.1401199059633,-2760.4720928187016,-23.6348,-150.6695,4
3525,STARLINK-4101,satellite,2,145,53.2317,119.6901,115.4918,49.2508,164.7426,6923.407,539.7521,2358.7435910560625,-6336.7335133938095,1458.1230436561325,-6760.406110088618,-121.54083590618991,1458.1230436561325,12.2428,-178.97,4
3526,STARLINK-4102,satellite,2,145,53.2136,119.7545,71.4179,158.4371,229.855,6917.0811,552.7327,4966.256436663981,-2302.152885406891,-4238.159658560559,-3820.1488848552735,-3920.468517923937,-4238.159658560559,-37.9203,-134.2575,4
3527,STARLINK-4100,satellite,2,145,53.2345,119.7312,120.2264,49.6816,169.908,6923.8799,539.8489,2747.531594717719,-6273.818144650257,971.0555099393883,-6830.115044997429,-509.1683888603537,971.0555099393883,8.119,-175.7366,4
3528,STARLINK-4106,satellite,2,145,53.1976,119.7304,89.5937,180.2563,269.85,6911.9813,558.9979,3610.54322256443,2041.0852834746877,-5543.595492260623,726.844150030159,-4083.350227201902,-5543.595492260623,-53.3669,-79.907,7
3529,STARLINK-4094,satellite,2,145,53.2023,119.7159,103.5605,186.2028,289.7633,6913.407,557.3675,2229.074303777592,3967.7551903954377,-5217.349634697893,3002.8423299576184,-3419.7648229207507,-5217.349634697893,-49.0774,-48.7141,5
3530,STARLINK-4021,satellite,2,144,53.2192,109.9079,86.9095,52.5682,139.4777,6919.1211,541.2294,-739.4011929983525,-5857.152142547942,3597.820308606693,-5279.599022532066,2641.7379708138733,3597.820308606693,31.517,153.4181,6
3531,STARLINK-4040,satellite,2,144,53.1991,109.7341,105.5647,339.0346,84.5993,6912.1844,545.3001,-4098.440348331025,-779.2707184894406,5508.285596935502,625.3790269560047,4124.727532112436,5508.285596935502,53.0309,81.3786,4
3532,STARLINK-4098,satellite,2,144,53.2007,109.7199,55.3918,49.3475,104.7393,6912.8095,545.0391,-3175.1617229077647,-3005.7890557708033,5351.282795578376,-1781.370877759312,3992.8858749382207,5351.282795578376,50.9233,114.0434,4
3533,STARLINK-4077,satellite,2,144,53.2041,109.7474,117.8119,306.9217,64.7336,6914.216,544.013,-4519.900787097709,1511.4950516915346,5004.65549784219,2926.1565367441353,3761.878299329214,5004.65549784219,46.5767,52.1226,4
3534,STARLINK-4088,satellite,2,144,53.2217,109.7056,94.3904,50.5255,144.9159,6920.1726,540.5615,-332.26100266397367,-6128.8663274341825,3183.091327964267,-5671.055344351473,2347.878002527056,3183.091327964267,27.5564,157.5099,4
3535,STARLINK-4087,satellite,2,144,53.2285,109.6214,124.1023,80.8616,204.9639,6922.0757,545.6385,3754.1795796376414,-5323.124473284058,-2339.908882253892,-6267.480915497608,-1774.3171779919169,-2339.908882253892,-19.8725,-164.1932,5
3536,STARLINK-4054,satellite,2,144,53.2097,109.7053,69.2938,55.5694,124.8632,6916.0161,542.9947,-1865.3934199261266,-4864.824331682487,4541.783947221716,-3969.7686540747336,3374.484438008172,4541.783947221716,41.2547,139.6339,7
3537,STARLINK-4111,satellite,2,144,53.2162,109.7523,76.9619,147.9086,224.8705,6918.1499,551.3367,4410.462436743383,-3629.081685912092,-3911.563305300219,-4887.344398616743,-2955.719458652407,-3911.563305300219,-34.5704,-148.8357,4
3538,STARLINK-4096,satellite,2,144,53.2331,109.7169,115.2384,49.6717,164.9101,6923.4322,539.7262,1238.4763345668666,-6650.5068930812095,1442.5126942502618,-6684.518965843541,1039.3612276205358,1442.5126942502618,12.1098,171.162,4
3539,STARLINK-4055,satellite,2,144,53.2006,109.7192,100.7218,184.0847,284.8065,6912.7984,558.0938,3177.393825140845,3018.4030999036736,-5359.735470860042,1792.528743358792,-3999.178602886326,-5359.735470860042,-50.9012,-65.8569,9
3540,STARLINK-4114,satellite,2,144,53.2311,109.7549,129.9248,69.7485,199.6732,6922.8628,544.3783,3515.3362722007378,-5662.014259661377,-1866.441315110136,-6507.871782410305,-1436.5233889382605,-1866.441315110136,-15.7375,-167.5523,5
3541,STARLINK-4104,satellite,2,144,53.2045,109.8918,73.7331,171.0426,244.7757,6914.2098,556.4198,4531.4360400898695,-1498.0358061718964,-5015.396668870006,-2917.2895442210074,-3777.227233987549,-5015.396668870006,-46.5975,-127.6802,4
3542,STARLINK-4116,satellite,2,144,53.1982,109.7339,86.4517,178.4647,264.9164,6912.057,559.0428,4095.7517276326603,817.4599883873944,-5521.9729204749265,-588.4626805300203,-4134.86816242594,-5521.9729204749265,-53.0681,-98.0998,5
3543,STARLINK-4090,satellite,2,144,53.2331,109.7187,46.0786,298.6188,344.6974,6923.3916,543.1487,-1223.0503049030815,6652.402076723897,-1463.0798122653061,6681.186069781098,-1054.5416728071712,-1463.0798122653061,-12.2789,-8.9694,4
3544,STARLINK-4110,satellite,2,144,53.2363,109.6277,55.1921,306.7825,1.9745,6923.0655,539.3806,-2456.620417272167,6463.77452010604,190.94058176305725,6912.733544184136,171.69702514012303,190.94058176305725,1.5915,1.4228,5
3545,STARLINK-3683,satellite,2,137,53.2037,94.7371,74.7181,172.542,247.2601,6913.8493,556.978,4032.543585171341,-2351.247731381618,-5113.127672821509,-3556.517083766806,-3023.40203967461,-5113.127672821509,-47.7821,-139.6321,4
3546,STARLINK-4105,satellite,2,144,53.2224,109.708,81.3825,243.3476,324.7301,6920.1484,548.4558,347.03886364196023,6127.358593791839,-3201.4302099801525,5664.727640144401,-2361.3174443044804,-3201.4302099801525,-27.6941,-22.6286,4
3547,STARLINK-4117,satellite,2,137,53.2342,94.9939,56.1785,310.8164,6.9949,6924.0905,539.8466,-1100.0411180013411,6796.330969938743,674.8804721061249,6776.12143789745,-1218.3527293475972,674.8804721061249,5.6331,-10.1929,5
3548,STARLINK-4095,satellite,2,128,53.2349,104.675,122.1109,50.319,172.4299,6924.0547,540.0292,1209.6013592410495,-6772.115635672266,730.0877497354122,-6789.647315874357,1106.9665565114046,730.0877497354122,6.0954,170.7401,4
3549,STARLINK-4052,satellite,2,118,53.2131,79.4652,105.9546,203.8693,309.824,6917.0165,552.8121,3940.8855362955405,3776.7346991604422,-4258.09310496738,2254.4230028649154,-4971.10457767481,-4258.09310496738,-38.1295,-65.6054,14
3550,STARLINK-4299,satellite,2,128,53.2254,104.6634,104.5059,107.8992,212.4051,6920.7438,547.8249,3627.82060232023,-5091.603525091978,-2971.3081847901494,-6007.143190269893,-1731.9755976751603,-2971.3081847901494,-25.5579,-163.9167,4
3551,STARLINK-4300,satellite,2,167,53.1998,84.7096,56.9317,45.4002,102.3319,6912.5465,545.1972,-4162.752669142381,-1096.7037207541264,5405.54792816153,347.293323754419,4290.764055834761,5405.54792816153,51.64,85.3726,4
3552,STARLINK-4205,satellite,2,145,53.2333,119.6517,46.8736,297.6335,344.5072,6923.3797,543.2077,-2337.708130743741,6342.999632146534,-1480.8366435342518,6759.33427717264,99.61810776905543,-1480.8366435342518,-12.4302,0.8444,4
3553,STARLINK-4292,satellite,2,145,53.2252,119.7079,65.1817,264.5147,329.6965,6921.1378,546.9069,-1145.45093061884,6226.545804317387,-2797.454433211189,6253.717780576151,-986.3794445464285,-2797.454433211189,-23.9702,-8.9632,4
3554,STARLINK-4294,satellite,2,137,53.2117,94.6181,109.0805,198.185,307.2656,6916.503,553.5269,2951.2288095619206,4443.959111535916,-4412.342527685362,3212.3278200547907,-4259.046142963633,-4412.342527685362,-39.7685,-52.9751,13
3555,STARLINK-4298,satellite,2,167,53.2214,84.6951,89.6668,52.7217,142.3885,6919.6988,540.836,-3021.8974084405977,-5219.887545333683,3379.6701065026414,-3920.801471111209,4583.274567075585,3379.6701065026414,29.415,130.5456,7
3556,STARLINK-4280,satellite,2,144,53.2352,109.734,54.2248,310.448,4.6729,6924.1687,539.9996,-2645.6552073391254,6376.206568633501,451.49352310696275,6892.88032783968,379.0810837886511,451.49352310696275,3.7651,3.1479,5
3557,STARLINK-4276,satellite,2,147,53.2173,69.3508,97.2116,307.7708,44.9825,6918.1271,541.5159,-1013.7307220466088,5607.285300795362,3913.7184565435377,5625.846406469832,-905.0694073646251,3913.7184565435377,34.6484,-9.1393,10
3558,STARLINK-4258,satellite,2,147,53.1985,69.6023,86.0554,178.8212,264.8767,6912.112,559.1314,3656.4756237213887,-2019.306707200095,-5521.7246914010475,-3118.5632188760437,-2778.8445466570274,-5521.7246914010475,-53.0637,-138.2969,4
3559,STARLINK-4278,satellite,2,167,53.232,84.7058,112.332,50.0748,162.4068,6923.148,539.7184,-1854.3811511435142,-6449.492338164377,1674.7014678335736,-5468.23854206219,3890.1218645259582,1674.7014678335736,14.0957,144.5718,5
3560,STARLINK-4268,satellite,2,165,53.2063,74.6222,63.224,54.1818,117.4058,6914.5895,543.7617,-4386.739371980783,-2092.7278668056315,4913.231970107734,-517.9027707483452,4832.67720443259,4913.231970107734,45.4873,96.1169,3
3561,STARLINK-4257,satellite,2,147,53.205,69.3318,116.7716,308.2337,65.0054,6914.1702,543.8568,-2479.462263466956,4056.2027000353664,5015.7083498603515,4649.257770590616,992.4291623756608,5015.7083498603515,46.7115,12.0495,20
3562,STARLINK-4056,satellite,2,143,53.2021,144.7334,77.5399,174.7898,252.3296,6913.1403,557.7256,3997.312978900262,2012.8351461529346,-5282.359462699127,571.8089122227801,-4438.811884364508,-5282.359462699127,-49.9014,-82.6596,9
3563,STARLINK-4047,satellite,2,156,53.2152,149.4451,97.7417,307.1145,44.8561,6918.1041,541.5126,-5704.160867732279,-23.101673352562106,3904.9819756955344,1871.6854808100084,5388.392928620274,3904.9819756955344,34.5602,70.8451,5
3564,STARLINK-4125,satellite,2,156,53.1983,149.8127,84.6503,180.0789,264.7292,6912.1014,558.9868,2626.428942357836,3250.0891503987364,-5520.3021519575395,2193.968728747327,-3556.361861801091,-5520.3021519575395,-53.0458,-58.329,6
3565,STARLINK-4131,satellite,2,156,53.2,149.7188,100.0481,184.7307,284.7788,6912.8122,557.7791,496.925724446306,4353.275315031412,-5360.1316953416235,3941.483716489799,-1913.8043935376693,-5360.1316953416235,-50.9096,-25.8991,4
3566,STARLINK-4061,satellite,2,143,53.2349,144.9057,123.633,48.671,172.304,6924.0538,539.9033,5290.411868589709,-4395.067773900337,742.1475253816462,-5901.993949886014,-3531.5075947817263,742.1475253816462,6.1965,-149.1055,6
3567,STARLINK-4135,satellite,2,143,53.211,144.8589,68.2066,164.0204,232.227,6916.5669,553.362,5353.913736125643,239.01573998098596,-4382.364061195749,-1551.7507692250774,-5129.677413643364,-4382.364061195749,-39.4472,-106.8308,4
3568,STARLINK-4128,satellite,2,177,53.2223,139.7609,99.279,115.4097,214.6887,6920.2703,548.3328,5868.364326108605,-1876.2528707743663,-3155.3449854217647,-3717.849904569931,-4912.801317590863,-3155.3449854217647,-27.2632,-127.1173,4
3569,STARLINK-4059,satellite,2,177,53.2308,139.7443,129.0714,71.0305,200.1018,6922.6374,544.4021,5880.155877745584,-3113.221185480931,-1905.4226866049964,-4888.593996229069,-4513.316744517975,-1905.4226866049964,-16.0748,-137.2857,4
3570,STARLINK-4129,satellite,2,177,53.1993,139.7369,82.5504,177.2761,259.8264,6912.39,558.6444,3571.4856541241115,2324.6906741077028,-5456.630548511895,1007.333620960624,-4140.649162145957,-5456.630548511895,-52.183,-76.3268,8
3571,STARLINK-4132,satellite,2,177,53.207,139.7015,71.6021,168.286,239.8882,6915.0738,555.3306,4968.922943016525,489.2527419595808,-4795.9231023269895,-1187.9062531635714,-4849.5816513227055,-4795.9231023269895,-44.0238,-103.7636,4
3572,STARLINK-4133,satellite,2,177,53.1992,139.7231,97.1698,182.6334,279.8033,6912.3489,558.7192,1742.7159142073433,3880.0865377489044,-5462.874820306861,3081.589703307414,-2931.8825349119193,-5462.874820306861,-52.2665,-43.5739,5
3573,STARLINK-4134,satellite,2,177,53.2101,139.7623,69.915,164.7882,234.7032,6916.0545,553.9787,5239.459777432674,-0.8020142927778007,-4524.973368958763,-1739.977802347218,-4942.106499247129,-4524.973368958763,-40.9902,-109.3957,4
3574,STARLINK-4142,satellite,2,177,53.2199,139.7084,93.1398,226.5936,319.7334,6919.1414,549.793,-2296.5050592181706,5459.045467196339,-3583.4989043832593,5911.824724287932,354.1769744484557,-3583.4989043832593,-31.3341,3.4285,4
3575,STARLINK-4147,satellite,2,177,53.2073,139.7118,108.0816,191.6571,299.7386,6915.0262,555.3538,-291.5111725572109,4966.981137913941,-4813.918588666689,4782.110293239059,-1373.7909343912534,-4813.918588666689,-44.2311,-16.0281,4
3576,STARLINK-4144,satellite,2,177,53.2325,139.7476,68.7747,310.8726,19.6473,6922.8561,539.5876,-5870.544920153922,3146.4212072067235,1862.8200958578232,4916.721189929622,4493.230109086589,1862.8200958578232,15.7174,42.4232,4
3577,STARLINK-4127,satellite,2,177,53.2308,139.7157,46.7542,292.9226,339.6767,6922.784,544.1414,-4020.4061885808323,5293.761352056064,-1925.4487448004722,6328.155775744416,2035.1952367313802,-1925.4487448004722,-16.2489,17.8283,4
3578,STARLINK-4140,satellite,2,177,53.2205,139.3959,86.0492,134.0964,220.1456,6919.1342,549.8426,5756.50772782581,-1415.0402336677837,-3574.6242591434875,-3245.658450205607,-4960.385197545226,-3574.6242591434875,-31.2477,-123.1974,4
3579,STARLINK-4062,satellite,2,177,53.1989,139.7351,115.1635,324.6156,79.7791,6912.3964,545.1986,-3568.546650146539,-2315.9980938690865,5445.199258780401,-1000.1095186907335,4134.991331998353,5445.199258780401,52.1721,103.5967,4
3580,STARLINK-4085,satellite,2,177,53.2193,139.7549,91.104,308.6005,39.7045,6919.2559,541.0702,-5768.3754496393185,1417.8786185516572,3537.3991913964655,3252.2753442436842,4970.637805168688,3537.3991913964655,30.9305,56.8034,5
3581,STARLINK-4130,satellite,2,177,53.199,139.7213,58.9804,40.8398,99.8202,6912.3754,545.3349,-1737.8079449424527,-3873.690238993439,5452.021960370561,-3077.1852706016803,2925.129626455932,5452.021960370561,52.2628,136.4512,6
3582,STARLINK-3950,satellite,2,177,53.2074,139.7511,113.6011,306.1395,59.7406,6915.1115,543.4681,-4968.266524418801,-478.6577150411811,4780.582271096749,1197.6826265030686,4845.4454688915475,4780.582271096749,43.942,76.1161,4
3583,STARLINK-4097,satellite,2,177,53.2195,139.7072,87.9922,51.9453,139.9374,6919.1498,541.0274,2312.882458951234,-5453.912826913761,3563.899192915193,-5912.419537618313,-371.3295082376338,3563.899192915193,31.1879,-176.4063,3
3584,STARLINK-4058,satellite,2,177,53.2068,139.7097,64.9419,54.9754,119.9173,6915.0039,543.5017,309.21589392366366,-4965.740509791553,4797.086994808187,-4786.81703445334,1356.6782810626908,4797.086994808187,44.1321,164.1762,4
3585,STARLINK-4060,satellite,2,177,53.2369,139.7299,128.8521,51.0449,179.8969,6924.2764,540.561,5274.183705846024,-4477.864252035562,9.970657411958637,-5974.708829997506,-3488.715583050521,9.970657411958637,0.0831,-149.7188,4
3586,STARLINK-4109,satellite,2,177,53.2323,139.7155,110.725,49.2094,159.9344,6922.8019,539.6534,4037.3243632343615,-5283.948388291151,1900.8641929958217,-6324.515157021413,-2054.411500332105,1900.8641929958217,16.0467,-162.0045,9
3587,STARLINK-4122,satellite,2,142,53.2333,129.7423,134.3985,60.473,194.8715,6923.4809,543.0844,5093.653551910152,-4463.300118247984,-1422.808685696809,-5901.044124767115,-3323.2563382909375,-1422.808685696809,-11.9361,-150.6133,4
3588,STARLINK-4051,satellite,2,142,53.2039,129.7116,105.8932,188.847,294.7402,6914.1563,556.4902,1046.0096742522596,4635.231204238079,-5035.123834056245,4025.1855930336937,-2525.3485892061917,-5035.123834056245,-46.8349,-32.1036,4
3589,STARLINK-4050,satellite,2,142,53.2104,129.7517,70.0943,164.7616,234.8559,6916.0537,554.1227,5154.874839041477,-895.9246616753993,-4533.5883004312955,-2556.267652139632,-4565.184694643318,-4533.5883004312955,-41.0838,-119.2466,4
3590,STARLINK-4179,satellite,2,142,53.2164,129.7061,102.9027,211.8262,314.7289,6918.0628,551.3988,-846.711933500163,5629.401269373209,-3938.932659887878,5591.267026860032,-1069.9592442238447,-3938.932659887878,-34.8462,-10.8333,4
3591,STARLINK-4174,satellite,2,142,53.1984,129.7236,94.2944,180.5195,274.8139,6912.0988,559.1709,2807.488715231565,3088.2061274739754,-5524.329620963697,1981.1625824010466,-3673.4186793795243,-5524.329620963697,-53.0991,-61.661,7
3592,STARLINK-4178,satellite,2,142,53.235,129.7543,48.8229,305.8714,354.6943,6924.1298,541.374,-4111.554921999725,5541.69556603794,-512.5701409776775,6592.288180791413,2038.8747300073576,-512.5701409776775,-4.2745,17.1859,4
3593,STARLINK-4180,satellite,2,142,53.2286,129.7103,58.1723,276.5673,334.7396,6922.0283,545.8572,-2639.1406125439817,5945.099481932158,-2365.9438814402797,6484.055311569268,516.040443530735,-2365.9438814402797,-20.1023,4.5504,4
3594,STARLINK-4169,satellite,2,167,53.2186,84.4258,94.5171,307.9139,42.431,6918.6676,541.2849,-2283.982639469416,5349.689926965547,3735.7708188477327,5804.513069656774,378.66480726100525,3735.7708188477327,32.8714,3.7325,12
3595,STARLINK-4164,satellite,2,142,53.233,129.7422,64.2871,310.42,14.7071,6923.4083,539.6084,-5085.513862174241,4472.315463942663,1406.71750389086,5906.846340738276,3312.585569957988,1406.71750389086,11.8052,29.2839,4
3596,STARLINK-4175,satellite,2,142,53.2,129.7436,121.1742,313.5763,74.7505,6912.8558,544.9179,-4232.845874168864,-1155.817434846109,5338.438044132492,314.7986730039454,4376.505447573162,5338.438044132492,50.7561,85.8858,3
3597,STARLINK-4173,satellite,2,142,53.2171,129.7087,81.219,53.6425,134.8614,6918.1091,541.7826,858.2704749042869,-5625.957392768715,3924.491798519965,-5591.855243836548,1057.9129100824402,3924.491798519965,34.7557,169.2869,4
3598,STARLINK-4165,satellite,2,142,53.199,129.4289,77.7979,177.2571,255.055,6912.8222,558.0932,4229.134481811324,1165.8521328800527,-5356.191821158887,-304.1009765321434,-4376.335482690821,-5356.191821158887,-50.8548,-93.975,5
3599,STARLINK-4107,satellite,2,142,53.2357,129.7267,124.5719,50.3513,174.9232,6924.1511,540.1595,4122.443338834013,-5534.100705131448,490.43189467030356,-6588.738336322807,-2051.6668423268643,490.43189467030356,4.0903,-162.7039,4
3600,STARLINK-4162,satellite,2,142,53.2048,129.7129,60.0546,54.7926,114.8472,6914.147,544.1674,-1033.995210370739,-4633.9089061198565,5021.902735724598,-4027.9264330269684,2513.5764351634903,5021.902735724598,46.7836,148.0343,6
3601,STARLINK-4176,satellite,2,173,53.2089,124.8519,108.2692,193.874,302.1432,6915.4729,554.8032,776.1204069867905,5028.882327837893,-4694.365840182404,4486.10481593173,-2401.4337246436257,-4694.365840182404,-42.8698,-28.1604,4
3602,STARLINK-4149,satellite,2,142,53.2289,129.7165,104.2055,50.682,154.8875,6922.0508,539.9904,2649.865744710621,-5939.452581682155,2351.0159108720095,-6482.288772985112,-528.0319106576568,2351.0159108720095,19.9879,-175.3431,6
3603,STARLINK-4166,satellite,2,173,53.2085,124.4984,68.4656,54.0608,122.5264,6915.5139,543.1337,-771.4856464743809,-5039.408720608828,4666.686840588972,-4497.572836131149,2400.5559647214027,4666.686840588972,42.6468,151.9092,6
3604,STARLINK-4159,satellite,2,142,53.1979,129.9096,69.4643,25.2499,94.7142,6912.0662,545.501,-2800.1054042893184,-3082.4137318701587,5514.182257293398,-1978.1494918670926,3664.5312493384376,5514.182257293398,53.1099,118.3606,4
3605,STARLINK-4148,satellite,2,145,53.2342,119.7114,46.7194,302.9298,349.6492,6923.8953,542.302,-2727.5898210290616,6281.281448552657,-996.0293909774944,6830.535560261359,487.87993166162676,-996.0293909774944,-8.3263,4.0855,5
3606,STARLINK-4146,satellite,2,145,53.2016,119.581,74.6387,175.2967,249.9353,6913.4123,557.1925,4560.125711427501,-142.69171269238285,-5207.273861201993,-1648.319406668423,-4254.192116312276,-5207.273861201993,-48.9521,-111.1792,4
3607,STARLINK-4522,satellite,2,147,53.2238,69.7068,96.0815,48.8112,144.8927,6920.1892,539.9554,-4194.234151699657,-4479.162389896719,3184.7318915636693,-2832.923514337964,5443.256396336669,3184.7318915636693,27.5745,117.4946,6
3608,STARLINK-4523,satellite,2,147,53.236,69.7313,129.9402,54.9859,184.9261,6924.162,541.4926,-2054.611642528896,-6590.284645344052,-476.0106280499857,-5534.581818931266,4125.734455564045,-476.0106280499857,-3.969,143.2974,4
3609,STARLINK-4517,satellite,2,147,53.2334,69.715,115.2056,49.7047,164.9103,6923.4394,539.6627,-3326.2801238251677,-5890.5125592915565,1442.4812425160883,-4452.361976437005,5093.009965050522,1442.4812425160883,12.1097,131.1603,6
3610,STARLINK-4521,satellite,2,147,53.2297,69.7445,122.2256,82.851,205.0767,6921.9541,545.7071,-522.9503416218572,-6489.228255109959,-2349.8495322490307,-5947.685392302651,2647.375848063422,-2349.8495322490307,-19.9603,156.0057,10
3611,STARLINK-4535,satellite,2,147,53.205,69.7466,72.2644,172.5818,244.8462,6914.2205,556.6686,2502.8177343425014,-4060.3027901159603,-5018.499274879581,-4660.878148939375,-1013.0993236115855,-5018.499274879581,-46.6327,-167.7368,7
3612,STARLINK-4530,satellite,2,147,53.217,69.7501,76.606,148.3361,224.9421,6918.1019,551.2938,1051.167046596507,-5610.537168397202,-3916.4814923704607,-5641.340750712107,870.8352382465195,-3916.4814923704607,-34.6202,171.2247,10
3613,STARLINK-4544,satellite,2,155,53.2326,59.3238,109.6787,50.5369,160.2155,6922.8362,539.6223,-4525.426298830003,-4882.340379966941,1875.3189761452777,-3103.3024345009558,5889.5029308099,1875.3189761452777,15.8255,117.7857,5
3614,STARLINK-4534,satellite,2,147,53.1996,69.747,81.9803,177.637,259.6173,6912.4045,558.7638,3395.368338664468,-2582.8451666162537,-5453.145284138215,-3563.4743105089865,-2345.4778080938136,-5453.145284138215,-52.1348,-146.6471,4
3615,STARLINK-4524,satellite,2,147,53.2336,69.719,46.8935,297.7855,344.6789,6923.4057,543.2234,3340.1651292187316,5881.282156552707,-1464.8300861007915,4439.0458731876615,-5103.043663459059,-1464.8300861007915,-12.2937,-48.9806,13
3616,STARLINK-4515,satellite,2,147,53.2005,69.7152,100.1042,184.6606,284.7648,6912.7994,558.3305,4373.425250547595,264.7009250434937,-5360.937288804162,-1202.052086745722,-4213.310549033436,-5360.937288804162,-50.9146,-105.9234,4
3617,STARLINK-4512,satellite,2,147,53.2288,69.7491,74.5697,310.0747,24.6444,6922.1157,539.7061,556.1246511896212,6494.502937798297,2309.885949495569,5941.648888903286,-2680.4200263626312,2309.885949495569,19.6248,-24.2813,4
3618,STARLINK-4528,satellite,2,147,53.2238,69.7075,81.0165,243.697,324.7135,6920.1503,548.4779,4204.9338224079565,4469.33054137322,-3202.808635261568,2820.0974296561963,-5450.085726493515,-3202.808635261568,-27.707,-62.6411,15
3619,STARLINK-4520,satellite,2,147,53.1979,69.7346,106.2714,338.5188,84.7902,6912.0745,545.2628,-3649.725795627571,2016.3978352297286,5509.87304031664,3113.578702314354,2773.443036675336,5509.87304031664,53.0532,41.6933,7
3620,STARLINK-4525,satellite,2,147,53.2363,69.733,54.1735,310.4976,4.6711,6924.1759,540.0046,2072.1092715756204,6584.989647769418,451.32262686120976,5523.77877768262,-4140.482279856196,451.32262686120976,3.7637,-36.8543,7
3621,STARLINK-4499,satellite,2,147,53.2013,69.7173,56.1627,48.8414,105.004,6912.7547,544.9476,-4370.414364589191,-292.0755556306128,5344.715486405129,1175.2301947133017,4219.557303537731,5344.715486405129,50.838,74.4364,4
3622,STARLINK-4507,satellite,2,147,53.2211,70.0965,86.216,133.2393,219.4553,6919.2681,549.6954,656.8696218020484,-5922.20276634199,-3523.3381014399984,-5804.448613265324,1346.2316300241025,-3523.3381014399984,-30.7517,166.9422,16
3623,STARLINK-4509,satellite,2,155,53.2342,59.6726,132.5159,62.2022,194.7182,6923.4791,543.1873,-2471.379369074689,-6308.788913205285,-1408.5033236197964,-5130.702753009855,4425.429108857922,-1408.5033236197964,-11.8142,139.221,5
3624,STARLINK-4510,satellite,2,147,53.2106,69.7066,73.3769,51.5049,124.8817,6916.0023,542.5216,-4555.50824388937,-2529.5589329645727,4540.506659245701,-873.942441912254,5136.8811903439355,4540.506659245701,41.244,99.6553,4
3625,STARLINK-4533,satellite,2,155,53.2,59.7368,83.2966,176.5509,259.8475,6912.3818,559.2382,2911.2381412410346,-3111.755621722311,-5457.506610204322,-3901.6891549582488,-1713.2286194253659,-5457.506610204322,-52.1885,-156.2938,4
3626,STARLINK-4491,satellite,2,155,53.232,59.749,129.1709,70.7269,199.8978,6922.8153,544.6211,-2060.668272435758,-6332.1006822199715,-1886.963046128136,-5289.026885482292,4045.74435468178,-1886.963046128136,-15.9145,142.5865,9
3627,STARLINK-4490,satellite,2,135,53.2116,49.9456,71.0802,163.6479,234.7281,6916.0774,554.3287,18.248766075466726,-5238.409936272087,-4526.678149632083,-4947.440029262931,1721.6587451478943,-4526.678149632083,-41.0064,160.8126,16
3628,STARLINK-4492,satellite,2,155,53.2206,59.7511,85.704,134.1557,219.8597,6919.2219,549.955,-382.14463466140603,-5928.453330579378,-3553.5273690433296,-5465.447428902055,2328.40671201707,-3553.5273690433296,-31.0425,156.9249,17
3629,STARLINK-4497,satellite,2,155,53.2382,59.7297,126.1917,53.7248,179.9165,6924.253,540.6889,-3492.8476347709093,-5972.445178191698,8.080691120906804,-4474.357332631661,5277.330050902187,8.080691120906804,0.0673,130.2928,4
3630,STARLINK-4496,satellite,2,155,53.2,59.7192,97.4774,182.2593,279.7367,6912.3592,558.7298,4120.335082652777,-1049.9735728913713,-5464.027375624053,-2358.169670773552,-3538.1692301179287,-5464.027375624053,-52.2819,-123.6832,4
3631,STARLINK-4500,satellite,2,155,53.208,59.7487,71.7421,168.2506,239.9926,6914.9902,555.3462,1357.3320663802765,-4799.785684114581,-4801.047879644601,-4978.1908349139985,312.9040796053933,-4801.047879644601,-44.0827,176.4034,9
3632,STARLINK-4304,satellite,2,155,53.208,59.7065,108.7257,190.9867,299.7124,6915.0014,555.4061,4840.407928375844,1146.3283745406395,-4815.259233448426,-525.4278911759632,-4946.467748457993,-4815.259233448426,-44.2462,-96.0634,4
3633,STARLINK-4479,satellite,2,155,53.2197,59.7029,92.1556,227.5729,319.7285,6919.1093,549.775,4977.668681085567,3208.620039340634,-3583.8364487199137,1374.3647742153219,-5760.5164284909815,-3583.8364487199137,-31.3375,-76.581,11
3634,STARLINK-4480,satellite,2,155,53.2212,59.7026,91.2071,308.4986,39.7057,6919.2578,540.9149,400.0767116351886,5926.350952359831,3537.495731592066,5457.511766045087,-2344.624129622602,3537.495731592066,30.9322,-23.249,6
3635,STARLINK-4484,satellite,2,155,53.2306,59.7109,50.0348,289.6734,339.7083,6922.7476,544.4279,4514.628187012921,4880.621914964017,-1922.6608463107518,3105.265806977864,-5878.746653140678,-1922.6608463107518,-16.2241,-62.1561,10
3636,STARLINK-4481,satellite,2,135,53.234,49.3052,132.0812,63.0981,195.1793,6923.4168,543.3145,-3532.600766920082,-5771.2156316358605,-1451.6242527578324,-4271.341953121885,5248.031627647015,-1451.6242527578324,-12.181,129.1419,4
3637,STARLINK-4476,satellite,2,155,53.2367,59.727,51.5799,308.0869,359.6668,6924.2555,540.622,3508.6294722383436,5963.027725747303,-32.23090681832334,4460.235138636516,-5289.090936972313,-32.23090681832334,-0.2686,-49.8594,7
3638,STARLINK-4552,satellite,2,155,53.208,59.7493,112.7977,306.8816,59.6793,6915.1064,543.3211,-1328.7504222068342,4813.976457517697,4777.546211277565,4982.089383425834,-344.5756718125546,4777.546211277565,43.9082,-3.9564,18
3639,STARLINK-4545,satellite,2,155,53.2317,59.7421,68.0598,311.61,19.6697,6922.8292,539.3188,2077.934759974615,6327.274362523296,1864.7745468383412,5278.742673865292,-4060.429719681016,1864.7745468383412,15.735,-37.5676,4
3640,STARLINK-4546,satellite,2,155,53.1991,59.7216,60.1611,39.6641,99.8252,6912.3317,545.1595,-4116.744358442216,1038.1565830213801,5451.809305714549,2345.8307970970254,3538.704717128511,5451.809305714549,52.2618,56.4593,4
3641,STARLINK-4539,satellite,2,155,53.2233,59.7581,85.5146,308.9738,34.4884,6920.3165,540.4381,845.3236984727574,6103.877957709918,3135.8755958521942,5477.1744042716455,-2823.5542890137967,3135.8755958521942,27.1149,-27.2717,4
3642,STARLINK-4532,satellite,2,155,53.2198,59.706,85.36,54.589,139.949,6919.1312,541.1703,-4969.48765559514,-3225.879051832606,3563.1275323190084,-1393.3608330314557,5758.528354114339,3563.1275323190084,31.1797,103.6021,4
3643,STARLINK-4531,satellite,2,155,53.2002,59.7369,118.1428,321.6414,79.7841,6912.378,545.1242,-2900.804623283256,3111.4880787728,5445.3191860534425,3897.9734105702114,1703.475511210654,5445.3191860534425,52.1745,23.6061,12
3644,STARLINK-4558,satellite,2,135,53.2018,49.8962,79.048,175.6301,254.6781,6912.8702,558.2675,1880.868321975417,-3975.9431324987354,-5347.03844166447,-4374.847798952613,-454.41850036497766,-5347.03844166447,-50.7333,-174.0699,8
3645,STARLINK-4543,satellite,2,135,53.1991,49.841,93.2225,181.4637,274.6861,6912.109,559.2406,3524.0087395126557,-2233.5708867054313,-5525.45410777527,-3276.7062813709563,-2582.7644971471523,-5525.45410777527,-53.1138,-141.7541,4
3646,STARLINK-4538,satellite,2,135,53.2166,49.7433,103.3115,211.272,314.5834,6918.0548,551.4825,5393.26446107809,1800.5823686115582,-3948.8665196494467,-91.79019669921318,-5685.153733459868,-3948.8665196494467,-34.9462,-90.925,9
3647,STARLINK-4548,satellite,2,135,53.2365,49.3375,124.4025,50.6875,175.09,6924.1747,540.2829,-4760.284649212053,-4997.779283334353,474.37266901526203,-3134.235289673972,6149.363939092585,474.37266901526203,3.9561,117.0072,5
3648,STARLINK-4557,satellite,2,135,53.199,49.4844,72.0985,22.8682,94.9667,6912.0829,545.375,-3523.628563527438,2224.210052951043,5512.113482826399,3267.750026034739,2585.5131755040197,5512.113482826399,53.0828,38.3518,7
3649,STARLINK-4549,satellite,2,135,53.231,49.7094,57.7355,276.9419,334.6774,6922.0083,545.8011,5397.453427218803,3626.2684112861252,-2371.4336925682396,1628.9855599904686,-6295.13559306153,-2371.4336925682396,-20.1511,-75.4919,8
3650,STARLINK-4542,satellite,2,135,53.2016,49.5405,121.7829,313.0796,74.8625,6912.8674,544.8644,-1869.1450300923875,3965.767380121437,5341.335972509929,4361.3575227533875,446.7377479872862,5341.335972509929,50.7945,5.8485,20
3651,STARLINK-4527,satellite,2,135,53.2186,49.3861,83.2095,51.8408,135.0504,6918.1707,541.5139,-5404.549546342915,-1810.311767891972,3911.5449884480627,86.35851889472765,5699.028575297537,3911.5449884480627,34.6265,89.1319,4
3652,STARLINK-4526,satellite,2,135,53.2302,49.3545,104.9154,50.2533,155.1687,6922.0773,539.7848,-5407.175983772304,-3629.676180827927,2326.3555171649205,-1628.9727323591044,6305.438060466862,2326.3555171649205,19.7702,104.4853,5
3653,STARLINK-4519,satellite,2,135,53.199,49.4967,91.468,358.2803,89.7483,6912.006,545.4328,-3127.60844328484,2711.4633628539723,5532.800298708096,3595.9176097518575,2050.206010741965,5532.800298708096,53.3682,29.6895,10
3654,STARLINK-4503,satellite,2,134,53.2336,19.7396,136.5267,63.4187,199.9454,6922.7665,543.5017,-5645.493598191203,-3526.936946872493,-1891.0325445330525,-1452.9502625985401,6496.138678387874,-1891.0325445330525,-15.9523,102.6075,4
3655,STARLINK-4478,satellite,2,134,53.1988,19.324,84.6468,10.3904,95.0372,6904.9606,536.4552,-1934.4724571858644,3685.486930894273,5504.390752128919,4118.654715329438,601.399153057095,5504.390752128919,53.0746,8.3075,17
3656,STARLINK-4482,satellite,2,134,53.2328,19.932,110.4828,49.3164,159.7992,6922.7647,539.4613,-6589.055603552909,-868.8210097838598,1913.094788837712,1367.6578609717153,6503.846221204504,1913.094788837712,16.1532,78.1246,4
3657,STARLINK-4487,satellite,2,134,53.2012,19.7379,82.3762,177.4707,259.8469,6912.3669,558.8053,229.90237729487856,-4254.688590036893,-5457.240999775983,-4089.7552143073603,1195.4632526019884,-5457.240999775983,-52.1895,163.706,7
3658,STARLINK-4483,satellite,2,134,53.2007,19.736,119.6778,320.122,79.7998,6912.3731,545.1029,-223.85418413709885,4247.64536351988,5445.604582183927,4081.103674128012,-1198.830526390811,5445.604582183927,52.1786,-16.3702,14
3659,STARLINK-4493,satellite,2,134,53.2,19.7074,58.7861,40.9986,99.7847,6912.3487,545.1864,-2481.057869652253,3444.1068744542595,5452.55717191985,4072.3985656799614,1197.1174702067706,5452.55717191985,52.2717,16.3812,17
3660,STARLINK-4138,satellite,2,134,53.2095,19.7066,66.3898,53.5106,119.9004,6915.0127,543.3327,-4453.2978275228825,2216.225057680824,4797.950362334342,3568.818417885484,3465.1190667960823,4797.950362334342,44.1434,44.1554,5
3661,STARLINK-4053,satellite,2,131,53.2036,9.6631,80.1617,174.7438,254.9055,6912.8339,558.4132,-1105.340265044917,-4249.887712945723,-5353.028570942909,-3641.9971973613415,2453.4015343169435,-5353.028570942909,-50.8102,146.0341,12
3662,STARLINK-4120,satellite,2,134,53.2067,19.6797,63.0208,51.6731,114.6939,6914.1213,543.8609,-3984.8277605891576,2568.59363271692,5027.982624587986,3745.6999614058736,2906.244540763895,5027.982624587986,46.86,37.8075,7
3663,STARLINK-4123,satellite,2,134,53.2212,19.707,88.266,51.6483,139.9144,6919.159,540.931,-5878.286696302026,725.6577219271376,3565.6306624778995,2635.789324845132,5304.097307586496,3565.6306624778995,31.2052,63.5756,5
3664,STARLINK-4486,satellite,2,131,53.2049,10.1001,120.1768,309.182,69.3588,6913.4817,544.3095,1719.0098074005984,4240.49929652622,5178.51231332262,3429.435555983605,-3029.158425888985,5178.51231332262,48.7124,-41.4536,6
3665,STARLINK-4485,satellite,2,134,53.2377,19.7298,128.2111,51.7376,179.9487,6924.2295,540.6012,-6513.82445538549,-2332.167233862095,4.962755361779633,-37.686657513098474,6918.633734930875,4.962755361779633,0.0414,90.3121,4
3666,STARLINK-4489,satellite,2,131,53.2067,9.7109,105.7837,188.9983,294.782,6914.1479,556.6963,3495.557254024121,-3221.3600009241177,-5033.770295206594,-4199.041551250897,-2228.0329491690527,-5033.770295206594,-46.8167,-152.0493,4
3667,STARLINK-4297,satellite,2,131,53.225,9.8169,95.1639,119.6688,214.8328,6920.212,548.8747,-5195.3568758232395,-3301.3218635784438,-3167.1466658868353,-1389.5493607789842,5996.633362818138,-3167.1466658868353,-27.3712,103.0464,8
3668,STARLINK-4303,satellite,2,131,53.2286,9.7109,59.8756,274.8393,334.7149,6921.9934,545.9883,6467.3181175215495,-688.7399770123128,-2368.152679607509,-2796.4919073676347,-5871.9842814149915,-2368.152679607509,-20.1215,-115.4658,4
3669,STARLINK-4475,satellite,2,131,53.1997,9.7238,94.7373,180.0642,274.8015,6912.0871,559.2212,1269.261062864786,-3975.686828503947,-5524.563448171895,-4171.585030419196,122.42441760895993,-5524.563448171895,-53.1018,178.319,7
3670,STARLINK-4477,satellite,2,140,53.2043,359.2758,75.8702,174.2925,250.1627,6913.4093,557.6961,-2398.6676709499893,-3870.935374084751,-5215.317851494435,-2855.216421442468,3547.6029164390097,-5215.317851494435,-49.0487,128.8281,5
3671,STARLINK-4474,satellite,2,131,53.2188,9.7037,103.8106,210.9282,314.7388,6918.0509,551.6721,5299.404882022747,-2080.930077267805,-3938.5426774337407,-3722.0573382408447,-4308.1610068487225,-3938.5426774337407,-34.8407,-130.8255,4
3672,STARLINK-4513,satellite,2,131,53.2256,9.7515,86.7384,307.9752,34.7136,6920.2662,540.518,5202.149612781251,3285.8138919803373,3153.8996701894507,1372.6658933674203,-5997.893119394252,3153.8996701894507,27.2831,-77.1094,58
3673,STARLINK-4514,satellite,2,131,53.2356,9.7418,64.4269,310.1557,14.5826,6923.5348,539.7628,6421.292744169018,2160.0459535693785,1395.152280783993,-93.959434017586,-6774.213655665742,1395.152280783993,11.7066,-90.7947,14
3674,STARLINK-4495,satellite,2,131,53.2011,9.7259,72.6478,22.1916,94.8394,6912.0647,545.228,-1271.2763757552157,3966.474952109421,5513.191757667611,4163.564460857936,-117.46552492335621,5513.191757667611,53.0993,-1.616,19
3675,STARLINK-4501,satellite,2,131,53.219,9.5793,81.6375,53.2392,134.8768,6918.1057,541.5815,-5297.657298377817,2080.48542782645,3923.43403939111,3721.0577966603873,4306.660114330698,3923.43403939111,34.7462,49.1722,6
3676,STARLINK-4506,satellite,2,131,53.2156,9.7123,75.3385,54.3019,129.6404,6916.9898,542.3329,-4884.341967426273,2397.7670598726822,4263.096165103951,3883.150323045485,3811.459942961987,4263.096165103951,38.2507,44.4662,5
3677,STARLINK-4504,satellite,2,131,53.2022,9.7405,122.6336,312.1429,74.7765,6912.828,544.8131,1112.637386058062,4243.298176339186,5339.17360991754,3633.3590445843765,-2458.097520301929,5339.17360991754,50.7667,-34.0798,7
3678,STARLINK-4505,satellite,2,131,53.2386,9.7216,125.0748,49.8645,174.9394,6924.1487,539.9883,-6853.765756753193,-803.6552622468723,488.8836749084542,1516.998245984631,6731.915266152666,488.8836749084542,4.0774,77.3008,4
3679,STARLINK-4502,satellite,2,131,53.2075,9.7134,61.3022,53.5562,114.8584,6914.1614,543.8844,-3497.074297633523,3211.4881308113163,5021.4226340494415,4190.233012002676,2232.740908084487,5021.4226340494415,46.7803,28.0507,11
3680,STARLINK-4494,satellite,2,181,53.2355,4.4388,111.9754,50.6521,162.6275,6923.1466,539.6893,-6676.951566504887,721.4796973921841,1654.4204694092919,2896.9623519292704,6058.86328503174,1654.4204694092919,13.9217,64.4458,5
3681,STARLINK-4508,satellite,2,131,53.2311,9.7088,103.5029,51.3619,154.8648,6922.0339,539.8945,-6467.552808479809,677.3098001644646,2353.037617378976,2785.787747554466,5875.999874187312,2353.037617378976,20.0061,64.6346,5
3682,STARLINK-4564,satellite,2,140,53.2047,359.8996,102.9908,186.6927,289.6835,6913.3703,557.4773,2325.1353684546852,-3908.6112511338756,-5220.194909326027,-4458.80672958849,-895.8453785702177,-5220.194909326027,-49.1123,-168.6396,7
3683,STARLINK-4563,satellite,2,131,53.2365,9.7414,132.9232,61.9958,194.919,6923.4162,543.0506,-6410.151822674747,-2182.4188892029456,-1427.3029182953692,69.15689330930633,6771.13106665334,-1427.3029182953692,-11.9744,89.4148,4
3684,STARLINK-4565,satellite,2,140,53.2152,359.8476,107.2989,202.3508,309.6498,6916.9763,552.8945,4408.936660079935,-3203.600773270935,-4269.010044552258,-4485.48256354207,-3095.5171715335387,-4269.010044552258,-38.2441,-145.3897,4
3685,STARLINK-4561,satellite,2,140,53.2024,359.9516,88.7239,180.951,269.675,6911.9946,559.0927,-42.77966927909354,-4147.000142554277,-5543.947693969855,-3897.6570015032953,1416.9369008820274,-5543.947693969855,-53.3708,160.022,7
3686,STARLINK-4577,satellite,2,140,53.2378,359.7852,46.9988,302.6672,349.666,6923.8749,542.1939,6804.804446624111,-768.4470177177847,-994.4672789012077,-2983.7068771275513,-6163.876024646861,-994.4672789012077,-8.3133,-115.8299,3
3687,STARLINK-4575,satellite,2,140,53.2117,359.8597,108.4251,196.0542,304.4793,6915.9128,554.2368,3910.8061825749005,-3427.203490163357,-4570.363047708033,-4531.053836307045,-2551.4074337786933,-4570.363047708033,-41.4883,-150.6164,4
3688,STARLINK-4576,satellite,2,140,53.2283,359.7377,79.8684,309.7892,29.6576,6921.2884,540.0838,6018.303267541076,2020.722945700648,2740.7725166424425,-91.6115521264761,-6347.826617582878,2740.7725166424425,23.4802,-90.8268,55
3689,STARLINK-4585,satellite,2,140,53.2286,359.8139,69.3078,260.3576,329.6654,6921.1203,547.212,5967.344896638005,-2112.10222380122,-2800.2911600234897,-3973.1824349172402,-4927.8800977786395,-2800.2911600234897,-23.9949,-128.8781,4
3690,STARLINK-4583,satellite,2,140,53.1998,359.6038,84.8313,5.0166,89.8479,6911.9955,545.2676,46.96797479055699,4138.831522795609,5532.75930388181,3888.561263483154,-1418.1761755440837,5532.75930388181,53.3695,-20.0371,11
3691,STARLINK-4582,satellite,2,140,53.2381,359.764,61.2328,308.4385,9.6713,6923.8961,539.8945,6822.134324331309,667.4306528558624,931.0188038220454,-1634.9987193828292,-6656.858087957675,931.0188038220454,7.7821,-103.7993,12
3692,STARLINK-4550,satellite,2,140,53.204,359.6542,120.584,309.2759,69.8599,6913.4321,544.2588,2402.7358507506183,3871.5169179409904,5195.214931491204,2854.4145719200237,-3551.6334644774693,5195.214931491204,48.923,-51.2115,13
3693,STARLINK-4584,satellite,2,140,53.2172,359.7036,108.6473,301.2236,49.8709,6917.0344,542.5669,4471.603111523081,3141.709420367563,4233.122174088743,1479.2348952837976,-5260.934954319804,4233.122174088743,37.933,-74.2954,79
3694,STARLINK-4555,satellite,2,140,53.2374,359.4106,133.6835,56.4593,190.1427,6923.8408,542.0604,-6818.770501152652,-659.2119757746324,-976.2293139088094,1641.6347723579224,6650.956837221216,-976.2293139088094,-8.1599,76.135,3
3695,STARLINK-4559,satellite,2,140,53.2371,359.4344,120.2651,49.9152,170.1803,6923.8571,539.7721,-6808.860536933147,773.3449900670034,945.1318951446182,2989.6735310935765,6166.076261492859,945.1318951446182,7.901,64.1332,5
3696,STARLINK-4551,satellite,2,140,53.2164,359.4971,74.5352,55.4029,129.9381,6917.0847,542.4977,-4409.555833172063,3212.504679298947,4244.873427676652,4494.087134093939,3093.145614346457,4244.873427676652,38.0573,34.5385,7
3697,STARLINK-4581,satellite,2,140,53.2118,359.5065,72.1571,52.6823,124.8393,6915.9867,542.7222,-3919.0305127416677,3431.0536614800294,4543.042198480983,4537.415734866255,2557.8873776505216,4543.042198480983,41.2706,29.4114,10
3698,STARLINK-4553,satellite,2,140,53.23,359.4584,99.7085,50.4571,150.1656,6921.1707,539.9539,-5978.52321793062,2115.8179834936823,2755.612144878515,3980.3981107786094,4937.1911535123745,2755.612144878515,23.6154,51.124,5
3699,STARLINK-4556,satellite,2,140,53.2285,359.3849,112.8325,97.2643,210.0968,6921.1718,547.0376,-6010.483633646892,-2013.402712764002,-2780.3562294147287,95.92101283884895,6338.020444381555,-2780.3562294147287,-23.8143,89.1329,3
3700,STARLINK-4580,satellite,2,140,53.2163,359.3453,74.0099,156.1625,230.1724,6916.9779,552.8176,-4470.026211962246,-3132.667822954683,-4258.050841386726,-1471.2294197232136,5256.446139659958,-4258.050841386726,-38.1291,105.6364,8
3701,STARLINK-4691,satellite,2,158,53.2043,189.9963,73.1368,171.566,244.7028,6914.2123,556.3274,2262.6940514113885,4205.723411417955,-5012.308983853795,3216.1573495517864,-3530.4710289939485,-5012.308983853795,-46.5611,-47.6674,5
3702,STARLINK-4673,satellite,2,158,53.2343,189.7667,44.709,299.9918,344.7008,6923.3476,543.0417,-6763.631399782549,-55.23613002998145,-1462.7616852987417,2193.060829979652,6398.456449659879,-1462.7616852987417,-12.2764,71.0809,3
3703,STARLINK-4689,satellite,2,158,53.1991,189.944,85.736,178.9792,264.7152,6912.0659,558.897,-85.03918493797418,4177.830151215742,-5520.163876603834,3969.1679356463237,-1306.5995308507388,-5520.163876603834,-53.0448,-18.2209,4
3704,STARLINK-4674,satellite,2,158,53.202,189.8841,99.6856,185.0364,284.722,6912.7618,557.6699,-2421.6716648728375,3649.153466656574,-5361.578608230683,4246.105583814907,1073.0340380228133,-5361.578608230683,-50.9297,14.1823,4
3705,STARLINK-4672,satellite,2,158,53.2076,189.8493,108.2462,191.2512,299.4974,6914.9355,555.2995,-3975.8626962764884,2972.5776919241925,-4825.406698647709,4123.801454560128,2763.68664604656,-4825.406698647709,-44.3644,33.8292,4
3706,STARLINK-4684,satellite,2,158,53.2358,189.7447,55.4554,309.2949,4.7503,6924.1267,540.1571,-6736.922259799085,-1504.8965591519252,458.966362691132,816.7328159755265,6854.471729873309,458.966362691132,3.8275,83.2051,4
3707,STARLINK-4676,satellite,2,158,53.2238,189.4454,94.1199,51.0007,145.1207,6920.2303,540.6602,5983.770923799819,-1404.2435453711769,3167.0263349540783,-3310.913216854986,-5178.346075117394,3167.0263349540783,27.4054,-122.5939,40
3708,STARLINK-4677,satellite,2,158,53.2292,190.1163,110.3439,49.193,159.5369,6922.7204,539.584,6633.107551293033,-286.7536595767694,1936.80748033155,-2472.332208689683,-6161.811170279151,1936.80748033155,16.3586,-111.8624,13
3709,STARLINK-4675,satellite,2,158,53.198,189.5888,110.6085,334.2702,84.8787,6912.094,545.5809,78.58175349279631,-4168.118519410614,5510.899756055612,-3957.863448400355,1309.4670700907996,5510.899756055612,53.0638,161.6931,4
3710,STARLINK-4648,satellite,2,111,53.2132,184.6899,106.6832,305.6159,52.2991,6916.5482,542.7991,-3945.2225048198934,-3609.7860224042597,4380.059443988064,-2095.5009823206124,4919.777573546986,4380.059443988064,39.4946,113.0708,5
3711,STARLINK-4692,satellite,2,111,53.2024,184.886,105.4466,186.7867,292.2333,6913.7184,556.9705,-2937.0832475641682,3601.6096722606158,-5131.716539535412,4372.346772719689,1575.0028360390393,-5131.716539535412,-48.0115,19.81,4
3712,STARLINK-4690,satellite,2,111,53.1995,184.585,75.838,16.5912,92.4292,6911.9915,545.4675,622.5186014270378,-4098.873162478627,5527.962622730458,-4073.1024604859426,773.3866805121336,5527.962622730458,53.3007,169.2489,4
3713,STARLINK-4590,satellite,2,176,53.2201,179.8178,97.2506,222.444,319.6946,6919.0953,550.0949,-5270.577719476391,2697.873544341184,-3586.5189228531067,4294.449889761812,4076.176063741823,-3586.5189228531067,-31.3619,43.5063,4
3714,STARLINK-4591,satellite,2,111,53.2367,184.7747,47.9192,304.1917,352.111,6924.0653,541.7402,-6877.658223548019,-4.057391534113652,-760.8598465587407,2279.188464688787,6489.029129599691,-760.8598465587407,-6.3517,70.6468,4
3715,STARLINK-4647,satellite,2,176,53.1983,179.9128,95.6445,184.0528,279.6973,6912.2731,558.2531,-1159.914992993851,4089.743811416158,-5464.170302806882,4242.877707051462,-263.43119973614375,-5464.170302806882,-52.2889,-3.5528,4
3716,STARLINK-4660,satellite,2,111,53.2341,184.4233,122.5077,50.1167,172.6244,6924.0218,539.9333,6881.1651302186865,-0.8488712504553292,711.4206640980468,-2284.9806393231956,-6490.708570552071,711.4206640980468,5.939,-109.394,5
3717,STARLINK-4610,satellite,2,176,53.2171,179.8296,104.6689,209.8466,314.5155,6917.9898,551.2688,-4844.50547762315,2970.0836333883226,-3953.3694104911133,4409.791898744793,3583.903670832502,-3953.3694104911133,-34.993,39.1013,4
3718,STARLINK-4658,satellite,2,176,53.2316,179.7863,51.505,288.2167,339.7216,6922.7439,544.6292,-6486.740757595784,1460.0338977306421,-1921.528633749006,3530.499318221566,5634.2771677309165,-1921.528633749006,-16.2138,57.9283,4
3719,STARLINK-4655,satellite,2,176,53.2071,179.861,108.6961,190.9791,299.6752,6914.995,555.1692,-3418.665957212265,3610.8114006762357,-4816.816421317814,4540.886526421526,2026.224432884716,-4816.816421317814,-44.2661,24.0473,4
3720,STARLINK-4605,satellite,2,149,53.2361,169.6017,48.7895,306.0045,354.794,6924.1316,541.3795,-6709.866453345147,1613.3354954820038,-502.9696485179119,3749.1742653851184,5793.863268190121,-502.9696485179119,-4.1943,57.0933,4
3721,STARLINK-4609,satellite,2,176,53.2308,179.7381,68.021,311.7256,19.7466,6922.8389,539.6559,-6515.846567521641,-1368.9674403330685,1871.8358840775727,871.5691610783957,6600.810218574136,1871.8358840775727,15.7953,82.4782,4
3722,STARLINK-4615,satellite,2,176,53.1992,179.5581,63.3768,36.6533,100.0301,6912.3108,545.3318,1172.034643646418,-4085.3173346855524,5448.550725214046,-4242.725297495517,250.52940143070893,5448.550725214046,52.2159,176.6207,5
3723,STARLINK-4608,satellite,2,176,53.22,179.7065,91.3712,308.3884,39.7595,6919.2293,541.0567,-5328.1948554195205,-2620.1934876731616,3541.5089882033585,-702.9470966115854,5895.840882310957,3541.5089882033585,30.9704,96.7991,4
3724,STARLINK-4568,satellite,2,176,53.2201,179.3589,85.8599,134.2845,220.1444,6919.1527,549.9605,5321.184408465877,2612.7967271434027,-3574.5749264351557,698.2968406458635,-5886.772610574968,-3574.5749264351557,-31.2466,-83.2351,11
3725,STARLINK-4573,satellite,2,176,53.2002,179.6126,115.3096,324.5681,79.8778,6912.3628,545.0723,-1241.9300119708907,-4066.4422731581753,5446.866899196428,-3423.612940387937,2521.352285970787,5446.866899196428,52.196,143.6299,4
3726,STARLINK-4596,satellite,2,176,53.2198,179.4631,87.3529,52.7851,140.138,6919.1865,541.1159,5281.716510167057,-2702.7818631872688,3549.1247130656266,-4302.777382416908,-4085.0539642833146,3549.1247130656266,31.044,-136.4869,19
3727,STARLINK-4554,satellite,2,176,53.2329,179.3859,129.8517,70.3448,200.1966,6922.7473,544.5091,6510.412364393603,1360.5211462088241,-1914.1063973380287,-877.7326690446555,-6592.880425536491,-1914.1063973380287,-16.1498,-97.5834,4
3728,STARLINK-4595,satellite,2,176,53.2318,179.432,110.3178,49.8135,160.1313,6922.819,539.776,6490.3498689953085,-1471.4528312638588,1882.9990000931846,-3542.468809657525,-5633.8911588000565,1882.9990000931846,15.8916,-122.1608,5
3729,STARLINK-4600,satellite,2,176,53.2075,179.3132,71.2828,168.8605,240.1433,6915.0555,555.546,3489.5206530728383,3554.591691487152,-4808.410661703876,2194.7049874766935,-4471.593284206012,-4808.410661703876,-44.166,-63.8577,12
3730,STARLINK-4602,satellite,2,176,53.2386,179.4066,127.5213,52.5643,180.0857,6924.2837,540.975,6918.797351595691,-65.46224371518132,-8.289180596257294,-2358.4222050038557,-6504.758781134357,-8.289180596257294,-0.0691,-109.9291,4
3731,STARLINK-4598,satellite,2,149,53.2344,169.7943,45.6558,303.7991,349.4549,6923.8345,542.162,-6561.029542251309,1951.3668035430492,-1014.4986642562592,4018.632655486662,5541.257315494423,-1014.4986642562592,-8.4819,54.0496,4
3732,STARLINK-4599,satellite,2,176,53.1997,179.262,83.2014,176.957,260.1584,6912.3769,558.8036,1235.954617934946,4070.8144124020837,-5462.346196593962,3429.720683452289,-2517.1670249140807,-5462.346196593962,-52.2584,-36.276,4
3733,STARLINK-4606,satellite,2,149,53.2223,169.7359,86.1605,308.6226,34.7832,6920.2219,540.6881,-6008.789137513029,-1311.8932698807316,3159.358775455176,757.0910915192436,6103.558300679624,3159.358775455176,27.3335,82.9291,4
3734,STARLINK-4593,satellite,2,149,53.2329,169.7656,62.647,312.0847,14.7317,6923.4409,539.6859,-6770.178099233723,152.49205325888497,1409.0344701897864,2391.1835965121363,6335.677258937859,1409.0344701897864,11.8248,69.3227,5
3735,STARLINK-4592,satellite,2,149,53.1989,169.6475,122.8068,312.1014,74.9082,6912.7932,544.8898,-2488.1278177349923,-3608.3343497895926,5342.313585253023,-2577.8093620544496,3544.8209701143737,5342.313585253023,50.8071,126.0248,6
3736,STARLINK-4586,satellite,2,149,53.2054,169.5394,59.0663,55.892,114.9583,6914.0032,544.1801,2186.3506157896095,-4219.876294718648,5017.442937187334,-4706.353332464876,-661.6065808989144,5017.442937187334,46.7296,-171.9979,4
3737,STARLINK-4396,satellite,2,149,53.2004,169.8968,102.8681,186.5528,289.421,6913.383,557.4063,-1580.239954624773,4254.400921256419,-5228.3203511299835,4537.723928849977,78.40317928698002,-5228.3203511299835,-49.2158,0.9899,4
3738,STARLINK-4594,satellite,2,149,53.2231,169.385,96.9268,118.2271,215.1539,6920.1575,548.4622,6002.208562794892,1302.7819951169474,-3192.305912227335,-763.5013402536216,-6094.326399325863,-3192.305912227335,-27.6085,-97.1409,4
3739,STARLINK-4422,satellite,2,149,53.2153,169.4929,81.2684,53.8639,135.1323,6918.1152,541.7202,4284.808987635284,-3764.850523519038,3905.8947320945204,-4973.704647305219,-2792.1227778047582,3905.8947320945204,34.5683,-150.6912,9
3740,STARLINK-4597,satellite,2,149,53.2287,169.4587,106.2345,48.8533,155.0878,6922.0597,539.7303,5847.108130321213,-2861.767259132791,2333.3856160929213,-4640.427882257916,-4565.612160781526,2333.3856160929213,19.8326,-135.4656,4
3741,STARLINK-4588,satellite,2,149,53.1974,169.5881,71.2381,23.7141,94.9522,6912.0738,545.4912,-158.63627348299332,-4163.943242209056,5512.211897955764,-3875.181181291909,1531.8484271507023,5512.211897955764,53.0829,158.4312,5
3742,STARLINK-4725,satellite,2,158,53.2332,189.3457,115.5797,49.6655,165.2452,6923.4359,539.6716,6771.27317235666,45.76517045105768,1411.1957338869308,-2204.5314296619076,-6402.521066043928,1411.1957338869308,11.8432,-108.9997,12
3743,STARLINK-4711,satellite,2,158,53.2344,189.3199,132.3978,52.8501,185.2479,6924.1492,541.1548,6737.87570175996,1489.6327935809552,-506.97935602806865,-831.4475897211698,-6850.304353649255,-506.97935602806865,-4.2279,-96.9204,3
3744,STARLINK-4724,satellite,2,152,53.215,174.6528,102.2573,305.1442,47.4015,6917.548,542.2358,-4942.668542571433,-2597.872966674008,4075.478448398329,-809.866368948247,5524.765401095997,4075.478448398329,36.2938,98.3395,4
3745,STARLINK-4731,satellite,2,158,53.1999,189.4618,55.8501,49.1759,105.026,6912.8014,545.0801,2424.4265407765633,-3649.0611186918945,5344.174130052941,-4246.932944052989,-1075.6633619716545,5344.174130052941,50.8296,-165.787,6
3746,STARLINK-4714,satellite,2,158,53.2296,190.0025,127.8678,76.833,204.7008,6922.0698,545.3053,5891.496926541263,2797.0937163951476,-2316.7386357158575,682.8305046416027,-6485.924128115689,-2316.7386357158575,-19.6687,-83.9901,5
3747,STARLINK-4717,satellite,2,158,53.2152,189.9687,76.9506,147.7855,224.7361,6918.1632,551.2679,4338.19108082716,3724.873413484378,-3902.262448235517,2073.618092565798,-5328.666982129289,-3902.262448235517,-34.4771,-68.7368,13
3748,STARLINK-4716,satellite,2,158,53.211,189.7679,108.5283,196.2496,304.7778,6915.9421,553.8822,-4469.1880062022665,2685.9621122502003,-4553.716265659266,4017.19520537312,3324.180588528993,-4553.716265659266,-41.3071,39.6073,4
3749,STARLINK-4667,satellite,2,152,53.2337,174.7329,45.8577,301.3503,347.208,6923.6376,542.6812,-6635.70086789238,1532.7322117676388,-1227.4274706450753,3648.522317158942,5750.659000699916,-1227.4274706450753,-10.2787,57.6068,4
3750,STARLINK-4694,satellite,2,152,53.2029,174.611,119.6865,307.7341,67.4206,6913.7719,544.2691,-3000.679436484117,-3555.998599469793,5109.643193565505,-2358.3013387301767,4010.937286434834,5109.643193565505,47.8553,120.4542,7
3751,STARLINK-4685,satellite,2,166,53.2188,194.4023,84.5872,52.9924,137.5796,6918.7576,541.4076,5637.628790540768,-1435.1570990576695,3735.095721276758,-3225.173183922991,-4841.569189076392,3735.095721276758,32.864,-123.6693,61
3752,STARLINK-4627,satellite,2,166,53.1989,194.5438,123.6178,313.8256,77.4434,6912.5591,545.2159,-439.529533430122,-4288.294878237771,5400.845637818985,-3899.2402654450752,1838.0926325431537,5400.845637818985,51.5771,154.7609,6
3753,STARLINK-4683,satellite,2,166,53.2223,194.2982,82.85,134.8745,217.7245,6919.6088,549.6008,4679.584056227275,3809.683609278762,-3392.635166970504,2040.2951297011061,-5678.854807601769,-3392.635166970504,-29.4976,-70.2377,13
3754,STARLINK-4686,satellite,2,114,53.2008,199.4296,58.4347,51.6613,110.0959,6913.4078,544.4425,3532.3201673731464,-2876.2120895252847,5196.59675503316,-3885.6674912142753,-2377.2820397426594,5196.59675503316,48.9387,-148.5414,7
3755,STARLINK-4699,satellite,2,114,53.2123,199.383,76.5931,53.4828,130.0759,6917.08,542.222,5249.150056327533,-1511.027625849254,4235.939958447725,-3167.7874866247867,-4449.932947753977,4235.939958447725,37.9649,-125.446,65
3756,STARLINK-4695,satellite,2,114,53.2345,199.9961,130.6289,53.9074,184.5363,6924.1416,541.0754,6369.639038510838,2666.4249561475553,-438.3869362342972,400.85321925795415,-6893.579637916596,-438.3869362342972,-3.6551,-86.6721,4
3757,STARLINK-4644,satellite,2,149,53.2359,169.3479,125.4388,49.7592,175.198,6924.1333,540.1564,6711.0435811888465,-1614.9583583847116,463.950439124845,-3751.095852638522,-5794.434946761482,463.950439124845,3.8691,-122.9175,4
3758,STARLINK-4642,satellite,2,114,53.1972,199.4864,91.7978,358.1695,89.9673,6911.9803,545.5639,1377.1570310273937,-3903.705644272565,5532.827934268467,-4139.501020480276,-3.24756469154268,5532.827934268467,53.3671,-179.955,5
3759,STARLINK-4707,satellite,2,114,53.2127,199.5885,103.9404,305.9401,49.8804,6917.0468,542.2824,-3135.1867714536097,-4475.579448620765,4233.289224838813,-3181.0909913855667,4443.0696142801835,4233.289224838813,37.9366,125.6014,7
3760,STARLINK-4700,satellite,2,114,53.2341,199.6474,59.929,309.8909,9.82,6923.8673,539.8818,-6181.980240527403,-2956.9020323776986,945.1387175957976,-737.1524228962442,6812.98434085745,945.1387175957976,7.9009,96.1753,4
3761,STARLINK-4705,satellite,2,114,53.2263,199.3511,99.7849,50.4268,150.2117,6921.1843,540.2816,6343.742558193876,48.15706223859634,2751.745516617436,-2060.3577957615635,-6000.026208336776,2751.745516617436,23.5791,-108.952,51
3762,STARLINK-4663,satellite,2,114,53.2019,199.5422,121.3568,308.5438,69.9005,6913.4326,544.5506,-937.7101158410546,-4457.764602955627,5196.636475200292,-3893.7313545756624,2364.280367280742,5196.636475200292,48.9382,148.7338,6
3763,STARLINK-4697,satellite,2,114,53.2268,199.6231,80.6934,309.0981,29.7915,6921.2525,540.1996,-4961.804832677558,-3952.638511345052,2751.9975788778083,-2081.461975635374,5992.526549205642,2751.9975788778083,23.5817,109.1543,5
3764,STARLINK-4701,satellite,2,114,53.2269,199.7006,70.1074,259.5832,329.6907,6921.0702,547.1304,-6330.826774940873,-45.63331255076554,-2798.0897899597785,2058.4510928430363,5987.005023540228,-2798.0897899597785,-23.9751,71.026,4
3765,STARLINK-4640,satellite,2,114,53.2339,199.6752,45.6657,304.117,349.7828,6923.8144,542.0689,-6659.804346830082,-1601.0663003902241,-983.2800447165405,700.4170418255468,6813.649771144864,-983.2800447165405,-8.2192,84.1308,4
3766,STARLINK-4651,satellite,2,114,53.1989,199.8387,87.4231,182.3462,269.7692,6911.9067,559.1387,-1381.2997177616933,3910.755040239323,-5543.776123550676,4147.525853764399,4.81532986423914,-5543.776123550676,-53.3679,0.0665,4
3767,STARLINK-4641,satellite,2,114,53.2132,199.7372,107.7295,202.0593,309.7888,6916.9847,552.7259,-5245.775704766804,1502.2463937543268,-4260.2165157952295,3158.3840618293825,4449.664828978883,-4260.2165157952295,-38.1525,54.6328,4
3768,STARLINK-4661,satellite,2,114,53.2008,199.7983,100.4999,183.9404,284.4402,6912.8194,557.8337,-2984.6243672409705,3193.8705361781235,-5368.4603811826955,4003.508315888495,1755.195937782152,-5368.4603811826955,-51.0184,23.6733,4
3769,STARLINK-4574,satellite,2,114,53.2251,199.9752,120.0594,89.7653,209.8247,6921.1978,546.4419,4939.260266414951,3988.000857404629,-2757.2055981727412,2122.3028051828082,-5982.998714788324,-2757.2055981727412,-23.6063,-70.4693,11
3770,STARLINK-4616,satellite,2,114,53.2014,199.7867,103.4744,186.2419,289.7163,6913.404,557.333,-3519.3322527005394,2882.8016965783054,-5218.7903256198915,3887.572160249328,2362.8431656687208,-5218.7903256198915,-49.096,31.291,4
3771,STARLINK-4618,satellite,2,160,53.211,209.5648,108.8387,306.0,54.8387,6916.056,542.937,-1792.4501836834831,-4907.393188404953,4525.345236625015,-4034.1370428505293,3319.807808607522,4525.345236625015,41.074,140.548,7
3772,STARLINK-4652,satellite,2,114,53.213,199.9413,72.3959,157.3495,229.7455,6917.1018,552.7252,3126.1478547386064,4499.9145570643595,-4231.29217133252,3207.046692577277,-4442.621179235933,-4231.29217133252,-37.8482,-54.1752,14
3773,STARLINK-4662,satellite,2,160,53.2013,209.5142,120.4246,314.6193,75.0439,6912.7417,544.8462,418.12673898935395,-4358.625735248931,5345.828833677059,-4250.279382747539,1052.4131500619694,5345.828833677059,50.8536,166.0927,4
3774,STARLINK-4607,satellite,2,160,53.2334,209.6313,61.1598,313.6189,14.7786,6923.4344,539.3601,-5291.064890203671,-4224.4993000528975,1413.3638431014815,-2228.6109731593297,6393.36023846672,1413.3638431014815,11.8622,109.2176,5
3775,STARLINK-4637,satellite,2,160,53.2358,209.6578,47.4163,307.3392,354.7555,6924.1297,541.1988,-6174.915794654681,-3080.473357802365,-506.66866127296794,-856.0620451364775,6847.339553000332,-506.66866127296794,-4.2253,97.1262,4
3776,STARLINK-4645,satellite,2,160,53.1972,209.8127,93.7198,181.0636,274.7835,6912.0771,558.8705,-2555.7652611632802,3299.059937882609,-5524.248765052546,3960.3749288457907,1315.7366631969778,-5524.248765052546,-53.1013,18.3778,4
3777,STARLINK-4670,satellite,2,160,53.2289,209.3339,105.0502,50.0881,155.1382,6922.1032,539.8128,6322.743383009605,1556.6074893702157,2328.9979646989204,-630.4686891245902,-6480.942832288271,2328.9979646989204,19.7935,-95.5563,37
3778,STARLINK-4656,satellite,2,160,53.1998,209.8713,78.9985,175.7831,254.7816,6912.8339,558.1155,-417.20053978037987,4375.393124656884,-5349.412855537743,4265.788581439054,-1058.8527112643897,-5349.412855537743,-50.7659,-13.9402,4
3779,STARLINK-4589,satellite,2,160,53.2047,209.763,105.7181,189.1309,294.849,6914.0439,556.3127,-4393.406562195647,1822.183261966422,-5030.647737292494,3177.2388136780096,3539.424611683701,-5030.647737292494,-46.7824,48.0866,4
3780,STARLINK-4612,satellite,2,160,53.223,209.9578,100.0644,114.7265,214.7909,6920.2311,548.3253,3744.307243388855,4887.36054651298,-3163.490794734054,3367.327823323065,-5154.341196969818,-3163.490794734054,-27.3393,-56.8434,16
3781,STARLINK-4718,satellite,2,161,53.1975,229.6585,109.0617,335.772,84.8337,6912.0949,545.4391,2739.4910079289302,-3143.018390982741,5510.362703155753,-3874.16837719462,-1540.842293592829,5510.362703155753,53.058,-158.3112,8
3782,STARLINK-4719,satellite,2,161,53.1998,229.6016,58.7845,46.0275,104.812,6912.8202,545.0529,4192.636900123662,-1248.260172341289,5349.448818143612,-2569.213401658717,-3540.550823088026,5349.448818143612,50.899,-125.9667,45
3783,STARLINK-4722,satellite,2,175,53.2067,219.9427,108.3668,191.2216,299.5884,6914.9665,555.3286,-4935.7745579641605,569.7836978314738,-4821.036526184665,2175.8898733831084,4466.769213678904,-4821.036526184665,-44.3136,64.028,4
3784,STARLINK-4664,satellite,2,175,53.2322,219.8678,50.1899,289.4279,339.6178,6922.7361,544.4483,-5904.268515429138,-3051.269676274084,-1930.9103976623069,-918.3547313688509,6582.344409631723,-1930.9103976623069,-16.2955,97.9425,4
3785,STARLINK-4709,satellite,2,127,53.2335,224.4674,133.7081,58.7875,192.4956,6923.6884,542.6468,4193.770868119286,5372.331267624853,-1199.4416274513985,3675.6018515161645,-5739.303822983813,-1199.4416274513985,-10.042,-57.3634,7
3786,STARLINK-4706,satellite,2,175,53.2357,219.8443,51.032,308.5723,359.6042,6924.2495,540.6973,-5330.39958517833,-4410.854022899453,-38.28459229421177,-2391.342017528346,6492.324414583814,-38.28459229421177,-0.319,110.2205,4
3787,STARLINK-4678,satellite,2,175,53.2193,219.9,94.8288,224.8226,319.6514,6919.086,549.9164,-5768.566995992236,-1325.386738411936,-3589.5685821177035,664.6217859087832,5881.43631057113,-3589.5685821177035,-31.3925,83.5527,4
3788,STARLINK-4462,satellite,2,175,53.2068,219.7476,113.3643,306.4136,59.7779,6915.0832,543.4275,-387.7589138452266,-4974.436213862535,4782.333497434668,-4563.661204461744,2017.019839254005,4782.333497434668,43.9625,156.1558,6
3789,STARLINK-4536,satellite,2,175,53.1989,219.6404,61.8829,38.0084,99.8913,6912.3468,545.147,3515.564059650424,-2382.910149734828,5450.6905925572955,-3414.7745487781904,-2525.225974092564,5450.6905925572955,52.2468,-143.5171,19
3790,STARLINK-4687,satellite,2,175,53.2192,219.7899,91.2216,308.5111,39.7327,6919.2181,540.9912,-2391.9893378139527,-5435.741225045436,3539.4419801553313,-4333.511739295856,4060.735359914396,3539.4419801553313,30.9507,136.8612,7
3791,STARLINK-4743,satellite,2,175,53.2204,219.5466,88.3022,51.7176,140.0198,6919.1825,540.9967,5778.374960001599,1322.1184046551314,3557.835772864991,-670.9605201650832,-5889.603232364733,3557.835772864991,31.1291,-96.4993,109
3792,STARLINK-4666,satellite,2,175,53.2318,219.4653,131.2257,68.8606,200.0863,6922.7573,544.1652,4113.573581576236,5229.64287002443,-1903.9738308510377,3567.625372549211,-5616.288931330226,-1903.9738308510377,-16.0628,-57.5751,13
3793,STARLINK-4734,satellite,2,175,53.2069,219.5879,66.177,53.7905,119.9675,6915.0371,543.4235,4945.632557543903,-563.5234255399486,4794.628134512148,-2173.2569003047674,-4478.146323050224,4794.628134512148,44.1043,-115.8874,83
3794,STARLINK-4739,satellite,2,175,53.2106,220.1044,70.6228,163.7959,234.4187,6916.1383,554.014,908.9363455506619,5174.02111530674,-4509.106486768442,4578.9261564329845,-2574.8970922809435,-4509.106486768442,-40.8161,-29.3506,4
3795,STARLINK-4728,satellite,2,175,53.2303,219.5112,111.3864,48.6837,160.0702,6922.819,539.5933,5914.0812295975,3047.980898332043,1888.4646368306433,911.9951353509035,-6590.509025862174,1888.4646368306433,15.9394,-82.1214,24
3796,STARLINK-4730,satellite,2,175,53.2158,219.5549,82.0797,52.7586,134.8383,6918.0614,541.6302,5627.39634996896,840.9082997886603,3925.909438280868,-1074.7682748440425,-5587.449293164654,3925.909438280868,34.7709,-100.8881,108
3797,STARLINK-4742,satellite,2,175,53.219,219.437,84.6983,135.4204,220.1187,6919.1429,549.9877,2391.8170405659516,5425.423301524888,-3572.6393617900762,4323.836054606019,-4057.1478318099216,-3572.6393617900762,-31.2277,-43.1774,11
3798,STARLINK-4723,satellite,2,175,53.1984,219.2846,96.9302,183.2061,280.1362,6912.3594,558.4988,-3528.1044909268103,2388.545353260052,-5457.086067985052,3424.252980342933,2535.184752654263,-5457.086067985052,-52.1907,36.5148,4
3799,STARLINK-4712,satellite,2,175,53.1991,219.3404,82.3413,177.7561,260.0974,6912.3655,558.864,-1669.1910607769419,3914.695257437766,-5461.337720752773,4246.807228091266,275.0747596839271,-5461.337720752773,-52.2442,3.706,4
3800,STARLINK-4710,satellite,2,160,53.228,209.821,79.5757,309.8778,29.4535,6921.2742,539.9658,-4211.580756510873,-4760.127150104487,2723.5740454714855,-3092.1989055739864,5552.8847351751865,2723.5740454714855,23.3247,119.1118,6
3801,STARLINK-4715,satellite,2,160,53.2336,209.4884,135.5518,59.5241,195.0759,6923.3851,543.0568,5286.125718347399,4227.032006808882,-1441.9059672494925,2232.639612447758,-6389.541850374693,-1441.9059672494925,-12.0987,-70.7395,6
3802,STARLINK-4726,satellite,2,160,53.2165,209.5708,80.9195,54.0469,134.9664,6918.0772,541.8024,5694.404063873719,-136.36204504668444,3917.3270702826444,-2018.8685730563088,-5326.255902105758,3917.3270702826444,34.6832,-110.7588,94
3803,STARLINK-4727,satellite,2,166,53.2094,194.7962,111.2766,306.004,57.2806,6915.5352,543.1495,-2722.6189361657493,-4321.084263417956,4656.733655109089,-3172.306490767252,4002.6109743219595,4656.733655109089,42.5346,128.3989,7
3804,STARLINK-4729,satellite,2,182,53.2345,204.5087,126.2752,51.1402,177.4154,6924.1947,540.51,6366.302803169032,2697.2228812117164,249.93264535421335,431.01229729089016,-6900.655842175724,249.93264535421335,2.0831,-86.426,5
3805,STARLINK-4763,satellite,2,166,53.233,194.8674,61.4749,310.4799,11.9548,6923.6999,539.6888,-6320.603668697828,-2565.274561390408,1147.8097919970214,-321.71536689289076,6813.748126749195,1147.8097919970214,9.6098,92.7032,4
3806,STARLINK-4768,satellite,2,166,53.2279,194.5552,108.3596,49.1482,157.5078,6922.4881,539.7519,6582.751806419972,72.85271368414915,2119.28393299586,-2116.4007591746135,-6233.680829925581,2119.28393299586,17.9484,-108.7529,24
3807,STARLINK-4738,satellite,2,150,53.2159,249.578,103.1875,211.6477,314.8352,6918.065,551.4811,-4457.976095341865,-3548.486712206953,-3931.7241442445275,-1867.4706056701687,5383.108985549774,-3931.7241442445275,-34.7729,109.1323,8
3808,STARLINK-4758,satellite,2,150,53.216,249.9257,81.7544,52.9855,134.7399,6918.0693,541.6636,4431.801216886626,3561.0625981988437,3932.6309766864397,1888.0220796162075,-5362.592794644226,3932.6309766864397,34.8387,-70.6042,68
3809,STARLINK-4748,satellite,2,182,53.2002,204.7035,99.1398,183.1544,282.2942,6912.5628,558.4484,-3032.8067238572376,3065.24568276353,-5416.717668399681,3898.1707025499386,1843.3428584382907,-5416.717668399681,-51.6504,25.3082,4
3810,STARLINK-4757,satellite,2,150,53.2326,249.1507,132.4047,62.8591,195.2638,6923.3765,543.3497,1357.0736035260747,6627.366463911646,-1459.4934756555567,5801.106464164946,-3480.0572989236366,-1459.4934756555567,-12.248,-30.9594,10
3811,STARLINK-4751,satellite,2,150,53.2347,249.8681,124.9854,49.8211,174.8065,6924.1574,540.0411,2723.223087257211,6339.717202537773,501.664030141616,5076.278665740869,-4673.2593656749,501.664030141616,4.1842,-42.6329,6
3812,STARLINK-4756,satellite,2,150,53.1977,249.6723,93.6432,181.1699,274.813,6912.0933,559.0686,-4077.386309513954,891.0103420915041,-5524.204529880437,2193.9632463975554,3550.4230480581523,-5524.204529880437,-53.0985,58.2862,4
3813,STARLINK-4764,satellite,2,150,53.2239,249.8164,99.4995,115.3401,214.8397,6920.2484,548.405,-261.88075035679583,6149.272456172937,-3167.431235437339,5887.527788614665,-1794.1989315415126,-3167.431235437339,-27.3758,-16.9484,4
3814,STARLINK-4760,satellite,2,150,53.2039,249.6183,105.4351,189.3656,294.8007,6914.1352,556.304,-4540.002129550824,-1411.1831823170317,-5032.543402392333,175.8721337184616,4751.013186990935,-5032.543402392333,-46.8053,87.88,4
3815,STARLINK-4759,satellite,2,150,53.2116,249.7758,71.3536,163.4714,234.8249,6916.0611,554.2247,-1801.2778221875753,4913.926712122166,-4532.004661939346,5233.226174217448,67.980396424172,-4532.004661939346,-41.0656,0.7442,4
3816,STARLINK-4761,satellite,2,150,53.2282,249.5394,58.0362,276.7454,334.7816,6922.0277,545.8274,-3842.886320835891,-5249.635450517094,-2362.2467714989157,-3676.3380735593873,5367.586609183972,-2362.2467714989157,-20.0696,124.4078,9
3817,STARLINK-4649,satellite,2,150,53.2008,249.7258,79.2475,175.5074,254.7549,6912.9054,558.2763,-3122.644295665124,3094.301139548693,-5348.9251354158705,3955.3999446937905,1918.4416115635722,-5348.9251354158705,-50.7579,25.8742,4
3818,STARLINK-4747,satellite,2,150,53.2328,249.4906,64.4362,310.4344,14.8705,6923.4275,539.7344,-1347.078781065028,-6633.8245451074,1422.0186728694428,-5810.5161083277235,3472.772939961537,1422.0186728694428,11.9353,149.1345,5
3819,STARLINK-4771,satellite,2,150,53.2129,249.5839,107.5849,202.0582,309.6431,6916.9692,552.8827,-4532.546897723931,-3025.769801396239,-4269.283852235123,-1349.639179642378,5279.937343935297,-4269.283852235123,-38.2471,104.3387,8
3820,STARLINK-4737,satellite,2,150,53.21,249.4215,110.3231,304.6061,54.9293,6916.0239,542.9766,1775.7695752314746,-4908.889024630333,4530.326212390537,-5220.00675509658,-45.590757835181094,4530.326212390537,41.1285,-179.4996,4
3821,STARLINK-4783,satellite,2,150,53.2354,249.5147,48.7281,306.1014,354.8295,6924.1292,541.3762,-2761.339255554679,-6324.837654218334,-499.5477308225547,-5049.590279893249,4704.2750601652715,-499.5477308225547,-4.1657,137.0276,4
3822,STARLINK-4778,satellite,2,122,53.2258,239.9058,101.368,48.5011,149.8691,6921.0876,539.6235,4796.286285936395,4132.060356454773,2780.1300344122565,2305.653602160742,-5895.951695264292,2780.1300344122565,23.8394,-68.6417,28
3823,STARLINK-4776,satellite,2,150,53.2225,249.4608,85.9526,308.8264,34.779,6920.2918,540.5095,218.692888409185,-6146.451169320484,3158.9575798653254,-5870.530406669251,1834.0014451067564,3158.9575798653254,27.3305,162.6508,4
3824,STARLINK-4773,satellite,2,122,53.2344,239.887,120.4764,49.2278,169.7042,6923.8587,539.7818,4054.8065227546467,5516.256737880311,990.4360933381796,3857.4952343266823,-5655.994594439647,990.4360933381796,8.2822,-55.7053,8
3825,STARLINK-4784,satellite,2,122,53.2126,239.9525,76.1146,53.6337,129.7483,6916.9953,542.2689,4967.99017605492,2232.25134795067,4256.251291954422,456.57073959888214,-5427.284369696129,4256.251291954422,38.1788,-85.1913,109
3826,STARLINK-4766,satellite,2,122,53.215,239.8152,77.7344,146.8761,224.6105,6918.2007,551.1963,-38.63212086284547,5723.647588590528,-3893.5881321676243,5411.929996840642,-1863.5041906142806,-3893.5881321676243,-34.3903,-19.0003,4
3827,STARLINK-4750,satellite,2,122,53.2342,239.8623,133.7123,56.0467,189.759,6923.8765,542.0351,2816.85901641986,6250.2576206779395,-939.6201439808677,4960.809471941453,-4731.890153662117,-939.6201439808677,-7.852,-43.6471,11
3828,STARLINK-4754,satellite,2,122,53.1968,239.7028,89.7904,180.0266,269.817,6912.0053,559.2459,-3570.064827302807,2111.5556511590244,-5543.727111982235,3176.8977004807166,2666.711671659793,-5543.727111982235,-53.366,40.0103,4
3829,STARLINK-4769,satellite,2,122,53.2235,239.8369,115.8046,93.9816,209.7862,6921.2082,546.7603,1238.5304734712674,6228.034828052568,-2754.046122268758,5463.767668180583,-3235.678973769994,-2754.046122268758,-23.5764,-30.6343,9
3830,STARLINK-4745,satellite,2,122,53.2126,239.5998,107.6179,202.1771,309.795,6916.9827,552.7827,-4989.55676287968,-2209.8146129614706,-4259.835935745981,-428.2472521116772,5440.1802915634335,-4259.835935745981,-38.1481,94.501,4
3831,STARLINK-4753,satellite,2,122,53.2008,239.7738,75.478,174.3263,249.8044,6913.4365,557.247,-2159.7935716268476,4024.531529041767,-5202.911220527617,4513.2694534427,701.3994161053702,-5202.911220527617,-48.8967,8.8336,4
3832,STARLINK-4746,satellite,2,122,53.234,239.5373,46.2507,303.5905,349.8411,6923.8575,542.1137,-4082.8835083506046,-5500.731144767491,-977.7289287041436,-3833.5299089595483,5677.325894018152,-977.7289287041436,-8.1725,124.0286,4
3833,STARLINK-4777,satellite,2,122,53.2011,239.6477,103.7918,186.0335,289.8254,6913.4037,557.4196,-4553.1622662422415,-54.8377202525766,-5215.28079446292,1459.6787651257728,4313.192750264656,-5215.28079446292,-49.0508,71.3031,4
3834,STARLINK-4780,satellite,2,122,53.2246,239.4866,80.1939,309.671,29.8649,6921.2467,540.0221,-1268.7301108966924,-6212.686718792176,2757.9946064826026,-5439.265155781679,3259.071482071533,2757.9946064826026,23.6368,149.071,5
3835,STARLINK-4770,satellite,2,122,53.2258,239.5652,66.1779,263.6193,329.7972,6921.1721,546.9842,-4827.554394824244,-4101.79247792197,-2789.0964773049127,-2266.722623428074,5915.399522886301,-2789.0964773049127,-23.8939,110.9663,8
3836,STARLINK-4767,satellite,2,122,53.1982,239.348,89.2106,0.8549,90.0655,6911.9929,545.4666,3565.018255415416,-2103.537518331516,5532.819294344487,-3167.659017832938,-2664.6128422746815,5532.819294344487,53.3681,-139.9297,19
3837,STARLINK-4755,satellite,2,122,53.2358,239.5147,59.9413,309.8767,9.818,6923.9009,539.7447,-2849.562950650308,-6232.062341998915,944.9506105805131,-4932.789936888389,4756.699852083641,944.9506105805131,7.8995,136.0411,5
3838,STARLINK-4797,satellite,2,164,53.2049,234.643,107.7363,189.5926,297.3289,6914.536,555.9929,-4843.728261222772,-460.4790577632103,-4925.251818439221,1173.4904576587307,4721.934410492227,-4925.251818439221,-45.5262,76.0436,3
3839,STARLINK-4794,satellite,2,122,53.2129,239.4486,103.3078,306.5989,49.9067,6917.0763,542.2673,464.13408861337496,-5443.404228664068,4234.9238355327225,-5288.820917689626,1369.1031186362422,4234.9238355327225,37.9539,165.4866,4
3840,STARLINK-4800,satellite,2,161,53.2234,229.9419,93.5476,51.2092,144.7568,6920.1708,540.6137,5462.400119088519,2784.804151492723,3195.7382736055706,813.6750402370341,-6077.07842240699,3195.7382736055706,27.6749,-82.3739,77
3841,STARLINK-4703,satellite,2,122,53.2302,239.4935,74.6081,309.9981,24.6061,6922.1166,539.729,-1706.71837707367,-6292.109673167024,2306.5769290451535,-5368.795932229699,3698.589189931325,2306.5769290451535,19.5955,145.4369,5
3842,STARLINK-4795,satellite,2,161,53.2162,229.8346,76.4187,148.3847,224.8034,6918.1111,551.2371,935.848344121942,5637.532069807596,-3906.9173683962545,5007.221834714403,-2754.144052017655,-3906.9173683962545,-34.5242,-28.8123,4
3843,STARLINK-4809,satellite,2,122,53.202,239.2921,58.2627,51.8627,110.1254,6913.4506,544.5291,4555.896275387821,59.593043372514366,5195.768576995046,-1456.1006228663173,-4317.350249748027,5195.768576995046,48.9274,-108.6376,92
3844,STARLINK-4790,satellite,2,164,53.2008,234.3932,124.2493,313.2157,77.465,6912.5949,545.2023,2411.979355276172,-3571.917844160783,5401.4187427051365,-4170.032033884965,-1089.5294085456792,5401.4187427051365,51.5849,-165.3573,7
3845,STARLINK-4799,satellite,2,161,53.2291,229.8614,124.4984,80.3526,204.8509,6922.0736,545.5838,2717.449827147902,5923.748805589756,-2329.9975530425004,4685.812860143756,-4529.734132871776,-2329.9975530425004,-19.7851,-44.0297,13
3846,STARLINK-4781,satellite,2,161,53.2342,229.8926,132.1078,52.667,184.7748,6924.1489,541.4087,4178.521508616908,5495.985249435039,-461.4048412857382,3797.306398255114,-5765.9656587385625,-461.4048412857382,-3.8471,-56.6322,5
3847,STARLINK-4788,satellite,2,161,53.2055,229.7858,73.2803,171.5486,244.8289,6914.1784,556.2944,-964.6602296487071,4671.6104271403265,-5017.552931494945,4726.937240429555,-640.7633468546313,-5017.552931494945,-46.6245,-7.7197,4
3848,STARLINK-4779,satellite,2,161,53.2108,229.2732,71.3068,53.8702,125.177,6916.0541,542.845,5162.015356307821,810.1394283001813,4524.398932360855,-949.3108199515096,-5138.242637241579,4524.398932360855,41.0642,-100.4676,110
3849,STARLINK-4762,satellite,2,160,53.2358,209.9316,124.2428,50.6671,174.9099,6924.0502,540.1207,6155.07765299646,3119.93996582792,491.7127009801005,899.8760287568284,-6841.727080032904,491.7127009801005,4.101,-82.507,7
3850,STARLINK-4793,satellite,2,175,53.2074,219.8132,71.0061,168.8002,239.8063,6915.0932,555.398,379.82204598561026,4982.348637748675,-4792.029434511478,4573.759596204759,-2012.1595092878842,-4792.029434511478,-43.9784,-23.7464,4
3851,STARLINK-4789,satellite,2,160,53.2278,209.6215,55.6076,279.1832,334.7908,6921.9976,545.6178,-6315.925266659461,-1561.0400142179656,-2361.360132157683,624.0242455596804,6475.98267763053,-2361.360132157683,-20.0624,84.496,4
3852,STARLINK-4810,satellite,2,175,53.1988,219.4057,119.8866,320.1239,80.0105,6912.3643,545.1149,1661.6811031263162,-3910.7595761631746,5449.029509171531,-4240.601801729836,-269.2970668327774,5449.029509171531,52.2247,-176.3663,5
3853,STARLINK-4732,satellite,2,160,53.2166,209.6383,103.2319,211.4998,314.7318,6918.0724,551.4708,-5690.926343189637,150.16298810128345,-3938.7922455920016,2030.732559309256,5318.394197421489,-3938.7922455920016,-34.8444,69.1015,4
3854,STARLINK-4740,satellite,2,160,53.2049,209.3304,60.0422,55.0995,115.1417,6914.1829,544.117,4395.355750403294,-1828.5738776154026,5009.888177036181,-3183.9140961583444,-3539.1419336874483,5009.888177036181,46.6389,-131.9755,45
3855,STARLINK-5028,satellite,2,154,53.2048,269.9786,73.561,171.1316,244.6926,6914.2417,556.4863,-3747.727917826309,2960.974361553342,-5012.038071000045,4037.1274727913487,2552.3392181025397,-5012.038071000045,-46.5565,32.3018,4
3856,STARLINK-5029,satellite,2,154,53.2102,269.8205,109.2951,195.31,304.6051,6915.9252,554.3902,-3424.966212576836,-3921.10122406183,-4563.489723881868,-2561.8613842484306,4532.36082130812,-4563.489723881868,-41.4112,119.4768,8
3857,STARLINK-5031,satellite,2,154,53.2004,269.87,101.7898,182.8493,284.6391,6912.7874,558.4476,-4016.762600777955,-1740.719326515724,-5364.093187939699,-308.666325088585,4366.83073457973,-5364.093187939699,-50.9548,94.0432,4
3858,STARLINK-5050,satellite,2,164,53.218,234.489,84.8749,52.6616,137.5365,6918.6691,541.3566,5237.180082408933,2528.0801851218844,3738.0989739987313,646.2688400279686,-5779.410110417468,3738.0989739987313,32.894,-83.6195,91
3859,STARLINK-5046,satellite,2,154,53.2046,269.6256,117.5024,307.3126,64.815,6914.2267,543.9435,3726.5190603400333,-2965.2639779476003,5007.972929310053,-4034.13365023758,-2530.9090181221477,5007.972929310053,46.6173,-147.8969,6
3860,STARLINK-5052,satellite,2,154,53.2351,269.7338,52.4847,307.0044,359.4891,6924.2414,540.7828,-69.07309517166837,-6918.397362244252,-49.42720058310665,-6503.182861775294,2361.695539373548,-49.42720058310665,-0.4119,160.041,4
3861,STARLINK-5043,satellite,2,154,53.2329,269.7514,49.0151,295.6263,344.6414,6923.3746,543.4803,-1126.111961760256,-6668.670323319278,-1468.3702937375967,-5916.735267970512,3275.9022879647528,-1468.3702937375967,-12.3234,151.0281,7
3862,STARLINK-5037,satellite,2,154,53.1979,269.5729,111.1696,333.6793,84.8488,6912.0788,545.3853,4117.93514734932,-651.109345771892,5510.4795158197985,-1981.125131906352,-3668.307030450887,5510.4795158197985,53.0602,-118.3719,56
3863,STARLINK-5035,satellite,2,154,53.2342,269.7218,59.4082,312.3227,11.7308,6920.7902,536.5839,808.5249902454489,-6773.744558492049,1126.1250105982856,-6658.047907745022,1485.841869690103,1126.1250105982856,9.4309,167.4197,4
3864,STARLINK-5044,satellite,2,154,53.2235,269.4275,94.0722,50.9897,145.062,6920.2385,540.5034,2427.1401248326183,5644.033893097245,3171.5914506245363,4518.325641178339,-4163.035091405463,3171.5914506245363,27.4489,-42.6564,3
3865,STARLINK-5042,satellite,2,154,53.2241,269.4263,92.3832,54.0631,146.4463,6910.2615,530.6883,2342.2742265653305,5730.923938255227,3056.7991998933176,4628.459813140384,-4111.824108184043,3056.7991998933176,26.4187,-41.6172,4
3866,STARLINK-5045,satellite,2,154,53.2355,269.373,131.5755,53.5681,185.1436,6924.153,541.3066,-295.8571247332202,6895.119474518853,-496.9532286761325,6602.362247231362,-2009.7305198654394,-496.9532286761325,-4.1441,-16.93,4
3867,STARLINK-5021,satellite,2,175,53.2332,219.4831,128.5517,51.4847,180.0364,6924.2262,540.5596,5338.263117120071,4401.283505713889,-3.5216894294344,2379.703893054499,-6496.565168352805,-3.5216894294344,-0.0293,-69.8821,7
3868,STARLINK-5022,satellite,2,154,53.1987,269.5292,66.3343,33.3432,99.6775,6912.3109,545.2693,4089.9151059797914,1128.0318591820185,5454.270994412652,-293.5633616001958,-4232.455788567357,5454.270994412652,52.294,-93.9677,55
3869,STARLINK-4787,satellite,2,154,53.2292,269.3481,124.6409,80.5205,205.1614,6922.0226,545.5785,-1690.1486687144252,6284.134604026614,-2357.2032299174803,6488.851793185337,-491.6834855446394,-2357.2032299174803,-20.0257,-4.3332,4
3870,STARLINK-5003,satellite,2,178,53.1999,259.9565,82.6011,177.0815,259.6826,6912.394,558.7298,-3801.553235417529,1932.6132380376132,-5454.2698324959265,3084.943460776729,2944.473598686633,-5454.2698324959265,-52.1503,43.6654,4
3871,STARLINK-5054,satellite,2,178,53.2315,259.4325,110.9547,49.142,160.0968,6922.8497,539.6119,2578.067366545692,6134.281727215516,1886.084064560094,4930.67572070127,-4468.140619159723,1886.084064560094,15.9187,-42.1826,4
3872,STARLINK-5057,satellite,2,178,53.2074,259.8506,107.7727,191.8935,299.6662,6914.9739,555.256,-4150.269575496722,-2738.0301780917875,-4817.321311240611,-1205.1106116433014,4823.8216404775785,-4817.321311240611,-44.2712,104.0268,6
3873,STARLINK-4796,satellite,2,178,53.2071,260.0111,72.4364,167.2024,239.6389,6915.1176,555.1361,-2916.523718953482,4066.7799484448983,-4783.686578065118,4804.316367374364,1401.1973431571062,-4783.686578065118,-43.8846,16.2595,4
3874,STARLINK-5048,satellite,2,178,53.1983,259.9013,95.613,183.9629,279.576,6912.3456,558.6971,-4228.295264718989,-416.80553137621547,-5466.47711620233,1010.3966761238564,4126.900320277762,-5466.47711620233,-52.3154,76.2428,4
3875,STARLINK-5059,satellite,2,178,53.2318,259.386,130.0661,70.0867,200.1528,6922.7824,544.3843,-206.12214087096527,6648.894858584861,-1910.070414256765,6340.3117923312975,-2012.6439211887737,-1910.070414256765,-16.1151,-17.6113,4
3876,STARLINK-5053,satellite,2,178,53.2314,259.7284,68.9948,310.6653,19.6601,6922.846,539.6205,209.14323623502892,-6657.00173534986,1863.9682308128538,-6348.961836769524,2012.4851783200952,1863.9682308128538,15.7273,162.4125,4
3877,STARLINK-5040,satellite,2,178,53.2204,259.7038,91.3581,308.3518,39.7099,6919.2913,541.0767,1651.475053252244,-5705.616017300121,3537.8488399302832,-5930.298701311898,336.1269129430343,3537.8488399302832,30.9349,176.756,4
3878,STARLINK-5051,satellite,2,122,53.2116,239.4045,70.695,159.4751,230.1701,6916.937,552.6918,-483.6718116680573,5437.201977917465,-4257.571387163522,5289.455828271669,-1348.6144040587483,-4257.571387163522,-38.1248,-14.3035,4
3879,STARLINK-5036,satellite,2,178,53.2365,259.745,53.4025,311.139,4.5415,6921.9173,537.3893,-904.7980251821624,-6841.945563668054,438.667891822731,-6153.64990784686,3124.6554008765265,438.667891822731,3.6594,153.0798,5
3880,STARLINK-5012,satellite,2,178,53.207,259.6577,113.3204,306.4876,59.8081,6915.0928,543.4484,2895.724179701623,-4061.5436210301373,4783.819807435196,-4792.4726114579,-1383.3153577059488,4783.819807435196,43.9795,-163.8996,4
3881,STARLINK-5023,satellite,2,178,53.1979,259.6065,118.7934,321.0587,79.8521,6912.3779,545.2128,3788.2239029378047,-1932.6075129251008,5446.381474644509,-3080.5134326619614,-2931.901964423964,5446.381474644509,52.1879,-136.4159,24
3882,STARLINK-5025,satellite,2,178,53.2284,259.7772,57.1101,277.3251,334.4352,6921.9663,545.7994,-2867.7054055306307,-5827.310804963548,-2392.5073017034365,-4544.966232392409,4639.457668409883,-2392.5073017034365,-20.3379,134.4105,10
3883,STARLINK-5002,satellite,2,178,53.2204,259.4572,87.7989,52.1836,139.9825,6919.1809,541.0574,3585.5503733946953,4718.296074728863,3560.623331832786,3260.548435016536,-4948.465745245071,3560.623331832786,31.1559,-56.6191,11
3884,STARLINK-5004,satellite,2,178,53.1986,259.5499,61.0861,38.845,99.9311,6912.3613,545.2617,4225.934809921074,432.41139157319816,5450.101467782656,-994.8921519135912,-4129.854021067292,5450.101467782656,52.2377,-103.5446,74
3885,STARLINK-5001,satellite,2,146,53.2031,254.6504,119.9815,307.3197,67.3012,6913.8146,544.2335,2976.6257891762953,-3582.4658789878217,5105.201464393503,-4367.414483202795,-1618.6579610318713,5105.201464393503,47.8008,-159.6642,5
3886,STARLINK-5011,satellite,2,178,53.2199,259.3542,85.1231,134.9167,220.0397,6919.1854,550.0604,-1641.4664405077328,5701.224749688946,-3566.881946871072,5922.834100945089,-344.11035215595354,-3566.881946871072,-31.1714,-3.3251,4
3887,STARLINK-5014,satellite,2,146,53.2185,254.4706,83.3268,53.5617,136.8885,6914.6186,537.5357,4074.527621474172,4102.816020356633,3781.903732775318,2517.6528644151804,-5205.410520732544,3781.903732775318,33.3494,-64.1888,52
3888,STARLINK-5009,satellite,2,150,53.2002,249.6378,123.1941,311.5961,74.7902,6912.8406,544.9454,3113.986837533143,-3089.519759806299,5339.483527692757,-3948.015863558644,-1911.8622104253568,5339.483527692757,50.7695,-154.161,8
3889,STARLINK-5018,satellite,2,178,53.2347,260.0997,124.5657,49.9355,174.5012,6924.1268,539.9744,1574.836901283205,6715.383968770762,531.0560254015551,5811.84741071782,-3714.6901335372804,531.0560254015551,4.4298,-32.585,6
3890,STARLINK-4772,satellite,2,169,53.2328,244.8076,48.1515,293.9745,342.126,6923.1009,543.8754,-3954.182397080467,-5418.976068673994,-1701.5948601247562,-3799.1324030142405,5528.784047745917,-1701.5948601247562,-14.318,124.4951,4
3891,STARLINK-4782,satellite,2,150,53.1984,249.5833,71.8821,23.0348,94.9169,6912.0655,545.3495,4071.617807808176,-883.6172131842385,5512.461849933971,-2185.0744865882716,-3547.4357556349264,5512.461849933971,53.0879,-121.6314,47
3892,STARLINK-4775,satellite,2,169,53.2357,244.7805,52.8959,309.2566,2.1525,6924.2337,540.3486,-2805.07849127518,-6320.867957532083,208.17401636267942,-5031.3265783821025,4744.2164727630525,208.17401636267942,1.735,136.6823,5
3893,STARLINK-4791,satellite,2,169,53.2316,244.451,112.9651,49.633,162.598,6923.1499,539.6681,3963.599751385252,5420.613381501014,1657.0460057226949,3797.550817708083,-5538.210921210366,1657.0460057226949,13.9443,-55.5616,8
3894,STARLINK-4633,satellite,2,149,53.2317,169.8953,134.2678,60.5751,194.843,6923.309,543.2422,6771.967115375801,-128.94720854287388,-1420.1425924762982,-2369.5676459676856,-6345.180467528517,-1420.1425924762982,-11.9131,-110.4778,4
3895,STARLINK-4635,satellite,2,149,53.2111,169.8274,70.2239,164.5805,234.8044,6916.0703,554.2479,4525.989691789326,2630.1242498374263,-4530.849242393269,978.6041047549634,-5142.418717483326,-4530.849242393269,-41.0528,-79.2254,12
3896,STARLINK-4634,satellite,2,149,53.2013,169.7767,77.8091,177.035,254.8441,6912.7976,558.1498,2491.8483272823764,3618.134862672277,-5351.120875863096,2585.819156962808,-3551.583767581538,-5351.120875863096,-50.7879,-53.9426,6
3897,STARLINK-4629,satellite,2,149,53.217,169.6251,103.2874,211.4782,314.7656,6918.0965,551.364,-4265.216497652479,3772.8181759078952,-3936.4551509074727,4974.716857129936,2770.9963824760057,-3936.4551509074727,-34.8214,29.1185,4
3898,STARLINK-4468,satellite,2,149,53.1972,169.7208,93.5223,181.3482,274.8705,6912.0558,559.0059,159.0528537076517,4171.205159591716,-5523.651841031703,3881.893052117142,-1534.651955852456,-5523.651841031703,-53.0916,-21.5707,4
3899,STARLINK-4567,satellite,2,130,53.1987,164.7771,82.4939,179.7624,262.2562,6912.2508,559.4008,1979.409652016466,3720.78170235288,-5493.654433632701,2852.7480466893453,-3102.2745895826292,-5493.654433632701,-52.6766,-47.3994,5
3900,STARLINK-5156,satellite,2,149,53.2272,169.59,51.6532,283.1501,334.8033,6922.0258,545.3465,-5840.66632520471,2866.4143214282776,-2360.1575146727555,4642.67311172924,4557.9930410319585,-2360.1575146727555,-20.0526,44.4727,4
3901,STARLINK-5159,satellite,2,156,53.2265,149.3122,91.5769,53.5848,145.1617,6920.2439,540.778,3673.57068425248,-4929.8667663763945,3163.939784505135,-5869.763792354095,-1828.8195450592038,3163.939784505135,27.376,-162.6947,9
3902,STARLINK-5137,satellite,2,130,53.2216,164.2837,90.706,51.9845,142.6906,6919.7486,540.8854,4613.956674179014,-3904.843827485982,3356.5620596240433,-5215.019553096923,-3056.136870147215,3356.5620596240433,29.1944,-149.6286,9
3903,STARLINK-5134,satellite,2,156,53.2046,149.8667,72.6142,172.1997,244.8139,6914.1954,556.2542,4431.839026639064,1766.3139094470887,-5016.84897906082,195.02640749464342,-4766.867596769086,-5016.84897906082,-46.6164,-87.6572,9
3904,STARLINK-5094,satellite,2,130,53.2184,164.8653,81.0961,141.2323,222.3283,6918.6636,550.4906,5668.922476830581,1358.0914061219564,-3733.4106138108173,-600.6948662553364,-5798.298025571967,-3733.4106138108173,-32.7987,-95.9147,4
3905,STARLINK-5148,satellite,2,130,53.2224,164.6213,86.5326,235.7736,322.3062,6919.6707,549.0838,-4609.233641202037,3895.8594069475075,-3390.037720459182,5204.976770703421,3054.663990413309,-3390.037720459182,-29.4752,30.4076,4
3906,STARLINK-5123,satellite,2,130,53.2011,164.7126,98.3688,183.9049,282.2737,6912.5705,558.4077,-351.25847572224296,4297.0579165009685,-5417.175634551059,4170.0058752979385,-1095.0526263659826,-5417.175634551059,-51.6569,-14.7138,4
3907,STARLINK-5133,satellite,2,130,53.205,164.4705,114.7887,307.6461,62.4348,6914.6205,543.7944,-4063.889040357206,-2679.332807863074,4906.089127462892,-1178.4152224020513,4722.854644305493,4906.089127462892,45.4026,104.01,4
3908,STARLINK-5149,satellite,2,156,53.2049,149.5239,118.4437,306.4408,64.8844,6914.2184,544.0089,-4428.912580501257,-1742.4356832167907,5010.878607654803,-173.47354489157044,4756.1807876795665,5010.878607654803,46.6518,92.0888,4
3909,STARLINK-5120,satellite,2,129,53.1992,159.7685,88.9535,180.8674,269.8208,6911.9913,559.1392,1454.551984270833,3884.04876872624,-5543.815942807228,3180.9823275140047,-2661.373281753919,-5543.815942807228,-53.3684,-39.9176,4
3910,STARLINK-5142,satellite,2,129,53.2262,159.904,114.4021,95.3786,209.7807,6921.2316,546.8844,6348.9049394485055,-131.34833469240826,-2753.7300047602835,-2231.3985402544113,-5945.309652972718,-2753.7300047602835,-23.5731,-110.5722,4
3911,STARLINK-5147,satellite,2,129,53.2351,159.9547,118.9055,50.8566,169.7622,6923.8833,539.8681,6142.81638936047,-3024.643848833116,984.9400328612613,-4892.228442342753,-4790.486872293067,984.9400328612613,8.2359,-135.602,4
3912,STARLINK-5119,satellite,2,156,53.2,149.3973,57.1749,47.9225,105.0973,6912.8002,544.9,-485.40444735197497,-4356.139920328052,5342.260207643175,-3948.010343021397,1903.887290356451,5342.260207643175,50.8063,154.2548,6
3913,STARLINK-5113,satellite,2,129,53.2125,159.8679,72.6137,157.2701,229.8838,6917.0337,552.6593,5279.2652562987605,1441.3851680638413,-4239.842950364657,-392.77859492203686,-5458.3841770663885,-4239.842950364657,-37.9385,-94.1158,5
3914,STARLINK-5118,satellite,2,156,53.211,149.6411,109.4432,195.2637,304.7069,6915.9988,554.2079,-1678.6975285263977,4933.230051682842,-4557.836265080816,5210.744857573175,-54.057047478079944,-4557.836265080816,-41.3502,-0.5944,4
3915,STARLINK-5108,satellite,2,129,53.2034,159.7118,104.139,185.6198,289.7588,6913.4128,557.4331,-842.06010726712,4472.233054320009,-5217.619209570009,4498.168229853074,-690.2291592968633,-5217.619209570009,-49.0802,-8.7238,4
3916,STARLINK-5121,satellite,2,170,53.2095,154.5025,112.1553,305.263,57.4183,6915.5247,543.2983,-4860.894090376771,-1545.9969219232266,4663.993553460863,155.22160244660316,5098.4609535221325,4663.993553460863,42.6152,88.2562,4
3917,STARLINK-5125,satellite,2,129,53.2355,159.5985,45.8526,303.9695,349.8221,6923.8411,542.0924,-6128.556626213825,3060.2071664383384,-979.5630088320299,4921.041773121668,4765.2305389583735,-979.5630088320299,-8.1879,44.0784,4
3918,STARLINK-5097,satellite,2,129,53.2142,159.6681,108.0199,201.7735,309.7934,6916.9938,552.6084,-3047.8665917472867,4526.18681681591,-4259.915429716073,5281.272847503661,1372.5942488688825,-4259.915429716073,-38.1501,14.5688,4
3919,STARLINK-5131,satellite,2,129,53.2352,159.5774,59.4413,310.3151,9.7563,6923.8874,539.9349,-6633.9324611917655,1721.418859801095,939.0951230188157,3825.9230668167233,5686.356960069642,939.0951230188157,7.85,56.0663,5
3920,STARLINK-5130,satellite,2,156,53.2347,149.9603,131.0958,53.6883,184.7841,6924.1452,541.4094,6142.0674298333515,-3152.788970698061,-462.3042225362048,-5012.858884351911,-4747.243032745336,-462.3042225362048,-3.8546,-136.5589,4
3921,STARLINK-5128,satellite,2,129,53.2144,159.5152,102.5634,307.2507,49.8141,6917.1126,542.2069,-5284.899413254579,-1401.3115908118841,4229.217084665485,432.45016596614863,5450.3965760959245,4229.217084665485,37.8943,85.4635,4
3922,STARLINK-5079,satellite,2,129,53.2269,159.6263,63.0273,266.7286,329.7559,6921.1491,546.7405,-4878.66624652024,4038.088955428312,-2792.4901968939203,5428.5788990173205,3261.6066430567466,-2792.4901968939203,-23.9257,30.9984,4
3923,STARLINK-5088,satellite,2,156,53.2291,149.938,123.1018,81.6211,204.7229,6922.1049,545.6802,6309.339624144015,-1649.6463066457975,-2318.7888144552267,-3650.4726363453433,-5403.993797287128,-2318.7888144552267,-19.6857,-124.0396,3
3924,STARLINK-5109,satellite,2,156,53.1985,149.4697,108.6573,336.3196,84.977,6912.0654,545.3972,-2615.8134794191233,-3244.4305512712995,5511.623663473804,-2192.1547502978988,3544.469962050705,5511.623663473804,53.0758,121.7356,4
3925,STARLINK-5114,satellite,2,129,53.2263,159.5501,79.507,310.3716,29.8787,6921.1906,539.9762,-6338.250793790715,162.58899883930934,2759.1941048560784,2257.331192759495,5924.889382404299,2759.1941048560784,23.6478,69.1436,5
3926,STARLINK-5129,satellite,2,129,53.1977,159.4126,88.5485,1.5031,90.0515,6911.9748,545.5204,-1449.7550901004122,-3877.2526258930516,5532.827770287347,-3176.1638516201547,2654.5924233162505,5532.827770287347,53.3676,140.1116,6
3927,STARLINK-5135,satellite,2,129,53.203,159.4642,118.0203,311.8975,69.9178,6913.4562,544.3553,-3585.728371028519,-2808.1306089312193,5197.134777994548,-1458.6337955030642,4314.560570699128,5197.134777994548,48.9463,108.679,4
3928,STARLINK-5096,satellite,2,129,53.2275,159.2832,100.0067,50.2112,150.2179,6921.2342,540.1492,4886.166482923997,-4046.216149935473,2751.2161706181596,-5438.734945129278,-3265.9838069834555,2751.2161706181596,23.5748,-149.015,9
3929,STARLINK-5132,satellite,2,129,53.2003,159.3573,55.7639,54.286,110.0499,6913.4738,544.4919,846.1733987838633,-4474.217872268565,5198.119982912035,-4501.405898407465,687.0079527337065,5198.119982912035,48.9574,171.3224,4
3930,STARLINK-5145,satellite,2,156,53.2108,149.3497,71.1514,54.036,125.1874,6915.9937,542.7601,1701.8771090023363,-4940.738463957693,4523.769480048725,-5225.521913715288,34.684184558457886,4523.769480048725,41.0579,179.6197,4
3931,STARLINK-5099,satellite,2,129,53.2142,159.3123,75.9483,54.2347,130.183,6917.0794,542.4528,3055.3953366602054,-4534.214856372754,4229.534112122036,-5291.344824239119,-1377.0312189758893,4229.534112122036,37.896,-165.4128,4
3932,STARLINK-5127,satellite,2,156,53.233,149.2917,115.4619,49.7211,165.183,6923.4661,539.7526,5208.62897578444,-4325.154793277396,1417.0201741134542,-5808.897604944359,-3477.56932475305,1417.0201741134542,11.8927,-149.0926,9
3933,STARLINK-5124,satellite,2,156,53.2174,149.905,75.6786,149.0987,224.7772,6918.1541,551.414,5715.682484124724,61.982894513553276,-3905.284729483264,-1838.8334590217132,-5412.167740242786,-3905.284729483264,-34.5067,-108.7657,4
3934,STARLINK-5126,satellite,2,156,53.2358,149.6093,54.5258,310.2979,4.8237,6924.1439,540.1073,-6122.573447788487,3187.10722247092,466.043869307987,5038.760265260805,4717.462565863112,466.043869307987,3.8866,43.1138,4
3935,STARLINK-5098,satellite,2,156,53.2235,149.6627,80.1146,244.6265,324.7411,6920.1776,548.3812,-3669.8308679701104,4919.53034648064,-3200.5746613882407,5858.772046980244,1828.7229235105833,-3200.5746613882407,-27.6864,17.3349,4
3936,STARLINK-5055,satellite,2,156,53.233,149.6318,45.7739,299.0162,344.7901,6923.398,543.1759,-5212.286501684298,4313.716476387926,-1454.428122286659,5799.32196533064,3484.8163734599525,-1454.428122286659,-12.2052,31.0017,4
3937,STARLINK-5195,satellite,2,153,53.224,290.0001,99.3334,115.4002,214.7336,6920.2548,548.4695,-4164.453952705276,4538.030823536833,-3159.0468746859888,5663.092741493656,2421.9374642659236,-3159.0468746859888,-27.2972,23.155,4
3938,STARLINK-5189,satellite,2,150,53.2046,249.5242,61.6216,53.3022,114.9238,6914.1811,544.0423,4535.43771464329,1415.196918453116,5018.690284653659,-170.57084147672643,-4748.039929217726,5018.690284653659,46.7459,-92.0574,105
3939,STARLINK-5176,satellite,2,153,53.2112,289.9601,71.4301,163.2695,234.6996,6916.092,554.0705,-4546.08367587182,2605.187861316382,-4524.900039058267,3966.5262657851054,3423.528875826131,-4524.900039058267,-40.9887,40.7976,4
3940,STARLINK-5163,satellite,2,153,53.1991,289.8546,93.5077,181.0905,274.5982,6912.1364,559.1537,-3699.910541943773,-1926.1560010903952,-5526.070410896541,-588.7663856295852,4129.499861009306,-5526.070410896541,-53.1233,98.1143,4
3941,STARLINK-5158,satellite,2,153,53.201,289.9092,79.1853,175.4151,254.6004,6912.9232,558.3377,-4385.585657798797,367.10434852791394,-5345.052771391684,1802.0694404739897,4015.0557774840904,-5345.052771391684,-50.7067,65.8281,4
3942,STARLINK-5226,satellite,2,153,53.2337,289.3301,133.1239,62.0859,195.2098,6923.3218,543.082,-3235.8959157025743,5941.698746682775,-1454.4191859785549,6678.938344313014,1080.0874809280963,-1454.4191859785549,-12.2053,9.1861,4
3943,STARLINK-5167,satellite,2,153,53.2297,289.7196,57.3887,277.3046,334.6933,6922.0062,545.7853,444.06416986747496,-6487.813634268285,-2370.005803540257,-6267.348237026392,1734.7232677864563,-2370.005803540257,-20.1385,164.5286,7
3944,STARLINK-5173,satellite,2,153,53.2174,289.755,101.5109,213.1803,314.6912,6918.0488,551.4456,-1127.8004707734751,-5578.068581950245,-3941.5740817963897,-4887.412165875907,2915.4734311369516,-3941.5740817963897,-34.8726,149.1828,16
3945,STARLINK-5169,satellite,2,178,53.2356,259.388,128.467,51.6884,180.1554,6924.2467,540.6095,1263.0984696345674,6802.456072871081,-15.032504259202911,5997.462902160815,-3449.5311427118054,-15.032504259202911,-0.1253,-29.906,7
3946,STARLINK-5209,satellite,2,146,53.2356,254.3464,131.9473,55.728,187.6754,6924.0131,541.792,1317.7082514738913,6752.592294436332,-740.3754738829604,5932.2989564871095,-3484.492333431839,-740.3754738829604,-6.18,-30.429,7
3947,STARLINK-5170,satellite,2,153,53.2357,289.6933,48.0334,306.6688,354.7023,6924.1569,541.3045,1961.7376800556995,-6615.639564388003,-511.80274132874956,-6891.712879548431,345.5360431452481,-511.80274132874956,-4.2681,177.1297,5
3948,STARLINK-5172,satellite,2,169,53.1994,244.9011,98.4119,183.7433,282.1552,6912.5491,558.4924,-4289.967093033538,399.64067388369045,-5419.5359053166785,1801.0206311950474,3914.058636957631,-5419.5359053166785,-51.6875,65.2909,4
3949,STARLINK-5187,satellite,2,153,53.2103,289.6064,108.9304,305.8943,54.8247,6916.063,542.8349,4523.383277222808,-2615.5385509497946,4524.459349084167,-3968.7547302836515,-3398.6797547010287,4524.459349084167,41.0649,-139.4246,26
3950,STARLINK-5151,satellite,2,153,53.2234,289.6497,86.1607,308.6104,34.7712,6920.2613,540.5243,4133.137677185894,-4554.970944516835,3158.376377746222,-5668.676992705003,-2386.77366257112,3158.376377746222,27.325,-157.1667,9
3951,STARLINK-5174,satellite,2,153,53.1994,289.4998,72.4469,22.5455,94.9924,6912.0737,545.2697,3686.241944260339,1943.2503724449189,5511.843539570516,609.4287201207135,-4122.280717845837,5511.843539570516,53.0802,-81.5904,59
3952,STARLINK-5222,satellite,2,153,53.2009,289.5532,122.7713,312.0105,74.7818,6912.8516,544.9221,4370.916179126209,-372.5356765371045,5339.300371505353,-1802.3233174451736,-3999.4151740765346,5339.300371505353,50.7673,-114.2586,69
3953,STARLINK-5181,satellite,2,153,53.2168,289.4023,82.4879,52.6152,135.1032,6918.1411,541.5482,1129.0028641912797,5589.380347870919,3907.864251615288,4897.683403264282,-2920.3625497371645,3907.864251615288,34.5891,-30.8065,4
3954,STARLINK-5168,satellite,2,153,53.2293,289.3698,103.256,51.8871,155.1431,6922.0569,539.8984,-439.49530245953673,6496.917153987801,2328.6153943217796,6274.41894999908,-1742.0549550910807,2328.6153943217796,19.7899,-15.517,4
3955,STARLINK-5146,satellite,2,172,53.2328,284.3771,113.6192,49.0247,162.6438,6923.1424,539.4612,-442.85779213000495,6701.368453217424,1652.7966536104648,6468.393649997953,-1806.7500542394087,1652.7966536104648,13.9082,-15.6061,4
3956,STARLINK-5192,satellite,2,153,53.2354,289.3431,124.8365,50.3058,175.1423,6924.1626,540.1236,-1952.3900202660445,6620.338421095877,469.3121032198416,6893.042377789892,-355.913443220903,469.3121032198416,3.9139,-2.9558,5
3957,STARLINK-5212,satellite,2,172,53.2362,284.35,129.7452,52.9479,182.6931,6924.2064,540.9699,-1901.470471621992,6647.570903207944,-260.44189068935674,6901.828152859116,-412.9854913051546,-260.44189068935674,-2.1706,-3.4243,4
3958,STARLINK-5201,satellite,2,153,53.2143,289.956,73.1036,156.4237,229.5273,6917.1416,552.7146,-4497.8958503971035,3147.409837396119,-4217.721249861789,4462.007465212833,3198.0846058136576,-4217.721249861789,-37.706,35.6306,4
3959,STARLINK-5171,satellite,2,124,53.2008,265.3528,57.6099,49.1097,106.7196,6913.0067,544.7367,4112.383338809928,1660.2745032990788,5299.403161562717,201.0418857483271,-4430.326208283229,5299.403161562717,50.2496,-87.4018,81
3960,STARLINK-5175,satellite,2,119,53.214,279.9801,73.7057,156.0406,229.7462,6917.0962,552.7408,-3891.2767548339966,3857.3621089268127,-4231.406078337223,4930.338937781191,2390.195636489688,-4231.406078337223,-37.8493,25.8638,4
3961,STARLINK-5160,satellite,2,172,53.1997,284.9012,84.3345,177.7575,262.092,6912.2708,558.9432,-4214.80333511625,-135.84788108194323,-5491.202116774516,1270.9449072189814,4020.910449551899,-5491.202116774516,-52.6482,72.4591,4
3962,STARLINK-5210,satellite,2,119,53.2026,279.9307,76.5459,173.1713,249.7172,6913.4472,557.2586,-4245.447790392731,1693.2063436137248,-5200.135833055094,3006.4607022815458,3442.668835168587,-5200.135833055094,-48.8617,48.8695,4
3963,STARLINK-5178,satellite,2,119,53.214,279.7758,105.9943,203.6263,309.6206,6916.9755,552.8963,-2397.3429768765836,-4892.818554449586,-4270.741503719801,-3819.5966647772907,3885.5640612358743,-4270.741503719801,-38.2624,134.5095,16
3964,STARLINK-5183,satellite,2,119,53.1981,279.8757,89.9764,179.7488,269.7253,6911.9779,559.2175,-4091.7821685845024,-678.6425902677477,-5543.762862631131,718.0911936974649,4085.0437106603354,-5543.762862631131,-53.3668,80.0301,4
3965,STARLINK-5166,satellite,2,119,53.223,279.7444,83.8388,240.6492,324.488,6920.1047,548.735,-1418.9358478468057,-5960.805951008646,-3220.657154168266,-5151.806197736024,3317.1492922166635,-3220.657154168266,-27.8734,147.2233,16
3966,STARLINK-5211,satellite,2,124,53.2156,264.8095,105.1059,207.0471,312.153,6917.5143,552.0976,-3480.861825347916,-4348.8267621655605,-4110.31857948117,-2946.779730947407,4727.069120688775,-4110.31857948117,-36.5927,121.9388,10
3967,STARLINK-5184,satellite,2,119,53.2357,279.3623,120.0685,50.0982,170.1667,6923.8794,539.7958,-411.11119179460366,6840.139869618431,946.4176046480356,6588.758292135816,-1882.7612742389692,946.4176046480356,7.9118,-15.9475,4
3968,STARLINK-5153,satellite,2,119,53.2022,279.8212,104.2924,185.3894,289.6818,6913.3951,557.3683,-3449.7807064608946,-2963.622080610207,-5219.998810796626,-1650.4359889148384,4237.93626731749,-5219.998810796626,-49.1109,111.2781,5
3969,STARLINK-5143,satellite,2,119,53.2133,279.6298,103.6764,306.0996,49.776,6917.1118,542.2499,3862.712214858469,-3872.253610237499,4226.812257467894,-4934.904159314917,-2358.30757434023,4226.812257467894,37.8687,-154.4577,5
3970,STARLINK-5177,satellite,2,119,53.2268,279.6594,80.3883,309.356,29.7442,6921.2424,540.1866,3032.060099313796,-5574.158776942372,2748.030317607817,-6264.5759481355935,-1009.8132037438942,2748.030317607817,23.5457,-170.843,9
3971,STARLINK-5221,satellite,2,119,53.2338,279.3336,132.4884,57.6935,190.1818,6923.84,542.2698,-1827.1220931025946,6602.076666492497,-979.9375552510768,6834.23382623237,-468.01651865029424,-979.9375552510768,-8.1909,-3.9176,5
3972,STARLINK-5213,satellite,2,119,53.2023,279.4644,58.3083,51.7092,110.0175,6913.4287,544.4769,3447.3429753360756,2972.844147996595,5199.310044088561,1659.9443447844358,-4238.69799467888,5199.310044088561,48.9726,-68.6139,47
3973,STARLINK-5193,satellite,2,119,53.2261,279.3804,99.2663,50.8496,150.1158,6921.2114,540.2954,1057.8206766039752,6251.565443834294,2759.7742775268766,5545.950071179654,-3073.026666069846,2759.7742775268766,23.6519,-28.991,4
3974,STARLINK-5188,satellite,2,119,53.1983,279.5188,89.7369,0.1905,89.9274,6911.9989,545.3794,4083.737621755175,675.8764456673418,5532.755855124283,-718.0301321969883,-4076.5370919940997,5532.755855124283,53.3682,-99.9895,69
3975,STARLINK-5197,satellite,2,146,53.2151,254.6822,100.6342,306.5881,47.2223,6917.6562,541.9561,1690.126983858798,-5330.640304266865,4063.607991223782,-5589.415184118953,175.19467623895005,4063.607991223782,36.1733,178.2047,4
3976,STARLINK-5217,satellite,2,119,53.2326,280.054,113.9326,50.5332,164.4659,6923.3293,539.699,-71.64177772789897,6755.414519175353,1483.9210590433372,6396.151281609976,-2174.8578466098083,1483.9210590433372,12.4629,-18.7794,4
3977,STARLINK-5198,satellite,2,119,53.2266,279.3059,111.7515,98.4148,210.1662,6921.1304,547.0956,-3022.5660961398835,5568.873325470618,-2786.114361316693,6256.438688722648,1002.6120161492697,-2786.114361316693,-23.8664,9.1044,4
3978,STARLINK-5185,satellite,2,119,53.2145,279.418,77.4194,52.6461,130.0655,6917.08,542.038,2396.974007049915,4907.4586578971675,4236.596432736123,3833.5291256116047,-3890.075746374397,4236.596432736123,37.973,-45.4195,6
3979,STARLINK-5204,satellite,2,124,53.2118,264.4694,73.2253,54.1252,127.3505,6916.5202,542.527,3679.323428398644,3856.766512691795,4400.376030063863,2416.741537278646,-4750.939819254295,4400.376030063863,39.7153,-63.0381,39
3980,STARLINK-5179,satellite,2,119,53.2278,279.7273,67.0262,262.6113,329.6375,6921.1302,547.0617,-1055.2497621450123,-6240.344433547945,-2802.534450122454,-5536.218719425788,3066.8767501318716,-2802.534450122454,-24.0158,151.015,16
3981,STARLINK-5200,satellite,2,178,53.2077,259.4946,65.5979,54.4042,120.0021,6915.069,543.413,4154.630752834144,2744.33316036174,4793.008287998289,1209.6085248441796,-4830.027785021588,4793.008287998289,44.0857,-75.9403,78
3982,STARLINK-5203,satellite,2,169,53.2041,244.3071,72.4336,170.225,242.6587,6914.6028,555.9185,-1940.7494537102489,4462.363948175331,-4924.597063165226,4853.564998156311,349.4384877535485,-4924.597063165226,-45.5191,4.118,4
3983,STARLINK-5290,satellite,2,123,53.2107,319.6612,70.5161,54.2023,124.7184,6915.9642,542.864,-798.2110879525949,5141.465970004121,4549.718330797008,5114.89886617417,-953.7415008539139,4549.718330797008,41.3433,-10.5623,15
3984,STARLINK-5297,satellite,2,123,53.2262,319.8847,80.4115,309.1785,29.59,6921.2291,540.0822,5915.538805125278,-2311.1339600501815,2735.0250926943777,-4143.731843959308,-4812.943583878563,2735.0250926943777,23.4281,-130.727,17
3985,STARLINK-5294,satellite,2,123,53.2144,319.8577,101.6583,307.9714,49.6297,6917.115,541.9796,5455.571419513587,-475.69866414399496,4217.585194477876,-2259.684476020905,-4988.323846876023,4217.585194477876,37.7735,-114.3703,86
3986,STARLINK-5233,satellite,2,171,53.2298,274.6799,107.5244,49.8514,157.3758,6922.4665,539.7832,1066.406532618475,6492.340551978433,2131.127795430529,5770.222739350227,-3161.050185296106,2131.127795430529,18.052,-28.7149,4
3987,STARLINK-5269,satellite,2,123,53.2178,319.8595,97.2147,307.2472,44.4619,6918.2326,541.5069,5640.820401474589,-964.2664301139231,3878.069957931254,-2782.0423307862015,-5000.890422679772,3878.069957931254,34.2892,-119.0876,68
3988,STARLINK-5273,satellite,2,123,53.199,319.7445,90.3555,359.4707,89.8262,6911.9747,545.4078,2690.747991812075,3145.3792145797706,5532.808110065899,2073.8455450485867,-3582.275787014911,5532.808110065899,53.3686,-59.9327,23
3989,STARLINK-5161,satellite,2,162,53.2302,309.9168,74.2624,310.3148,24.5772,6922.1393,539.7428,5356.008258981171,-3718.6935958868994,2304.0366468398083,-5285.745941575223,-3817.9047095868973,2304.0366468398083,19.573,-144.1593,8
3990,STARLINK-5278,satellite,2,162,53.2366,309.9435,55.5595,308.959,4.5185,6924.1725,540.296,4678.08890681563,-5078.224506247904,436.6366476922154,-6343.155860426382,-2727.132869199204,436.6366476922154,3.6409,-156.7355,3
3991,STARLINK-5279,satellite,2,123,53.2024,319.6905,59.4495,50.4307,109.8802,6913.3929,544.4042,726.2212884452099,4488.522071861704,5203.775207329912,3992.9478316844716,-2174.9931868461053,5203.775207329912,49.0297,-28.5775,9
3992,STARLINK-5280,satellite,2,162,53.2183,309.8842,97.2181,307.4206,44.6387,6918.1942,541.4962,5385.832570022389,-1909.5079966078813,3890.2367449655803,-3589.044590206878,-4446.591075299162,3890.2367449655803,34.4117,-128.9086,52
3993,STARLINK-5243,satellite,2,123,53.2282,319.532,112.2479,97.7951,210.043,6921.1732,547.0789,-5904.778356892849,2310.631931357559,-2775.8574079107057,4139.686386184772,4802.959919703249,-2775.8574079107057,-23.7732,49.2418,4
3994,STARLINK-5245,satellite,2,162,53.2063,309.8399,117.7734,306.9336,64.707,6914.2203,543.9571,4765.124895203499,130.37019087209202,5003.65583322052,-1458.789415565382,-4538.209459091834,5003.65583322052,46.5651,-107.8198,98
3995,STARLINK-5282,satellite,2,162,53.2341,309.2684,47.0055,297.99,344.9954,6923.4212,543.171,3400.7089386421358,-5853.7917527263035,-1435.276450420156,-6650.724974704772,-1264.735735434572,-1435.276450420156,-12.0421,-169.2329,5
3996,STARLINK-5155,satellite,2,162,53.1997,309.7865,109.6371,335.1214,84.7584,6912.0896,545.3263,3571.352698330888,2152.638038933139,5509.767540585505,845.0808223974881,-4083.411444632198,5509.767540585505,53.051,-78.3074,57
3997,STARLINK-5117,satellite,2,162,53.2115,309.6798,71.3647,53.5456,124.9103,6916.006,542.7604,86.76719701846457,5211.487373403857,4539.138898301191,4887.184325455682,-1811.7832537714246,4539.138898301191,41.2272,-20.3408,12
3998,STARLINK-5242,satellite,2,162,53.2249,309.2895,79.2001,245.7189,324.919,6920.2208,548.4124,1743.666363605128,-5892.311624457049,-3186.5956762157434,-6137.010921662443,311.13600671649994,-3186.5956762157434,-27.5552,177.0977,7
3999,STARLINK-5248,satellite,2,146,53.2005,254.4575,103.7726,183.6842,287.4568,6913.0986,558.0466,-4368.246198263214,-940.9386462488297,-5288.708970757424,562.439124862106,4432.900023175568,-5288.708970757424,-49.9798,82.769,4
4000,STARLINK-5256,satellite,2,162,53.2012,309.7306,58.072,46.7682,104.8402,6912.7899,544.8686,1945.876277097955,3918.585340844959,5348.710843104343,3050.4671457077834,-3136.3028795406562,5348.710843104343,50.8912,-45.7949,11
4001,STARLINK-5154,satellite,2,162,53.2362,309.589,131.583,53.4662,185.0492,6924.1299,541.172,-4673.214329344367,5079.215227731446,-487.8515712283854,6342.472306376272,2722.205822574513,-487.8515712283854,-4.0681,23.2291,4
4002,STARLINK-5186,satellite,2,162,53.2239,309.6387,93.3817,51.6102,144.9919,6920.2149,540.5079,-1784.0199641287684,5876.047809667217,3177.1523412216393,6135.064538836897,-267.67181063931565,3177.1523412216393,27.501,-2.4982,9
4003,STARLINK-5164,satellite,2,162,53.1984,309.4128,85.4021,179.6274,265.0295,6912.106,558.9152,-3573.090365099572,-2159.8712742777366,-5522.839594408348,-851.3271072205619,4087.4516309222545,-5522.839594408348,-53.0814,101.7653,4
4004,STARLINK-5122,satellite,2,162,53.2353,309.6117,114.7774,50.2091,164.9865,6923.4646,539.7326,-3433.374156805121,5830.577576662712,1435.4198262007421,6639.670195956249,1303.2546439700957,1435.4198262007421,12.0494,11.105,5
4005,STARLINK-5227,satellite,2,162,53.2166,309.5327,76.4615,148.5674,225.0289,6918.0866,551.4872,-5376.085432839222,1906.8298981933312,-3922.4994407299973,3583.282815120982,4438.285604677636,-3922.4994407299973,-34.6798,51.0841,4
4006,STARLINK-5231,satellite,2,119,53.2346,279.3566,47.967,301.9468,349.9137,6923.8747,542.3131,391.92951967825985,-6840.366559968926,-970.8527406430385,-6582.604836401224,1900.9305592060875,-970.8527406430385,-8.1144,163.8923,4
4007,STARLINK-5239,satellite,2,162,53.2122,309.3312,108.6546,196.3368,304.9914,6916.019,554.006,-110.9314832547884,-5223.4004195728185,-4542.083462308187,-4890.400625366397,1838.5318764129574,-4542.083462308187,-41.178,159.3964,17
4008,STARLINK-5162,satellite,2,162,53.1994,310.0852,97.0532,182.2935,279.3467,6912.3643,558.9161,-2407.008890457383,-3495.5370020185114,-5470.3647353742135,-2498.3349907305847,3430.8589311297333,-5470.3647353742135,-52.3656,126.0619,4
4009,STARLINK-5235,satellite,2,162,53.2051,309.4877,73.5512,171.4739,245.0251,6914.186,556.4105,-4759.8806644574925,-134.39184877986182,-5025.627978784668,1453.2549881223272,4534.597561900322,-5025.627978784668,-46.7209,72.2303,4
4010,STARLINK-5240,satellite,2,162,53.2285,309.5733,123.3855,81.6238,205.0093,6922.0128,545.6276,-5346.07391128121,3718.8896906416526,-2343.8811798280612,5282.633243685257,3808.4685647585065,-2343.8811798280612,-19.9077,35.7894,4
4011,STARLINK-5238,satellite,2,180,53.2208,299.9148,91.4022,308.196,39.5983,6919.2646,540.9333,4943.5526111741865,-3301.522403739279,3529.5064518216045,-4755.315845173002,-3567.314650333789,3529.5064518216045,30.8548,-143.1237,8
4012,STARLINK-5281,satellite,2,180,53.2084,299.8727,113.7643,305.8964,59.6606,6915.1032,543.3487,4836.465688574463,-1247.8981895535612,4776.68070134242,-2782.588771013465,-4147.99348838434,4776.68070134242,43.898,-123.8548,67
4013,STARLINK-4619,satellite,2,180,53.236,299.9697,51.4558,308.0863,359.5422,6924.217,540.6633,3427.459448484672,-6010.02043937302,-44.28988078979545,-6806.974948956141,-1238.1098485077457,-44.28988078979545,-0.3691,-169.6913,4
4014,STARLINK-5268,satellite,2,180,53.1993,299.4639,82.3047,177.7001,260.0048,6912.3763,558.6862,-4147.282059364426,-962.7754894650076,-5459.670642550972,468.4921593113555,4231.713626854304,-5459.670642550972,-52.2236,83.6825,4
4015,STARLINK-5263,satellite,2,180,53.2008,299.7652,63.6327,36.1557,99.7884,6912.2642,544.9531,2957.456128275973,3044.635430754097,5452.368692004818,1890.2812402492534,-3800.4195149538477,5452.368692004818,52.2716,-63.5548,32
4016,STARLINK-5271,satellite,2,180,53.22,299.671,88.3625,51.5555,139.918,6919.1587,540.8952,-302.65576919140955,5915.334993462075,3565.2890040929788,5680.390144386797,-1678.081168196325,3565.2890040929788,31.202,-16.458,8
4017,STARLINK-5258,satellite,2,180,53.1997,299.8192,118.4544,321.2714,79.7258,6912.4066,545.2234,4146.546476840802,956.038419801077,5444.364965727822,-474.6030505002798,-4228.783405329769,5444.364965727822,52.1606,-96.4036,65
4018,STARLINK-5237,satellite,2,180,53.2371,299.6149,128.0864,51.9042,179.9906,6924.2625,540.6629,-3418.462507832019,6015.305862832265,0.9094780409701845,6808.974174582339,1227.868572261767,0.9094780409701845,0.0076,10.2223,5
4019,STARLINK-5246,satellite,2,180,53.2326,299.5909,131.1084,68.8931,200.0015,6922.8106,544.2787,-4443.527078383838,4955.4568011636,-1896.3217258858087,6149.487291542643,2546.623461700711,-1896.3217258858087,-15.9963,22.4954,4
4020,STARLINK-5244,satellite,2,180,53.232,299.6385,110.4625,49.5143,159.9768,6922.8142,539.6549,-1981.4638986860045,6348.909556845056,1897.0091214940667,6646.65500909489,-238.38819783752848,1897.0091214940667,16.0133,-2.0541,5
4021,STARLINK-5250,satellite,2,180,53.2079,299.5148,71.6686,168.2784,239.9471,6915.0511,555.3834,-4831.312405036051,1249.1067763565065,-4798.869999665837,2782.0182133635994,4142.731219172707,-4798.869999665837,-44.0573,56.117,4
4022,STARLINK-5199,satellite,2,180,53.208,299.7062,65.8041,54.0606,119.8646,6915.0246,543.4844,1412.3788245851347,4768.026301889633,4799.6827192673745,4028.8359411324386,-2915.0248230653747,4799.6827192673745,44.1622,-35.8873,5
4023,STARLINK-5205,satellite,2,180,53.1993,299.4078,97.6948,182.2999,279.9947,6912.3749,558.714,-2968.1605697044033,-3052.368638787328,-5459.701638009822,-1894.0226573315106,3813.0840074820353,-5459.701638009822,-52.2237,116.4144,4
4024,STARLINK-5247,satellite,2,180,53.2208,299.5577,85.7537,134.2679,220.0215,6919.166,550.0134,-4933.5853307335665,3296.5138681028216,-3565.5519358378174,4747.282697139632,3559.575099876716,-3565.5519358378174,-31.1588,36.863,4
4025,STARLINK-5241,satellite,2,180,53.2319,299.284,49.5808,290.4303,340.0112,6922.7968,544.3335,1946.189263949058,-6365.453681854016,-1895.1659527356542,-6650.551753848913,277.15446292018925,-1895.1659527356542,-15.9861,177.6136,5
4026,STARLINK-5249,satellite,2,180,53.2076,299.3551,108.2953,191.709,300.0043,6915.0494,555.4388,-1432.5393919389842,-4777.825561658039,-4801.233478162136,-4031.3873314176244,2937.295080712076,-4801.233478162136,-44.0841,143.9227,13
4027,STARLINK-5264,satellite,2,124,53.2111,264.5894,70.3705,161.9842,232.3546,6916.5682,553.3636,-2869.422267182147,4519.003408882356,-4389.905656393152,5215.262751460304,1206.6525556769802,-4389.905656393152,-39.5281,13.0273,4
4028,STARLINK-5262,satellite,2,180,53.2213,299.3148,94.3342,225.6625,319.9967,6919.1735,549.9869,273.0876417140118,-5928.062540899972,-3564.213492139798,-5682.58097469485,1710.197595283797,-3564.213492139798,-31.1459,163.2506,17
4029,STARLINK-5255,satellite,2,171,53.2062,274.7584,63.6842,53.6246,117.3088,6914.5605,543.7515,3402.2399824111494,3464.8601352314795,4917.514132621693,2139.0339049048566,-4359.4754969262995,4917.514132621693,45.538,-63.8645,39
4030,STARLINK-5259,satellite,2,153,53.2062,289.3729,106.5944,188.3686,294.963,6914.1799,556.7791,-2577.2898874535545,-4003.608444069446,-5026.452645815881,-2921.0736319186417,3760.1373079056784,-5026.452645815881,-46.7276,127.842,9
4031,STARLINK-5464,satellite,2,139,53.2037,344.9369,121.2513,310.9224,72.1737,6913.1147,544.5688,3066.785281817828,3255.173445440947,5267.855051480962,2052.589911171223,-3973.4368978551115,5267.855051480962,49.8444,-62.6801,35
4032,STARLINK-5215,satellite,2,139,53.2141,344.9797,105.7014,306.4339,52.1353,6916.5614,542.415,4944.461840933344,2056.492904861816,4370.194870887816,298.58827770998687,-5346.747703474247,4370.194870887816,39.3912,-86.8036,110
4033,STARLINK-5220,satellite,2,168,53.2063,349.9391,118.215,306.449,64.664,6914.2025,543.9436,3565.3934404995152,3166.871800229963,5001.879618066355,1803.7838109020238,-4414.461614758532,5001.879618066355,46.5438,-67.7747,49
4034,STARLINK-5202,satellite,2,168,53.2184,349.982,97.1094,307.4805,44.59,6918.1915,541.4755,5353.396651418482,2005.121913790662,3886.883242561133,114.38556521336524,-5715.442724676101,3886.883242561133,34.3781,-88.8535,108
4035,STARLINK-5214,satellite,2,168,53.2113,349.7818,70.1078,54.6966,124.8044,6915.9054,542.8436,-3279.55235742273,4044.6410278882927,4545.013657763939,4903.938914816779,1750.9905280440212,4545.013657763939,41.2914,19.6495,13
4036,STARLINK-5191,satellite,2,168,53.2001,349.884,106.9727,337.7187,84.6914,6912.1035,545.2386,1353.2276799302447,3944.995385651234,5509.134377237635,3272.1074247778306,-2586.0252797010153,5509.134377237635,53.0433,-38.3202,5
4037,STARLINK-5458,satellite,2,168,53.2327,349.6746,130.7828,69.0147,199.7976,6922.8161,544.2403,-6657.775725836893,-213.1951781855639,-1877.7629440001103,2008.9199125367795,6351.036969232486,-1877.7629440001103,-15.8358,72.4471,4
4038,STARLINK-5471,satellite,2,168,53.2351,349.7131,115.2406,49.694,164.9347,6923.4273,539.573,-6379.531681545038,2251.479880053851,1440.2235503892996,4241.481154142005,5270.429180359259,1440.2235503892996,12.0906,51.1739,5
4039,STARLINK-5472,satellite,2,168,53.2377,349.6892,129.8908,55.0845,184.9754,6924.1594,541.3459,-6846.274813489622,880.4566867066536,-480.75544998175883,3103.131341370074,6165.8137076298035,-480.75544998175883,-4.0088,63.2848,4
4040,STARLINK-5444,satellite,2,115,53.2335,335.1047,49.0171,292.7472,341.7642,6923.0284,544.0577,5416.765164677609,-3942.9421972405,-1734.923690534974,-5517.44728577408,-3800.778008348926,-1734.923690534974,-14.6041,-145.4384,4
4041,STARLINK-5448,satellite,2,115,53.1989,334.9161,101.158,345.9705,87.1285,6912.036,545.4052,2066.128021776289,3597.4206196350915,5525.904206372361,2707.5958906410647,-3143.1265660053446,5525.904206372361,53.2729,-49.2573,11
4042,STARLINK-5451,satellite,2,139,53.1999,344.5294,91.4949,180.9471,272.442,6912.0285,559.1377,-820.9675792148391,-4072.179353919835,-5538.87505627656,-3568.761798871872,2126.1636060109863,-5538.87505627656,-53.3001,149.2148,6
4043,STARLINK-5452,satellite,2,115,53.2034,334.8604,58.2571,49.0128,107.27,6913.0618,544.6782,-178.0380086251653,4449.619415731969,5284.057951504584,4256.416897094046,-1309.093455604455,5284.057951504584,50.0518,-17.0957,15
4044,STARLINK-5453,satellite,2,168,53.2181,349.6299,78.8317,146.1604,224.9921,6918.0897,551.3082,-5343.223014914099,-2001.4559065290753,-3919.959143859781,-114.304532171768,5704.629033233698,-3919.959143859781,-34.6552,91.1479,3
4045,STARLINK-5454,satellite,2,115,53.235,334.4034,47.3242,300.0955,347.4196,6923.6539,542.6948,5701.419939925524,-3731.5784876434927,-1207.4743943963433,-5412.558495932854,-4139.453812875455,-1207.4743943963433,-10.1098,-142.5917,4
4046,STARLINK-5465,satellite,2,168,53.2064,349.5823,73.2696,171.7062,244.9758,6914.1549,556.6238,-3559.7941827668096,-3165.9481420471425,-5023.860354751787,-1804.7711808446277,4408.873240022314,-5023.860354751787,-46.6977,112.2617,6
4047,STARLINK-5470,satellite,2,168,53.2375,349.3372,55.1672,309.8156,4.9828,6924.1325,540.0061,6839.434833086189,-921.7757486476274,481.37868714645657,-3139.8370273715414,-6145.645841437192,481.37868714645657,4.0147,-117.0627,4
4048,STARLINK-5468,satellite,2,168,53.1998,349.5295,86.4808,178.5076,264.9884,6912.1443,558.9036,-1345.5378457913184,-3952.7447584900256,-5522.587141381295,-3281.970008746456,2581.343851933698,-5522.587141381295,-53.0781,141.8141,4
4049,STARLINK-5450,satellite,2,115,53.2279,334.7744,96.3127,51.0901,147.4028,6920.7075,540.3258,-4319.411359167087,4499.920800947875,2983.829268260977,5678.581223806578,2580.758994779718,2983.829268260977,25.7033,24.4405,6
4050,STARLINK-5447,satellite,2,115,53.2134,334.8114,73.0735,54.2932,127.3667,6916.4873,542.5385,-2396.009118779703,4762.236738980613,4399.525628698108,5287.556380650134,679.3423119593317,4399.525628698108,39.706,7.3212,19
4051,STARLINK-5449,satellite,2,115,53.2151,334.6554,74.1613,153.3148,227.4762,6917.5601,552.0396,-5536.467402731071,-758.1765113727557,-4086.1391035566326,1122.625456061415,5474.213643008829,-4086.1391035566326,-36.3438,78.4107,4
4052,STARLINK-5443,satellite,2,115,53.2358,334.7385,118.4256,48.96,167.3857,6923.6962,539.5981,-5718.758598961568,3698.2833267406772,1210.1506735607547,5386.906742439745,4166.861555931777,1210.1506735607547,10.1371,37.7225,4
4053,STARLINK-5439,satellite,2,115,53.2367,334.7203,132.0617,55.3972,187.4589,6924.0252,541.6649,-6433.549577990307,2443.7752475539055,-719.615323853684,4440.804080169303,5257.552353954079,-719.615323853684,-6.0062,49.8138,4
4054,STARLINK-5442,satellite,2,168,53.2011,349.4776,99.7777,185.1783,284.956,6912.7533,558.1554,1025.0348358170927,-4265.653965232266,-5356.113320443431,-4364.040410051136,449.0561937898719,-5356.113320443431,-50.8531,174.125,9
4055,STARLINK-5440,satellite,2,136,53.2027,294.5867,102.3069,185.0442,287.3512,6913.1045,557.9845,-2740.4192670085463,-3524.5802864492766,-5291.8568236899055,-2415.057000600872,3755.0051449321936,-5291.8568236899055,-50.0209,122.7474,4
4056,STARLINK-5441,satellite,2,168,53.213,349.4281,107.7051,197.258,304.9631,6915.9956,554.1105,3276.531006481073,-4067.755677848305,-4543.765553623414,-4924.739994000932,-1740.467662034174,-4543.765553623414,-41.1958,-160.5359,4
4057,STARLINK-5399,satellite,2,115,53.2035,334.6176,74.3457,173.0531,247.3989,6913.8231,557.0461,-4045.0465312443616,-2318.3642031569707,-5118.325091683458,-844.1689129649156,4585.25821135466,-5118.325091683458,-47.8455,100.4316,4
4058,STARLINK-5446,satellite,2,123,53.2046,319.5141,78.1696,171.8188,249.9884,6913.435,557.9362,-4332.138044282401,-1425.3641873121128,-5209.78861945941,93.49542548774329,4559.6427169904155,-5209.78861945941,-48.9767,88.8253,4
4059,STARLINK-5445,satellite,2,115,53.202,334.5089,102.2761,185.1386,287.4146,6913.1016,557.9091,167.3811776571199,-4463.638463814912,-5289.925115214082,-4266.103539612728,1323.799600991627,-5289.925115214082,-49.9968,162.7605,10
4060,STARLINK-5425,satellite,2,115,53.2289,334.6941,117.3719,90.0043,207.3761,6921.6816,546.4543,-6371.0874915836785,904.8737559147706,-2549.525931952432,2968.4270650480084,5709.465220057636,-2549.525931952432,-21.7349,62.5295,4
4061,STARLINK-5431,satellite,2,168,53.2358,349.3583,47.7496,297.1913,344.9408,6923.4107,543.2363,6369.112009942778,-2291.7495019192884,-1440.4257307485364,-4276.0086386605835,-5247.232956220327,-1440.4257307485364,-12.0858,-129.1768,4
4062,STARLINK-5433,satellite,2,151,53.2321,324.7601,127.4504,74.9556,202.406,6922.4257,544.9016,-6137.099951418112,2402.256759183323,-2113.2713208375503,4303.234298302818,4991.69389332403,-2113.2713208375503,-17.882,49.2361,4
4063,STARLINK-5436,satellite,2,115,53.1983,334.5631,87.4467,180.0041,267.4507,6911.9581,559.2169,-2057.801979701897,-3609.539496692382,-5538.373492734683,-2721.7914069741255,3139.2954468748476,-5538.373492734683,-53.2923,130.9255,4
4064,STARLINK-5415,satellite,2,115,53.2133,334.4577,107.8556,199.4604,307.3159,6916.5416,553.5929,2364.980815560052,-4784.484847387763,-4409.52725922761,-5298.24323804008,-642.6881852133043,-4409.52725922761,-39.7377,-173.0837,9
4065,STARLINK-5435,satellite,2,168,53.2083,349.5941,72.3147,167.3734,239.6881,6915.1512,555.5711,-4083.406418112021,-2889.6280099013743,-4786.4586305061175,-1370.3075691525466,4811.072144232329,-4786.4586305061175,-43.913,105.8982,6
4066,STARLINK-5420,satellite,2,151,53.2237,324.4727,87.8977,234.5034,322.4011,6919.6655,549.2122,2994.1679129589597,-5244.81854448465,-3382.9021077057732,-5941.331730143534,-1083.3929702341345,-3382.9021077057732,-29.4066,-169.6657,7
4067,STARLINK-5421,satellite,2,151,53.2203,324.7181,82.026,140.3786,222.4046,6918.6742,550.5299,-5787.045011823,670.7596229491699,-3738.9741808667764,2553.7166755438275,5236.252436780886,-3738.9741808667764,-32.8534,64.0015,4
4068,STARLINK-5428,satellite,2,174,53.201,339.4968,97.7606,182.1969,279.9575,6912.363,558.9094,-309.3851125222238,-4245.479271995042,-5460.596618018226,-3902.053391286108,1701.115142588099,-5460.596618018226,-52.2337,156.445,8
4069,STARLINK-5429,satellite,2,168,53.2321,349.3067,74.9521,310.0543,25.0064,6922.0592,539.7906,6483.06194706673,556.5399798456987,2341.7591157920956,-1627.0477373178906,-6300.201950664759,2341.7591157920956,19.9065,-104.4804,33
4070,STARLINK-5426,satellite,2,136,53.1986,294.1887,99.951,347.7137,87.6647,6912.0058,545.4355,3888.1068543272863,1437.8121040606889,5528.247423380795,65.64134948134215,-4144.920960704621,5528.247423380795,53.305,-89.0927,60
4071,STARLINK-5430,satellite,2,168,53.2254,349.3713,80.0187,244.9521,324.9708,6920.1282,548.2996,5132.099927696314,-3383.22128362114,-3182.46221109431,-4894.969902806773,-3718.0513138502324,-3182.46221109431,-27.517,-142.7809,4
4072,STARLINK-5422,satellite,2,115,53.2056,334.2657,121.258,306.351,67.609,6913.7364,544.2991,4033.0644225886695,2304.46686129405,5116.780545503575,835.0369972235208,-4569.342333949258,5116.780545503575,47.9432,-79.6436,79
4073,STARLINK-5417,satellite,2,115,53.2262,334.4215,75.9018,251.5137,327.4155,6920.6793,547.8953,4297.355891595949,-4531.13387694462,-2985.9961132052426,-5700.703221535116,-2549.5930361155183,-2985.9961132052426,-25.693,-155.9038,4
4074,STARLINK-5412,satellite,2,115,53.2308,334.3407,79.3329,308.0778,27.4107,6921.6842,540.19,6358.809223345318,-940.5490303496528,2550.2493889153434,-2998.0037551482474,-5686.040863510407,2550.2493889153434,21.7621,-117.8007,29
4075,STARLINK-5410,satellite,2,115,53.2373,334.3688,57.2443,310.1991,7.4434,6924.0471,539.8784,6416.51345050791,-2483.676748048174,717.9423889761945,-4472.7880059341305,-5228.237035876996,717.9423889761945,5.9937,-130.5472,4
4076,STARLINK-5413,satellite,2,123,53.2273,319.8829,99.7694,50.0051,149.7745,6921.1582,539.8657,-3226.2034268585894,5443.176825188606,2788.1749978804814,6205.466147598861,1236.4272694942329,2788.1749978804814,23.9118,11.2685,5
4077,STARLINK-5414,satellite,2,115,53.2167,334.3095,99.9132,307.571,47.4843,6917.4839,541.6543,5532.101614238767,724.217253880283,4080.6230467799705,-1153.2099519117546,-5458.8227401054855,4080.6230467799705,36.3504,-101.9287,115
4078,STARLINK-5408,satellite,2,141,53.2048,329.483,106.1037,188.8067,294.9103,6914.1079,556.5536,602.3581260932747,-4720.833526475917,-5028.337306818093,-4653.104319626776,998.861695851975,-5028.337306818093,-46.7523,167.8844,9
4079,STARLINK-5424,satellite,2,141,53.2275,329.7547,98.9368,50.7587,149.6954,6921.1331,540.1665,-4105.162411291708,4811.505299785857,2794.9009465938743,5901.379079380915,2275.2289191189093,2794.9009465938743,23.9719,21.0837,5
4080,GW-Aerzen - Germany,gateway,-1,-1,0.0,0.0,0.0,0.0,0.0,0.0,0.0,-1884.908813062844,3449.2458601836597,5006.151327231624,3879.356462935868,633.065297606657,5006.151327231624,52.0489,9.2683,91
4081,GW-Akita - Japan,gateway,-1,-1,0.0,0.0,0.0,0.0,0.0,0.0,0.0,-1721.2937094691936,-4601.207465769779,4054.1213253712945,-3768.9327717185865,3151.048704729812,4054.1213253712945,39.72,140.1024,141
4082,GW-Akron - OH,gateway,-1,-1,0.0,0.0,0.0,0.0,0.0,0.0,0.0,4257.862578666017,2251.2902889745733,4167.240395121281,710.2546338642912,-4763.742232647558,4167.240395121281,41.0575,-81.5199,133
4083,GW-Alfouvar de Cima - Portugal,gateway,-1,-1,0.0,0.0,0.0,0.0,0.0,0.0,0.0,-937.8901109737404,4764.190369591336,4121.769842280612,4805.381477106525,-696.747154605368,4121.769842280612,40.5167,-8.25,130
4084,GW-Anchorage - AK,gateway,-1,-1,0.0,0.0,0.0,0.0,0.0,0.0,0.0,2340.7121428026544,-2000.0987810471863,5567.084492090704,-2663.6811020846476,-1544.06329397708,5567.084492090704,61.2181,-149.9003,25
4085,GW-Angeles - Philippines,gateway,-1,-1,0.0,0.0,0.0,0.0,0.0,0.0,0.0,-3960.2994998115205,-4715.633636900045,1655.592340791762,-3133.640235013455,5301.082116245261,1655.592340791762,15.145,120.5887,86
4086,GW-Ashburn - VA,gateway,-1,-1,0.0,0.0,0.0,0.0,0.0,0.0,0.0,4211.782473553895,2623.8555155687845,3993.671395436735,1076.990861368146,-4843.946743683914,3993.671395436735,39.0157,-77.4649,130
4087,GW-Awarua - NZ,gateway,-1,-1,0.0,0.0,0.0,0.0,0.0,0.0,0.0,593.9237855792853,-4355.493606758821,-4605.929432412995,-4305.680097218514,885.5444212517859,-4605.929432412995,-46.5294,168.3781,122
4088,GW-Ballinspittle - Ireland,gateway,-1,-1,0.0,0.0,0.0,0.0,0.0,0.0,0.0,-743.4811100805506,3895.1842116232383,4978.7896528558485,3921.116152393403,-591.6690992143409,4978.7896528558485,51.6508,-8.5808,92
4089,GW-Bandon - OR,gateway,-1,-1,0.0,0.0,0.0,0.0,0.0,0.0,0.0,4494.685532560398,-1203.9964572633032,4347.578624070986,-2627.7235609353374,-3840.165933005453,4347.578624070986,43.2476,-124.3828,122
4090,GW-Banning - CA,gateway,-1,-1,0.0,0.0,0.0,0.0,0.0,0.0,0.0,5253.395975357879,-688.1182092071582,3539.0036036489396,-2392.9479734046517,-4727.100161867464,3539.0036036489396,33.9191,-116.8494,122
4091,GW-Bastrop - TX,gateway,-1,-1,0.0,0.0,0.0,0.0,0.0,0.0,0.0,5399.268668437465,1145.6875201146306,3185.5204015573986,-711.544373685221,-5473.427322253744,3185.5204015573986,30.1579,-97.4069,116
4092,GW-Baxley - GA,gateway,-1,-1,0.0,0.0,0.0,0.0,0.0,0.0,0.0,4833.835323944446,2467.0520687510416,3339.63397536852,722.5900830006675,-5378.677664713789,3339.63397536852,31.7791,-82.3485,128
4093,GW-Beekmantown - NY,gateway,-1,-1,0.0,0.0,0.0,0.0,0.0,0.0,0.0,3678.5983979325547,2654.218580903968,4468.678500613651,1282.6209670556327,-4351.074109154784,4468.678500613651,44.7629,-73.5754,119
4094,GW-Bellingham - WA,gateway,-1,-1,0.0,0.0,0.0,0.0,0.0,0.0,0.0,4103.711440997945,-954.3389198794348,4772.412698746351,-2262.4395167145235,-3554.233784964437,4772.412698746351,48.7519,-122.4787,99
4095,GW-Big Ivy - TN,gateway,-1,-1,0.0,0.0,0.0,0.0,0.0,0.0,0.0,4862.783815568794,1898.460141236739,3652.3841482225275,176.62901296094083,-5217.242522310311,3652.3841482225275,35.1599,-88.061,122
4096,GW-Bluffdale - UT,gateway,-1,-1,0.0,0.0,0.0,0.0,0.0,0.0,0.0,4853.6036072425595,-213.37498802131577,4118.653973424939,-1812.4138220239636,-4507.56619468728,4118.653973424939,40.4798,-111.9042,127
4097,GW-Boca Chica - TX,gateway,-1,-1,0.0,0.0,0.0,0.0,0.0,0.0,0.0,5603.394712548005,1213.5621279674488,2785.243981303388,-715.2773436182334,-5688.509792973399,2785.243981303388,26.0621,-97.1668,96
4098,GW-Boise - ID,gateway,-1,-1,0.0,0.0,0.0,0.0,0.0,0.0,0.0,4594.139191059529,-556.1981548830657,4374.493341273842,-2049.6699309488517,-4149.014879280208,4374.493341273842,43.5811,-116.29,115
4099,GW-Boorowa - Australia,gateway,-1,-1,0.0,0.0,0.0,0.0,0.0,0.0,0.0,-1085.7369484406952,-5152.714109303613,-3586.731514629568,-4500.138924380216,2734.5999844042854,-3586.731514629568,-34.4392,148.7142,140
4100,GW-Brewster - WA,gateway,-1,-1,0.0,0.0,0.0,0.0,0.0,0.0,0.0,4197.735287092401,-769.9459223945645,4724.027075217828,-2119.7128462500937,-3704.134948048609,4724.027075217828,48.0962,-119.7806,105
4101,GW-Bridgewater - CT,gateway,-1,-1,0.0,0.0,0.0,0.0,0.0,0.0,0.0,3866.0171692467798,2812.185353625841,4207.94739869386,1369.417693438839,-4580.302435096969,4207.94739869386,41.5454,-73.3544,127
4102,GW-Broadview - IL,gateway,-1,-1,0.0,0.0,0.0,0.0,0.0,0.0,0.0,4425.047078287851,1746.0683652691314,4234.38260664759,178.18338777381095,-4753.740323322143,4234.38260664759,41.8642,-87.8534,125
4103,GW-Broken Hill - Australia,gateway,-1,-1,0.0,0.0,0.0,0.0,0.0,0.0,0.0,-1776.541008986626,-5117.3636219365535,-3355.7753477215288,-4237.482762441892,3374.4997012503422,-3355.7753477215288,-31.9505,141.4681,133
4104,GW-Brooklyn Park - MN,gateway,-1,-1,0.0,0.0,0.0,0.0,0.0,0.0,0.0,4331.670375212498,1242.182510038177,4498.650132933382,-266.13512193607374,-4498.395016515379,4498.650132933382,45.144,-93.3858,119
4105,GW-Bulla Bulling - Australia,gateway,-1,-1,0.0,0.0,0.0,0.0,0.0,0.0,0.0,-3484.063255318112,-4212.058836906321,-3275.391970336726,-2816.704095764341,4684.689365317923,-3275.391970336726,-31.1,121.0167,142
4106,GW-Burbank - CA,gateway,-1,-1,0.0,0.0,0.0,0.0,0.0,0.0,0.0,5216.419835425013,-822.1709338446816,3564.826113836498,-2507.1255540294674,-4647.722280882001,3564.826113836498,34.2001,-118.3438,127
4107,GW-Butte - MT,gateway,-1,-1,0.0,0.0,0.0,0.0,0.0,0.0,0.0,4431.320102740411,-243.70168842268075,4565.540937191646,-1700.8453362866144,-4099.160097864369,4565.540937191646,46.0038,-112.5348,107
4108,GW-Cabo San Lucas - Mexico,gateway,-1,-1,0.0,0.0,0.0,0.0,0.0,0.0,0.0,5878.584839401294,-54.35183359598986,2465.5524127373988,-2002.6466886057208,-5527.216304476469,2465.5524127373988,22.8905,-109.9167,99
4109,GW-Cal-Nev-Ari - NV,gateway,-1,-1,0.0,0.0,0.0,0.0,0.0,0.0,0.0,5187.465152693671,-498.35630167907806,3664.9629290919297,-2192.060399212137,-4727.898573366433,3664.9629290919297,35.2987,-114.8745,124
4110,GW-Calais - ME,gateway,-1,-1,0.0,0.0,0.0,0.0,0.0,0.0,0.0,3339.858664725052,3021.9654568867195,4500.79740573565,1741.959444446185,-4153.613898385393,4500.79740573565,45.1714,-67.2476,115
4111,GW-Caldera - Chile,gateway,-1,-1,0.0,0.0,0.0,0.0,0.0,0.0,0.0,4443.631929962626,3543.5316673348143,-2884.7987214764667,1867.5580190351716,-5367.933350175414,-2884.7987214764667,-27.0667,-70.8167,117
4112,GW-Calrossie - Australia,gateway,-1,-1,0.0,0.0,0.0,0.0,0.0,0.0,0.0,-1356.5077428284458,-4954.131548661813,-3768.4729957842665,-4222.934896423304,2924.09875318364,-3768.4729957842665,-36.45,145.3,133
4113,GW-Calverton - NY,gateway,-1,-1,0.0,0.0,0.0,0.0,0.0,0.0,0.0,3875.9121031460777,2877.391177109955,4154.782582673207,1427.6416357976982,-4611.281164401205,4154.782582673207,40.9089,-72.7976,127
4114,GW-Camaçari - Brazil,gateway,-1,-1,0.0,0.0,0.0,0.0,0.0,0.0,0.0,2019.8142030712456,5886.207853749761,-1393.004502519905,4881.978377000174,-3859.194143726957,-1393.004502519905,-12.6996,-38.3263,86
4115,GW-Canyonleigh - Australia,gateway,-1,-1,0.0,0.0,0.0,0.0,0.0,0.0,0.0,-950.6979028066947,-5173.320864333664,-3595.335677230786,-4564.403000815915,2614.0582460790197,-3595.335677230786,-34.5333,150.2,137
4116,GW-Cass County - ND,gateway,-1,-1,0.0,0.0,0.0,0.0,0.0,0.0,0.0,4265.844590817916,917.3975465914605,4636.454062895554,-550.653527326215,-4328.490386306258,4636.454062895554,46.93,-97.25,112
4117,GW-Cataby - Australia,gateway,-1,-1,0.0,0.0,0.0,0.0,0.0,0.0,0.0,-3884.733781563689,-3873.9376667160436,-3242.104488385175,-2364.7537709288513,4950.402933307676,-3242.104488385175,-30.75,115.5333,132
4118,GW-Centennial - CO,gateway,-1,-1,0.0,0.0,0.0,0.0,0.0,0.0,0.0,4906.266227197324,389.5844886904445,4043.1714145195974,-1261.1244436555373,-4757.393141582874,4043.1714145195974,39.5919,-104.8469,132
4119,GW-Chalfont Grove - UK,gateway,-1,-1,0.0,0.0,0.0,0.0,0.0,0.0,0.0,-1280.2338502867306,3756.3049324332087,4976.434783037542,3968.2848736111105,-39.25071606089162,4976.434783037542,51.6167,-0.5667,84
4120,GW-Chantilly - VA,gateway,-1,-1,0.0,0.0,0.0,0.0,0.0,0.0,0.0,4218.391128591439,2627.17549059801,3984.5646533564354,1077.9288665968497,-4851.282730447183,3984.5646533564354,38.9102,-77.4727,130
4121,GW-Chapel Hill - NC,gateway,-1,-1,0.0,0.0,0.0,0.0,0.0,0.0,0.0,4472.51176826134,2598.9141831817283,3718.831786658103,966.9155255784419,-5081.6130131263135,3718.831786658103,35.8958,-79.2267,133
4122,GW-Charcas - Mexico,gateway,-1,-1,0.0,0.0,0.0,0.0,0.0,0.0,0.0,5807.333498640362,844.4423059078563,2490.107877949607,-1131.1641920196485,-5758.35677456078,2490.107877949607,23.1314,-101.1136,88
4123,GW-Charleston - SC,gateway,-1,-1,0.0,0.0,0.0,0.0,0.0,0.0,0.0,4674.046299249975,2639.6982344160892,3433.1444862873627,938.4883278220464,-5285.258294052769,3433.1444862873627,32.7765,-79.9311,127
4124,GW-Chaska - MN,gateway,-1,-1,0.0,0.0,0.0,0.0,0.0,0.0,0.0,4358.396018535021,1232.3958819058876,4475.624628242786,-284.2383186655065,-4520.3566277809,4475.624628242786,44.851,-93.598,123
4125,GW-Chattanooga - TN,gateway,-1,-1,0.0,0.0,0.0,0.0,0.0,0.0,0.0,4773.062463506008,2134.0417253526457,3640.747165938728,428.63539058540533,-5210.809060790256,3640.747165938728,35.0317,-85.2975,121
4126,GW-Chicago - IL,gateway,-1,-1,0.0,0.0,0.0,0.0,0.0,0.0,0.0,4421.038916046476,1760.764016362275,4232.496315264907,193.37626442949443,-4754.837603837685,4232.496315264907,41.8414,-87.6711,126
4127,GW-Chico - CA,gateway,-1,-1,0.0,0.0,0.0,0.0,0.0,0.0,0.0,4791.7327509135175,-1065.1909736732687,4058.8506678205636,-2595.392441906564,-4166.446044180401,4058.8506678205636,39.7754,-121.9199,123
4128,GW-Clarksville - GA,gateway,-1,-1,0.0,0.0,0.0,0.0,0.0,0.0,0.0,4727.515810300475,2289.410276238395,3605.8560937702155,590.3133176976507,-5219.419061211287,3605.8560937702155,34.6485,-83.5473,125
4129,GW-Cobargo - Australia,gateway,-1,-1,0.0,0.0,0.0,0.0,0.0,0.0,0.0,-956.4557154293374,-5050.771816018692,-3762.990326259522,-4446.891423249789,2578.809830695872,-3762.990326259522,-36.3886,149.89,139
4130,GW-Colburn - ID,gateway,-1,-1,0.0,0.0,0.0,0.0,0.0,0.0,0.0,4209.449221097148,-529.0175773125218,4746.52208947599,-1896.333985054254,-3795.160043954569,4746.52208947599,48.4,-116.55,100
4131,GW-Conrad - MT,gateway,-1,-1,0.0,0.0,0.0,0.0,0.0,0.0,0.0,4257.388456863479,-190.57395841162102,4729.503803939931,-1592.9940148314022,-3952.7262711918725,4729.503803939931,48.17,-111.95,104
4132,GW-Corpus Christi - TX,gateway,-1,-1,0.0,0.0,0.0,0.0,0.0,0.0,0.0,5524.385802939702,1167.7030637106577,2956.241487538237,-732.3093691631808,-5598.75807055072,2956.241487538237,27.7931,-97.4519,105
4133,GW-Cromwell - NZ,gateway,-1,-1,0.0,0.0,0.0,0.0,0.0,0.0,0.0,673.9370244205992,-4463.063510411906,-4491.275812907106,-4433.710717309093,845.775553012511,-4491.275812907106,-45.05,169.2,128
4134,GW-Dallas - TX,gateway,-1,-1,0.0,0.0,0.0,0.0,0.0,0.0,0.0,5237.922544675555,1167.8174451708244,3435.3261101857984,-637.1109466058342,-5328.575776976505,3435.3261101857984,32.7999,-96.8182,123
4135,GW-Debeque - CO,gateway,-1,-1,0.0,0.0,0.0,0.0,0.0,0.0,0.0,4942.02148088327,101.9650564430424,4017.2001562803393,-1544.3041602126973,-4695.646691457616,4017.2001562803393,39.289,-108.205,130
4136,GW-Delta - UT,gateway,-1,-1,0.0,0.0,0.0,0.0,0.0,0.0,0.0,4931.343706355558,-275.9144106884132,4022.1045547156004,-1897.212711439644,-4560.138532960369,4022.1045547156004,39.3461,-112.5894,130
4137,GW-Denver - CO,gateway,-1,-1,0.0,0.0,0.0,0.0,0.0,0.0,0.0,4896.390946367845,376.03238518304516,4056.31572945914,-1270.6300511906563,-4743.579231697377,4056.31572945914,39.7457,-104.9954,132
4138,GW-Douglas - WY,gateway,-1,-1,0.0,0.0,0.0,0.0,0.0,0.0,0.0,4679.957890782871,330.2566284878899,4306.341276135844,-1241.966004234662,-4524.22322001097,4306.341276135844,42.7401,-105.3504,127
4139,GW-Draper - UT,gateway,-1,-1,0.0,0.0,0.0,0.0,0.0,0.0,0.0,4853.894287727381,-206.48743528242193,4118.662419802617,-1806.0132966750425,-4510.126693297535,4118.662419802617,40.4799,-111.8229,127
4140,GW-Dubois - ID,gateway,-1,-1,0.0,0.0,0.0,0.0,0.0,0.0,0.0,4576.682984867507,-226.88999822179957,4421.691876967793,-1733.2396257078733,-4241.861220637101,4421.691876967793,44.1704,-112.2251,116
4141,GW-Dubuque - IA,gateway,-1,-1,0.0,0.0,0.0,0.0,0.0,0.0,0.0,4464.747448213763,1511.9696188905489,4282.175539361034,-55.81993293987674,-4713.481307893978,4282.175539361034,42.4446,-90.6785,123
4142,GW-Duluth - MN,gateway,-1,-1,0.0,0.0,0.0,0.0,0.0,0.0,0.0,4174.858728291388,1296.8532731521066,4628.710868091355,-162.51118697458855,-4368.622657930555,4628.710868091355,46.8281,-92.1304,114
4143,GW-Dumas - TX,gateway,-1,-1,0.0,0.0,0.0,0.0,0.0,0.0,0.0,5131.670571543653,667.7421088712208,3715.864984410053,-1073.5610977357617,-5062.350140817536,3715.864984410053,35.8628,-101.9732,128
4144,GW-Eagan - MN,gateway,-1,-1,0.0,0.0,0.0,0.0,0.0,0.0,0.0,4349.409726781531,1267.0268759078929,4474.702762080795,-248.58799633505612,-4523.375518766138,4474.702762080795,44.8393,-93.1456,120
4145,GW-Edison - NJ,gateway,-1,-1,0.0,0.0,0.0,0.0,0.0,0.0,0.0,3975.2032854382155,2787.799119537066,4122.1412691519345,1310.1702354175923,-4675.2025673414655,4122.1412691519345,40.5211,-74.3451,132
4146,GW-El Marques,gateway,-1,-1,0.0,0.0,0.0,0.0,0.0,0.0,0.0,5892.348397932235,944.1571417695191,2243.9903195280685,-1065.3237849675227,-5871.651180387969,2243.9903195280685,20.7351,-100.2836,85
4147,GW-Elbert - CO,gateway,-1,-1,0.0,0.0,0.0,0.0,0.0,0.0,0.0,4929.914850818766,418.5063651883393,4011.6038053300435,-1241.692573037247,-4789.301365344502,4011.6038053300435,39.2239,-104.5347,131
4148,GW-Elfordstown - Ireland,gateway,-1,-1,0.0,0.0,0.0,0.0,0.0,0.0,0.0,-758.6463711191525,3853.687860573335,5008.504376504216,3887.00677914721,-563.5891606535524,5008.504376504216,52.0833,-8.25,88
4149,GW-Evanston - WY,gateway,-1,-1,0.0,0.0,0.0,0.0,0.0,0.0,0.0,4799.173573240558,-132.06022082955133,4184.865022236572,-1717.6418834763601,-4483.214610984386,4184.865022236572,41.2683,-110.9632,125
4150,GW-Fair Park - UT,gateway,-1,-1,0.0,0.0,0.0,0.0,0.0,0.0,0.0,4832.802891927539,-213.89725482977587,4142.852190082945,-1806.0017470057892,-4487.771553639839,4142.852190082945,40.7669,-111.9212,127
4151,GW-Fairbanks - AK,gateway,-1,-1,0.0,0.0,0.0,0.0,0.0,0.0,0.0,2133.2059896265255,-1686.4842181359659,5750.044065246111,-2298.9680864109355,-1452.4264352676194,5750.044065246111,64.8378,-147.7164,16
4152,GW-Falda del Carmen - Argentina,gateway,-1,-1,0.0,0.0,0.0,0.0,0.0,0.0,0.0,3851.8116017254233,3843.3467758837983,-3316.4346176433874,2346.825848345945,-4909.192957342204,-3316.4346176433874,-31.5333,-64.45,135
4153,GW-Foggia - Italy,gateway,-1,-1,0.0,0.0,0.0,0.0,0.0,0.0,0.0,-2740.877810246116,3924.375032584581,4201.018759821047,4611.680997646454,1282.7817207223459,4201.018759821047,41.4621,15.5444,137
4154,GW-Fort Lauderdale - FL,gateway,-1,-1,0.0,0.0,0.0,0.0,0.0,0.0,0.0,4999.736476390386,2799.949540013258,2791.2437426903803,981.5413161207401,-5645.67612467426,2791.2437426903803,26.1224,-80.1373,113
4155,GW-Franklin Park - IL,gateway,-1,-1,0.0,0.0,0.0,0.0,0.0,0.0,0.0,4420.711769361013,1744.0010398511008,4239.723486485437,177.67237492067179,-4748.964592620032,4239.723486485437,41.9288,-87.8574,125
4156,GW-Frederick - MD,gateway,-1,-1,0.0,0.0,0.0,0.0,0.0,0.0,0.0,4185.556776822954,2613.0370476529083,4027.957161302396,1075.4913534648745,-4815.6169379465255,4027.957161302396,39.4143,-77.4105,131
4157,GW-Fremont - CA,gateway,-1,-1,0.0,0.0,0.0,0.0,0.0,0.0,0.0,4945.878123544115,-1100.9790994305895,3860.8684521833743,-2680.3193590543738,-4299.971339882813,3860.8684521833743,37.4921,-121.9367,127
4158,GW-Ft. Lauderdale - FL,gateway,-1,-1,0.0,0.0,0.0,0.0,0.0,0.0,0.0,4999.546513822841,2793.4162321530353,2798.075579983853,975.4415163332245,-5643.32822349965,2798.075579983853,26.1911,-80.1934,113
4159,GW-Gaffney - SC,gateway,-1,-1,0.0,0.0,0.0,0.0,0.0,0.0,0.0,4625.360679712142,2432.198058683587,3644.3890664541996,758.9148251617778,-5170.454245251673,3644.3890664541996,35.0718,-81.6498,134
4160,GW-Goodyear - AZ,gateway,-1,-1,0.0,0.0,0.0,0.0,0.0,0.0,0.0,5322.013716507192,-281.32981441863166,3492.2004293547425,-2032.002663544659,-4926.859206281312,3492.2004293547425,33.4121,-112.4129,128
4161,GW-Goonhilly - UK,gateway,-1,-1,0.0,0.0,0.0,0.0,0.0,0.0,0.0,-1006.9503501238016,3978.1229225917054,4866.37631156975,4086.8098239665233,-370.6702815100416,4866.37631156975,50.0502,-5.1825,99
4162,GW-Gordon - GA,gateway,-1,-1,0.0,0.0,0.0,0.0,0.0,0.0,0.0,4815.699639363183,2362.6452881468767,3439.165884240814,630.1234400430977,-5326.912823059299,3439.165884240814,32.8411,-83.2538,125
4163,GW-Grant District - WV,gateway,-1,-1,0.0,0.0,0.0,0.0,0.0,0.0,0.0,4289.245959127651,2500.448660040119,3990.4186761805963,934.867655965931,-4876.053410824996,3990.4186761805963,38.978,-79.1466,131
4164,GW-Greenville - PA,gateway,-1,-1,0.0,0.0,0.0,0.0,0.0,0.0,0.0,4190.177723226797,2323.205437375,4196.081001328883,800.559823310803,-4723.767228153335,4196.081001328883,41.4028,-80.3812,131
4165,GW-Guarapari - Brazil,gateway,-1,-1,0.0,0.0,0.0,0.0,0.0,0.0,0.0,2150.4052139615387,5569.6847556495595,-2236.3574224816775,4540.0534713704665,-3877.3116122701613,-2236.3574224816775,-20.6614,-40.4981,96
4166,GW-Hamshire - TX,gateway,-1,-1,0.0,0.0,0.0,0.0,0.0,0.0,0.0,5354.380500744612,1405.9014408629866,3157.135759986205,-451.184585019859,-5517.46154299377,3157.135759986205,29.8622,-94.6749,114
4167,GW-Hawkins - TX,gateway,-1,-1,0.0,0.0,0.0,0.0,0.0,0.0,0.0,5215.966500605659,1308.918959332507,3417.9413736709544,-496.7219131861624,-5354.702859963493,3417.9413736709544,32.6136,-95.2998,122
4168,GW-Hawthorne - CA,gateway,-1,-1,0.0,0.0,0.0,0.0,0.0,0.0,0.0,5233.793022570178,-823.4300880354506,3539.1508744491744,-2514.0802835968534,-4663.692404159597,3539.1508744491744,33.9207,-118.328,127
4169,GW-Highlands Ranch - CO,gateway,-1,-1,0.0,0.0,0.0,0.0,0.0,0.0,0.0,4910.462625223049,373.84589641143555,4039.585479277236,-1277.3636090475882,-4756.127222673615,4039.585479277236,39.55,-105.0333,132
4170,GW-Hillman - MI,gateway,-1,-1,0.0,0.0,0.0,0.0,0.0,0.0,0.0,4073.868763048486,1941.8069471898227,4491.950984067111,479.39570523220493,-4487.449239434556,4491.950984067111,45.0586,-83.9022,123
4171,GW-Hillsboro - TX,gateway,-1,-1,0.0,0.0,0.0,0.0,0.0,0.0,0.0,5290.014514965142,1149.2489657325575,3361.4657837903487,-671.9183153937884,-5371.55029123042,3361.4657837903487,32.011,-97.13,121
4172,GW-Hinds - NZ,gateway,-1,-1,0.0,0.0,0.0,0.0,0.0,0.0,0.0,876.4732336850672,-4521.587296131536,-4397.425448335542,-4556.147317912892,674.1502973222035,-4397.425448335542,-43.8667,171.5833,129
4173,GW-Hitterdal - MN,gateway,-1,-1,0.0,0.0,0.0,0.0,0.0,0.0,0.0,4245.637741020377,990.1371338386459,4640.01301035054,-475.3308124547708,-4333.574966527509,4640.01301035054,46.9769,-96.2595,112
4174,GW-Honolulu - HI,gateway,-1,-1,0.0,0.0,0.0,0.0,0.0,0.0,0.0,3940.528121457376,-4450.735483254429,2303.920525672351,-5506.415772697083,-2239.686039624574,2303.920525672351,21.315,-157.8664,88
4175,GW-Howell - UT,gateway,-1,-1,0.0,0.0,0.0,0.0,0.0,0.0,0.0,4752.390303349842,-253.07352362323726,4232.099116579194,-1816.2639573705437,-4398.914075188259,4232.099116579194,41.8366,-112.4352,129
4176,GW-Ibi - Spain,gateway,-1,-1,0.0,0.0,0.0,0.0,0.0,0.0,0.0,-1609.0723191636735,4722.734978160374,3960.0007645965616,4989.073386825167,-49.861238563499725,3960.0007645965616,38.6264,-0.5726,135
4177,GW-Inman - KS,gateway,-1,-1,0.0,0.0,0.0,0.0,0.0,0.0,0.0,4913.824261449949,1009.9569182687724,3925.6957055403213,-678.4371416752896,-4970.453187986841,3925.6957055403213,38.2319,-97.7725,136
4178,GW-Iron Mountain - CO,gateway,-1,-1,0.0,0.0,0.0,0.0,0.0,0.0,0.0,4893.962321108713,378.1571908220451,4059.029864990322,-1267.8195518730774,-4741.993636150363,4059.029864990322,39.7775,-104.9685,132
4179,GW-Irvine - CA,gateway,-1,-1,0.0,0.0,0.0,0.0,0.0,0.0,0.0,5254.76144806264,-781.6661452365634,3517.629757729816,-2481.644832706411,-4697.335283217063,3517.629757729816,33.6872,-117.8479,126
4180,GW-Isle of Man - UK,gateway,-1,-1,0.0,0.0,0.0,0.0,0.0,0.0,0.0,-962.2288486224003,3618.941520047931,5145.828471946263,3733.149516909652,-293.62691812102247,5145.828471946263,54.1391,-4.4973,75
4181,GW-Itaboraí - Brazil,gateway,-1,-1,0.0,0.0,0.0,0.0,0.0,0.0,0.0,2344.0059281648705,5398.153349065382,-2450.659626335426,4313.9830987449795,-4002.995527731766,-2450.659626335426,-22.7446,-42.8586,94
4182,GW-Kalama - WA,gateway,-1,-1,0.0,0.0,0.0,0.0,0.0,0.0,0.0,4315.759278099038,-1032.3806862023916,4566.019593670926,-2406.4447456067646,-3728.352412806928,4566.019593670926,46.01,-122.84,114
4183,GW-Kaua'i - HI,gateway,-1,-1,0.0,0.0,0.0,0.0,0.0,0.0,0.0,3803.769262616105,-4531.714102479555,2374.3512947819418,-5537.406105780971,-2083.8010772371636,2374.3512947819418,21.9994,-159.378,94
4184,GW-Kaunas - Lithuania,gateway,-1,-1,0.0,0.0,0.0,0.0,0.0,0.0,0.0,-2520.5208244751416,2675.593534839554,5194.894348484196,3360.5609494068785,1489.4482520751124,5194.894348484196,54.8985,23.9036,69
4185,GW-Kenansville - FL,gateway,-1,-1,0.0,0.0,0.0,0.0,0.0,0.0,0.0,4967.826031337739,2673.866897990251,2965.2174962576237,873.2003591135302,-5573.722346748973,2965.2174962576237,27.8847,-81.0962,118
4186,GW-Kent - WA,gateway,-1,-1,0.0,0.0,0.0,0.0,0.0,0.0,0.0,4214.869948064647,-962.3248795421642,4673.566958188921,-2306.871354775639,-3656.4384864783283,4673.566958188921,47.4211,-122.2481,108
4187,GW-Ketchikan - AK,gateway,-1,-1,0.0,0.0,0.0,0.0,0.0,0.0,0.0,3364.678140312906,-1376.4594314262317,5223.128501678996,-2415.305366607839,-2716.9835369941266,5223.128501678996,55.342,-131.636,60
4188,GW-Ki Ki - Australia,gateway,-1,-1,0.0,0.0,0.0,0.0,0.0,0.0,0.0,-1847.239887979109,-4838.373893182018,-3710.215702988859,-3950.844008929499,3348.5801096990754,-3710.215702988859,-35.8,139.7167,143
4189,GW-Kihei - HI,gateway,-1,-1,0.0,0.0,0.0,0.0,0.0,0.0,0.0,4066.1113118562557,-4367.246354753156,2245.1188915946063,-5469.347554846982,-2385.8623698360025,2245.1188915946063,20.746,-156.432,87
4190,GW-Kiowa - CO,gateway,-1,-1,0.0,0.0,0.0,0.0,0.0,0.0,0.0,4924.931701601278,420.63743525939475,4017.457928867074,-1238.0281987525343,-4785.308171525886,4017.457928867074,39.292,-104.5052,131
4191,GW-Kuparuk - AK,gateway,-1,-1,0.0,0.0,0.0,0.0,0.0,0.0,0.0,1644.3628993813334,-1389.9745337414674,5983.592257456843,-1857.0012095811521,-1089.727056159354,5983.592257456843,70.3316,-149.5947,0
4192,GW-Lawrence - KS,gateway,-1,-1,0.0,0.0,0.0,0.0,0.0,0.0,0.0,4814.616406119491,1213.965233370981,3989.8749514150722,-453.0647571237109,-4944.590483726722,3989.8749514150722,38.9717,-95.2353,132
4193,GW-Lekki,gateway,-1,-1,0.0,0.0,0.0,0.0,0.0,0.0,0.0,-2496.893631772904,5825.191327738845,714.0473050553732,6323.727758698961,421.66224281068673,714.0473050553732,6.4711,3.8148,89
4194,GW-Lepe - Spain,gateway,-1,-1,0.0,0.0,0.0,0.0,0.0,0.0,0.0,-1072.638407411874,4968.464728380534,3839.9299968454175,5042.802351510362,-637.4475302470759,3839.9299968454175,37.2547,-7.2044,128
4195,GW-Limestone - ME,gateway,-1,-1,0.0,0.0,0.0,0.0,0.0,0.0,0.0,3270.5348744253556,2890.2165489950416,4635.30756103583,1640.692744956519,-4044.487282903029,4635.30756103583,46.9149,-67.9195,109
4196,GW-Lindon - UT,gateway,-1,-1,0.0,0.0,0.0,0.0,0.0,0.0,0.0,4864.8048567925,-199.15205197404737,4106.215902846529,-1802.7155703046294,-4522.853569048928,4106.215902846529,40.3327,-111.7312,128
4197,GW-Lisle - IL,gateway,-1,-1,0.0,0.0,0.0,0.0,0.0,0.0,0.0,4436.793393531371,1729.0193592130488,4229.119187654264,158.20194155354562,-4759.161239872611,4229.119187654264,41.8006,-88.0961,128
4198,GW-Litchfield - MN,gateway,-1,-1,0.0,0.0,0.0,0.0,0.0,0.0,0.0,4357.438625113431,1155.921568714171,4496.768470430382,-356.0585934051617,-4494.068126176037,4496.768470430382,45.12,-94.53,116
4199,GW-Lithia Springs - GA,gateway,-1,-1,0.0,0.0,0.0,0.0,0.0,0.0,0.0,4819.070358536977,2227.4859593810156,3523.0454374106935,501.50899597082685,-5285.226726142371,3523.0454374106935,33.7459,-84.5795,120
4200,GW-Llano Grande - Mexico,gateway,-1,-1,0.0,0.0,0.0,0.0,0.0,0.0,0.0,5880.4602746166065,1290.6408895024774,2098.8984338845485,-734.5400830196223,-5975.451264418218,2098.8984338845485,19.34,-97.008,83
4201,GW-Lockport - NY,gateway,-1,-1,0.0,0.0,0.0,0.0,0.0,0.0,0.0,4006.1762177817823,2378.37879081833,4341.367933071051,913.6834339933272,-4568.513559461214,4341.367933071051,43.1709,-78.6903,127
4202,GW-Loring - ME,gateway,-1,-1,0.0,0.0,0.0,0.0,0.0,0.0,0.0,3266.9112465648705,2890.0112950289017,4637.972115557402,1641.7019804974889,-4041.0009880668536,4637.972115557402,46.95,-67.89,109
4203,GW-Los Angeles - CA,gateway,-1,-1,0.0,0.0,0.0,0.0,0.0,0.0,0.0,5226.6982374276795,-813.659712116426,3551.787568726685,-2502.508815694745,-4660.243150268136,3551.787568726685,34.0581,-118.2354,127
4204,GW-Lunenburg - VT,gateway,-1,-1,0.0,0.0,0.0,0.0,0.0,0.0,0.0,3612.9758461092188,2787.912577107635,4440.9082946623,1430.5174546312578,-4333.551755103297,4440.9082946623,44.412,-71.7318,120
4205,GW-Luz - Brazil,gateway,-1,-1,0.0,0.0,0.0,0.0,0.0,0.0,0.0,2570.060812177815,5425.842914012024,-2145.8366428596087,4265.064446561129,-4225.424141137406,-2145.8366428596087,-19.79,-44.7325,96
4206,GW-Lynnwood - WA,gateway,-1,-1,0.0,0.0,0.0,0.0,0.0,0.0,0.0,4180.305167979046,-958.4871265927673,4705.080784675351,-2291.7775456112854,-3625.10752264099,4705.080784675351,47.8417,-122.3009,107
4207,GW-Madera - CA,gateway,-1,-1,0.0,0.0,0.0,0.0,0.0,0.0,0.0,5023.467779691372,-933.1784454197482,3804.8670492482925,-2547.788940778979,-4428.8623886769965,3804.8670492482925,36.8588,-119.9105,131
4208,GW-Manaus - Brazil,gateway,-1,-1,0.0,0.0,0.0,0.0,0.0,0.0,0.0,4147.549696863886,4833.097798797799,-344.71427244102125,3182.28688112354,-5516.706719314419,-344.71427244102125,-3.119,-60.0217,72
4209,GW-Mandale - NC,gateway,-1,-1,0.0,0.0,0.0,0.0,0.0,0.0,0.0,4472.514003640816,2598.9131849352843,3718.8298091962747,966.9138419076269,-5081.614790391052,3718.8298091962747,35.8958,-79.2267,133
4210,GW-Manistique - MI,gateway,-1,-1,0.0,0.0,0.0,0.0,0.0,0.0,0.0,4084.351701918266,1745.5431733204223,4561.964774860574,290.7806733223104,-4432.188668695229,4561.964774860574,45.9575,-86.2464,119
4211,GW-Marathon - ON,gateway,-1,-1,0.0,0.0,0.0,0.0,0.0,0.0,0.0,3877.8973509462357,1646.70670498273,4772.566666993161,266.0802512055635,-4204.63222370629,4772.566666993161,48.754,-86.379,103
4212,GW-Marcell - MN,gateway,-1,-1,0.0,0.0,0.0,0.0,0.0,0.0,0.0,4148.614205884836,1165.5661060416644,4686.477076952602,-277.6423470744862,-4300.285909556895,4686.477076952602,47.593,-93.6941,110
4213,GW-Marsala - Italy,gateway,-1,-1,0.0,0.0,0.0,0.0,0.0,0.0,0.0,-2660.800742161865,4287.642760307339,3887.804382113178,4927.769457192355,1086.659655212814,3887.804382113178,37.7986,12.4357,143
4214,GW-Mazahua - Mexico,gateway,-1,-1,0.0,0.0,0.0,0.0,0.0,0.0,0.0,5929.3653459871775,974.9001127636557,2131.2474531950525,-1048.6116501526262,-5916.77422614928,2131.2474531950525,19.65,-100.05,81
4215,GW-McGregor - TX,gateway,-1,-1,0.0,0.0,0.0,0.0,0.0,0.0,0.0,5328.13621137686,1130.2924475012317,3307.6128780147205,-702.4543344639706,-5401.217863765214,3307.6128780147205,31.44,-97.41,120
4216,GW-Merida - Mexico,gateway,-1,-1,0.0,0.0,0.0,0.0,0.0,0.0,0.0,5606.302354050667,2017.7711671737093,2268.0250159151437,42.36637490462423,-5958.207084214935,2268.0250159151437,20.9674,-89.5926,87
4217,GW-Merredin - Australia,gateway,-1,-1,0.0,0.0,0.0,0.0,0.0,0.0,0.0,-3666.1029352022224,-4024.79759198019,-3311.7080753530254,-2579.6334426284775,4794.246310900247,-3311.7080753530254,-31.4833,118.2833,135
4218,GW-Merrillan - WI,gateway,-1,-1,0.0,0.0,0.0,0.0,0.0,0.0,0.0,4323.568124987592,1451.1507434093742,4443.923617351971,-66.32625854196448,-4560.118489571749,4443.923617351971,44.45,-90.8333,117
4219,GW-Mesa - AZ,gateway,-1,-1,0.0,0.0,0.0,0.0,0.0,0.0,0.0,5323.928575856662,-229.86215700728965,3493.0428783394937,-1984.0889486222293,-4945.750007430857,3493.0428783394937,33.4212,-111.8592,131
4220,GW-Miami - FL,gateway,-1,-1,0.0,0.0,0.0,0.0,0.0,0.0,0.0,5025.570277090141,2786.5531595297575,2758.2823567298387,960.329090864707,-5665.5982171431915,2758.2823567298387,25.7915,-80.3797,110
4221,GW-Milano - Italy,gateway,-1,-1,0.0,0.0,0.0,0.0,0.0,0.0,0.0,-2143.4198110692337,3935.0720422735008,4523.679503125828,4423.447269489191,715.6498574129862,4523.679503125828,45.4642,9.19,126
4222,GW-Milwaukee - WI,gateway,-1,-1,0.0,0.0,0.0,0.0,0.0,0.0,0.0,4339.815684520852,1698.8483226490716,4339.771502445436,161.93308679473003,-4657.667170846569,4339.771502445436,43.1512,-88.0088,125
4223,GW-Minneapolis - MN,gateway,-1,-1,0.0,0.0,0.0,0.0,0.0,0.0,0.0,4341.890334098116,1255.8967661683726,4485.061096938221,-256.59097086699774,-4512.587886598593,4485.061096938221,44.9709,-93.2544,120
4224,GW-Molokai - HI,gateway,-1,-1,0.0,0.0,0.0,0.0,0.0,0.0,0.0,4011.0052267438446,-4397.190644885574,2285.1672833782054,-5479.301666540333,-2323.9409939763927,2285.1672833782054,21.1333,-157.0167,85
4225,GW-Monterey,gateway,-1,-1,0.0,0.0,0.0,0.0,0.0,0.0,0.0,5038.82472892548,-1071.102033840479,3748.1908470483677,-2682.98969511655,-4397.565293617202,3748.1908470483677,36.2231,-121.3877,129
4226,GW-Montes Carlos,gateway,-1,-1,0.0,0.0,0.0,0.0,0.0,0.0,0.0,5219.587033117375,3519.0090772731887,1022.7746267368026,1586.8501869554095,-6091.750172682537,1022.7746267368026,9.2895,-75.3994,80
4227,GW-Mossoró - Brazil,gateway,-1,-1,0.0,0.0,0.0,0.0,0.0,0.0,0.0,1958.41163094766,6042.753042668292,-572.8694231894522,5050.029544193972,-3853.237866220564,-572.8694231894522,-5.1878,-37.3441,78
4228,GW-Mt. Ayr - IN,gateway,-1,-1,0.0,0.0,0.0,0.0,0.0,0.0,0.0,4535.4206043792,1840.110389304209,4075.8587510149932,230.25493000768617,-4889.072403908519,4075.8587510149932,39.975,-87.3036,130
4229,GW-Muallim - Turkey,gateway,-1,-1,0.0,0.0,0.0,0.0,0.0,0.0,0.0,-3715.140249370543,3180.103983700074,4080.817303072195,4233.014672134626,2448.859980711654,4080.817303072195,40.0333,30.05,136
4230,GW-Murayjat - Oman,gateway,-1,-1,0.0,0.0,0.0,0.0,0.0,0.0,0.0,-5719.10875739588,1222.7328882396212,2536.530908078503,3051.8408226912525,4988.942602181371,2536.530908078503,23.588,58.545,95
4231,GW-Myrtle Beach - SC,gateway,-1,-1,0.0,0.0,0.0,0.0,0.0,0.0,0.0,4576.681205367439,2694.921669433726,3519.733726228335,1022.9005114133176,-5211.745216690604,3519.733726228335,33.71,-78.8958,130
4232,GW-Nemaha - NE,gateway,-1,-1,0.0,0.0,0.0,0.0,0.0,0.0,0.0,4729.464339550643,1154.3336031820893,4106.9014986315515,-481.04921811897975,-4844.472175197589,4106.9014986315515,40.3408,-95.6708,131
4233,GW-New Braunfels - TX,gateway,-1,-1,0.0,0.0,0.0,0.0,0.0,0.0,0.0,5437.86948762272,1082.8902345776398,3141.81953519533,-783.594350747231,-5488.994053379802,3141.81953519533,29.703,-98.1245,113
4234,GW-New York - NY,gateway,-1,-1,0.0,0.0,0.0,0.0,0.0,0.0,0.0,3947.1527658181863,2802.8848443131355,4138.721090052997,1333.7118485028002,-4653.750220236328,4138.721090052997,40.7178,-74.0083,132
4235,GW-Niland - CA,gateway,-1,-1,0.0,0.0,0.0,0.0,0.0,0.0,0.0,5311.07408998405,-565.6987955805944,3474.442537726075,-2296.616025269567,-4822.1445383870705,3474.442537726075,33.2205,-115.4668,126
4236,GW-Nome - AK,gateway,-1,-1,0.0,0.0,0.0,0.0,0.0,0.0,0.0,1538.832973776749,-2283.0830932530157,5733.983888637863,-2664.4385550962334,-693.7164536012145,5733.983888637863,64.5011,-165.4064,18
4237,GW-Norcross - GA,gateway,-1,-1,0.0,0.0,0.0,0.0,0.0,0.0,0.0,4793.835732028017,2253.0975858560614,3541.01913587279,534.0449463144686,-5269.924643899094,3541.01913587279,33.941,-84.2135,123
4238,GW-North Miami - FL,gateway,-1,-1,0.0,0.0,0.0,0.0,0.0,0.0,0.0,5009.733133673322,2799.2914171239436,2774.042278282638,977.6021528467394,-5654.887491308516,2774.042278282638,25.9496,-80.1918,111
4239,GW-Northlake - IL,gateway,-1,-1,0.0,0.0,0.0,0.0,0.0,0.0,0.0,4422.958181383707,1740.0806548657326,4238.996250629422,173.22859400238642,-4749.7822701600735,4238.996250629422,41.92,-87.9113,125
4240,GW-Noviciado - Chile,gateway,-1,-1,0.0,0.0,0.0,0.0,0.0,0.0,0.0,4173.327677721809,3314.108918333681,-3492.6262935669047,1740.8705622690609,-5036.799729356206,-3492.6262935669047,-33.4167,-70.9333,128
4241,GW-Otaru - Japan,gateway,-1,-1,0.0,0.0,0.0,0.0,0.0,0.0,0.0,-1563.7772550782065,-4387.107305749089,4342.971954192009,-3619.259550089169,2931.3938876830093,4342.971954192009,43.1907,140.9945,135
4242,GW-Oxford - AL,gateway,-1,-1,0.0,0.0,0.0,0.0,0.0,0.0,0.0,4876.85380118915,2121.5461225383838,3508.9866492636434,382.3951218712032,-5304.567363979821,3508.9866492636434,33.5936,-85.8768,121
4243,GW-Panaca - NV,gateway,-1,-1,0.0,0.0,0.0,0.0,0.0,0.0,0.0,5026.84073959759,-440.0591380307954,3887.9271652705806,-2083.750052265451,-4595.733411102758,3887.9271652705806,37.8,-114.39,129
4244,GW-Perry - FL,gateway,-1,-1,0.0,0.0,0.0,0.0,0.0,0.0,0.0,4973.844719119014,2405.1438174661275,3176.285590090593,617.7164904605116,-5490.198030127583,3176.285590090593,30.0616,-83.5805,121
4245,GW-Peñuelas - Mexico,gateway,-1,-1,0.0,0.0,0.0,0.0,0.0,0.0,0.0,5878.19452917161,727.227190326523,2358.2031543620615,-1265.255077559132,-5786.290685563947,2358.2031543620615,21.8422,-102.3344,92
4246,GW-Phoenix - AZ,gateway,-1,-1,0.0,0.0,0.0,0.0,0.0,0.0,0.0,5306.824566929783,-251.31491106964106,3517.343649325232,-1998.6476729522387,-4922.494656990297,3517.343649325232,33.6841,-112.0983,129
4247,GW-Pimba - Australia,gateway,-1,-1,0.0,0.0,0.0,0.0,0.0,0.0,0.0,-2202.776015097395,-4991.288065806945,-3292.777045745681,-3977.0686293301537,3734.7160328669124,-3292.777045745681,-31.2833,136.8,135
4248,GW-Pine Valley - CA,gateway,-1,-1,0.0,0.0,0.0,0.0,0.0,0.0,0.0,5332.642436786094,-652.6997470254153,3426.138960105419,-2385.843403039555,-4813.610243315468,3426.138960105419,32.7014,-116.3651,124
4249,GW-Piscataway - NJ,gateway,-1,-1,0.0,0.0,0.0,0.0,0.0,0.0,0.0,3981.3086281837013,2776.260450884843,4124.02335750407,1297.2591823641926,-4677.131503151166,4124.02335750407,40.5434,-74.498,131
4250,GW-Piti - GU,gateway,-1,-1,0.0,0.0,0.0,0.0,0.0,0.0,0.0,-1702.5923418387167,-5967.0638768267,1470.1676427393768,-5063.5504569318455,3586.799236467414,1470.1676427393768,13.4156,144.6879,80
4251,GW-Ponce - PR,gateway,-1,-1,0.0,0.0,0.0,0.0,0.0,0.0,0.0,4453.878368578289,4120.421461016209,1959.5528605130066,2408.335824036838,-5569.095446942291,1959.5528605130066,18.0111,-66.6141,81
4252,GW-Port St. Lucie - FL,gateway,-1,-1,0.0,0.0,0.0,0.0,0.0,0.0,0.0,4966.033781004298,2741.835989222797,2905.953092794692,937.9104088053688,-5594.593834312527,2905.953092794692,27.2813,-80.4831,113
4253,GW-Porto Alegre - Brazil,gateway,-1,-1,0.0,0.0,0.0,0.0,0.0,0.0,0.0,2914.6541440358274,4695.231797324283,-3173.694800551917,3461.4937188856807,-4307.954461698176,-3173.694800551917,-30.0346,-51.2177,129
4254,GW-Presidente Prudente - Brazil,gateway,-1,-1,0.0,0.0,0.0,0.0,0.0,0.0,0.0,3132.5350634925835,5013.00152793447,-2387.3125466568554,3688.920471261738,-4618.963736574459,-2387.3125466568554,-22.1257,-51.3875,93
4255,GW-Prosser - WA,gateway,-1,-1,0.0,0.0,0.0,0.0,0.0,0.0,0.0,4349.367617282405,-796.8245339509493,4581.185437429602,-2195.4012390294956,-3838.2471790960426,4581.185437429602,46.2068,-119.7687,110
4256,GW-Prudhoe Bay - AK,gateway,-1,-1,0.0,0.0,0.0,0.0,0.0,0.0,0.0,1675.9012267475389,-1365.9564884912993,5980.393857723555,-1844.8140748589037,-1127.4498123942697,5980.393857723555,70.2466,-148.569,0
4257,GW-Puerto Montt - Chile,gateway,-1,-1,0.0,0.0,0.0,0.0,0.0,0.0,0.0,3850.1606253913415,2843.344221713644,-4201.584693249738,1404.0733231682805,-4575.688069310821,-4201.584693249738,-41.4689,-72.9411,135
4258,GW-Puerto Saavedra - Chile,gateway,-1,-1,0.0,0.0,0.0,0.0,0.0,0.0,0.0,4027.4478703149985,2926.5067024246664,-3973.592943164693,1423.6704256612238,-4770.528308954775,-3973.592943164693,-38.7833,-73.3833,136
4259,GW-Punta Arenas - Chile,gateway,-1,-1,0.0,0.0,0.0,0.0,0.0,0.0,0.0,3000.291163352128,2383.964699507191,-5081.493130378486,1252.852812858101,-3621.5182703803694,-5081.493130378486,-53.1638,-70.9171,85
4260,GW-Punta Gorda - FL,gateway,-1,-1,0.0,0.0,0.0,0.0,0.0,0.0,0.0,5054.704310730439,2613.573910929973,2871.2828380241913,787.4871396741862,-5635.660410427375,2871.2828380241913,26.9298,-82.0454,109
4261,GW-Puwera - NZ,gateway,-1,-1,0.0,0.0,0.0,0.0,0.0,0.0,0.0,1219.5847226317906,-5033.365696856283,-3710.215702988859,-5152.801656205376,520.3770035018075,-3710.215702988859,-35.8,174.2333,126
4262,GW-Redmond - WA,gateway,-1,-1,0.0,0.0,0.0,0.0,0.0,0.0,0.0,4196.7499572278475,-948.4362128508893,4692.545845282756,-2287.755330402595,-3643.9562293684853,4692.545845282756,47.674,-122.1215,107
4263,GW-Rio Negro - Brazil,gateway,-1,-1,0.0,0.0,0.0,0.0,0.0,0.0,0.0,2901.1215195276445,4942.7018290703645,-2789.512780573044,3699.423852232864,-4377.3360167677865,-2789.512780573044,-26.105,-49.7978,105
4264,GW-Riverside - GA,gateway,-1,-1,0.0,0.0,0.0,0.0,0.0,0.0,0.0,4810.547834060415,2235.7250149233705,3529.425157014219,512.1099055195249,-5279.922371664779,3529.425157014219,33.8151,-84.4601,121
4265,GW-Robbins - CA,gateway,-1,-1,0.0,0.0,0.0,0.0,0.0,0.0,0.0,4857.546450636969,-1060.9000372548576,3981.5232168981,-2613.1914484542476,-4229.952347588417,3981.5232168981,38.875,-121.7071,121
4266,GW-Robertsdale - AL,gateway,-1,-1,0.0,0.0,0.0,0.0,0.0,0.0,0.0,5108.739508398899,2030.6364675717834,3223.029385579362,219.66652233556877,-5493.127565155685,3223.029385579362,30.55,-87.71,123
4267,GW-Rolette County - ND,gateway,-1,-1,0.0,0.0,0.0,0.0,0.0,0.0,0.0,4162.043356118392,702.1991790904361,4765.697891024262,-719.1932747370581,-4159.140490401534,4765.697891024262,48.6604,-99.8105,103
4268,GW-Rolette - ND,gateway,-1,-1,0.0,0.0,0.0,0.0,0.0,0.0,0.0,4162.469312831737,700.0222700804865,4765.646474277451,-721.3881438987403,-4158.819676869493,4765.646474277451,48.6597,-99.8406,103
4269,GW-Roll - AZ,gateway,-1,-1,0.0,0.0,0.0,0.0,0.0,0.0,0.0,5348.407237462927,-431.10492229614835,3436.528558302181,-2182.0464875948373,-4902.038816426162,3436.528558302181,32.8128,-113.9953,129
4270,GW-Saguenay - QC,gateway,-1,-1,0.0,0.0,0.0,0.0,0.0,0.0,0.0,3326.164171327134,2629.8802142536697,4748.5813121200745,1376.6520012468686,-4010.5445145773206,4748.5813121200745,48.4279,-71.0548,107
4271,GW-Salem - OR,gateway,-1,-1,0.0,0.0,0.0,0.0,0.0,0.0,0.0,4396.917170860794,-1055.7384288892824,4483.047941128777,-2455.4181539523915,-3797.1549779914335,4483.047941128777,44.9453,-122.8886,113
4272,GW-Salt Lake City - UT,gateway,-1,-1,0.0,0.0,0.0,0.0,0.0,0.0,0.0,4845.699492082741,-218.43398468524805,4127.625448686977,-1814.5622194637635,-4498.430940331434,4127.625448686977,40.5861,-111.968,128
4273,GW-Sambro Creek - NS,gateway,-1,-1,0.0,0.0,0.0,0.0,0.0,0.0,0.0,3178.4274803378567,3266.9622770446535,4446.564396509353,2026.651037396026,-4082.6620408774047,4446.564396509353,44.4833,-63.6,120
4274,GW-San Clemente - Chile,gateway,-1,-1,0.0,0.0,0.0,0.0,0.0,0.0,0.0,4100.085225915258,3192.2514750683563,-3686.175216380994,1650.235249747934,-4927.260086532275,-3686.175216380994,-35.5333,-71.4833,130
4275,GW-San Jose - CA,gateway,-1,-1,0.0,0.0,0.0,0.0,0.0,0.0,0.0,4965.227630248122,-1091.44229533837,3838.8256974236224,-2677.7463138357316,-4321.389404227768,3838.8256974236224,37.2422,-121.7844,127
4276,GW-Sanderson - TX,gateway,-1,-1,0.0,0.0,0.0,0.0,0.0,0.0,0.0,5479.308645917321,672.0050680786435,3184.00584853938,-1184.9371598703901,-5391.691569063088,3184.00584853938,30.1421,-102.3949,118
4277,GW-Sandston - VA,gateway,-1,-1,0.0,0.0,0.0,0.0,0.0,0.0,0.0,4290.507135439352,2695.6971330745723,3860.69232758864,1118.6265364627238,-4942.05515797263,3860.69232758864,37.4901,-77.2461,134
4278,GW-Santa Clara - CA,gateway,-1,-1,0.0,0.0,0.0,0.0,0.0,0.0,0.0,4951.157002796309,-1106.109226078621,3852.682553325154,-2686.910904468104,-4303.247968431005,3852.682553325154,37.3992,-121.9803,128
4279,GW-Santa Elena - Chile,gateway,-1,-1,0.0,0.0,0.0,0.0,0.0,0.0,0.0,4062.8241231596803,3102.9248579737186,-3801.1278524247605,1578.3423161740234,-4862.460083428332,-3801.1278524247605,-36.8167,-72.0167,135
4280,GW-Santiago de los Caballeros - DR,gateway,-1,-1,0.0,0.0,0.0,0.0,0.0,0.0,0.0,4695.979499574351,3760.839972229236,2110.5615243168318,1988.778604196924,-5678.107115987537,2110.5615243168318,19.4517,-70.697,85
4281,GW-Seattle - WA,gateway,-1,-1,0.0,0.0,0.0,0.0,0.0,0.0,0.0,4200.622274206029,-965.0132337269409,4685.7421990183175,-2304.6778063138768,-3642.106291819092,4685.7421990183175,47.5832,-122.3251,108
4282,GW-Secaucus - NJ,gateway,-1,-1,0.0,0.0,0.0,0.0,0.0,0.0,0.0,3946.096039474951,2795.8919824934496,4144.416340719094,1327.466271669913,-4650.432154984074,4144.416340719094,40.7855,-74.0686,132
4283,GW-Shakopee - MN,gateway,-1,-1,0.0,0.0,0.0,0.0,0.0,0.0,0.0,4360.843974213164,1244.216721967471,4470.0038845184345,-273.90033283444774,-4526.589668428973,4470.0038845184345,44.7797,-93.4627,122
4284,GW-Slope County - ND,gateway,-1,-1,0.0,0.0,0.0,0.0,0.0,0.0,0.0,4382.397211050481,417.1119525566243,4599.85274476137,-1061.2612586344283,-4272.3661169556035,4599.85274476137,46.45,-103.95,113
4285,GW-Springbrook Creek - Australia,gateway,-1,-1,0.0,0.0,0.0,0.0,0.0,0.0,0.0,-855.7143462892984,-5728.230695175591,-2662.327586518485,-5119.377894723678,2708.660907277194,-2662.327586518485,-24.8333,152.1167,105
4286,GW-Springer - OK,gateway,-1,-1,0.0,0.0,0.0,0.0,0.0,0.0,0.0,5155.276106700325,1119.8170385238425,3572.6388585793516,-654.95543101529,-5234.68196927637,3572.6388585793516,34.2853,-97.1317,124
4287,GW-St James - MN,gateway,-1,-1,0.0,0.0,0.0,0.0,0.0,0.0,0.0,4438.095092651954,1176.9363717283832,4412.206108125534,-363.0090149572301,-4577.1270169811005,4412.206108125534,44.0515,-94.5346,121
4288,GW-St. John's - NL,gateway,-1,-1,0.0,0.0,0.0,0.0,0.0,0.0,0.0,2368.9017947415905,3602.795658974892,4684.114484206668,2612.1614074201393,-3430.5167329490014,4684.114484206668,47.5615,-52.7126,110
4289,GW-Sterling - VA,gateway,-1,-1,0.0,0.0,0.0,0.0,0.0,0.0,0.0,4211.723472245713,2628.004156924104,3991.022758764894,1080.9238523798938,-4845.2682155719785,3991.022758764894,38.985,-77.4239,130
4290,GW-Sullivan - ME,gateway,-1,-1,0.0,0.0,0.0,0.0,0.0,0.0,0.0,3427.4916597608562,2998.9335679132805,4450.376221930592,1691.144024621483,-4228.632581636097,4450.376221930592,44.5314,-68.2022,120
4291,GW-Sunnyvale - CA,gateway,-1,-1,0.0,0.0,0.0,0.0,0.0,0.0,0.0,4949.534153392104,-1109.5021426580893,3853.7845770495114,-2689.5727369397932,-4300.590870202369,3853.7845770495114,37.4117,-122.0217,128
4292,GW-Sunset - TX,gateway,-1,-1,0.0,0.0,0.0,0.0,0.0,0.0,0.0,5218.214823727234,1072.1207956871033,3495.578957206033,-720.8395067257429,-5278.219335406097,3495.578957206033,33.4486,-97.7767,126
4293,GW-Surrency - GA,gateway,-1,-1,0.0,0.0,0.0,0.0,0.0,0.0,0.0,4835.431128349669,2476.254932302276,3330.561528066973,730.7414052112536,-5383.23784403719,3330.561528066973,31.6829,-82.2697,128
4294,GW-Surubim - Brazil,gateway,-1,-1,0.0,0.0,0.0,0.0,0.0,0.0,0.0,1780.5448708648378,6063.00416124757,-863.2783373891131,5128.174666928745,-3692.178771665679,-863.2783373891131,-7.8311,-35.7531,81
4295,GW-Sussex - NJ,gateway,-1,-1,0.0,0.0,0.0,0.0,0.0,0.0,0.0,3943.4200454089196,2746.9459570877316,4179.31112407032,1282.1838636983744,-4631.660424228554,4179.31112407032,41.2018,-74.5263,130
4296,GW-Suva - Fiji,gateway,-1,-1,0.0,0.0,0.0,0.0,0.0,0.0,0.0,1856.3539257591653,-5771.870570997639,-1973.2838672126627,-6060.805360341597,164.85803008841205,-1973.2838672126627,-18.1416,178.4419,81
4297,GW-Tapachula - Mexico,gateway,-1,-1,0.0,0.0,0.0,0.0,0.0,0.0,0.0,5891.49159342656,1815.754951679427,1629.7520148531166,-242.86276823408556,-6160.16695518635,1629.7520148531166,14.9032,-92.2577,91
4298,GW-Te Hana - NZ,gateway,-1,-1,0.0,0.0,0.0,0.0,0.0,0.0,0.0,1240.0505974422786,-4996.981746865453,-3752.0926891608506,-5125.274322559201,488.9940503102116,-3752.0926891608506,-36.2667,174.55,128
4299,GW-Tea Gardens - Australia,gateway,-1,-1,0.0,0.0,0.0,0.0,0.0,0.0,0.0,-790.9737841545486,-5315.993364875809,-3422.90008809028,-4752.005597374848,2510.7504426249748,-3422.90008809028,-32.6667,152.15,127
4300,GW-Thomaston - GA,gateway,-1,-1,0.0,0.0,0.0,0.0,0.0,0.0,0.0,4850.737795520413,2274.8510394358955,3449.0368367926544,535.6764879692438,-5330.821241867874,3449.0368367926544,32.9471,-84.2618,125
4301,GW-Tionesta - CA,gateway,-1,-1,0.0,0.0,0.0,0.0,0.0,0.0,0.0,4674.784489080092,-1121.2573921697233,4177.581177117269,-2609.459203933544,-4037.5179035944325,4177.581177117269,41.1811,-122.8747,121
4302,GW-Toa Baja - PR,gateway,-1,-1,0.0,0.0,0.0,0.0,0.0,0.0,0.0,4416.9903190549285,4138.0445665287825,2005.0736499489838,2437.2045323681446,-5540.14894931603,2005.0736499489838,18.4441,-66.2545,79
4303,GW-Toonpan - Australia,gateway,-1,-1,0.0,0.0,0.0,0.0,0.0,0.0,0.0,-1443.0016613054574,-5847.077066183873,-2092.975133677806,-5036.537384045274,3302.0986041513215,-2092.975133677806,-19.2833,146.75,90
4304,GW-Torrumbarry - Australia,gateway,-1,-1,0.0,0.0,0.0,0.0,0.0,0.0,0.0,-1425.9185089972989,-4963.049076550325,-3731.1803178330356,-4208.306110804728,2992.5339443875473,-3731.1803178330356,-36.0333,144.5833,137
4305,GW-Tracy City - TN,gateway,-1,-1,0.0,0.0,0.0,0.0,0.0,0.0,0.0,4775.961274969415,2091.538707397496,3661.412572167218,387.58012146307857,-5199.434768702858,3661.412572167218,35.2595,-85.7369,120
4306,GW-Tromsø - Norway,gateway,-1,-1,0.0,0.0,0.0,0.0,0.0,0.0,0.0,-1380.0816443401218,1744.7943180673537,5957.558011663977,2103.9747719356533,722.6497882535989,5957.558011663977,69.6496,18.956,1
4307,GW-Tucson - AZ,gateway,-1,-1,0.0,0.0,0.0,0.0,0.0,0.0,0.0,5402.008533502163,-148.1296545917543,3376.412541127345,-1932.9092126409475,-5046.533519782407,3376.412541127345,32.1701,-110.9577,129
4308,GW-Tukwila - WA,gateway,-1,-1,0.0,0.0,0.0,0.0,0.0,0.0,0.0,4206.995555102208,-964.4909409549552,4680.166191245388,-2306.30071792401,-3648.2915692604806,4680.166191245388,47.5089,-122.2994,109
4309,GW-Tulelake - CA,gateway,-1,-1,0.0,0.0,0.0,0.0,0.0,0.0,0.0,4670.0526368585915,-987.738152212361,4216.137244777536,-2481.9400290108583,-4077.3756241925216,4216.137244777536,41.644,-121.3293,117
4310,GW-Uruguaiana - Brazil,gateway,-1,-1,0.0,0.0,0.0,0.0,0.0,0.0,0.0,3389.063279119778,4384.725688438172,-3146.7960891578136,3011.1153441546317,-4652.3922509741415,-3146.7960891578136,-29.7547,-57.0883,128
4311,GW-Vernon - UT,gateway,-1,-1,0.0,0.0,0.0,0.0,0.0,0.0,0.0,4879.38819851526,-259.39230223297847,4085.6357553615235,-1864.380978874595,-4516.613457434489,4085.6357553615235,40.09,-112.43,131
4312,GW-Villahermosa - Mexico,gateway,-1,-1,0.0,0.0,0.0,0.0,0.0,0.0,0.0,5820.189673686626,1717.3661021183698,1957.2581230377264,-312.0043528569256,-6060.248134374697,1957.2581230377264,17.9893,-92.9472,82
4313,GW-Villarejo de Salvanes - Spain,gateway,-1,-1,0.0,0.0,0.0,0.0,0.0,0.0,0.0,-1355.1735517563366,4688.881257724565,4092.147527714251,4872.858382700877,-278.1258466276979,4092.147527714251,40.1667,-3.2667,129
4314,GW-Villenave d’Ornon,gateway,-1,-1,0.0,0.0,0.0,0.0,0.0,0.0,0.0,-1463.6400019867244,4292.6660753214965,4469.5384657913,4535.11441111667,-44.287331299694394,4469.5384657913,44.7738,-0.5595,122
4315,GW-Virginia Beach - VA,gateway,-1,-1,0.0,0.0,0.0,0.0,0.0,0.0,0.0,4270.8395138752585,2813.7126196450845,3798.2043586302134,1236.4789284729989,-4962.6775755302215,3798.2043586302134,36.7838,-76.0093,130
4316,GW-Wagin - Australia,gateway,-1,-1,0.0,0.0,0.0,0.0,0.0,0.0,0.0,-3656.5151385598006,-3885.219742171588,-3483.3633667202007,-2451.1525520896635,4738.869756583439,-3483.3633667202007,-33.3167,117.35,139
4317,GW-Wailuku - HI,gateway,-1,-1,0.0,0.0,0.0,0.0,0.0,0.0,0.0,4056.4363538273897,-4367.939375647528,2261.107013069235,-5466.789710005605,-2376.5059538240994,2261.107013069235,20.9005,-156.5046,87
4318,GW-Warra - Australia,gateway,-1,-1,0.0,0.0,0.0,0.0,0.0,0.0,0.0,-956.3376153428231,-5606.750125816159,-2876.566720914238,-4971.383938332883,2763.2535796674442,-2876.566720914238,-26.9833,150.9333,120
4319,GW-Warren - MO,gateway,-1,-1,0.0,0.0,0.0,0.0,0.0,0.0,0.0,4729.4482767881445,1557.0376336844618,3972.684252970245,-101.17391838585417,-4978.133288067175,3972.684252970245,38.7728,-91.1643,131
4320,GW-Watkins - CO,gateway,-1,-1,0.0,0.0,0.0,0.0,0.0,0.0,0.0,4892.916318257765,408.2875105769818,4057.382754357103,-1239.0504597600493,-4751.008603121519,4057.382754357103,39.7582,-104.617,131
4321,GW-Weehawken - NJ,gateway,-1,-1,0.0,0.0,0.0,0.0,0.0,0.0,0.0,3945.3955169016376,2799.8764832144725,4142.406412007896,1331.457379977021,-4651.093995110152,4142.406412007896,40.7616,-74.0253,132
4322,GW-Wellington - UT,gateway,-1,-1,0.0,0.0,0.0,0.0,0.0,0.0,0.0,4924.093661096093,-112.24431180312124,4038.7378931324747,-1740.4163811991302,-4607.629324157119,4038.7378931324747,39.5401,-110.6928,127
4323,GW-West Jordan - UT,gateway,-1,-1,0.0,0.0,0.0,0.0,0.0,0.0,0.0,4843.196472539392,-219.87121345526026,4130.466712627204,-1815.087085685907,-4495.592763307252,4130.466712627204,40.6198,-111.9863,128
4324,GW-Westbury - NY,gateway,-1,-1,0.0,0.0,0.0,0.0,0.0,0.0,0.0,3922.75908289946,2832.2101029093724,4141.926951090866,1369.4717127328145,-4640.474126370793,4141.926951090866,40.7559,-73.5579,131
4325,GW-Westminster - CO,gateway,-1,-1,0.0,0.0,0.0,0.0,0.0,0.0,0.0,4887.102069119899,368.04407792969437,4068.1532313463435,-1275.081994721972,-4732.165358906106,4068.1532313463435,39.8845,-105.0802,132
4326,GW-Willemstad - Curaçao,gateway,-1,-1,0.0,0.0,0.0,0.0,0.0,0.0,0.0,4748.964064989636,4041.2526951677396,1335.7483983252014,2235.703357090265,-5821.1694302656,1335.7483983252014,12.1696,-68.99,83
4327,GW-Wise - VA,gateway,-1,-1,0.0,0.0,0.0,0.0,0.0,0.0,0.0,4551.162524246868,2304.8404017290195,3815.3838730320713,663.4084138862585,-5058.18731127431,3815.3838730320713,36.9773,-82.528,130
4328,GW-Wola Krobowska - Poland,gateway,-1,-1,0.0,0.0,0.0,0.0,0.0,0.0,0.0,-2617.8272421444544,3126.783746929528,4887.722382555579,3818.4683846669054,1431.4661243199619,4887.722382555579,50.35,20.55,98
4329,GW-Yamaguchi - Japan,gateway,-1,-1,0.0,0.0,0.0,0.0,0.0,0.0,0.0,-2572.087945313197,-4613.088212784117,3563.5415837766304,-3497.7215388020154,3957.5451095791295,3563.5415837766304,34.1861,131.4706,141
